graph_slot,source_node_index,source_node_id,source_feature,target_node_index,target_node_id,target_feature,lag_5min_steps,raw_p_value,fdr_bh_q_value,parcorr_value
107,0,400593,flow,0,400593,flow,1,1.4122715455857968e-27,2.140706342782681e-25,0.2405495485787941
107,0,400593,flow,0,400593,flow,2,6.244263980109712e-26,9.021812840827409e-24,0.23306747534387787
107,0,400593,flow,0,400593,flow,3,4.0309690268220227e-19,4.0686416345493313e-17,0.19859518592144806
107,0,400593,flow,0,400593,flow,4,5.702929262012556e-15,4.165409733971911e-13,0.1740298277876467
107,0,400593,flow,0,400593,flow,6,0.00505251747730569,0.039801012950329284,0.06288977722654238
107,0,400593,flow,0,400593,flow,8,1.853895508051449e-05,0.0003628830355587793,0.09591956405786894
107,0,400593,flow,0,400593,flow,9,0.006723382776216868,0.04932119412891111,0.060798131696797354
107,0,400593,flow,0,400593,flow,10,0.0018982168989926506,0.018594777786050457,0.06964937829754714
107,0,400593,flow,0,400593,flow,12,0.0009090377784438449,0.010240008351701198,0.07438096089715197
107,0,400593,flow,4,400316,flow,10,4.1903669753810214e-05,0.0007470656909851131,0.09179152808846384
107,0,400593,flow,5,400503,flow,9,0.00024309891758960502,0.0033931739062587844,0.08225171748395457
107,0,400593,flow,6,405843,flow,12,0.005011397619360829,0.03957089693957006,0.06294874325111816
107,0,400593,flow,7,408093,flow,5,5.900166149475584e-06,0.00013051058763816962,0.10145036012616364
107,0,400593,flow,7,408093,flow,9,0.0043732673141723384,0.03559470659610634,0.06392480314143538
107,0,400593,flow,7,408093,flow,10,0.005896541880642934,0.044685267409469584,-0.061766200112235554
107,0,400593,flow,8,401448,flow,1,0.00042208875987538347,0.005443055052721363,0.07904427687097507
107,0,400593,flow,8,401448,flow,6,0.00039009220869027896,0.005095852257459949,0.07950964569376529
107,0,400593,flow,11,405841,flow,3,0.004280243837921597,0.035026810721389086,0.06407772902770631
107,0,400593,flow,12,404520,flow,10,0.00034479970022539586,0.004581773931017256,0.080233368434813
107,0,400593,flow,13,400183,flow,1,0.0008128141020142878,0.009326313202395017,0.07507701157628617
107,0,400593,flow,14,401469,flow,1,0.0012933307276285016,0.013697447274712251,0.0721489498143444
107,0,400593,occupancy,0,400593,flow,3,2.7795315212448512e-08,9.907241065823232e-07,-0.12424081757744967
107,0,400593,occupancy,3,400039,flow,2,0.0015176397295829887,0.0156174455259612,0.07111634695904517
107,0,400593,occupancy,7,408093,flow,9,0.005349958530556952,0.04153813956147741,0.06247570718089989
107,0,400593,speed,0,400593,flow,4,0.006322801985167481,0.04711834496450495,0.061252893295368205
107,0,400593,speed,3,400039,flow,2,0.0007977198995083203,0.00918973324233585,-0.07519307064293267
107,0,400593,speed,9,402391,flow,1,0.002792516507679471,0.025200901009348894,-0.06705364382786144
107,0,400593,speed,19,401795,flow,7,0.004829863481065274,0.03841128541642486,-0.06321440500833783
107,1,400125,flow,1,400125,flow,1,7.521835246913374e-135,3.4940137921145996e-132,0.5145957624998697
107,1,400125,flow,1,400125,flow,2,2.7597307404731708e-17,2.398800160733219e-15,0.18812848623066863
107,1,400125,flow,1,400125,flow,10,0.0048497485018532,0.03852267680285706,0.06318486868208802
107,1,400125,flow,1,400125,flow,11,1.1231267639659546e-06,2.9267418203331177e-05,0.10899436920853321
107,1,400125,flow,2,400331,flow,11,0.004855053413933553,0.03855341071329135,0.06317700750331666
107,1,400125,flow,3,400039,flow,1,2.6283741910391266e-09,1.0886458777841829e-07,0.13307677235711557
107,1,400125,flow,3,400039,flow,11,9.963534620283017e-05,0.001571466577569282,0.08721075528916385
107,1,400125,flow,3,400039,flow,12,4.19598222812558e-07,1.2157373055333673e-05,0.11324554018167302
107,1,400125,flow,4,400316,flow,3,0.0003734849514531389,0.004900893659098831,-0.07976542932239847
107,1,400125,flow,4,400316,flow,11,5.130961699720261e-05,0.0008884069957030672,0.09073958805189081
107,1,400125,flow,5,400503,flow,1,0.0004640086587052025,0.005876626812097552,0.0784820549428173
107,1,400125,flow,5,400503,flow,2,3.256649741673279e-05,0.0005963852006794643,0.09308569906266459
107,1,400125,flow,5,400503,flow,7,0.00042782384316705964,0.005502229837694842,0.07896436132469169
107,1,400125,flow,5,400503,flow,12,0.00046350865932705287,0.005872299814083433,0.07848847682026032
107,1,400125,flow,6,405843,flow,12,0.0004921256328855653,0.006168695170501676,0.07813092121568962
107,1,400125,flow,7,408093,flow,1,5.00376624140101e-05,0.000871272477341893,0.09087059422316691
107,1,400125,flow,7,408093,flow,5,0.0009850562988376536,0.010928205472467036,0.07387776780415897
107,1,400125,flow,8,401448,flow,1,9.807074911035468e-06,0.00020506565157634669,0.09903139354954694
107,1,400125,flow,8,401448,flow,2,2.239202373893575e-05,0.00042576383165582055,0.09497852299362274
107,1,400125,flow,8,401448,flow,8,0.0026666655147587447,0.024365471708455533,0.0673682471135256
107,1,400125,flow,8,401448,flow,11,0.0007754677824485229,0.008992720846671038,0.07536793616428969
107,1,400125,flow,8,401448,flow,12,8.716436046142476e-06,0.0001844929138624963,0.09959754607485936
107,1,400125,flow,9,402391,flow,12,0.00010164066902012635,0.0016001737979844965,0.08710277524735202
107,1,400125,flow,10,400497,flow,2,0.0010567953015681976,0.011578381188878047,-0.07343483511470342
107,1,400125,flow,10,400497,flow,3,0.0015521651119230649,0.015900766619652926,-0.07097006462058461
107,1,400125,flow,10,400497,flow,8,0.002531349010653966,0.023401300505082673,-0.06772201601845756
107,1,400125,flow,10,400497,flow,11,3.4121844715843823e-15,2.5458785694722854e-13,0.17544421535635946
107,1,400125,flow,10,400497,flow,12,1.4037218811758797e-14,9.81242480045275e-13,0.1715204105990142
107,1,400125,flow,12,404520,flow,2,1.9011351354472658e-05,0.0003696176320941579,-0.09579466512486083
107,1,400125,flow,12,404520,flow,3,7.046002278015212e-06,0.00015224801128136672,-0.10061165755307391
107,1,400125,flow,12,404520,flow,6,9.011115787158946e-06,0.00019026402835057012,0.0994381850610439
107,1,400125,flow,12,404520,flow,7,0.0009296059732198262,0.010414672729018802,0.07424107795339646
107,1,400125,flow,12,404520,flow,10,0.0012560902397470003,0.013378475926299411,0.07233619393645145
107,1,400125,flow,12,404520,flow,11,6.093239204355186e-07,1.6891119346187834e-05,0.11165300540788248
107,1,400125,flow,13,400183,flow,5,0.000822290317570967,0.00939511814839084,0.07500516600697102
107,1,400125,flow,13,400183,flow,10,0.00025590640791220713,0.003547868042942024,0.08195801120354283
107,1,400125,flow,14,401469,flow,1,0.0008599091687078634,0.009757834538528947,0.07472732275305297
107,1,400125,flow,14,401469,flow,7,1.132483793239282e-05,0.00023437895595945817,0.09833624539498337
107,1,400125,flow,15,401472,flow,1,6.984418487520404e-12,3.883228811594356e-10,0.15307710182090023
107,1,400125,flow,15,401472,flow,2,5.400708497953186e-12,3.037898530098667e-10,0.1538854615511766
107,1,400125,flow,15,401472,flow,3,0.0002884685448120778,0.003931180169047874,0.08126913742020887
107,1,400125,flow,15,401472,flow,11,0.003081248509974172,0.02713207004298496,0.06637812572603133
107,1,400125,flow,15,401472,flow,12,3.6176455091445137e-06,8.440450636059613e-05,0.1037288533882132
107,1,400125,flow,16,405838,flow,1,0.003449450865640547,0.029607843710644077,0.06559582408390931
107,1,400125,flow,16,405838,flow,2,5.911415921524448e-07,1.650763851388857e-05,0.11178314097014885
107,1,400125,flow,16,405838,flow,5,0.001179220049691666,0.012703816994184533,0.07273946967627878
107,1,400125,flow,17,400260,flow,1,1.665627291340745e-13,1.0723561696858448e-11,0.1644264165790491
107,1,400125,flow,17,400260,flow,2,4.4636864764806275e-06,0.00010170424883120416,0.10275580386338051
107,1,400125,flow,17,400260,flow,3,0.005481532872091648,0.042376918409871005,0.062299136115226056
107,1,400125,flow,17,400260,flow,11,0.0016476366684940239,0.01664026148475961,0.07058061344059877
107,1,400125,flow,18,404528,flow,1,1.7715555431944757e-07,5.565905415709189e-06,0.11684668068671902
107,1,400125,flow,18,404528,flow,4,0.0006803718526075026,0.008059244319343054,-0.07617195070727156
107,1,400125,flow,19,401795,flow,1,0.001267023595832155,0.01347167593894883,0.07228069600324045
107,1,400125,flow,19,401795,flow,5,0.003625019307349635,0.030835128616696395,0.06524923972215972
107,1,400125,flow,19,401795,flow,6,0.00023577814287599054,0.0033038001207404445,0.08242618367385093
107,1,400125,flow,19,401795,flow,12,0.0006595331665327018,0.007851152602428415,0.0763620211308419
107,1,400125,occupancy,0,400593,flow,9,0.00010404909691247358,0.0016333948330526694,0.08697571417026399
107,1,400125,occupancy,1,400125,flow,5,0.00665035506748756,0.04890133428348299,-0.060879188753206234
107,1,400125,occupancy,1,400125,flow,8,0.0038193449090382276,0.031994353834754276,0.06488298195673561
107,1,400125,occupancy,8,401448,flow,5,0.001303718682342314,0.013783968656560619,0.07209760661118161
107,1,400125,occupancy,8,401448,flow,11,0.001214467248025084,0.013003923704616054,0.07255163372449715
107,1,400125,occupancy,10,400497,flow,8,0.0019786945498745604,0.01923355073109972,0.06937420105008979
107,1,400125,occupancy,12,404520,flow,8,0.001076043175969363,0.011747552489733758,0.07332072895935353
107,1,400125,occupancy,14,401469,flow,4,0.000954612339676977,0.010647394310006875,0.07407482051275538
107,1,400125,occupancy,14,401469,flow,11,2.7397169518179464e-08,9.797663271401927e-07,0.12429673762204879
107,1,400125,occupancy,15,401472,flow,12,0.0055276919601564495,0.042628006120126,0.06223809627023857
107,1,400125,speed,0,400593,flow,1,0.003628451844649667,0.030856125923005042,-0.06524261701001548
107,1,400125,speed,6,405843,flow,2,0.0018729968417354266,0.018414534265582712,-0.06973781853903115
107,1,400125,speed,10,400497,flow,2,4.081891522534877e-05,0.0007295726676603503,-0.09192696008271274
107,1,400125,speed,10,400497,flow,8,0.0009124404878940121,0.010262283019271368,-0.0743576182700161
107,1,400125,speed,12,404520,flow,2,0.0011781602905759185,0.01269556611446238,-0.07274519712804611
107,1,400125,speed,14,401469,flow,2,0.005974305467060027,0.045034024808409207,-0.06167011761403996
107,1,400125,speed,14,401469,flow,11,8.587852625544675e-06,0.00018194939798062024,-0.09966870158630332
107,1,400125,speed,17,400260,flow,8,0.003613385055388025,0.030770399052387678,-0.06527172923457969
107,2,400331,flow,1,400125,flow,2,0.001261238653058237,0.01342338256026505,0.0723100052003534
107,2,400331,flow,2,400331,flow,1,4.985074491182058e-63,1.485208400131482e-60,0.36307717670829137
107,2,400331,flow,2,400331,flow,2,8.147804420346239e-25,1.1281575351248637e-22,0.2277991495678381
107,2,400331,flow,2,400331,flow,3,1.0320523843139146e-09,4.5035013133698096e-08,0.13638916661282394
107,2,400331,flow,2,400331,flow,4,0.0027714264566214113,0.025057685836342602,0.06710545019605049
107,2,400331,flow,2,400331,flow,6,0.00010507947629449343,0.0016470120021946887,0.08692219981037433
107,2,400331,flow,2,400331,flow,7,1.424480470801289e-06,3.634823174165132e-05,0.10794414782290769
107,2,400331,flow,2,400331,flow,9,6.012203381044325e-05,0.001018138714469286,0.08990834770653183
107,2,400331,flow,2,400331,flow,10,0.00220491963261244,0.020976112778871923,0.06865230177807198
107,2,400331,flow,3,400039,flow,5,0.0020850716348956876,0.02006573727500417,0.06902580907518403
107,2,400331,flow,5,400503,flow,6,0.0036654223236409645,0.031036112187630277,0.06517164505621763
107,2,400331,flow,5,400503,flow,10,0.0033638189418081833,0.029033811595770325,0.0657707276286229
107,2,400331,flow,6,405843,flow,11,0.005999528219196333,0.045153243740292955,0.06163919489322642
107,2,400331,flow,7,408093,flow,6,7.969491834573268e-06,0.00017001582580422972,0.10002576747860503
107,2,400331,flow,9,402391,flow,4,0.004506495620225357,0.036409315652465954,0.06371083642848285
107,2,400331,flow,11,405841,flow,8,0.005054199454338135,0.03980700390654648,0.06288737450672853
107,2,400331,flow,11,405841,flow,10,0.003665392633735192,0.031036112187630277,0.06517170179025947
107,2,400331,flow,13,400183,flow,11,0.0020196026621724047,0.01954016461497153,0.0692382372956717
107,2,400331,flow,14,401469,flow,8,4.481384647245022e-05,0.0007937507862279006,0.09144397643807062
107,2,400331,flow,15,401472,flow,3,0.0014509047391454712,0.015030955571003443,0.07140799912860402
107,2,400331,flow,15,401472,flow,5,3.939244311320796e-05,0.0007055362945649188,0.09211034651046439
107,2,400331,flow,15,401472,flow,6,0.00022733395456609538,0.0032031229763931426,0.08263384539411531
107,2,400331,flow,15,401472,flow,7,0.0011921599712775672,0.012804900735751095,0.07266991672975451
107,2,400331,flow,16,405838,flow,4,1.1162068392786346e-06,2.91184392855296e-05,0.10902154820243841
107,2,400331,flow,16,405838,flow,8,0.0017682163371750919,0.01757637960560607,0.07011737062098218
107,2,400331,flow,17,400260,flow,1,0.0012472042762870432,0.013300228273414039,0.07238162855446106
107,2,400331,flow,17,400260,flow,3,0.005750432384573576,0.04387948299645491,0.06194985739779267
107,2,400331,flow,17,400260,flow,7,1.967804890968622e-05,0.00038018412920324006,0.09562332953066963
107,2,400331,flow,18,404528,flow,11,0.0032788853524073594,0.02851204654267269,0.06594825350768381
107,2,400331,occupancy,0,400593,flow,9,0.0052787096281706,0.04113280229743325,0.06257296423834241
107,2,400331,occupancy,2,400331,flow,6,0.006010150560738315,0.045194535392283776,0.06162620707327984
107,2,400331,occupancy,2,400331,flow,8,0.0019264429092662025,0.018811558245999085,-0.06955166679320944
107,2,400331,occupancy,2,400331,flow,11,0.004716180582147274,0.03768756957986723,0.06338540629284005
107,2,400331,occupancy,5,400503,flow,2,0.002030930804570447,0.01962339761964735,0.06920103320417562
107,2,400331,occupancy,5,400503,flow,9,0.001782978996454231,0.017678377931334123,0.07006266449731943
107,2,400331,occupancy,6,405843,flow,6,0.00010967736050457758,0.0017049521316292737,-0.08668927617554886
107,2,400331,occupancy,6,405843,flow,8,0.005498771368052847,0.04246459118696514,-0.0622762862331769
107,2,400331,occupancy,6,405843,flow,12,0.003753786525457355,0.031561615005791695,-0.06500461286278755
107,2,400331,occupancy,10,400497,flow,7,0.00017802919227540194,0.0025938823292739844,0.08401385271862534
107,2,400331,occupancy,11,405841,flow,7,0.002781240845552331,0.02512013475389101,0.06708129717670741
107,2,400331,occupancy,11,405841,flow,12,0.00042899660900820835,0.005514029607008211,0.07894814258624971
107,2,400331,occupancy,13,400183,flow,3,0.0036050994881453246,0.03073012981213063,0.06528778575107859
107,2,400331,occupancy,15,401472,flow,6,0.0011657465730563904,0.012574412154793102,0.0728126434430939
107,2,400331,occupancy,16,405838,flow,4,0.005056580279321192,0.039811238940527696,-0.06288397471067499
107,2,400331,occupancy,16,405838,flow,12,0.004872955320590884,0.03866856536545301,-0.0631505364374225
107,2,400331,occupancy,17,400260,flow,3,0.0015137668801125798,0.015585016496869266,0.07113294662471778
107,2,400331,speed,2,400331,flow,1,0.00550854828404416,0.04251729245501299,-0.062263355481676885
107,2,400331,speed,11,405841,flow,10,0.0032334602014078544,0.028196503976749963,-0.06604492509051486
107,3,400039,flow,1,400125,flow,1,2.651050721333203e-06,6.424303448917733e-05,0.10515263022526909
107,3,400039,flow,1,400125,flow,2,0.0005235221554323056,0.006488873527120794,0.07776027302002578
107,3,400039,flow,1,400125,flow,4,0.00020382274187435396,0.002909828965291504,0.08325264401075487
107,3,400039,flow,1,400125,flow,10,0.0021999809985231125,0.02093373989784107,0.06866732143008326
107,3,400039,flow,1,400125,flow,11,4.988232323448858e-05,0.0008692684000524029,0.09088680912831636
107,3,400039,flow,1,400125,flow,12,1.8537143360684755e-06,4.6209151366507874e-05,0.10676892904219551
107,3,400039,flow,2,400331,flow,9,0.0005208467436490987,0.006463826292916135,0.0777910387108363
107,3,400039,flow,3,400039,flow,1,8.761698729083173e-163,4.615919330443818e-160,0.5575522815655329
107,3,400039,flow,3,400039,flow,2,8.147383658690246e-09,3.134167177697405e-07,0.1288802320020099
107,3,400039,flow,3,400039,flow,6,3.0138206071698726e-08,1.067188936309332e-06,0.12392670337896752
107,3,400039,flow,3,400039,flow,11,6.840360060388631e-11,3.4481161564619472e-09,0.1457067820446598
107,3,400039,flow,3,400039,flow,12,3.946156233250868e-24,5.197376502330411e-22,0.22460679953630414
107,3,400039,flow,4,400316,flow,2,0.000110829671459996,0.0017197707640344208,-0.08663234512951044
107,3,400039,flow,4,400316,flow,3,0.002348566909454411,0.02206570041070695,-0.0682283803105764
107,3,400039,flow,4,400316,flow,7,0.00046938407213722506,0.005929061963838632,0.07841341892947669
107,3,400039,flow,4,400316,flow,10,4.801767632817076e-06,0.00010866231625861585,0.1024157146321911
107,3,400039,flow,4,400316,flow,11,2.419526846486193e-09,1.0040687777925412e-07,0.1333765014971414
107,3,400039,flow,4,400316,flow,12,6.023601713592526e-06,0.00013290071196486063,0.10135285306809434
107,3,400039,flow,5,400503,flow,1,1.1558594211297517e-05,0.0002383442815885693,0.0982371714941699
107,3,400039,flow,5,400503,flow,2,1.7343594901563657e-08,6.349519489386017e-07,0.12605630743802188
107,3,400039,flow,5,400503,flow,6,6.84382619148811e-05,0.001141077929263938,0.08922361386503547
107,3,400039,flow,5,400503,flow,7,0.00041315817009855065,0.005345442632002811,0.07917076055433923
107,3,400039,flow,5,400503,flow,10,0.0036768019139456205,0.031093875554585117,0.06514993063819464
107,3,400039,flow,5,400503,flow,11,0.00040163143283883455,0.005222901233786169,0.07933784000558636
107,3,400039,flow,5,400503,flow,12,7.259493073368271e-08,2.4179653104819534e-06,0.12046317510325928
107,3,400039,flow,6,405843,flow,3,0.001688935901051734,0.01693535717228914,-0.07041854052383227
107,3,400039,flow,6,405843,flow,12,0.00035260304182754143,0.004672531106426316,0.0801025731127868
107,3,400039,flow,7,408093,flow,3,0.001560747718901589,0.015962192579675342,0.07093416547026726
107,3,400039,flow,7,408093,flow,4,0.00041351093525613666,0.005348404911097336,0.07916571616119583
107,3,400039,flow,7,408093,flow,10,0.0006676316826735563,0.007927896836585385,0.07628750027894858
107,3,400039,flow,7,408093,flow,11,0.001658554961539306,0.016721020849124395,0.0705374061323035
107,3,400039,flow,7,408093,flow,12,0.00014893879205077234,0.002214855702786012,0.08500814159850047
107,3,400039,flow,8,401448,flow,1,0.0029740950989863976,0.02642898851485891,0.06662180907157592
107,3,400039,flow,8,401448,flow,2,0.0036248310452818193,0.030835128616696395,0.06524960311843395
107,3,400039,flow,8,401448,flow,11,0.006758420873219795,0.04953409211171028,0.06075952155763952
107,3,400039,flow,8,401448,flow,12,6.074223958128745e-07,1.6868415078273102e-05,0.11166643869846313
107,3,400039,flow,9,402391,flow,1,1.2110237319547313e-07,3.886792364074621e-06,0.11840176185373902
107,3,400039,flow,9,402391,flow,12,2.997086476455666e-12,1.7332548297574933e-10,0.15572067722432814
107,3,400039,flow,10,400497,flow,1,0.0033515228840377575,0.028981567971035575,0.06579617422046914
107,3,400039,flow,10,400497,flow,2,0.0028659315922792057,0.02569702050362426,-0.0668760468788178
107,3,400039,flow,10,400497,flow,4,0.005373303489601137,0.041693596540913855,0.06244409470591937
107,3,400039,flow,10,400497,flow,5,1.8699803336595686e-05,0.00036526423424277667,0.09587669994976564
107,3,400039,flow,10,400497,flow,6,3.927531998805165e-08,1.3723042604398616e-06,0.12289341002353665
107,3,400039,flow,10,400497,flow,10,7.164138971589923e-16,5.576410875183508e-14,0.17967176350972433
107,3,400039,flow,10,400497,flow,11,6.716570469460859e-27,9.936843982216067e-25,0.23765311836963374
107,3,400039,flow,10,400497,flow,12,2.0814255032920213e-16,1.6870090383154842e-14,0.18294772425671005
107,3,400039,flow,11,405841,flow,5,0.0053432934213334836,0.04150877104866148,0.06248475555141839
107,3,400039,flow,11,405841,flow,10,0.0008516729880189075,0.009677083924886061,0.07478717615661216
107,3,400039,flow,11,405841,flow,12,0.0057705105119629846,0.043981308065772926,0.06192437204377102
107,3,400039,flow,12,404520,flow,2,3.905885526609985e-10,1.800179972985044e-08,-0.13981750152105185
107,3,400039,flow,12,404520,flow,3,1.526730033004239e-08,5.64680971111157e-07,-0.12654276070291084
107,3,400039,flow,12,404520,flow,5,4.461504564693889e-07,1.2857704949618146e-05,0.11298508316538286
107,3,400039,flow,12,404520,flow,6,1.0440029080325996e-08,3.956221546228799e-07,0.1279819904704054
107,3,400039,flow,12,404520,flow,7,2.0184404528596753e-11,1.0725292443239604e-09,0.1496945683731832
107,3,400039,flow,12,404520,flow,9,5.625306696312978e-05,0.0009624287100226561,0.09025804580851661
107,3,400039,flow,12,404520,flow,10,1.198840104640164e-08,4.483973378394379e-07,0.12746014756955643
107,3,400039,flow,12,404520,flow,11,1.7609998691443084e-16,1.4380944110970532e-14,0.18338611991106668
107,3,400039,flow,12,404520,flow,12,1.1328316204707145e-05,0.00023437895595945817,0.09833475694114784
107,3,400039,flow,13,400183,flow,1,0.0012812376839437794,0.013589361145684082,0.072209201843836
107,3,400039,flow,15,401472,flow,1,2.9553271190651743e-24,3.9162617037918876e-22,0.22521631957129265
107,3,400039,flow,15,401472,flow,2,1.0223073067792503e-28,1.6728665020024095e-26,0.24580435937024567
107,3,400039,flow,15,401472,flow,3,3.8029456375964902e-06,8.827901748746285e-05,0.10349834422390647
107,3,400039,flow,15,401472,flow,11,0.002143956313681472,0.020536344290696142,0.06883990413783848
107,3,400039,flow,15,401472,flow,12,6.80230861488757e-09,2.6595145746060097e-07,0.1295854220483971
107,3,400039,flow,16,405838,flow,1,6.018453422372762e-07,1.6774012119129246e-05,0.11170607259846567
107,3,400039,flow,16,405838,flow,3,0.001439151961052914,0.01492709837154523,0.07146063786827972
107,3,400039,flow,16,405838,flow,6,0.00025448853421394926,0.0035316108827634462,0.08198983967923053
107,3,400039,flow,16,405838,flow,12,2.5362986957223063e-06,6.179030439292705e-05,0.1053538162563308
107,3,400039,flow,17,400260,flow,1,5.276836992207186e-10,2.384512113633373e-08,0.13877536793788633
107,3,400039,flow,17,400260,flow,2,6.041266826223024e-07,1.6815057206570384e-05,0.1116898174384116
107,3,400039,flow,17,400260,flow,12,2.775527494126398e-08,9.901138542218035e-07,0.1242464060360511
107,3,400039,flow,18,404528,flow,1,1.2360546381941885e-18,1.1633455418298246e-16,0.19582918024692383
107,3,400039,flow,18,404528,flow,3,1.991394585205328e-06,4.944152073613228e-05,-0.10644712301114215
107,3,400039,flow,18,404528,flow,5,0.003910681964062188,0.03260159414270292,-0.06471664630486405
107,3,400039,flow,18,404528,flow,11,0.0026518985969846355,0.024261334051193614,0.067406045924097
107,3,400039,flow,18,404528,flow,12,0.0019073046625112233,0.018677918112150825,0.06961777399245034
107,3,400039,flow,19,401795,flow,1,0.00036419311172509506,0.00480401295466385,0.07991321530402923
107,3,400039,flow,19,401795,flow,2,0.006157216921390932,0.04605120689128952,0.06144848236097009
107,3,400039,flow,19,401795,flow,7,0.0007008950822784888,0.008257067781410067,0.07598997115811693
107,3,400039,flow,19,401795,flow,11,0.0006679420472199581,0.007929402704012694,0.07628466111061223
107,3,400039,flow,19,401795,flow,12,8.137555265380041e-05,0.0013250749621727018,0.08830091377378078
107,3,400039,occupancy,1,400125,flow,1,0.0018011960128848255,0.01783035466467105,0.06999572812191157
107,3,400039,occupancy,1,400125,flow,11,0.0016266403249523493,0.016520354826516592,0.07066444807957258
107,3,400039,occupancy,3,400039,flow,3,4.039721810359707e-05,0.0007226334666978855,-0.09198053223550107
107,3,400039,occupancy,3,400039,flow,10,6.148707184895179e-07,1.7005387348749793e-05,0.11161404957318141
107,3,400039,occupancy,3,400039,flow,11,3.3675883698328584e-07,9.991745712690899e-06,0.11417442257936211
107,3,400039,occupancy,3,400039,flow,12,7.741676688685185e-12,4.282207848286811e-10,0.1527523094056165
107,3,400039,occupancy,4,400316,flow,7,0.0011795152917051346,0.012703829618963304,0.07273787489181696
107,3,400039,occupancy,4,400316,flow,10,1.3456698220041601e-05,0.0002733095266129747,0.09749690351587613
107,3,400039,occupancy,4,400316,flow,11,1.523220739357657e-08,5.638657749807265e-07,0.12655152309479187
107,3,400039,occupancy,5,400503,flow,2,1.9046649665185057e-07,5.928063872737712e-06,0.1165482354707784
107,3,400039,occupancy,5,400503,flow,6,1.4350042416306885e-05,0.00028900784726548133,0.09718238312307098
107,3,400039,occupancy,5,400503,flow,10,5.304111408072458e-07,1.4956763239473249e-05,0.11224762383924058
107,3,400039,occupancy,5,400503,flow,11,4.1383596087600565e-05,0.0007384433502620175,0.09185603936665762
107,3,400039,occupancy,5,400503,flow,12,1.9257491050265435e-11,1.024536469669294e-09,0.1498460340975786
107,3,400039,occupancy,6,405843,flow,10,0.0007734064957901343,0.008980440066119573,0.07538436927677744
107,3,400039,occupancy,7,408093,flow,4,5.926337858590821e-05,0.0010055687175613648,0.08998407993183476
107,3,400039,occupancy,7,408093,flow,10,0.0001594221444213543,0.002356153485803115,0.08463031521877859
107,3,400039,occupancy,7,408093,flow,12,0.0005198306385928917,0.006453069996325551,0.07780276190823025
107,3,400039,occupancy,8,401448,flow,12,3.2393454764390173e-07,9.657675954600798e-06,0.11433765061139346
107,3,400039,occupancy,9,402391,flow,1,3.224761009003832e-08,1.1381509443542934e-06,0.12363260120214307
107,3,400039,occupancy,10,400497,flow,4,0.003494275915860412,0.02994499495440782,0.06550583769295101
107,3,400039,occupancy,10,400497,flow,5,8.571056801105521e-05,0.0013841856217112467,0.08802260065361185
107,3,400039,occupancy,10,400497,flow,6,1.7912751662959573e-07,5.615608649055541e-06,0.11680112718919519
107,3,400039,occupancy,10,400497,flow,10,5.338059168484206e-19,5.3012449673222456e-17,0.1979666058947547
107,3,400039,occupancy,10,400497,flow,11,9.30425491380949e-13,5.661180454599577e-11,0.15930263601589525
107,3,400039,occupancy,10,400497,flow,12,7.55501528473872e-09,2.927144935432401e-07,0.1291944043878849
107,3,400039,occupancy,11,405841,flow,12,2.9869909063034248e-06,7.117374911875783e-05,0.10460835424171211
107,3,400039,occupancy,12,404520,flow,2,6.927281637661553e-05,0.0011527679766832786,-0.08915930709882507
107,3,400039,occupancy,12,404520,flow,3,0.00014564204425160832,0.0021703126290684646,-0.08513214076451936
107,3,400039,occupancy,12,404520,flow,5,0.0001421486053882189,0.0021263226290758504,0.08526645397544955
107,3,400039,occupancy,12,404520,flow,6,0.0066204279790976804,0.04872274083424528,0.0609126374854944
107,3,400039,occupancy,12,404520,flow,7,8.314274310786156e-09,3.189845916749218e-07,0.1288366009016322
107,3,400039,occupancy,12,404520,flow,8,0.001770463536165049,0.017586577319459673,0.07010901614583066
107,3,400039,occupancy,12,404520,flow,9,0.00010817137094949216,0.0016845721791701736,0.08676453715711378
107,3,400039,occupancy,12,404520,flow,10,1.1690937631548764e-07,3.760599446633705e-06,0.11854481744300507
107,3,400039,occupancy,12,404520,flow,11,8.178583434608381e-14,5.36952590235687e-12,0.16649792893011597
107,3,400039,occupancy,14,401469,flow,7,0.004664668541450615,0.03735554813205681,0.06346412102649925
107,3,400039,occupancy,14,401469,flow,8,0.00020743866129471487,0.002952668918593635,0.0831532491698822
107,3,400039,occupancy,15,401472,flow,1,3.413906472041506e-30,5.899230383687722e-28,0.25214896210715154
107,3,400039,occupancy,15,401472,flow,2,0.0016316277673471887,0.016549969370603088,0.07064444438749613
107,3,400039,occupancy,15,401472,flow,4,0.0064208025686779795,0.047675948945838556,-0.06113929452664277
107,3,400039,occupancy,15,401472,flow,9,0.0019164477085920491,0.018734635500605924,-0.06958611657918284
107,3,400039,occupancy,15,401472,flow,12,0.0001334980983331123,0.002021422309144918,0.08561290379989892
107,3,400039,occupancy,16,405838,flow,1,0.002961660124742185,0.026342128348540744,0.06665060442613223
107,3,400039,occupancy,16,405838,flow,6,1.8422551964810809e-06,4.595001413855814e-05,0.10679673865703164
107,3,400039,occupancy,16,405838,flow,7,0.00022799899638196232,0.00320937003704815,0.08261723027626296
107,3,400039,occupancy,16,405838,flow,8,0.002461881860489373,0.02290122660920347,0.06791039794674164
107,3,400039,occupancy,16,405838,flow,11,0.0009306202611504045,0.010423332974253947,0.07423425423417009
107,3,400039,occupancy,16,405838,flow,12,6.120132549114902e-05,0.0010339840677425255,0.08981459416989873
107,3,400039,occupancy,17,400260,flow,1,6.607989151759845e-13,4.0897583288828835e-11,0.16033513001188243
107,3,400039,occupancy,17,400260,flow,2,0.0002685945242364559,0.0036870935643517296,0.08168032245940045
107,3,400039,occupancy,17,400260,flow,3,0.001997463380760851,0.019369341874044616,0.06931150329954017
107,3,400039,occupancy,17,400260,flow,11,0.004138145180806876,0.034116006070774245,0.06431724848947062
107,3,400039,occupancy,17,400260,flow,12,8.627224864292817e-11,4.3086255969647365e-09,0.14493606097850217
107,3,400039,occupancy,18,404528,flow,1,0.003795777655424478,0.03184030965326941,0.06491016068423126
107,3,400039,occupancy,18,404528,flow,4,8.797211588694658e-05,0.001415944637226562,0.0878826408235565
107,3,400039,occupancy,18,404528,flow,10,0.0006937924641449014,0.008182318987458297,0.07605238344354841
107,3,400039,occupancy,18,404528,flow,12,0.0036983070029644777,0.03121665934506945,0.0651090610453914
107,3,400039,occupancy,19,401795,flow,1,0.006076524711848485,0.045566024570709004,0.061545517005531916
107,3,400039,occupancy,19,401795,flow,12,0.0001290955869113568,0.001965091386388518,0.08579742261621619
107,3,400039,speed,3,400039,flow,4,9.337210273486375e-05,0.001492025649572228,-0.08756172673878385
107,3,400039,speed,6,405843,flow,4,0.003570147469450292,0.030486335378583237,-0.0653558902185671
107,3,400039,speed,7,408093,flow,7,0.00543854325434008,0.04214261319955004,-0.062356403100885055
107,3,400039,speed,9,402391,flow,1,6.198608665240022e-05,0.0010459913615579902,0.08974740236958732
107,3,400039,speed,9,402391,flow,2,0.002027904428356095,0.01959853944183072,0.0692109538210184
107,3,400039,speed,10,400497,flow,3,0.004687252891631316,0.03751191643543402,-0.06342951392556907
107,3,400039,speed,14,401469,flow,7,0.004405578501772126,0.035781348237743156,-0.06387237415605625
107,3,400039,speed,15,401472,flow,1,3.351115627336683e-05,0.0006116104567002312,0.09293973985934809
107,3,400039,speed,17,400260,flow,3,0.00401556955480131,0.03325140976948756,-0.06452992822315426
107,3,400039,speed,17,400260,flow,6,0.003054780079325131,0.026948437702030974,-0.06643759211921564
107,3,400039,speed,18,404528,flow,4,4.6453859364853974e-05,0.000818103026727147,-0.09125742889005638
107,4,400316,flow,0,400593,flow,9,0.00011742844338790848,0.0018111063028767036,0.0863166936595885
107,4,400316,flow,1,400125,flow,1,6.672841207818772e-07,1.827943818502035e-05,0.11126180005439681
107,4,400316,flow,1,400125,flow,2,0.0002879907972625405,0.003925907996762938,0.08127870639383365
107,4,400316,flow,1,400125,flow,3,5.493941390603305e-05,0.000943315850850806,0.09038197551804816
107,4,400316,flow,1,400125,flow,9,1.17878571205675e-05,0.0002420671281472875,-0.09814184124860931
107,4,400316,flow,1,400125,flow,12,4.772390034532861e-05,0.000837397439040697,0.09111720406597111
107,4,400316,flow,3,400039,flow,1,3.6723055742613614e-21,4.2192447023428406e-19,0.20963639412171398
107,4,400316,flow,3,400039,flow,2,1.9908405325287535e-07,6.160767263985827e-06,0.11636558417878343
107,4,400316,flow,3,400039,flow,3,7.201953782120336e-05,0.0011911347756033634,0.088952711255959
107,4,400316,flow,3,400039,flow,6,0.005676251278737139,0.04347429077805257,0.06204471687299799
107,4,400316,flow,3,400039,flow,8,0.0067169021883016706,0.0492983646847829,-0.06080529276083892
107,4,400316,flow,3,400039,flow,9,3.6507244101717815e-06,8.506542314963374e-05,-0.10368688669712804
107,4,400316,flow,3,400039,flow,11,0.0011179301996370257,0.012149581037564658,0.07307879384882457
107,4,400316,flow,3,400039,flow,12,6.043549569656003e-07,1.6815057206570384e-05,0.1116881941780053
107,4,400316,flow,4,400316,flow,1,1.7470679600584426e-05,0.0003439987961464208,0.09618943575843
107,4,400316,flow,4,400316,flow,3,1.5194956875423685e-06,3.8567693126809825e-05,-0.10765715946860047
107,4,400316,flow,4,400316,flow,7,0.0006926022302681168,0.008177211354900968,-0.07606290029990193
107,4,400316,flow,4,400316,flow,8,2.4905041732074933e-06,6.081954792683082e-05,-0.1054365516542196
107,4,400316,flow,4,400316,flow,11,0.002459509059062914,0.022891871512967215,0.06789984351076553
107,4,400316,flow,5,400503,flow,1,4.115250022236546e-07,1.1942038920987725e-05,0.1133278885158955
107,4,400316,flow,5,400503,flow,2,0.005734456916870748,0.04381473979639482,0.06197019255181393
107,4,400316,flow,5,400503,flow,3,0.000231985285741487,0.0032559338349682386,0.08251858111870451
107,4,400316,flow,5,400503,flow,6,0.00198826817212746,0.019302201936819665,0.06934215229690134
107,4,400316,flow,5,400503,flow,7,0.0019138103865753184,0.018726747181892326,0.06959523394813111
107,4,400316,flow,5,400503,flow,12,1.765360476994885e-05,0.0003471259563321758,0.0961620303924888
107,4,400316,flow,6,405843,flow,1,6.524386030608337e-08,2.191706660359877e-06,0.12088894725329331
107,4,400316,flow,6,405843,flow,5,0.004161302996149694,0.03427422105503657,0.06427771041424193
107,4,400316,flow,6,405843,flow,9,0.00597692976833748,0.04504594661412756,-0.06166689478658047
107,4,400316,flow,6,405843,flow,11,0.0019168939310912337,0.018734635500605924,0.06958457510208729
107,4,400316,flow,7,408093,flow,5,5.70342587252927e-05,0.000973480828499662,0.09018564098856968
107,4,400316,flow,8,401448,flow,1,0.0012830602555798003,0.013602013016207944,0.07220008763326935
107,4,400316,flow,9,402391,flow,1,0.0002977562792389229,0.0040373732778159034,0.0810859985530387
107,4,400316,flow,9,402391,flow,2,0.006368557759264611,0.04735313170399848,0.06119965925129485
107,4,400316,flow,9,402391,flow,11,0.0006295787179014062,0.007559144139338729,0.07664525138877422
107,4,400316,flow,9,402391,flow,12,0.00012247308303050655,0.001879515874571184,0.08608646366230564
107,4,400316,flow,10,400497,flow,1,1.5227251464101788e-11,8.151391118329581e-10,0.15060030513981043
107,4,400316,flow,10,400497,flow,5,0.0006935417475969592,0.008182318987458297,0.07605459737062364
107,4,400316,flow,10,400497,flow,8,3.1722295250475567e-12,1.8320897791718508e-10,-0.1555446381922589
107,4,400316,flow,10,400497,flow,9,5.158543449070963e-09,2.052017283608339e-07,-0.13061049160421917
107,4,400316,flow,10,400497,flow,11,5.04201625885426e-11,2.5868777005047983e-09,0.1467136058755554
107,4,400316,flow,10,400497,flow,12,1.6227973269645825e-29,2.770942471338734e-27,0.2492955757030726
107,4,400316,flow,12,404520,flow,3,4.3660694811170224e-10,1.9917022342582402e-08,-0.13939779088039156
107,4,400316,flow,12,404520,flow,10,0.0001376337964540457,0.0020774912672308784,0.0854447141721337
107,4,400316,flow,12,404520,flow,11,6.997825303060726e-09,2.725933751958732e-07,0.12947995778508187
107,4,400316,flow,12,404520,flow,12,2.3333599149463414e-16,1.8841336135641488e-14,0.18264746435079282
107,4,400316,flow,15,401472,flow,1,5.187357890690471e-07,1.465623681346163e-05,0.11234276571540217
107,4,400316,flow,15,401472,flow,2,1.2835413038665124e-14,9.001458494648269e-13,0.17177145697939666
107,4,400316,flow,15,401472,flow,3,5.337345001738363e-07,1.5030854242183656e-05,0.1122209107837899
107,4,400316,flow,15,401472,flow,9,0.0007745175541403561,0.008987149701548049,-0.0753755065905241
107,4,400316,flow,15,401472,flow,10,1.774472469978955e-09,7.537582173361934e-08,-0.13449315790505711
107,4,400316,flow,16,405838,flow,1,0.0025790552663988563,0.023735659886755557,0.06759536338951225
107,4,400316,flow,16,405838,flow,3,0.0002641582840629746,0.0036377551391522166,0.08177598836698567
107,4,400316,flow,16,405838,flow,6,0.0016290630407632296,0.016527835453492606,0.07065472398869568
107,4,400316,flow,17,400260,flow,1,9.731701654484916e-06,0.0002036867788148006,0.09906853682770532
107,4,400316,flow,17,400260,flow,2,2.7131235814977197e-06,6.5442176840146e-05,0.10504725713376427
107,4,400316,flow,17,400260,flow,3,5.297674085146626e-06,0.00011870307078751775,0.10195620400996827
107,4,400316,flow,17,400260,flow,5,0.0003528537500026055,0.004674419503254388,0.08009841589322901
107,4,400316,flow,17,400260,flow,9,0.00011262600892532495,0.0017445118628806157,-0.08654469869183609
107,4,400316,flow,17,400260,flow,10,1.804609607584904e-05,0.0003541987053506036,-0.09605314469673794
107,4,400316,flow,17,400260,flow,11,0.006066628981277365,0.04552285477237909,-0.061557496619514776
107,4,400316,flow,18,404528,flow,1,2.647060313805411e-19,2.7162234098905877e-17,0.19965439178914485
107,4,400316,flow,18,404528,flow,2,1.041559208430901e-11,5.681232045986733e-10,0.15181226656452548
107,4,400316,flow,18,404528,flow,3,1.0866000377125601e-09,4.7082368735388766e-08,0.13624096211052827
107,4,400316,flow,18,404528,flow,5,0.003980607803442496,0.03299352592262392,0.0645916693803408
107,4,400316,flow,18,404528,flow,9,0.0031289889113183715,0.027485221831832787,-0.06627203496633587
107,4,400316,flow,18,404528,flow,12,4.672815681391928e-08,1.6201094497281805e-06,0.12221079534277487
107,4,400316,flow,19,401795,flow,1,0.0007744517162150661,0.008987149701548049,0.07537603143742265
107,4,400316,occupancy,1,400125,flow,2,1.6558337025247e-29,2.7833469240882118e-27,-0.24925764247474705
107,4,400316,occupancy,1,400125,flow,3,1.0409527574712782e-25,1.4743986597625972e-23,-0.23214346972987113
107,4,400316,occupancy,1,400125,flow,4,4.8600278902678415e-21,5.496157195276721e-19,-0.20899805143978592
107,4,400316,occupancy,1,400125,flow,5,8.439526567274292e-19,8.10194550458332e-17,-0.1968561179433364
107,4,400316,occupancy,1,400125,flow,6,8.094778581582215e-19,7.810052186772248e-17,-0.19695750223242903
107,4,400316,occupancy,1,400125,flow,7,9.44894559066628e-19,8.971306582786447e-17,-0.19658120815641275
107,4,400316,occupancy,1,400125,flow,8,1.192570969096098e-19,1.2504627637124135e-17,-0.20155482975512237
107,4,400316,occupancy,1,400125,flow,9,2.1713855633964846e-18,1.9873698376849181e-16,-0.19454393414669247
107,4,400316,occupancy,1,400125,flow,10,7.078028574352511e-15,5.087701071747561e-13,-0.17343142469018777
107,4,400316,occupancy,1,400125,flow,11,4.1189954679976754e-11,2.1208653661203763e-09,-0.14737719762150037
107,4,400316,occupancy,1,400125,flow,12,5.3611063944731984e-08,1.8279384075867575e-06,-0.12166832199967446
107,4,400316,occupancy,2,400331,flow,7,0.005807807696895055,0.04419540118123416,-0.06187724170530182
107,4,400316,occupancy,3,400039,flow,2,0.0016372018812571601,0.016593523439679077,-0.07062215409765961
107,4,400316,occupancy,3,400039,flow,3,9.051596937390548e-10,3.986024339401342e-08,-0.1368863933909662
107,4,400316,occupancy,3,400039,flow,4,1.6247074464305271e-10,7.833410902432899e-09,-0.14281284369359024
107,4,400316,occupancy,3,400039,flow,5,6.572192636570197e-15,4.747804714044022e-13,-0.17363706792608674
107,4,400316,occupancy,3,400039,flow,6,5.705828922685404e-13,3.5568803673883036e-11,-0.16077597552755202
107,4,400316,occupancy,3,400039,flow,7,1.1274557338419015e-13,7.346317903766237e-12,-0.1655662362704346
107,4,400316,occupancy,3,400039,flow,8,8.579298677194226e-16,6.630155686132211e-14,-0.17918879573819493
107,4,400316,occupancy,3,400039,flow,9,7.161106191322309e-19,6.983290913433944e-17,-0.19725509858853846
107,4,400316,occupancy,3,400039,flow,10,6.488029088629842e-14,4.272604521780628e-12,-0.16716666429243648
107,4,400316,occupancy,3,400039,flow,11,3.678416644049105e-09,1.4963050755453988e-07,-0.13185306604980004
107,4,400316,occupancy,4,400316,flow,1,7.383750745761045e-07,1.989881673218198e-05,0.11082439303802405
107,4,400316,occupancy,4,400316,flow,2,0.004401596811061966,0.03576245669322492,0.06387881610238048
107,4,400316,occupancy,4,400316,flow,10,0.00043926284811633004,0.005619234539125099,0.07880790582535463
107,4,400316,occupancy,4,400316,flow,11,3.297777000395616e-05,0.0006026394518489451,0.09302166584188
107,4,400316,occupancy,4,400316,flow,12,0.002571597829202235,0.023677115562987332,0.06761501980461297
107,4,400316,occupancy,5,400503,flow,4,0.00011415249623409258,0.0017662563887223494,-0.08647124820340824
107,4,400316,occupancy,5,400503,flow,5,2.562163951713053e-05,0.00048166006402960786,-0.0943017505607649
107,4,400316,occupancy,5,400503,flow,6,2.888875184979321e-05,0.0005363103050756626,-0.09369508806502758
107,4,400316,occupancy,5,400503,flow,7,3.138413141362182e-07,9.382660740958218e-06,-0.11447056280216035
107,4,400316,occupancy,5,400503,flow,8,1.697170902473494e-10,8.137378799872914e-09,-0.1426653185287424
107,4,400316,occupancy,5,400503,flow,9,3.328671262452377e-14,2.250369304193156e-12,-0.1690788855026713
107,4,400316,occupancy,5,400503,flow,10,3.861552614951621e-11,1.9954434565300245e-09,-0.14758838243272054
107,4,400316,occupancy,5,400503,flow,11,1.109685846938066e-11,6.029991017323831e-10,-0.15161075636245835
107,4,400316,occupancy,5,400503,flow,12,1.306455608973968e-06,3.359457280218775e-05,-0.10832741758001313
107,4,400316,occupancy,6,405843,flow,1,0.006744667790990684,0.049451739404412345,0.06077465524862583
107,4,400316,occupancy,7,408093,flow,1,0.006407776656916522,0.04758740786982873,-0.061154303489425584
107,4,400316,occupancy,7,408093,flow,2,0.0016711027491011206,0.016812212100877598,-0.07048807216296328
107,4,400316,occupancy,7,408093,flow,3,1.8525653952124304e-05,0.0003627870583552901,-0.09592312447744414
107,4,400316,occupancy,7,408093,flow,4,5.412966577228695e-05,0.0009322007820466176,-0.0904597720827599
107,4,400316,occupancy,7,408093,flow,5,2.807259777887132e-08,9.981368099154245e-07,-0.12420232983830379
107,4,400316,occupancy,7,408093,flow,6,3.9128911912799913e-10,1.800179972985044e-08,-0.1398113167492917
107,4,400316,occupancy,7,408093,flow,7,4.832229919394506e-10,2.192776602078179e-08,-0.13908107232256
107,4,400316,occupancy,7,408093,flow,8,2.98865025192705e-10,1.3897706230704903e-08,-0.14073825180882543
107,4,400316,occupancy,7,408093,flow,9,2.2345324491140262e-10,1.0538406310232089e-08,-0.14173181364364137
107,4,400316,occupancy,7,408093,flow,10,2.2513234000434935e-08,8.098015893578594e-07,-0.12505528606189745
107,4,400316,occupancy,7,408093,flow,11,2.1375528312828069e-10,1.0114160165544058e-08,-0.14188280773595233
107,4,400316,occupancy,7,408093,flow,12,2.6299787336974783e-06,6.37928586725048e-05,-0.10518894000299739
107,4,400316,occupancy,8,401448,flow,6,0.005209144172418218,0.0407598312350058,-0.06266907334135324
107,4,400316,occupancy,8,401448,flow,7,0.0005394186000575742,0.006650366302079682,-0.07758043730734339
107,4,400316,occupancy,8,401448,flow,8,3.584543602441344e-05,0.0006478525715569556,-0.09259517477800348
107,4,400316,occupancy,8,401448,flow,9,9.399282562647832e-05,0.0014999963306478994,-0.08752596734063267
107,4,400316,occupancy,8,401448,flow,10,9.565987843026653e-07,2.52443906425627e-05,-0.10969805465240977
107,4,400316,occupancy,8,401448,flow,11,7.244155768809078e-07,1.9590729320504394e-05,-0.11090698645691079
107,4,400316,occupancy,8,401448,flow,12,8.634002252923719e-05,0.0013912305010306029,-0.08798329885053395
107,4,400316,occupancy,10,400497,flow,1,0.0021688095811575564,0.020691690656604284,0.06876284050925524
107,4,400316,occupancy,10,400497,flow,7,0.0001616625321511546,0.0023835567880306752,-0.08455260926014972
107,4,400316,occupancy,10,400497,flow,8,1.3304794766003802e-05,0.0002706059952407553,-0.09755235623051797
107,4,400316,occupancy,10,400497,flow,9,5.125725939316381e-05,0.0008878562974276971,-0.09074491966818395
107,4,400316,occupancy,10,400497,flow,12,7.123596145842818e-05,0.0011790779827601904,-0.08901087833575276
107,4,400316,occupancy,11,405841,flow,2,0.0009975940962515526,0.011032895733228002,-0.07379824924980574
107,4,400316,occupancy,11,405841,flow,3,0.00033618165828446737,0.004480564936915177,-0.08038107438521533
107,4,400316,occupancy,11,405841,flow,4,0.0016476420571437354,0.01664026148475961,-0.07058059205106906
107,4,400316,occupancy,11,405841,flow,6,0.0060866057028284605,0.04560995080003287,-0.06153333116049451
107,4,400316,occupancy,11,405841,flow,7,0.000898492186737114,0.010131783468296353,-0.07445382128018205
107,4,400316,occupancy,11,405841,flow,8,0.0012710248921862799,0.013494292293548118,-0.07226049572191684
107,4,400316,occupancy,11,405841,flow,9,0.00036447104695296414,0.004804744958305783,-0.07990874391225879
107,4,400316,occupancy,11,405841,flow,10,0.0006388620607386093,0.007651466876603249,-0.0765561582169598
107,4,400316,occupancy,11,405841,flow,11,8.624705921001733e-05,0.0013907700477315225,-0.08798908622229645
107,4,400316,occupancy,13,400183,flow,1,0.005749333365197051,0.04387948299645491,-0.06195125470665944
107,4,400316,occupancy,13,400183,flow,2,0.004596751666822635,0.03695880737143827,-0.06356911451768059
107,4,400316,occupancy,13,400183,flow,3,0.0001990440268155698,0.002854814727235264,-0.08338657215679521
107,4,400316,occupancy,13,400183,flow,4,0.0005191145583524324,0.006446033032717758,-0.07781103642958226
107,4,400316,occupancy,13,400183,flow,5,0.0007268607180255139,0.00852344815925684,-0.0757666959061155
107,4,400316,occupancy,13,400183,flow,6,8.277667435387506e-05,0.0013443429819877456,-0.08820945937493194
107,4,400316,occupancy,13,400183,flow,7,0.0003328811006891441,0.004448761362700847,-0.0804385823644193
107,4,400316,occupancy,13,400183,flow,8,0.00012339671551803285,0.0018889929519415375,-0.08604528048018927
107,4,400316,occupancy,13,400183,flow,9,7.958851686613881e-05,0.0013028510529053416,-0.08841974040508227
107,4,400316,occupancy,13,400183,flow,10,1.3923130969940141e-05,0.0002811964740072062,-0.0973302850788925
107,4,400316,occupancy,13,400183,flow,11,3.1463908021006004e-06,7.472461937918963e-05,-0.10437034603358905
107,4,400316,occupancy,13,400183,flow,12,3.9470536580971436e-07,1.1505581513481552e-05,-0.11350457529039337
107,4,400316,occupancy,14,401469,flow,7,0.0006936895606697976,0.008182318987458297,-0.07605329203234995
107,4,400316,occupancy,14,401469,flow,8,0.0005120973347084874,0.006377228267341209,-0.07789268987539251
107,4,400316,occupancy,14,401469,flow,9,7.482181011704381e-08,2.4863863054279175e-06,-0.1203424149716801
107,4,400316,occupancy,14,401469,flow,10,4.9468410805417565e-08,1.698756237515134e-06,-0.12198610008674106
107,4,400316,occupancy,14,401469,flow,11,5.747918903236731e-08,1.949058843169755e-06,-0.12139238315081943
107,4,400316,occupancy,14,401469,flow,12,4.022145211647967e-08,1.4012634930902593e-06,-0.12280010869095462
107,4,400316,occupancy,15,401472,flow,1,1.531476916410192e-10,7.425342625019113e-09,-0.14301239645450914
107,4,400316,occupancy,15,401472,flow,2,2.5712443538371243e-13,1.6263214653845353e-11,-0.16310810850151602
107,4,400316,occupancy,15,401472,flow,3,1.374537253138515e-22,1.672676319312221e-20,-0.2169702358320936
107,4,400316,occupancy,15,401472,flow,4,1.3222313180762037e-27,2.0112814415807044e-25,-0.24085488757732385
107,4,400316,occupancy,15,401472,flow,5,4.4345121900717146e-33,8.402233623293775e-31,-0.2642342330459446
107,4,400316,occupancy,15,401472,flow,6,7.350202570123563e-31,1.3013473402841717e-28,-0.2550455605369658
107,4,400316,occupancy,15,401472,flow,7,1.7143567451352144e-28,2.712828256038141e-26,-0.2448137316411202
107,4,400316,occupancy,15,401472,flow,8,1.6477695148396868e-27,2.4631018353312967e-25,-0.2404240425163175
107,4,400316,occupancy,15,401472,flow,9,9.356175330367483e-34,1.7963856634305566e-31,-0.2669608750491361
107,4,400316,occupancy,15,401472,flow,10,2.0691531602206103e-36,4.339194976773319e-34,-0.27737965610551846
107,4,400316,occupancy,15,401472,flow,11,1.8292753093256463e-31,3.2926955567861634e-29,-0.25758292884942713
107,4,400316,occupancy,15,401472,flow,12,3.3691253057905602e-16,2.685354487272181e-14,-0.18167860284928694
107,4,400316,occupancy,16,405838,flow,1,1.9072673698133915e-26,2.7930152669809664e-24,0.23557172755648015
107,4,400316,occupancy,16,405838,flow,2,3.349871425538029e-19,3.397052713221663e-17,0.19908947102031072
107,4,400316,occupancy,16,405838,flow,3,2.3033608910452102e-14,1.5694824998920046e-12,0.17012444141536334
107,4,400316,occupancy,16,405838,flow,4,3.801019927969968e-09,1.5389321545295465e-07,0.13173309856668844
107,4,400316,occupancy,16,405838,flow,5,6.075753208748367e-07,1.6868415078273102e-05,0.11166535686512838
107,4,400316,occupancy,16,405838,flow,6,9.452867901704296e-05,0.001504102737950739,0.08749527598730271
107,4,400316,occupancy,16,405838,flow,7,0.00113444748091048,0.012313600797822297,0.07298568829212142
107,4,400316,occupancy,16,405838,flow,10,0.004425355494213631,0.03588286943055113,-0.06384045504207775
107,4,400316,occupancy,16,405838,flow,11,0.005562788460951338,0.042836445902512975,-0.06219199222056241
107,4,400316,occupancy,16,405838,flow,12,0.0016271784672876875,0.016520354826516592,-0.07066228697948496
107,4,400316,occupancy,17,400260,flow,1,0.0005660786516466491,0.006915893029167206,0.07728962535458166
107,4,400316,occupancy,17,400260,flow,7,0.0013842762250497105,0.014497147375066058,-0.07171178191241503
107,4,400316,occupancy,17,400260,flow,8,0.0001399477760107267,0.00210140560433208,-0.08535267401741682
107,4,400316,occupancy,17,400260,flow,9,8.073501019313743e-07,2.1676522314130122e-05,-0.11043715935462922
107,4,400316,occupancy,17,400260,flow,10,3.4120052904123835e-07,1.0109645304925581e-05,-0.11411928384538125
107,4,400316,occupancy,17,400260,flow,11,1.3252088966634687e-05,0.00026978805059312845,-0.09757173771961247
107,4,400316,occupancy,18,404528,flow,2,0.001225883367347347,0.013114948357950816,-0.07249187409564199
107,4,400316,occupancy,18,404528,flow,3,7.197699466268642e-07,1.950693958235918e-05,-0.1109348131184926
107,4,400316,occupancy,18,404528,flow,4,8.580902628275432e-05,0.0013847403568976416,-0.08801643518518927
107,4,400316,occupancy,18,404528,flow,5,4.766694159890335e-05,0.0008367378614679499,-0.09112341671960658
107,4,400316,occupancy,18,404528,flow,6,2.2049137360767145e-05,0.0004205398384040356,-0.09505575023061716
107,4,400316,occupancy,18,404528,flow,7,0.00023737985866401616,0.003321933882178652,-0.08238758233414804
107,4,400316,occupancy,18,404528,flow,8,5.512244503947347e-06,0.0001229369966807049,-0.10177001998019154
107,4,400316,occupancy,18,404528,flow,9,8.045164235393972e-06,0.0001714608263290674,-0.099980677266797
107,4,400316,occupancy,19,401795,flow,1,0.00048113019534825723,0.006049134004378554,0.07826595304183656
107,4,400316,occupancy,19,401795,flow,2,0.005992810073269781,0.04512626724163405,0.06164741978769767
107,4,400316,speed,3,400039,flow,11,0.0013154175566184067,0.013887106169578486,-0.0720402338465534
107,4,400316,speed,3,400039,flow,12,0.0063535914397338895,0.04729068749078292,-0.06121703369085253
107,4,400316,speed,4,400316,flow,10,0.005387077632352859,0.041781284329918046,-0.06242550059303907
107,4,400316,speed,4,400316,flow,11,0.0013260913749355097,0.01397247497493025,-0.07198829709125684
107,4,400316,speed,6,405843,flow,1,0.005999217053188985,0.045153243740292955,-0.06163957566449409
107,4,400316,speed,10,400497,flow,11,0.00012888244232947042,0.001963230433227476,-0.08580650561878747
107,4,400316,speed,10,400497,flow,12,0.0019851784045726724,0.019280509684698615,-0.06935248013627852
107,4,400316,speed,12,404520,flow,3,0.005520587891383702,0.0426026075219321,0.06224746054734308
107,4,400316,speed,12,404520,flow,10,0.001083790286054972,0.01182615315927628,-0.07327533393934665
107,4,400316,speed,12,404520,flow,11,0.0012544384242788675,0.013364535412743309,-0.07234461730947331
107,4,400316,speed,16,405838,flow,1,0.004349115329118453,0.03548911838361394,-0.06396422243779441
107,4,400316,speed,16,405838,flow,2,0.003433390911617147,0.029516912911813086,-0.06562832341279828
107,4,400316,speed,16,405838,flow,3,0.0016006656110457602,0.01632021581240898,-0.0707695485482676
107,4,400316,speed,16,405838,flow,6,0.0007754705254934877,0.008992720846671038,-0.07536791432303265
107,4,400316,speed,17,400260,flow,2,0.0009250035448521016,0.010373871531051607,-0.0742721280934448
107,4,400316,speed,17,400260,flow,3,0.0030457165312336837,0.026890446382443315,-0.06645806307065161
107,5,400503,flow,0,400593,flow,3,0.0007443182601922643,0.008694828411576965,0.07562070642126971
107,5,400503,flow,1,400125,flow,11,0.0061091427333228535,0.045747090670748364,0.06150615409069049
107,5,400503,flow,1,400125,flow,12,0.00026081649996920555,0.0035986179491120027,0.0818490518300471
107,5,400503,flow,2,400331,flow,9,0.002960946036543944,0.02634120032510263,0.06665226136686836
107,5,400503,flow,2,400331,flow,10,0.0005522510615684493,0.006785337275243745,0.0774388280642884
107,5,400503,flow,3,400039,flow,1,0.00022984265533843674,0.0032279592687322715,0.0825714056444107
107,5,400503,flow,3,400039,flow,10,0.002340909349694603,0.02200332548015815,0.06825037181235319
107,5,400503,flow,3,400039,flow,11,0.002815757606712589,0.025325989716840275,0.06699696547873524
107,5,400503,flow,3,400039,flow,12,0.005607772038755582,0.04311367717996816,0.06213328214068935
107,5,400503,flow,5,400503,flow,1,1.4713850086460905e-110,6.3563832373511104e-108,0.47135847218067767
107,5,400503,flow,5,400503,flow,2,9.961014669791791e-17,8.307255477509755e-15,0.18478068987218765
107,5,400503,flow,5,400503,flow,3,2.7448002101371796e-10,1.2846735544737396e-08,0.14099460488757506
107,5,400503,flow,5,400503,flow,4,0.0030581267644044915,0.026961444126994697,0.06643004727869066
107,5,400503,flow,5,400503,flow,5,0.00033624980383053246,0.004480564936915177,0.08037989260761381
107,5,400503,flow,6,405843,flow,12,3.518384305787212e-06,8.256067463878736e-05,0.10385702805403986
107,5,400503,flow,7,408093,flow,2,0.00013617244862272292,0.002058491600875328,0.08550359366800314
107,5,400503,flow,7,408093,flow,3,0.000857324922720357,0.009735564588450707,0.07474604540677575
107,5,400503,flow,8,401448,flow,1,0.00017982476263577894,0.002617395466935866,0.08395760916754282
107,5,400503,flow,8,401448,flow,4,1.6494052088179312e-05,0.0003277566928285861,0.09649772936128836
107,5,400503,flow,8,401448,flow,6,0.00033596412681975024,0.004480564936915177,0.0803848483071749
107,5,400503,flow,8,401448,flow,8,0.0038200665990662627,0.031994353834754276,0.06488165358197924
107,5,400503,flow,8,401448,flow,11,0.0010678960188683852,0.011676311823617879,0.07336879515348217
107,5,400503,flow,9,402391,flow,1,0.0011486750650021138,0.01243990042820038,0.07290648790379943
107,5,400503,flow,9,402391,flow,6,0.0008836948747091964,0.010001471990421085,0.07455740401868734
107,5,400503,flow,9,402391,flow,10,8.256058133175789e-06,0.0001756089174560286,0.09985711925800632
107,5,400503,flow,9,402391,flow,11,0.0002455452671868199,0.0034228661437362856,0.08219451365758534
107,5,400503,flow,10,400497,flow,4,1.4753671050443283e-06,3.753584154176383e-05,0.10778823687450054
107,5,400503,flow,10,400497,flow,5,3.4501860559458025e-07,1.0201782177745289e-05,0.1140724371978944
107,5,400503,flow,10,400497,flow,10,3.4306443643298715e-07,1.0157905177453765e-05,0.11409635144024542
107,5,400503,flow,10,400497,flow,11,2.31149541645364e-18,2.1022442524378367e-16,0.19438992131705032
107,5,400503,flow,10,400497,flow,12,0.0031457595797954613,0.027587660139497348,0.06623511625247029
107,5,400503,flow,11,405841,flow,5,0.0006266848266020418,0.007534909534104624,0.0766732741130502
107,5,400503,flow,11,405841,flow,11,0.0052172085891821025,0.04077861607611124,0.06265787266469969
107,5,400503,flow,12,404520,flow,5,0.004294476637328424,0.03512010225093267,0.06405413708787355
107,5,400503,flow,12,404520,flow,10,1.874679242302787e-05,0.0003659563636126543,0.09586424415592662
107,5,400503,flow,13,400183,flow,12,0.0006035894175674121,0.007314183124519553,0.07690132925018417
107,5,400503,flow,14,401469,flow,1,0.004432811785351649,0.03592823060547678,0.06382845447167856
107,5,400503,flow,14,401469,flow,4,0.006820656796080723,0.049839711365136534,0.060691381929120596
107,5,400503,flow,14,401469,flow,6,0.001069991251919841,0.011696260648516482,0.07335640150924877
107,5,400503,flow,15,401472,flow,1,3.305953493091593e-11,1.7165527752590962e-09,0.1480954550229275
107,5,400503,flow,15,401472,flow,2,1.1031784657868507e-05,0.00022868190845485583,0.09846324443724724
107,5,400503,flow,15,401472,flow,12,4.078047939594466e-08,1.419594447949081e-06,0.1227459755588635
107,5,400503,flow,16,405838,flow,2,3.260078619398002e-05,0.0005967601540592953,0.09308033121264873
107,5,400503,flow,16,405838,flow,5,0.00019869560232425225,0.0028517109702351153,0.08339645479705601
107,5,400503,flow,16,405838,flow,7,0.00010788369018385599,0.0016822316181120502,0.08677902613632553
107,5,400503,flow,16,405838,flow,8,0.002940865772918491,0.026212639409130656,0.06669900460163945
107,5,400503,flow,16,405838,flow,10,0.0033307857470110266,0.028864582601981215,0.06583928263892283
107,5,400503,flow,17,400260,flow,1,9.293647662201131e-11,4.614776770196423e-09,0.1446880901149678
107,5,400503,flow,17,400260,flow,5,9.752855276559856e-05,0.0015421791652539742,0.08732643028950081
107,5,400503,flow,17,400260,flow,6,0.00043124035113813235,0.005536280288014062,0.07891722775083745
107,5,400503,flow,17,400260,flow,12,1.3791117973808312e-05,0.0002793137817480164,0.09737689618316386
107,5,400503,flow,18,404528,flow,1,6.286369215272772e-05,0.001058344310599313,0.0896732077947543
107,5,400503,flow,18,404528,flow,12,0.005479372155857884,0.042375380797182345,0.06230200474606501
107,5,400503,flow,19,401795,flow,5,0.0008069419024715002,0.009271247390098087,0.07512192340483335
107,5,400503,flow,19,401795,flow,12,3.6302675656628403e-06,8.463440843855085e-05,0.10371279677212798
107,5,400503,occupancy,0,400593,flow,4,0.005921946228933263,0.04478782862218434,0.06173468635838359
107,5,400503,occupancy,3,400039,flow,1,0.002070152604145398,0.019926602606747144,0.06907367357610712
107,5,400503,occupancy,5,400503,flow,1,0.00010405330047594782,0.0016333948330526694,-0.08697549483819633
107,5,400503,occupancy,6,405843,flow,5,0.002570107745683479,0.02367348712441925,0.06761895362956706
107,5,400503,occupancy,6,405843,flow,12,0.0014947026440953692,0.015418136156857677,0.07121523329250767
107,5,400503,occupancy,9,402391,flow,5,0.00471750041403146,0.037691144421335136,-0.06338339971597044
107,5,400503,occupancy,10,400497,flow,4,0.006534367542988607,0.048328142074492014,0.061009587750056236
107,5,400503,occupancy,10,400497,flow,11,1.0092929142983394e-05,0.00021063504298400126,0.09889296040170303
107,5,400503,occupancy,12,404520,flow,2,0.006666873209863026,0.04896445472051729,-0.0608607847280089
107,5,400503,occupancy,12,404520,flow,6,0.0029188335728418807,0.02607394754895973,0.06675062763095914
107,5,400503,occupancy,14,401469,flow,6,0.0034138662555655216,0.029390000446478784,0.06566802075711214
107,5,400503,occupancy,14,401469,flow,7,0.005246911482377483,0.04094410694340811,0.0626167526424991
107,5,400503,occupancy,15,401472,flow,1,0.003646687256084441,0.030950272978948496,0.06520752891702292
107,5,400503,occupancy,15,401472,flow,12,0.0007326439679200808,0.008577295234186313,0.07571797608962123
107,5,400503,occupancy,16,405838,flow,2,5.563250719633836e-05,0.0009525661160847472,0.0903162439745256
107,5,400503,occupancy,16,405838,flow,10,0.00020076421465747534,0.002874714641432859,0.08333801787964715
107,5,400503,occupancy,16,405838,flow,11,0.006567083356570485,0.04844569689273309,-0.06097259773985323
107,5,400503,occupancy,17,400260,flow,1,4.318027986862021e-05,0.0007670181292452274,0.09163633705527538
107,5,400503,occupancy,17,400260,flow,5,0.0009777864524145433,0.010873484818979012,0.07392430535827586
107,5,400503,occupancy,18,404528,flow,12,0.005034918109449926,0.03969132524237898,0.06291496151641694
107,5,400503,speed,3,400039,flow,1,0.004953367622572094,0.039184303478321636,-0.06303270664306646
107,5,400503,speed,5,400503,flow,1,3.4460963770298103e-06,8.108462063599554e-05,0.1039525717391395
107,5,400503,speed,6,405843,flow,5,0.0009236407844665759,0.010361766011406552,-0.07428134936240299
107,5,400503,speed,7,408093,flow,2,0.0030737746046101523,0.027088344128755323,-0.066394869974522
107,5,400503,speed,11,405841,flow,5,0.006510769570649332,0.04820312689838066,-0.06103637217438398
107,5,400503,speed,16,405838,flow,10,0.0024958805916704637,0.023152682319124766,-0.06781760091445786
107,5,400503,speed,18,404528,flow,3,0.004519554817804274,0.03650799703237559,-0.06369017249460165
107,5,400503,speed,18,404528,flow,6,0.004308359894818103,0.035210205723825584,-0.06403119269830375
107,5,400503,speed,18,404528,flow,7,0.006797609834113585,0.04969652137987931,-0.06071654978319025
107,5,400503,speed,18,404528,flow,12,0.002831106506646002,0.025448148374346086,-0.06695976752720137
107,5,400503,speed,19,401795,flow,2,0.004931992212176406,0.0390295042253198,0.06306385879779021
107,6,405843,flow,0,400593,flow,5,0.0036556468413469763,0.03100007350773622,0.06519034749605493
107,6,405843,flow,4,400316,flow,11,4.554267794110379e-05,0.0008053392087825148,0.09136028821253227
107,6,405843,flow,5,400503,flow,6,0.00013742841013535757,0.002075841719527079,0.08545295379531413
107,6,405843,flow,6,405843,flow,1,1.5246899832014582e-100,6.394816240223592e-98,0.451807155975953
107,6,405843,flow,6,405843,flow,2,2.5465178279353034e-22,3.081500564896502e-20,0.21561419505536888
107,6,405843,flow,6,405843,flow,3,8.934473927462812e-13,5.4669868791273864e-11,0.15942535580355396
107,6,405843,flow,6,405843,flow,4,8.232409450982063e-23,1.013219624736254e-20,0.21809067299245902
107,6,405843,flow,6,405843,flow,5,0.001275558947215343,0.01353910233899332,0.07223767662044325
107,6,405843,flow,6,405843,flow,6,3.103734970385655e-17,2.6923966008164718e-15,0.1878752936727047
107,6,405843,flow,6,405843,flow,7,1.643812982709195e-09,7.010140261899035e-08,0.13476719894013664
107,6,405843,flow,6,405843,flow,9,8.126811385203255e-05,0.0013238244790376341,0.08830798780867018
107,6,405843,flow,6,405843,flow,10,5.199580929661266e-06,0.00011662611431015923,0.10204373554566486
107,6,405843,flow,6,405843,flow,11,0.000182958994351324,0.0026540727185954322,0.08386068650480073
107,6,405843,flow,6,405843,flow,12,1.2177570425327423e-05,0.00024932276889769894,0.09798377965444165
107,6,405843,flow,7,408093,flow,2,6.464205365154863e-05,0.0010853232482498643,0.08952581891669925
107,6,405843,flow,7,408093,flow,3,0.0024912455873064847,0.023114649779132333,0.06783018353193332
107,6,405843,flow,7,408093,flow,4,6.075653863323606e-05,0.0010276752031933428,0.08985303994885205
107,6,405843,flow,7,408093,flow,10,0.0009922281221201785,0.010982386593797518,0.0738321680762962
107,6,405843,flow,8,401448,flow,12,0.002214492724548837,0.021050151034015304,0.06862327508688121
107,6,405843,flow,9,402391,flow,9,0.0025211028474343027,0.023326545943277335,-0.06774950231749892
107,6,405843,flow,10,400497,flow,5,5.0820066392510086e-05,0.0008816975374122231,0.09078964180392217
107,6,405843,flow,10,400497,flow,6,1.3334105909342023e-06,3.424693075407701e-05,0.10823703498384521
107,6,405843,flow,10,400497,flow,10,0.0009518376172474321,0.010630657979599034,0.07409306838217378
107,6,405843,flow,10,400497,flow,11,1.0814304624233586e-09,4.6905417647278206e-08,0.1362578481665763
107,6,405843,flow,10,400497,flow,12,1.7557231727307835e-08,6.416856265818091e-07,0.12600950486754042
107,6,405843,flow,12,404520,flow,3,0.0006898071102180786,0.008150893643714715,-0.07608766400616797
107,6,405843,flow,12,404520,flow,6,0.002510874027534654,0.023251823791960783,0.06777704412638114
107,6,405843,flow,12,404520,flow,10,0.0064962981204451705,0.04812072681811237,0.06105284090826536
107,6,405843,flow,12,404520,flow,11,1.2494514999332988e-05,0.0002555696249863566,0.09785874924275165
107,6,405843,flow,14,401469,flow,2,5.857587614714272e-05,0.0009950758354528373,0.09004546896115137
107,6,405843,flow,14,401469,flow,3,0.0021603204830586073,0.020629055010639222,0.06878907164050424
107,6,405843,flow,14,401469,flow,8,0.0005434241798885167,0.00669212837356338,0.07753590111936351
107,6,405843,flow,14,401469,flow,10,0.0007726344508932202,0.008974941725890594,0.07539053467933539
107,6,405843,flow,15,401472,flow,1,2.754451117160239e-07,8.315324127276193e-06,0.11501695702415575
107,6,405843,flow,15,401472,flow,2,2.2148277579705002e-05,0.0004222443033730168,0.09500946598651584
107,6,405843,flow,15,401472,flow,12,0.004691385396184196,0.03753108316947357,0.06342319781906212
107,6,405843,flow,16,405838,flow,1,6.626373306413847e-07,1.820988084205332e-05,0.11129193262500037
107,6,405843,flow,16,405838,flow,3,2.0052569086492114e-06,4.975709273615505e-05,0.10641591471821794
107,6,405843,flow,16,405838,flow,6,9.472287444690727e-06,0.00019883518834336222,0.09919850706451538
107,6,405843,flow,16,405838,flow,7,6.308964295432791e-05,0.0010617345444592777,0.08965426407718205
107,6,405843,flow,17,400260,flow,1,8.010127207917408e-08,2.641507598336122e-06,0.12006947241084777
107,6,405843,flow,17,400260,flow,2,1.898723107895039e-05,0.00036948125342822384,0.09580097045523649
107,6,405843,flow,17,400260,flow,10,0.0031220975668024096,0.027430265382522696,-0.0662872577512663
107,6,405843,flow,17,400260,flow,12,0.0012971155623669004,0.013724073547452876,0.07213019910473624
107,6,405843,flow,18,404528,flow,2,0.00023617705172592222,0.0033083166778728407,0.08241654703407492
107,6,405843,flow,18,404528,flow,6,0.006131853647188462,0.04590727554652718,0.06147885846185451
107,6,405843,flow,18,404528,flow,11,0.00015863640610628543,0.0023469495697916202,0.08465781128136882
107,6,405843,flow,19,401795,flow,1,0.002599104881197678,0.02387948338318581,0.06754277270254105
107,6,405843,flow,19,401795,flow,4,0.0016654044286871755,0.016774416255370947,0.0705104338121456
107,6,405843,flow,19,401795,flow,12,0.0023143377186484533,0.02180100075133301,0.06832719598228723
107,6,405843,occupancy,0,400593,flow,5,0.00530705575599971,0.041286657421067435,0.06253412977605496
107,6,405843,occupancy,1,400125,flow,7,0.005587000208902889,0.04298457863305517,-0.06216033941682664
107,6,405843,occupancy,1,400125,flow,8,0.003435983356265777,0.029521575376030545,-0.06562306793022239
107,6,405843,occupancy,1,400125,flow,9,0.0020454164370998086,0.01973562893719115,-0.06915373545658778
107,6,405843,occupancy,4,400316,flow,1,0.00214832994744633,0.020569116518103163,0.06882628347910748
107,6,405843,occupancy,4,400316,flow,4,0.005620045373549876,0.04318495935922806,0.062117337395779224
107,6,405843,occupancy,4,400316,flow,6,0.00284302809899166,0.025534056938968753,0.06693100237915087
107,6,405843,occupancy,4,400316,flow,8,0.0011902630417919495,0.012797253211899506,0.07268006912466717
107,6,405843,occupancy,4,400316,flow,9,0.0039847962605918195,0.033021906475650606,0.06458424683966034
107,6,405843,occupancy,4,400316,flow,10,0.0001226027712315812,0.0018801702936472517,0.08608066346786979
107,6,405843,occupancy,4,400316,flow,11,6.499040532845537e-05,0.001089901207371612,0.08949739768994133
107,6,405843,occupancy,5,400503,flow,1,0.0056513762509712625,0.04333550887971724,0.06207677618932534
107,6,405843,occupancy,5,400503,flow,6,0.0014038430369024205,0.01463112646421823,0.07162119700238882
107,6,405843,occupancy,6,405843,flow,1,4.654886529711375e-05,0.000819442127479753,-0.09122391756361654
107,6,405843,occupancy,6,405843,flow,2,5.336954457208384e-41,1.2134549081652746e-38,0.2943880667627909
107,6,405843,occupancy,6,405843,flow,3,1.924738539702308e-32,3.568613944855782e-30,0.26163217738302785
107,6,405843,occupancy,6,405843,flow,4,5.489168704669852e-34,1.0633725921154152e-31,0.26788808100517514
107,6,405843,occupancy,6,405843,flow,5,9.358418654965368e-16,7.206482814518785e-14,0.17895542358672972
107,6,405843,occupancy,6,405843,flow,6,2.1336164815760436e-26,3.1139267568947665e-24,0.23534686881737724
107,6,405843,occupancy,6,405843,flow,7,9.83259478025388e-12,5.38362603937855e-10,0.15199523285416316
107,6,405843,occupancy,6,405843,flow,8,2.239111297514078e-05,0.00042576383165582055,0.09497872662835542
107,6,405843,occupancy,6,405843,flow,9,4.083615670335144e-11,2.1076726040439454e-09,0.14740544251294582
107,6,405843,occupancy,6,405843,flow,10,7.655960615434589e-10,3.409664933884271e-08,0.13747534608688505
107,6,405843,occupancy,6,405843,flow,11,2.6163595136005036e-06,6.353385665404259e-05,0.10521255642754292
107,6,405843,occupancy,6,405843,flow,12,0.00031160655874628847,0.004202748466387656,0.08082258943978719
107,6,405843,occupancy,7,408093,flow,1,4.449076649029747e-15,3.3080914154575743e-13,0.17462834627219534
107,6,405843,occupancy,7,408093,flow,2,9.59833143272776e-13,5.831897579378892e-11,0.15916880271027675
107,6,405843,occupancy,7,408093,flow,3,1.784279448747321e-06,4.460698621868303e-05,0.10694003370986187
107,6,405843,occupancy,7,408093,flow,4,3.171128459561361e-05,0.0005829478700129821,0.09322134681637774
107,6,405843,occupancy,8,401448,flow,2,0.0026586591769386576,0.02431288663076842,0.06738871710406139
107,6,405843,occupancy,10,400497,flow,1,0.002708742078864786,0.02461974706647565,0.06726158282237676
107,6,405843,occupancy,10,400497,flow,2,0.005876110981687129,0.04460516506921173,0.061791633208373255
107,6,405843,occupancy,10,400497,flow,3,0.0008326783145539502,0.009498733347961618,0.07492728421655738
107,6,405843,occupancy,10,400497,flow,4,3.1298717820586244e-09,1.2889462438983085e-07,0.13244239668648908
107,6,405843,occupancy,10,400497,flow,5,6.950181592681407e-07,1.893113775560131e-05,0.11108605164089298
107,6,405843,occupancy,10,400497,flow,9,0.0006527467894969565,0.007789685443720586,0.0764251256372509
107,6,405843,occupancy,10,400497,flow,10,3.218719999122112e-09,1.3217557410843652e-07,0.13234043097330192
107,6,405843,occupancy,10,400497,flow,11,5.31677805702686e-06,0.00011906936861770885,0.1019393375152837
107,6,405843,occupancy,12,404520,flow,10,0.002358559648783108,0.02213070739084063,0.06819978094074272
107,6,405843,occupancy,12,404520,flow,11,0.0058948379515723634,0.044685267409469584,0.06176831818652285
107,6,405843,occupancy,13,400183,flow,10,0.0057323283416029006,0.04380622401507966,-0.06197290586575819
107,6,405843,occupancy,14,401469,flow,1,5.4390069908138136e-05,0.0009357431382045272,0.09043463425168222
107,6,405843,occupancy,14,401469,flow,2,1.1232726708593309e-06,2.9267418203331177e-05,0.10899379787338849
107,6,405843,occupancy,14,401469,flow,3,1.8930384067152037e-05,0.00036901768101998934,0.09581586115701332
107,6,405843,occupancy,14,401469,flow,6,2.651512279958407e-06,6.424303448917733e-05,0.10515183800134474
107,6,405843,occupancy,14,401469,flow,7,0.0004424485017856322,0.005653290528583056,0.07876501106968697
107,6,405843,occupancy,14,401469,flow,8,0.00031464917377466595,0.004239814194343596,0.08076619408631366
107,6,405843,occupancy,14,401469,flow,10,0.0012347419766830198,0.013186229432764016,0.07244585505013341
107,6,405843,occupancy,15,401472,flow,1,5.95282104133061e-05,0.0010092695015128821,0.08996061199261753
107,6,405843,occupancy,15,401472,flow,9,0.00026816100518737597,0.003684265005424425,-0.08168960562862614
107,6,405843,occupancy,16,405838,flow,1,1.5570933950526009e-15,1.180112888881971e-13,0.17758213835660294
107,6,405843,occupancy,16,405838,flow,2,1.0767686877149827e-08,4.069676929946391e-07,0.1278655621226639
107,6,405843,occupancy,16,405838,flow,3,4.0129286444235325e-10,1.84032396432162e-08,0.13972416048238476
107,6,405843,occupancy,16,405838,flow,4,8.376451195668253e-07,2.243414083402781e-05,0.11027705309408571
107,6,405843,occupancy,16,405838,flow,5,1.9836125359291606e-09,8.368365385951146e-08,0.13409296799322912
107,6,405843,occupancy,16,405838,flow,6,1.3227986222978823e-10,6.4497630342289525e-09,0.14350584660136995
107,6,405843,occupancy,16,405838,flow,7,8.443101746618001e-06,0.000179410720833201,0.09975003154089958
107,6,405843,occupancy,17,400260,flow,1,7.322594071224416e-11,3.6826084269719997e-09,0.14548097213490543
107,6,405843,occupancy,17,400260,flow,2,8.840113494135245e-07,2.3524804553070068e-05,0.11004249241299388
107,6,405843,occupancy,17,400260,flow,3,0.0025590345051034907,0.023596646877368368,0.06764825248056036
107,6,405843,occupancy,19,401795,flow,1,0.0007550219328309776,0.008796372032982263,0.07553276014907362
107,6,405843,occupancy,19,401795,flow,4,0.004601529302258668,0.03699033603602055,0.06356168296909713
107,6,405843,speed,11,405841,flow,7,0.0022308468680402333,0.02117148170020608,-0.06857395227352744
107,6,405843,speed,14,401469,flow,1,0.001642743199124354,0.016619381198145662,-0.07060006401969651
107,6,405843,speed,14,401469,flow,6,0.00189316031712981,0.018564066378660527,-0.06966702363299826
107,6,405843,speed,14,401469,flow,12,0.0006867748163222799,0.008117283738747602,-0.07611463459634521
107,7,408093,flow,1,400125,flow,1,0.003945381651151072,0.032783781899983724,0.06465437707903124
107,7,408093,flow,2,400331,flow,4,0.0052183223646272685,0.040779943225741314,0.0626563269694757
107,7,408093,flow,2,400331,flow,11,0.0009236367248857771,0.010361766011406552,0.07428137685081931
107,7,408093,flow,5,400503,flow,2,0.003567162202052534,0.030472890474326574,0.06536173510805046
107,7,408093,flow,5,400503,flow,3,0.002718789018377504,0.024695476365413832,0.06723633763648054
107,7,408093,flow,5,400503,flow,4,0.001587149562562728,0.016197699291922947,0.07082486009193352
107,7,408093,flow,5,400503,flow,6,0.0006810605500550559,0.008064299974906836,0.07616576184339922
107,7,408093,flow,5,400503,flow,10,3.5091091477810303e-06,8.238777999138072e-05,0.10386918138041705
107,7,408093,flow,5,400503,flow,11,0.002249365231106436,0.021307208939586025,0.0685185004720723
107,7,408093,flow,6,405843,flow,1,0.0017995134040248737,0.017819718470755478,0.06998428844925174
107,7,408093,flow,6,405843,flow,2,3.462262186923155e-07,1.0223494632609726e-05,0.11402917114497035
107,7,408093,flow,6,405843,flow,3,0.005497349325837157,0.042461199870582014,0.06227816872446859
107,7,408093,flow,6,405843,flow,6,0.0017271582449573082,0.017246184273373547,0.07027175623063257
107,7,408093,flow,7,408093,flow,1,4.448440307885458e-18,3.9869838444118626e-16,0.19262680187312312
107,7,408093,flow,7,408093,flow,2,2.150049119392892e-37,4.691016260493583e-35,0.28098981029752834
107,7,408093,flow,7,408093,flow,3,2.1058960726585427e-25,2.9441653831342734e-23,0.23064709004918926
107,7,408093,flow,7,408093,flow,4,4.29414939281793e-09,1.7236980165644568e-07,0.13128581266923567
107,7,408093,flow,7,408093,flow,6,0.0003623292806927912,0.004782347976146832,0.07994328305503967
107,7,408093,flow,7,408093,flow,7,9.850130479497834e-05,0.001556990986880009,0.08727273068183551
107,7,408093,flow,7,408093,flow,8,1.1536432669121805e-07,3.7164346853546756e-06,0.11859878509327151
107,7,408093,flow,7,408093,flow,12,3.2491523472545385e-05,0.0005955171039516167,0.09309745482225223
107,7,408093,flow,8,401448,flow,2,3.03517724318616e-05,0.0005608197472439782,0.09344430328520494
107,7,408093,flow,8,401448,flow,10,2.03572361940591e-05,0.0003920787354361806,0.09545437305888245
107,7,408093,flow,10,400497,flow,1,0.0015271806792871198,0.015693684405123448,0.07107561864374415
107,7,408093,flow,10,400497,flow,2,0.000667072316390565,0.007923432518029258,0.07629262037578086
107,7,408093,flow,10,400497,flow,7,3.188914210681868e-07,9.513887700376844e-06,0.11440355342253625
107,7,408093,flow,10,400497,flow,8,1.1757450890975203e-05,0.0002416374302997758,0.09815438228631705
107,7,408093,flow,11,405841,flow,1,0.00336162898994281,0.029029023846027048,0.0657752535148343
107,7,408093,flow,11,405841,flow,2,0.000816526235950532,0.009351519987556465,0.07504877533252621
107,7,408093,flow,11,405841,flow,8,0.004694765036864302,0.0375511663752153,0.06341803612729927
107,7,408093,flow,12,404520,flow,1,0.001681054383615878,0.01690052347503047,0.0704491870072822
107,7,408093,flow,12,404520,flow,9,0.0022771848677262422,0.021507299144244353,0.06843597731829044
107,7,408093,flow,13,400183,flow,3,0.002994095725407255,0.02655953497691857,0.06657572357430787
107,7,408093,flow,13,400183,flow,11,0.0034968961567912586,0.029961506143074648,0.06550061008904819
107,7,408093,flow,13,400183,flow,12,0.005141814189451328,0.040378028821656906,0.0627632039336352
107,7,408093,flow,14,401469,flow,3,0.004627477482539385,0.037143631966871316,0.0635214424489492
107,7,408093,flow,14,401469,flow,6,0.0002002126758648178,0.0028687189377645536,0.08335354301786746
107,7,408093,flow,14,401469,flow,8,0.002191946036329163,0.020866476150158624,0.06869182392654616
107,7,408093,flow,14,401469,flow,9,0.00047801869494664323,0.006022282770981332,0.07830468662634668
107,7,408093,flow,14,401469,flow,12,0.006788370833238853,0.04967942063288471,0.0607266605214656
107,7,408093,flow,15,401472,flow,1,2.8364461719643473e-08,1.007684824250492e-06,0.12416221430328739
107,7,408093,flow,15,401472,flow,2,2.0849263832436552e-10,9.897672500673176e-09,0.14196756879797973
107,7,408093,flow,15,401472,flow,3,3.843097258615972e-06,8.897202656602893e-05,0.10344981720594576
107,7,408093,flow,15,401472,flow,4,3.006048679825207e-05,0.0005559146652625913,0.09349330514982211
107,7,408093,flow,15,401472,flow,6,0.0007577550883239531,0.008825834407008567,0.07551048875849815
107,7,408093,flow,15,401472,flow,7,0.0001503393855783199,0.0022333773923601855,0.08495624157277522
107,7,408093,flow,15,401472,flow,8,0.00017921679484859046,0.002610305305953846,0.08397659352934332
107,7,408093,flow,15,401472,flow,10,0.0006709051545083096,0.007960203975489969,0.07625761658685741
107,7,408093,flow,15,401472,flow,11,0.0009345206069764903,0.010461593734486754,0.07420807827011351
107,7,408093,flow,16,405838,flow,1,1.1871572893662912e-05,0.00024363513016923408,0.09810747145679206
107,7,408093,flow,16,405838,flow,4,0.001541738918740102,0.01582021883362765,0.07101392163049475
107,7,408093,flow,16,405838,flow,5,7.5134723026752545e-06,0.0001616051411631171,0.10030647291916955
107,7,408093,flow,16,405838,flow,7,0.0005296580236031762,0.006550594508919901,0.07769026339389692
107,7,408093,flow,16,405838,flow,9,0.002929263743660216,0.026134695110723118,0.066726144858932
107,7,408093,flow,17,400260,flow,1,1.282134611010259e-06,3.306759116157802e-05,0.1084105197546882
107,7,408093,flow,17,400260,flow,2,0.0008504908784686376,0.009666324589329036,0.07479581068163974
107,7,408093,flow,17,400260,flow,8,0.00018431836527880844,0.002672894723076376,0.08381913357382759
107,7,408093,flow,17,400260,flow,10,0.0002771155747920608,0.0037932169933514027,0.08150064926100403
107,7,408093,flow,18,404528,flow,2,0.0008220484759873162,0.00939511814839084,0.07500699000433877
107,7,408093,flow,18,404528,flow,4,0.00021179860423045893,0.003006802399854034,0.08303554257340375
107,7,408093,flow,18,404528,flow,6,0.005557364794335616,0.042809942780902034,0.06219909978265036
107,7,408093,flow,19,401795,flow,8,0.00013769688972135443,0.002077717651401506,0.0854421853401958
107,7,408093,occupancy,2,400331,flow,11,4.195629480366338e-05,0.0007471195117552588,0.09178504269100854
107,7,408093,occupancy,3,400039,flow,3,0.002530201404490647,0.023395697918235432,0.06772508951817817
107,7,408093,occupancy,3,400039,flow,7,0.0020992160161886183,0.020179379594870563,0.0689807188671456
107,7,408093,occupancy,5,400503,flow,2,0.0027505898066990425,0.02490607578836685,0.06715698868054111
107,7,408093,occupancy,5,400503,flow,4,0.0002277753021533618,0.0032072663145453813,0.08262281387744029
107,7,408093,occupancy,5,400503,flow,9,0.0005124268422658005,0.006379492676046853,0.07788883242407413
107,7,408093,occupancy,5,400503,flow,10,0.0031417937726876555,0.027558475325909992,0.06624383031016172
107,7,408093,occupancy,5,400503,flow,11,0.0009223436367167957,0.010354793426758204,0.07429013836542875
107,7,408093,occupancy,6,405843,flow,6,0.005204574905054186,0.040746218901475326,0.06267542655129604
107,7,408093,occupancy,7,408093,flow,2,5.986715343221067e-05,0.0010142200110868631,-0.08993072043789636
107,7,408093,occupancy,7,408093,flow,4,1.0617001122072402e-05,0.00022093181525699795,0.09864861124595528
107,7,408093,occupancy,7,408093,flow,5,0.003516866922373599,0.03009083997752812,0.06546088332769515
107,7,408093,occupancy,7,408093,flow,7,0.0030254404756904197,0.026744225199473323,0.06650406039457783
107,7,408093,occupancy,7,408093,flow,8,0.00047970429310728206,0.006039995762819756,0.07828367435001475
107,7,408093,occupancy,7,408093,flow,11,2.29818085978674e-05,0.000435253893655358,0.09484828120724098
107,7,408093,occupancy,7,408093,flow,12,1.0915428553824065e-05,0.00022648727835023995,0.09851456378443324
107,7,408093,occupancy,8,401448,flow,10,0.004719537098121224,0.037700444274932854,0.06338030428505867
107,7,408093,occupancy,10,400497,flow,1,0.0004844039572814453,0.006086751295683083,0.07822545076784318
107,7,408093,occupancy,10,400497,flow,2,0.0016417381796044787,0.0166135135532709,0.07060406536838121
107,7,408093,occupancy,10,400497,flow,5,0.002691269466740685,0.02448154157995317,0.06730569100685142
107,7,408093,occupancy,10,400497,flow,6,0.003731638586690955,0.03141207851618263,0.06504614030020578
107,7,408093,occupancy,10,400497,flow,7,5.028245066748029e-07,1.4290801768652294e-05,0.11247580315725046
107,7,408093,occupancy,10,400497,flow,8,0.00012934710248055248,0.001966840840253385,0.08578672260885302
107,7,408093,occupancy,10,400497,flow,12,0.00023673979195625852,0.003315124477312923,0.08240297855558588
107,7,408093,occupancy,11,405841,flow,5,0.0010158785875749767,0.011201111532220264,0.07368392510218699
107,7,408093,occupancy,12,404520,flow,1,0.0020561634448304383,0.01982729036086494,0.06911884289997447
107,7,408093,occupancy,12,404520,flow,11,0.0018342386012583946,0.018082863435500376,0.06987588790245756
107,7,408093,occupancy,14,401469,flow,5,0.0033546857858313783,0.028981613230222095,0.0657896205158072
107,7,408093,occupancy,14,401469,flow,6,7.921869923677254e-05,0.0012977807383498573,0.08844464540370912
107,7,408093,occupancy,15,401472,flow,1,6.2680636610530086e-06,0.00013742633371670537,0.10116525594909098
107,7,408093,occupancy,15,401472,flow,2,6.485893428125735e-08,2.182169751518939e-06,0.12091250285643583
107,7,408093,occupancy,15,401472,flow,3,2.3481414033173214e-06,5.7538121737554326e-05,0.10570340569452916
107,7,408093,occupancy,15,401472,flow,4,0.0007899533313722331,0.009122155550729878,0.07525358345296743
107,7,408093,occupancy,15,401472,flow,11,0.003967434590174115,0.032922238627645366,0.06461506046410516
107,7,408093,occupancy,16,405838,flow,1,0.00018012112977395544,0.002619943705802988,0.08394837667961036
107,7,408093,occupancy,16,405838,flow,5,0.0004635310732876043,0.005872299814083433,0.07848818880224558
107,7,408093,occupancy,16,405838,flow,8,7.011244042737328e-05,0.0011640961311618861,0.08909534460685549
107,7,408093,occupancy,16,405838,flow,12,0.0019425808364166308,0.01894763001127402,0.06949638992280464
107,7,408093,occupancy,17,400260,flow,1,0.0036458339335851495,0.030949111010194232,0.06520916729777482
107,7,408093,occupancy,17,400260,flow,2,0.0036627707717325707,0.03102582300761707,0.06517671351837329
107,7,408093,occupancy,17,400260,flow,8,0.0005011520713395629,0.0062644008917445365,0.07802215511964383
107,7,408093,occupancy,18,404528,flow,11,0.005472239839388357,0.0423429627550738,0.06231148106848322
107,7,408093,occupancy,19,401795,flow,8,0.00032719820695656523,0.0043856539064609425,0.0805388604958254
107,7,408093,speed,0,400593,flow,4,0.0009803102432543453,0.010892336036159392,-0.07390811326777058
107,7,408093,speed,1,400125,flow,1,0.0011499260317126949,0.012450326959896847,0.07289956757632857
107,7,408093,speed,3,400039,flow,3,0.0029410338707420436,0.026212639409130656,-0.06669861209380765
107,7,408093,speed,6,405843,flow,11,0.005891697007591718,0.044683240402175736,0.06177222399207459
107,7,408093,speed,7,408093,flow,2,9.595795492991448e-05,0.0015212417075127725,0.08741420920450706
107,7,408093,speed,9,402391,flow,5,0.003456334237266151,0.029655141817258732,0.06558193683463423
107,7,408093,speed,15,401472,flow,6,0.0013963825789594614,0.014585293345690146,0.07165559728700563
107,7,408093,speed,18,404528,flow,2,0.006796848118215746,0.04969652137987931,0.06071738290318323
107,8,401448,flow,0,400593,flow,3,0.000598832432816368,0.007264643035203467,0.07694930812896614
107,8,401448,flow,0,400593,flow,4,0.00027046285028476806,0.0037080276522697495,0.08164047492030968
107,8,401448,flow,1,400125,flow,12,0.006832405049568973,0.049900236372169005,0.060678581914900075
107,8,401448,flow,4,400316,flow,10,0.0042079022523960185,0.034559197205990114,0.06419875089844186
107,8,401448,flow,5,400503,flow,6,0.0043376593250315405,0.0354161562731738,0.06398298956448828
107,8,401448,flow,5,400503,flow,12,0.0006502191848452133,0.007765957640396244,0.07644878500319241
107,8,401448,flow,6,405843,flow,6,0.004184043452008015,0.03440903809761018,0.06423907855298502
107,8,401448,flow,8,401448,flow,1,5.643070730917505e-84,2.031505463130302e-81,0.4157554901451684
107,8,401448,flow,8,401448,flow,2,9.3553368267725e-16,7.206482814518785e-14,0.17886761244612484
107,8,401448,flow,8,401448,flow,3,2.1892849300556963e-08,7.901178694937851e-07,0.12513158982609973
107,8,401448,flow,8,401448,flow,4,6.556076775002597e-08,2.200641155245627e-06,0.12086965481304632
107,8,401448,flow,8,401448,flow,5,1.720026211139542e-06,4.3125439536406394e-05,0.10710416390992605
107,8,401448,flow,8,401448,flow,6,7.549278096356737e-06,0.0001620918557468246,0.10028385144344958
107,8,401448,flow,8,401448,flow,10,0.00015983648423835499,0.002361469260977064,0.08461586712117733
107,8,401448,flow,8,401448,flow,11,0.003081004198757346,0.02713207004298496,0.06637867248603732
107,8,401448,flow,8,401448,flow,12,0.0024644020136968957,0.02291480133269606,0.06790347929357558
107,8,401448,flow,10,400497,flow,5,0.00013759558543930504,0.0020774912672308784,0.08544624623277843
107,8,401448,flow,10,400497,flow,11,6.897290995329441e-08,2.304431330226078e-06,0.12066746820723841
107,8,401448,flow,12,404520,flow,2,0.00407196778413199,0.03364104193430904,-0.06443135134473643
107,8,401448,flow,12,404520,flow,10,0.0019075688590465146,0.018677918112150825,0.06961685727100456
107,8,401448,flow,13,400183,flow,2,0.00020011290009812194,0.002868240638433599,0.08335635587082993
107,8,401448,flow,13,400183,flow,8,0.0009840923747188209,0.010920316102710778,0.07388392000567633
107,8,401448,flow,13,400183,flow,9,0.006557749437291642,0.04841818077097914,0.060983134185751735
107,8,401448,flow,14,401469,flow,1,0.004282723723515452,0.03504046682876279,0.06407361332134233
107,8,401448,flow,14,401469,flow,6,2.973556463044811e-05,0.0005506113982148986,0.0935485004685797
107,8,401448,flow,14,401469,flow,10,0.00033369424418462764,0.004454270670830999,0.08042436505411629
107,8,401448,flow,15,401472,flow,1,0.00013387526745492273,0.002026423109338704,0.08559736335933228
107,8,401448,flow,16,405838,flow,1,0.0003923262496329969,0.005116017715518769,0.07947601628388244
107,8,401448,flow,16,405838,flow,2,0.000104279263132748,0.0016363473183199106,0.08696371691756005
107,8,401448,flow,16,405838,flow,3,0.0003705741934247452,0.0048703392625339195,0.07981135170853862
107,8,401448,flow,16,405838,flow,4,0.00047515811939057836,0.0059897376007216185,0.07834050445791482
107,8,401448,flow,16,405838,flow,10,0.0013964067888373713,0.014585293345690146,0.07165548538127985
107,8,401448,flow,16,405838,flow,12,0.0017814057344963223,0.01767089040878097,0.07006847470051451
107,8,401448,flow,17,400260,flow,1,0.006336761919415037,0.04719795084805682,0.06123661514122949
107,8,401448,flow,17,400260,flow,2,0.0003946726169107077,0.00514324496245628,0.07944088797453303
107,8,401448,flow,17,400260,flow,12,4.983405091863936e-05,0.0008687776431336643,0.09089185772091307
107,8,401448,flow,19,401795,flow,12,8.76325261955068e-06,0.00018539300350861381,0.09957188740381583
107,8,401448,occupancy,0,400593,flow,2,3.345681626660513e-07,9.94040208196246e-06,0.11420187623046588
107,8,401448,occupancy,0,400593,flow,10,9.427789626192834e-05,0.0015034348905556677,0.08750961924030537
107,8,401448,occupancy,2,400331,flow,3,0.006031136412663807,0.04529643480999243,0.06160060853240424
107,8,401448,occupancy,5,400503,flow,1,0.0004984084383874975,0.006233712952617224,0.07805502074885004
107,8,401448,occupancy,6,405843,flow,5,0.003943810764939585,0.032783781899983724,0.0646571853027763
107,8,401448,occupancy,7,408093,flow,2,0.0018734569971927738,0.018414867412679822,0.06973619512802479
107,8,401448,occupancy,8,401448,flow,1,0.0001867250948010446,0.0027050717959105053,0.08374626625037737
107,8,401448,occupancy,9,402391,flow,6,0.0036861857497753918,0.031126509849549826,-0.0651320703852683
107,8,401448,occupancy,10,400497,flow,11,0.0011936573055813752,0.012817796570001346,0.07266191350068872
107,8,401448,occupancy,14,401469,flow,2,0.000316653784407364,0.004260181714854601,0.08072931642088349
107,8,401448,occupancy,17,400260,flow,1,3.4369359074772085e-07,1.0169563781028452e-05,0.11408863782287497
107,8,401448,occupancy,17,400260,flow,2,0.0006420539572306815,0.007683304972954416,0.07652580310063412
107,8,401448,occupancy,18,404528,flow,10,0.004209477838654378,0.03456556598172764,0.06419609504424661
107,8,401448,occupancy,19,401795,flow,2,0.0006905249259154758,0.008157144325826786,0.07608129554972835
107,8,401448,occupancy,19,401795,flow,6,0.00031261946380253504,0.004215093893966765,0.08080375809985456
107,8,401448,speed,0,400593,flow,2,0.00040840835634586213,0.005298270568811185,-0.0792390751978943
107,8,401448,speed,0,400593,flow,10,0.0009641540139098464,0.01074598900952151,-0.0740124424726673
107,8,401448,speed,1,400125,flow,5,0.005133573736843752,0.040329220845908356,-0.0627748008304332
107,8,401448,speed,5,400503,flow,9,0.002477063200940593,0.023007768282226105,-0.06786881773905527
107,8,401448,speed,6,405843,flow,5,0.003712542055641939,0.03130841525860512,-0.065082126466094
107,8,401448,speed,8,401448,flow,1,4.810073357653355e-05,0.0008426405882020475,-0.09107627789431633
107,8,401448,speed,13,400183,flow,5,0.004198614028400371,0.03451234974070226,-0.06421442574385706
107,8,401448,speed,17,400260,flow,1,8.507022212863396e-06,0.00018041402042007793,-0.09971395419636778
107,8,401448,speed,19,401795,flow,2,0.00024337668682906718,0.0033939881996796423,-0.0822451952232181
107,8,401448,speed,19,401795,flow,6,0.00011607858040103588,0.0017915665142282063,-0.08637987991433389
107,9,402391,flow,1,400125,flow,11,0.00209470044295849,0.02014493747457853,0.0689950835148855
107,9,402391,flow,2,400331,flow,11,0.0016406583545092832,0.016612737880731258,0.07060836705615785
107,9,402391,flow,3,400039,flow,1,7.014397105102339e-05,0.0011641258353454515,0.08909295673936549
107,9,402391,flow,3,400039,flow,12,0.0027472061733304445,0.02489079418789329,0.06716539155483958
107,9,402391,flow,5,400503,flow,1,2.543853019156414e-06,6.191236643806033e-05,0.10534030596353627
107,9,402391,flow,5,400503,flow,2,0.0003471688374989434,0.0046061713083397895,0.08019336822099835
107,9,402391,flow,5,400503,flow,8,0.003315107998448294,0.02876333913094322,0.06587203601848665
107,9,402391,flow,5,400503,flow,12,0.0007833527602235665,0.009065319914722227,0.07530544677225848
107,9,402391,flow,7,408093,flow,2,0.00020305997476126363,0.002903737474242499,0.08327382229447498
107,9,402391,flow,7,408093,flow,10,0.006274143092806748,0.04681225934529387,0.06130988642589546
107,9,402391,flow,8,401448,flow,12,0.005494490119991546,0.0424542967597272,0.06228195505431464
107,9,402391,flow,9,402391,flow,1,1.0616950575176983e-75,3.6988085874810135e-73,0.39616967027572714
107,9,402391,flow,9,402391,flow,2,8.860610744998035e-25,1.2190394400761627e-22,0.22768072112325072
107,9,402391,flow,9,402391,flow,3,0.0005235694353976222,0.006488873527120794,0.07775973064547939
107,9,402391,flow,9,402391,flow,7,0.0007308061922868085,0.00856274139050451,0.07573341924611714
107,9,402391,flow,9,402391,flow,8,0.0006605873769973158,0.00785937061037842,0.07635227252736035
107,9,402391,flow,9,402391,flow,9,0.005030158158330626,0.039679774759808904,0.06292178655952262
107,9,402391,flow,9,402391,flow,11,4.788874989301181e-06,0.00010848421580378134,0.10242825742695201
107,9,402391,flow,9,402391,flow,12,9.40944007102711e-05,0.0015010628178300264,0.08752013690033442
107,9,402391,flow,10,400497,flow,10,0.0002069215184001454,0.002946278706290798,0.08316736433088064
107,9,402391,flow,10,400497,flow,11,2.6227938066469466e-11,1.3800815157996114e-09,0.14884784801550766
107,9,402391,flow,12,404520,flow,11,0.0005290424526251239,0.006546729863479046,0.07769725281626953
107,9,402391,flow,13,400183,flow,2,0.0024280743027164323,0.02262713893990312,-0.06800384245296093
107,9,402391,flow,14,401469,flow,7,0.003932773458597114,0.032753078218761035,0.06467694501719881
107,9,402391,flow,15,401472,flow,1,2.6226217886911683e-11,1.3800815157996114e-09,0.14884806065425168
107,9,402391,flow,15,401472,flow,2,2.8544173363904985e-05,0.0005305973706199206,0.09375590778475751
107,9,402391,flow,15,401472,flow,3,0.005831483009198191,0.04432485965213051,0.06184746583758397
107,9,402391,flow,16,405838,flow,3,0.006723437782989758,0.04932119412891111,0.06079807094073041
107,9,402391,flow,16,405838,flow,7,0.005451607262829942,0.042221124731848955,0.06233895731828729
107,9,402391,flow,17,400260,flow,1,0.002380987539588408,0.022302398462753517,0.06813599348244874
107,9,402391,flow,17,400260,flow,2,0.0001848322193142369,0.0026785480960667676,0.08380350114509447
107,9,402391,flow,18,404528,flow,2,0.0005384797575709822,0.006644480299076386,0.07759092039248024
107,9,402391,flow,19,401795,flow,1,0.001608958363692104,0.016389295286842465,0.07073582450427641
107,9,402391,occupancy,9,402391,flow,2,2.925988249552282e-14,1.987463716677022e-12,-0.1694457813283515
107,9,402391,occupancy,9,402391,flow,11,0.0020680408148852003,0.019911062945796865,0.06908047432659956
107,9,402391,occupancy,10,400497,flow,4,0.002512626441278775,0.02326079902888487,0.06777231835904463
107,9,402391,occupancy,10,400497,flow,7,0.0052156508125970075,0.04077732793638471,-0.06266003504356188
107,9,402391,occupancy,10,400497,flow,11,5.011740641781116e-05,0.0008723094106565036,0.09086228874640573
107,9,402391,occupancy,12,404520,flow,11,0.004493146401235748,0.03634363160296997,0.06373201537644962
107,9,402391,occupancy,13,400183,flow,2,0.003419227059174981,0.02942442409489227,-0.06565710069670512
107,9,402391,occupancy,17,400260,flow,9,0.000141898714069884,0.002123319864156214,-0.08527618028562431
107,9,402391,occupancy,18,404528,flow,2,0.00045276080072345143,0.005769695159661682,0.07862810494133127
107,9,402391,occupancy,19,401795,flow,9,3.6583509974790903e-06,8.519717686851576e-05,-0.10367726265130595
107,9,402391,speed,4,400316,flow,4,0.005989020179852379,0.045121323991911884,-0.06165206334313054
107,9,402391,speed,5,400503,flow,1,0.005892602328036925,0.044683240402175736,-0.06177109802174846
107,9,402391,speed,6,405843,flow,5,0.0063637128819615,0.04734155269515013,-0.061205279659367284
107,9,402391,speed,7,408093,flow,2,0.0034649447382357917,0.029711316532708653,-0.06556460045910133
107,9,402391,speed,7,408093,flow,6,0.006787105597957242,0.049678577064004206,-0.060728046098717875
107,9,402391,speed,9,402391,flow,2,0.0006294542473323022,0.007559144139338729,0.07664645422111122
107,9,402391,speed,10,400497,flow,4,0.0012146025960214299,0.013003923704616054,-0.07255092219059639
107,9,402391,speed,12,404520,flow,11,0.0021505778539368386,0.020585765603671338,-0.06881929278155212
107,9,402391,speed,19,401795,flow,9,0.004351526136922386,0.03548911838361394,0.06396027877762633
107,10,400497,flow,1,400125,flow,1,9.999529981497805e-15,7.081634347552543e-13,0.17246975646340681
107,10,400497,flow,1,400125,flow,2,5.404022199507707e-09,2.137854936068983e-07,0.1304387621470845
107,10,400497,flow,1,400125,flow,9,2.3649028823586923e-06,5.7883175364246746e-05,-0.10567119268271051
107,10,400497,flow,1,400125,flow,12,1.5637125140207497e-08,5.773707744076614e-07,0.12645158914521593
107,10,400497,flow,2,400331,flow,3,0.00246591955624265,0.022918990907180994,0.06789931625784387
107,10,400497,flow,3,400039,flow,1,8.848881746357272e-35,1.794702776725982e-32,0.27103404645762685
107,10,400497,flow,3,400039,flow,2,8.947819959101401e-13,5.467409083920516e-11,0.15942084067120696
107,10,400497,flow,3,400039,flow,6,0.00010748099251907202,0.0016768432202325428,0.08679936922015466
107,10,400497,flow,3,400039,flow,7,1.452828633216724e-05,0.0002919171951393604,0.09712186850431054
107,10,400497,flow,3,400039,flow,9,0.006447110836507839,0.0478466222534167,-0.06110906440779078
107,10,400497,flow,3,400039,flow,10,0.0031908514635884716,0.027875588114665714,-0.06613673345293944
107,10,400497,flow,3,400039,flow,12,1.801899151108176e-11,9.598279078652677e-10,0.15005994923169116
107,10,400497,flow,4,400316,flow,1,5.0988832581964865e-17,4.35319677379621e-15,0.18660300952598433
107,10,400497,flow,4,400316,flow,3,0.0003609291322011945,0.004768238076786423,-0.0799659657815617
107,10,400497,flow,4,400316,flow,4,8.225399719692856e-06,0.00017504298910873468,-0.09987489276297867
107,10,400497,flow,4,400316,flow,6,1.3350168829899793e-07,4.253151131649491e-06,0.11800514871450161
107,10,400497,flow,4,400316,flow,7,0.003021936972244358,0.02672419185280579,0.06651203673559906
107,10,400497,flow,4,400316,flow,11,0.00019661056594896315,0.0028264813474193702,0.08345593656048567
107,10,400497,flow,4,400316,flow,12,4.870707484426211e-23,6.029070582441613e-21,0.21923140796301072
107,10,400497,flow,5,400503,flow,1,4.901854346187294e-15,3.632248846574461e-13,0.17444787925627483
107,10,400497,flow,5,400503,flow,2,5.2707702669641865e-15,3.872402645116545e-13,0.17424760032672856
107,10,400497,flow,5,400503,flow,6,6.604700533974529e-05,0.0011054748665931795,0.08941206494163191
107,10,400497,flow,5,400503,flow,7,3.4051472970909968e-12,1.95875317222811e-10,0.15532473723103282
107,10,400497,flow,5,400503,flow,8,0.004742576830702871,0.03785648911425795,0.06334537150181882
107,10,400497,flow,5,400503,flow,12,2.4178443346183503e-10,1.1365710038684738e-08,0.14146310716603872
107,10,400497,flow,6,405843,flow,1,3.7543238070349675e-23,4.6874794353731385e-21,0.2197948621398528
107,10,400497,flow,6,405843,flow,2,0.0003717998548919936,0.004883476354920682,0.07979197379316223
107,10,400497,flow,6,405843,flow,6,0.004104101989383389,0.03387413181913688,0.06437573728766084
107,10,400497,flow,6,405843,flow,7,1.5513663104599936e-09,6.628983641134691e-08,0.13497422394764877
107,10,400497,flow,6,405843,flow,11,0.006162197565200862,0.04607250516038028,0.06144253056662926
107,10,400497,flow,6,405843,flow,12,1.2890344826557508e-09,5.546443192303629e-08,0.13563467128259343
107,10,400497,flow,7,408093,flow,2,0.0009255026555901765,0.010376775167790194,0.07426875395213604
107,10,400497,flow,7,408093,flow,4,5.1956934964738545e-09,2.0641286862463913e-07,0.13058399880393887
107,10,400497,flow,7,408093,flow,5,5.605215337183273e-06,0.00012468862130088435,0.10169149266324702
107,10,400497,flow,7,408093,flow,6,0.0003713126175908402,0.004878559939149724,0.0797996699411824
107,10,400497,flow,7,408093,flow,10,0.00019325969422085123,0.0027868611020781466,0.08355278225327116
107,10,400497,flow,7,408093,flow,11,0.001846580255689683,0.018196228796942132,0.06983163463179477
107,10,400497,flow,7,408093,flow,12,0.0025377325582152596,0.023440249415201887,0.06770494291616624
107,10,400497,flow,8,401448,flow,1,1.517636584663905e-08,5.622804498926303e-07,0.12656550670560895
107,10,400497,flow,8,401448,flow,2,5.504055417461782e-05,0.0009446769727228803,0.09037233483142113
107,10,400497,flow,8,401448,flow,6,4.1918808477062133e-05,0.0007470656909851131,0.09178966163412554
107,10,400497,flow,8,401448,flow,12,0.0033095827405720626,0.028726938797008862,0.06588361278795107
107,10,400497,flow,9,402391,flow,1,3.470128594454404e-11,1.799634517172032e-09,0.14793743789066147
107,10,400497,flow,9,402391,flow,2,2.205063684004374e-06,5.4371433304217436e-05,0.10598772114593662
107,10,400497,flow,9,402391,flow,4,0.0011706245294127297,0.012617509897861758,-0.07278606175226453
107,10,400497,flow,9,402391,flow,12,0.0016015848435289514,0.016325735073254057,0.07076580240650773
107,10,400497,flow,10,400497,flow,1,0.0,0.0,0.8484374666239798
107,10,400497,flow,10,400497,flow,2,3.840631269018653e-51,9.875908977476536e-49,-0.32827967161121324
107,10,400497,flow,10,400497,flow,3,3.0563824542488315e-09,1.2598828437361596e-07,-0.13252888691843276
107,10,400497,flow,10,400497,flow,4,0.0010545677705985595,0.011559839555914176,0.07344816426956821
107,10,400497,flow,10,400497,flow,5,2.6941978074405543e-26,3.918833174458988e-24,0.2348783709653825
107,10,400497,flow,10,400497,flow,6,5.830867284885856e-60,1.6792897780471268e-57,0.3547227207445057
107,10,400497,flow,10,400497,flow,7,1.4842978955796407e-07,4.707905219459653e-06,0.11757240266787637
107,10,400497,flow,10,400497,flow,8,6.973126837247767e-29,1.1453957390460211e-26,-0.24653461490270162
107,10,400497,flow,10,400497,flow,9,1.3714099043200083e-36,2.9184683678140077e-34,-0.27806446461809053
107,10,400497,flow,10,400497,flow,10,3.505149599158803e-05,0.0006348950217344247,-0.09270991565394521
107,10,400497,flow,10,400497,flow,11,3.533022060612967e-41,8.075478995686781e-39,0.29502892559085075
107,10,400497,flow,10,400497,flow,12,3.992969881733353e-138,1.9166255432320096e-135,0.5201875592575492
107,10,400497,flow,11,405841,flow,1,0.001183448700113311,0.012739841476425377,0.0727166632144707
107,10,400497,flow,11,405841,flow,6,7.289380307252994e-05,0.0012032909028403874,0.08888851393843317
107,10,400497,flow,11,405841,flow,7,7.458750149345695e-08,2.482419156022604e-06,0.12035495622328178
107,10,400497,flow,11,405841,flow,12,1.135946852518779e-05,0.00023491098146869913,0.09832144536093339
107,10,400497,flow,12,404520,flow,1,3.588003350340334e-20,3.8750436183675605e-18,0.20438224244169853
107,10,400497,flow,12,404520,flow,3,7.821146111291032e-13,4.799339659201315e-11,-0.159827407677266
107,10,400497,flow,12,404520,flow,4,1.453264098189498e-09,6.22827470652642e-08,-0.1352074879748616
107,10,400497,flow,12,404520,flow,6,2.2630441278560933e-18,2.0625212304511231e-16,0.19444211259663208
107,10,400497,flow,12,404520,flow,7,2.2566014695819578e-09,9.427967455119978e-08,0.1336283592487311
107,10,400497,flow,12,404520,flow,11,5.721183968710492e-09,2.2591878194542345e-07,0.13022778344915678
107,10,400497,flow,12,404520,flow,12,7.21583380288487e-28,1.1133000724450942e-25,0.24203601321542606
107,10,400497,flow,14,401469,flow,1,1.0391760830186341e-10,5.142314637617984e-09,0.14431510196940836
107,10,400497,flow,14,401469,flow,2,8.500239385758664e-08,2.790352138790078e-06,0.11983124499288399
107,10,400497,flow,14,401469,flow,3,0.00016208408854046636,0.0023881420958213324,0.08453810120783971
107,10,400497,flow,14,401469,flow,6,1.6155442213154425e-08,5.9440962174778e-07,0.12632727131591873
107,10,400497,flow,14,401469,flow,7,1.028536536515158e-07,3.3307929818182027e-06,0.11906344337632774
107,10,400497,flow,14,401469,flow,8,7.197337914758877e-07,1.950693958235918e-05,0.11093503036002429
107,10,400497,flow,14,401469,flow,12,2.099761461648981e-05,0.0004029751005918968,0.09529991321048642
107,10,400497,flow,15,401472,flow,1,1.970710482510001e-50,5.0375557896113633e-48,0.32611798841191453
107,10,400497,flow,15,401472,flow,2,2.572352847115415e-49,6.386531206631375e-47,0.32256077201296157
107,10,400497,flow,15,401472,flow,3,2.955723690689107e-12,1.7139229991646905e-10,0.15576372214680217
107,10,400497,flow,15,401472,flow,5,0.0016571069372417937,0.01671422360234543,-0.07054312137682821
107,10,400497,flow,15,401472,flow,7,3.4941183590275404e-05,0.0006334280869072168,0.09272605286042022
107,10,400497,flow,15,401472,flow,8,2.7292789404220362e-05,0.0005088685810368234,0.09398280869681655
107,10,400497,flow,15,401472,flow,10,6.891027913803098e-05,0.0011480617272514224,-0.08918715200045815
107,10,400497,flow,15,401472,flow,11,0.004201260813741354,0.034517776179845285,-0.06420995581827185
107,10,400497,flow,15,401472,flow,12,1.561137678622423e-07,4.937126479977209e-06,0.11736580069812237
107,10,400497,flow,16,405838,flow,1,2.4974619142205455e-13,1.5842930204747072e-11,0.16323466770600614
107,10,400497,flow,16,405838,flow,2,6.32982486231268e-18,5.638112042307377e-16,0.19189075379761372
107,10,400497,flow,16,405838,flow,3,9.258637728461143e-11,4.602682967428325e-09,0.14470067812267914
107,10,400497,flow,16,405838,flow,4,4.547330174260203e-05,0.0008044417015890286,0.09136819948371361
107,10,400497,flow,16,405838,flow,5,0.0016993646559572205,0.017017281673006937,0.07037819078680695
107,10,400497,flow,16,405838,flow,6,0.0033534238557523708,0.028981567971035575,0.0657922346292043
107,10,400497,flow,16,405838,flow,7,3.4422840187453153e-17,2.9563950220635708e-15,0.18761069946188397
107,10,400497,flow,16,405838,flow,8,2.0770465653071008e-13,1.3253827418207792e-11,0.163778068901291
107,10,400497,flow,16,405838,flow,10,0.0003693728880056889,0.004857506472403581,-0.07983040273789328
107,10,400497,flow,16,405838,flow,11,8.909595812368937e-07,2.3685817790420805e-05,-0.11000836635372485
107,10,400497,flow,17,400260,flow,1,1.1865911433338422e-24,1.617057961893438e-22,0.22712834249307806
107,10,400497,flow,17,400260,flow,2,1.144580265917915e-34,2.3105545554978473e-32,0.2705930026604114
107,10,400497,flow,17,400260,flow,3,4.7471051570082696e-08,1.6419130727202343e-06,0.12214864359482279
107,10,400497,flow,17,400260,flow,6,0.00048073258506563704,0.006049134004378554,0.07827088967002419
107,10,400497,flow,17,400260,flow,7,2.0175687907369496e-06,5.0033852904613214e-05,0.10638837009223158
107,10,400497,flow,17,400260,flow,8,0.006480544011159405,0.04803370560257067,0.06107080685903899
107,10,400497,flow,17,400260,flow,10,9.396549057562622e-07,2.4842773518158218e-05,-0.10977614842844347
107,10,400497,flow,17,400260,flow,11,0.00011845551944271388,0.0018256433963343701,-0.08626907371201867
107,10,400497,flow,17,400260,flow,12,4.107028863842732e-06,9.432292150717328e-05,0.10314242281027443
107,10,400497,flow,18,404528,flow,1,3.180611883960689e-20,3.4523224469121046e-18,0.20461318489827224
107,10,400497,flow,18,404528,flow,2,2.81120044847455e-06,6.727566651552732e-05,0.104885386675061
107,10,400497,flow,18,404528,flow,7,1.1700475632604108e-05,0.00024069549872785591,0.09817796522177175
107,10,400497,flow,18,404528,flow,10,0.0004538235497062614,0.005779828227391066,-0.07861416159277784
107,10,400497,flow,18,404528,flow,12,0.006077896273395085,0.04556839968945985,0.061543858000732365
107,10,400497,flow,19,401795,flow,1,6.7912544977605655e-12,3.7855767006871797e-10,0.15316547420186938
107,10,400497,flow,19,401795,flow,2,5.331613904831531e-06,0.00011933975165218764,0.1019262792069953
107,10,400497,flow,19,401795,flow,6,2.092709372157554e-06,5.177837621833124e-05,0.10622368039493683
107,10,400497,flow,19,401795,flow,9,3.620583565449183e-05,0.0006530655951039863,-0.09254388321878648
107,10,400497,flow,19,401795,flow,12,3.89575621029375e-08,1.3638303750785252e-06,0.12292523435743649
107,10,400497,occupancy,1,400125,flow,1,3.845341926050802e-11,1.991831789033509e-09,0.1476021372419628
107,10,400497,occupancy,1,400125,flow,2,0.0009548149434483017,0.010647394310006875,0.07407349001970488
107,10,400497,occupancy,1,400125,flow,4,5.338838691680601e-06,0.0001194395812949777,-0.10191993263102367
107,10,400497,occupancy,1,400125,flow,9,4.698352697251564e-09,1.881082822254565e-07,-0.13095499411051773
107,10,400497,occupancy,1,400125,flow,10,0.0017506483220538975,0.017439151742698066,-0.07018302199258533
107,10,400497,occupancy,1,400125,flow,12,1.0037929970089787e-06,2.6425263541004194e-05,0.10948735499756644
107,10,400497,occupancy,2,400331,flow,10,0.004555926724226137,0.03671256006091571,0.06363290380802834
107,10,400497,occupancy,3,400039,flow,1,2.369565007567333e-32,4.374581552431999e-30,0.26126125481892176
107,10,400497,occupancy,3,400039,flow,2,4.6879770010255224e-09,1.8786698185927883e-07,0.13096313412619953
107,10,400497,occupancy,3,400039,flow,4,0.00018165122794338678,0.0026377590074468265,-0.08390093663447339
107,10,400497,occupancy,3,400039,flow,6,0.0032915795051839344,0.028593652649094303,0.06592145640329737
107,10,400497,occupancy,3,400039,flow,7,6.2953283383929045e-06,0.00013770034643978405,0.10114476876378563
107,10,400497,occupancy,3,400039,flow,10,0.00025504741577086907,0.0035382300453762183,-0.08197727409470762
107,10,400497,occupancy,3,400039,flow,12,1.774311929843937e-10,8.47901276208607e-09,0.1425148810553812
107,10,400497,occupancy,4,400316,flow,1,5.27736450766422e-19,5.2530448555551684e-17,0.19799424438022395
107,10,400497,occupancy,4,400316,flow,3,2.755706839692977e-06,6.628426251377317e-05,-0.10497629776601722
107,10,400497,occupancy,4,400316,flow,4,6.960681626904001e-08,2.3238133406665597e-06,-0.12063097533828987
107,10,400497,occupancy,4,400316,flow,6,4.598768897019779e-05,0.0008111498083312004,0.09130981159227508
107,10,400497,occupancy,4,400316,flow,7,1.246460170431579e-06,3.218594104162834e-05,0.10853519839241436
107,10,400497,occupancy,4,400316,flow,11,4.078844426971042e-05,0.0007293297982001201,0.09193081346432944
107,10,400497,occupancy,4,400316,flow,12,3.704203913122283e-22,4.457426435846312e-20,0.21478556139219232
107,10,400497,occupancy,5,400503,flow,1,9.18990763231931e-19,8.763885424198547e-17,0.19664888563553412
107,10,400497,occupancy,5,400503,flow,2,6.386528386297942e-15,4.636941618286909e-13,0.17371647765986203
107,10,400497,occupancy,5,400503,flow,6,9.251958469973691e-05,0.0014803133551957906,0.08761120707519829
107,10,400497,occupancy,5,400503,flow,7,6.033305640734522e-14,4.016006220026677e-12,0.16737594990823018
107,10,400497,occupancy,5,400503,flow,8,8.790188419807836e-05,0.0014153415569724134,0.08788693586679405
107,10,400497,occupancy,5,400503,flow,12,4.465552440414556e-07,1.2860791028393921e-05,0.11298122930064851
107,10,400497,occupancy,6,405843,flow,1,2.7037262160378605e-23,3.435322721553987e-21,0.22050315795911904
107,10,400497,occupancy,6,405843,flow,2,9.510762585712349e-05,0.0015110884284765481,0.08746230038772831
107,10,400497,occupancy,6,405843,flow,4,0.0005037420641445887,0.006289496292209894,-0.07799128337665782
107,10,400497,occupancy,6,405843,flow,6,2.569018092216383e-06,6.245446346862563e-05,0.10529557624850557
107,10,400497,occupancy,6,405843,flow,7,1.6485405074418192e-11,8.813978950679034e-10,0.15034571730700022
107,10,400497,occupancy,6,405843,flow,12,2.0311060732541464e-14,1.394972692600622e-12,0.17048012339437862
107,10,400497,occupancy,7,408093,flow,4,6.746677176086897e-06,0.0001462400672388128,0.10081740385884286
107,10,400497,occupancy,7,408093,flow,5,4.96445251446241e-06,0.0001118749862414064,0.10226015510514636
107,10,400497,occupancy,7,408093,flow,6,3.911721253135563e-05,0.0007011882080309391,0.09214645351480534
107,10,400497,occupancy,7,408093,flow,11,1.7109476742150923e-06,4.2972639259355806e-05,0.10712782770715454
107,10,400497,occupancy,7,408093,flow,12,0.004850112016915267,0.03852267680285706,0.06318432975275826
107,10,400497,occupancy,8,401448,flow,1,1.0209051290206211e-07,3.3085597579663037e-06,0.11909352936824526
107,10,400497,occupancy,8,401448,flow,2,0.00024243406078880772,0.0033871770459497066,0.08226735731057702
107,10,400497,occupancy,8,401448,flow,7,0.002215043972763961,0.021050151034015304,0.06862160714151458
107,10,400497,occupancy,8,401448,flow,12,0.0021692746986981667,0.020691690656604284,0.06876140602535602
107,10,400497,occupancy,9,402391,flow,1,4.410230419003934e-11,2.268118501202023e-09,0.14715332072972107
107,10,400497,occupancy,9,402391,flow,2,1.3882501691935105e-05,0.0002809012051951272,0.09734458542147047
107,10,400497,occupancy,9,402391,flow,4,0.0004753252592041709,0.0059900966154084545,-0.07833840614580385
107,10,400497,occupancy,9,402391,flow,8,0.0029251362275425036,0.026103260696103317,0.06673582387025451
107,10,400497,occupancy,9,402391,flow,12,0.0025363200893741052,0.023432212972831767,0.06770871724704476
107,10,400497,occupancy,10,400497,flow,1,1.2489801345841673e-77,4.422618181478363e-75,0.40106374976038245
107,10,400497,occupancy,10,400497,flow,2,0.0005874396593026125,0.007152591116649623,-0.07706567242941754
107,10,400497,occupancy,10,400497,flow,3,8.56355355720347e-50,2.1384133738219067e-47,-0.3240896092137882
107,10,400497,occupancy,10,400497,flow,4,5.939067171392017e-16,4.6395606112863496e-14,-0.18017278767257677
107,10,400497,occupancy,10,400497,flow,5,1.3694034388265616e-16,1.1268234010915706e-14,0.18404363029020682
107,10,400497,occupancy,10,400497,flow,6,2.927078793257584e-90,1.090084516109721e-87,0.43016120714988004
107,10,400497,occupancy,10,400497,flow,7,4.548856625080797e-28,7.043390903350911e-26,0.24293159415458324
107,10,400497,occupancy,10,400497,flow,8,2.8909090481124455e-20,3.153718961577213e-18,-0.20488636789823508
107,10,400497,occupancy,10,400497,flow,9,3.6232721490072107e-53,9.72207185323674e-51,-0.3346436112614049
107,10,400497,occupancy,10,400497,flow,10,1.3443353474500905e-25,1.8978851964001277e-23,-0.23162196475434585
107,10,400497,occupancy,10,400497,flow,11,9.070742780935626e-30,1.5549844767318216e-27,0.25038767578126697
107,10,400497,occupancy,10,400497,flow,12,6.489276916154055e-167,3.4609476886154965e-164,0.5636390164442778
107,10,400497,occupancy,11,405841,flow,1,1.954619137161967e-06,4.858431917456673e-05,0.10653093725377887
107,10,400497,occupancy,11,405841,flow,3,0.00017552874569125122,0.002563502979669389,-0.08409306994157281
107,10,400497,occupancy,11,405841,flow,4,1.1866577392362524e-06,3.07151673666903e-05,-0.10875210747692067
107,10,400497,occupancy,11,405841,flow,6,9.680529098387033e-05,0.0015324252731781598,0.08736668561437096
107,10,400497,occupancy,11,405841,flow,7,7.952250181914397e-07,2.1390859767042463e-05,0.11050286505944162
107,10,400497,occupancy,11,405841,flow,12,0.00011499730806500674,0.0017786909088465062,0.0864309950887212
107,10,400497,occupancy,12,404520,flow,1,1.0699436048593616e-22,1.309392740224488e-20,0.2175185542456731
107,10,400497,occupancy,12,404520,flow,3,1.772791677545445e-21,2.058725819085033e-19,-0.21128570644183012
107,10,400497,occupancy,12,404520,flow,4,1.9170848121863098e-15,1.4478682497630872e-13,-0.1770179618780907
107,10,400497,occupancy,12,404520,flow,6,6.447168562889091e-12,3.602760650465758e-10,0.15332917193966433
107,10,400497,occupancy,12,404520,flow,7,6.487275221716593e-15,4.702186066747598e-13,0.1736731101181934
107,10,400497,occupancy,12,404520,flow,11,2.078791569516429e-09,8.744283914616333e-08,0.13392427648876495
107,10,400497,occupancy,12,404520,flow,12,1.8083052928685156e-30,3.14995115531935e-28,0.2533879157659071
107,10,400497,occupancy,14,401469,flow,1,9.919835002911213e-07,2.6132082998535677e-05,0.10953917041470129
107,10,400497,occupancy,14,401469,flow,2,5.758542637843284e-09,2.2718633968477616e-07,0.13020368470197702
107,10,400497,occupancy,14,401469,flow,6,0.00459415051399044,0.03695164814827537,0.06357316351569106
107,10,400497,occupancy,14,401469,flow,7,1.8034918833213894e-05,0.000354140224361291,0.09605621418853404
107,10,400497,occupancy,14,401469,flow,8,2.391227299345077e-07,7.290121336041449e-06,0.11560623552681838
107,10,400497,occupancy,15,401472,flow,1,3.366389673075441e-34,6.764094598923677e-32,0.26873501274234185
107,10,400497,occupancy,15,401472,flow,2,1.1118194619981788e-36,2.3777525127881843e-34,0.2784130984445872
107,10,400497,occupancy,15,401472,flow,3,1.893303966300917e-09,8.01869915139212e-08,0.13426047742010813
107,10,400497,occupancy,15,401472,flow,5,9.611857647538272e-05,0.0015232290916128148,-0.08740517026981406
107,10,400497,occupancy,15,401472,flow,7,0.00013082150941193772,0.0019861512812291825,0.08572438952059394
107,10,400497,occupancy,15,401472,flow,8,0.0005246323477256081,0.006497740086509825,0.07774754941544242
107,10,400497,occupancy,15,401472,flow,10,2.519961104869043e-10,1.1807193029321329e-08,-0.14132192203992447
107,10,400497,occupancy,15,401472,flow,11,5.382899708013401e-07,1.5119718295590307e-05,-0.11218455328554043
107,10,400497,occupancy,15,401472,flow,12,0.00343714860199049,0.029525714775499937,0.06562070688348565
107,10,400497,occupancy,16,405838,flow,1,9.855777408329276e-08,3.2036838528203516e-06,0.11923570013497739
107,10,400497,occupancy,16,405838,flow,2,1.731884005074918e-17,1.520678638602367e-15,0.18935907516798267
107,10,400497,occupancy,16,405838,flow,3,7.315525823010438e-15,5.249679660366295e-13,0.1733398112614251
107,10,400497,occupancy,16,405838,flow,4,1.554059469846885e-12,9.298527575815156e-11,0.15774195697688365
107,10,400497,occupancy,16,405838,flow,5,2.313021155921103e-09,9.635729405572966e-08,0.13353919543446696
107,10,400497,occupancy,16,405838,flow,6,1.421300475988919e-05,0.0002865150749543691,0.09722939706304697
107,10,400497,occupancy,16,405838,flow,7,7.547673815922046e-15,5.407288703944152e-13,0.17321005030122566
107,10,400497,occupancy,16,405838,flow,8,7.219938963625657e-14,4.747357126767556e-12,0.16681686337813514
107,10,400497,occupancy,16,405838,flow,9,5.969126301464999e-05,0.001011636940852444,0.08992363912193595
107,10,400497,occupancy,16,405838,flow,10,6.425252771346852e-10,2.8704335028147257e-08,-0.1380890369274216
107,10,400497,occupancy,16,405838,flow,11,8.207338928711817e-08,2.7003582766211003e-06,-0.11997196228317306
107,10,400497,occupancy,16,405838,flow,12,0.006461024912042718,0.04791695728759578,-0.06109312092864078
107,10,400497,occupancy,17,400260,flow,1,1.9797481577971033e-23,2.522864909051176e-21,0.22117333137731635
107,10,400497,occupancy,17,400260,flow,2,1.1400305451156855e-32,2.1412747629998966e-30,0.26256389040878425
107,10,400497,occupancy,17,400260,flow,3,1.036914132708285e-07,3.3554075305616414e-06,0.11903066320834091
107,10,400497,occupancy,17,400260,flow,7,1.838519884230075e-06,4.588333853191175e-05,0.10680583960160824
107,10,400497,occupancy,17,400260,flow,8,0.0004604492164043106,0.0058401075010764,0.07852791284689492
107,10,400497,occupancy,17,400260,flow,10,9.303014179635798e-09,3.5597007312689674e-07,-0.12841551825549333
107,10,400497,occupancy,17,400260,flow,11,0.00022117570199694768,0.003126939729580351,-0.0827899036964344
107,10,400497,occupancy,17,400260,flow,12,5.1765608278463565e-05,0.0008948676581150964,0.09069337072092785
107,10,400497,occupancy,18,404528,flow,1,2.155544858261405e-18,1.9812667633381424e-16,0.19456196009612337
107,10,400497,occupancy,18,404528,flow,2,1.1953002132377578e-08,4.474607384044292e-07,0.1274713281279862
107,10,400497,occupancy,18,404528,flow,7,1.6308858227316088e-05,0.0003243750807642979,0.09655341601230541
107,10,400497,occupancy,18,404528,flow,8,0.00115266560340773,0.012476861455077409,0.07288443656470713
107,10,400497,occupancy,18,404528,flow,12,0.00016205884637869548,0.0023881420958213324,0.08453896892901858
107,10,400497,occupancy,19,401795,flow,1,1.246444758974229e-12,7.530966935340797e-11,0.1584149374775892
107,10,400497,occupancy,19,401795,flow,2,0.0028538170918628045,0.025617236660685182,0.06690506474189943
107,10,400497,occupancy,19,401795,flow,6,0.005032519648987397,0.03968690194163117,0.06291839981354523
107,10,400497,occupancy,19,401795,flow,9,0.0004189525472177634,0.005410687605323581,-0.0790884079892698
107,10,400497,occupancy,19,401795,flow,10,0.0010738535401960498,0.011729575963709065,-0.07333361412069758
107,10,400497,occupancy,19,401795,flow,12,8.933244870883775e-07,2.371949467868341e-05,0.10999680956816912
107,10,400497,speed,1,400125,flow,3,0.005836889520266271,0.04433860159583311,-0.06184068147566483
107,10,400497,speed,1,400125,flow,9,0.0015496027664803297,0.01588958925040357,0.07098081775466003
107,10,400497,speed,1,400125,flow,10,5.95495096706696e-06,0.0001315876633131932,0.10140684477769202
107,10,400497,speed,1,400125,flow,11,2.2322573590738258e-08,8.049542396660207e-07,0.12508804338856958
107,10,400497,speed,3,400039,flow,2,0.0004182163980553389,0.005402795572963709,-0.0790988113526473
107,10,400497,speed,3,400039,flow,10,0.0007626859019371382,0.00887847775900953,0.07547049739321733
107,10,400497,speed,4,400316,flow,1,0.0004940809157461505,0.0061849595943882065,-0.07810720379514693
107,10,400497,speed,6,405843,flow,2,0.0004381742817847039,0.005612311065799201,-0.07882262988411431
107,10,400497,speed,7,408093,flow,4,0.004501492104074135,0.03638249932572547,-0.06371876799847957
107,10,400497,speed,7,408093,flow,5,0.00044206902931458495,0.005650113037393511,-0.07877010551675945
107,10,400497,speed,7,408093,flow,6,1.1101264237730815e-05,0.000230011805788955,-0.0984328458634863
107,10,400497,speed,9,402391,flow,3,0.000749327959491593,0.008744183643986174,-0.07557939933851371
107,10,400497,speed,10,400497,flow,1,7.886291609774481e-10,3.505018493233103e-08,-0.1373712778258256
107,10,400497,speed,10,400497,flow,2,1.8502659854342233e-07,5.783754744627962e-06,-0.11666769147609513
107,10,400497,speed,10,400497,flow,3,0.0004958844774321038,0.006205738535650893,-0.07808540415206966
107,10,400497,speed,10,400497,flow,5,0.0007918841152939752,0.009142007958498056,-0.07523848848804687
107,10,400497,speed,10,400497,flow,6,5.959135181684354e-06,0.00013161280155867284,-0.1014035370287312
107,10,400497,speed,10,400497,flow,7,0.0036561429287480566,0.03100007350773622,-0.06518939728839684
107,10,400497,speed,10,400497,flow,9,5.4600377281462953e-05,0.0009386137280378828,0.09041441548746355
107,10,400497,speed,10,400497,flow,10,0.00013401096731776758,0.0020277666508327703,0.08559178222050744
107,10,400497,speed,10,400497,flow,11,0.001985120703150878,0.019280509684698615,0.06935267314891806
107,10,400497,speed,10,400497,flow,12,0.003167063669414149,0.02772945896203714,-0.06618847539428507
107,10,400497,speed,11,405841,flow,12,0.006740815768256202,0.04944027863984176,-0.06077889892652785
107,10,400497,speed,12,404520,flow,1,1.6197358811846497e-13,1.044367015928013e-11,-0.16450828897125777
107,10,400497,speed,12,404520,flow,2,3.3793044168584785e-05,0.0006157146807603807,-0.09289694159508921
107,10,400497,speed,12,404520,flow,8,9.71977505486967e-05,0.001538074294396959,0.08734480701563277
107,10,400497,speed,12,404520,flow,12,1.672354850644384e-05,0.0003317067472352497,-0.09642954157417338
107,10,400497,speed,14,401469,flow,7,0.004849895818143066,0.03852267680285706,-0.06318465027389134
107,10,400497,speed,14,401469,flow,8,0.0031315373839162527,0.02748525294294639,-0.06626641319742511
107,10,400497,speed,15,401472,flow,3,9.464168017635003e-05,0.001505346312083329,-0.08748882473745681
107,10,400497,speed,15,401472,flow,4,9.746841831317587e-10,4.2834543958587977e-08,-0.1366253234132436
107,10,400497,speed,15,401472,flow,5,1.321663606200329e-08,4.930558530902782e-07,-0.127090833432321
107,10,400497,speed,15,401472,flow,6,1.6271092059520243e-06,4.1081892283534455e-05,-0.10735224087481317
107,10,400497,speed,15,401472,flow,7,0.000817698554710642,0.009362464236284052,-0.07503988284759673
107,10,400497,speed,16,405838,flow,8,0.001402765922448155,0.014626958206555707,-0.07162615317444276
107,10,400497,speed,16,405838,flow,9,1.765221409556357e-05,0.0003471259563321758,-0.09616242027809437
107,10,400497,speed,17,400260,flow,4,0.0005236160443412752,0.006488873527120794,-0.07775919601323551
107,10,400497,speed,17,400260,flow,5,0.0029088678471237725,0.02601833197932403,-0.0667740948595669
107,10,400497,speed,17,400260,flow,6,0.0004282244104979936,0.005505742420688489,-0.0789588170287005
107,10,400497,speed,17,400260,flow,7,4.6864026636527055e-06,0.00010633014446943114,-0.10252911414971079
107,10,400497,speed,17,400260,flow,8,0.004448641145901534,0.036043004032810626,-0.06380303829303137
107,10,400497,speed,17,400260,flow,11,3.5075059183166985e-07,1.035001746388534e-05,0.11400303797989303
107,10,400497,speed,17,400260,flow,12,5.613684852924687e-07,1.5696516870313687e-05,0.11200479975996493
107,10,400497,speed,18,404528,flow,3,0.00557082967072202,0.04288307943250023,-0.06218146593301383
107,10,400497,speed,18,404528,flow,4,0.004176039280459005,0.03435629345188136,-0.06425265441587116
107,10,400497,speed,18,404528,flow,7,0.0005835798200303927,0.007109601868390571,-0.0771055727898628
107,10,400497,speed,19,401795,flow,6,0.0014149385051268391,0.014732548426483357,-0.07157034588860353
107,10,400497,speed,19,401795,flow,7,0.005897007164383937,0.044685267409469584,-0.061765621835660124
107,11,405841,flow,0,400593,flow,12,4.029691394873916e-05,0.0007211378138299634,0.09199335286547952
107,11,405841,flow,1,400125,flow,1,0.0006116409592002736,0.007393086020551712,0.07682091712302996
107,11,405841,flow,2,400331,flow,6,0.0034329456643355763,0.029516912911813086,0.06562922639479242
107,11,405841,flow,2,400331,flow,8,0.0036677007150196822,0.03104323489201612,0.06516729255372068
107,11,405841,flow,6,405843,flow,1,0.0019485264836059046,0.018980009941775667,0.06947613059220727
107,11,405841,flow,6,405843,flow,4,0.004887538128415869,0.038727374751937924,0.06312903812635658
107,11,405841,flow,6,405843,flow,7,0.003802689156974434,0.031873529604442286,0.06491370277345834
107,11,405841,flow,6,405843,flow,12,0.002572409860276742,0.023679545272524027,0.0676128769168594
107,11,405841,flow,7,408093,flow,3,0.00016149115400349565,0.0023826563705433785,0.08455851748818535
107,11,405841,flow,8,401448,flow,3,0.0006069991790193123,0.007347162021830348,0.07686715433777463
107,11,405841,flow,8,401448,flow,9,0.005771551835379917,0.043981485145248266,0.06192305246279459
107,11,405841,flow,9,402391,flow,3,0.0008159136539672925,0.009350424988405947,0.07505342671016932
107,11,405841,flow,10,400497,flow,5,0.00011536696256694554,0.001783769786289208,0.08641346958320015
107,11,405841,flow,10,400497,flow,6,6.230389488321056e-08,2.099476021025504e-06,0.12107237715114448
107,11,405841,flow,10,400497,flow,11,0.0039410958722799795,0.032783781899983724,0.06466204102466368
107,11,405841,flow,10,400497,flow,12,2.7279005020651107e-06,6.573853963292252e-05,0.10502251310420505
107,11,405841,flow,11,405841,flow,1,3.397383289775424e-70,1.0952758068529725e-67,0.3822068527106233
107,11,405841,flow,11,405841,flow,2,2.587551886283809e-18,2.348366417803793e-16,0.1940157953535241
107,11,405841,flow,11,405841,flow,3,1.529822020558849e-14,1.065940504647456e-12,0.1712362481228589
107,11,405841,flow,11,405841,flow,5,1.6061336413250192e-06,4.06235206705157e-05,0.10741012319519731
107,11,405841,flow,11,405841,flow,6,0.005695268385591508,0.04356925699620208,0.06202029263252335
107,11,405841,flow,11,405841,flow,7,0.004653353307582055,0.037295892929043555,0.06348151694806638
107,11,405841,flow,12,404520,flow,12,0.0027526538713498637,0.024919247116997927,0.06715186743961321
107,11,405841,flow,13,400183,flow,1,0.0018119151598860988,0.017920040042829547,0.06995663180925822
107,11,405841,flow,13,400183,flow,4,1.6009943361088206e-07,5.04839089926285e-06,0.11726247629895167
107,11,405841,flow,13,400183,flow,8,3.585684024520095e-05,0.0006478525715569556,0.09259354426369923
107,11,405841,flow,13,400183,flow,10,0.0021102213257577795,0.020262627533393217,0.06894582775251823
107,11,405841,flow,13,400183,flow,11,6.317725514437734e-05,0.0010627949463540114,0.08964693593217374
107,11,405841,flow,14,401469,flow,3,6.601667127747276e-05,0.0011053954260414043,0.08941449671419432
107,11,405841,flow,14,401469,flow,4,0.0013777109357435567,0.014438891902989241,0.07174244053570591
107,11,405841,flow,14,401469,flow,8,2.9868469561719554e-07,8.985500592383599e-06,0.11467810769345002
107,11,405841,flow,14,401469,flow,9,0.00029018369812548067,0.003950837954627298,0.08123490581395656
107,11,405841,flow,14,401469,flow,10,0.0005155194578489706,0.006413993781090516,0.07785274023162995
107,11,405841,flow,15,401472,flow,1,0.0004269827683845461,0.005493048122159736,0.07897601851063805
107,11,405841,flow,15,401472,flow,2,0.00035035359102958906,0.004645572477740408,0.080139997380151
107,11,405841,flow,15,401472,flow,3,0.005787718844247206,0.044089129619375646,0.06190259285205963
107,11,405841,flow,15,401472,flow,4,0.005105046370850693,0.0401343044987716,0.06281507802778413
107,11,405841,flow,15,401472,flow,5,0.0029825089829667046,0.02648394410363035,0.0666023874519204
107,11,405841,flow,15,401472,flow,6,3.0060570788273458e-05,0.0005559146652625913,0.093493290955621
107,11,405841,flow,15,401472,flow,7,0.0003595439931026487,0.004751392016529343,0.07998848639886973
107,11,405841,flow,16,405838,flow,8,7.735687953751093e-05,0.001269205163699382,0.08857172060769511
107,11,405841,flow,17,400260,flow,6,0.001554639608893473,0.015920706244166697,0.07095969564433437
107,11,405841,flow,17,400260,flow,7,0.00014877740128058924,0.002213217539711245,0.08501415152664804
107,11,405841,flow,18,404528,flow,2,1.86888662739085e-05,0.00036526423424277667,0.09587960340310404
107,11,405841,flow,18,404528,flow,6,0.001148592008770303,0.01243990042820038,0.07290694761590022
107,11,405841,occupancy,0,400593,flow,4,0.005794110609824408,0.04411219640821675,0.06189451816984322
107,11,405841,occupancy,0,400593,flow,8,0.00264181534578839,0.024189576714298104,0.06743196657946508
107,11,405841,occupancy,0,400593,flow,12,0.0027211286622361073,0.024706338421311442,0.06723047098541811
107,11,405841,occupancy,2,400331,flow,1,0.0067593396527438,0.04953409211171028,0.060758511531916665
107,11,405841,occupancy,7,408093,flow,3,0.0003589638321408643,0.004745176728422686,0.0799979431830101
107,11,405841,occupancy,7,408093,flow,10,0.0033822900652877596,0.029154903128904352,0.06573266040305382
107,11,405841,occupancy,8,401448,flow,3,0.0014548254096741731,0.015067959169965063,0.07139052642696349
107,11,405841,occupancy,10,400497,flow,6,0.0015451053261307738,0.015850997408893237,0.07099973132954386
107,11,405841,occupancy,10,400497,flow,12,0.005227533453495659,0.04083715102911618,0.06264355524427398
107,11,405841,occupancy,11,405841,flow,3,0.0026716259582477363,0.024379409065576736,-0.0673555927738657
107,11,405841,occupancy,13,400183,flow,1,0.0015018077849939966,0.015480337941240908,0.07118445314067029
107,11,405841,occupancy,13,400183,flow,4,1.525756837594587e-05,0.0003051513675189174,0.09688142535552777
107,11,405841,occupancy,13,400183,flow,5,0.00013618446748383536,0.002058491600875328,0.08550310699217926
107,11,405841,occupancy,13,400183,flow,8,1.4457806217301551e-05,0.0002909069532312189,0.09714571180610863
107,11,405841,occupancy,13,400183,flow,11,9.634055931453165e-05,0.001525902633184955,0.08739270167470282
107,11,405841,occupancy,14,401469,flow,4,0.0007474807945322096,0.008724985226639139,0.07559460008321171
107,11,405841,occupancy,14,401469,flow,8,0.0031155707557048717,0.02738406035533071,0.06630170354302772
107,11,405841,occupancy,14,401469,flow,10,0.001395359546849188,0.014581406004810093,0.07166032770017274
107,11,405841,occupancy,16,405838,flow,5,0.0014759903703983198,0.015265210438402541,0.07129694585868483
107,11,405841,occupancy,16,405838,flow,9,0.004403077222086972,0.03576775780258691,0.06387642034082447
107,12,404520,flow,0,400593,flow,9,2.927712638029207e-05,0.0005428205406131406,0.09362735871441369
107,12,404520,flow,1,400125,flow,1,5.309140818055981e-10,2.3966027517243303e-08,0.13875414585361173
107,12,404520,flow,1,400125,flow,2,4.238380300050792e-09,1.7032374787180857e-07,0.1313338173070057
107,12,404520,flow,1,400125,flow,3,1.2658901110480755e-08,4.7306620066848493e-07,0.1272542166319089
107,12,404520,flow,1,400125,flow,4,0.0002057182750494355,0.0029310783252426164,0.0832003348326973
107,12,404520,flow,1,400125,flow,5,3.147946720251257e-05,0.000579179294356279,0.09325871439999675
107,12,404520,flow,1,400125,flow,6,0.004172856895178864,0.03435229648798749,0.06425805860917301
107,12,404520,flow,1,400125,flow,9,8.924865669235004e-07,2.371182022822584e-05,-0.11000090093271034
107,12,404520,flow,1,400125,flow,12,1.3107850364046145e-05,0.000267229417520903,0.0976251566795256
107,12,404520,flow,2,400331,flow,12,0.0012542809896749565,0.013364535412743309,0.07234542067559423
107,12,404520,flow,3,400039,flow,1,7.891297590461839e-36,1.6311198847270403e-33,0.27513724941154544
107,12,404520,flow,3,400039,flow,2,2.45428777647723e-16,1.9780826855189613e-14,0.18251451693615156
107,12,404520,flow,3,400039,flow,3,7.852508283177485e-06,0.00016785173569186905,0.10009628467230833
107,12,404520,flow,3,400039,flow,5,0.0018764920942243653,0.018436310773366518,0.06972549658015598
107,12,404520,flow,3,400039,flow,6,0.0002600424810588572,0.003591379533805189,0.08186609972906998
107,12,404520,flow,3,400039,flow,8,3.633164160496374e-05,0.0006550613177522677,-0.09252609270201502
107,12,404520,flow,3,400039,flow,9,1.7485940545158692e-08,6.396211952166431e-07,-0.12602506128107846
107,12,404520,flow,3,400039,flow,11,0.00043335020124602103,0.00556006198212893,0.07888829430512817
107,12,404520,flow,3,400039,flow,12,1.0034962076213536e-09,4.396656812296397e-08,0.13652241425867628
107,12,404520,flow,4,400316,flow,1,0.0,0.0,0.7936714254764887
107,12,404520,flow,4,400316,flow,2,0.0006092499341132688,0.007368308273710306,-0.076825387050286
107,12,404520,flow,4,400316,flow,3,1.827101438686539e-12,1.0797644617135224e-10,-0.15724625902899877
107,12,404520,flow,4,400316,flow,4,2.7481298700452927e-06,6.613883586961373e-05,-0.10498884653626916
107,12,404520,flow,4,400316,flow,8,1.8120628832884987e-08,6.600431412990147e-07,-0.1258572101758262
107,12,404520,flow,4,400316,flow,11,0.000556593703500789,0.006832863879293573,0.07737215605744899
107,12,404520,flow,4,400316,flow,12,1.1888700267833962e-11,6.444063382314017e-10,0.1513535218176651
107,12,404520,flow,5,400503,flow,1,4.540999092663139e-11,2.3325940642455128e-09,0.14705746208678158
107,12,404520,flow,5,400503,flow,2,1.5809996970661224e-07,4.988983704401496e-06,0.11731399578294281
107,12,404520,flow,5,400503,flow,3,8.638325670619876e-07,2.3078272663622676e-05,0.11014308332015597
107,12,404520,flow,5,400503,flow,6,3.280543451222173e-05,0.0006002519148360774,0.09304840488247826
107,12,404520,flow,5,400503,flow,7,6.651886669449049e-07,1.825674978879585e-05,0.11127536313627145
107,12,404520,flow,5,400503,flow,12,8.400239292386541e-07,2.248391186066286e-05,0.11026471833930224
107,12,404520,flow,6,405843,flow,1,9.034930878891402e-09,3.4632565569486117e-07,0.1285252250149713
107,12,404520,flow,6,405843,flow,5,0.006040781830895877,0.0453609899347648,0.0615888699383918
107,12,404520,flow,6,405843,flow,9,0.0005569430644141483,0.006834595410444847,-0.0773878144237309
107,12,404520,flow,7,408093,flow,1,0.001418104422399716,0.01475839822878047,0.07155590368874291
107,12,404520,flow,7,408093,flow,3,0.0067825308610960765,0.04965350503293518,0.06073305789477764
107,12,404520,flow,7,408093,flow,4,0.0015508267136223265,0.015894594075559786,0.07097567930086053
107,12,404520,flow,7,408093,flow,5,2.1325706118605796e-08,7.702930638158616e-07,0.12526386121515498
107,12,404520,flow,7,408093,flow,6,0.005626220473620023,0.043217056269627484,0.062109326960593694
107,12,404520,flow,7,408093,flow,12,0.0065514049898926984,0.04838787751126083,0.060990303710357546
107,12,404520,flow,8,401448,flow,1,0.00047266037602739706,0.005965045608594974,0.07837194394565487
107,12,404520,flow,8,401448,flow,3,0.002671817051509922,0.024379409065576736,0.06735510571473043
107,12,404520,flow,8,401448,flow,5,0.00040296620912918136,0.005237105967021852,0.07931826498953956
107,12,404520,flow,8,401448,flow,6,1.3657587462002058e-05,0.00027673910804807176,0.09742447772786388
107,12,404520,flow,9,402391,flow,1,3.104042817657836e-05,0.0005723203146513809,0.09333020648951665
107,12,404520,flow,9,402391,flow,2,2.1137860903662576e-06,5.224002237060774e-05,0.1061785043920437
107,12,404520,flow,9,402391,flow,10,0.005812646592524195,0.04422443339151906,-0.06187114706393517
107,12,404520,flow,9,402391,flow,11,0.00030680023651612995,0.004144719603127941,0.08091273378262277
107,12,404520,flow,9,402391,flow,12,5.8997895571722736e-05,0.0010014574022390657,0.09000770538944328
107,12,404520,flow,10,400497,flow,1,1.09180830638831e-24,1.4929294412142352e-22,0.22730190371401812
107,12,404520,flow,10,400497,flow,5,9.227855865940573e-10,4.059504820861841e-08,0.13681840407473933
107,12,404520,flow,10,400497,flow,6,1.3908566128322156e-05,0.0002811964740072062,0.09733540690745743
107,12,404520,flow,10,400497,flow,8,2.7544306875532547e-17,2.398800160733219e-15,-0.1881799551999637
107,12,404520,flow,10,400497,flow,9,9.267880569840939e-24,1.2095844127405696e-21,-0.2227962962954036
107,12,404520,flow,10,400497,flow,11,2.4217312834151806e-15,1.81315063160374e-13,0.1763818653965618
107,12,404520,flow,10,400497,flow,12,5.056960469801218e-47,1.1872863711707207e-44,0.3150936303396643
107,12,404520,flow,11,405841,flow,10,0.0017710595228443348,0.01758845319238512,0.07010680206364776
107,12,404520,flow,11,405841,flow,12,0.000894211040971537,0.010097780368830153,0.07448362632384518
107,12,404520,flow,12,404520,flow,1,0.0,0.0,0.8316925325150701
107,12,404520,flow,12,404520,flow,2,3.589016500557439e-06,8.394451154525251e-05,-0.10371347986651684
107,12,404520,flow,12,404520,flow,3,6.034907400526224e-19,5.925181811425747e-17,-0.1976209698889432
107,12,404520,flow,12,404520,flow,4,1.9228337767102456e-09,8.127829662806517e-08,-0.1341713521150918
107,12,404520,flow,12,404520,flow,8,0.000992754998127209,0.010985403667801083,-0.07382883014018433
107,12,404520,flow,12,404520,flow,10,4.799972585384179e-06,0.00010866231625861585,0.10241745903728139
107,12,404520,flow,12,404520,flow,11,7.54711863258568e-18,6.667393147805754e-16,0.19145086775406348
107,12,404520,flow,12,404520,flow,12,1.4333330861323068e-28,2.284870454646334e-26,0.24515730258267737
107,12,404520,flow,14,401469,flow,2,0.0010742590665443726,0.011731039351546233,0.0733312259234657
107,12,404520,flow,14,401469,flow,7,2.7131886153594475e-05,0.0005063056077042252,0.09401269792551918
107,12,404520,flow,15,401472,flow,1,5.237252697733029e-13,3.2789756020589397e-11,0.16103275723129493
107,12,404520,flow,15,401472,flow,2,3.894986920727435e-28,6.052641545878604e-26,0.24323198790203363
107,12,404520,flow,15,401472,flow,3,7.271062691435693e-19,7.074547483559052e-17,0.19721812242273631
107,12,404520,flow,15,401472,flow,4,6.672961680697092e-09,2.615897863939332e-07,0.1296568251067835
107,12,404520,flow,15,401472,flow,5,6.005832802342427e-06,0.0001325763807159902,0.10136677110778143
107,12,404520,flow,15,401472,flow,6,1.0121327719739226e-07,3.282592773969479e-06,0.11912838333214765
107,12,404520,flow,15,401472,flow,7,5.3864997314679174e-12,3.0338564328476403e-10,0.15389372056510672
107,12,404520,flow,15,401472,flow,10,2.0914563714603757e-14,1.4341415118585433e-12,-0.17039739862789668
107,12,404520,flow,15,401472,flow,11,0.00036617169833362795,0.004821279295340666,-0.07988145320276274
107,12,404520,flow,16,405838,flow,1,3.1444512970227824e-05,0.0005787826844115219,0.09326437146883652
107,12,404520,flow,16,405838,flow,3,0.0004353986652082257,0.005583028298306723,0.07886032813965266
107,12,404520,flow,16,405838,flow,6,9.404277505357769e-06,0.00019750354313634205,0.09923314315622292
107,12,404520,flow,16,405838,flow,7,1.3177137435474068e-07,4.210446281157395e-06,0.11805830310830498
107,12,404520,flow,16,405838,flow,8,5.3135584068290734e-08,1.8145906970356995e-06,0.12170356345511536
107,12,404520,flow,17,400260,flow,1,0.0003914167963169317,0.005107541360765445,0.07948968481077848
107,12,404520,flow,17,400260,flow,2,2.0849840445842584e-06,5.161679697767333e-05,0.10624034835680651
107,12,404520,flow,17,400260,flow,3,1.917214888152492e-07,5.958538357423572e-06,0.1165211449373306
107,12,404520,flow,17,400260,flow,4,6.526755302499227e-06,0.0001419717165498321,0.10097420906785666
107,12,404520,flow,17,400260,flow,5,9.11660957004744e-08,2.9768521045052862e-06,0.11954984225468655
107,12,404520,flow,17,400260,flow,6,1.9510982265727103e-06,4.8524722733414557e-05,0.10653904093436922
107,12,404520,flow,17,400260,flow,7,8.428768399214701e-10,3.726947746633317e-08,0.13713743173265208
107,12,404520,flow,17,400260,flow,9,4.893575813138219e-06,0.00011050835082465816,-0.10232731862289247
107,12,404520,flow,17,400260,flow,10,8.919508460109669e-08,2.9182867197786773e-06,-0.11963777305178777
107,12,404520,flow,17,400260,flow,11,1.6079163140348217e-07,5.066519676608629e-06,-0.11724478545559883
107,12,404520,flow,18,404528,flow,1,4.861738522366314e-29,8.077965544854798e-27,0.24722083996456293
107,12,404520,flow,18,404528,flow,2,2.2323776364229017e-18,2.0388734438365613e-16,0.1944757190898571
107,12,404520,flow,18,404528,flow,3,9.206192807012581e-12,5.053462887712116e-10,0.15220405530714828
107,12,404520,flow,18,404528,flow,5,0.004522145330579923,0.036515266968421056,0.0636860798791952
107,12,404520,flow,18,404528,flow,9,3.876569973847344e-05,0.0006954783623938798,-0.09219291983547603
107,12,404520,flow,18,404528,flow,12,3.452811355624454e-07,1.0202561598014803e-05,0.11406923443388335
107,12,404520,flow,19,401795,flow,1,0.002757236967892183,0.02495028006136203,0.06714050863973345
107,12,404520,flow,19,401795,flow,6,0.0019910066273454174,0.019319740858338284,0.06933301104926572
107,12,404520,flow,19,401795,flow,7,0.0012908095709961724,0.013674098447041356,0.07216146815319274
107,12,404520,flow,19,401795,flow,9,0.0016384658708091112,0.016595949734807408,-0.07061710924542289
107,12,404520,occupancy,1,400125,flow,2,1.6558337025247e-29,2.7833469240882118e-27,-0.24925764247474705
107,12,404520,occupancy,1,400125,flow,3,1.0409527574712782e-25,1.4743986597625972e-23,-0.23214346972987113
107,12,404520,occupancy,1,400125,flow,4,4.8600278902678415e-21,5.496157195276721e-19,-0.20899805143978592
107,12,404520,occupancy,1,400125,flow,5,8.439526567274292e-19,8.10194550458332e-17,-0.1968561179433364
107,12,404520,occupancy,1,400125,flow,6,8.094778581582215e-19,7.810052186772248e-17,-0.19695750223242903
107,12,404520,occupancy,1,400125,flow,7,9.44894559066628e-19,8.971306582786447e-17,-0.19658120815641275
107,12,404520,occupancy,1,400125,flow,8,1.192570969096098e-19,1.2504627637124135e-17,-0.20155482975512237
107,12,404520,occupancy,1,400125,flow,9,2.1713855633964846e-18,1.9873698376849181e-16,-0.19454393414669247
107,12,404520,occupancy,1,400125,flow,10,7.078028574352511e-15,5.087701071747561e-13,-0.17343142469018777
107,12,404520,occupancy,1,400125,flow,11,4.1189954679976754e-11,2.1208653661203763e-09,-0.14737719762150037
107,12,404520,occupancy,1,400125,flow,12,5.3611063944731984e-08,1.8279384075867575e-06,-0.12166832199967446
107,12,404520,occupancy,2,400331,flow,7,0.005807807696895055,0.04419540118123416,-0.06187724170530182
107,12,404520,occupancy,3,400039,flow,2,0.0016372018812571601,0.016593523439679077,-0.07062215409765961
107,12,404520,occupancy,3,400039,flow,3,9.051596937390548e-10,3.986024339401342e-08,-0.1368863933909662
107,12,404520,occupancy,3,400039,flow,4,1.6247074464305271e-10,7.833410902432899e-09,-0.14281284369359024
107,12,404520,occupancy,3,400039,flow,5,6.572192636570197e-15,4.747804714044022e-13,-0.17363706792608674
107,12,404520,occupancy,3,400039,flow,6,5.705828922685404e-13,3.5568803673883036e-11,-0.16077597552755202
107,12,404520,occupancy,3,400039,flow,7,1.1274557338419015e-13,7.346317903766237e-12,-0.1655662362704346
107,12,404520,occupancy,3,400039,flow,8,8.579298677194226e-16,6.630155686132211e-14,-0.17918879573819493
107,12,404520,occupancy,3,400039,flow,9,7.161106191322309e-19,6.983290913433944e-17,-0.19725509858853846
107,12,404520,occupancy,3,400039,flow,10,6.488029088629842e-14,4.272604521780628e-12,-0.16716666429243648
107,12,404520,occupancy,3,400039,flow,11,3.678416644049105e-09,1.4963050755453988e-07,-0.13185306604980004
107,12,404520,occupancy,4,400316,flow,1,7.383750745761045e-07,1.989881673218198e-05,0.11082439303802405
107,12,404520,occupancy,4,400316,flow,2,0.004401596811061966,0.03576245669322492,0.06387881610238048
107,12,404520,occupancy,4,400316,flow,10,0.00043926284811633004,0.005619234539125099,0.07880790582535463
107,12,404520,occupancy,4,400316,flow,11,3.297777000395616e-05,0.0006026394518489451,0.09302166584188
107,12,404520,occupancy,4,400316,flow,12,0.002571597829202235,0.023677115562987332,0.06761501980461297
107,12,404520,occupancy,5,400503,flow,4,0.00011415249623409258,0.0017662563887223494,-0.08647124820340824
107,12,404520,occupancy,5,400503,flow,5,2.562163951713053e-05,0.00048166006402960786,-0.0943017505607649
107,12,404520,occupancy,5,400503,flow,6,2.888875184979321e-05,0.0005363103050756626,-0.09369508806502758
107,12,404520,occupancy,5,400503,flow,7,3.138413141362182e-07,9.382660740958218e-06,-0.11447056280216035
107,12,404520,occupancy,5,400503,flow,8,1.697170902473494e-10,8.137378799872914e-09,-0.1426653185287424
107,12,404520,occupancy,5,400503,flow,9,3.328671262452377e-14,2.250369304193156e-12,-0.1690788855026713
107,12,404520,occupancy,5,400503,flow,10,3.861552614951621e-11,1.9954434565300245e-09,-0.14758838243272054
107,12,404520,occupancy,5,400503,flow,11,1.109685846938066e-11,6.029991017323831e-10,-0.15161075636245835
107,12,404520,occupancy,5,400503,flow,12,1.306455608973968e-06,3.359457280218775e-05,-0.10832741758001313
107,12,404520,occupancy,6,405843,flow,1,0.006744667790990684,0.049451739404412345,0.06077465524862583
107,12,404520,occupancy,7,408093,flow,1,0.006407776656916522,0.04758740786982873,-0.061154303489425584
107,12,404520,occupancy,7,408093,flow,2,0.0016711027491011206,0.016812212100877598,-0.07048807216296328
107,12,404520,occupancy,7,408093,flow,3,1.8525653952124304e-05,0.0003627870583552901,-0.09592312447744414
107,12,404520,occupancy,7,408093,flow,4,5.412966577228695e-05,0.0009322007820466176,-0.0904597720827599
107,12,404520,occupancy,7,408093,flow,5,2.807259777887132e-08,9.981368099154245e-07,-0.12420232983830379
107,12,404520,occupancy,7,408093,flow,6,3.9128911912799913e-10,1.800179972985044e-08,-0.1398113167492917
107,12,404520,occupancy,7,408093,flow,7,4.832229919394506e-10,2.192776602078179e-08,-0.13908107232256
107,12,404520,occupancy,7,408093,flow,8,2.98865025192705e-10,1.3897706230704903e-08,-0.14073825180882543
107,12,404520,occupancy,7,408093,flow,9,2.2345324491140262e-10,1.0538406310232089e-08,-0.14173181364364137
107,12,404520,occupancy,7,408093,flow,10,2.2513234000434935e-08,8.098015893578594e-07,-0.12505528606189745
107,12,404520,occupancy,7,408093,flow,11,2.1375528312828069e-10,1.0114160165544058e-08,-0.14188280773595233
107,12,404520,occupancy,7,408093,flow,12,2.6299787336974783e-06,6.37928586725048e-05,-0.10518894000299739
107,12,404520,occupancy,8,401448,flow,6,0.005209144172418218,0.0407598312350058,-0.06266907334135324
107,12,404520,occupancy,8,401448,flow,7,0.0005394186000575742,0.006650366302079682,-0.07758043730734339
107,12,404520,occupancy,8,401448,flow,8,3.584543602441344e-05,0.0006478525715569556,-0.09259517477800348
107,12,404520,occupancy,8,401448,flow,9,9.399282562647832e-05,0.0014999963306478994,-0.08752596734063267
107,12,404520,occupancy,8,401448,flow,10,9.565987843026653e-07,2.52443906425627e-05,-0.10969805465240977
107,12,404520,occupancy,8,401448,flow,11,7.244155768809078e-07,1.9590729320504394e-05,-0.11090698645691079
107,12,404520,occupancy,8,401448,flow,12,8.634002252923719e-05,0.0013912305010306029,-0.08798329885053395
107,12,404520,occupancy,10,400497,flow,1,0.0021688095811575564,0.020691690656604284,0.06876284050925524
107,12,404520,occupancy,10,400497,flow,7,0.0001616625321511546,0.0023835567880306752,-0.08455260926014972
107,12,404520,occupancy,10,400497,flow,8,1.3304794766003802e-05,0.0002706059952407553,-0.09755235623051797
107,12,404520,occupancy,10,400497,flow,9,5.125725939316381e-05,0.0008878562974276971,-0.09074491966818395
107,12,404520,occupancy,10,400497,flow,12,7.123596145842818e-05,0.0011790779827601904,-0.08901087833575276
107,12,404520,occupancy,11,405841,flow,2,0.0009975940962515526,0.011032895733228002,-0.07379824924980574
107,12,404520,occupancy,11,405841,flow,3,0.00033618165828446737,0.004480564936915177,-0.08038107438521533
107,12,404520,occupancy,11,405841,flow,4,0.0016476420571437354,0.01664026148475961,-0.07058059205106906
107,12,404520,occupancy,11,405841,flow,6,0.0060866057028284605,0.04560995080003287,-0.06153333116049451
107,12,404520,occupancy,11,405841,flow,7,0.000898492186737114,0.010131783468296353,-0.07445382128018205
107,12,404520,occupancy,11,405841,flow,8,0.0012710248921862799,0.013494292293548118,-0.07226049572191684
107,12,404520,occupancy,11,405841,flow,9,0.00036447104695296414,0.004804744958305783,-0.07990874391225879
107,12,404520,occupancy,11,405841,flow,10,0.0006388620607386093,0.007651466876603249,-0.0765561582169598
107,12,404520,occupancy,11,405841,flow,11,8.624705921001733e-05,0.0013907700477315225,-0.08798908622229645
107,12,404520,occupancy,13,400183,flow,1,0.005749333365197051,0.04387948299645491,-0.06195125470665944
107,12,404520,occupancy,13,400183,flow,2,0.004596751666822635,0.03695880737143827,-0.06356911451768059
107,12,404520,occupancy,13,400183,flow,3,0.0001990440268155698,0.002854814727235264,-0.08338657215679521
107,12,404520,occupancy,13,400183,flow,4,0.0005191145583524324,0.006446033032717758,-0.07781103642958226
107,12,404520,occupancy,13,400183,flow,5,0.0007268607180255139,0.00852344815925684,-0.0757666959061155
107,12,404520,occupancy,13,400183,flow,6,8.277667435387506e-05,0.0013443429819877456,-0.08820945937493194
107,12,404520,occupancy,13,400183,flow,7,0.0003328811006891441,0.004448761362700847,-0.0804385823644193
107,12,404520,occupancy,13,400183,flow,8,0.00012339671551803285,0.0018889929519415375,-0.08604528048018927
107,12,404520,occupancy,13,400183,flow,9,7.958851686613881e-05,0.0013028510529053416,-0.08841974040508227
107,12,404520,occupancy,13,400183,flow,10,1.3923130969940141e-05,0.0002811964740072062,-0.0973302850788925
107,12,404520,occupancy,13,400183,flow,11,3.1463908021006004e-06,7.472461937918963e-05,-0.10437034603358905
107,12,404520,occupancy,13,400183,flow,12,3.9470536580971436e-07,1.1505581513481552e-05,-0.11350457529039337
107,12,404520,occupancy,14,401469,flow,7,0.0006936895606697976,0.008182318987458297,-0.07605329203234995
107,12,404520,occupancy,14,401469,flow,8,0.0005120973347084874,0.006377228267341209,-0.07789268987539251
107,12,404520,occupancy,14,401469,flow,9,7.482181011704381e-08,2.4863863054279175e-06,-0.1203424149716801
107,12,404520,occupancy,14,401469,flow,10,4.9468410805417565e-08,1.698756237515134e-06,-0.12198610008674106
107,12,404520,occupancy,14,401469,flow,11,5.747918903236731e-08,1.949058843169755e-06,-0.12139238315081943
107,12,404520,occupancy,14,401469,flow,12,4.022145211647967e-08,1.4012634930902593e-06,-0.12280010869095462
107,12,404520,occupancy,15,401472,flow,1,1.531476916410192e-10,7.425342625019113e-09,-0.14301239645450914
107,12,404520,occupancy,15,401472,flow,2,2.5712443538371243e-13,1.6263214653845353e-11,-0.16310810850151602
107,12,404520,occupancy,15,401472,flow,3,1.374537253138515e-22,1.672676319312221e-20,-0.2169702358320936
107,12,404520,occupancy,15,401472,flow,4,1.3222313180762037e-27,2.0112814415807044e-25,-0.24085488757732385
107,12,404520,occupancy,15,401472,flow,5,4.4345121900717146e-33,8.402233623293775e-31,-0.2642342330459446
107,12,404520,occupancy,15,401472,flow,6,7.350202570123563e-31,1.3013473402841717e-28,-0.2550455605369658
107,12,404520,occupancy,15,401472,flow,7,1.7143567451352144e-28,2.712828256038141e-26,-0.2448137316411202
107,12,404520,occupancy,15,401472,flow,8,1.6477695148396868e-27,2.4631018353312967e-25,-0.2404240425163175
107,12,404520,occupancy,15,401472,flow,9,9.356175330367483e-34,1.7963856634305566e-31,-0.2669608750491361
107,12,404520,occupancy,15,401472,flow,10,2.0691531602206103e-36,4.339194976773319e-34,-0.27737965610551846
107,12,404520,occupancy,15,401472,flow,11,1.8292753093256463e-31,3.2926955567861634e-29,-0.25758292884942713
107,12,404520,occupancy,15,401472,flow,12,3.3691253057905602e-16,2.685354487272181e-14,-0.18167860284928694
107,12,404520,occupancy,16,405838,flow,1,1.9072673698133915e-26,2.7930152669809664e-24,0.23557172755648015
107,12,404520,occupancy,16,405838,flow,2,3.349871425538029e-19,3.397052713221663e-17,0.19908947102031072
107,12,404520,occupancy,16,405838,flow,3,2.3033608910452102e-14,1.5694824998920046e-12,0.17012444141536334
107,12,404520,occupancy,16,405838,flow,4,3.801019927969968e-09,1.5389321545295465e-07,0.13173309856668844
107,12,404520,occupancy,16,405838,flow,5,6.075753208748367e-07,1.6868415078273102e-05,0.11166535686512838
107,12,404520,occupancy,16,405838,flow,6,9.452867901704296e-05,0.001504102737950739,0.08749527598730271
107,12,404520,occupancy,16,405838,flow,7,0.00113444748091048,0.012313600797822297,0.07298568829212142
107,12,404520,occupancy,16,405838,flow,10,0.004425355494213631,0.03588286943055113,-0.06384045504207775
107,12,404520,occupancy,16,405838,flow,11,0.005562788460951338,0.042836445902512975,-0.06219199222056241
107,12,404520,occupancy,16,405838,flow,12,0.0016271784672876875,0.016520354826516592,-0.07066228697948496
107,12,404520,occupancy,17,400260,flow,1,0.0005660786516466491,0.006915893029167206,0.07728962535458166
107,12,404520,occupancy,17,400260,flow,7,0.0013842762250497105,0.014497147375066058,-0.07171178191241503
107,12,404520,occupancy,17,400260,flow,8,0.0001399477760107267,0.00210140560433208,-0.08535267401741682
107,12,404520,occupancy,17,400260,flow,9,8.073501019313743e-07,2.1676522314130122e-05,-0.11043715935462922
107,12,404520,occupancy,17,400260,flow,10,3.4120052904123835e-07,1.0109645304925581e-05,-0.11411928384538125
107,12,404520,occupancy,17,400260,flow,11,1.3252088966634687e-05,0.00026978805059312845,-0.09757173771961247
107,12,404520,occupancy,18,404528,flow,2,0.001225883367347347,0.013114948357950816,-0.07249187409564199
107,12,404520,occupancy,18,404528,flow,3,7.197699466268642e-07,1.950693958235918e-05,-0.1109348131184926
107,12,404520,occupancy,18,404528,flow,4,8.580902628275432e-05,0.0013847403568976416,-0.08801643518518927
107,12,404520,occupancy,18,404528,flow,5,4.766694159890335e-05,0.0008367378614679499,-0.09112341671960658
107,12,404520,occupancy,18,404528,flow,6,2.2049137360767145e-05,0.0004205398384040356,-0.09505575023061716
107,12,404520,occupancy,18,404528,flow,7,0.00023737985866401616,0.003321933882178652,-0.08238758233414804
107,12,404520,occupancy,18,404528,flow,8,5.512244503947347e-06,0.0001229369966807049,-0.10177001998019154
107,12,404520,occupancy,18,404528,flow,9,8.045164235393972e-06,0.0001714608263290674,-0.099980677266797
107,12,404520,occupancy,19,401795,flow,1,0.00048113019534825723,0.006049134004378554,0.07826595304183656
107,12,404520,occupancy,19,401795,flow,2,0.005992810073269781,0.04512626724163405,0.06164741978769767
107,12,404520,speed,0,400593,flow,9,0.006058581071193369,0.04547883619036552,-0.061567252267390696
107,12,404520,speed,0,400593,flow,10,0.0027630458658685574,0.024997608671313443,-0.06712613653801573
107,12,404520,speed,1,400125,flow,7,0.0020156017978066867,0.01950582384974213,0.06925142274310031
107,12,404520,speed,3,400039,flow,11,0.001554991476481068,0.015920706244166697,-0.07095822243402841
107,12,404520,speed,3,400039,flow,12,0.0014369537012946859,0.014911458058114443,-0.07147052744071346
107,12,404520,speed,4,400316,flow,3,0.0017510042383535346,0.017439151742698066,0.07018168594418794
107,12,404520,speed,4,400316,flow,10,0.003406964710416151,0.029342279802627137,-0.06568210232894715
107,12,404520,speed,4,400316,flow,11,2.5953326460145907e-07,7.856928542945362e-06,-0.11526526857218301
107,12,404520,speed,5,400503,flow,5,0.0047396006474221975,0.03784671866333437,-0.06334987533891419
107,12,404520,speed,6,405843,flow,1,0.0009211662701225578,0.010344263807978815,-0.07429812568854224
107,12,404520,speed,6,405843,flow,12,0.0008875493811631228,0.010031551963528723,-0.07453026821807399
107,12,404520,speed,8,401448,flow,1,0.005465671045814527,0.042314872612757626,-0.06232021852847681
107,12,404520,speed,9,402391,flow,1,0.005595142004922374,0.04302423186412363,-0.0621497231660671
107,12,404520,speed,9,402391,flow,5,0.003610314371435124,0.030762441981459044,0.0652776759755181
107,12,404520,speed,10,400497,flow,5,0.005164499124596836,0.040483825473159735,-0.06273136560813047
107,12,404520,speed,10,400497,flow,10,4.296439391346322e-06,9.815239646015922e-05,-0.10293326985573938
107,12,404520,speed,10,400497,flow,11,1.1450575520965027e-06,2.9763228790956025e-05,-0.1089092843993783
107,12,404520,speed,10,400497,flow,12,0.00011956592887060077,0.0018388209780028312,-0.08621802574981137
107,12,404520,speed,12,404520,flow,1,0.0030370985005312456,0.02681983957950732,0.06647757933268557
107,12,404520,speed,12,404520,flow,3,3.0276906288796316e-06,7.210376800859983e-05,0.10454644642079769
107,12,404520,speed,12,404520,flow,10,0.003945437085602208,0.032783781899983724,-0.06465427799914632
107,12,404520,speed,12,404520,flow,11,4.918459448293124e-05,0.0008588417468321058,-0.09096023572058713
107,12,404520,speed,14,401469,flow,2,0.0006500610587930055,0.007765957640396244,-0.0764502679639025
107,12,404520,speed,14,401469,flow,4,0.00227102321107795,0.021463181517953935,-0.06845417514605442
107,12,404520,speed,14,401469,flow,6,0.0003337609759601839,0.004454270670830999,-0.08042319972906874
107,12,404520,speed,15,401472,flow,1,0.0002890147421827147,0.003937381539669907,-0.08125821560027638
107,12,404520,speed,15,401472,flow,12,0.0033752081346108244,0.029109401360588465,-0.06574723317729615
107,12,404520,speed,16,405838,flow,1,0.00019572623280403144,0.002814704812627882,-0.08348134380571867
107,12,404520,speed,16,405838,flow,2,1.916459485028709e-05,0.0003720946056325404,-0.09575478239077745
107,12,404520,speed,16,405838,flow,3,1.4192236539840683e-06,3.6276225198984565e-05,-0.10796055797182905
107,12,404520,speed,16,405838,flow,5,0.0008181625383522828,0.009365294556655702,-0.07503636661911883
107,12,404520,speed,16,405838,flow,6,3.663620953556097e-05,0.0006600017731176956,-0.09248326389135654
107,12,404520,speed,16,405838,flow,12,0.000775622173025377,0.008992720846671038,-0.07536670695423144
107,12,404520,speed,17,400260,flow,1,7.362367257042473e-07,1.9878391594014676e-05,-0.11083694688860371
107,12,404520,speed,17,400260,flow,2,2.2312743055831458e-07,6.840237671326621e-06,-0.11589368951173291
107,12,404520,speed,17,400260,flow,3,4.0232872245394095e-06,9.254846011720048e-05,-0.10323785372379635
107,12,404520,speed,18,404528,flow,8,0.0067801616373685415,0.049644573344800165,-0.060735654661644954
107,13,400183,flow,0,400593,flow,2,3.1596694616659405e-05,0.0005810886366282189,0.09323978550537686
107,13,400183,flow,1,400125,flow,4,0.0034267887810887155,0.029483623848443042,0.06564172377115349
107,13,400183,flow,1,400125,flow,8,0.00020844894486757884,0.0029650952974248947,0.08312576900130034
107,13,400183,flow,1,400125,flow,12,0.0010539649809455055,0.01155909803931095,0.0734517757320466
107,13,400183,flow,2,400331,flow,8,0.0028119442143951477,0.025317998355120802,-0.06700623589896763
107,13,400183,flow,2,400331,flow,10,0.0014034502929321634,0.014630562899292822,0.07162300374576239
107,13,400183,flow,2,400331,flow,12,0.005676816534235985,0.04347429077805257,0.062043989835635326
107,13,400183,flow,5,400503,flow,2,0.004686494283645499,0.03751191643543402,0.06343067392676162
107,13,400183,flow,7,408093,flow,1,0.00022966684861518738,0.0032279592687322715,0.08257576046975743
107,13,400183,flow,7,408093,flow,7,0.001849108583200609,0.01821698763837316,0.06982260237271475
107,13,400183,flow,7,408093,flow,12,0.0013901075425676885,0.014544113790003425,0.07168466295017319
107,13,400183,flow,8,401448,flow,3,0.00021826004822288788,0.0030893951779910737,0.08286521719883802
107,13,400183,flow,8,401448,flow,6,0.005208182731868455,0.0407598312350058,0.06267040973139151
107,13,400183,flow,8,401448,flow,12,0.005022733295633931,0.03964591236458721,0.06293244433707197
107,13,400183,flow,11,405841,flow,1,0.00301045146731036,0.02664750164257728,0.06653824474609438
107,13,400183,flow,11,405841,flow,5,0.00017208324403880927,0.002516586371860718,0.08420398297550702
107,13,400183,flow,11,405841,flow,7,0.0012428035322918803,0.013259845046927446,0.0724042405960931
107,13,400183,flow,11,405841,flow,8,0.0011170137553024888,0.012142675950948041,0.07308399684838585
107,13,400183,flow,11,405841,flow,9,0.006571649861694242,0.048469617935023586,0.06096744781506346
107,13,400183,flow,11,405841,flow,10,0.0008200767208948273,0.009381385866258595,0.07502187980043114
107,13,400183,flow,13,400183,flow,1,3.2837640653930824e-12,1.893973399532459e-10,0.15536007755191053
107,13,400183,flow,13,400183,flow,2,1.2819615887238659e-30,2.2512496192223986e-28,0.25389900887297884
107,13,400183,flow,13,400183,flow,3,6.20807359576986e-22,7.347637790061863e-20,0.2135854763833055
107,13,400183,flow,13,400183,flow,4,5.906465661264549e-18,5.271886705922077e-16,0.19201609259394886
107,13,400183,flow,13,400183,flow,5,5.324401199162704e-07,1.5004183418384136e-05,0.11223129586591098
107,13,400183,flow,13,400183,flow,6,2.2492221154976355e-06,5.5333938148916774e-05,0.10589812818727534
107,13,400183,flow,13,400183,flow,7,0.00015148958526137272,0.002249690643964009,0.08491395910555558
107,13,400183,flow,13,400183,flow,8,1.1664280323960681e-05,0.0002404088311045331,0.09819300397540451
107,13,400183,flow,13,400183,flow,9,0.00026200863097169676,0.0036135248502191628,0.08182288743779809
107,13,400183,flow,13,400183,flow,12,0.00012481946187769578,0.0019094195301403887,0.08598240734973632
107,13,400183,flow,14,401469,flow,7,0.0007846935123948804,0.00907298724722669,0.07529487922932988
107,13,400183,flow,14,401469,flow,8,1.8741054591308488e-06,4.6663605668272436e-05,0.10671984853820682
107,13,400183,flow,14,401469,flow,9,0.0008978049262531796,0.010129321706486644,0.07445859706592421
107,13,400183,flow,14,401469,flow,12,0.0026565494332240055,0.024298737140647265,0.0673941205067711
107,13,400183,flow,15,401472,flow,1,0.0006253686255073207,0.007523231585050475,0.07668605924294328
107,13,400183,flow,15,401472,flow,2,0.0005834466564706043,0.007109601868390571,0.07710695371953426
107,13,400183,flow,15,401472,flow,3,0.0007763727370183835,0.008996984401778218,0.07536073442757135
107,13,400183,flow,15,401472,flow,4,0.005751682990422888,0.04387948299645491,0.061948267652409635
107,13,400183,flow,15,401472,flow,5,7.016766491527616e-06,0.0001517138700870836,0.10063138136545713
107,13,400183,flow,15,401472,flow,7,0.002713566074074172,0.024658404375263825,0.06724945080365599
107,13,400183,flow,15,401472,flow,11,0.00035346510525082375,0.004679648344111427,0.08008829001919755
107,13,400183,flow,16,405838,flow,4,0.0001392078413444572,0.002093205271869318,0.08538194865323681
107,13,400183,flow,16,405838,flow,8,0.0019138562224086716,0.018726747181892326,0.06959507539268445
107,13,400183,flow,16,405838,flow,9,2.1602964371611207e-05,0.00041334174277275494,0.09515796871448642
107,13,400183,flow,16,405838,flow,10,0.0015197997235611598,0.015635948572955968,0.0711071058017364
107,13,400183,flow,17,400260,flow,2,0.00015827617792217247,0.002342422365960209,0.08467045991862174
107,13,400183,flow,17,400260,flow,5,0.00041253796544650647,0.005339017407815783,0.0791796389734893
107,13,400183,flow,17,400260,flow,11,0.00027846839648195364,0.0038105273132785548,0.08147260097674551
107,13,400183,flow,17,400260,flow,12,0.0025290650268653962,0.023390196780258003,0.06772813420154113
107,13,400183,flow,18,404528,flow,2,0.0006313300902813538,0.007575961083376246,0.07662835024437108
107,13,400183,flow,18,404528,flow,5,0.004038629971017797,0.033410343689768064,0.06448947074075656
107,13,400183,flow,18,404528,flow,6,0.0002202211667407697,0.0031161331160174423,0.08281445697441689
107,13,400183,occupancy,1,400125,flow,8,0.00012132519319336759,0.001863223727676317,0.08613805580456171
107,13,400183,occupancy,7,408093,flow,1,0.003670388613969537,0.031059899730359258,0.06516216090996343
107,13,400183,occupancy,8,401448,flow,3,0.0006855062928831758,0.008106726485779687,0.07612595024178384
107,13,400183,occupancy,8,401448,flow,6,0.005295461224066299,0.04123358415278733,0.06254999171378188
107,13,400183,occupancy,13,400183,flow,1,2.2393619210511907e-11,1.1884574323023517e-09,0.1493593673273387
107,13,400183,occupancy,13,400183,flow,2,0.00024816645652922585,0.003451639060548151,-0.08213381131213286
107,13,400183,occupancy,13,400183,flow,3,4.4770052503885526e-14,2.9985523537486122e-12,-0.16823243269275734
107,13,400183,occupancy,13,400183,flow,4,4.974655690958197e-16,3.9287957193673516e-14,-0.18064486221895953
107,13,400183,occupancy,14,401469,flow,8,0.0002848979869882905,0.0038865185213779424,0.08134101528364758
107,13,400183,occupancy,16,405838,flow,4,0.001088518068801466,0.011874742568743265,0.07324777812415234
107,13,400183,occupancy,16,405838,flow,9,0.0017179218303673362,0.017171268642264908,0.07030695101340995
107,13,400183,occupancy,17,400260,flow,2,0.0031739736201931426,0.0277618263600615,0.06617340886332906
107,13,400183,occupancy,17,400260,flow,5,0.0035699806889870614,0.030486335378583237,0.06535621664277308
107,13,400183,occupancy,17,400260,flow,11,0.0026456495226610216,0.024215055808621634,0.0674220995671211
107,13,400183,speed,0,400593,flow,4,0.0005655198347449621,0.006914932595805933,0.07729558901192271
107,13,400183,speed,1,400125,flow,1,0.0015205516312988617,0.015639959636216862,0.07110389173209533
107,13,400183,speed,8,401448,flow,10,0.0023503780881560187,0.02206986850913552,0.06822318843923639
107,13,400183,speed,19,401795,flow,9,0.0032452726725032063,0.028276680002448266,0.06601966798968352
107,14,401469,flow,0,400593,flow,4,0.0017402538398805815,0.01735833892469202,0.07022215157376309
107,14,401469,flow,0,400593,flow,5,0.002295193479960574,0.021653714421117447,0.06838304791444136
107,14,401469,flow,0,400593,flow,8,2.161407342383976e-05,0.00041334174277275494,0.09515539934328306
107,14,401469,flow,1,400125,flow,8,0.00614157102537466,0.045958057906839656,-0.06146720719242061
107,14,401469,flow,2,400331,flow,5,0.002731121692236422,0.024776240467159476,0.06720546521504073
107,14,401469,flow,4,400316,flow,6,0.004135739161518245,0.034102678331282346,0.06432136785932886
107,14,401469,flow,4,400316,flow,12,0.005644217461019213,0.043323742847252524,0.06208602611733278
107,14,401469,flow,5,400503,flow,1,0.0003821667734443443,0.005002910488725962,0.07963041713749627
107,14,401469,flow,5,400503,flow,5,0.0026226428012697364,0.024059921217849355,0.06748150301170679
107,14,401469,flow,6,405843,flow,3,2.4677589756943664e-05,0.00046533036992578187,0.09449077805634228
107,14,401469,flow,6,405843,flow,4,0.005534209878479791,0.04266200334588276,0.06222951417306919
107,14,401469,flow,6,405843,flow,6,7.378608996620277e-07,1.989881673218198e-05,0.11082740846471385
107,14,401469,flow,6,405843,flow,10,4.1144618113172596e-05,0.0007344824390450645,0.09188594096511322
107,14,401469,flow,6,405843,flow,11,0.0005726428974578807,0.0069921348700340445,0.07721997931944742
107,14,401469,flow,7,408093,flow,4,0.005908767340235354,0.044750832590842796,0.061751019362512455
107,14,401469,flow,8,401448,flow,1,0.0017064300207960336,0.0170761586514683,0.07035098341749339
107,14,401469,flow,8,401448,flow,6,0.006560314735944268,0.0484215731506599,0.060980237046980794
107,14,401469,flow,9,402391,flow,3,7.805165319388813e-06,0.00016692234742455284,-0.1001251084553717
107,14,401469,flow,9,402391,flow,5,1.6648902777571805e-05,0.0003305296874959109,0.09645162194346274
107,14,401469,flow,10,400497,flow,4,3.236704850132971e-05,0.0005934874767646195,0.0931170292268623
107,14,401469,flow,10,400497,flow,5,5.645556823983784e-06,0.00012552138692542434,0.10165780534784204
107,14,401469,flow,10,400497,flow,10,8.052444991814678e-05,0.0013131960122551682,0.08835719603114574
107,14,401469,flow,10,400497,flow,11,0.004889311343336195,0.03873432056338229,0.06312642796721835
107,14,401469,flow,11,405841,flow,2,0.005033755929134253,0.03968940612129945,0.06291662736748987
107,14,401469,flow,11,405841,flow,4,0.002125029563044078,0.02036408099456614,0.0688991420881808
107,14,401469,flow,11,405841,flow,7,0.004638386107738446,0.03721045122642542,0.06350458625124272
107,14,401469,flow,11,405841,flow,10,0.004651784716729685,0.037295892929043555,0.06348393150288459
107,14,401469,flow,12,404520,flow,4,0.0015520868742983941,0.015900766619652926,0.07097039271060747
107,14,401469,flow,12,404520,flow,6,0.0016576352728445824,0.01671564981019747,0.07054103554354516
107,14,401469,flow,12,404520,flow,11,0.005211255768192949,0.040768969428818434,0.06266613903174938
107,14,401469,flow,13,400183,flow,1,0.005479275851577875,0.042375380797182345,0.06230213262622741
107,14,401469,flow,13,400183,flow,6,3.663142608932561e-06,8.526280210446478e-05,0.10367122590855787
107,14,401469,flow,13,400183,flow,9,0.0020679438320330913,0.019911062945796865,0.069080786800483
107,14,401469,flow,14,401469,flow,1,4.8896964758416365e-118,2.155458038330191e-115,0.4854124264132678
107,14,401469,flow,14,401469,flow,2,1.9450749762137423e-20,2.1380976837769383e-18,0.20575695798670654
107,14,401469,flow,14,401469,flow,3,5.073632063864229e-05,0.000880598252948713,0.09079825004014347
107,14,401469,flow,14,401469,flow,5,3.325021290873164e-06,7.870735329628531e-05,0.10411698506183263
107,14,401469,flow,14,401469,flow,6,1.5166757917354974e-08,5.622804498926303e-07,0.12656791771813455
107,14,401469,flow,14,401469,flow,7,7.991361087724638e-05,0.0013061929587200316,0.08839793739372884
107,14,401469,flow,15,401472,flow,1,0.0029215221203750734,0.026087569935745358,0.06674430917222392
107,14,401469,flow,15,401472,flow,5,0.001970397860678996,0.01916280674951207,0.06940209037411013
107,14,401469,flow,15,401472,flow,6,0.005349195122634461,0.04153813956147741,0.062476743046686524
107,14,401469,flow,16,405838,flow,1,1.4751240762233505e-09,6.315694756476586e-08,0.13515420984846852
107,14,401469,flow,16,405838,flow,3,0.0005182120254620531,0.006443630825557657,0.07782148062290416
107,14,401469,flow,16,405838,flow,6,0.004240060230975559,0.03475722997687745,0.0641447221347909
107,14,401469,flow,16,405838,flow,7,0.0001406882120050368,0.002109590683310514,0.08532352501243734
107,14,401469,flow,17,400260,flow,1,0.0007657510885548578,0.008909358207802278,0.07544575793230757
107,14,401469,flow,17,400260,flow,6,3.5879507662191405e-05,0.0006479911082803799,0.09259030485848035
107,14,401469,flow,18,404528,flow,3,0.001775906874246843,0.017627043037728687,0.07008881959868772
107,14,401469,flow,18,404528,flow,12,0.005177772750553504,0.040573151246854955,0.06271279457862758
107,14,401469,occupancy,2,400331,flow,10,0.0018965685288907673,0.018582844283983022,0.06965512566902468
107,14,401469,occupancy,6,405843,flow,1,0.0005793407071132308,0.007065928443617044,0.07714967769405251
107,14,401469,occupancy,6,405843,flow,3,0.0036430072854557413,0.030937274372260272,0.06521459695730729
107,14,401469,occupancy,6,405843,flow,6,5.874097605009929e-05,0.0009974882725488558,0.09003066475863858
107,14,401469,occupancy,6,405843,flow,10,7.127370247755912e-05,0.0011792508414517633,0.08900806288203007
107,14,401469,occupancy,6,405843,flow,11,0.0007995187679553706,0.009203093731860382,0.07517913280537193
107,14,401469,occupancy,7,408093,flow,3,0.004321110640441545,0.03528770882175326,0.06401017891100842
107,14,401469,occupancy,7,408093,flow,5,5.5677159386859636e-05,0.0009529529657338891,0.09031203587657252
107,14,401469,occupancy,10,400497,flow,4,0.003754543903198294,0.03156184016699091,0.06500319671657996
107,14,401469,occupancy,10,400497,flow,12,0.002264972854134378,0.02142005851545646,0.06847208829573329
107,14,401469,occupancy,11,405841,flow,2,0.004339699859362574,0.03542612130091897,0.06397964349478692
107,14,401469,occupancy,14,401469,flow,4,0.0014378978057078074,0.01491767175950463,0.07146627837993058
107,14,401469,occupancy,14,401469,flow,5,0.005451589945614863,0.042221124731848955,0.06233898041886404
107,14,401469,occupancy,16,405838,flow,3,0.000744377791330259,0.008694828411576965,0.0756202140490953
107,14,401469,occupancy,16,405838,flow,12,0.005681345274561322,0.0435012612302462,0.06203816727821306
107,14,401469,occupancy,17,400260,flow,6,0.0023505431715401047,0.02206986850913552,0.06822271539813783
107,14,401469,occupancy,18,404528,flow,8,0.0039711539933906205,0.03294677405693774,0.06460844895580525
107,14,401469,occupancy,18,404528,flow,11,0.00615367660727171,0.04603269773751305,0.061452715617739725
107,14,401469,occupancy,19,401795,flow,1,0.005729927194775854,0.04379562187089825,-0.061975967719086075
107,14,401469,speed,6,405843,flow,1,0.00661810305671631,0.048713929468417884,-0.06091524167431149
107,14,401469,speed,6,405843,flow,3,0.0025425940628929556,0.023480133287083302,-0.06769196689834164
107,14,401469,speed,6,405843,flow,6,0.00019513135219441648,0.0028070843872123846,-0.08349849567509529
107,14,401469,speed,6,405843,flow,7,0.0008351815681532501,0.009517236545560645,-0.07490865131478118
107,14,401469,speed,6,405843,flow,8,0.004834552775873995,0.03844150191749615,-0.06320742984543036
107,14,401469,speed,6,405843,flow,9,0.000669223153840145,0.00794242863898194,-0.07627295469538244
107,14,401469,speed,6,405843,flow,10,8.569256265776778e-05,0.0013841856217112467,-0.08802372887415015
107,14,401469,speed,6,405843,flow,11,8.499773853414944e-05,0.0013747294289312077,-0.08806743862870563
107,14,401469,speed,7,408093,flow,5,0.0036049853543927116,0.03073012981213063,-0.06528800716380115
107,14,401469,speed,8,401448,flow,4,0.002157566539484185,0.020621925092911393,-0.06879760155441861
107,14,401469,speed,10,400497,flow,8,0.0008943288501186209,0.010097780368830153,-0.07448280437787774
107,14,401469,speed,11,405841,flow,2,0.00635771451184696,0.047305075251772084,-0.06121224353591217
107,14,401469,speed,13,400183,flow,8,0.0031302871023255303,0.02748525294294639,-0.06626917071832601
107,14,401469,speed,14,401469,flow,9,0.0019451838198376774,0.01896172816971112,-0.06948751346807804
107,14,401469,speed,14,401469,flow,11,0.0024653179085957215,0.022918384689334017,-0.06790096646214819
107,14,401469,speed,15,401472,flow,3,4.032877873462287e-06,9.271970416901054e-05,-0.10322682838475891
107,14,401469,speed,15,401472,flow,4,8.303159601907018e-05,0.0013475200112278663,-0.08819297740913103
107,14,401469,speed,15,401472,flow,5,2.089992834979805e-05,0.0004012786243161226,-0.09532318309217698
107,14,401469,speed,15,401472,flow,6,0.002719411062603193,0.024695933971927254,-0.06723477741247338
107,14,401469,speed,15,401472,flow,7,1.701864017791425e-05,0.00033632445365320017,-0.09634316198885856
107,14,401469,speed,15,401472,flow,11,0.005756961561052646,0.04390127792364948,-0.06194156106788901
107,14,401469,speed,16,405838,flow,3,0.0018140809528511383,0.01793225909712271,-0.06994875823962557
107,14,401469,speed,16,405838,flow,5,0.0012371045399182845,0.013205563658134392,-0.07243363338311894
107,14,401469,speed,16,405838,flow,10,4.110801043229452e-06,9.432292150717328e-05,-0.10313816807140669
107,14,401469,speed,16,405838,flow,11,0.00046560893232928214,0.005889987079538797,-0.0784615446744411
107,14,401469,speed,16,405838,flow,12,2.3217243382078625e-05,0.0004393276014480056,-0.09479717606871857
107,14,401469,speed,17,400260,flow,6,0.0002151980515503884,0.0030490507795922534,-0.08294533387679884
107,14,401469,speed,18,404528,flow,1,0.0011411716811375022,0.012371045577199521,-0.07294814317875822
107,14,401469,speed,18,404528,flow,2,0.0004151017476457282,0.005367373690001633,-0.07914301799048216
107,14,401469,speed,18,404528,flow,3,0.0036482788135983645,0.030957698830769854,-0.06520447405428488
107,14,401469,speed,18,404528,flow,4,1.6973009756217506e-06,4.2654684204106825e-05,-0.10716362655970368
107,14,401469,speed,18,404528,flow,5,0.0006375626802002287,0.007640140855658773,-0.07656855578842957
107,14,401469,speed,18,404528,flow,7,0.0025348805383961083,0.0234239228360881,-0.06771256592264878
107,14,401469,speed,18,404528,flow,8,1.8270812650248382e-07,5.715417136066113e-06,-0.11671963771148883
107,14,401469,speed,18,404528,flow,9,0.003323387594521646,0.028823598490932564,-0.06585472106640977
107,14,401469,speed,18,404528,flow,11,1.7569135136083456e-05,0.0003457797894664261,-0.09618576528426409
107,14,401469,speed,18,404528,flow,12,0.004239843928474229,0.03475722997687745,-0.06414508430320678
107,14,401469,speed,19,401795,flow,1,0.0005989967243378414,0.007264643035203467,0.07694764518677273
107,14,401469,speed,19,401795,flow,5,0.004751714145940459,0.03790141268549258,0.06333156002102656
107,15,401472,flow,0,400593,flow,7,0.001110920486175807,0.012082518882878866,0.07311869125494161
107,15,401472,flow,0,400593,flow,8,0.0004177595534261869,0.0053985081388008595,0.07910527614154146
107,15,401472,flow,1,400125,flow,1,5.679316960661039e-05,0.0009705161894800508,0.09020788569178012
107,15,401472,flow,1,400125,flow,4,6.900974025683138e-05,0.001149275550923329,0.08917949906601604
107,15,401472,flow,1,400125,flow,5,4.786822388274871e-06,0.00010848421580378134,0.10243025731124401
107,15,401472,flow,1,400125,flow,9,1.7821739628801202e-09,7.562860038941178e-08,0.13447762446040265
107,15,401472,flow,1,400125,flow,10,2.9885803483481227e-12,1.7306524269254545e-10,0.15572948153127592
107,15,401472,flow,1,400125,flow,11,3.5306852113976046e-20,3.822696770235e-18,0.2044198689245633
107,15,401472,flow,1,400125,flow,12,8.349292755423125e-06,0.00017750464913104282,0.0998034534137643
107,15,401472,flow,2,400331,flow,1,0.00664471083757265,0.04888479362791868,0.060885486801497975
107,15,401472,flow,2,400331,flow,2,0.003890842282774913,0.03246125658862036,0.06475247465549443
107,15,401472,flow,2,400331,flow,9,1.3161981235353857e-07,4.208716427589094e-06,0.1180629911080453
107,15,401472,flow,2,400331,flow,10,5.705694616594202e-05,0.0009734834416937975,0.09018355225767338
107,15,401472,flow,2,400331,flow,11,1.037299001148474e-06,2.7158373848250957e-05,0.10934347389209528
107,15,401472,flow,2,400331,flow,12,0.0022456558887746637,0.021283969810238144,0.06852957424701193
107,15,401472,flow,3,400039,flow,1,0.0003180000592426578,0.004274300734064348,0.08070467216126236
107,15,401472,flow,3,400039,flow,4,0.00442144672656136,0.03586976499294849,0.06384675334784423
107,15,401472,flow,3,400039,flow,5,0.00036586310402472944,0.004820154343967158,0.0798863964739132
107,15,401472,flow,3,400039,flow,6,1.1970950061913947e-05,0.0002455579499879784,0.09806697062812164
107,15,401472,flow,3,400039,flow,9,2.7257161699589726e-05,0.0005084237415467514,0.09398941240517254
107,15,401472,flow,3,400039,flow,10,9.083970083035634e-12,4.992716381515769e-10,0.15224641825174498
107,15,401472,flow,3,400039,flow,11,9.72985597150985e-11,4.825829827430833e-09,0.14453501989120415
107,15,401472,flow,3,400039,flow,12,4.912093825039642e-07,1.4007975888370485e-05,0.11257550642633532
107,15,401472,flow,4,400316,flow,1,3.0611386122351454e-05,0.0005653748954619849,-0.0934010044094011
107,15,401472,flow,4,400316,flow,2,2.2788506714029927e-12,1.3303560676298553e-10,-0.15656706041880195
107,15,401472,flow,4,400316,flow,3,4.1935979181456e-05,0.0007470656909851131,-0.09178754542998735
107,15,401472,flow,4,400316,flow,8,0.006825636760265302,0.049865687960297174,0.06068595371903615
107,15,401472,flow,4,400316,flow,9,0.005701494219388547,0.04360916258455829,0.06201231257694314
107,15,401472,flow,4,400316,flow,10,3.144230344980807e-09,1.2936261990778177e-07,0.1324257289411148
107,15,401472,flow,4,400316,flow,11,0.0022304789810960765,0.02117148170020608,0.06857505814617704
107,15,401472,flow,5,400503,flow,1,5.007714913557907e-08,1.7182945533415535e-06,0.12193782408052758
107,15,401472,flow,5,400503,flow,2,0.001725743227168532,0.01723748148293193,0.07027713683238887
107,15,401472,flow,5,400503,flow,4,4.22673251153606e-05,0.0007519170305286793,0.09174686875217716
107,15,401472,flow,5,400503,flow,5,1.60824027630915e-06,4.0653001718288637e-05,0.10740427721344208
107,15,401472,flow,5,400503,flow,6,4.338119637924582e-10,1.9810440629845872e-08,0.13945480548199096
107,15,401472,flow,5,400503,flow,7,0.0006950696321999509,0.008195144135108592,0.07604111706021777
107,15,401472,flow,5,400503,flow,8,0.0003179052363568306,0.004274300734064348,0.08070640474556805
107,15,401472,flow,5,400503,flow,9,0.0024200292910575155,0.02257022136737579,0.06802625415306822
107,15,401472,flow,5,400503,flow,10,1.1983120736762595e-11,6.487102955239902e-10,0.15136601407332345
107,15,401472,flow,5,400503,flow,11,5.327169682596288e-15,3.907194062617311e-13,0.17421820333346089
107,15,401472,flow,5,400503,flow,12,1.986239845101878e-12,1.1674226028353894e-10,0.15698988101837558
107,15,401472,flow,6,405843,flow,1,1.8284320349254576e-05,0.00035871146189273283,0.0959640745647597
107,15,401472,flow,6,405843,flow,10,0.00045009659560916863,0.005740824602986739,0.07866319413087779
107,15,401472,flow,6,405843,flow,11,1.68819231475586e-05,0.0003339281501714888,0.096383003158796
107,15,401472,flow,7,408093,flow,1,2.1728536222023944e-09,9.122184303123755e-08,0.1337647954819245
107,15,401472,flow,7,408093,flow,2,8.609643314637477e-12,4.744089173371671e-10,0.15241628383109485
107,15,401472,flow,7,408093,flow,3,4.83626770942277e-09,1.929148338384706e-07,0.13084842555264778
107,15,401472,flow,7,408093,flow,4,1.5187206565835133e-05,0.00030412480524095065,0.09690414073567175
107,15,401472,flow,7,408093,flow,7,5.943390950048198e-05,0.0010080663095488108,0.08996895707415069
107,15,401472,flow,7,408093,flow,8,2.0458284853025024e-09,8.62241859171396e-08,0.13398183194030985
107,15,401472,flow,7,408093,flow,9,1.207050842547431e-06,3.122430922038864e-05,0.10867698199095026
107,15,401472,flow,7,408093,flow,10,5.295821809182971e-07,1.4943141878295517e-05,0.11225431211996108
107,15,401472,flow,7,408093,flow,12,4.111344009213132e-06,9.432292150717328e-05,0.1031375559538334
107,15,401472,flow,8,401448,flow,1,0.0010506054091338269,0.011528106089555835,0.07347193880880741
107,15,401472,flow,8,401448,flow,5,0.0002042376579797643,0.0029147891723573893,0.08324115505530441
107,15,401472,flow,8,401448,flow,6,0.0014787082235691962,0.015289658989513948,0.07128501856191043
107,15,401472,flow,8,401448,flow,7,0.0001328428433499208,0.0020129115512860676,0.08564000072315539
107,15,401472,flow,8,401448,flow,10,0.00629760452458753,0.046962975222195974,0.06128235710445365
107,15,401472,flow,8,401448,flow,11,1.2465541508183769e-13,8.097915686519381e-12,0.1652736955438335
107,15,401472,flow,8,401448,flow,12,6.251839050516287e-13,3.87488446172602e-11,0.16050166408776403
107,15,401472,flow,9,402391,flow,1,0.0007540307455551795,0.008792948516633007,0.07554085542501547
107,15,401472,flow,9,402391,flow,6,0.0012065618504553163,0.012937074196989244,0.07259332046871182
107,15,401472,flow,9,402391,flow,7,1.8366054451589064e-05,0.0003601514082199944,0.09596603656667399
107,15,401472,flow,9,402391,flow,8,0.00015202052332108945,0.0022560242554005715,0.08489454308297932
107,15,401472,flow,9,402391,flow,9,0.006816539502458788,0.04981805219188287,0.060695872507824634
107,15,401472,flow,9,402391,flow,10,1.082005876622309e-05,0.00022504888719347016,0.09855701773524407
107,15,401472,flow,9,402391,flow,11,1.9251394867374975e-07,5.9745708209094745e-06,0.1165041268112634
107,15,401472,flow,9,402391,flow,12,0.0024480484261473795,0.022797088167615175,0.06794849102355074
107,15,401472,flow,10,400497,flow,2,0.0006413762549675664,0.00767732175522274,-0.07653223634068863
107,15,401472,flow,10,400497,flow,3,0.0008189422044552325,0.009371735955620145,0.07503046220097091
107,15,401472,flow,10,400497,flow,4,7.91898362672311e-12,4.3690944147437854e-10,0.152680766176897
107,15,401472,flow,10,400497,flow,5,6.757670291599736e-11,3.410413044358745e-09,0.14574705887678419
107,15,401472,flow,10,400497,flow,6,0.0023383369950372747,0.021983929964224214,0.06825777404740875
107,15,401472,flow,10,400497,flow,9,2.6616083303142177e-21,3.082613401329067e-19,0.21036708987511396
107,15,401472,flow,10,400497,flow,10,3.903827275080385e-56,1.0880344405385331e-53,0.34359706556431735
107,15,401472,flow,10,400497,flow,11,6.077480729740271e-37,1.3127358376238984e-34,0.27941377602871786
107,15,401472,flow,11,405841,flow,4,2.520533596626534e-05,0.00047452210514172265,0.09438427704693783
107,15,401472,flow,11,405841,flow,5,0.0003908278649118973,0.005103918912996966,0.07949855191723224
107,15,401472,flow,11,405841,flow,6,0.0031190543326733095,0.02740910235384194,0.06629398991494348
107,15,401472,flow,11,405841,flow,8,1.794676527150783e-05,0.00035256946781679773,0.09608048656130595
107,15,401472,flow,11,405841,flow,9,0.00015501013386068382,0.0022980225747362875,0.0847863917212904
107,15,401472,flow,11,405841,flow,10,2.81461238040707e-05,0.0005236488149594549,0.09382703967676279
107,15,401472,flow,12,404520,flow,1,5.549195448982122e-08,1.8861152116131208e-06,-0.12153181949784764
107,15,401472,flow,12,404520,flow,2,1.6171394940186668e-10,7.823116029295229e-09,-0.1428286198380994
107,15,401472,flow,12,404520,flow,4,5.20799633118133e-05,0.0008999417660281339,0.09066173300520566
107,15,401472,flow,12,404520,flow,5,7.294625251984237e-13,4.489000155067223e-11,0.16003754087420224
107,15,401472,flow,12,404520,flow,6,2.6134448498023058e-11,1.3785203603352822e-09,0.1488594244829619
107,15,401472,flow,12,404520,flow,7,7.310922292711715e-07,1.975183508725116e-05,0.11086729366893792
107,15,401472,flow,12,404520,flow,8,3.0683986186230175e-11,1.6009036271076612e-09,0.14833824458276434
107,15,401472,flow,12,404520,flow,9,9.823050800796654e-10,4.312558888154629e-08,0.13659781810121677
107,15,401472,flow,12,404520,flow,10,1.7961396482853351e-16,1.461266154537222e-14,0.18333436282494275
107,15,401472,flow,12,404520,flow,11,0.00028280015840117644,0.003860091550925853,0.08138364038375726
107,15,401472,flow,13,400183,flow,1,0.0002501404903683464,0.0034749785099220097,0.0820884914094641
107,15,401472,flow,13,400183,flow,2,0.00043592947174006714,0.005588176017558131,0.07885310145439187
107,15,401472,flow,13,400183,flow,5,0.00013219548533654528,0.002003805251417107,0.0856668949400347
107,15,401472,flow,13,400183,flow,6,1.473336761066466e-06,3.7515521330899195e-05,0.10779435796694412
107,15,401472,flow,13,400183,flow,7,9.955962021635196e-08,3.2338162355988e-06,0.11919488767767794
107,15,401472,flow,13,400183,flow,8,0.0001397874966974398,0.00210118992948135,0.08535900289682591
107,15,401472,flow,13,400183,flow,9,0.0008656556761635433,0.009815308454137816,0.07468587593755344
107,15,401472,flow,13,400183,flow,12,0.0038689134905454396,0.03232200015307735,0.06479226916565081
107,15,401472,flow,14,401469,flow,1,6.546014635202422e-07,1.8011963836990103e-05,0.11134452546006476
107,15,401472,flow,14,401469,flow,2,0.0034125378636333816,0.02938442011340683,0.0656707291286051
107,15,401472,flow,14,401469,flow,6,8.843583933839304e-07,2.3524804553070068e-05,0.1100407818021012
107,15,401472,flow,14,401469,flow,7,1.69846575105831e-07,5.344043732390313e-06,0.11701990569408101
107,15,401472,flow,14,401469,flow,8,6.599661270514824e-06,0.00014341316241762596,0.10092167438888544
107,15,401472,flow,14,401469,flow,9,0.0013325726096484252,0.014030498839096264,0.07195694840878664
107,15,401472,flow,14,401469,flow,11,1.7768390647799262e-07,5.574397065976239e-06,0.11683442758428216
107,15,401472,flow,14,401469,flow,12,4.513424975517015e-06,0.00010272916698753164,0.102704253598962
107,15,401472,flow,15,401472,flow,1,1.6720683618384074e-227,9.89497989471496e-225,0.638067906720558
107,15,401472,flow,15,401472,flow,2,2.3611241679962423e-98,9.62269472239978e-96,0.4474080413319828
107,15,401472,flow,15,401472,flow,4,1.4956474449226288e-16,1.2260335791396122e-14,0.18381337101341488
107,15,401472,flow,15,401472,flow,5,2.7717640494160206e-16,2.2256544039920463e-14,0.18219402469489385
107,15,401472,flow,15,401472,flow,6,3.1207835614323955e-24,4.1228700261125224e-22,0.2251016186436918
107,15,401472,flow,15,401472,flow,7,6.146855770917002e-16,4.793216052411814e-14,0.18008102273479373
107,15,401472,flow,15,401472,flow,8,1.4290038832750242e-11,7.668691646892055e-10,0.150803705516186
107,15,401472,flow,15,401472,flow,9,2.01518604065172e-07,6.218288354011022e-06,0.11631536602785374
107,15,401472,flow,15,401472,flow,10,4.12889251029982e-21,4.718734297485508e-19,0.20936969332155533
107,15,401472,flow,15,401472,flow,11,2.0298295009047152e-37,4.4511997177199844e-35,0.28122013161410864
107,15,401472,flow,15,401472,flow,12,5.13412677834441e-55,1.394932558644519e-52,0.34025567374810045
107,15,401472,flow,16,405838,flow,1,1.2136455467936542e-05,0.0002485988033261539,0.09800022581821563
107,15,401472,flow,16,405838,flow,4,0.0031702723948756986,0.02774630621122978,0.06618147533525687
107,15,401472,flow,16,405838,flow,5,5.775634405698526e-05,0.0009819260382769631,0.09011954444121349
107,15,401472,flow,16,405838,flow,6,1.3060895914631357e-06,3.359457280218775e-05,0.1083286571634685
107,15,401472,flow,16,405838,flow,7,0.0025187616295121703,0.023309876262837564,0.06775579718388772
107,15,401472,flow,16,405838,flow,11,5.361614416461756e-07,1.5069729524472862e-05,0.11220150416338197
107,15,401472,flow,16,405838,flow,12,1.408731580639796e-08,5.22828215495182e-07,0.12684869719414102
107,15,401472,flow,17,400260,flow,1,6.270076475824682e-06,0.00013742633371670537,0.10116374057252127
107,15,401472,flow,17,400260,flow,2,0.00109723662351922,0.011951745369649597,0.07319725095217308
107,15,401472,flow,17,400260,flow,10,9.346562770440208e-08,3.045034024758801e-06,0.11944955069442278
107,15,401472,flow,17,400260,flow,11,3.8511445275519563e-23,4.794508460813963e-21,0.21973982131223188
107,15,401472,flow,17,400260,flow,12,1.0456372824252437e-23,1.360588271107546e-21,0.22253915425348228
107,15,401472,flow,18,404528,flow,1,0.00030801549459076935,0.004158209176975386,0.08088981702786201
107,15,401472,flow,18,404528,flow,10,2.890965707776501e-06,6.903798705137913e-05,0.10475768277631485
107,15,401472,flow,18,404528,flow,11,0.0004900679294235899,0.006148978957623899,0.07815597600405651
107,15,401472,flow,19,401795,flow,5,0.0038037546478842184,0.0318762756136951,0.06491173386704159
107,15,401472,flow,19,401795,flow,9,0.004899048448830789,0.03880132286571765,0.06311211025238116
107,15,401472,flow,19,401795,flow,10,2.4153325692899765e-07,7.353232346252783e-06,0.11556453361759758
107,15,401472,flow,19,401795,flow,11,2.5391275952305143e-12,1.480301108150583e-10,0.15623350546552395
107,15,401472,flow,19,401795,flow,12,7.763407830548377e-06,0.00016619386436059953,0.1001506706047845
107,15,401472,occupancy,0,400593,flow,7,0.0010384993581458717,0.011418470926928393,0.07354509330281711
107,15,401472,occupancy,0,400593,flow,8,0.0003766373443147948,0.004936508881795854,0.07971607029097066
107,15,401472,occupancy,1,400125,flow,1,4.745259260065692e-05,0.0008336527044930374,0.0911468595864528
107,15,401472,occupancy,1,400125,flow,4,8.100559192026148e-05,0.0013200458585270827,0.08832531012783858
107,15,401472,occupancy,1,400125,flow,5,6.5462744519719255e-06,0.00014232463831161913,0.10096008915467274
107,15,401472,occupancy,1,400125,flow,9,1.055147033547126e-09,4.5949951460923234e-08,0.13634493635120265
107,15,401472,occupancy,1,400125,flow,10,2.7536141821203634e-12,1.598872750908598e-10,0.15598292179204676
107,15,401472,occupancy,1,400125,flow,11,4.936560989187874e-20,5.278698879527627e-18,0.20363520882379463
107,15,401472,occupancy,1,400125,flow,12,7.727083655850451e-06,0.00016549827165728286,0.10017301376729688
107,15,401472,occupancy,2,400331,flow,2,0.0033364297885301966,0.028901898308503003,0.06582752565219835
107,15,401472,occupancy,2,400331,flow,9,1.0635673539857287e-07,3.436507830380215e-06,0.11892805138873676
107,15,401472,occupancy,2,400331,flow,10,4.902138448277465e-05,0.0008570310844418716,0.09097755372790463
107,15,401472,occupancy,2,400331,flow,11,8.799532942146596e-07,2.345094528690518e-05,0.11006254302568219
107,15,401472,occupancy,2,400331,flow,12,0.0018761364677638186,0.018436310773366518,0.06972674932176316
107,15,401472,occupancy,3,400039,flow,1,0.00028492139252786903,0.0038865185213779424,0.08134054137371573
107,15,401472,occupancy,3,400039,flow,4,0.004862481566895228,0.03859963316609222,0.0631660130013256
107,15,401472,occupancy,3,400039,flow,5,0.00040560607796270013,0.0052650788966312045,0.07927972786614094
107,15,401472,occupancy,3,400039,flow,6,1.4423689553669299e-05,0.00029035572633667923,0.09715729322586622
107,15,401472,occupancy,3,400039,flow,9,2.755596506156559e-05,0.0005133207829458113,0.09393428043639197
107,15,401472,occupancy,3,400039,flow,10,5.5363277382434686e-12,3.110134698206994e-10,0.15380768527298536
107,15,401472,occupancy,3,400039,flow,11,8.323511334374813e-11,4.166578095538724e-09,0.1450553447856902
107,15,401472,occupancy,3,400039,flow,12,4.281202220503018e-07,1.2379379914707522e-05,0.11316025518359688
107,15,401472,occupancy,4,400316,flow,1,2.07793391948165e-05,0.00039914070841088164,-0.09535205180396902
107,15,401472,occupancy,4,400316,flow,2,9.033313766013924e-13,5.511852467398327e-11,-0.15939207275556833
107,15,401472,occupancy,4,400316,flow,3,1.8617898159750232e-05,0.00036426322486467845,-0.09589848264023508
107,15,401472,occupancy,4,400316,flow,8,0.004855766381736534,0.03855341071329135,0.06317595157125598
107,15,401472,occupancy,4,400316,flow,9,0.00455426488860496,0.03670601552009968,0.06363551138191549
107,15,401472,occupancy,4,400316,flow,10,2.3228687708290326e-09,9.667430722525453e-08,0.13352384988504384
107,15,401472,occupancy,4,400316,flow,11,0.002510289704348938,0.023251396918497882,0.06777862055203462
107,15,401472,occupancy,5,400503,flow,1,8.251335583444286e-08,2.712767863050176e-06,0.1199505179264957
107,15,401472,occupancy,5,400503,flow,2,0.0016958669904471265,0.016994074225774963,0.07039169812359936
107,15,401472,occupancy,5,400503,flow,4,3.9049309791598344e-05,0.0007002615952665207,0.09215539860324753
107,15,401472,occupancy,5,400503,flow,5,1.6100692315296407e-06,4.067543321759092e-05,0.10739920776413532
107,15,401472,occupancy,5,400503,flow,6,6.079498372682431e-10,2.7215992715013576e-08,0.13828217569344675
107,15,401472,occupancy,5,400503,flow,7,0.0007956399803980975,0.009180360599589054,0.07520922247245529
107,15,401472,occupancy,5,400503,flow,8,0.00033374324556165245,0.004454270670830999,0.08042350933059056
107,15,401472,occupancy,5,400503,flow,9,0.0019418554932793873,0.01894493164175012,0.06949886536533009
107,15,401472,occupancy,5,400503,flow,10,7.518656370733678e-12,4.1695244571976234e-10,0.15284461132907315
107,15,401472,occupancy,5,400503,flow,11,8.145277379255186e-15,5.825761304367947e-13,0.17304122713799955
107,15,401472,occupancy,5,400503,flow,12,1.3836669348091643e-12,8.333705744849837e-11,0.15809664496095505
107,15,401472,occupancy,6,405843,flow,10,0.000544385204488918,0.006702035005392208,0.07752526139651747
107,15,401472,occupancy,6,405843,flow,11,1.1012842927069454e-05,0.00022839885475247257,0.09847156347249973
107,15,401472,occupancy,7,408093,flow,1,1.716370560492248e-09,7.305143666331538e-08,0.1346125066986963
107,15,401472,occupancy,7,408093,flow,2,6.454946165417817e-12,3.602760650465758e-10,0.15332537817407443
107,15,401472,occupancy,7,408093,flow,3,3.5218316473335508e-09,1.438187935729069e-07,0.13201207090064465
107,15,401472,occupancy,7,408093,flow,4,8.929768031448375e-06,0.00018873090947092456,0.09948167435203947
107,15,401472,occupancy,7,408093,flow,7,5.483215962249656e-05,0.0009418486265176349,0.09039221736513711
107,15,401472,occupancy,7,408093,flow,8,1.7536721574008981e-09,7.456558779499882e-08,0.1345354412369055
107,15,401472,occupancy,7,408093,flow,9,9.7779388393601e-07,2.578797056534532e-05,0.10960221942439978
107,15,401472,occupancy,7,408093,flow,10,2.397310046836264e-07,7.303511567230367e-06,0.11559567427318572
107,15,401472,occupancy,7,408093,flow,12,4.4368142494755556e-06,0.00010115197700443277,0.1027838841962635
107,15,401472,occupancy,8,401448,flow,1,0.0012673357655995287,0.013471679398105226,0.07227911791971506
107,15,401472,occupancy,8,401448,flow,5,0.0002641331539830426,0.0036377551391522166,0.08177653456244312
107,15,401472,occupancy,8,401448,flow,6,0.0018636998234104918,0.018339825141533768,0.06977069673458251
107,15,401472,occupancy,8,401448,flow,7,0.00014858617990800367,0.0022111343341459726,0.08502128024143571
107,15,401472,occupancy,8,401448,flow,11,1.4580979350069387e-13,9.415520297802653e-12,0.16481599358725366
107,15,401472,occupancy,8,401448,flow,12,6.70830294670775e-13,4.145903967064017e-11,0.1602898119406544
107,15,401472,occupancy,9,402391,flow,1,0.001005700768182668,0.011108737710429879,0.07374732496149139
107,15,401472,occupancy,9,402391,flow,6,0.0016839132614602439,0.016913520784720422,0.07043805531417832
107,15,401472,occupancy,9,402391,flow,7,2.4302777662912546e-05,0.00045886363419485223,0.09456773947437176
107,15,401472,occupancy,9,402391,flow,8,0.00012653519704662006,0.0019301979210501364,0.08590747837592584
107,15,401472,occupancy,9,402391,flow,9,0.006576711201934197,0.048491879829929564,0.06096174359069943
107,15,401472,occupancy,9,402391,flow,10,1.0130774667864146e-05,0.0002113227743369054,0.09887491383024123
107,15,401472,occupancy,9,402391,flow,11,2.5082037607335655e-07,7.6038177167501775e-06,0.11540753726030725
107,15,401472,occupancy,9,402391,flow,12,0.0023966675050472027,0.022410397449792025,0.068091723553371
107,15,401472,occupancy,10,400497,flow,2,0.0007155281490707012,0.00840881829158169,-0.07586321732586833
107,15,401472,occupancy,10,400497,flow,3,0.001341773466573352,0.014123931227087917,0.07191268592385722
107,15,401472,occupancy,10,400497,flow,4,1.2625284758429825e-11,6.817653769552105e-10,0.15119951043188015
107,15,401472,occupancy,10,400497,flow,5,1.1588920018839384e-10,5.6955784392930765e-09,0.1439500190260991
107,15,401472,occupancy,10,400497,flow,6,0.0024721487872220857,0.02296705970064389,0.06788225227292957
107,15,401472,occupancy,10,400497,flow,9,4.1429946402020014e-21,4.722358006773785e-19,0.20936192815931137
107,15,401472,occupancy,10,400497,flow,10,1.9092819968918775e-56,5.390913873577066e-54,0.3445173951522243
107,15,401472,occupancy,10,400497,flow,11,3.1943725517290627e-37,6.934517298225905e-35,0.28047487205798804
107,15,401472,occupancy,11,405841,flow,4,3.0305815849997205e-05,0.0005602102031321691,0.09345200463371386
107,15,401472,occupancy,11,405841,flow,5,0.0003898236475338119,0.005093884323490827,0.07951370049352494
107,15,401472,occupancy,11,405841,flow,6,0.00215102189664288,0.020585765603671338,0.06881791265818886
107,15,401472,occupancy,11,405841,flow,7,0.006481214582346862,0.04803370560257067,0.06107004134163505
107,15,401472,occupancy,11,405841,flow,8,1.4910423940585404e-05,0.00029917803726581027,0.09699448020460356
107,15,401472,occupancy,11,405841,flow,9,0.0001493611185723098,0.0022196079540157494,0.08499244379545955
107,15,401472,occupancy,11,405841,flow,10,1.9376727793500378e-05,0.0003755381968053909,0.0957000712416787
107,15,401472,occupancy,12,404520,flow,1,2.6170822218965057e-08,9.374622884405393e-07,-0.12447406867114619
107,15,401472,occupancy,12,404520,flow,2,7.987105321646284e-11,4.0121273243618536e-09,-0.14519253732400692
107,15,401472,occupancy,12,404520,flow,4,6.274250984985853e-05,0.0010571280910740594,0.08968339427160443
107,15,401472,occupancy,12,404520,flow,5,9.259519467288884e-13,5.641907489236669e-11,0.1593172255389965
107,15,401472,occupancy,12,404520,flow,6,2.3739166723317456e-11,1.2537066044588192e-09,0.1491707244521424
107,15,401472,occupancy,12,404520,flow,7,6.757545751715535e-07,1.8472877225023123e-05,0.11120738875253694
107,15,401472,occupancy,12,404520,flow,8,1.508495697250216e-11,8.08523748402101e-10,0.15063038454016722
107,15,401472,occupancy,12,404520,flow,9,5.220207970804085e-10,2.3613925061647797e-08,0.13881287807874496
107,15,401472,occupancy,12,404520,flow,10,1.296928500855311e-16,1.069223496888348e-14,0.18418546430146193
107,15,401472,occupancy,12,404520,flow,11,0.0003675142947109771,0.004836008995283037,0.07985999179350108
107,15,401472,occupancy,13,400183,flow,1,0.00019803325325783942,0.002845040419267929,0.0834152864742352
107,15,401472,occupancy,13,400183,flow,2,0.0002828053184879705,0.003860091550925853,0.08138353517490882
107,15,401472,occupancy,13,400183,flow,5,0.00012553570848373945,0.0019183032677511937,0.08595101044575132
107,15,401472,occupancy,13,400183,flow,6,1.0547140175577212e-06,2.7564213888985817e-05,0.10927044664381112
107,15,401472,occupancy,13,400183,flow,7,6.16093892260702e-08,2.0809426228039347e-06,0.12111693142367229
107,15,401472,occupancy,13,400183,flow,8,0.00013986248011067058,0.00210140560433208,0.08535604120972046
107,15,401472,occupancy,13,400183,flow,9,0.0009480776170338384,0.010596665483957097,0.07411787462171777
107,15,401472,occupancy,13,400183,flow,12,0.0038719388884243407,0.032326088279361814,0.06478676677424387
107,15,401472,occupancy,14,401469,flow,1,8.167769750491414e-07,2.1902399330926695e-05,0.11038672817827005
107,15,401472,occupancy,14,401469,flow,2,0.0037162868497178808,0.03133169240979946,0.06507505641373185
107,15,401472,occupancy,14,401469,flow,6,6.795353519554049e-07,1.8532782326056497e-05,0.11118331400760302
107,15,401472,occupancy,14,401469,flow,7,2.1744760807986937e-07,6.685933572277834e-06,0.11600057201222111
107,15,401472,occupancy,14,401469,flow,8,6.51178650261e-06,0.00014178889965360482,0.10098506469032767
107,15,401472,occupancy,14,401469,flow,9,0.001165415064528697,0.012574412154793102,0.07281445367425689
107,15,401472,occupancy,14,401469,flow,11,1.2871631295381317e-07,4.12197532958097e-06,0.11815382208992534
107,15,401472,occupancy,14,401469,flow,12,3.5509605691491498e-06,8.31444425947118e-05,0.10381458495680389
107,15,401472,occupancy,15,401472,flow,1,4.785923281356708e-230,2.911998390909997e-227,0.6407946159415088
107,15,401472,occupancy,15,401472,flow,2,2.966300992324188e-100,1.2204209796990944e-97,0.45131839684217223
107,15,401472,occupancy,15,401472,flow,3,0.0004307200966312922,0.005531244998356665,0.07890455690127458
107,15,401472,occupancy,15,401472,flow,4,6.151309879475639e-17,5.215003516690927e-15,0.1861197217464462
107,15,401472,occupancy,15,401472,flow,5,8.622368426607354e-17,7.26094183293251e-15,0.18524664944733055
107,15,401472,occupancy,15,401472,flow,6,1.6133666877200116e-24,2.171259841417586e-22,0.22648654527701875
107,15,401472,occupancy,15,401472,flow,7,3.3605088603032807e-16,2.685354487272181e-14,0.18168537536889176
107,15,401472,occupancy,15,401472,flow,8,1.2823809570642474e-11,6.907588197652805e-10,0.15114971074278885
107,15,401472,occupancy,15,401472,flow,9,1.0730608647680893e-07,3.4645911328835166e-06,0.11889210223036455
107,15,401472,occupancy,15,401472,flow,10,1.3137009456876153e-21,1.5338346176677022e-19,0.21196046526139425
107,15,401472,occupancy,15,401472,flow,11,3.4965698610651183e-38,7.786176185464594e-36,0.28408933423074645
107,15,401472,occupancy,15,401472,flow,12,3.2229347600919286e-56,9.040959846491644e-54,0.34384399698254065
107,15,401472,occupancy,16,405838,flow,1,1.2010425484029967e-05,0.0002462507740437089,0.09805097147462988
107,15,401472,occupancy,16,405838,flow,4,0.003051186674288888,0.02693323750087453,0.06644570156150678
107,15,401472,occupancy,16,405838,flow,5,8.476190477572327e-05,0.0013719552998176143,0.08808235109493934
107,15,401472,occupancy,16,405838,flow,6,1.3352138370642263e-06,3.42728685449641e-05,0.10823105136117049
107,15,401472,occupancy,16,405838,flow,7,0.0034626690209350395,0.02969769738026478,0.06556917857385983
107,15,401472,occupancy,16,405838,flow,11,3.65583706086664e-07,1.0729087026456444e-05,0.11382840347690702
107,15,401472,occupancy,16,405838,flow,12,2.24985879172757e-08,8.098015893578594e-07,0.1250577928433744
107,15,401472,occupancy,17,400260,flow,1,6.735712663423447e-06,0.0001461137553119761,0.10082510508306744
107,15,401472,occupancy,17,400260,flow,2,0.0008390556024560524,0.009556341161640248,0.07487991684019617
107,15,401472,occupancy,17,400260,flow,10,8.759029851615121e-08,2.8709414991636817e-06,0.1197107654375225
107,15,401472,occupancy,17,400260,flow,11,4.212207426618673e-23,5.2289471502852484e-21,0.2195459815141057
107,15,401472,occupancy,17,400260,flow,12,4.576171777264938e-24,6.008833458293172e-22,0.2242938486082423
107,15,401472,occupancy,18,404528,flow,1,0.0004524539054383796,0.005767485604879906,0.07863213711044573
107,15,401472,occupancy,18,404528,flow,10,3.5395015937494326e-06,8.301111229640363e-05,0.10382947198336874
107,15,401472,occupancy,18,404528,flow,11,0.0003817726562478825,0.004999266065446658,0.07963648374270847
107,15,401472,occupancy,19,401795,flow,5,0.002789006691473435,0.025179746932424744,0.06706224064602287
107,15,401472,occupancy,19,401795,flow,9,0.004413606441200525,0.0358227029807021,0.06385940183261588
107,15,401472,occupancy,19,401795,flow,10,1.5159793213719903e-07,4.797824665441024e-06,0.11748599534085674
107,15,401472,occupancy,19,401795,flow,11,1.870076897605997e-12,1.1006447135773715e-10,0.1571749294398745
107,15,401472,occupancy,19,401795,flow,12,4.1577300056208806e-06,9.523538507042526e-05,0.10308554599914285
107,15,401472,speed,3,400039,flow,10,0.002120532625998909,0.020325495771722404,-0.06891328789943915
107,15,401472,speed,4,400316,flow,1,2.2810150947975104e-05,0.00043238197496819853,0.09486205539054793
107,15,401472,speed,4,400316,flow,2,0.0029809459242667842,0.02647550656421157,0.06660599165168912
107,15,401472,speed,4,400316,flow,3,0.002611592666026766,0.023978916721010903,0.06751020391103775
107,15,401472,speed,4,400316,flow,6,0.0065178861278829825,0.0482392805764168,-0.06102828548679049
107,15,401472,speed,4,400316,flow,9,0.005373841331940008,0.041693596540913855,-0.06244336785058866
107,15,401472,speed,5,400503,flow,12,0.00039790834338317843,0.005180723458153499,-0.07939276325551631
107,15,401472,speed,10,400497,flow,10,0.0011855807206538355,0.012756435151244258,-0.07270519306242682
107,15,401472,speed,11,405841,flow,10,0.003637242190901285,0.030900464630665786,-0.0652256829043307
107,15,401472,speed,12,404520,flow,1,5.745938536418824e-05,0.0009788034099893264,0.09012400851932711
107,15,401472,speed,12,404520,flow,5,0.004467827859900327,0.036178100008939854,-0.06377234098645244
107,15,401472,speed,12,404520,flow,6,0.00027117634028621114,0.003716630044531828,-0.0816253256471041
107,15,401472,speed,12,404520,flow,9,0.00014628474880402844,0.002179138327011734,-0.0851077611610565
107,15,401472,speed,15,401472,flow,1,1.8012522232683388e-14,1.2450255367230757e-12,-0.1708190048433417
107,15,401472,speed,15,401472,flow,2,1.0691929969546231e-06,2.790884439180648e-05,-0.1092106087475955
107,15,401472,speed,15,401472,flow,11,0.0002470712536679866,0.003438375079114044,-0.08215910093595642
107,15,401472,speed,15,401472,flow,12,1.1689668725520246e-11,6.344141820885359e-10,-0.15144503057478154
107,15,401472,speed,16,405838,flow,12,0.0027363120534749865,0.024812905270805923,-0.06719251020528369
107,15,401472,speed,17,400260,flow,10,0.0013504610952595555,0.014198082091801605,-0.07187114850649333
107,15,401472,speed,17,400260,flow,12,0.00016786546102879186,0.0024616287915430433,-0.08434263321177729
107,15,401472,speed,18,404528,flow,7,0.005954278660758677,0.044937952156669264,-0.06169475401398989
107,15,401472,speed,18,404528,flow,11,0.0005908709937136171,0.0071874786660050425,-0.07703040590074253
107,15,401472,speed,19,401795,flow,10,0.0003939990304056424,0.005136016328763956,-0.07945095248376868
107,16,405838,flow,0,400593,flow,2,0.00010316240853474492,0.0016223574986170297,0.08702216731184163
107,16,405838,flow,2,400331,flow,1,0.0018701144256057533,0.01839038087552209,0.0697479959307424
107,16,405838,flow,3,400039,flow,11,0.0015408652498118075,0.01582021883362765,0.07101760903717733
107,16,405838,flow,4,400316,flow,4,6.426105252656448e-05,0.0010797656433868478,0.08955707027505096
107,16,405838,flow,4,400316,flow,5,0.0006292888172405011,0.007559144139338729,0.0766480532116787
107,16,405838,flow,4,400316,flow,11,0.001867050038104245,0.01836442660430405,0.0697588316403273
107,16,405838,flow,5,400503,flow,2,9.53193734429761e-05,0.001513402558734665,0.08745028697747925
107,16,405838,flow,5,400503,flow,5,0.0011577439029052347,0.012521620946960093,0.07285647608982358
107,16,405838,flow,5,400503,flow,6,4.015475685391034e-09,1.6181767687396705e-07,0.1315320287254744
107,16,405838,flow,5,400503,flow,10,0.006647265693105133,0.048895262717885524,0.06088263540051981
107,16,405838,flow,6,405843,flow,1,0.0013998473341869761,0.01460710261760323,0.0716396002410828
107,16,405838,flow,6,405843,flow,4,1.6273006144254273e-05,0.0003238110849524572,0.09656426605500866
107,16,405838,flow,6,405843,flow,5,0.00012712806652946844,0.0019385571740462536,0.08588180911096589
107,16,405838,flow,6,405843,flow,7,2.578492029272618e-06,6.264952512068453e-05,0.10527884558779428
107,16,405838,flow,6,405843,flow,11,0.0016283352128483065,0.016527835453492606,0.07065764388424822
107,16,405838,flow,7,408093,flow,3,0.000597259116149635,0.0072496751384277126,0.07696525460537085
107,16,405838,flow,7,408093,flow,8,0.001688926127596722,0.01693535717228914,0.07041857844544883
107,16,405838,flow,8,401448,flow,1,0.0005434256095939893,0.00669212837356338,0.07753588527776183
107,16,405838,flow,8,401448,flow,3,0.004211171008304105,0.0345728976736483,0.06419324199227136
107,16,405838,flow,8,401448,flow,5,0.002308131028937999,0.021761514720672535,0.0683452570797439
107,16,405838,flow,8,401448,flow,10,0.005688176555018773,0.043538133801702864,0.06202939227659566
107,16,405838,flow,9,402391,flow,6,0.00554202724567165,0.04270702408366309,0.06221923311408557
107,16,405838,flow,10,400497,flow,4,5.7796961035722306e-08,1.958297032739768e-06,0.12137052029265094
107,16,405838,flow,10,400497,flow,5,4.264511763598993e-06,9.752615573715008e-05,0.1029678987523562
107,16,405838,flow,10,400497,flow,9,0.0007199280818352257,0.008455925267885194,0.07582557494901111
107,16,405838,flow,10,400497,flow,10,1.1789565685691965e-05,0.0002420671281472875,0.09814113746744431
107,16,405838,flow,10,400497,flow,11,9.049770436490423e-07,2.3984667659901e-05,0.10994029244896626
107,16,405838,flow,10,400497,flow,12,0.002940880920880686,0.026212639409130656,-0.06669896923036185
107,16,405838,flow,12,404520,flow,4,7.339863036168816e-05,0.001210236958635469,0.08885177509660029
107,16,405838,flow,12,404520,flow,5,5.898912928591513e-06,0.00013051058763816962,0.10145136006831706
107,16,405838,flow,12,404520,flow,11,0.0018963924644422854,0.018582844283983022,0.06965573982383283
107,16,405838,flow,13,400183,flow,5,0.006144283833150049,0.04597039514930415,0.061463957460904876
107,16,405838,flow,14,401469,flow,1,1.536440571885145e-08,5.677864217744933e-07,0.1265186158586554
107,16,405838,flow,14,401469,flow,3,0.0002398700953289391,0.0033524387312229603,0.08232804993409969
107,16,405838,flow,14,401469,flow,4,4.856124257425585e-05,0.0008503630641296526,0.09100383245944722
107,16,405838,flow,14,401469,flow,5,1.0492773802022629e-09,4.574044684635495e-08,0.13633063318603836
107,16,405838,flow,15,401472,flow,1,0.006474815555007431,0.048002751325951776,0.06107734931140799
107,16,405838,flow,15,401472,flow,4,0.0016100428694664532,0.01639647618127081,-0.07073142598382877
107,16,405838,flow,15,401472,flow,5,0.001853080636503566,0.018251957021649348,0.06980843538453554
107,16,405838,flow,15,401472,flow,6,0.0025495746064789293,0.0235315560262909,0.06767337447505883
107,16,405838,flow,15,401472,flow,7,0.003345346266405384,0.028950111920815827,0.06580898875114434
107,16,405838,flow,16,405838,flow,1,2.614624874595148e-91,9.82189518108786e-89,0.4323557374085025
107,16,405838,flow,16,405838,flow,2,1.2393676969201512e-10,6.07726271361527e-09,0.14368892566839825
107,16,405838,flow,16,405838,flow,3,3.6023049553450297e-26,5.22213335808407e-24,0.234236188783885
107,16,405838,flow,16,405838,flow,4,0.004087972693380079,0.033753902972863035,0.06440360239730883
107,16,405838,flow,16,405838,flow,5,0.0043756816727843146,0.03560547151333253,0.06392087343131009
107,16,405838,flow,17,400260,flow,1,2.0808380829563327e-06,5.154369563286329e-05,0.10624931803065958
107,16,405838,flow,17,400260,flow,9,0.0006866970963032242,0.008117283738747602,0.07611532732594847
107,16,405838,flow,17,400260,flow,11,0.0012936818144497113,0.01369780744711459,0.07214720834302411
107,16,405838,flow,17,400260,flow,12,0.0008574959087744199,0.009735564588450707,0.07474480501210592
107,16,405838,flow,19,401795,flow,5,0.006134554895242164,0.045913508571459025,0.061475617961949273
107,16,405838,flow,19,401795,flow,11,0.004582492263420145,0.036864742230865964,0.06359133646917998
107,16,405838,occupancy,3,400039,flow,5,0.0026732899660758484,0.02438473955542159,0.06735135261247978
107,16,405838,occupancy,4,400316,flow,11,0.006676676407864744,0.04901145638398589,0.06084988165545674
107,16,405838,occupancy,5,400503,flow,6,0.0005981601499886368,0.007258572606603682,0.076956117331591
107,16,405838,occupancy,6,405843,flow,1,0.0009671013224781373,0.010770501967273919,0.07399329011448104
107,16,405838,occupancy,6,405843,flow,4,2.8528900784141385e-05,0.0005305417623223882,0.09375861957921326
107,16,405838,occupancy,6,405843,flow,10,0.003341253666998018,0.02893196942671717,0.06581749146649767
107,16,405838,occupancy,6,405843,flow,11,5.540564338181153e-05,0.0009498110294024833,0.09033767351499289
107,16,405838,occupancy,8,401448,flow,6,0.00461961085547844,0.037094273040272976,0.06353362042597761
107,16,405838,occupancy,10,400497,flow,4,4.9347316212602666e-05,0.000861334973892701,0.09094302362911341
107,16,405838,occupancy,10,400497,flow,5,0.000647946124167815,0.007745233138917987,0.07647013484361186
107,16,405838,occupancy,10,400497,flow,10,0.0002133308968983239,0.0030255727990832542,0.08299471429610648
107,16,405838,occupancy,10,400497,flow,11,1.686530174343304e-05,0.0003337521920825961,0.09638786778938134
107,16,405838,occupancy,11,405841,flow,4,0.0009796971996527608,0.010888324935682857,0.07391204287177758
107,16,405838,occupancy,11,405841,flow,9,0.0007017333453118697,0.008262436772273854,0.07598264394383174
107,16,405838,occupancy,12,404520,flow,4,0.003110180752222692,0.02734781365683295,0.0663136540386149
107,16,405838,occupancy,12,404520,flow,11,0.0012846525123540974,0.013615551652035575,0.0721921349360837
107,16,405838,occupancy,14,401469,flow,8,0.00262881232699746,0.024096051883363095,0.06746552670846064
107,16,405838,occupancy,16,405838,flow,2,0.002797968446881525,0.02523428745412983,0.06704030957809766
107,16,405838,occupancy,16,405838,flow,6,0.00046484124218049556,0.005881998143584478,0.07847137573344386
107,16,405838,occupancy,16,405838,flow,7,0.0022086470319443168,0.02100232264582753,0.06864098618942881
107,16,405838,occupancy,17,400260,flow,1,0.00010467116924038255,0.001641900693966785,0.0869433464285601
107,16,405838,occupancy,18,404528,flow,1,0.0006184188114548477,0.007449997951714841,0.07675398499181807
107,16,405838,occupancy,19,401795,flow,11,0.004387401376713354,0.03569411289529509,0.06390182581592303
107,16,405838,speed,6,405843,flow,11,0.0024598163787776348,0.022891871512967215,-0.06791607320682949
107,16,405838,speed,7,408093,flow,5,0.0021674741899164085,0.020691690656604284,-0.06876696059872045
107,16,405838,speed,9,402391,flow,3,0.0007447996301631131,0.008696038925147698,-0.07561672613657748
107,16,405838,speed,14,401469,flow,8,0.0032567328584221407,0.028353659710567608,-0.06599524400073005
107,17,400260,flow,0,400593,flow,6,0.0013136201102125127,0.013874911677550257,0.07204901808333325
107,17,400260,flow,0,400593,flow,12,0.0014835829834918784,0.015325390934205919,0.07126367616126207
107,17,400260,flow,1,400125,flow,11,0.005100081975272288,0.04011985412093803,0.06282210791188773
107,17,400260,flow,1,400125,flow,12,0.0012144820190029795,0.013003923704616054,0.07255155606887352
107,17,400260,flow,3,400039,flow,12,0.003261159779935795,0.028386480454004905,0.06598583027528589
107,17,400260,flow,4,400316,flow,5,0.0013668597008272864,0.014342564749997273,0.07179341011419527
107,17,400260,flow,4,400316,flow,9,0.0038637195325193275,0.03229109766005706,0.06480172470440622
107,17,400260,flow,4,400316,flow,10,0.001491849638296013,0.015396059334540793,0.0712276307043992
107,17,400260,flow,4,400316,flow,11,0.001398821239159824,0.014599922090288573,0.07164433399632382
107,17,400260,flow,4,400316,flow,12,0.003608125834958507,0.030749859157665715,0.06528191714025841
107,17,400260,flow,5,400503,flow,10,0.005649542942081901,0.043334562339832766,0.0620791440154469
107,17,400260,flow,5,400503,flow,11,3.916770517783229e-05,0.0007018021002415408,0.09213981146641412
107,17,400260,flow,6,405843,flow,11,0.00028101298821824554,0.003838052826755677,0.08142018749757969
107,17,400260,flow,7,408093,flow,1,8.967799116901457e-05,0.0014412534295020199,0.08777929939461171
107,17,400260,flow,7,408093,flow,4,0.005282853396425027,0.04115766757900111,0.06256727550792193
107,17,400260,flow,8,401448,flow,1,0.0005612740324993858,0.006864959853899622,0.07734107989382424
107,17,400260,flow,8,401448,flow,2,0.0009341959706049695,0.010460670277380684,0.07421025310414653
107,17,400260,flow,8,401448,flow,11,7.428801932454066e-05,0.0012230344644893888,0.0887876268884327
107,17,400260,flow,8,401448,flow,12,0.006353134945288242,0.04729068749078292,0.06121756421461604
107,17,400260,flow,10,400497,flow,1,0.00020278642586453246,0.00290078595938669,-0.08328143559546633
107,17,400260,flow,10,400497,flow,2,0.00013859928262625746,0.002086233104339485,-0.08540613552513703
107,17,400260,flow,10,400497,flow,5,1.021738817964966e-06,2.6799706700720416e-05,0.10940972761543674
107,17,400260,flow,10,400497,flow,10,1.4235709300230832e-18,1.336918786456461e-16,0.19558048380481527
107,17,400260,flow,10,400497,flow,11,4.67296491949979e-16,3.697290925318515e-14,0.18081123141046168
107,17,400260,flow,10,400497,flow,12,0.0002348418723888595,0.003291748503309127,0.0824488618097414
107,17,400260,flow,11,405841,flow,5,0.00048683599743559427,0.006113754386400485,0.07819552690676979
107,17,400260,flow,11,405841,flow,6,4.1331404177509225e-06,9.472236925561796e-05,0.10311304728542471
107,17,400260,flow,11,405841,flow,11,0.002109612432897559,0.020261284371092605,0.0689477538171012
107,17,400260,flow,12,404520,flow,1,1.6577439650120817e-08,6.074176360349613e-07,-0.12622888180700634
107,17,400260,flow,12,404520,flow,2,6.015362793838855e-07,1.6774012119129246e-05,-0.11170827931714124
107,17,400260,flow,12,404520,flow,5,8.93730681900994e-08,2.920511759313384e-06,0.1196297560252991
107,17,400260,flow,12,404520,flow,6,0.00010924157421374713,0.0017000129704732984,0.08671095367635637
107,17,400260,flow,12,404520,flow,9,0.0010473973972181345,0.01150091218989487,0.07349124798712535
107,17,400260,flow,12,404520,flow,10,0.0025699164404342036,0.02367348712441925,0.0676194588269456
107,17,400260,flow,14,401469,flow,1,2.0434243778557373e-10,9.711323775948058e-09,0.14203589875813766
107,17,400260,flow,14,401469,flow,2,0.004701037310381083,0.03758571760813211,0.06340846544754844
107,17,400260,flow,14,401469,flow,4,0.0004105756654876169,0.005318707443187344,0.07920781218820414
107,17,400260,flow,14,401469,flow,5,1.3637079094853456e-06,3.496271910371925e-05,0.10813751789560061
107,17,400260,flow,14,401469,flow,11,5.0763986848777404e-09,2.0212020570204459e-07,0.13066973616279587
107,17,400260,flow,15,401472,flow,1,9.361076704719899e-09,3.578747908353094e-07,0.12839216247888693
107,17,400260,flow,15,401472,flow,2,2.0449536940675016e-06,5.06838781317935e-05,0.10632767756616579
107,17,400260,flow,15,401472,flow,4,0.00018036715126213182,0.0026226391566893624,-0.08394072340428668
107,17,400260,flow,15,401472,flow,10,0.001039947466875456,0.011430701703145264,0.07353630127017889
107,17,400260,flow,15,401472,flow,11,0.0002341366840145803,0.003282929162424495,0.08246599876806122
107,17,400260,flow,15,401472,flow,12,7.537455609149102e-08,2.502829226097165e-06,0.12031297946798628
107,17,400260,flow,16,405838,flow,1,5.93884468179413e-11,3.0077150088336037e-09,0.14617411784834808
107,17,400260,flow,16,405838,flow,2,0.0013189996075977505,0.01390792849602705,0.07202276108916683
107,17,400260,flow,16,405838,flow,3,0.00023958421533631843,0.0033495268940223156,0.08233485475487679
107,17,400260,flow,16,405838,flow,4,9.075553715109432e-06,0.0001912506929232817,0.09940400117977678
107,17,400260,flow,16,405838,flow,5,0.005303366222349049,0.04126538559176494,0.06253917385915819
107,17,400260,flow,16,405838,flow,6,3.497731726215613e-05,0.0006338171584417554,0.0927207616769494
107,17,400260,flow,16,405838,flow,12,3.175882856283353e-07,9.481557663541177e-06,0.11442074606268426
107,17,400260,flow,17,400260,flow,1,1.0443770740460529e-110,4.557281777655503e-108,0.4717469520697296
107,17,400260,flow,17,400260,flow,2,6.303455338104095e-22,7.440144005631062e-20,0.21349896178258865
107,17,400260,flow,17,400260,flow,4,5.132205908042205e-07,1.4562514375466309e-05,0.11236028802845872
107,17,400260,flow,17,400260,flow,11,9.179633650195357e-05,0.0014709205255505912,0.08765352309379625
107,17,400260,flow,17,400260,flow,12,3.252478344591704e-05,0.0005958738951923732,0.09309223655255756
107,17,400260,flow,18,404528,flow,12,0.005149446143966143,0.0404024833671154,0.06275247834505548
107,17,400260,flow,19,401795,flow,1,9.90414320665388e-119,4.456864442994246e-116,0.4867805628744779
107,17,400260,flow,19,401795,flow,4,0.0038496194424090463,0.032185709292059377,0.06482745205245438
107,17,400260,flow,19,401795,flow,5,0.0015015269449300454,0.015480337941240908,0.07118566721956772
107,17,400260,flow,19,401795,flow,12,0.00012560218851815537,0.0019183032677511937,0.08594810483458956
107,17,400260,occupancy,0,400593,flow,4,0.006587341382367025,0.048553684988612095,0.06094977601169601
107,17,400260,occupancy,0,400593,flow,6,0.0009812904526887304,0.010897621479730887,0.07390183485584875
107,17,400260,occupancy,0,400593,flow,10,0.0008377657094617171,0.009544166310323359,0.07488947054994069
107,17,400260,occupancy,0,400593,flow,11,0.0011623642321816642,0.012559813614369158,0.07283113537033946
107,17,400260,occupancy,0,400593,flow,12,0.0029089940615772006,0.02601833197932403,0.0667737971924203
107,17,400260,occupancy,4,400316,flow,5,0.0022495874993854596,0.021307208939586025,0.06851783744914948
107,17,400260,occupancy,4,400316,flow,8,0.001254472016173012,0.013364535412743309,0.07234444590691486
107,17,400260,occupancy,7,408093,flow,1,7.111157610300768e-05,0.001177921812749207,0.08902016738794657
107,17,400260,occupancy,8,401448,flow,1,0.0008488551179981507,0.009654857610418486,0.07480777718639647
107,17,400260,occupancy,8,401448,flow,2,0.004021585489234271,0.03329484345245698,0.06451935351385092
107,17,400260,occupancy,9,402391,flow,3,0.006327527481155461,0.047142824427657354,-0.06124737945671955
107,17,400260,occupancy,10,400497,flow,5,0.0005007789067421446,0.006261548124822184,0.07802661534703748
107,17,400260,occupancy,10,400497,flow,10,0.001268836482596808,0.013480997552430424,0.07227153648317404
107,17,400260,occupancy,10,400497,flow,11,0.0006301081063548632,0.007563398220208416,0.07664013806497268
107,17,400260,occupancy,11,405841,flow,6,1.2960454722869546e-06,3.340642267469955e-05,0.10836280430649499
107,17,400260,occupancy,12,404520,flow,5,0.00042390021995922776,0.005462690416731635,0.07901892616875099
107,17,400260,occupancy,14,401469,flow,1,7.504952163106287e-06,0.0001616051411631171,0.10031187096451202
107,17,400260,occupancy,14,401469,flow,2,0.0017730252154408448,0.01760392767341864,0.07009950439129892
107,17,400260,occupancy,14,401469,flow,3,0.005932929135257599,0.04482911780292634,0.061721099890143294
107,17,400260,occupancy,14,401469,flow,4,0.0024497071062254093,0.022807617885546912,0.06794391315202553
107,17,400260,occupancy,14,401469,flow,5,1.1188023633704899e-05,0.00023169828426464605,0.0983951408678989
107,17,400260,occupancy,14,401469,flow,6,0.0004925609071818544,0.006170491470522494,0.07812563378629626
107,17,400260,occupancy,14,401469,flow,11,5.109571942103831e-05,0.0008857684907659932,0.09076140197675339
107,17,400260,occupancy,15,401472,flow,4,0.0003649168262518447,0.004809154025039564,-0.07990157891138254
107,17,400260,occupancy,15,401472,flow,5,0.0013011354013551526,0.013763234411983984,-0.0721103393194244
107,17,400260,occupancy,16,405838,flow,1,7.378070657258031e-10,3.289294658344138e-08,0.13760504280811905
107,17,400260,occupancy,16,405838,flow,2,0.0010931179738324778,0.011912890128547689,0.07322107359930176
107,17,400260,occupancy,16,405838,flow,3,0.0031822018195076314,0.027816899757735672,0.06615550692622052
107,17,400260,occupancy,16,405838,flow,4,0.0005578928045983752,0.006839094539911977,0.07737753710365104
107,17,400260,occupancy,16,405838,flow,6,0.00019065492058685234,0.002754612899448836,0.08362915996528533
107,17,400260,occupancy,16,405838,flow,8,0.002248072699376151,0.021302202371802966,0.06852235726376152
107,17,400260,occupancy,16,405838,flow,12,0.002987016252677142,0.026511110018393316,0.06659200393783973
107,17,400260,occupancy,17,400260,flow,1,0.0017557800140896103,0.01746481616593856,0.07016378259983057
107,17,400260,occupancy,17,400260,flow,2,0.0023321894570530067,0.02193568137267361,0.06827549449495629
107,17,400260,occupancy,17,400260,flow,3,0.004735026834174925,0.03781718603001604,0.06335680184671856
107,17,400260,occupancy,17,400260,flow,7,0.00589554777046672,0.044685267409469584,0.061767435776958896
107,17,400260,occupancy,17,400260,flow,11,0.0009141901448382921,0.010279285334985481,0.07434564696612847
107,17,400260,occupancy,19,401795,flow,1,7.011033424978264e-08,2.3388157834676525e-06,0.12060221720728707
107,17,400260,occupancy,19,401795,flow,2,0.000558290755026435,0.006840508288921207,0.07737323564611268
107,17,400260,occupancy,19,401795,flow,3,0.0026302463600362965,0.024104082043607977,0.06746181811243704
107,17,400260,occupancy,19,401795,flow,4,0.005789879501382617,0.04409003956631924,0.061899862407307514
107,17,400260,occupancy,19,401795,flow,6,0.004808977275108198,0.03826631392239347,0.06324554707604332
107,17,400260,speed,0,400593,flow,10,0.00046773783181066925,0.005913454590055871,-0.0784343607840863
107,17,400260,speed,4,400316,flow,8,0.005062525101982737,0.03985078068616149,-0.06287549186791563
107,17,400260,speed,6,405843,flow,9,1.3070916580383397e-05,0.00026660226452906646,-0.0976389252647243
107,17,400260,speed,7,408093,flow,1,0.00022495500755838295,0.0031717625712248602,-0.08269365553243233
107,17,400260,speed,8,401448,flow,1,0.003587949219748561,0.030626241117000165,-0.06532112792097308
107,17,400260,speed,9,402391,flow,3,0.006068329956500532,0.04552285477237909,0.06155543619475388
107,17,400260,speed,10,400497,flow,7,0.0014702358029938724,0.015216623547995996,-0.07132226665801333
107,17,400260,speed,14,401469,flow,6,0.0008319501275455916,0.009492933309553501,-0.07493271420625981
107,17,400260,speed,15,401472,flow,9,0.0015929418796207916,0.01624913558432543,-0.07080110341979667
107,17,400260,speed,16,405838,flow,8,0.0017369886553600202,0.017333774523343237,-0.07023448754899353
107,17,400260,speed,17,400260,flow,1,1.4526054135721868e-06,3.702215567334423e-05,-0.10785732701111708
107,17,400260,speed,17,400260,flow,2,0.0008459107245019229,0.009626802765669936,-0.0748293710310401
107,17,400260,speed,17,400260,flow,3,0.001979452929409013,0.01923355073109972,-0.06937165711008458
107,17,400260,speed,18,404528,flow,9,0.00283853429451284,0.0254989980293106,-0.06694183235968765
107,17,400260,speed,19,401795,flow,1,7.475537920847538e-06,0.000161149320449408,-0.10033055184834463
107,18,404528,flow,1,400125,flow,1,3.074918447031738e-05,0.0005676772517597055,0.09337816359506207
107,18,404528,flow,1,400125,flow,2,9.092493085035796e-05,0.0014602070679313993,0.08770492750929851
107,18,404528,flow,1,400125,flow,3,0.0015984575129620764,0.01630154970726197,0.07077855528724208
107,18,404528,flow,1,400125,flow,6,0.00098720909674911,0.010943076639007244,0.07386404775690086
107,18,404528,flow,1,400125,flow,9,0.0021786153964752273,0.02077055373282504,0.06873265756138577
107,18,404528,flow,1,400125,flow,10,0.00015936070690846093,0.0023560515189751927,0.08463246056037288
107,18,404528,flow,1,400125,flow,11,0.0005774761585892806,0.007045176518231269,0.07716917211923938
107,18,404528,flow,1,400125,flow,12,2.0881004576416353e-10,9.901859469826415e-09,0.14196239770842953
107,18,404528,flow,3,400039,flow,1,4.238158114229797e-16,3.3717943008237057e-14,0.18098092131029794
107,18,404528,flow,3,400039,flow,11,0.00022826733835882069,0.0032116419678580857,0.08261053900309251
107,18,404528,flow,3,400039,flow,12,5.768848181763433e-11,2.9319322523785923e-09,0.1462699693378449
107,18,404528,flow,4,400316,flow,1,0.0008114366341720237,0.009315456443324854,0.07508751967002847
107,18,404528,flow,4,400316,flow,12,0.001163963447080461,0.01256948324211869,0.07282238596162824
107,18,404528,flow,5,400503,flow,1,0.003993495561174835,0.03307496323672409,0.06456885303553794
107,18,404528,flow,5,400503,flow,2,0.0013171498690012307,0.013898601451112155,0.07203177839144735
107,18,404528,flow,5,400503,flow,4,0.003927631453664698,0.032718430809029996,0.06468616776321762
107,18,404528,flow,5,400503,flow,5,5.697993259457648e-07,1.5921947529661736e-05,0.11194090463227953
107,18,404528,flow,5,400503,flow,6,0.0006326718008629146,0.007587846140277044,0.07661543188847186
107,18,404528,flow,5,400503,flow,9,0.0022339618955674622,0.02118708098540381,0.0685645951501058
107,18,404528,flow,5,400503,flow,10,1.531299565158277e-05,0.00030583514200109834,0.0968636015559259
107,18,404528,flow,5,400503,flow,12,3.9670506662532814e-09,1.600154890589559e-07,0.1315765022296839
107,18,404528,flow,6,405843,flow,12,0.00011128831067458242,0.0017262675120796986,0.08660984072297245
107,18,404528,flow,7,408093,flow,1,3.4578562580258197e-05,0.0006271175077527935,0.09277944219125073
107,18,404528,flow,7,408093,flow,2,0.004665119957695521,0.03735554813205681,0.06346342781613423
107,18,404528,flow,7,408093,flow,4,0.0021837038544859945,0.02079717956653328,0.06871704395938866
107,18,404528,flow,7,408093,flow,5,0.00016869683067631368,0.0024720838145239994,0.08431504663729904
107,18,404528,flow,7,408093,flow,6,0.003925708342772703,0.032714236189772525,0.0646896198877189
107,18,404528,flow,7,408093,flow,7,0.000789351173516655,0.009117639223507886,0.07525829815331653
107,18,404528,flow,7,408093,flow,11,2.5155768867978937e-05,0.00047393336899114266,0.09439418921899301
107,18,404528,flow,7,408093,flow,12,5.797563953788521e-09,2.2851711934640883e-07,0.1301786751706724
107,18,404528,flow,8,401448,flow,6,0.00085050230935277,0.009666324589329036,0.07479572713338506
107,18,404528,flow,8,401448,flow,12,3.267303043177188e-06,7.742594156075399e-05,0.10419739306102928
107,18,404528,flow,9,402391,flow,11,4.922510303903682e-06,0.00011104566325255304,0.10229978825600575
107,18,404528,flow,9,402391,flow,12,2.6780561027140747e-05,0.0005003980261126644,0.0940785494426292
107,18,404528,flow,10,400497,flow,10,6.390367499866647e-08,2.1517059703370157e-06,0.12097154985901876
107,18,404528,flow,10,400497,flow,11,3.104080184521784e-10,1.438801115572329e-08,0.1406082567538746
107,18,404528,flow,10,400497,flow,12,2.5294853829321375e-06,6.166691227012887e-05,0.10536603445636085
107,18,404528,flow,11,405841,flow,12,0.0005298238765773074,0.006550770311430933,0.07768838153092114
107,18,404528,flow,12,404520,flow,5,4.369964511867567e-05,0.0007749690759962188,0.09157444193460583
107,18,404528,flow,12,404520,flow,6,0.0003549181642888264,0.004696007564250321,0.08006428853705196
107,18,404528,flow,12,404520,flow,7,1.3779470743620767e-07,4.386684864586714e-06,0.1178760920833293
107,18,404528,flow,12,404520,flow,8,0.0016476949226175456,0.01664026148475961,0.07058038221199922
107,18,404528,flow,12,404520,flow,9,4.979080792103021e-07,1.4169716088198322e-05,0.11251773161778444
107,18,404528,flow,12,404520,flow,10,1.6108655487863595e-07,5.072113098219441e-06,0.11723727029520897
107,18,404528,flow,12,404520,flow,11,0.0018251334851116536,0.01801777115101084,0.06990871156323471
107,18,404528,flow,12,404520,flow,12,0.0018873110173477474,0.01852174847145797,0.0696874892581484
107,18,404528,flow,13,400183,flow,1,0.006675942788287366,0.04901145638398589,0.060850697085837
107,18,404528,flow,13,400183,flow,4,0.0056714515528137124,0.043448609165020816,0.06205089296014659
107,18,404528,flow,13,400183,flow,11,0.0028133571299458855,0.02532021416951297,0.06700279974067139
107,18,404528,flow,14,401469,flow,2,0.0029475023295865597,0.026254041368688533,0.06668352378250811
107,18,404528,flow,14,401469,flow,6,2.6542240796861435e-05,0.0004965893470872299,0.094123688528836
107,18,404528,flow,15,401472,flow,1,8.789802448399275e-22,1.0318463743773063e-19,0.21286156772662473
107,18,404528,flow,15,401472,flow,2,4.03679828367497e-21,4.625721110205802e-19,0.20942105772911201
107,18,404528,flow,15,401472,flow,3,1.3588315514385405e-12,8.198536734936445e-11,0.15815188888118056
107,18,404528,flow,15,401472,flow,4,1.136383406314242e-08,4.2725642430613796e-07,0.1276622905466004
107,18,404528,flow,15,401472,flow,5,0.0008860954218608455,0.010023085809128491,0.07454049127399291
107,18,404528,flow,15,401472,flow,6,0.0017545421152183752,0.017458735972060387,0.07016841891398948
107,18,404528,flow,15,401472,flow,11,1.4517657815988023e-05,0.0002918393753609505,0.09712545704619742
107,18,404528,flow,15,401472,flow,12,2.3827362799108094e-15,1.787052209933107e-13,0.1764261306772517
107,18,404528,flow,16,405838,flow,1,7.567613834749246e-05,0.0012440213622951979,0.08868894319264503
107,18,404528,flow,16,405838,flow,7,7.67732086114925e-05,0.0012610656319454283,0.08861215335262966
107,18,404528,flow,16,405838,flow,12,0.005742788962227761,0.043862885991555745,0.06195958034096087
107,18,404528,flow,17,400260,flow,1,3.721229815252889e-09,1.5122965947217764e-07,0.13181073716649774
107,18,404528,flow,17,400260,flow,2,0.0003038558002041056,0.004109209761475177,0.08096861269700878
107,18,404528,flow,17,400260,flow,3,0.0017511814874959309,0.017439151742698066,0.07018102067454533
107,18,404528,flow,17,400260,flow,11,0.004130235199211886,0.0340702999056623,0.0643307994253987
107,18,404528,flow,17,400260,flow,12,1.272662718317291e-09,5.481458567428412e-08,0.13568012636215912
107,18,404528,flow,18,404528,flow,1,3.509931566895278e-137,1.6481417792377827e-134,0.5184269544108783
107,18,404528,flow,18,404528,flow,2,6.969483341702947e-22,8.203860500315185e-20,0.21332754103500384
107,18,404528,flow,18,404528,flow,12,0.0012590921078279539,0.01340714297711797,0.07232091214783143
107,18,404528,flow,19,401795,flow,12,0.0005212900959093023,0.006465613592673517,0.07778593025707263
107,18,404528,occupancy,0,400593,flow,9,0.0038740874516867683,0.03233396018409358,0.06478286148048773
107,18,404528,occupancy,6,405843,flow,7,0.005990531296116246,0.04512483905705699,-0.06165021153545739
107,18,404528,occupancy,7,408093,flow,3,0.0003660719350272187,0.004821279295340666,0.07988305085260645
107,18,404528,occupancy,10,400497,flow,10,0.0038393293837730206,0.032127880593361885,0.0648462815812012
107,18,404528,occupancy,11,405841,flow,1,0.0017105284554880462,0.017110458529590717,-0.07033524853854146
107,18,404528,occupancy,17,400260,flow,11,0.0028518819985806966,0.02560825240878946,0.06690971027611407
107,18,404528,occupancy,19,401795,flow,2,0.005645459897374048,0.043323742847252524,0.06208441999753834
107,18,404528,speed,6,405843,flow,8,0.004299037891372137,0.03514186287932279,-0.06404659145411101
107,18,404528,speed,10,400497,flow,3,0.0013982707567497207,0.014597703405410327,-0.07164687489375993
107,18,404528,speed,10,400497,flow,9,0.0020138438518624863,0.019493178221030565,-0.0692572239079553
107,18,404528,speed,11,405841,flow,1,0.005330223479250806,0.04143704414317704,0.06250252855626692
107,18,404528,speed,13,400183,flow,1,0.006014307895929993,0.04520163174666353,0.061621129571506617
107,18,404528,speed,17,400260,flow,11,0.0029343108009197926,0.026174318934489994,-0.06671432641445363
107,18,404528,speed,18,404528,flow,10,0.0029423134380593134,0.02621863459656814,-0.06669562497893519
107,19,401795,flow,3,400039,flow,12,6.420254774268417e-05,0.0010792023589431736,0.08956188460433386
107,19,401795,flow,6,405843,flow,12,0.005966166220613031,0.04498837157103908,0.061680121297662364
107,19,401795,flow,7,408093,flow,2,0.00018832651258695335,0.0027237045007554015,0.0836982681427195
107,19,401795,flow,7,408093,flow,3,0.006067821324187061,0.04552285477237909,-0.061556052256596154
107,19,401795,flow,8,401448,flow,2,0.0036164800490545482,0.03079068547874586,0.06526574006064387
107,19,401795,flow,8,401448,flow,9,0.001515787408214281,0.015602100556315687,0.07112428144032028
107,19,401795,flow,9,402391,flow,10,0.005836543330983681,0.04433860159583311,0.06184111572171478
107,19,401795,flow,10,400497,flow,3,0.00457838811905779,0.0368454483500925,-0.06359774399360008
107,19,401795,flow,10,400497,flow,5,0.0006128968346362652,0.007402052909221878,0.07680846331364098
107,19,401795,flow,10,400497,flow,6,0.0047791041376935425,0.03809175253659798,0.06329030220324655
107,19,401795,flow,10,400497,flow,11,1.6806125365311796e-10,8.075913412474634e-09,0.14269847929674415
107,19,401795,flow,10,400497,flow,12,0.0008607211998664587,0.009764484200165707,0.07472145041736879
107,19,401795,flow,11,405841,flow,7,0.0005066639999772477,0.006320498064977505,0.07795663201032642
107,19,401795,flow,12,404520,flow,2,0.0039013254121623734,0.03253615015548543,-0.06473352263518452
107,19,401795,flow,12,404520,flow,6,0.00019970747616203334,0.0028633796781280586,0.08336779903999082
107,19,401795,flow,15,401472,flow,1,2.5229138304209365e-05,0.00047469458830219706,0.0943795237614309
107,19,401795,flow,15,401472,flow,2,4.0232420645445957e-07,1.1696100752915648e-05,0.11342365911962038
107,19,401795,flow,15,401472,flow,12,1.5189374943425558e-06,3.8567693126809825e-05,0.10765879453890555
107,19,401795,flow,17,400260,flow,1,4.813306159333094e-07,1.3770494079679503e-05,0.11263390117374107
107,19,401795,flow,17,400260,flow,5,0.004789478812914653,0.038146291430293695,-0.06327473054543803
107,19,401795,flow,19,401795,flow,1,6.519258588035895e-20,6.936748054264795e-18,0.2029316578204755
107,19,401795,flow,19,401795,flow,2,2.095568689798458e-18,1.9302466396437823e-16,0.19463141510501308
107,19,401795,flow,19,401795,flow,3,5.716617053872211e-10,2.5698007984108172e-08,0.13849675783562274
107,19,401795,flow,19,401795,flow,4,1.407963933719723e-07,4.478942705205599e-06,0.11778814402577172
107,19,401795,flow,19,401795,flow,5,4.339312711494583e-07,1.2539017333549565e-05,0.11310303379536783
107,19,401795,flow,19,401795,flow,6,1.1986315870636614e-10,5.884191427403428e-09,0.1438369407137128
107,19,401795,flow,19,401795,flow,8,1.873806174787408e-08,6.802388802589583e-07,0.12576038256366456
107,19,401795,flow,19,401795,flow,10,1.6683118230177405e-06,4.2023947961729676e-05,0.10724059903711272
107,19,401795,flow,19,401795,flow,11,3.777979448477785e-05,0.0006794700756629488,0.09232541095096473
107,19,401795,flow,19,401795,flow,12,2.664619399563983e-06,6.448826782138043e-05,0.10512939583553367
107,19,401795,occupancy,0,400593,flow,7,0.004150354735528914,0.034190565327011646,0.06429637779908204
107,19,401795,occupancy,1,400125,flow,10,0.003382508668566403,0.029154903128904352,0.06573221101611615
107,19,401795,occupancy,1,400125,flow,11,0.0016749511610224899,0.016843084300784815,0.07047300964546477
107,19,401795,occupancy,2,400331,flow,11,0.0021690400689118616,0.020691690656604284,0.06876212961937327
107,19,401795,occupancy,3,400039,flow,9,0.004919316487085959,0.03894346201981188,0.06308238986387128
107,19,401795,occupancy,3,400039,flow,12,3.0726086508843726e-06,7.309289301663266e-05,0.10447904152013662
107,19,401795,occupancy,6,405843,flow,12,0.0012322107319694018,0.013166337774196924,0.07245897328469703
107,19,401795,occupancy,7,408093,flow,2,4.689209599261348e-05,0.0008245871354245667,0.09120863730053376
107,19,401795,occupancy,8,401448,flow,12,0.0023140607824533857,0.02180100075133301,0.0683280009047566
107,19,401795,occupancy,10,400497,flow,2,0.002775685384461554,0.02508044522249302,-0.06709495948561654
107,19,401795,occupancy,10,400497,flow,5,4.3432965498652294e-05,0.0007708726826383645,0.09160613573229488
107,19,401795,occupancy,10,400497,flow,10,1.499899410372847e-06,3.811509089888646e-05,0.10771490969361443
107,19,401795,occupancy,10,400497,flow,11,1.7330481495972362e-15,1.3111677769282068e-13,0.17729195863067673
107,19,401795,occupancy,10,400497,flow,12,0.00010555676488532904,0.0016527916792483562,0.08689757857631551
107,19,401795,occupancy,11,405841,flow,5,0.0024182155859528115,0.022558176055530437,0.06803131616297724
107,19,401795,occupancy,11,405841,flow,6,0.0021030023482305816,0.020202290736838144,0.06896869584496655
107,19,401795,occupancy,11,405841,flow,7,0.0010634406956080888,0.011636433143431974,0.07339522400592202
107,19,401795,occupancy,12,404520,flow,2,0.000315073070570438,0.004244202260256603,-0.08075837761457223
107,19,401795,occupancy,12,404520,flow,6,0.0011152225249906342,0.012126255494486635,0.07309417773494437
107,19,401795,occupancy,12,404520,flow,11,0.001278920747861546,0.013568117953737422,0.07222080552356724
107,19,401795,occupancy,15,401472,flow,1,7.087630460069554e-08,2.3625434866898514e-06,0.1205588503716803
107,19,401795,occupancy,15,401472,flow,2,2.794915137964456e-08,9.953861002478524e-07,0.12421941887731675
107,19,401795,occupancy,15,401472,flow,7,0.0031153954972139453,0.02738406035533071,0.06630209182262811
107,19,401795,occupancy,15,401472,flow,11,7.334851960645445e-05,0.0012099235343921834,0.08885541121664702
107,19,401795,occupancy,15,401472,flow,12,8.550066799907564e-11,4.275033399953782e-09,0.14496597142106277
107,19,401795,occupancy,17,400260,flow,1,2.82715667625709e-06,6.757732063124153e-05,0.10483328799044823
107,19,401795,occupancy,17,400260,flow,11,0.00034712523117797834,0.0046061713083397895,0.08019410215672641
107,19,401795,occupancy,18,404528,flow,12,0.00026821790375138467,0.003684265005424425,0.08168838642896202
107,19,401795,occupancy,19,401795,flow,2,2.234463473319329e-15,1.6787621225633917e-13,0.17660121329221531
107,19,401795,occupancy,19,401795,flow,3,1.5149789489568146e-09,6.479909959894494e-08,0.13505902308482143
107,19,401795,occupancy,19,401795,flow,4,1.5550271622177017e-06,3.937700668687263e-05,0.10755424961089019
107,19,401795,occupancy,19,401795,flow,5,1.1415904057014263e-05,0.00023573951016396568,0.0982974185477398
107,19,401795,occupancy,19,401795,flow,6,6.177167776893054e-07,1.707317005513627e-05,0.11159419255179001
107,19,401795,occupancy,19,401795,flow,8,5.357873645356281e-06,0.00011974140790449628,0.10190325073615786
107,19,401795,occupancy,19,401795,flow,10,6.210645297701984e-05,0.0010468196522072796,0.08973716777276525
107,19,401795,occupancy,19,401795,flow,11,1.6847839110022293e-06,4.238943794717316e-05,0.10719670597455204
107,19,401795,occupancy,19,401795,flow,12,4.1725751067929744e-05,0.0007442413072397048,0.09181351173249389
107,19,401795,speed,6,405843,flow,4,0.0027217526410684475,0.02470681111455283,-0.06722890713795922
107,19,401795,speed,7,408093,flow,2,0.0015486309275553028,0.015883394128772335,-0.07098490045222881
107,19,401795,speed,10,400497,flow,10,0.004987695639134462,0.03941976794925151,-0.06298293087962184
107,19,401795,speed,11,405841,flow,5,0.0010401409350709267,0.011430701703145264,-0.07353512750668735
107,19,401795,speed,15,401472,flow,3,0.0004382019727995534,0.005612311065799201,-0.07882225490989857
107,19,401795,speed,15,401472,flow,11,0.006286907613973132,0.046899397154833246,-0.06129489725080745
107,19,401795,speed,15,401472,flow,12,5.0334524885972004e-05,0.0008750307746776622,-0.09083973875269166
107,19,401795,speed,17,400260,flow,4,0.006288298191473549,0.046901671593863485,0.06129326597152023
107,19,401795,speed,17,400260,flow,7,0.00435041168240699,0.03548911838361394,0.06396210158435692
107,19,401795,speed,17,400260,flow,11,0.0006608049904126014,0.007859795040149884,-0.07635026199026372
107,19,401795,speed,17,400260,flow,12,0.0006070721041654636,0.007347162021830348,-0.07686642538486123
107,19,401795,speed,18,404528,flow,12,0.0011427147313501822,0.012384665427578493,-0.07293955626590329
107,19,401795,speed,19,401795,flow,2,9.704687703093306e-06,0.00020321982974969986,-0.09908191593854014
107,19,401795,speed,19,401795,flow,3,9.13253997318089e-06,0.00019222004791155797,-0.09937396289574749
107,19,401795,speed,19,401795,flow,4,0.0005267881070662008,0.00652256985533387,-0.0777229143100209
107,19,401795,speed,19,401795,flow,11,0.0030107975814217527,0.02664750164257728,-0.06653745364043874
