graph_slot,source_node_index,source_node_id,source_feature,target_node_index,target_node_id,target_feature,lag_5min_steps,raw_p_value,fdr_bh_q_value,parcorr_value
336,0,400593,flow,0,400593,flow,1,2.3188228411597404e-23,3.091763788212987e-21,0.22072516635822256
336,0,400593,flow,0,400593,flow,2,4.304933149179185e-20,4.8684060744644184e-18,0.20385551854281203
336,0,400593,flow,0,400593,flow,3,1.4700209172346806e-13,9.922641191334093e-12,0.16475122228000585
336,0,400593,flow,0,400593,flow,4,2.1137189585405005e-20,2.4350042402386567e-18,0.20556404642386317
336,0,400593,flow,0,400593,flow,6,4.431234494460355e-09,1.8371336867628345e-07,0.13117034279886183
336,0,400593,flow,0,400593,flow,7,4.543495590193243e-06,0.00011222356174748319,0.10267335077998786
336,0,400593,flow,0,400593,flow,8,1.650156610898427e-05,0.0003534296757105208,0.09649548253304333
336,0,400593,flow,0,400593,flow,12,3.31489147528886e-05,0.0006527042467296206,0.09299524250052381
336,0,400593,flow,1,400125,flow,9,3.578256065662606e-05,0.0006975661644252013,-0.09260417320799101
336,0,400593,flow,2,400331,flow,6,0.0015026896944460683,0.015771670262407715,0.07118064198138349
336,0,400593,flow,8,401448,flow,1,0.0013456050453083462,0.014479301597127145,0.07189433585531758
336,0,400593,flow,8,401448,flow,6,0.005547311787143974,0.04380257159653074,0.06221229052206257
336,0,400593,flow,8,401448,flow,11,0.0011195906991068856,0.012546386044466267,0.07306937659840908
336,0,400593,flow,9,402391,flow,11,0.005778146780941229,0.0451528707996399,-0.06191470022475211
336,0,400593,flow,11,405841,flow,1,0.006573686467528886,0.04996186759276001,0.06096515204798803
336,0,400593,flow,13,400183,flow,4,0.0004614520273223108,0.006062873351679996,0.07851495983184192
336,0,400593,flow,17,400260,flow,4,0.006075087796800596,0.04690684411470701,0.06154725542176541
336,0,400593,flow,17,400260,flow,9,0.0027565480319469236,0.025488629062522923,0.06714221500548859
336,0,400593,occupancy,0,400593,flow,2,6.420199425210593e-05,0.0011687847246906768,-0.08956193017060597
336,0,400593,occupancy,0,400593,flow,3,7.060085648386895e-09,2.8371693024215246e-07,0.12944697425423304
336,0,400593,occupancy,0,400593,flow,4,4.786049445139824e-13,3.127947595008175e-11,-0.16130227700079208
336,0,400593,occupancy,8,401448,flow,1,0.0005782158274662524,0.007323050057620083,0.07716143165698898
336,0,400593,occupancy,8,401448,flow,6,0.00493230847674072,0.03999919770887912,0.06306339699067873
336,0,400593,occupancy,16,405838,flow,11,0.0006225691790924017,0.007768627538068097,0.07671333550954976
336,0,400593,speed,16,405838,flow,11,0.001301764190196537,0.014110912701772348,-0.07210723794304898
336,0,400593,speed,18,404528,flow,1,0.005951735428044565,0.04612200163090198,0.061697887962932664
336,1,400125,flow,1,400125,flow,1,1.4445060496316442e-111,7.256123412103143e-109,0.4733812285427335
336,1,400125,flow,1,400125,flow,2,2.34103890503955e-16,1.9889044479134843e-14,0.18259357637579493
336,1,400125,flow,1,400125,flow,6,0.0006278594898848275,0.007821087071229684,0.07666188489647678
336,1,400125,flow,1,400125,flow,11,0.0012864236866170487,0.013977239250969945,0.07218329929072936
336,1,400125,flow,3,400039,flow,1,0.00020523043411436545,0.0031218150541340093,0.08321375393163626
336,1,400125,flow,3,400039,flow,12,5.070792851028119e-07,1.5361728693156716e-05,0.11243983506043011
336,1,400125,flow,4,400316,flow,2,0.00020910304136878208,0.0031606897785624163,-0.08310804386605225
336,1,400125,flow,5,400503,flow,12,0.0003161433796695164,0.00446904253983086,0.08073868527425163
336,1,400125,flow,6,405843,flow,2,0.00044649993135515705,0.005918624435269342,0.07871087288134496
336,1,400125,flow,7,408093,flow,10,0.0018972622442114434,0.01905200579961282,-0.06965270633358425
336,1,400125,flow,9,402391,flow,1,0.0007868184128006075,0.009389656196957525,0.0752781654396855
336,1,400125,flow,9,402391,flow,11,0.0048225084477803715,0.03925614564614887,0.06322535770760786
336,1,400125,flow,9,402391,flow,12,0.004415718913611634,0.03670170907574204,0.06385599184617444
336,1,400125,flow,10,400497,flow,2,9.70875186878095e-07,2.786831101204897e-05,-0.10963328128149889
336,1,400125,flow,10,400497,flow,3,1.0541260384015278e-05,0.00023668526433963616,-0.09868320431142197
336,1,400125,flow,10,400497,flow,8,0.0012538831813200474,0.013699482405924645,-0.07234745104898554
336,1,400125,flow,10,400497,flow,10,1.1394074961137471e-06,3.210854783569072e-05,0.10893105407646109
336,1,400125,flow,10,400497,flow,11,9.172055871424079e-08,3.1472026500835604e-06,0.11952543790806398
336,1,400125,flow,10,400497,flow,12,7.904671858278143e-05,0.0013897664625487193,0.08845626470414453
336,1,400125,flow,12,404520,flow,2,6.267267452839316e-08,2.2101710527563954e-06,-0.12104891407909789
336,1,400125,flow,12,404520,flow,3,0.0005676121401047323,0.0072056551432631314,-0.07727328816633175
336,1,400125,flow,12,404520,flow,10,0.0028299913626979143,0.025995242795779267,0.06696246386425551
336,1,400125,flow,14,401469,flow,2,4.5446982348784035e-05,0.0008603460286886373,0.09137120379225669
336,1,400125,flow,14,401469,flow,12,0.0003770097455080971,0.005170419366968188,0.07971026487446226
336,1,400125,flow,15,401472,flow,1,0.002775830492673842,0.025648487240106984,0.06709460230986992
336,1,400125,flow,15,401472,flow,2,4.3468649273414857e-07,1.3394048848869627e-05,-0.11309565143507697
336,1,400125,flow,15,401472,flow,3,1.0115359579911573e-10,5.15310771052099e-09,-0.14440522335659736
336,1,400125,flow,15,401472,flow,4,7.952496407857585e-06,0.0001851012094932369,-0.10003595061351006
336,1,400125,flow,15,401472,flow,5,0.0021749343711720643,0.02122366497281075,-0.06874397338398569
336,1,400125,flow,15,401472,flow,11,1.0464682817371422e-10,5.312271418454118e-09,0.14429171591943604
336,1,400125,flow,15,401472,flow,12,1.319105032651696e-09,5.954580711656558e-08,0.1355526284805899
336,1,400125,flow,17,400260,flow,1,9.244515747882752e-05,0.0015860328844659844,0.0876155472472609
336,1,400125,flow,17,400260,flow,2,0.0030303620147340265,0.02740457170536109,0.06649286985443645
336,1,400125,flow,17,400260,flow,11,0.0019779354633665093,0.019738233314260382,0.069376748257313
336,1,400125,flow,18,404528,flow,9,0.0026837481121742206,0.024965098717899727,-0.06732475860801704
336,1,400125,flow,19,401795,flow,1,4.321434688578093e-07,1.3334712753326686e-05,0.11312055921012706
336,1,400125,flow,19,401795,flow,2,0.006178541028698323,0.04749341146615081,0.061423030733592565
336,1,400125,flow,19,401795,flow,12,4.572554559178359e-05,0.0008652402845225805,0.09133948961215249
336,1,400125,occupancy,2,400331,flow,2,0.004289584670867425,0.035919763090031545,0.06406223789045441
336,1,400125,occupancy,5,400503,flow,2,0.005131534479174075,0.041235942592937204,0.06277767329922551
336,1,400125,occupancy,9,402391,flow,11,0.0028291932131911507,0.0259934382836788,0.06696439432707683
336,1,400125,occupancy,11,405841,flow,2,0.005776282029192423,0.0451528707996399,0.06191706098785819
336,1,400125,occupancy,16,405838,flow,2,0.001740760321172608,0.017786560850858054,0.07022023997620859
336,1,400125,occupancy,16,405838,flow,11,0.005608546408763277,0.044148907590847955,0.06213227519845776
336,1,400125,occupancy,17,400260,flow,6,0.0020899130725795575,0.020612841263798375,0.06901034381306333
336,1,400125,occupancy,19,401795,flow,2,0.004140277561882548,0.03501565988123063,0.06431359943312409
336,1,400125,occupancy,19,401795,flow,11,0.0059067097123661665,0.04591863587803102,0.061753572404749595
336,1,400125,speed,6,405843,flow,11,0.0005439111741368235,0.006971132078167843,0.07753050730763865
336,1,400125,speed,15,401472,flow,6,0.004598551737222281,0.03785393198323219,-0.06356631371173929
336,2,400331,flow,0,400593,flow,2,0.0009040116903935562,0.01051516021136285,0.07441558837707511
336,2,400331,flow,0,400593,flow,5,6.0456848079457916e-05,0.0011099599817393038,0.0898790945691228
336,2,400331,flow,2,400331,flow,1,3.1969406516283023e-66,1.0230210085210567e-63,0.37184690425763933
336,2,400331,flow,2,400331,flow,2,4.893448624378772e-20,5.4908306642379984e-18,0.20360554536117104
336,2,400331,flow,2,400331,flow,3,4.3854301477396204e-07,1.350324892247695e-05,0.11305814529639333
336,2,400331,flow,2,400331,flow,4,6.41200544082111e-10,2.9913459507934333e-08,0.13809624820538918
336,2,400331,flow,2,400331,flow,5,2.01688558597365e-12,1.2254494699586734e-10,0.15694283057783454
336,2,400331,flow,2,400331,flow,6,4.4486724529031566e-05,0.0008432762174875663,0.09148195848078543
336,2,400331,flow,2,400331,flow,8,1.3872039586915586e-05,0.00030231549302374325,0.09734827424087596
336,2,400331,flow,2,400331,flow,9,0.0011899202690595872,0.013187418066540321,0.07268190524273045
336,2,400331,flow,2,400331,flow,10,3.895417961013658e-07,1.2115338798832976e-05,0.11356027592365558
336,2,400331,flow,5,400503,flow,1,0.002162894391944635,0.02115395918768581,0.06878110835723036
336,2,400331,flow,5,400503,flow,2,0.00010731648530211051,0.0017990190784055778,0.08680770031519366
336,2,400331,flow,6,405843,flow,3,0.00045266804144230633,0.005983817477908054,0.07862932339800671
336,2,400331,flow,8,401448,flow,9,0.0014512620831253322,0.015362539081356125,0.07140640480402777
336,2,400331,flow,8,401448,flow,11,0.0038556073823672017,0.033146714212589676,0.06481651588672731
336,2,400331,flow,9,402391,flow,4,0.002507306127467315,0.0236910815193762,0.06778667507523459
336,2,400331,flow,9,402391,flow,10,0.0001221083015054874,0.0020034480155856653,0.0861028092849131
336,2,400331,flow,11,405841,flow,1,0.00016514045106028516,0.0025848070600740284,0.08443396385830351
336,2,400331,flow,11,405841,flow,3,3.211092871466036e-06,8.237482900672967e-05,0.10427701937796323
336,2,400331,flow,11,405841,flow,7,2.668335735958877e-05,0.0005394108740918273,0.09409691404637548
336,2,400331,flow,11,405841,flow,11,0.0006069999973381127,0.007626399846497322,0.07686714615748494
336,2,400331,flow,13,400183,flow,1,0.0061977578503493985,0.04758186229520064,0.06140016189789795
336,2,400331,flow,13,400183,flow,6,0.0016751301963871246,0.017246335673003762,0.07047230968354344
336,2,400331,flow,14,401469,flow,3,0.0020618594115019086,0.020410707281595428,0.06910041740613744
336,2,400331,flow,14,401469,flow,6,0.0003949060800704523,0.005363075340787029,0.0794374033866452
336,2,400331,flow,14,401469,flow,8,1.1528641424404656e-05,0.00025698519583812235,0.0982497591914584
336,2,400331,flow,15,401472,flow,1,1.0374525312575141e-05,0.00023330530635254872,0.09876020060965329
336,2,400331,flow,15,401472,flow,2,0.004295179718928421,0.03593874953664687,0.06405297351425238
336,2,400331,flow,15,401472,flow,9,0.003855445582068943,0.033146714212589676,0.06481681119042934
336,2,400331,flow,15,401472,flow,12,0.000440625080667711,0.005863488095620199,0.07878952800077806
336,2,400331,flow,17,400260,flow,1,4.895179144476149e-05,0.0009202425545751508,0.09098495477253844
336,2,400331,flow,17,400260,flow,3,0.0008575532640247189,0.010069665943426979,0.07474438898771237
336,2,400331,flow,18,404528,flow,2,0.0031388586494305454,0.028131162142743624,0.0662502861031879
336,2,400331,occupancy,2,400331,flow,1,9.075076820928398e-06,0.00020853368014048235,0.09940425331663377
336,2,400331,occupancy,2,400331,flow,3,7.946920343820003e-08,2.7619224364684163e-06,0.12010121672980138
336,2,400331,occupancy,2,400331,flow,4,7.892193887090441e-09,3.145228560168885e-07,0.12903138550289403
336,2,400331,occupancy,2,400331,flow,5,2.5483608739216065e-07,8.154754796549141e-06,0.11534138353035313
336,2,400331,occupancy,2,400331,flow,6,0.00012759600978922754,0.002082413155608096,0.08586162822123565
336,2,400331,occupancy,2,400331,flow,8,1.997733631272912e-07,6.5281462080930255e-06,0.11635130566649925
336,2,400331,occupancy,2,400331,flow,9,0.00018707316427256962,0.0028842115262580326,0.08373580102587568
336,2,400331,occupancy,2,400331,flow,10,6.025622727808799e-05,0.0011072177875003832,0.08989660459302343
336,2,400331,occupancy,6,405843,flow,3,0.0022244883816414343,0.02159988718518992,0.06859308950441607
336,2,400331,occupancy,6,405843,flow,6,0.003644255762495962,0.03164459275172373,0.06521219830749511
336,2,400331,occupancy,7,408093,flow,11,0.0005902334605093728,0.007444696494599973,0.07703694389745774
336,2,400331,occupancy,10,400497,flow,1,0.003095371642677202,0.027840944193973583,0.06634658559585102
336,2,400331,occupancy,11,405841,flow,1,1.767556788757217e-05,0.00037393953611318206,0.09615587674845187
336,2,400331,occupancy,11,405841,flow,3,0.004391326261821166,0.03658732777447915,0.06389545714084216
336,2,400331,occupancy,11,405841,flow,5,0.00020974339264209565,0.0031692600776979823,0.08309074154285893
336,2,400331,occupancy,11,405841,flow,7,0.0005665059029133472,0.007195087850773851,0.07728506945143807
336,2,400331,occupancy,11,405841,flow,11,0.0007625451091859206,0.009160719887884252,0.07547163596164827
336,2,400331,occupancy,11,405841,flow,12,0.002196587800070376,0.021396300555364203,0.06867765892348124
336,2,400331,occupancy,13,400183,flow,2,0.0026180100984775656,0.024517241763327733,0.06749352221747405
336,2,400331,occupancy,13,400183,flow,7,0.0017031663365456942,0.01747833294961471,0.07036353834943823
336,2,400331,occupancy,14,401469,flow,3,0.0014693421176267287,0.015504538222148189,0.07132620716693021
336,2,400331,occupancy,14,401469,flow,6,0.005848134319898064,0.04554983140374514,0.06182658904727144
336,2,400331,occupancy,14,401469,flow,7,0.0016620164858173157,0.01712765080804104,0.07052376232209012
336,2,400331,occupancy,15,401472,flow,1,0.00019983095114468405,0.0030525803003714114,0.08336431162683809
336,2,400331,occupancy,15,401472,flow,7,0.006153365359092483,0.04735101957038159,0.061453087891054865
336,2,400331,occupancy,15,401472,flow,12,0.0002540163222264936,0.003698518746270484,0.08200047680371926
336,2,400331,occupancy,17,400260,flow,3,0.0013361234542551457,0.014397738394567795,0.07193983310304837
336,2,400331,occupancy,17,400260,flow,6,2.2058978687672643e-06,5.860688064621514e-05,0.10598601277448735
336,2,400331,occupancy,17,400260,flow,11,0.0016910089568613065,0.017383221689043115,0.07041050149297562
336,2,400331,speed,0,400593,flow,2,0.0038800009247818546,0.03332989460142695,-0.06477212311549516
336,2,400331,speed,8,401448,flow,4,0.005725149247932296,0.04488683257906991,-0.061982063820634814
336,2,400331,speed,10,400497,flow,3,0.003422290672008674,0.030153570677294458,-0.06565086704962933
336,2,400331,speed,13,400183,flow,10,0.005842640784957651,0.04553528448677079,-0.06183347071051538
336,3,400039,flow,1,400125,flow,1,0.0032595523603798165,0.02899272782710114,0.0659726550503838
336,3,400039,flow,1,400125,flow,2,1.6638807293450862e-06,4.532134142982833e-05,0.10722560763542614
336,3,400039,flow,1,400125,flow,11,0.00012906606789751582,0.0021024336852084025,0.08579867970483025
336,3,400039,flow,1,400125,flow,12,0.0034711236973790018,0.03049675487630118,0.06555218387777188
336,3,400039,flow,3,400039,flow,1,1.9724810519062712e-101,8.521118144235092e-99,0.4535114148980564
336,3,400039,flow,3,400039,flow,2,4.772034807557676e-25,6.988200124965817e-23,0.22896344436559002
336,3,400039,flow,3,400039,flow,9,0.005894007101212865,0.045844635717032005,0.061769351177617685
336,3,400039,flow,3,400039,flow,11,6.810021980069816e-06,0.0001613784693028064,0.10077314475840994
336,3,400039,flow,3,400039,flow,12,4.818457821757414e-07,1.4710768756178112e-05,0.11265755098089975
336,3,400039,flow,4,400316,flow,10,0.000690421749653443,0.008473357836655891,0.07608221055042017
336,3,400039,flow,5,400503,flow,1,0.0013506576877782277,0.01452070090134977,0.07187021140860768
336,3,400039,flow,5,400503,flow,2,0.00017936675646581745,0.0027802812627640166,0.08397190522244345
336,3,400039,flow,5,400503,flow,9,0.0008116908901545343,0.00963304549586313,0.07508557881940331
336,3,400039,flow,5,400503,flow,11,0.0014943955382832105,0.015707515146918417,0.07121656673903766
336,3,400039,flow,9,402391,flow,1,0.00025300056469869056,0.0036874576231388095,0.08202342086578679
336,3,400039,flow,9,402391,flow,5,0.00020766340105086493,0.003148844831659307,0.08314712530105912
336,3,400039,flow,9,402391,flow,6,0.0004674132129648577,0.006127256915227038,0.07843849837554492
336,3,400039,flow,9,402391,flow,7,1.8768561875859217e-06,5.0611852249508e-05,0.10671326694335273
336,3,400039,flow,9,402391,flow,8,0.0022951373319891845,0.022121607315748165,0.06838321234825598
336,3,400039,flow,9,402391,flow,10,0.0027368049985905477,0.025369913201742228,0.06719128099352177
336,3,400039,flow,9,402391,flow,11,0.005982611834708108,0.04630869579992658,0.06165992117091518
336,3,400039,flow,9,402391,flow,12,0.0007957858613702082,0.009475730212566976,0.07520808834238311
336,3,400039,flow,10,400497,flow,10,2.4341347040968285e-05,0.0004978911894743513,0.09455976800652953
336,3,400039,flow,10,400497,flow,11,4.840739630562985e-20,5.445832084383358e-18,0.20368118488993284
336,3,400039,flow,10,400497,flow,12,1.2492026428874645e-06,3.4974435627179824e-05,0.10852549278482246
336,3,400039,flow,12,404520,flow,2,6.12146117174761e-05,0.0011208749083057204,-0.08981344982691931
336,3,400039,flow,12,404520,flow,3,0.00016543911606826858,0.0025885439384821453,-0.08442388503970251
336,3,400039,flow,12,404520,flow,5,0.0011437512388775752,0.01277075562665062,0.0729337942213398
336,3,400039,flow,12,404520,flow,6,0.00042604891033306663,0.005707073775624335,0.07898898678669024
336,3,400039,flow,12,404520,flow,7,4.0291346699731716e-07,1.2459457247161131e-05,0.11341746255439136
336,3,400039,flow,12,404520,flow,9,3.064007600602805e-05,0.0006069010928291663,0.0933962408709471
336,3,400039,flow,12,404520,flow,10,2.418309900172094e-07,7.773138964838875e-06,0.11555941076342838
336,3,400039,flow,12,404520,flow,11,5.870795005069681e-05,0.0010824513197567657,0.09003362298567921
336,3,400039,flow,15,401472,flow,1,0.006473276780283883,0.04937245001911436,0.061079107627873164
336,3,400039,flow,15,401472,flow,3,1.5357738333235834e-05,0.00033073494316838883,-0.09684925838656203
336,3,400039,flow,15,401472,flow,10,5.573703491404084e-06,0.000133768883793698,0.10171796847314654
336,3,400039,flow,15,401472,flow,11,1.483494285753938e-12,9.221144337348219e-11,0.15788398069346257
336,3,400039,flow,15,401472,flow,12,2.289904942135283e-17,2.07823305672782e-15,0.18865024110589868
336,3,400039,flow,17,400260,flow,1,0.002380365163594387,0.022760463715643543,0.06813775616098314
336,3,400039,flow,17,400260,flow,12,1.1831132739721155e-07,3.98056802457908e-06,0.11849644161046495
336,3,400039,flow,18,404528,flow,1,1.563337667958045e-07,5.191098174926022e-06,0.11733066297746181
336,3,400039,flow,18,404528,flow,9,0.003406471716672233,0.03003869731786905,0.06568310920177303
336,3,400039,flow,18,404528,flow,10,0.003986863501204659,0.03404477233683362,0.06458058600445568
336,3,400039,flow,19,401795,flow,1,1.4084859941901857e-06,3.8979240838575287e-05,0.10799425988947933
336,3,400039,flow,19,401795,flow,2,0.00027182793128165475,0.003931358095536487,0.08161152323190564
336,3,400039,flow,19,401795,flow,11,5.169658255738679e-07,1.5639302286268273e-05,0.11235736887850134
336,3,400039,flow,19,401795,flow,12,1.4675477023476985e-07,4.891825674492329e-06,0.11761880983470888
336,3,400039,occupancy,1,400125,flow,12,0.004369140443215425,0.03644465478797188,0.06393152476007073
336,3,400039,occupancy,3,400039,flow,1,3.399361941170718e-06,8.689493246069527e-05,-0.10401536861007235
336,3,400039,occupancy,6,405843,flow,3,0.00048301129976157856,0.006292547692913207,0.07822299368255785
336,3,400039,occupancy,6,405843,flow,4,0.006086764616317546,0.04694665799409355,0.061533139212243695
336,3,400039,occupancy,6,405843,flow,10,0.0002459818890051514,0.003593648158614319,0.0821843601972163
336,3,400039,occupancy,6,405843,flow,11,0.0020758851602784966,0.02050310943717405,0.0690552446134471
336,3,400039,occupancy,9,402391,flow,11,0.003098960396146374,0.02786162104339716,0.06633859199674891
336,3,400039,occupancy,10,400497,flow,9,0.003964485108848318,0.03390186616594145,0.06462030737992874
336,3,400039,occupancy,10,400497,flow,10,0.005485093522510368,0.043398542156125985,0.062294411114663495
336,3,400039,occupancy,10,400497,flow,11,2.1373000553818002e-05,0.0004424118945495628,0.09521144041774014
336,3,400039,occupancy,11,405841,flow,10,0.0015233170917200506,0.015964895284402276,0.07109208319526926
336,3,400039,occupancy,12,404520,flow,3,0.005848724879550331,0.04554983140374514,-0.06182584960932601
336,3,400039,occupancy,12,404520,flow,9,0.0022447273455452475,0.021757285467254812,0.06853234891677878
336,3,400039,occupancy,12,404520,flow,10,0.0038694495754623883,0.03325482206140836,0.06479129388558233
336,3,400039,occupancy,15,401472,flow,10,5.2977225753268135e-08,1.8929827564443205e-06,0.12171536842582821
336,3,400039,occupancy,15,401472,flow,11,6.155896762898582e-10,2.8780816034331032e-08,0.1382385939233852
336,3,400039,occupancy,15,401472,flow,12,3.815027382746421e-06,9.6042647397812e-05,0.10348369087964665
336,3,400039,occupancy,16,405838,flow,1,0.0025400750185627175,0.023920569119084658,0.06769868773720772
336,3,400039,occupancy,16,405838,flow,7,1.538381476905176e-05,0.0003311314389751051,0.09684091740936428
336,3,400039,occupancy,17,400260,flow,1,0.000341521852440352,0.004762344746747323,0.0802891369181224
336,3,400039,occupancy,17,400260,flow,2,0.002163891748314224,0.021155770579684992,0.06877802502153413
336,3,400039,occupancy,17,400260,flow,6,0.00483388357771164,0.039326510462738766,0.06320842488014158
336,3,400039,occupancy,17,400260,flow,12,0.0002672485824302435,0.003869014330089316,0.08170918982836425
336,3,400039,occupancy,18,404528,flow,1,0.0025085500299585847,0.02369765171533148,0.06778331594711294
336,3,400039,speed,1,400125,flow,1,0.004038899075820224,0.034400717680487705,0.0644889998581102
336,3,400039,speed,6,405843,flow,1,0.0030767159604461677,0.027722695888283046,-0.0663882758521558
336,3,400039,speed,6,405843,flow,10,0.004527910542878906,0.03737213134359357,-0.06367697933423767
336,3,400039,speed,9,402391,flow,2,0.00038158792451272675,0.005219104856956374,0.079639329312729
336,3,400039,speed,10,400497,flow,7,0.0053270037774171665,0.0424822896777592,-0.06250691286637718
336,3,400039,speed,11,405841,flow,3,0.0004954358362610777,0.006423417805065592,-0.07809081996495915
336,3,400039,speed,17,400260,flow,1,0.0035595188347524605,0.031108661119127502,-0.06537672043590917
336,3,400039,speed,17,400260,flow,2,0.004649737591858161,0.03817344431172036,-0.06348708378038118
336,3,400039,speed,18,404528,flow,6,0.0027933328656811313,0.025734813622170033,0.06705164568336237
336,4,400316,flow,1,400125,flow,1,0.0010443223947968364,0.01185981268538994,0.07350980797037016
336,4,400316,flow,1,400125,flow,2,0.005508804148323909,0.043562207433203895,0.0622630173587569
336,4,400316,flow,1,400125,flow,9,0.002294934182906825,0.022121607315748165,-0.06838380731731615
336,4,400316,flow,1,400125,flow,12,0.0024527810013965433,0.02325727376214457,0.06793543684823859
336,4,400316,flow,3,400039,flow,1,1.1198962867234416e-10,5.67169045562165e-09,0.1440647242128581
336,4,400316,flow,3,400039,flow,2,1.4544004588482442e-17,1.3453982831315664e-15,0.18980082255382874
336,4,400316,flow,3,400039,flow,3,0.004487826220070736,0.03712037522209983,0.06374047188707375
336,4,400316,flow,3,400039,flow,4,0.00036170326542182363,0.004995390366439508,0.07995341450477314
336,4,400316,flow,3,400039,flow,5,0.0002571336969374366,0.0037338405740158856,0.0819305941172919
336,4,400316,flow,3,400039,flow,12,0.0008241798733014251,0.009738668087150319,0.07499093185577106
336,4,400316,flow,4,400316,flow,1,3.317518827988308e-05,0.0006529239789024824,0.09296786680374561
336,4,400316,flow,4,400316,flow,3,9.370631762810308e-06,0.00021464013369745772,-0.09925036675898845
336,4,400316,flow,4,400316,flow,8,0.0003763657962149219,0.005163227182116426,-0.07972030687499047
336,4,400316,flow,4,400316,flow,12,5.6772576989050077e-08,2.018580515166225e-06,0.12144142086204916
336,4,400316,flow,5,400503,flow,1,1.9504762642011805e-07,6.388216422554284e-06,0.11645016634750383
336,4,400316,flow,5,400503,flow,2,5.907471939260567e-08,2.0943449267266384e-06,0.12128376917197183
336,4,400316,flow,5,400503,flow,6,0.0064769897111885385,0.0493833313666334,0.06107486560184011
336,4,400316,flow,5,400503,flow,12,1.889605680390869e-05,0.0003962668222955609,0.09582487358118745
336,4,400316,flow,6,405843,flow,1,0.004333100048317374,0.03620694817936374,0.0639904710253727
336,4,400316,flow,6,405843,flow,2,0.0010669356732768912,0.012062711616216096,0.07337448326786587
336,4,400316,flow,6,405843,flow,10,0.003019268487743024,0.02733858701959728,-0.06651811766614565
336,4,400316,flow,7,408093,flow,7,0.0007726320072137757,0.00925359099296787,0.07539055420316265
336,4,400316,flow,7,408093,flow,10,0.0055490911496886355,0.04380573977946575,0.06220995421794633
336,4,400316,flow,7,408093,flow,11,0.0017117262696537982,0.01755199972680847,0.07033065638400357
336,4,400316,flow,9,402391,flow,1,4.462090941685955e-12,2.6190533788156693e-10,0.15448283588858924
336,4,400316,flow,9,402391,flow,2,5.391920575440089e-07,1.624344273772746e-05,0.11217738885162494
336,4,400316,flow,9,402391,flow,3,1.3335008789970822e-07,4.469141813240803e-06,0.11800977910711513
336,4,400316,flow,9,402391,flow,5,0.0005981939663300728,0.007525328871712041,0.07695577465351086
336,4,400316,flow,9,402391,flow,6,0.005650792676481626,0.044427706668785705,0.062077529834928535
336,4,400316,flow,9,402391,flow,7,0.00011040585483057885,0.001841518505282242,0.08665321904911767
336,4,400316,flow,9,402391,flow,8,0.0034620218385238246,0.030429164481023237,0.06557048102589576
336,4,400316,flow,9,402391,flow,11,0.00038794087187491024,0.005293444619392332,0.07954220054926735
336,4,400316,flow,9,402391,flow,12,0.000136768835990637,0.0022013463915035465,0.08547949298851618
336,4,400316,flow,10,400497,flow,1,3.114273436619861e-16,2.6174438222174706e-14,0.18188651140145565
336,4,400316,flow,10,400497,flow,5,5.731839663693855e-08,2.0363114594701855e-06,0.12140349037259912
336,4,400316,flow,10,400497,flow,6,7.03893990794583e-05,0.0012580976583502683,0.08907440467151732
336,4,400316,flow,10,400497,flow,8,0.00020220130039624184,0.003080463789496159,-0.08329775298579992
336,4,400316,flow,10,400497,flow,9,0.0002866962763867401,0.004113344118202316,-0.08130470968931441
336,4,400316,flow,10,400497,flow,11,3.9019208718662956e-11,2.0797212990035066e-09,0.14755437372053717
336,4,400316,flow,10,400497,flow,12,4.183289188020417e-33,7.823294065908313e-31,0.26433700871321425
336,4,400316,flow,11,405841,flow,12,9.795165015706576e-05,0.0016666054693915873,0.0873030118963174
336,4,400316,flow,12,404520,flow,3,1.1510164921163948e-09,5.2451384450873687e-08,-0.1360029138838005
336,4,400316,flow,12,404520,flow,10,0.00022375710872483753,0.003327472322517377,0.0827239973585849
336,4,400316,flow,12,404520,flow,11,4.232118266105652e-08,1.5350756431214457e-06,0.12260042249348764
336,4,400316,flow,12,404520,flow,12,1.8076014100249465e-16,1.546304572536192e-14,0.18331769644673085
336,4,400316,flow,15,401472,flow,1,8.947811431323227e-29,1.5040679137477178e-26,0.24605895140522216
336,4,400316,flow,15,401472,flow,2,1.1217858166740598e-11,6.343082104753846e-10,0.15157623703422946
336,4,400316,flow,15,401472,flow,6,0.001693503139031682,0.017398177314189932,0.07040084138802771
336,4,400316,flow,15,401472,flow,9,1.8866321807155485e-10,9.325230000790812e-09,-0.1423068826631362
336,4,400316,flow,15,401472,flow,10,0.0034950580260471177,0.030669613391272693,-0.0655042769434028
336,4,400316,flow,15,401472,flow,11,3.641410872586594e-05,0.0007085988725033372,0.0925144625178172
336,4,400316,flow,15,401472,flow,12,1.217143316082821e-38,2.4802165686215977e-36,0.2857948342327614
336,4,400316,flow,16,405838,flow,2,2.8666002995712674e-07,9.105671539814615e-06,0.11485012688459993
336,4,400316,flow,17,400260,flow,2,4.426621952446323e-07,1.362037523829638e-05,0.1130184342532737
336,4,400316,flow,17,400260,flow,7,9.528137815625284e-05,0.0016265944631604257,0.08745244076905265
336,4,400316,flow,17,400260,flow,12,0.0003965254187637157,0.005378303953090273,0.0794132865173266
336,4,400316,flow,18,404528,flow,1,4.315362919161997e-13,2.837498905750354e-11,0.16161141563884937
336,4,400316,flow,18,404528,flow,2,1.878749436117491e-14,1.3873841989790702e-12,0.1707002216463369
336,4,400316,flow,18,404528,flow,3,1.6184631776278946e-11,8.94087075109016e-10,0.1504048046450973
336,4,400316,flow,18,404528,flow,4,0.00015049600969119207,0.002390230742154227,0.08495046605532904
336,4,400316,flow,18,404528,flow,5,1.9478893326330033e-07,6.384584155519403e-06,0.11645564468025453
336,4,400316,flow,18,404528,flow,6,0.00011047487157190102,0.001841958491665814,0.08664981467661034
336,4,400316,flow,18,404528,flow,7,0.001128500948402135,0.012626584038065847,0.07301906291073651
336,4,400316,flow,18,404528,flow,12,0.0003153758110905473,0.004461111669650178,0.08075280123104063
336,4,400316,flow,19,401795,flow,1,9.347102489383386e-07,2.693761357847647e-05,0.10979919362997194
336,4,400316,flow,19,401795,flow,2,4.140991415221498e-06,0.00010304771263684834,0.10310424964968977
336,4,400316,flow,19,401795,flow,3,0.0004727611598039247,0.006182363162806364,0.07837067236935426
336,4,400316,flow,19,401795,flow,7,0.002988414548241172,0.027113683167302588,0.0665887855510575
336,4,400316,flow,19,401795,flow,12,3.7718938341461105e-05,0.0007311337347124505,0.09233369621032954
336,4,400316,occupancy,1,400125,flow,1,4.370201228548355e-11,2.3136359445256e-09,0.14718321977225815
336,4,400316,occupancy,1,400125,flow,2,2.4466494747740476e-05,0.0004995049967402592,0.09453398508328806
336,4,400316,occupancy,1,400125,flow,10,1.5763633258503302e-09,6.991673067426516e-08,0.13491708458870186
336,4,400316,occupancy,1,400125,flow,11,1.3841740644710383e-14,1.0345384011271429e-12,0.17155976964534414
336,4,400316,occupancy,1,400125,flow,12,1.6399715686498744e-13,1.1035322704933734e-11,0.16447191047140633
336,4,400316,occupancy,3,400039,flow,1,7.917722161988684e-10,3.6504332699883797e-08,0.1373573071267256
336,4,400316,occupancy,3,400039,flow,2,0.00038665235296417793,0.005277529746620059,0.07956177972842819
336,4,400316,occupancy,3,400039,flow,9,0.006036897068950596,0.046653658922838244,0.06159359571129411
336,4,400316,occupancy,3,400039,flow,10,1.7016213244369022e-08,6.563396537113765e-07,0.12612912553364228
336,4,400316,occupancy,3,400039,flow,11,9.24220703788339e-12,5.274284597576782e-10,0.15219167760580074
336,4,400316,occupancy,3,400039,flow,12,4.5353637984279985e-12,2.647671839082291e-10,0.15443196164180012
336,4,400316,occupancy,4,400316,flow,1,1.0349272477668197e-05,0.00023294025106648938,0.09877196491233198
336,4,400316,occupancy,4,400316,flow,3,0.0024419611758353414,0.023180119269630137,0.06796531586147174
336,4,400316,occupancy,4,400316,flow,4,3.8123586909202187e-06,9.60314259170574e-05,0.10346098678397692
336,4,400316,occupancy,4,400316,flow,5,1.2973332269036862e-06,3.6157932517573705e-05,0.10835841212137379
336,4,400316,occupancy,4,400316,flow,6,1.1985618518545901e-05,0.0002656637865578158,0.09806101972355565
336,4,400316,occupancy,4,400316,flow,7,3.336063677438427e-05,0.0006556776654474069,0.09296273296823378
336,4,400316,occupancy,4,400316,flow,8,4.783356811799339e-10,2.2682877526864045e-08,0.13911633580385732
336,4,400316,occupancy,4,400316,flow,9,1.2531908624101217e-17,1.1642547366906937e-15,0.19017666505788136
336,4,400316,occupancy,4,400316,flow,10,1.1427491770742045e-21,1.4226733270779722e-19,0.21227355124186537
336,4,400316,occupancy,4,400316,flow,11,3.0272739908106496e-12,1.811332914169253e-10,0.15568962792694074
336,4,400316,occupancy,4,400316,flow,12,0.00141406478111385,0.015033391593252171,0.07157433686189067
336,4,400316,occupancy,5,400503,flow,1,1.1365955794903702e-11,6.410042954828198e-10,0.15153447974661838
336,4,400316,occupancy,5,400503,flow,2,2.236791746083505e-06,5.902834662847124e-05,0.10592317624673117
336,4,400316,occupancy,5,400503,flow,5,6.244989694340194e-05,0.0011402517108854455,0.08970806798522579
336,4,400316,occupancy,5,400503,flow,6,0.0001195820225512279,0.0019694789836877794,0.08621728917696665
336,4,400316,occupancy,5,400503,flow,7,0.002265260347902933,0.02189734773537854,0.0684712361289527
336,4,400316,occupancy,5,400503,flow,9,7.720946420854809e-05,0.0013636340367167937,0.08858190526169543
336,4,400316,occupancy,5,400503,flow,10,3.598267759714358e-09,1.515060109353414e-07,0.13193361277086854
336,4,400316,occupancy,5,400503,flow,11,4.527446828077261e-17,4.024397180513121e-15,0.18690847418632
336,4,400316,occupancy,5,400503,flow,12,4.0832286134068735e-15,3.1725805053808804e-13,0.17495116675874062
336,4,400316,occupancy,6,405843,flow,1,2.5468633167008472e-16,2.1531212383850607e-14,0.1824170304270642
336,4,400316,occupancy,6,405843,flow,3,0.005149899065694355,0.04135234937509222,0.0627518422815682
336,4,400316,occupancy,6,405843,flow,4,2.0449871216671372e-06,5.48036250967868e-05,0.1063009630491796
336,4,400316,occupancy,6,405843,flow,5,1.5236674999017707e-05,0.0003289477061257196,0.09688816007090045
336,4,400316,occupancy,6,405843,flow,6,0.0016379044768242632,0.01693167585518262,0.07061934944678878
336,4,400316,occupancy,6,405843,flow,10,3.480105236754535e-08,1.2816755859147136e-06,0.1233664124444883
336,4,400316,occupancy,6,405843,flow,11,2.5310673636597393e-11,1.3771046613362813e-09,0.14896321659307796
336,4,400316,occupancy,6,405843,flow,12,8.208717878741652e-07,2.3895998137576776e-05,0.11036499634581041
336,4,400316,occupancy,7,408093,flow,1,0.0057761240058581,0.0451528707996399,0.06191726107589035
336,4,400316,occupancy,7,408093,flow,2,2.715155513692715e-05,0.000546828523037414,0.09400903521270063
336,4,400316,occupancy,7,408093,flow,3,7.894041588059172e-05,0.001389094079853997,0.0884634586406201
336,4,400316,occupancy,7,408093,flow,4,0.00016160184832352762,0.002538618126391416,0.08455470064947103
336,4,400316,occupancy,7,408093,flow,5,0.003432553678931051,0.030225503247008036,0.06563002144742558
336,4,400316,occupancy,7,408093,flow,6,0.0011812068710763085,0.013097571055055577,0.07272874472601343
336,4,400316,occupancy,7,408093,flow,7,0.001201947455561193,0.013303645933959399,0.07261776977431626
336,4,400316,occupancy,7,408093,flow,8,0.00045485611243833133,0.00599810258160437,0.0786006434224868
336,4,400316,occupancy,7,408093,flow,9,0.0004994430444980637,0.0064637326310114885,0.07804260758357821
336,4,400316,occupancy,8,401448,flow,10,0.004041591415991819,0.034403300329230856,0.0644842903366331
336,4,400316,occupancy,9,402391,flow,1,6.9569322862279505e-09,2.800927071435671e-07,0.12950177711795835
336,4,400316,occupancy,9,402391,flow,2,1.4730068138112909e-05,0.0003191268523402596,0.09705421060771002
336,4,400316,occupancy,9,402391,flow,5,0.0022641507574053255,0.021896421025276485,0.0684745256377791
336,4,400316,occupancy,9,402391,flow,6,0.002028837127421814,0.020120698784348568,0.0692078949392005
336,4,400316,occupancy,9,402391,flow,8,0.00034133832166874666,0.004761322407520134,0.08029227423684536
336,4,400316,occupancy,9,402391,flow,9,2.227568672101772e-06,5.9001205784669876e-05,0.10594184785075411
336,4,400316,occupancy,9,402391,flow,10,4.243322247823068e-12,2.4940343007613134e-10,0.15463974821970858
336,4,400316,occupancy,9,402391,flow,11,2.1955759241490166e-18,2.1905053100054853e-16,0.19451665553174285
336,4,400316,occupancy,9,402391,flow,12,1.9074683283500754e-15,1.5344996607955915e-13,0.17703162494601524
336,4,400316,occupancy,10,400497,flow,3,6.6807311904423814e-12,3.8327700853533984e-10,0.1532171522848539
336,4,400316,occupancy,10,400497,flow,4,2.8128004563534166e-22,3.6164577295972495e-20,0.21539461608888993
336,4,400316,occupancy,10,400497,flow,5,4.636293650559008e-09,1.916630485207169e-07,0.13100394388811473
336,4,400316,occupancy,10,400497,flow,7,0.0011675894938669143,0.012979893498469043,-0.07280258867214019
336,4,400316,occupancy,10,400497,flow,8,6.462259633819802e-08,2.2715184392271394e-06,0.12092703273747996
336,4,400316,occupancy,10,400497,flow,9,2.831127375765455e-55,7.692119662457085e-53,0.3410312596224154
336,4,400316,occupancy,10,400497,flow,10,4.1937472732188345e-102,1.8871862729484754e-99,0.4550748608046575
336,4,400316,occupancy,10,400497,flow,11,2.878037242583298e-73,9.638078207720813e-71,0.3903008323556291
336,4,400316,occupancy,10,400497,flow,12,1.7122300702071818e-07,5.663731932078887e-06,0.11698674031151975
336,4,400316,occupancy,11,405841,flow,2,0.0006935215257172112,0.008496917161367988,-0.07605477597027495
336,4,400316,occupancy,12,404520,flow,1,0.001359948116593041,0.014596213325917855,-0.071826069442694
336,4,400316,occupancy,12,404520,flow,2,5.198488480815376e-09,2.1206298618623633e-07,-0.13058201307328332
336,4,400316,occupancy,12,404520,flow,3,0.00290648579512769,0.02653988297389901,-0.06677971495739385
336,4,400316,occupancy,12,404520,flow,5,0.00015649579333482664,0.002470083402288824,0.08473337459250338
336,4,400316,occupancy,12,404520,flow,6,4.2758972626193086e-05,0.0008156860312494285,0.09168706677350079
336,4,400316,occupancy,12,404520,flow,7,1.092694868312445e-05,0.0002445824782958426,0.09850945956372763
336,4,400316,occupancy,12,404520,flow,8,1.9300447240630824e-11,1.0580955847655478e-09,0.14983885855317772
336,4,400316,occupancy,12,404520,flow,9,2.880671267236273e-20,3.2835092017046697e-18,0.2048946358483634
336,4,400316,occupancy,12,404520,flow,10,4.8667032482252226e-24,6.760179431618315e-22,0.2241636571610075
336,4,400316,occupancy,12,404520,flow,11,1.5326154890637722e-09,6.846844790853667e-08,0.13501767708038226
336,4,400316,occupancy,14,401469,flow,1,3.827298490016163e-06,9.62394032413843e-05,0.10346885329706405
336,4,400316,occupancy,14,401469,flow,2,8.118351103188827e-07,2.3680808079524465e-05,0.11041309551760568
336,4,400316,occupancy,14,401469,flow,3,8.249679078530709e-06,0.00019133935140473268,0.09986081216747732
336,4,400316,occupancy,14,401469,flow,4,2.4164820480626983e-05,0.0004947489311673392,0.09459635106413661
336,4,400316,occupancy,14,401469,flow,5,2.9155007684766033e-05,0.0005811173775119263,0.0936485627725292
336,4,400316,occupancy,14,401469,flow,6,4.2561458429564195e-05,0.0008128448294240377,0.0917110128580859
336,4,400316,occupancy,14,401469,flow,7,0.004245957764410306,0.03568184092177773,0.0641348539827108
336,4,400316,occupancy,14,401469,flow,11,0.0009113772304942149,0.010578048457106417,0.07436490355712627
336,4,400316,occupancy,14,401469,flow,12,0.00011979780810811537,0.0019707788691053253,0.08620742215150613
336,4,400316,occupancy,15,401472,flow,1,1.6402074745613602e-16,1.4086871352097567e-14,0.18357213728448699
336,4,400316,occupancy,15,401472,flow,2,1.4251451488079028e-06,3.938980833557351e-05,-0.10794207705001663
336,4,400316,occupancy,15,401472,flow,3,3.2174747815829684e-10,1.547827511852831e-08,-0.14048506762588148
336,4,400316,occupancy,15,401472,flow,6,0.0020255194174329093,0.020108579055173822,-0.06921878157853886
336,4,400316,occupancy,15,401472,flow,7,1.0860724974667336e-07,3.6943568417766057e-06,-0.11884332745513702
336,4,400316,occupancy,15,401472,flow,9,4.156536581539104e-24,5.8110802693362235e-22,0.224497113860232
336,4,400316,occupancy,15,401472,flow,10,2.9368448856174223e-102,1.3496989261560918e-99,0.4553869681744836
336,4,400316,occupancy,15,401472,flow,11,1.4648166299788685e-137,8.78889977987321e-135,0.5192687701510605
336,4,400316,occupancy,15,401472,flow,12,3.45782858896062e-46,8.031085755005311e-44,0.3123214800411656
336,4,400316,occupancy,16,405838,flow,1,3.2389414446814413e-14,2.347689100842924e-12,0.16915671050067335
336,4,400316,occupancy,16,405838,flow,2,1.18476076108918e-16,1.0298121706046795e-14,0.1844211603860993
336,4,400316,occupancy,16,405838,flow,3,1.0108160132455254e-17,9.492880820044934e-16,0.19071781562103676
336,4,400316,occupancy,16,405838,flow,4,4.2264505301276306e-20,4.792195876680148e-18,0.20399918538113077
336,4,400316,occupancy,16,405838,flow,5,2.0378338959296154e-21,2.472877087195488e-19,0.21097122752905823
336,4,400316,occupancy,16,405838,flow,6,2.8425805380458535e-19,2.987821879405861e-17,0.19948360473203253
336,4,400316,occupancy,16,405838,flow,7,1.3363297358644828e-13,9.119975448553817e-12,0.16507079097807942
336,4,400316,occupancy,16,405838,flow,8,1.6865406339243723e-11,9.293183084889398e-10,0.15027255589596006
336,4,400316,occupancy,16,405838,flow,9,1.2515896553308619e-08,4.879844143528269e-07,0.12729723416339542
336,4,400316,occupancy,16,405838,flow,10,1.4616535684597192e-12,9.098477544302574e-11,0.15792928324311548
336,4,400316,occupancy,16,405838,flow,11,1.5666260598520167e-15,1.2697607089232105e-13,0.1775656087254713
336,4,400316,occupancy,16,405838,flow,12,2.1629077556707968e-17,1.971257701370853e-15,0.18879527164520213
336,4,400316,occupancy,17,400260,flow,1,2.5985288860906907e-26,3.9948913835985e-24,0.23495104797525176
336,4,400316,occupancy,17,400260,flow,2,1.0035263412259907e-13,7.014941414395275e-12,0.16590479705835634
336,4,400316,occupancy,17,400260,flow,3,6.267940596283497e-07,1.8635583878833246e-05,0.11153144369172369
336,4,400316,occupancy,17,400260,flow,4,1.177286002074277e-07,3.964049515947683e-06,0.118516481572263
336,4,400316,occupancy,17,400260,flow,5,5.534776188486803e-06,0.0001332046414165069,0.1017508730436227
336,4,400316,occupancy,17,400260,flow,6,9.841760996174767e-05,0.0016725573368794255,0.08727733123876205
336,4,400316,occupancy,17,400260,flow,10,1.0039578419527923e-06,2.8646617418996453e-05,0.10948663588044753
336,4,400316,occupancy,17,400260,flow,11,3.734926135652145e-14,2.6846723637299944e-12,0.1687505252554686
336,4,400316,occupancy,17,400260,flow,12,2.6905457678962226e-15,2.1210141819911827e-13,0.17609455505457103
336,4,400316,occupancy,18,404528,flow,1,2.745871354888827e-18,2.7144540624987944e-16,0.19391716288886524
336,4,400316,occupancy,18,404528,flow,2,4.411768555402949e-09,1.8308203803401288e-07,0.1311865260259917
336,4,400316,occupancy,18,404528,flow,3,2.6866049873330387e-05,0.0005425962386759574,0.0940624503830552
336,4,400316,occupancy,18,404528,flow,10,0.0005173537725909063,0.006675532549560081,0.07783142813047642
336,4,400316,occupancy,18,404528,flow,11,0.00022330983312572272,0.0033231087809270483,0.08273536557411584
336,4,400316,occupancy,18,404528,flow,12,0.002398967002170259,0.022890064235322912,0.06808525357157263
336,4,400316,occupancy,19,401795,flow,1,1.8843325591729132e-20,2.1765552555152366e-18,0.20588128006135925
336,4,400316,occupancy,19,401795,flow,2,5.84931622873428e-11,3.059206550621318e-09,0.14622425862211055
336,4,400316,occupancy,19,401795,flow,3,4.515035253910293e-06,0.00011158439529114681,0.10270259376847286
336,4,400316,occupancy,19,401795,flow,4,0.0006386563051695957,0.007934987743263311,0.07655811979695366
336,4,400316,occupancy,19,401795,flow,5,8.188247125746948e-05,0.0014297990130649478,0.0882676555522615
336,4,400316,occupancy,19,401795,flow,9,7.2021795075111155e-06,0.00016974040083168586,0.10050760016580633
336,4,400316,occupancy,19,401795,flow,10,3.5429219031662895e-19,3.679188130211147e-17,0.1989547999119985
336,4,400316,occupancy,19,401795,flow,11,2.3718308168034996e-39,4.8791948231386275e-37,0.28841474998051925
336,4,400316,occupancy,19,401795,flow,12,2.0771851113993897e-43,4.673666500648627e-41,0.302874785378465
336,4,400316,speed,3,400039,flow,12,0.0025356025262228293,0.02389457709968839,-0.06771063542048347
336,4,400316,speed,7,408093,flow,12,0.0055446739176576556,0.04380257159653074,0.06221575529008
336,4,400316,speed,10,400497,flow,11,0.0006105722408864963,0.007658745878715633,-0.07683153374146685
336,4,400316,speed,11,405841,flow,12,0.004294819697966046,0.03593874953664687,-0.0640535693138515
336,4,400316,speed,12,404520,flow,3,0.0014894717975354505,0.01567101355419665,0.07123798002924321
336,4,400316,speed,12,404520,flow,10,0.0002590396550385686,0.00376025305701148,-0.08188825798275567
336,4,400316,speed,12,404520,flow,11,0.0024015123142347755,0.022891732562873413,-0.06807809856377947
336,4,400316,speed,15,401472,flow,11,0.00019753596597353845,0.003018589929273739,-0.08342946407827079
336,4,400316,speed,15,401472,flow,12,2.0760098533354508e-05,0.00043075708772378227,-0.09535667270352628
336,4,400316,speed,17,400260,flow,2,0.003908957279542005,0.03353196077764389,-0.06471975434623876
336,5,400503,flow,0,400593,flow,11,0.0012826059058831964,0.013949812682545469,0.07220235860093323
336,5,400503,flow,1,400125,flow,11,0.0005098491664347767,0.006584599100144202,0.07791907040891038
336,5,400503,flow,3,400039,flow,11,0.005226254513897968,0.041841029466344,0.0626453273552728
336,5,400503,flow,4,400316,flow,2,0.0037138348630758405,0.03215183689075677,-0.06507968495481033
336,5,400503,flow,4,400316,flow,10,0.004544340144264297,0.03747909397331379,0.06365110217808523
336,5,400503,flow,5,400503,flow,1,5.303220628928611e-109,2.633323346778345e-106,0.4683718797782914
336,5,400503,flow,5,400503,flow,2,2.31597391719041e-20,2.6609062027294075e-18,0.2053011973713351
336,5,400503,flow,5,400503,flow,3,8.914694712725927e-06,0.00020517571208831118,0.09946482879386909
336,5,400503,flow,5,400503,flow,4,0.0008194489008001576,0.009706660958203129,0.07502662777848759
336,5,400503,flow,5,400503,flow,5,0.0026975724220602124,0.02506670867562942,0.06728974964165972
336,5,400503,flow,5,400503,flow,6,0.0036019553079047486,0.031346589303280645,0.06529388760554308
336,5,400503,flow,5,400503,flow,12,0.006185736958789569,0.04751490693807066,0.06141445978498404
336,5,400503,flow,6,405843,flow,12,0.0003995238028124901,0.005413873363080166,0.07936887322636164
336,5,400503,flow,7,408093,flow,11,0.004473505160894744,0.037029205393878696,0.06376328061418804
336,5,400503,flow,8,401448,flow,3,0.002221398771273589,0.021574736267765075,0.06860240644010782
336,5,400503,flow,8,401448,flow,7,0.0020718345115027736,0.02049022915878024,0.06906826175367428
336,5,400503,flow,9,402391,flow,1,1.5363987128464491e-06,4.2087777041830435e-05,0.1076079181475959
336,5,400503,flow,9,402391,flow,6,0.0026261009096379896,0.024566383563525584,0.06747254383963981
336,5,400503,flow,9,402391,flow,11,0.001199567808068603,0.013290928265853718,0.07263041218511915
336,5,400503,flow,9,402391,flow,12,0.00028842210735526393,0.004133986409338886,0.08127006688116785
336,5,400503,flow,10,400497,flow,4,6.973553751720388e-05,0.0012495127419092525,0.0891239669654837
336,5,400503,flow,10,400497,flow,5,0.003973960257992114,0.03396144078046673,0.06460346433522725
336,5,400503,flow,10,400497,flow,7,4.1789215580577996e-05,0.0008002190217557489,-0.09180565987455602
336,5,400503,flow,10,400497,flow,10,8.185206666629133e-10,3.765718083049825e-08,0.1372405532030433
336,5,400503,flow,10,400497,flow,11,4.702541363101656e-09,1.936604260114314e-07,0.1309517129397951
336,5,400503,flow,10,400497,flow,12,0.0013160477251660423,0.01423823233838543,0.07203715679237259
336,5,400503,flow,11,405841,flow,5,0.00125995250215545,0.013758834199473064,0.07231653828502549
336,5,400503,flow,11,405841,flow,6,0.003253504023786815,0.02894981953194447,0.06600211737746521
336,5,400503,flow,11,405841,flow,12,0.0028468923409754594,0.026104588023945455,0.06692170211381537
336,5,400503,flow,12,404520,flow,2,0.00021150989582800907,0.003188817139051753,-0.08304326629273268
336,5,400503,flow,12,404520,flow,10,7.906939472896029e-05,0.0013897664625487193,0.08845473129979804
336,5,400503,flow,12,404520,flow,11,0.00391796589308505,0.033575902912373376,0.06470353369589774
336,5,400503,flow,14,401469,flow,6,0.0033479891797873903,0.029619728152122722,0.06580350290762566
336,5,400503,flow,15,401472,flow,1,1.3254153690510945e-06,3.6845523772848956e-05,0.1082636591635008
336,5,400503,flow,15,401472,flow,8,6.221194923523897e-07,1.8555891030300844e-05,-0.11156364762793446
336,5,400503,flow,15,401472,flow,9,0.006576219853905342,0.04996354162657593,-0.06096229717612342
336,5,400503,flow,15,401472,flow,11,2.7969522659474177e-10,1.3530608946128605e-08,0.1409653680586187
336,5,400503,flow,15,401472,flow,12,1.873682057740971e-05,0.0003933093532284254,0.09586688499128011
336,5,400503,flow,16,405838,flow,8,0.00611944418086525,0.047148205566859065,0.06149376176460789
336,5,400503,flow,16,405838,flow,12,3.6004500206309593e-07,1.1262812519280048e-05,0.11389279895526577
336,5,400503,flow,17,400260,flow,1,0.0003632363273137748,0.005013357616599065,0.07992863236462863
336,5,400503,flow,17,400260,flow,11,0.0008229326743391406,0.009726591390273837,0.0750003236911122
336,5,400503,flow,17,400260,flow,12,0.0001301111701699181,0.002117100478001162,0.0857543372946459
336,5,400503,flow,18,404528,flow,1,0.0008588617547000875,0.01007955115540445,0.07473490489129454
336,5,400503,flow,19,401795,flow,1,1.2493779748549952e-07,4.1969773338830315e-06,0.11827503908397356
336,5,400503,flow,19,401795,flow,2,7.96924892888728e-05,0.001397205981038679,0.08841275817273109
336,5,400503,flow,19,401795,flow,5,0.002343263075733327,0.02247534744042623,0.06824360522337466
336,5,400503,flow,19,401795,flow,6,1.1193742692213931e-05,0.0002500360311807869,0.09839266521645398
336,5,400503,flow,19,401795,flow,11,4.982315190764383e-08,1.787674553496855e-06,0.12195789785650302
336,5,400503,flow,19,401795,flow,12,0.0011503813189144257,0.012821587455392981,0.07289705066062627
336,5,400503,occupancy,0,400593,flow,11,0.0008009118525829346,0.00952609348059153,0.07516835899321991
336,5,400503,occupancy,4,400316,flow,1,0.0009077402866227447,0.010547170624556906,0.0743898830207155
336,5,400503,occupancy,6,405843,flow,7,0.00619720570469661,0.04758186229520064,0.061400818083972734
336,5,400503,occupancy,6,405843,flow,8,0.002231709710711879,0.0216554042009778,0.06857135921289294
336,5,400503,occupancy,7,408093,flow,6,0.001208661021720829,0.013347176926978479,0.07258222659057775
336,5,400503,occupancy,8,401448,flow,7,0.0014589129831599759,0.015428406578338055,0.07137235602563503
336,5,400503,occupancy,8,401448,flow,9,0.003998062750266376,0.03412017202914015,0.06456078336378207
336,5,400503,occupancy,9,402391,flow,1,0.001380285791514491,0.014748539746086078,0.07173040044598271
336,5,400503,occupancy,10,400497,flow,1,0.004708748864177059,0.038541040038838036,0.06339671443036037
336,5,400503,occupancy,10,400497,flow,6,0.00408417067800487,0.0346632953418095,0.06441018531076266
336,5,400503,occupancy,11,405841,flow,2,0.0009443570070860895,0.010890609371628154,0.07414251078635413
336,5,400503,occupancy,13,400183,flow,2,0.001920014381858892,0.01921348651755945,0.06957380468775773
336,5,400503,occupancy,14,401469,flow,6,0.00047092735484037355,0.006161133170534263,0.07839384888762232
336,5,400503,occupancy,15,401472,flow,1,4.8448977168433625e-06,0.00011885268675050158,0.10237398791564728
336,5,400503,occupancy,15,401472,flow,11,0.0003381848847385435,0.004724663766213412,0.08034642761968011
336,5,400503,occupancy,15,401472,flow,12,0.003285708031790277,0.029170280923415528,0.0659338392528701
336,5,400503,occupancy,16,405838,flow,1,0.0007133432626279549,0.008683130162166148,0.07588198942216616
336,5,400503,occupancy,16,405838,flow,12,6.324094318091051e-06,0.00015060687681451676,0.10112324523898975
336,5,400503,occupancy,17,400260,flow,1,0.002497650217602609,0.023615340205828998,0.0678128025559845
336,5,400503,occupancy,17,400260,flow,2,0.001426617764567801,0.01514247848386462,0.07151721456410182
336,5,400503,occupancy,17,400260,flow,10,0.0023590967825911405,0.022607138644174195,0.0681982467974391
336,5,400503,occupancy,17,400260,flow,11,0.0038135584990849846,0.03286369981258156,0.06489364092697048
336,5,400503,occupancy,19,401795,flow,1,0.0007574585745664522,0.009102144762523152,0.0755129013227377
336,5,400503,occupancy,19,401795,flow,2,0.002622365099268182,0.024547382944395547,0.06748222294241765
336,5,400503,speed,13,400183,flow,11,0.00020586636929652885,0.0031270840905801853,0.08319626709609232
336,5,400503,speed,14,401469,flow,9,0.002832726160661823,0.026014832087710618,0.06695585304676575
336,5,400503,speed,18,404528,flow,10,0.0022751549907439883,0.021965743696045585,0.06844196737002337
336,5,400503,speed,19,401795,flow,11,4.045588225017626e-06,0.0001009644201737501,0.10321225528473728
336,5,400503,speed,19,401795,flow,12,0.0043976594145388225,0.03661184943304628,0.06388519157758174
336,6,405843,flow,0,400593,flow,11,0.0007207966803598799,0.00875412330378038,0.07581816915146604
336,6,405843,flow,2,400331,flow,6,0.006184968173377768,0.04751490693807066,0.061415375043920015
336,6,405843,flow,2,400331,flow,9,0.0007756772810063665,0.009282343085727156,0.07536626825648335
336,6,405843,flow,4,400316,flow,12,2.4942329179927968e-05,0.000507301610439213,0.09443708497290278
336,6,405843,flow,5,400503,flow,1,1.8170891346677433e-06,4.9177929873000045e-05,0.10685840043591192
336,6,405843,flow,5,400503,flow,6,0.0009180977308168798,0.01064285037753111,0.07431898734368535
336,6,405843,flow,5,400503,flow,7,0.0007007004218727355,0.00856059338939541,0.07599167383897687
336,6,405843,flow,5,400503,flow,12,0.0012998665049018011,0.01409847677925127,0.07211660211107111
336,6,405843,flow,6,405843,flow,1,3.936906635865264e-92,1.5461306060852672e-89,0.43404183677268593
336,6,405843,flow,6,405843,flow,2,1.8236844908567218e-33,3.4554021932022095e-31,0.2657306696055071
336,6,405843,flow,6,405843,flow,3,6.118655186162841e-05,0.0011208749083057204,0.08981586689895378
336,6,405843,flow,6,405843,flow,4,0.0008741026054955047,0.010227852805364519,0.07462541269749529
336,6,405843,flow,6,405843,flow,6,0.0001185145249123261,0.0019616197226867767,0.08626634978021874
336,6,405843,flow,6,405843,flow,12,5.739899449845543e-05,0.001061764237937253,0.09015215630197378
336,6,405843,flow,7,408093,flow,1,1.998830771573474e-05,0.00041634276437788856,0.09552150550588052
336,6,405843,flow,7,408093,flow,2,1.657464298710022e-05,0.00035446761239739085,0.09647368189848436
336,6,405843,flow,7,408093,flow,3,0.00016159876893727138,0.002538618126391416,0.08455480679620492
336,6,405843,flow,9,402391,flow,1,0.0007161062149869905,0.008704498730286435,0.07583919959782029
336,6,405843,flow,10,400497,flow,2,0.0041352358544963445,0.034986719332989046,-0.06432222985115205
336,6,405843,flow,10,400497,flow,5,2.2243050268306696e-05,0.00045888241241205793,0.09501193667802173
336,6,405843,flow,10,400497,flow,6,0.0012165229815985184,0.013420273954304392,0.07254083446668003
336,6,405843,flow,10,400497,flow,8,0.00011999550674814814,0.0019732797455348306,-0.08619839685737375
336,6,405843,flow,10,400497,flow,10,2.520105980499459e-08,9.475072093783868e-07,0.1246200987214005
336,6,405843,flow,10,400497,flow,11,2.167780814527494e-12,1.3134380250713566e-10,0.15672092695111237
336,6,405843,flow,10,400497,flow,12,7.462802821959313e-11,3.84717281513893e-09,0.1454180421964667
336,6,405843,flow,11,405841,flow,1,0.001439731730226176,0.015255435552065441,0.07145803191055952
336,6,405843,flow,11,405841,flow,5,2.1244447752391214e-07,6.884922302350341e-06,0.11609697778375408
336,6,405843,flow,11,405841,flow,7,0.00010858390680433294,0.0018164778622033833,0.08674382315347882
336,6,405843,flow,11,405841,flow,11,5.581968338352545e-05,0.0010367198289631555,0.09029862551312604
336,6,405843,flow,11,405841,flow,12,0.00015317739756735146,0.002427462793437118,0.08485245699075226
336,6,405843,flow,12,404520,flow,2,0.0014292153848951485,0.015166323907509313,-0.07150545194855738
336,6,405843,flow,12,404520,flow,10,0.0003893307537069908,0.005309055732368057,0.07952114911235106
336,6,405843,flow,12,404520,flow,12,2.3506211569807777e-07,7.566828165541699e-06,0.11567741015367418
336,6,405843,flow,14,401469,flow,2,0.002318702973030203,0.022279352409898746,0.06829734591324572
336,6,405843,flow,14,401469,flow,3,2.121348767650666e-06,5.653440269124539e-05,0.10613579982694117
336,6,405843,flow,14,401469,flow,8,0.004448458827815206,0.03692543988988473,0.06380333056287757
336,6,405843,flow,15,401472,flow,1,2.109333968747529e-08,8.035557976181063e-07,0.12530598865865225
336,6,405843,flow,15,401472,flow,11,3.670448120314776e-10,1.7579086341197152e-08,0.14003190353632555
336,6,405843,flow,15,401472,flow,12,3.79569578097758e-09,1.5966315261755742e-07,0.131738229565614
336,6,405843,flow,17,400260,flow,1,1.3207049151215986e-13,9.04191003696562e-12,0.16510512406686975
336,6,405843,flow,17,400260,flow,3,3.6803389827216444e-06,9.308585717422427e-05,0.10364962305905746
336,6,405843,flow,17,400260,flow,6,8.145882402620296e-08,2.8219897337064697e-06,0.12000210368566955
336,6,405843,flow,17,400260,flow,7,0.0012537976521089335,0.013699482405924645,0.07234788765900696
336,6,405843,flow,17,400260,flow,8,0.001348364429798582,0.014500707833532174,0.07188115051498202
336,6,405843,flow,17,400260,flow,12,0.00010195739297967093,0.0017238979948030466,0.08708590472508144
336,6,405843,flow,19,401795,flow,1,0.004886566938821348,0.03965058072071417,0.06313046807302165
336,6,405843,flow,19,401795,flow,2,1.7116009120856766e-05,0.00036442168261262314,0.0963149727695804
336,6,405843,flow,19,401795,flow,5,0.0037186734030289644,0.03216872962250098,0.06507055405243357
336,6,405843,flow,19,401795,flow,7,2.8036824878458982e-05,0.0005633445743020596,0.09384673875424468
336,6,405843,flow,19,401795,flow,11,0.0028619395165990985,0.02619957345138399,0.06688559671583683
336,6,405843,flow,19,401795,flow,12,4.622147015636877e-08,1.6639729256292758e-06,0.12225373701157367
336,6,405843,occupancy,0,400593,flow,11,0.0009389291720160145,0.010836692554392686,0.07417861303830321
336,6,405843,occupancy,2,400331,flow,9,0.0008594382606254639,0.010079996579055244,0.074730730555966
336,6,405843,occupancy,4,400316,flow,10,0.00494529882744303,0.04007445307550908,0.063044451665487
336,6,405843,occupancy,4,400316,flow,12,1.6315199791927823e-06,4.457675409340986e-05,0.10734016053773461
336,6,405843,occupancy,5,400503,flow,1,3.7513658803697026e-07,1.1701011265846293e-05,0.11371951674914535
336,6,405843,occupancy,5,400503,flow,2,0.004021889754839419,0.03427611706629767,0.06451881906216574
336,6,405843,occupancy,5,400503,flow,5,0.003562441159409651,0.031121831766733454,0.06537098757416092
336,6,405843,occupancy,5,400503,flow,6,0.0016255935218886155,0.016832607896833218,0.07066865377006758
336,6,405843,occupancy,5,400503,flow,7,0.0012998417026154287,0.01409847677925127,0.07211672458192007
336,6,405843,occupancy,5,400503,flow,12,0.0006437360167184885,0.007982030976532349,0.07650986300607214
336,6,405843,occupancy,6,405843,flow,2,0.002167201465532743,0.021167330615196586,-0.06876780232259284
336,6,405843,occupancy,6,405843,flow,3,0.0016426274346106916,0.016972376267682825,0.07058277897516699
336,6,405843,occupancy,6,405843,flow,4,0.0026873045285459992,0.024992799921030606,0.06729881252753725
336,6,405843,occupancy,6,405843,flow,5,4.02546775343085e-11,2.141628164386856e-09,0.14741563895248344
336,6,405843,occupancy,6,405843,flow,6,0.0011393835330728685,0.012731859448719069,0.07295810746085021
336,6,405843,occupancy,6,405843,flow,12,0.0004144056509117344,0.005580524974871236,0.07915294009264941
336,6,405843,occupancy,7,408093,flow,2,0.00012794684310879403,0.0020865623338240475,0.08584654357439252
336,6,405843,occupancy,7,408093,flow,3,0.000102294309357754,0.0017289179046380957,0.08706801280923576
336,6,405843,occupancy,10,400497,flow,4,0.0019685062231562553,0.019662304934185023,0.06940846419149926
336,6,405843,occupancy,10,400497,flow,5,1.9712926504519932e-05,0.0004112015572164467,0.09561451908153899
336,6,405843,occupancy,10,400497,flow,6,0.003977128668453276,0.03398179558488559,0.06459784029107497
336,6,405843,occupancy,10,400497,flow,8,0.0009356241227260134,0.010804320262433515,-0.07420069072114291
336,6,405843,occupancy,10,400497,flow,10,1.7363028961519088e-09,7.646104496815745e-08,0.13457112568751106
336,6,405843,occupancy,10,400497,flow,11,1.3290632027903476e-11,7.437244865355313e-10,0.15103552027912842
336,6,405843,occupancy,10,400497,flow,12,1.418025427503571e-10,7.114831413258335e-09,0.14327188375367755
336,6,405843,occupancy,11,405841,flow,1,0.0023530472594677524,0.02256418237713805,0.06821554374027725
336,6,405843,occupancy,11,405841,flow,5,2.2294208554468236e-06,5.901408146771004e-05,0.10593809226257955
336,6,405843,occupancy,11,405841,flow,7,0.0003542844188772229,0.004913350528249126,0.0800747453667794
336,6,405843,occupancy,11,405841,flow,11,4.3109820616475797e-05,0.0008204159694413016,0.09164478830950595
336,6,405843,occupancy,11,405841,flow,12,0.00018328780857301672,0.002833941778938555,0.0838506088627235
336,6,405843,occupancy,12,404520,flow,2,0.006055636511330896,0.04679010861911906,-0.061570824567216804
336,6,405843,occupancy,12,404520,flow,10,0.00012323422258506044,0.002018088861135182,0.08605250466491451
336,6,405843,occupancy,12,404520,flow,12,1.5456746511864812e-07,5.1403498792344874e-06,0.11740657482860044
336,6,405843,occupancy,14,401469,flow,2,0.002427692489325046,0.023075096928238063,0.06800490456813647
336,6,405843,occupancy,14,401469,flow,8,0.002206007890109455,0.021454196499938873,0.06864899625104665
336,6,405843,occupancy,15,401472,flow,1,9.227674198192105e-10,4.222833955104861e-08,0.13681847349677329
336,6,405843,occupancy,15,401472,flow,11,2.4700737026710864e-09,1.0607075939899696e-07,0.1333017124950389
336,6,405843,occupancy,15,401472,flow,12,1.1661583569314177e-08,4.563228353209895e-07,0.12756461222330312
336,6,405843,occupancy,17,400260,flow,1,8.042427277931324e-14,5.6585156092285535e-12,0.1665465044205457
336,6,405843,occupancy,17,400260,flow,2,0.005242549365684631,0.04195593416035125,0.06262277827439003
336,6,405843,occupancy,17,400260,flow,3,1.623224321598584e-06,4.438182955256888e-05,0.10736290697460486
336,6,405843,occupancy,17,400260,flow,6,2.7625938166088785e-09,1.1787112481426205e-07,0.13289614877567257
336,6,405843,occupancy,17,400260,flow,7,0.0007656091015759764,0.009182207992249355,0.07544690189389076
336,6,405843,occupancy,17,400260,flow,8,0.0012292785756088623,0.013492081927414343,0.0724742003774814
336,6,405843,occupancy,17,400260,flow,12,1.451181504767393e-05,0.0003151887431168998,0.09712743082635776
336,6,405843,occupancy,18,404528,flow,1,0.00015766146855085756,0.002485757460363886,0.08467084237249664
336,6,405843,occupancy,19,401795,flow,2,1.5171871799970948e-05,0.00032787636906390444,0.09690910466692071
336,6,405843,occupancy,19,401795,flow,5,0.0026310155212553366,0.024601703575374577,0.06745982972236544
336,6,405843,occupancy,19,401795,flow,7,2.558316425768411e-05,0.0005200906804385663,0.09430932409869673
336,6,405843,occupancy,19,401795,flow,11,0.0006434511033814822,0.007980788879150167,0.07651256027191126
336,6,405843,occupancy,19,401795,flow,12,9.644418763873629e-08,3.2988035676907427e-06,0.11932313459103386
336,6,405843,speed,13,400183,flow,2,0.004482669262234588,0.03709795251504487,0.06374867761888171
336,6,405843,speed,15,401472,flow,1,0.0007431598268377064,0.008955231386161484,-0.07563029491361356
336,6,405843,speed,17,400260,flow,2,0.0018730880677954081,0.018844295418901175,-0.0697374966678577
336,6,405843,speed,17,400260,flow,5,0.004941529560208847,0.04005142157617678,-0.06304994418598016
336,6,405843,speed,17,400260,flow,6,0.0006626666756723809,0.008190901398868914,-0.07633308692209388
336,6,405843,speed,19,401795,flow,3,0.005096784381280576,0.04107089820393973,-0.06282678092119036
336,7,408093,flow,0,400593,flow,3,0.0013216853109705177,0.01428848984832992,0.07200968927050189
336,7,408093,flow,2,400331,flow,2,0.00039250828632557964,0.005338903642715692,0.07945332126986061
336,7,408093,flow,4,400316,flow,1,0.005499090219679836,0.043501317980254334,0.0622758641994918
336,7,408093,flow,5,400503,flow,2,0.0009119658760330854,0.010582037562350063,0.07436086927047698
336,7,408093,flow,5,400503,flow,6,0.0029881102285976443,0.027113683167302588,0.06658948587142625
336,7,408093,flow,5,400503,flow,8,0.0017749039296675406,0.018020176207200412,0.07009253657053308
336,7,408093,flow,5,400503,flow,11,0.0026078877004980325,0.024451968802233003,0.06751985178359206
336,7,408093,flow,6,405843,flow,1,4.684329823672655e-09,1.934637173830389e-07,0.13093328278367417
336,7,408093,flow,6,405843,flow,2,7.518456498921714e-07,2.2095055833565853e-05,0.11074610537697141
336,7,408093,flow,6,405843,flow,3,3.853923725903141e-06,9.67399796391724e-05,0.10343681552311862
336,7,408093,flow,6,405843,flow,4,0.00043062382443387353,0.0057540826525033515,0.0789257074290765
336,7,408093,flow,6,405843,flow,6,7.890018325595941e-06,0.00018394430203224214,0.10007356509152175
336,7,408093,flow,6,405843,flow,9,0.0028727667490350585,0.02629311939794799,0.06685972396775489
336,7,408093,flow,7,408093,flow,1,1.3020291702755692e-15,1.0632828006787258e-13,0.1780217799454936
336,7,408093,flow,7,408093,flow,2,1.1664851731955839e-14,8.763853822965082e-13,0.17199655887598778
336,7,408093,flow,7,408093,flow,3,1.6890914027362235e-19,1.8287906916843322e-17,0.2006779891431355
336,7,408093,flow,7,408093,flow,4,2.276441442203625e-13,1.522326165684158e-11,0.16350806532127163
336,7,408093,flow,7,408093,flow,5,0.00434252150975807,0.03625762064583468,0.06397501889774075
336,7,408093,flow,7,408093,flow,6,6.344883156801321e-09,2.5761179734381305e-07,0.12984414773705147
336,7,408093,flow,7,408093,flow,8,3.165634822474074e-06,8.140203829219048e-05,0.10434239759594413
336,7,408093,flow,7,408093,flow,11,0.004396158796224677,0.036606410947745964,0.06388762275575818
336,7,408093,flow,7,408093,flow,12,1.5689658794725087e-05,0.0003373784270443622,0.0967440810221405
336,7,408093,flow,9,402391,flow,3,0.0006906645559804767,0.008473515668553465,0.07608005746701184
336,7,408093,flow,10,400497,flow,2,5.6237085006714786e-05,0.0010426790009828665,0.09025953700957275
336,7,408093,flow,10,400497,flow,6,0.00040407945133876953,0.005468744454208911,0.07930198509455322
336,7,408093,flow,11,405841,flow,1,0.001379630272378685,0.014748539746086078,0.07173346370454906
336,7,408093,flow,11,405841,flow,2,0.0022053404690374127,0.02145253507372579,0.068651023331607
336,7,408093,flow,11,405841,flow,3,0.0018256228149313518,0.01844839897193787,0.0699069437254329
336,7,408093,flow,11,405841,flow,11,0.0017553916302717057,0.017859848899608496,0.07016523689397543
336,7,408093,flow,12,404520,flow,1,0.0004228747948502322,0.005673351284947215,0.07903326416377136
336,7,408093,flow,13,400183,flow,5,0.0002850400026026429,0.004093659611846467,0.08133814034466336
336,7,408093,flow,13,400183,flow,9,7.01944237260868e-05,0.0012556518032989438,0.08908913798289805
336,7,408093,flow,13,400183,flow,10,0.0016107019856137074,0.01672250078791448,0.07072875408271018
336,7,408093,flow,14,401469,flow,6,0.003243184925124481,0.028899667649624088,0.06602412585778603
336,7,408093,flow,14,401469,flow,12,0.004359341207858813,0.03636993823474328,0.0639475082803916
336,7,408093,flow,15,401472,flow,1,0.00025327900315120307,0.0036902708047662643,0.08201712288616754
336,7,408093,flow,15,401472,flow,2,0.0016782731606662447,0.017267228508655363,0.07046003304541633
336,7,408093,flow,15,401472,flow,8,0.005777546600003661,0.0451528707996399,0.06191545997483801
336,7,408093,flow,16,405838,flow,11,0.006390087464917376,0.04880689152836468,0.06117472964674644
336,7,408093,flow,17,400260,flow,1,0.002145472751426111,0.021031182859452685,0.06883517866670676
336,7,408093,flow,17,400260,flow,4,5.1836088478706095e-06,0.0001262299336121817,0.1020581373108415
336,7,408093,flow,17,400260,flow,5,0.0027955785104256006,0.02574482874661819,0.0670461519179895
336,7,408093,flow,17,400260,flow,9,9.337951303021214e-06,0.00021412064069118017,0.09926715283782626
336,7,408093,flow,17,400260,flow,11,0.00045619586248410525,0.00601026570884823,0.07858314618524587
336,7,408093,flow,19,401795,flow,1,0.0010979024941817788,0.01235783943425035,0.07319340725727591
336,7,408093,flow,19,401795,flow,3,3.6509539998546304e-06,9.245088674895665e-05,0.10368659669517387
336,7,408093,flow,19,401795,flow,5,8.583266544361052e-05,0.0014927420077149656,0.08801495589257802
336,7,408093,flow,19,401795,flow,6,0.0006122664980766186,0.007673313814015063,0.07681471103718084
336,7,408093,flow,19,401795,flow,7,0.0001592916375140789,0.0025096275494559477,0.08463487332912387
336,7,408093,flow,19,401795,flow,8,3.6892627091888393e-06,9.314795384977081e-05,0.10363845075687356
336,7,408093,flow,19,401795,flow,9,0.0017572229329957643,0.01787401423837328,0.07015838221101825
336,7,408093,flow,19,401795,flow,11,0.003916012766596694,0.03356582371368595,0.06470704756334845
336,7,408093,occupancy,3,400039,flow,3,0.000734104966132205,0.008880799366259103,0.07570572469358886
336,7,408093,occupancy,3,400039,flow,8,0.005546451216157863,0.04380257159653074,0.06221342069474745
336,7,408093,occupancy,3,400039,flow,12,0.0013545830593294562,0.014549474928650549,0.07185152660364205
336,7,408093,occupancy,4,400316,flow,3,0.00033456580022543485,0.004683487546901745,0.08040916235854445
336,7,408093,occupancy,4,400316,flow,5,0.0025853373929640698,0.02427969029914083,0.06757884513377446
336,7,408093,occupancy,5,400503,flow,1,8.229140587347857e-05,0.0014363590843370806,0.08824096733072431
336,7,408093,occupancy,5,400503,flow,2,0.005131248857929122,0.041235942592937204,0.06277807570347305
336,7,408093,occupancy,5,400503,flow,4,0.0009226563367686759,0.010670302424568484,0.07428801857679118
336,7,408093,occupancy,5,400503,flow,5,8.266725985747894e-06,0.00019158935760960784,0.09985094959850384
336,7,408093,occupancy,5,400503,flow,6,0.0004030937658426396,0.005457113971921665,0.07931639749021598
336,7,408093,occupancy,5,400503,flow,7,0.001068672980111733,0.012079192239881442,0.0733641966813794
336,7,408093,occupancy,5,400503,flow,10,0.0012418461639451624,0.013595477517088448,0.07240916955953627
336,7,408093,occupancy,5,400503,flow,11,0.000796443829851151,0.009480951625673662,0.07520297545832978
336,7,408093,occupancy,6,405843,flow,1,0.001337983741212594,0.014414188932764103,0.07193088312942592
336,7,408093,occupancy,6,405843,flow,2,3.3931043657903394e-05,0.0006647725904742638,0.09287611291121733
336,7,408093,occupancy,6,405843,flow,3,3.411576078942058e-05,0.0006677583148628812,0.09284835847080138
336,7,408093,occupancy,6,405843,flow,6,3.914489646735873e-06,9.797563889860353e-05,0.1033647199405307
336,7,408093,occupancy,6,405843,flow,9,0.0021073859191154654,0.020723667586111563,0.06895480111923866
336,7,408093,occupancy,7,408093,flow,2,8.349540631362562e-08,2.8879115714560663e-06,0.11990304828650306
336,7,408093,occupancy,7,408093,flow,4,2.9713240772276226e-06,7.681699589241968e-05,0.10463240063354717
336,7,408093,occupancy,7,408093,flow,6,8.251509529329097e-06,0.00019133935140473268,0.09985975221911822
336,7,408093,occupancy,7,408093,flow,8,9.061163666315334e-05,0.0015601525324225685,0.0877235225046684
336,7,408093,occupancy,7,408093,flow,10,0.0027543723517523128,0.0254739639468422,0.06714760631625885
336,7,408093,occupancy,7,408093,flow,12,2.916348320476519e-05,0.0005811173775119263,0.09364708840539436
336,7,408093,occupancy,9,402391,flow,2,0.003539093498025966,0.03098679349710615,0.06541690966186897
336,7,408093,occupancy,10,400497,flow,2,1.0299748628601543e-05,0.00023247081544179032,0.09879511587698082
336,7,408093,occupancy,10,400497,flow,3,0.0013883879547809581,0.014809471517663554,0.07169264910164645
336,7,408093,occupancy,10,400497,flow,6,0.0026535820451825337,0.024759124050083254,0.0674017271151039
336,7,408093,occupancy,10,400497,flow,8,0.0015695143453310508,0.016393380009260494,0.07089768364674982
336,7,408093,occupancy,11,405841,flow,2,0.002409514468310757,0.02294775684105483,0.06805564917833791
336,7,408093,occupancy,11,405841,flow,3,5.528761857489239e-06,0.0001332046414165069,0.10175597658621668
336,7,408093,occupancy,11,405841,flow,7,0.005199691574649932,0.041651525315200645,0.06268222201072164
336,7,408093,occupancy,11,405841,flow,8,0.0008529461477819287,0.010034660562140337,0.07477788898368862
336,7,408093,occupancy,11,405841,flow,11,0.004335701747400228,0.03621467816854018,0.06398620094219766
336,7,408093,occupancy,12,404520,flow,1,0.0002453992860359761,0.0035887776427739222,0.08219791216424127
336,7,408093,occupancy,12,404520,flow,3,0.0017533682890732642,0.017843465273961134,0.07017281803272366
336,7,408093,occupancy,12,404520,flow,5,0.004839555740064969,0.03936524345147932,0.06319999485127764
336,7,408093,occupancy,12,404520,flow,7,0.0027929180400180264,0.025734813622170033,0.06705266095759158
336,7,408093,occupancy,13,400183,flow,4,0.002500638532240493,0.023638421136277746,0.06780470676164013
336,7,408093,occupancy,13,400183,flow,5,0.0030795483647722685,0.027733268575810294,0.06638193141120409
336,7,408093,occupancy,13,400183,flow,9,0.0011253733874225103,0.01259811617949014,0.07303668143830346
336,7,408093,occupancy,14,401469,flow,6,8.626881548919364e-05,0.0014985174222489606,0.08798773127139708
336,7,408093,occupancy,15,401472,flow,3,0.001875730838668008,0.018866489459943642,0.06972817847043132
336,7,408093,occupancy,15,401472,flow,4,0.0003900336666314882,0.005313609081829168,0.07951052935337313
336,7,408093,occupancy,17,400260,flow,4,0.004236235134410737,0.0356318843081277,0.06415112919787214
336,7,408093,occupancy,17,400260,flow,5,0.00019228275471200724,0.0029487451201841365,0.0835813143378531
336,7,408093,occupancy,17,400260,flow,9,3.377165202248833e-05,0.0006625501214221144,0.09290017760188919
336,7,408093,occupancy,17,400260,flow,10,0.0010381505114004895,0.011808347049105094,0.07354721298172044
336,7,408093,occupancy,17,400260,flow,11,1.2902189012279331e-05,0.00028336276834289127,0.09770230092125512
336,7,408093,occupancy,18,404528,flow,2,0.0050981682036029515,0.041074387615749254,0.06282481957882081
336,7,408093,occupancy,19,401795,flow,1,0.0007060893145675124,0.008621554095341022,0.07594469899857698
336,7,408093,occupancy,19,401795,flow,3,0.00022040703637841058,0.0032923872654036434,0.082809668077698
336,7,408093,occupancy,19,401795,flow,4,9.488655005379625e-05,0.0016214790199066448,0.08747486999032054
336,7,408093,occupancy,19,401795,flow,5,5.9320509169205424e-06,0.00014158265171876653,0.10142498742851422
336,7,408093,occupancy,19,401795,flow,6,8.949026352064588e-05,0.001543921479269929,0.08779058058182185
336,7,408093,occupancy,19,401795,flow,7,0.0007095156121638793,0.008651164111058308,0.07591500486123309
336,7,408093,occupancy,19,401795,flow,8,4.4381846075205523e-07,1.3646233099280275e-05,0.11300735127407446
336,7,408093,occupancy,19,401795,flow,9,6.929846277146744e-08,2.42404339411125e-06,0.1206486863441366
336,7,408093,occupancy,19,401795,flow,10,0.0003896618367918382,0.005310218091295713,0.07951614480975422
336,7,408093,occupancy,19,401795,flow,11,5.561388344692165e-06,0.00013369614718458626,0.10172835441682647
336,7,408093,speed,0,400593,flow,10,0.0006728336695174084,0.008295209624187226,-0.07624007442165515
336,8,401448,flow,0,400593,flow,4,0.0013054248459489321,0.014137466368762563,0.07208920987000024
336,8,401448,flow,3,400039,flow,12,0.0055497410604864825,0.04380573977946575,0.06220910105309457
336,8,401448,flow,8,401448,flow,1,8.461366768014419e-223,1.1422845136819465e-219,0.6327063256155849
336,8,401448,flow,8,401448,flow,2,1.8677692396426094e-05,0.00039244956786264944,0.09588257139416727
336,8,401448,flow,8,401448,flow,4,0.0034017552081963246,0.030015487131144037,-0.06569274873676652
336,8,401448,flow,8,401448,flow,6,0.0004601297877359851,0.006051021866117064,0.07853204433726978
336,8,401448,flow,8,401448,flow,10,0.0023970314905372428,0.022889425373830433,0.06809069904716358
336,8,401448,flow,8,401448,flow,12,0.0008200316858648389,0.00971090154313625,0.07502222027198789
336,8,401448,flow,10,400497,flow,3,0.0024466706247223,0.023204428317893162,-0.06795229584151709
336,8,401448,flow,10,400497,flow,7,0.0065145576027074385,0.04960847672077584,0.061032066768764034
336,8,401448,flow,14,401469,flow,3,0.0002388562299353672,0.003508530817139702,0.08235221747449466
336,8,401448,flow,16,405838,flow,1,0.00010961453500188035,0.0018297325780839379,0.0866923963163087
336,8,401448,flow,16,405838,flow,3,0.0005608943132333518,0.007143465310047406,0.07734516391433983
336,8,401448,flow,16,405838,flow,7,0.0009354443077441826,0.010804320262433515,0.07420189395248092
336,8,401448,occupancy,8,401448,flow,1,0.00013577018577929387,0.002187718025238901,-0.08551990573561054
336,8,401448,occupancy,9,402391,flow,5,0.0005695880768541902,0.00722437020554933,-0.07725229775651997
336,8,401448,speed,4,400316,flow,12,0.0003551405488574838,0.004922063429786109,-0.08006062331642551
336,8,401448,speed,10,400497,flow,7,0.005315233467181399,0.0424511158776551,-0.06252296102913106
336,8,401448,speed,12,404520,flow,12,0.0055816569067786434,0.04399335493027502,-0.0621673142388183
336,8,401448,speed,18,404528,flow,11,0.00136628814172993,0.014642433074356979,0.07179610512409645
336,9,402391,flow,1,400125,flow,12,0.00029913322953723344,0.004257843662605761,0.08105930364198963
336,9,402391,flow,2,400331,flow,6,0.0002924901097965305,0.004179812353030141,0.08118917104687846
336,9,402391,flow,3,400039,flow,1,6.851110073846659e-07,2.023020883049731e-05,0.11114804438510503
336,9,402391,flow,3,400039,flow,2,0.0010571126962913545,0.011983014557802811,0.0734329379948591
336,9,402391,flow,3,400039,flow,12,0.0010229567193893114,0.011657011415884528,0.07364017930758669
336,9,402391,flow,5,400503,flow,1,0.00026035250644890586,0.0037767724239733823,0.08185926566666374
336,9,402391,flow,5,400503,flow,2,0.00023168608572229717,0.0034253384336766727,0.08252593005991042
336,9,402391,flow,5,400503,flow,3,8.66020045550967e-06,0.0001999582831957338,0.09962854156124525
336,9,402391,flow,5,400503,flow,7,9.758347573352868e-06,0.00022234209660804003,0.09905537467373758
336,9,402391,flow,5,400503,flow,8,0.0004077760174376462,0.0055032564677620485,0.07924822574471681
336,9,402391,flow,5,400503,flow,11,0.0004378183869408668,0.005832178327426903,0.07882745115576663
336,9,402391,flow,5,400503,flow,12,0.0009397639460394971,0.010843374231865469,0.07417304814033891
336,9,402391,flow,6,405843,flow,11,7.467051400210657e-10,3.453711140140261e-08,0.13756300283505812
336,9,402391,flow,7,408093,flow,1,0.006086626820136313,0.04694665799409355,0.06153330565308401
336,9,402391,flow,7,408093,flow,2,0.0008597505696324492,0.010079996579055244,0.07472847028788564
336,9,402391,flow,7,408093,flow,3,0.0016640845549690838,0.017144873068128886,0.07051562336226219
336,9,402391,flow,7,408093,flow,9,0.003549743099081216,0.031051213047648966,0.06539592910166131
336,9,402391,flow,8,401448,flow,10,0.0020387611406917855,0.020209839669087917,0.06917542772627774
336,9,402391,flow,9,402391,flow,1,2.4188183565897887e-134,1.357051337723102e-131,0.513755486669066
336,9,402391,flow,9,402391,flow,2,1.0376723834621036e-12,6.592271612582776e-11,0.15893248904935298
336,9,402391,flow,9,402391,flow,3,0.00054137921798969,0.006948182476873027,0.07755859977613833
336,9,402391,flow,9,402391,flow,4,9.046317464808308e-05,0.001558217362359326,0.0877323553935524
336,9,402391,flow,9,402391,flow,5,0.00031097992302550885,0.004407589460204062,0.08083426817926934
336,9,402391,flow,9,402391,flow,7,9.450462651411191e-05,0.001616871233825598,0.08749665008687792
336,9,402391,flow,9,402391,flow,11,2.791729952821761e-07,8.887452760641126e-06,0.11496078603138249
336,9,402391,flow,9,402391,flow,12,0.0004975706699631607,0.0064472264374350755,0.07806508986605662
336,9,402391,flow,10,400497,flow,4,0.0020658120122891365,0.020440467002036347,0.06908765881190804
336,9,402391,flow,10,400497,flow,5,0.0002443159540773599,0.0035741446719071957,0.08222319199329166
336,9,402391,flow,10,400497,flow,8,0.005771045735098788,0.0451528707996399,-0.0619236937740231
336,9,402391,flow,10,400497,flow,10,4.018151025185627e-06,0.00010033764409712087,0.10324376861396256
336,9,402391,flow,10,400497,flow,11,2.8737006358803906e-12,1.7242203815282344e-10,0.15585085511328783
336,9,402391,flow,11,405841,flow,8,0.006321178814902194,0.04835752165818572,0.06125478811022514
336,9,402391,flow,11,405841,flow,12,0.004487496294701726,0.03712037522209983,0.06374099660739789
336,9,402391,flow,12,404520,flow,2,0.002121740213172317,0.020841104413152366,-0.06890948654948624
336,9,402391,flow,12,404520,flow,11,1.1387700553210126e-05,0.000253974529632771,0.0983094116846971
336,9,402391,flow,13,400183,flow,2,0.0004518920364083922,0.005977636175023744,0.07863952588677042
336,9,402391,flow,15,401472,flow,1,0.0015458679335163625,0.01616788313984949,0.0709965206899031
336,9,402391,flow,15,401472,flow,10,9.403245713014005e-05,0.0016094303280594496,0.08752369177340243
336,9,402391,flow,15,401472,flow,11,3.349629331645387e-14,2.423852380688119e-12,0.16906100516506045
336,9,402391,flow,15,401472,flow,12,4.7987806766811956e-08,1.7232529113269133e-06,0.12210596419735195
336,9,402391,flow,17,400260,flow,1,2.3220984988741257e-06,6.12047926487872e-05,0.10575389651008003
336,9,402391,flow,17,400260,flow,2,0.0014644071110455992,0.015463795452742578,0.07134800681633711
336,9,402391,flow,17,400260,flow,5,6.673073705700473e-06,0.0001582199693118883,0.10086933237530872
336,9,402391,flow,17,400260,flow,8,0.00041319416900506334,0.005567681878047017,-0.0791702456010111
336,9,402391,flow,18,404528,flow,1,0.0003568551503926568,0.004942022226263184,0.08003243599460638
336,9,402391,flow,19,401795,flow,1,1.2464866252350616e-09,5.632659227003626e-08,0.13575399949173075
336,9,402391,flow,19,401795,flow,2,0.00012816852412336223,0.002089388770614811,0.08583703211047372
336,9,402391,flow,19,401795,flow,10,4.99593395363432e-08,1.7910734174025115e-06,0.12194712245517185
336,9,402391,occupancy,0,400593,flow,5,0.005933170814958085,0.04603322184019203,0.061720801173623295
336,9,402391,occupancy,3,400039,flow,6,0.0016496452958000797,0.017036738412279092,-0.0705726449142389
336,9,402391,occupancy,5,400503,flow,4,0.004080919346672221,0.03464544350339813,0.06441581916468751
336,9,402391,occupancy,5,400503,flow,12,6.378218094469923e-05,0.001162611905827429,0.0895965988957154
336,9,402391,occupancy,7,408093,flow,4,0.0030690890675252915,0.027702600860236647,0.06640538620033327
336,9,402391,occupancy,7,408093,flow,8,0.0012826077772007084,0.013949812682545469,0.07220234924603992
336,9,402391,occupancy,8,401448,flow,9,0.005588254966044261,0.04403732479626269,0.06215870240508696
336,9,402391,occupancy,10,400497,flow,5,0.0008118962650564272,0.00963304549586313,0.07508401151162447
336,9,402391,occupancy,10,400497,flow,10,0.002237375455027454,0.021695761988145008,0.06855435498626006
336,9,402391,occupancy,10,400497,flow,11,0.00027573536070185856,0.003982536804520324,0.0815293979310562
336,9,402391,occupancy,11,405841,flow,5,0.0012379273101895145,0.01356288607663886,0.07242938220416284
336,9,402391,occupancy,12,404520,flow,11,0.0024436378913491584,0.023185846014997506,0.06796067768477061
336,9,402391,occupancy,14,401469,flow,12,1.9942857799912478e-05,0.00041559645776952195,0.09555680456031854
336,9,402391,occupancy,15,401472,flow,1,0.002975085086511319,0.027023481021297095,0.06661952130251476
336,9,402391,occupancy,15,401472,flow,5,0.0030290045964954564,0.027398031526089554,0.06649595468147294
336,9,402391,occupancy,15,401472,flow,11,0.00014751635712231324,0.002351552261137982,0.08506132306896101
336,9,402391,occupancy,17,400260,flow,1,0.00035427946904757973,0.004913350528249126,0.08007482710798333
336,9,402391,occupancy,17,400260,flow,4,4.330294435855346e-05,0.000823003605934672,0.09162165516904029
336,9,402391,occupancy,19,401795,flow,4,2.217179876976298e-05,0.00045763101139692345,0.09502799319047356
336,9,402391,occupancy,19,401795,flow,7,0.005044702133300774,0.040742406460757795,0.06290095100570033
336,9,402391,occupancy,19,401795,flow,12,0.0012369368117298553,0.013555471909368278,0.0724345003395107
336,9,402391,speed,2,400331,flow,1,0.0019066262995395572,0.01911937236307077,0.06962012834173113
336,9,402391,speed,3,400039,flow,6,0.0006869761637741281,0.008435864205526531,0.07611284029641856
336,9,402391,speed,8,401448,flow,11,0.004249936939094357,0.03568460170434912,-0.06412820277405697
336,9,402391,speed,14,401469,flow,10,0.0006220385754467233,0.007764979685665017,0.07671851827098196
336,10,400497,flow,0,400593,flow,8,0.0008305527612159749,0.009800567955348298,0.07494314652340436
336,10,400497,flow,1,400125,flow,1,1.1875271641228218e-13,8.208187758416943e-12,0.16541508001926986
336,10,400497,flow,1,400125,flow,2,6.4519338338766954e-06,0.00015321061386767138,0.1010287105839477
336,10,400497,flow,1,400125,flow,7,0.0007013077322606646,0.008565590623031019,0.0759863631893928
336,10,400497,flow,1,400125,flow,9,0.002341796825388959,0.022466272009061303,-0.06824781972969456
336,10,400497,flow,1,400125,flow,10,0.000264061888798881,0.003826727137239738,-0.08177808375666933
336,10,400497,flow,1,400125,flow,12,1.8672886890034923e-05,0.00039244956786264944,0.09588384834638294
336,10,400497,flow,2,400331,flow,1,0.003932542715189955,0.03366340399389715,0.06467735864605907
336,10,400497,flow,2,400331,flow,11,0.0005020201160827844,0.006495138968186967,0.07801179182527368
336,10,400497,flow,3,400039,flow,1,2.6264685293782544e-11,1.4254201063962385e-09,0.1488433087890498
336,10,400497,flow,3,400039,flow,2,7.306282524565198e-09,2.930653714588826e-07,0.12931925798845997
336,10,400497,flow,3,400039,flow,12,6.957448123653731e-05,0.0012486986246025807,0.08913624235219238
336,10,400497,flow,4,400316,flow,1,4.936868931903274e-12,2.8704271582533163e-10,0.15416673740675488
336,10,400497,flow,4,400316,flow,3,0.003246306710916077,0.02891555668279887,-0.06601746102319205
336,10,400497,flow,4,400316,flow,6,6.561109842133467e-10,3.0543097540966134e-08,0.13801590755100465
336,10,400497,flow,4,400316,flow,7,0.004508817898715958,0.03725725578127953,0.06370715786282627
336,10,400497,flow,4,400316,flow,11,0.0003023124981303467,0.0042988478996810325,0.08099810387056514
336,10,400497,flow,4,400316,flow,12,1.3031044426354177e-17,1.2080281528294e-15,0.19007815750292376
336,10,400497,flow,5,400503,flow,1,1.0041530985974757e-19,1.1094479247931191e-17,0.2019622231538608
336,10,400497,flow,5,400503,flow,2,5.220470177539424e-14,3.703190667811217e-12,0.1677919391149359
336,10,400497,flow,5,400503,flow,3,0.0018377222361509434,0.018548972103205785,0.06986336906375844
336,10,400497,flow,5,400503,flow,7,3.994237998630282e-07,1.2360392660517777e-05,0.11345428742054368
336,10,400497,flow,5,400503,flow,8,1.64447535998212e-07,5.45213626640273e-06,0.11715255335396273
336,10,400497,flow,5,400503,flow,12,1.6990005885978758e-06,4.621966336739813e-05,0.10715915299244184
336,10,400497,flow,6,405843,flow,1,7.96748944198296e-23,1.0430167996777693e-20,0.21816195468663452
336,10,400497,flow,6,405843,flow,2,3.2533786743242944e-15,2.5461224407755347e-13,0.17557485762918926
336,10,400497,flow,6,405843,flow,4,0.0023317679236957915,0.022375027610763702,-0.06827671114181955
336,10,400497,flow,6,405843,flow,6,7.976670635548052e-07,2.3330546476349075e-05,0.11048955445496035
336,10,400497,flow,6,405843,flow,7,5.599977245468818e-10,2.6381572192393992e-08,0.13856855903445237
336,10,400497,flow,6,405843,flow,8,6.94145224293987e-05,0.001246345539879478,0.08914846071038847
336,10,400497,flow,6,405843,flow,12,1.7794474322704233e-08,6.851348402324625e-07,0.1259581740831288
336,10,400497,flow,7,408093,flow,2,0.0002529494835968302,0.0036874576231388095,0.08202457697066468
336,10,400497,flow,7,408093,flow,4,0.0005831036165923747,0.007378464041239187,0.07711051245476844
336,10,400497,flow,7,408093,flow,5,0.0004815463785204586,0.006275355520990592,0.0782607898884947
336,10,400497,flow,7,408093,flow,6,0.0020280874144013765,0.020120698784348568,0.06921035359789994
336,10,400497,flow,7,408093,flow,7,0.002120219399386223,0.020835641049473348,0.06891427422592299
336,10,400497,flow,7,408093,flow,12,0.00446201518220447,0.0369695158939841,0.06378162821218922
336,10,400497,flow,8,401448,flow,4,0.002165674035598303,0.021157195463104184,0.06877251830569472
336,10,400497,flow,8,401448,flow,5,0.0005902211970552182,0.007444696494599973,0.07703706972536549
336,10,400497,flow,8,401448,flow,6,8.278771925828141e-05,0.0014444383973981248,0.08820874427357082
336,10,400497,flow,8,401448,flow,11,0.00011535522509072214,0.001915934534378776,0.08641402524881658
336,10,400497,flow,8,401448,flow,12,6.55733871032758e-05,0.0011917418270347138,0.0894501542770599
336,10,400497,flow,9,402391,flow,1,6.434741749450564e-13,4.167628839224353e-11,0.16041500985094584
336,10,400497,flow,9,402391,flow,2,6.993354491985973e-13,4.489047757114324e-11,0.1601645746154558
336,10,400497,flow,9,402391,flow,3,0.00032761954230714295,0.004605650578479849,0.08053137009465246
336,10,400497,flow,9,402391,flow,7,3.3693894519729514e-06,8.638434678055282e-05,0.10405607941130543
336,10,400497,flow,9,402391,flow,8,1.1545883580246197e-06,3.2515134984787206e-05,0.10887279516927284
336,10,400497,flow,9,402391,flow,12,3.973736136681991e-08,1.4486531738790043e-06,0.12284757763964939
336,10,400497,flow,10,400497,flow,1,0.0,0.0,0.8700812199972389
336,10,400497,flow,10,400497,flow,2,1.5901746929044756e-12,9.827689089195043e-11,-0.15763246421082733
336,10,400497,flow,10,400497,flow,3,1.941911381087735e-05,0.0004057161409275225,-0.09568920783674857
336,10,400497,flow,10,400497,flow,4,1.3451999363081012e-05,0.00029394353691709646,0.09749860988168868
336,10,400497,flow,10,400497,flow,5,1.0705285495467564e-27,1.7256281097171595e-25,0.24126744515559725
336,10,400497,flow,10,400497,flow,6,1.5332936511531367e-63,4.7998757775228626e-61,0.36474415671747457
336,10,400497,flow,10,400497,flow,7,6.048155345857956e-17,5.310575425631376e-15,0.18616333271258986
336,10,400497,flow,10,400497,flow,8,1.3323033920011997e-11,7.445731763835941e-10,-0.15102774072042613
336,10,400497,flow,10,400497,flow,9,3.406719014506464e-22,4.315843443597631e-20,-0.21491808130741338
336,10,400497,flow,10,400497,flow,10,0.0001967375045904204,0.003008516884356163,-0.08343134307170195
336,10,400497,flow,10,400497,flow,11,9.927948823722192e-29,1.6623542216465065e-26,0.24580031615595976
336,10,400497,flow,10,400497,flow,12,0.0002966843690851815,0.004225771429106443,0.08110685975362661
336,10,400497,flow,11,405841,flow,1,0.0002763080210470431,0.003986809121320061,0.08151745358894154
336,10,400497,flow,11,405841,flow,6,0.004183599051478978,0.035306012702459824,0.06423983168249198
336,10,400497,flow,11,405841,flow,7,0.0017729222901308112,0.01800852173375289,0.07009988631910329
336,10,400497,flow,11,405841,flow,11,0.0031521206090640084,0.028227945752812015,0.06622116005463977
336,10,400497,flow,11,405841,flow,12,1.1966260721019915e-07,4.022898545899302e-06,0.11845033597935636
336,10,400497,flow,12,404520,flow,1,2.8025066020905077e-19,2.9601047728682135e-17,0.1995176439612762
336,10,400497,flow,12,404520,flow,3,1.5871235251916465e-14,1.180098731295682e-12,-0.1711753692391864
336,10,400497,flow,12,404520,flow,4,1.3737340820331512e-10,6.908651029549724e-09,-0.1433787310340789
336,10,400497,flow,12,404520,flow,6,4.796930516824498e-16,3.9774932500349e-14,0.18074162495414914
336,10,400497,flow,12,404520,flow,7,2.6865578562918428e-08,1.005713166306825e-06,0.12437264135251325
336,10,400497,flow,12,404520,flow,11,3.82499145347653e-09,1.607389404573795e-07,0.1317100829292863
336,10,400497,flow,12,404520,flow,12,5.811053714154858e-29,9.92243163839881e-27,0.24688173740208735
336,10,400497,flow,13,400183,flow,4,0.004795256658592117,0.039093241677897614,0.06326607162418225
336,10,400497,flow,14,401469,flow,1,5.027792212935843e-08,1.801000195678511e-06,0.12192202635464038
336,10,400497,flow,14,401469,flow,7,4.5702801400613305e-07,1.399475542782494e-05,0.11288267417646045
336,10,400497,flow,14,401469,flow,8,0.0005960921187735315,0.007501071812122505,0.07697710805765781
336,10,400497,flow,14,401469,flow,12,1.4724382055812766e-06,4.048970749911595e-05,0.10779706952451353
336,10,400497,flow,15,401472,flow,1,4.017838957628461e-161,3.045098999465781e-158,0.5553957964588253
336,10,400497,flow,15,401472,flow,2,3.849544667509494e-33,7.230449114626528e-31,0.26448345121160094
336,10,400497,flow,15,401472,flow,3,0.0001861465299512882,0.0028730011053575027,-0.08376370226978168
336,10,400497,flow,15,401472,flow,4,1.9221836578940886e-15,1.543463457639863e-13,-0.17701074479252737
336,10,400497,flow,15,401472,flow,6,2.675205430534865e-19,2.8395300884301265e-17,0.19962905413362259
336,10,400497,flow,15,401472,flow,7,2.0672340317722575e-27,3.2832540504618204e-25,0.23997921262757757
336,10,400497,flow,15,401472,flow,9,6.030700162518075e-17,5.306033544211423e-15,-0.18617078474168594
336,10,400497,flow,15,401472,flow,10,1.2754573951499349e-11,7.146531708233099e-10,-0.1511669921830954
336,10,400497,flow,15,401472,flow,11,0.002362250055909545,0.022627317608712273,0.06818924696532143
336,10,400497,flow,15,401472,flow,12,8.561621848242394e-82,3.082183865367262e-79,0.41097850257706514
336,10,400497,flow,16,405838,flow,1,0.00017591530468096518,0.002734631580502949,0.08408075425555989
336,10,400497,flow,16,405838,flow,2,3.835817528841871e-06,9.639750857822503e-05,0.10345857929360534
336,10,400497,flow,16,405838,flow,6,1.048234193615031e-06,2.9752770804316255e-05,0.10929748240044197
336,10,400497,flow,16,405838,flow,7,7.46819585392731e-07,2.196229141522531e-05,0.11077515652128199
336,10,400497,flow,16,405838,flow,8,5.689204242529988e-06,0.00013616267217578698,0.1016216157484064
336,10,400497,flow,17,400260,flow,1,1.4087151156699273e-19,1.540670708783313e-17,0.20115939509822103
336,10,400497,flow,17,400260,flow,2,7.803253857685485e-29,1.3219630064784823e-26,0.24632017457914246
336,10,400497,flow,17,400260,flow,3,0.001673311402726938,0.017231716948224965,0.07047942369436513
336,10,400497,flow,17,400260,flow,7,5.284214748733672e-16,4.3647815897761876e-14,0.1804841778412242
336,10,400497,flow,17,400260,flow,8,7.238089026545643e-05,0.0012883619528091133,0.08892608831199315
336,10,400497,flow,17,400260,flow,10,0.005314243646724909,0.04245105871644157,-0.06252431205573764
336,10,400497,flow,17,400260,flow,12,2.566047211505293e-06,6.742897782057705e-05,0.10530083491532527
336,10,400497,flow,18,404528,flow,1,1.4366641849191464e-09,6.438163152334764e-08,0.13524847002668974
336,10,400497,flow,18,404528,flow,2,3.1243507875244725e-09,1.3245530325913365e-07,0.13244882539156444
336,10,400497,flow,18,404528,flow,7,0.005119947963062248,0.041188408194467244,0.06279401349300522
336,10,400497,flow,19,401795,flow,1,1.0188870713906793e-37,2.0190789671595113e-35,0.2823485826095543
336,10,400497,flow,19,401795,flow,2,3.344844283908394e-30,5.850092026916705e-28,0.2522484142783017
336,10,400497,flow,19,401795,flow,3,2.229349225538349e-07,7.208674142459332e-06,0.11589726888779278
336,10,400497,flow,19,401795,flow,5,0.0006132415741347628,0.007681971465734118,0.07680504887698812
336,10,400497,flow,19,401795,flow,6,4.570972201078933e-07,1.399475542782494e-05,0.11288203017327807
336,10,400497,flow,19,401795,flow,7,5.7929591524400943e-11,3.0370853808909236e-09,0.14625620779159415
336,10,400497,flow,19,401795,flow,8,2.8549209172334918e-06,7.40736237984906e-05,0.10481496648713044
336,10,400497,flow,19,401795,flow,9,0.002149275966667606,0.02104458788758853,0.068823340665762
336,10,400497,flow,19,401795,flow,11,0.0003357443454645597,0.004696941620488659,0.0803886635830398
336,10,400497,flow,19,401795,flow,12,5.005029436467121e-18,4.804828259008436e-16,0.1924763846281325
336,10,400497,occupancy,0,400593,flow,8,9.566506547784022e-05,0.0016322001692901647,0.08743072829172306
336,10,400497,occupancy,1,400125,flow,1,1.5788803309832878e-16,1.3641526059695606e-14,0.18367181192844245
336,10,400497,occupancy,1,400125,flow,2,3.8411156697742254e-05,0.0007429368974850205,0.0922401932986827
336,10,400497,occupancy,1,400125,flow,7,0.004132939959954242,0.03497899225412674,0.06432616313592657
336,10,400497,occupancy,1,400125,flow,9,7.91518780181804e-06,0.00018443156043071161,-0.10005837788386962
336,10,400497,occupancy,1,400125,flow,10,3.5540769503781744e-06,9.053133769610493e-05,-0.10381054424408158
336,10,400497,occupancy,1,400125,flow,12,0.00033405284797595713,0.004681173341206991,0.08041810537913181
336,10,400497,occupancy,3,400039,flow,1,5.554369305605738e-11,2.9155377157007034e-09,0.146394919865587
336,10,400497,occupancy,3,400039,flow,2,8.804900859941526e-05,0.0015239251488360333,0.08787794213362954
336,10,400497,occupancy,4,400316,flow,1,2.555985104049835e-12,1.542158610264705e-10,0.15621307338210474
336,10,400497,occupancy,4,400316,flow,3,8.811877633174366e-07,2.5480128095925875e-05,-0.1100564341863792
336,10,400497,occupancy,4,400316,flow,4,0.00010041920776426372,0.0017018869264088634,-0.08716830496780942
336,10,400497,occupancy,4,400316,flow,6,3.7478334188507004e-07,1.1698439573291204e-05,0.11372349530603644
336,10,400497,occupancy,4,400316,flow,7,2.972252271583506e-05,0.0005906223465152137,0.0935507278679603
336,10,400497,occupancy,4,400316,flow,11,2.0886246378945935e-06,5.582635489436271e-05,0.10623248613775291
336,10,400497,occupancy,4,400316,flow,12,3.6085510650267545e-18,3.5269096382161944e-16,0.19328910850278733
336,10,400497,occupancy,5,400503,flow,1,1.038462021328593e-17,9.71029422541022e-16,0.19064996827358913
336,10,400497,occupancy,5,400503,flow,2,6.330482250793591e-15,4.806271234345925e-13,0.17374089551259383
336,10,400497,occupancy,5,400503,flow,7,0.0008762258371654744,0.010249920434754535,0.07461029972531355
336,10,400497,occupancy,5,400503,flow,8,4.455975372537136e-09,1.845619713265621e-07,0.13114987367223266
336,10,400497,occupancy,5,400503,flow,12,0.00018813595582235136,0.0028964623276997786,0.08370395942205702
336,10,400497,occupancy,6,405843,flow,1,4.9713221693111e-32,9.100047360772861e-30,0.25993447330919955
336,10,400497,occupancy,6,405843,flow,2,3.4088339935095257e-16,2.859449097468185e-14,0.18164761069066293
336,10,400497,occupancy,6,405843,flow,4,7.117554017180224e-05,0.001270046813474538,-0.08901538865848188
336,10,400497,occupancy,6,405843,flow,6,1.3224907004391885e-10,6.66646420758144e-09,0.14350662950206183
336,10,400497,occupancy,6,405843,flow,7,2.3405403153438992e-14,1.7137515529297703e-12,0.17007910944975524
336,10,400497,occupancy,6,405843,flow,8,0.0006723436326129096,0.00829153437878324,0.07624452746620372
336,10,400497,occupancy,6,405843,flow,10,9.995505644986188e-07,2.8558587557103397e-05,-0.10950590130806216
336,10,400497,occupancy,6,405843,flow,12,2.5989520344086933e-07,8.310490591151411e-06,0.11525945886690069
336,10,400497,occupancy,7,408093,flow,4,0.0017493002100639587,0.017814655604611745,0.07018808483627854
336,10,400497,occupancy,7,408093,flow,5,0.004086153686905028,0.03467331354828073,0.06440675118182883
336,10,400497,occupancy,7,408093,flow,6,0.0004429610844741013,0.005882347650213876,0.07875813607418738
336,10,400497,occupancy,7,408093,flow,11,0.00021459327180953138,0.003227865369836962,0.08296128424860054
336,10,400497,occupancy,8,401448,flow,5,0.0006110197756949181,0.00765991129135823,0.07682708584165358
336,10,400497,occupancy,8,401448,flow,6,0.00011936700414738676,0.0019681887706744687,0.08622713782398185
336,10,400497,occupancy,8,401448,flow,11,0.00023721824357506298,0.003493961792063367,0.08239146616127269
336,10,400497,occupancy,8,401448,flow,12,2.012104975818479e-05,0.0004187039256038454,0.09551251086266038
336,10,400497,occupancy,9,402391,flow,1,1.9885444268716377e-11,1.0887847812529119e-09,0.1497426642093346
336,10,400497,occupancy,9,402391,flow,2,3.4030120571317454e-10,1.633445787423238e-08,0.14029236037682877
336,10,400497,occupancy,9,402391,flow,3,0.006548339559008774,0.049813042604187195,0.06099377002768676
336,10,400497,occupancy,9,402391,flow,7,7.45529093962035e-05,0.001323750795690913,0.08876866162772158
336,10,400497,occupancy,9,402391,flow,8,0.003468150501011024,0.030476831091065144,0.06555815598677742
336,10,400497,occupancy,9,402391,flow,12,0.0007697869991790988,0.009227191555087976,0.07541332340123329
336,10,400497,occupancy,10,400497,flow,1,1.7462973778903972e-61,5.31267934682149e-59,0.35903172059252036
336,10,400497,occupancy,10,400497,flow,3,1.2350818815512628e-26,1.940201355745984e-24,-0.23644076347947726
336,10,400497,occupancy,10,400497,flow,4,0.00031574361897459814,0.004464852484354383,-0.08074603306096648
336,10,400497,occupancy,10,400497,flow,5,4.611081900646697e-28,7.460626895428364e-26,0.24290527485885044
336,10,400497,occupancy,10,400497,flow,6,3.649446425151875e-92,1.4463861061152386e-89,0.43430980036141387
336,10,400497,occupancy,10,400497,flow,7,1.3124096482017962e-28,2.189038486575969e-26,0.24532624336100653
336,10,400497,occupancy,10,400497,flow,8,1.7080537389263623e-21,2.1022199863709075e-19,-0.21136958600937777
336,10,400497,occupancy,10,400497,flow,9,7.750455730986661e-54,2.0667881949297764e-51,-0.3366903926813619
336,10,400497,occupancy,10,400497,flow,10,2.6013192760483846e-25,3.822346691336402e-23,-0.23026999344882618
336,10,400497,occupancy,10,400497,flow,11,4.209263515225374e-30,7.332265478134523e-28,0.2518210411749905
336,10,400497,occupancy,10,400497,flow,12,5.028688820182248e-170,4.2595952359190814e-167,0.5679723745552401
336,10,400497,occupancy,11,405841,flow,1,8.944003970148698e-06,0.00020563117163939528,0.09947403644720218
336,10,400497,occupancy,11,405841,flow,4,0.000406819305525895,0.005499882648282932,-0.0792620954876894
336,10,400497,occupancy,11,405841,flow,6,0.0019098076506632656,0.019133508930578174,0.06960909368110461
336,10,400497,occupancy,11,405841,flow,7,2.0347048405664473e-05,0.00042279581102679423,0.09545686752921674
336,10,400497,occupancy,11,405841,flow,11,0.0012707081937916554,0.013869275889792702,0.07226209241354352
336,10,400497,occupancy,11,405841,flow,12,4.266100001204434e-06,0.00010597787237034592,0.10296617028231014
336,10,400497,occupancy,12,404520,flow,1,1.1985662802462175e-23,1.643748041480527e-21,0.22224785954275317
336,10,400497,occupancy,12,404520,flow,3,6.628125789359394e-22,8.347960177852065e-20,-0.21349209895378876
336,10,400497,occupancy,12,404520,flow,4,2.8628668235588115e-16,2.4108352198389993e-14,-0.18210872413654883
336,10,400497,occupancy,12,404520,flow,6,2.4055679633950125e-11,1.312127980033643e-09,0.1491278712745983
336,10,400497,occupancy,12,404520,flow,7,6.234361099400693e-12,3.5909919932547995e-10,0.1534347528188439
336,10,400497,occupancy,12,404520,flow,11,6.901982015672607e-10,3.199201964346101e-08,0.13783872885302867
336,10,400497,occupancy,12,404520,flow,12,2.120862730252721e-31,3.833525939201571e-29,0.2573144353967125
336,10,400497,occupancy,14,401469,flow,1,4.152439533249156e-05,0.0007958535396466882,0.0918384987197159
336,10,400497,occupancy,14,401469,flow,2,0.0017813260795229318,0.01807443751669385,0.07006876899910484
336,10,400497,occupancy,14,401469,flow,6,0.0034828668186125465,0.030581269626841875,0.06552864144639316
336,10,400497,occupancy,14,401469,flow,7,3.891220575170545e-07,1.2111003519262792e-05,0.11356483498119488
336,10,400497,occupancy,14,401469,flow,8,0.0015794278463763158,0.016479702767305735,0.07085665436196036
336,10,400497,occupancy,14,401469,flow,12,2.127197766412625e-05,0.00044095462336384553,0.09523510371125526
336,10,400497,occupancy,15,401472,flow,1,1.5519403556876725e-208,1.8119952261002016e-205,0.6168196685871924
336,10,400497,occupancy,15,401472,flow,2,5.265256436995176e-60,1.526570993813366e-57,0.35484899476014076
336,10,400497,occupancy,15,401472,flow,3,0.0010068780662371413,0.011513269576877847,-0.07373996103836274
336,10,400497,occupancy,15,401472,flow,4,3.9368700143973645e-31,7.086366025915256e-29,-0.25618809977582735
336,10,400497,occupancy,15,401472,flow,5,3.951524351042544e-06,9.883518789730275e-05,-0.10332115966944762
336,10,400497,occupancy,15,401472,flow,6,1.7853637099214562e-19,1.918599807676789e-17,0.20059545676234952
336,10,400497,occupancy,15,401472,flow,7,1.4414444851196298e-44,3.3299680084047064e-42,0.3068563336121372
336,10,400497,occupancy,15,401472,flow,9,8.130685012248725e-29,1.3720530958169722e-26,-0.24624175620672023
336,10,400497,occupancy,15,401472,flow,10,4.421511282839408e-37,8.721885270258558e-35,-0.2799391466552691
336,10,400497,occupancy,15,401472,flow,12,1.1934442477864011e-97,5.0545874023894635e-95,0.445947433701467
336,10,400497,occupancy,16,405838,flow,1,5.169091712892531e-06,0.00012594741229382818,0.10207126405545162
336,10,400497,occupancy,16,405838,flow,2,0.00017085603927448212,0.0026655763440439247,0.08424399214691648
336,10,400497,occupancy,16,405838,flow,3,0.0035476558339624245,0.031042886778848842,0.06540003666706025
336,10,400497,occupancy,16,405838,flow,6,2.8891026335089442e-05,0.0005775531409883683,0.09369468890165966
336,10,400497,occupancy,16,405838,flow,7,4.393179047496287e-09,1.8266153498733358e-07,0.1312020455714049
336,10,400497,occupancy,16,405838,flow,8,2.7652070458377543e-07,8.809509172580456e-06,0.1150006752739302
336,10,400497,occupancy,16,405838,flow,12,9.64010561219945e-06,0.00022022874798890337,0.09911404593396352
336,10,400497,occupancy,17,400260,flow,1,6.14900116612222e-26,9.320591241279996e-24,0.23321284951257595
336,10,400497,occupancy,17,400260,flow,2,6.075652068463577e-22,7.674507875953992e-20,0.2136861084244769
336,10,400497,occupancy,17,400260,flow,3,0.0007335600734391065,0.008880799366259103,0.07571029131574207
336,10,400497,occupancy,17,400260,flow,7,4.3459649731129465e-16,3.610493977663063e-14,0.1810039504222643
336,10,400497,occupancy,17,400260,flow,8,2.586701271356428e-05,0.0005249040370489343,0.09425370363804826
336,10,400497,occupancy,17,400260,flow,10,8.650889894835786e-05,0.0015014802870908235,-0.08797280059247221
336,10,400497,occupancy,17,400260,flow,12,0.00025438706389324645,0.003702668854510865,0.08199212385518852
336,10,400497,occupancy,18,404528,flow,1,1.899874429461596e-05,0.0003978408887675276,0.09579795981167559
336,10,400497,occupancy,18,404528,flow,2,1.325747063188084e-05,0.0002904273485280184,0.09756975535612006
336,10,400497,occupancy,19,401795,flow,1,4.1110552565704967e-35,7.858300313444489e-33,0.27234310182421906
336,10,400497,occupancy,19,401795,flow,2,7.15646707655948e-21,8.446977532988239e-19,0.2081130976037876
336,10,400497,occupancy,19,401795,flow,3,0.0015097840985925095,0.015842281530045278,0.07115005829927154
336,10,400497,occupancy,19,401795,flow,4,0.0060687840034764585,0.0468833098981014,-0.061554886286620404
336,10,400497,occupancy,19,401795,flow,6,8.893439309597163e-05,0.0015361718439608053,0.08782411619316824
336,10,400497,occupancy,19,401795,flow,7,1.6612855545171297e-08,6.419278707973167e-07,0.12622073541123577
336,10,400497,occupancy,19,401795,flow,8,0.0015905125330885391,0.016575343302559553,0.07081105747711479
336,10,400497,occupancy,19,401795,flow,10,5.1278540901491445e-06,0.00012522515358645735,-0.10210874543912135
336,10,400497,occupancy,19,401795,flow,12,1.453399660125228e-13,9.87214863481287e-12,0.16482543053199522
336,10,400497,speed,1,400125,flow,10,0.0002667132995542521,0.003863854641429809,0.08172070828463081
336,10,400497,speed,1,400125,flow,11,6.0392334477808223e-05,0.0011092469597964777,0.08988471926033782
336,10,400497,speed,1,400125,flow,12,0.0012071926779211655,0.013341193063748875,0.07258998474700369
336,10,400497,speed,3,400039,flow,2,0.002218961119964805,0.02155590743928032,-0.06860976572600473
336,10,400497,speed,3,400039,flow,3,0.0021975312014463687,0.021400664540686006,-0.06867478335236167
336,10,400497,speed,4,400316,flow,1,0.0010727099846563257,0.012118480998209537,-0.07334035316009498
336,10,400497,speed,4,400316,flow,12,0.00018752267301828606,0.0028880497234901807,-0.08372231290676743
336,10,400497,speed,5,400503,flow,2,5.832894210393848e-06,0.0001393700386554282,-0.10150432561658174
336,10,400497,speed,6,405843,flow,2,0.00031301381142998636,0.004433507099598495,-0.08079644205237307
336,10,400497,speed,6,405843,flow,6,9.226697280648591e-07,2.6626140449166273e-05,-0.10985580423936464
336,10,400497,speed,6,405843,flow,7,3.0064821708331527e-05,0.0005968751368565818,-0.09349257260501363
336,10,400497,speed,8,401448,flow,2,0.00017095949608651783,0.0026662275201940686,0.08424060885362096
336,10,400497,speed,10,400497,flow,1,4.237189625300022e-07,1.3084102345458252e-05,-0.11320409489242289
336,10,400497,speed,10,400497,flow,2,3.165078863484831e-05,0.0006249150224065114,-0.09323107333201792
336,10,400497,speed,10,400497,flow,6,0.00014841430249566744,0.0023615093435774706,-0.08502769518464308
336,10,400497,speed,10,400497,flow,9,7.739221033338686e-09,3.08711309917111e-07,0.12910448884888837
336,10,400497,speed,10,400497,flow,10,2.827142690235191e-08,1.0555969249624913e-06,0.12417495794293038
336,10,400497,speed,10,400497,flow,11,1.0039682118267462e-05,0.00022707553272730596,0.09891846080762062
336,10,400497,speed,12,404520,flow,1,2.3321952110559476e-12,1.4110760940842707e-10,-0.1564957562530031
336,10,400497,speed,12,404520,flow,2,5.7310610561557176e-05,0.001060761943555814,-0.09016025189207805
336,10,400497,speed,12,404520,flow,8,2.0281778868785698e-05,0.0004216423710931387,0.0954728769648524
336,10,400497,speed,12,404520,flow,12,9.96277473808981e-06,0.000225801954443452,-0.09895552112048442
336,10,400497,speed,14,401469,flow,5,0.0045946307036341645,0.037829854439207,-0.06357241588834169
336,10,400497,speed,15,401472,flow,1,2.1159626473677458e-07,6.862581559030527e-06,-0.11611353911442081
336,10,400497,speed,15,401472,flow,2,1.9342103421782766e-12,1.178531548407638e-10,-0.15707141587535584
336,10,400497,speed,15,401472,flow,3,4.69092284812996e-05,0.0008850893897743192,-0.09120673862264053
336,10,400497,speed,15,401472,flow,9,2.030715761818714e-16,1.7303140219047033e-14,0.18301247452359243
336,10,400497,speed,15,401472,flow,10,1.7944650785862485e-23,2.4225278560914356e-21,0.22138417266855737
336,10,400497,speed,15,401472,flow,11,1.6375358258279928e-12,1.0091518926643265e-10,0.1575818933481048
336,10,400497,speed,17,400260,flow,2,4.327199669975775e-05,0.0008227774020376473,-0.09162535561611304
336,10,400497,speed,17,400260,flow,7,6.507873412904637e-05,0.0011837479218420226,-0.08949021404172053
336,10,400497,speed,17,400260,flow,11,6.985593589617329e-05,0.0012511510906777306,0.08911480793662271
336,10,400497,speed,17,400260,flow,12,0.00016257344435233987,0.0025475318305610522,0.0845213042373077
336,10,400497,speed,19,401795,flow,2,1.441023151463236e-05,0.00031313983975458644,-0.09716186894273826
336,10,400497,speed,19,401795,flow,3,7.491318659064675e-11,3.8572701557996895e-09,-0.14540538490429256
336,10,400497,speed,19,401795,flow,4,2.3247035063908973e-05,0.0004770887956108635,-0.09479074443199138
336,10,400497,speed,19,401795,flow,5,0.0041460636433731605,0.03505087072284159,-0.06430370652697116
336,10,400497,speed,19,401795,flow,7,1.0901140048595037e-05,0.000244262032371819,-0.09852090173395239
336,10,400497,speed,19,401795,flow,8,2.6473868962101004e-05,0.0005364311159300016,-0.09413670961185953
336,10,400497,speed,19,401795,flow,11,3.3822237189089174e-06,8.655928000999126e-05,0.10403860466946616
336,11,405841,flow,0,400593,flow,6,0.0006993422503439562,0.008551255367919305,0.07600356590806226
336,11,405841,flow,0,400593,flow,7,0.0003262609083446124,0.0045925289151147785,0.08055555597567403
336,11,405841,flow,0,400593,flow,9,8.392764718583192e-08,2.900539486742351e-06,0.11988232592457954
336,11,405841,flow,0,400593,flow,11,0.002725060493021916,0.02527863716953978,0.06722062229416698
336,11,405841,flow,2,400331,flow,1,3.981786404479541e-05,0.0007668888661324841,0.09205500430480694
336,11,405841,flow,2,400331,flow,3,8.46396810272565e-07,2.45398269823992e-05,0.11023183818805792
336,11,405841,flow,2,400331,flow,5,8.010412285436731e-05,0.0014032839040181134,0.08838519927031989
336,11,405841,flow,2,400331,flow,7,3.0662780440140714e-05,0.0006070263973171678,0.09339247413071958
336,11,405841,flow,2,400331,flow,11,0.005778940339148357,0.0451528707996399,0.061913695793640304
336,11,405841,flow,3,400039,flow,7,0.005152315552764683,0.041364064649588236,-0.06274844952620338
336,11,405841,flow,5,400503,flow,1,0.002834497526994584,0.026015356857694308,0.06695157423587919
336,11,405841,flow,5,400503,flow,5,0.0035602134391890367,0.031108661119127502,0.06537535741020206
336,11,405841,flow,6,405843,flow,1,0.002378163558127287,0.022749483106974933,0.06814399488121822
336,11,405841,flow,6,405843,flow,2,0.0018619594063767403,0.01875217413600676,0.06977686831169716
336,11,405841,flow,6,405843,flow,5,0.0017435691979145378,0.017805279820411867,0.07020964778144588
336,11,405841,flow,6,405843,flow,6,0.00047931274910578085,0.006248132396309515,0.07828854910387746
336,11,405841,flow,6,405843,flow,12,0.0019002445169013856,0.019073086229121714,0.06964231488186527
336,11,405841,flow,7,408093,flow,3,0.005522325155508999,0.04366113592935372,0.06224516955733255
336,11,405841,flow,7,408093,flow,9,9.999573798451335e-05,0.0016967069445918996,0.08719119915689862
336,11,405841,flow,8,401448,flow,4,0.00041532561881755636,0.005589428888759637,0.0791398302501636
336,11,405841,flow,8,401448,flow,6,0.0032316599295467044,0.028834374100577626,0.06604878175728068
336,11,405841,flow,10,400497,flow,1,0.0014621736701354528,0.015447762912656288,0.07135789495034754
336,11,405841,flow,10,400497,flow,4,0.004014880684867636,0.03422988860988393,0.0645311400241443
336,11,405841,flow,10,400497,flow,6,0.00020614714744279837,0.0031302484251419646,0.08318856243647946
336,11,405841,flow,10,400497,flow,11,0.0003592298330554498,0.004970765146699369,0.07999360552296374
336,11,405841,flow,10,400497,flow,12,2.2562013634387953e-09,9.717636979118241e-08,0.133628999279893
336,11,405841,flow,11,405841,flow,1,8.223046255893382e-30,1.4266489889742734e-27,0.25051024231349356
336,11,405841,flow,11,405841,flow,2,1.7386522885731748e-18,1.7467390434037477e-16,0.19499393482150618
336,11,405841,flow,11,405841,flow,3,7.498448501963001e-20,8.348788022804166e-18,0.20260206250926918
336,11,405841,flow,11,405841,flow,4,4.200897845210703e-17,3.749561713080628e-15,0.1870542759607832
336,11,405841,flow,11,405841,flow,5,2.849647222420695e-19,2.987979611858593e-17,0.1994283994416642
336,11,405841,flow,11,405841,flow,6,4.430469765633564e-06,0.00010968268989992549,0.10279053766719996
336,11,405841,flow,11,405841,flow,10,0.0008419359942875284,0.009924047736213158,0.07485863200016318
336,11,405841,flow,11,405841,flow,11,7.789932654607801e-06,0.00018200383487239428,0.10013441807110302
336,11,405841,flow,11,405841,flow,12,1.3884122889281637e-06,3.844834030877992e-05,0.10805793207367272
336,11,405841,flow,12,404520,flow,1,0.004143469424581771,0.03503579548677481,0.06430814051229063
336,11,405841,flow,12,404520,flow,12,0.0025360332407886868,0.02389457709968839,0.06770948398462369
336,11,405841,flow,13,400183,flow,1,0.003447578449875873,0.030351617899865027,0.06559960605597258
336,11,405841,flow,13,400183,flow,4,0.0006367780758681201,0.007918483844992167,0.0765760531848926
336,11,405841,flow,13,400183,flow,6,5.9183973796191584e-05,0.0010893684141437905,0.0899911356863832
336,11,405841,flow,13,400183,flow,7,3.314242310762932e-05,0.0006527042467296206,0.0929962423919609
336,11,405841,flow,13,400183,flow,10,0.0009631833024671344,0.011075197941597075,0.07401876226394694
336,11,405841,flow,13,400183,flow,11,0.001341965572028594,0.01444987854228197,0.07191176474928387
336,11,405841,flow,13,400183,flow,12,6.609443780694014e-05,0.0011981870387158262,0.08940826456765884
336,11,405841,flow,14,401469,flow,7,3.772446978412158e-05,0.0007311337347124505,0.09233294260839599
336,11,405841,flow,15,401472,flow,1,1.4157028576208536e-10,7.11143761037452e-09,0.14327740516458184
336,11,405841,flow,15,401472,flow,2,5.868513626388634e-05,0.0010824513197567657,0.0900356673973293
336,11,405841,flow,15,401472,flow,12,7.961618872126038e-06,0.000185213750821672,0.10003048213292517
336,11,405841,flow,17,400260,flow,2,7.734876311621245e-06,0.00018110929900381454,0.10016821202788935
336,11,405841,flow,17,400260,flow,3,0.0010618545361637433,0.012022722184095757,0.07340465777079543
336,11,405841,flow,17,400260,flow,4,3.554330523893379e-06,9.053133769610493e-05,0.10381021560897619
336,11,405841,flow,17,400260,flow,6,0.0003753476912145727,0.005152532653469826,0.07973621639937699
336,11,405841,flow,17,400260,flow,8,1.2042165707062857e-05,0.0002667802864333925,0.09803814368149104
336,11,405841,flow,17,400260,flow,12,0.001382277432250433,0.014758869271680353,0.07172110167279727
336,11,405841,flow,18,404528,flow,4,1.9366143830413658e-05,0.0004051416045878305,0.09570278740708915
336,11,405841,flow,19,401795,flow,1,0.004164198433337973,0.03516976975956997,0.06427278098025653
336,11,405841,flow,19,401795,flow,3,8.044777463523583e-08,2.793684778329733e-06,0.12005217275848536
336,11,405841,flow,19,401795,flow,7,0.003584901094322999,0.03128009034028551,0.06532706899630193
336,11,405841,occupancy,0,400593,flow,4,0.0021362848159303467,0.020955382390597407,0.06886385682805157
336,11,405841,occupancy,0,400593,flow,9,0.0006175844371105667,0.0077242755307401515,0.07676218762268198
336,11,405841,occupancy,2,400331,flow,3,1.3586717043137955e-06,3.769724959945791e-05,0.10815391205948159
336,11,405841,occupancy,2,400331,flow,5,0.00020884267292367424,0.003157859107561332,0.08311509325807463
336,11,405841,occupancy,2,400331,flow,7,0.004013759536293679,0.034227084873250484,0.06453311265605118
336,11,405841,occupancy,4,400316,flow,12,0.001513894975292893,0.01588155972138246,0.07113239696306833
336,11,405841,occupancy,6,405843,flow,2,0.00575116720547186,0.0450091346515189,0.06194892327027937
336,11,405841,occupancy,7,408093,flow,9,0.003398400309663056,0.029998139227103395,0.06569961283508716
336,11,405841,occupancy,10,400497,flow,1,0.00017615164243491678,0.002737320486758419,0.08407323710645018
336,11,405841,occupancy,10,400497,flow,6,1.1081766828398171e-05,0.00024766286962586703,0.09844135797166127
336,11,405841,occupancy,10,400497,flow,12,5.794989827824555e-07,1.7397050768729728e-05,0.11186851057484368
336,11,405841,occupancy,11,405841,flow,2,1.8040710450224743e-07,5.931192476786217e-06,0.11674260319631179
336,11,405841,occupancy,11,405841,flow,4,5.65642607514875e-06,0.0001354532186510122,0.10162328715919319
336,11,405841,occupancy,11,405841,flow,11,0.00420937585106128,0.03546811717687679,0.0641962669302344
336,11,405841,occupancy,11,405841,flow,12,0.0021202045866620905,0.020835641049473348,0.06891432087335703
336,11,405841,occupancy,12,404520,flow,12,0.0014975492021468766,0.01572918199191468,0.07120288559115688
336,11,405841,occupancy,13,400183,flow,12,0.0045104043507920456,0.03726323732151776,0.06370464585642492
336,11,405841,occupancy,14,401469,flow,2,0.005621443576727548,0.04422625432792389,0.06211552293037963
336,11,405841,occupancy,15,401472,flow,1,1.2031011494699826e-06,3.377126033599951e-05,0.10869143637214293
336,11,405841,occupancy,17,400260,flow,2,0.0010126754914101363,0.011569780953288701,0.07370381429019497
336,11,405841,occupancy,17,400260,flow,3,0.001849430193604013,0.01864971623802366,0.06982145425680393
336,11,405841,occupancy,17,400260,flow,6,0.002783150468823092,0.02568513143626524,0.0670766066732353
336,11,405841,occupancy,17,400260,flow,8,0.0012223779752389698,0.01345827374023654,0.07251016883518253
336,11,405841,occupancy,18,404528,flow,4,0.0023262052574632513,0.02232660900297988,0.06829278521793683
336,11,405841,occupancy,19,401795,flow,2,0.002610430919801945,0.024467480090137564,0.06751322779643266
336,11,405841,occupancy,19,401795,flow,3,0.00010398509951768094,0.0017513279918767314,0.08697905443644315
336,11,405841,occupancy,19,401795,flow,4,0.0008808140821621308,0.010289661533100068,0.07457775654258893
336,11,405841,speed,2,400331,flow,2,0.0021092577685573664,0.020737354483768376,0.06894887593469792
336,12,404520,flow,1,400125,flow,1,3.4475455055116904e-05,0.0006741218110813051,0.09279471992260954
336,12,404520,flow,1,400125,flow,2,8.723755389777192e-05,0.0015114613062959584,0.08792772423966067
336,12,404520,flow,1,400125,flow,9,1.7937880228077396e-07,5.910880441288661e-06,-0.11679535717550223
336,12,404520,flow,1,400125,flow,10,2.9149099090612226e-05,0.0005811173775119263,-0.09364959084848652
336,12,404520,flow,1,400125,flow,12,0.00010291264987619197,0.0017366509666607397,0.087035320010772
336,12,404520,flow,2,400331,flow,11,0.005353035300318449,0.042650521020611766,0.06247153367337408
336,12,404520,flow,3,400039,flow,1,1.6557807318204785e-16,1.419240627274696e-14,0.18354741078912123
336,12,404520,flow,3,400039,flow,2,7.706204310560641e-22,9.649508006267237e-20,0.21315570840800377
336,12,404520,flow,3,400039,flow,3,0.0019380087986254778,0.019375602892992512,0.06951200751568812
336,12,404520,flow,3,400039,flow,4,1.6881432066505817e-05,0.00036067154563454565,0.09638314681939629
336,12,404520,flow,3,400039,flow,5,6.191432923547255e-05,0.0011323873932990746,0.08975351276104263
336,12,404520,flow,3,400039,flow,9,3.601583813581798e-05,0.0007017971165842746,-0.0925708627058754
336,12,404520,flow,3,400039,flow,12,4.690370030758054e-06,0.00011552108627636712,0.10252517022333624
336,12,404520,flow,4,400316,flow,1,0.0,0.0,0.7922732135177428
336,12,404520,flow,4,400316,flow,2,0.00021272984206145617,0.0032031820066416544,-0.08298985144863069
336,12,404520,flow,4,400316,flow,3,2.5357344092257693e-13,1.6878848455863363e-11,-0.16318975095443788
336,12,404520,flow,4,400316,flow,4,3.037135772933574e-07,9.612034094559003e-06,-0.11460814076857952
336,12,404520,flow,4,400316,flow,5,0.0035427031735913513,0.031005830044397567,-0.06540979189185367
336,12,404520,flow,4,400316,flow,7,0.0007227629957111806,0.008773071484889858,-0.07580143461918352
336,12,404520,flow,4,400316,flow,8,8.220967934199822e-10,3.7781469655045995e-08,-0.13722522641746682
336,12,404520,flow,4,400316,flow,11,0.0019050183447136572,0.01910768342039238,0.0696257120357034
336,12,404520,flow,4,400316,flow,12,1.774111298651287e-11,9.750840725411655e-10,0.150109918338234
336,12,404520,flow,5,400503,flow,1,2.8588679053880178e-09,1.215581629062622e-07,0.13277177489554925
336,12,404520,flow,5,400503,flow,2,1.0416957687009954e-10,5.2942655538685885e-09,0.1443070032728413
336,12,404520,flow,5,400503,flow,3,0.001735292124629447,0.017751508355195858,0.07024090551210563
336,12,404520,flow,5,400503,flow,4,0.00393153076707124,0.03366340399389715,0.0646791729166295
336,12,404520,flow,5,400503,flow,6,5.505231432190573e-06,0.00013293795297408202,0.10177599481603068
336,12,404520,flow,5,400503,flow,12,0.00013216524608842514,0.0021448304399023163,0.0856681542461968
336,12,404520,flow,6,405843,flow,1,0.0003454378441008651,0.004812291152904667,0.08022256887552856
336,12,404520,flow,6,405843,flow,2,0.0007549100795657578,0.00907656984059024,0.07553367318906674
336,12,404520,flow,6,405843,flow,10,4.8236735665809924e-05,0.0009079856125328927,-0.09106158187695698
336,12,404520,flow,6,405843,flow,12,0.004912053876359167,0.03984990187018141,0.06309302677325815
336,12,404520,flow,7,408093,flow,7,0.002939127212206717,0.026798289482340688,0.0667030653352674
336,12,404520,flow,7,408093,flow,10,0.0001278620858183147,0.0020859675631990917,0.08585018427948735
336,12,404520,flow,7,408093,flow,11,0.0018181504871347533,0.018393830937944687,0.0699339870884424
336,12,404520,flow,8,401448,flow,5,0.0008627230084152474,0.010111132382945927,0.07470699590942063
336,12,404520,flow,8,401448,flow,6,0.0019803976138240394,0.01975823947279411,0.06936848947125952
336,12,404520,flow,9,402391,flow,1,1.4126450227087815e-13,9.61043543008179e-12,0.16490857010597545
336,12,404520,flow,9,402391,flow,2,8.330873883353263e-11,4.269202274743309e-09,0.14505240317715812
336,12,404520,flow,9,402391,flow,3,1.9127734650492667e-09,8.34664784748771e-08,0.13422371616993908
336,12,404520,flow,9,402391,flow,5,0.0016087977624858322,0.01670674599504518,0.07073647609976812
336,12,404520,flow,9,402391,flow,6,9.784272975183194e-05,0.0016660646138270158,0.08730903149360321
336,12,404520,flow,9,402391,flow,7,1.586106124167242e-05,0.00034038641114766445,0.09669059492551263
336,12,404520,flow,9,402391,flow,12,1.046188309029001e-05,0.0002350251427459846,0.0987197137605826
336,12,404520,flow,10,400497,flow,1,4.8694158295303315e-26,7.459530632471996e-24,0.2336850843865263
336,12,404520,flow,10,400497,flow,5,1.2674644068297994e-13,8.691184503975768e-12,0.1652251826766084
336,12,404520,flow,10,400497,flow,6,1.9361421613004148e-09,8.423095807470082e-08,0.13418007069912405
336,12,404520,flow,10,400497,flow,8,3.781555349270245e-14,2.7136742705726674e-12,-0.16871510696832948
336,12,404520,flow,10,400497,flow,9,6.689801975874777e-22,8.401146667377628e-20,-0.21347144093255474
336,12,404520,flow,10,400497,flow,11,3.2150620802207657e-17,2.88154941629745e-15,0.18778527168569245
336,12,404520,flow,10,400497,flow,12,1.9642280365855507e-53,5.14270613215126e-51,0.3354580719821861
336,12,404520,flow,11,405841,flow,1,0.00018824200096721852,0.0028970625015261276,0.0837007915482255
336,12,404520,flow,11,405841,flow,12,6.48877098489635e-08,2.2789829800611573e-06,0.12091073725726256
336,12,404520,flow,12,404520,flow,1,0.0,0.0,0.8314816460094419
336,12,404520,flow,12,404520,flow,2,4.791383924515641e-06,0.00011780750457545571,-0.10237448557425152
336,12,404520,flow,12,404520,flow,3,2.2026480294963733e-19,2.3611512375742758e-17,-0.20004474903515201
336,12,404520,flow,12,404520,flow,4,1.2098840886121127e-09,5.4729835212610754e-08,-0.13582595569725658
336,12,404520,flow,12,404520,flow,8,0.0010934482783153264,0.012317331322874082,-0.07321916003123277
336,12,404520,flow,12,404520,flow,10,3.149655454414624e-06,8.103937798136495e-05,0.10436559320052095
336,12,404520,flow,12,404520,flow,11,6.037805748596465e-18,5.78344142659351e-16,0.19200869428938006
336,12,404520,flow,12,404520,flow,12,1.9330020113496917e-29,3.3402274756122674e-27,0.24896611360981213
336,12,404520,flow,13,400183,flow,3,0.002934645105184935,0.026763071256911377,0.06671354424543206
336,12,404520,flow,15,401472,flow,1,6.949908666286682e-59,1.9752371998920042e-56,0.3516380750886125
336,12,404520,flow,15,401472,flow,2,1.4396953856905645e-25,2.1595430785358467e-23,0.2314820087240525
336,12,404520,flow,15,401472,flow,3,0.00018072649710512505,0.0027973431296816204,0.0839295624231682
336,12,404520,flow,15,401472,flow,6,2.1515950208638927e-06,5.7305120161109843e-05,0.10609853711341138
336,12,404520,flow,15,401472,flow,8,7.176270721862554e-10,3.322774868000668e-08,-0.13770224665974734
336,12,404520,flow,15,401472,flow,9,1.0382730166187088e-35,1.9934841919079207e-33,-0.2746750078299908
336,12,404520,flow,15,401472,flow,10,2.6149480536389323e-12,1.5755335553305702e-10,-0.1561426319038478
336,12,404520,flow,15,401472,flow,11,0.00038834842094166087,0.005297332423327992,0.07953602043878248
336,12,404520,flow,15,401472,flow,12,2.56977741567083e-55,7.070979895349035e-53,0.34115725263032165
336,12,404520,flow,16,405838,flow,2,2.131035520315014e-05,0.00044132662740943725,0.09522610170720269
336,12,404520,flow,17,400260,flow,1,0.0004850004876433528,0.006310849718732784,0.07821809811137188
336,12,404520,flow,17,400260,flow,2,3.583285571195317e-09,1.5116986003480243e-07,0.13194886272823128
336,12,404520,flow,17,400260,flow,4,0.00014830233337030896,0.0023614673061545695,0.08503187794466062
336,12,404520,flow,17,400260,flow,5,2.1623406238004485e-05,0.0004471666584403034,0.09515324176228421
336,12,404520,flow,17,400260,flow,6,6.821997820280983e-05,0.0012315516332475488,0.08924055607301212
336,12,404520,flow,17,400260,flow,7,3.255410010037856e-08,1.2050875101425484e-06,0.12362667963523534
336,12,404520,flow,17,400260,flow,10,0.0014051104341957854,0.01495794772804395,-0.07161536975864984
336,12,404520,flow,17,400260,flow,12,2.9468844020397108e-05,0.0005861206545493347,0.09359423872462307
336,12,404520,flow,18,404528,flow,1,1.2830146165329014e-15,1.0497392317087375e-13,0.17810565478994267
336,12,404520,flow,18,404528,flow,2,4.564919864298495e-18,4.4216264156433853e-16,0.19270541479638487
336,12,404520,flow,18,404528,flow,3,3.6390743810262323e-17,3.2548242911042076e-15,0.18746845348698585
336,12,404520,flow,18,404528,flow,4,2.235366494757857e-06,5.902834662847124e-05,0.10592605675792185
336,12,404520,flow,18,404528,flow,5,1.4296707225864074e-06,3.9489626097015854e-05,0.1079280024593601
336,12,404520,flow,18,404528,flow,6,0.00011784902488509055,0.0019528492040797514,0.08629714630826472
336,12,404520,flow,18,404528,flow,12,5.21228823787025e-05,0.0009764564261751726,0.09065742752792508
336,12,404520,flow,19,401795,flow,1,2.6486519051336086e-11,1.4338566704482693e-09,0.14881603786199743
336,12,404520,flow,19,401795,flow,2,5.138342552658922e-10,2.4312858518605198e-08,0.1388678118568436
336,12,404520,flow,19,401795,flow,3,3.4671587120450225e-06,8.847091338472828e-05,0.10392453668876137
336,12,404520,flow,19,401795,flow,4,4.6175756181341045e-05,0.000872994602640671,0.09128861854784807
336,12,404520,flow,19,401795,flow,5,0.00010141961461511145,0.001717494061690637,0.0871145792691991
336,12,404520,flow,19,401795,flow,6,0.0012013591201226964,0.013303645933959399,0.07262089328673303
336,12,404520,flow,19,401795,flow,7,2.129221695849286e-05,0.00044116248086661464,0.095230354369939
336,12,404520,flow,19,401795,flow,9,2.832565768674168e-06,7.367863728308181e-05,-0.1048508435382193
336,12,404520,flow,19,401795,flow,10,2.4162290553895095e-05,0.0004947489311673392,-0.09459687720619656
336,12,404520,flow,19,401795,flow,12,2.642257759953528e-06,6.934722674969163e-05,0.1051677478711912
336,12,404520,occupancy,1,400125,flow,1,4.370201228548355e-11,2.3136359445256e-09,0.14718321977225815
336,12,404520,occupancy,1,400125,flow,2,2.4466494747740476e-05,0.0004995049967402592,0.09453398508328806
336,12,404520,occupancy,1,400125,flow,10,1.5763633258503302e-09,6.991673067426516e-08,0.13491708458870186
336,12,404520,occupancy,1,400125,flow,11,1.3841740644710383e-14,1.0345384011271429e-12,0.17155976964534414
336,12,404520,occupancy,1,400125,flow,12,1.6399715686498744e-13,1.1035322704933734e-11,0.16447191047140633
336,12,404520,occupancy,3,400039,flow,1,7.917722161988684e-10,3.6504332699883797e-08,0.1373573071267256
336,12,404520,occupancy,3,400039,flow,2,0.00038665235296417793,0.005277529746620059,0.07956177972842819
336,12,404520,occupancy,3,400039,flow,9,0.006036897068950596,0.046653658922838244,0.06159359571129411
336,12,404520,occupancy,3,400039,flow,10,1.7016213244369022e-08,6.563396537113765e-07,0.12612912553364228
336,12,404520,occupancy,3,400039,flow,11,9.24220703788339e-12,5.274284597576782e-10,0.15219167760580074
336,12,404520,occupancy,3,400039,flow,12,4.5353637984279985e-12,2.647671839082291e-10,0.15443196164180012
336,12,404520,occupancy,4,400316,flow,1,1.0349272477668197e-05,0.00023294025106648938,0.09877196491233198
336,12,404520,occupancy,4,400316,flow,3,0.0024419611758353414,0.023180119269630137,0.06796531586147174
336,12,404520,occupancy,4,400316,flow,4,3.8123586909202187e-06,9.60314259170574e-05,0.10346098678397692
336,12,404520,occupancy,4,400316,flow,5,1.2973332269036862e-06,3.6157932517573705e-05,0.10835841212137379
336,12,404520,occupancy,4,400316,flow,6,1.1985618518545901e-05,0.0002656637865578158,0.09806101972355565
336,12,404520,occupancy,4,400316,flow,7,3.336063677438427e-05,0.0006556776654474069,0.09296273296823378
336,12,404520,occupancy,4,400316,flow,8,4.783356811799339e-10,2.2682877526864045e-08,0.13911633580385732
336,12,404520,occupancy,4,400316,flow,9,1.2531908624101217e-17,1.1642547366906937e-15,0.19017666505788136
336,12,404520,occupancy,4,400316,flow,10,1.1427491770742045e-21,1.4226733270779722e-19,0.21227355124186537
336,12,404520,occupancy,4,400316,flow,11,3.0272739908106496e-12,1.811332914169253e-10,0.15568962792694074
336,12,404520,occupancy,4,400316,flow,12,0.00141406478111385,0.015033391593252171,0.07157433686189067
336,12,404520,occupancy,5,400503,flow,1,1.1365955794903702e-11,6.410042954828198e-10,0.15153447974661838
336,12,404520,occupancy,5,400503,flow,2,2.236791746083505e-06,5.902834662847124e-05,0.10592317624673117
336,12,404520,occupancy,5,400503,flow,5,6.244989694340194e-05,0.0011402517108854455,0.08970806798522579
336,12,404520,occupancy,5,400503,flow,6,0.0001195820225512279,0.0019694789836877794,0.08621728917696665
336,12,404520,occupancy,5,400503,flow,7,0.002265260347902933,0.02189734773537854,0.0684712361289527
336,12,404520,occupancy,5,400503,flow,9,7.720946420854809e-05,0.0013636340367167937,0.08858190526169543
336,12,404520,occupancy,5,400503,flow,10,3.598267759714358e-09,1.515060109353414e-07,0.13193361277086854
336,12,404520,occupancy,5,400503,flow,11,4.527446828077261e-17,4.024397180513121e-15,0.18690847418632
336,12,404520,occupancy,5,400503,flow,12,4.0832286134068735e-15,3.1725805053808804e-13,0.17495116675874062
336,12,404520,occupancy,6,405843,flow,1,2.5468633167008472e-16,2.1531212383850607e-14,0.1824170304270642
336,12,404520,occupancy,6,405843,flow,3,0.005149899065694355,0.04135234937509222,0.0627518422815682
336,12,404520,occupancy,6,405843,flow,4,2.0449871216671372e-06,5.48036250967868e-05,0.1063009630491796
336,12,404520,occupancy,6,405843,flow,5,1.5236674999017707e-05,0.0003289477061257196,0.09688816007090045
336,12,404520,occupancy,6,405843,flow,6,0.0016379044768242632,0.01693167585518262,0.07061934944678878
336,12,404520,occupancy,6,405843,flow,10,3.480105236754535e-08,1.2816755859147136e-06,0.1233664124444883
336,12,404520,occupancy,6,405843,flow,11,2.5310673636597393e-11,1.3771046613362813e-09,0.14896321659307796
336,12,404520,occupancy,6,405843,flow,12,8.208717878741652e-07,2.3895998137576776e-05,0.11036499634581041
336,12,404520,occupancy,7,408093,flow,1,0.0057761240058581,0.0451528707996399,0.06191726107589035
336,12,404520,occupancy,7,408093,flow,2,2.715155513692715e-05,0.000546828523037414,0.09400903521270063
336,12,404520,occupancy,7,408093,flow,3,7.894041588059172e-05,0.001389094079853997,0.0884634586406201
336,12,404520,occupancy,7,408093,flow,4,0.00016160184832352762,0.002538618126391416,0.08455470064947103
336,12,404520,occupancy,7,408093,flow,5,0.003432553678931051,0.030225503247008036,0.06563002144742558
336,12,404520,occupancy,7,408093,flow,6,0.0011812068710763085,0.013097571055055577,0.07272874472601343
336,12,404520,occupancy,7,408093,flow,7,0.001201947455561193,0.013303645933959399,0.07261776977431626
336,12,404520,occupancy,7,408093,flow,8,0.00045485611243833133,0.00599810258160437,0.0786006434224868
336,12,404520,occupancy,7,408093,flow,9,0.0004994430444980637,0.0064637326310114885,0.07804260758357821
336,12,404520,occupancy,8,401448,flow,10,0.004041591415991819,0.034403300329230856,0.0644842903366331
336,12,404520,occupancy,9,402391,flow,1,6.9569322862279505e-09,2.800927071435671e-07,0.12950177711795835
336,12,404520,occupancy,9,402391,flow,2,1.4730068138112909e-05,0.0003191268523402596,0.09705421060771002
336,12,404520,occupancy,9,402391,flow,5,0.0022641507574053255,0.021896421025276485,0.0684745256377791
336,12,404520,occupancy,9,402391,flow,6,0.002028837127421814,0.020120698784348568,0.0692078949392005
336,12,404520,occupancy,9,402391,flow,8,0.00034133832166874666,0.004761322407520134,0.08029227423684536
336,12,404520,occupancy,9,402391,flow,9,2.227568672101772e-06,5.9001205784669876e-05,0.10594184785075411
336,12,404520,occupancy,9,402391,flow,10,4.243322247823068e-12,2.4940343007613134e-10,0.15463974821970858
336,12,404520,occupancy,9,402391,flow,11,2.1955759241490166e-18,2.1905053100054853e-16,0.19451665553174285
336,12,404520,occupancy,9,402391,flow,12,1.9074683283500754e-15,1.5344996607955915e-13,0.17703162494601524
336,12,404520,occupancy,10,400497,flow,3,6.6807311904423814e-12,3.8327700853533984e-10,0.1532171522848539
336,12,404520,occupancy,10,400497,flow,4,2.8128004563534166e-22,3.6164577295972495e-20,0.21539461608888993
336,12,404520,occupancy,10,400497,flow,5,4.636293650559008e-09,1.916630485207169e-07,0.13100394388811473
336,12,404520,occupancy,10,400497,flow,7,0.0011675894938669143,0.012979893498469043,-0.07280258867214019
336,12,404520,occupancy,10,400497,flow,8,6.462259633819802e-08,2.2715184392271394e-06,0.12092703273747996
336,12,404520,occupancy,10,400497,flow,9,2.831127375765455e-55,7.692119662457085e-53,0.3410312596224154
336,12,404520,occupancy,10,400497,flow,10,4.1937472732188345e-102,1.8871862729484754e-99,0.4550748608046575
336,12,404520,occupancy,10,400497,flow,11,2.878037242583298e-73,9.638078207720813e-71,0.3903008323556291
336,12,404520,occupancy,10,400497,flow,12,1.7122300702071818e-07,5.663731932078887e-06,0.11698674031151975
336,12,404520,occupancy,11,405841,flow,2,0.0006935215257172112,0.008496917161367988,-0.07605477597027495
336,12,404520,occupancy,12,404520,flow,1,0.001359948116593041,0.014596213325917855,-0.071826069442694
336,12,404520,occupancy,12,404520,flow,2,5.198488480815376e-09,2.1206298618623633e-07,-0.13058201307328332
336,12,404520,occupancy,12,404520,flow,3,0.00290648579512769,0.02653988297389901,-0.06677971495739385
336,12,404520,occupancy,12,404520,flow,5,0.00015649579333482664,0.002470083402288824,0.08473337459250338
336,12,404520,occupancy,12,404520,flow,6,4.2758972626193086e-05,0.0008156860312494285,0.09168706677350079
336,12,404520,occupancy,12,404520,flow,7,1.092694868312445e-05,0.0002445824782958426,0.09850945956372763
336,12,404520,occupancy,12,404520,flow,8,1.9300447240630824e-11,1.0580955847655478e-09,0.14983885855317772
336,12,404520,occupancy,12,404520,flow,9,2.880671267236273e-20,3.2835092017046697e-18,0.2048946358483634
336,12,404520,occupancy,12,404520,flow,10,4.8667032482252226e-24,6.760179431618315e-22,0.2241636571610075
336,12,404520,occupancy,12,404520,flow,11,1.5326154890637722e-09,6.846844790853667e-08,0.13501767708038226
336,12,404520,occupancy,14,401469,flow,1,3.827298490016163e-06,9.62394032413843e-05,0.10346885329706405
336,12,404520,occupancy,14,401469,flow,2,8.118351103188827e-07,2.3680808079524465e-05,0.11041309551760568
336,12,404520,occupancy,14,401469,flow,3,8.249679078530709e-06,0.00019133935140473268,0.09986081216747732
336,12,404520,occupancy,14,401469,flow,4,2.4164820480626983e-05,0.0004947489311673392,0.09459635106413661
336,12,404520,occupancy,14,401469,flow,5,2.9155007684766033e-05,0.0005811173775119263,0.0936485627725292
336,12,404520,occupancy,14,401469,flow,6,4.2561458429564195e-05,0.0008128448294240377,0.0917110128580859
336,12,404520,occupancy,14,401469,flow,7,0.004245957764410306,0.03568184092177773,0.0641348539827108
336,12,404520,occupancy,14,401469,flow,11,0.0009113772304942149,0.010578048457106417,0.07436490355712627
336,12,404520,occupancy,14,401469,flow,12,0.00011979780810811537,0.0019707788691053253,0.08620742215150613
336,12,404520,occupancy,15,401472,flow,1,1.6402074745613602e-16,1.4086871352097567e-14,0.18357213728448699
336,12,404520,occupancy,15,401472,flow,2,1.4251451488079028e-06,3.938980833557351e-05,-0.10794207705001663
336,12,404520,occupancy,15,401472,flow,3,3.2174747815829684e-10,1.547827511852831e-08,-0.14048506762588148
336,12,404520,occupancy,15,401472,flow,6,0.0020255194174329093,0.020108579055173822,-0.06921878157853886
336,12,404520,occupancy,15,401472,flow,7,1.0860724974667336e-07,3.6943568417766057e-06,-0.11884332745513702
336,12,404520,occupancy,15,401472,flow,9,4.156536581539104e-24,5.8110802693362235e-22,0.224497113860232
336,12,404520,occupancy,15,401472,flow,10,2.9368448856174223e-102,1.3496989261560918e-99,0.4553869681744836
336,12,404520,occupancy,15,401472,flow,11,1.4648166299788685e-137,8.78889977987321e-135,0.5192687701510605
336,12,404520,occupancy,15,401472,flow,12,3.45782858896062e-46,8.031085755005311e-44,0.3123214800411656
336,12,404520,occupancy,16,405838,flow,1,3.2389414446814413e-14,2.347689100842924e-12,0.16915671050067335
336,12,404520,occupancy,16,405838,flow,2,1.18476076108918e-16,1.0298121706046795e-14,0.1844211603860993
336,12,404520,occupancy,16,405838,flow,3,1.0108160132455254e-17,9.492880820044934e-16,0.19071781562103676
336,12,404520,occupancy,16,405838,flow,4,4.2264505301276306e-20,4.792195876680148e-18,0.20399918538113077
336,12,404520,occupancy,16,405838,flow,5,2.0378338959296154e-21,2.472877087195488e-19,0.21097122752905823
336,12,404520,occupancy,16,405838,flow,6,2.8425805380458535e-19,2.987821879405861e-17,0.19948360473203253
336,12,404520,occupancy,16,405838,flow,7,1.3363297358644828e-13,9.119975448553817e-12,0.16507079097807942
336,12,404520,occupancy,16,405838,flow,8,1.6865406339243723e-11,9.293183084889398e-10,0.15027255589596006
336,12,404520,occupancy,16,405838,flow,9,1.2515896553308619e-08,4.879844143528269e-07,0.12729723416339542
336,12,404520,occupancy,16,405838,flow,10,1.4616535684597192e-12,9.098477544302574e-11,0.15792928324311548
336,12,404520,occupancy,16,405838,flow,11,1.5666260598520167e-15,1.2697607089232105e-13,0.1775656087254713
336,12,404520,occupancy,16,405838,flow,12,2.1629077556707968e-17,1.971257701370853e-15,0.18879527164520213
336,12,404520,occupancy,17,400260,flow,1,2.5985288860906907e-26,3.9948913835985e-24,0.23495104797525176
336,12,404520,occupancy,17,400260,flow,2,1.0035263412259907e-13,7.014941414395275e-12,0.16590479705835634
336,12,404520,occupancy,17,400260,flow,3,6.267940596283497e-07,1.8635583878833246e-05,0.11153144369172369
336,12,404520,occupancy,17,400260,flow,4,1.177286002074277e-07,3.964049515947683e-06,0.118516481572263
336,12,404520,occupancy,17,400260,flow,5,5.534776188486803e-06,0.0001332046414165069,0.1017508730436227
336,12,404520,occupancy,17,400260,flow,6,9.841760996174767e-05,0.0016725573368794255,0.08727733123876205
336,12,404520,occupancy,17,400260,flow,10,1.0039578419527923e-06,2.8646617418996453e-05,0.10948663588044753
336,12,404520,occupancy,17,400260,flow,11,3.734926135652145e-14,2.6846723637299944e-12,0.1687505252554686
336,12,404520,occupancy,17,400260,flow,12,2.6905457678962226e-15,2.1210141819911827e-13,0.17609455505457103
336,12,404520,occupancy,18,404528,flow,1,2.745871354888827e-18,2.7144540624987944e-16,0.19391716288886524
336,12,404520,occupancy,18,404528,flow,2,4.411768555402949e-09,1.8308203803401288e-07,0.1311865260259917
336,12,404520,occupancy,18,404528,flow,3,2.6866049873330387e-05,0.0005425962386759574,0.0940624503830552
336,12,404520,occupancy,18,404528,flow,10,0.0005173537725909063,0.006675532549560081,0.07783142813047642
336,12,404520,occupancy,18,404528,flow,11,0.00022330983312572272,0.0033231087809270483,0.08273536557411584
336,12,404520,occupancy,18,404528,flow,12,0.002398967002170259,0.022890064235322912,0.06808525357157263
336,12,404520,occupancy,19,401795,flow,1,1.8843325591729132e-20,2.1765552555152366e-18,0.20588128006135925
336,12,404520,occupancy,19,401795,flow,2,5.84931622873428e-11,3.059206550621318e-09,0.14622425862211055
336,12,404520,occupancy,19,401795,flow,3,4.515035253910293e-06,0.00011158439529114681,0.10270259376847286
336,12,404520,occupancy,19,401795,flow,4,0.0006386563051695957,0.007934987743263311,0.07655811979695366
336,12,404520,occupancy,19,401795,flow,5,8.188247125746948e-05,0.0014297990130649478,0.0882676555522615
336,12,404520,occupancy,19,401795,flow,9,7.2021795075111155e-06,0.00016974040083168586,0.10050760016580633
336,12,404520,occupancy,19,401795,flow,10,3.5429219031662895e-19,3.679188130211147e-17,0.1989547999119985
336,12,404520,occupancy,19,401795,flow,11,2.3718308168034996e-39,4.8791948231386275e-37,0.28841474998051925
336,12,404520,occupancy,19,401795,flow,12,2.0771851113993897e-43,4.673666500648627e-41,0.302874785378465
336,12,404520,speed,1,400125,flow,1,0.00022365761192864924,0.0033271380286906496,-0.08272652438212746
336,12,404520,speed,1,400125,flow,11,0.0037746410452012802,0.03258031831222684,-0.0649657135085885
336,12,404520,speed,3,400039,flow,5,0.0011653953883669825,0.012966338027549968,0.07281456113259849
336,12,404520,speed,3,400039,flow,12,0.0017398528320781551,0.017786560850858054,-0.07022366544842695
336,12,404520,speed,4,400316,flow,11,0.0004008518199261565,0.005428463517495286,-0.07934930144661384
336,12,404520,speed,6,405843,flow,1,1.5387930893183004e-06,4.2126654916698716e-05,-0.10760098505084617
336,12,404520,speed,6,405843,flow,5,0.002588479026599951,0.024298629715149473,-0.06757059825745661
336,12,404520,speed,6,405843,flow,6,0.004212447830895951,0.03548708001066792,-0.0641910911877073
336,12,404520,speed,7,408093,flow,12,0.0019121498680884919,0.01914809325484999,0.06960098036956622
336,12,404520,speed,10,400497,flow,3,3.780067395691977e-05,0.000732282114322392,0.09232257123195922
336,12,404520,speed,10,400497,flow,9,0.005469274275383948,0.04336289717137365,0.06231542453201842
336,12,404520,speed,10,400497,flow,11,0.002377433546659148,0.022747536924845005,-0.06814606469138679
336,12,404520,speed,11,405841,flow,2,2.3015811087803643e-05,0.00047301762083402346,0.09484086971300544
336,12,404520,speed,11,405841,flow,9,0.001521940298007788,0.015958208949984575,0.07109795964616607
336,12,404520,speed,12,404520,flow,1,0.00034721516278650455,0.004830819656160063,0.08019258861687062
336,12,404520,speed,12,404520,flow,3,1.0581254541739461e-06,3.0013801457855857e-05,0.1092562772334331
336,12,404520,speed,12,404520,flow,11,0.00403066726642297,0.03433737446449858,-0.064503416868285
336,12,404520,speed,14,401469,flow,2,2.2578523506204067e-05,0.00046513696493467605,-0.09493698917429266
336,12,404520,speed,14,401469,flow,5,0.0002965441329767789,0.00422516706615991,-0.08110959420383008
336,12,404520,speed,14,401469,flow,6,0.0038430250336599007,0.033064863862598624,-0.06483951373438097
336,12,404520,speed,14,401469,flow,7,0.0018166599227780306,0.01838793548828747,-0.06993939384931351
336,12,404520,speed,15,401472,flow,3,8.338013216585574e-07,2.4223414321217002e-05,0.11029705562101641
336,12,404520,speed,15,401472,flow,4,8.132148899919999e-07,2.3705049424868015e-05,0.11040571818748394
336,12,404520,speed,15,401472,flow,11,0.00010003556637538557,0.0016967163201478824,-0.08718904200887106
336,12,404520,speed,15,401472,flow,12,0.0007503401256012141,0.009029162514198453,-0.07557108473184707
336,12,404520,speed,17,400260,flow,1,2.726883939607842e-05,0.0005489346980012058,-0.09398724700392978
336,12,404520,speed,17,400260,flow,2,1.8850834662647172e-05,0.0003955104698525293,-0.095836770208323
336,12,404520,speed,17,400260,flow,3,0.0006253054827167846,0.0077931831215855285,-0.07668667321917845
336,12,404520,speed,17,400260,flow,4,0.0030361050720349517,0.027425810520771247,-0.06647983227921872
336,12,404520,speed,18,404528,flow,8,0.00033262806967724505,0.004668007197978323,0.08044301307979843
336,12,404520,speed,19,401795,flow,12,0.0018854144151484347,0.01895506230728703,-0.06969413761995981
336,13,400183,flow,0,400593,flow,2,0.00016231000481312582,0.002546553973749821,0.08453034079262792
336,13,400183,flow,7,408093,flow,3,0.0018555235292035247,0.018698067754045318,0.06979973624066016
336,13,400183,flow,7,408093,flow,12,0.000884056506102992,0.010324747516531294,0.07455485347078128
336,13,400183,flow,9,402391,flow,12,0.003932851850861086,0.03366340399389715,0.06467680449684028
336,13,400183,flow,11,405841,flow,4,0.0002569311586934277,0.0037334093695109575,0.08193511027136782
336,13,400183,flow,11,405841,flow,5,0.0028504016750618187,0.02611054969522277,0.06691326599674846
336,13,400183,flow,11,405841,flow,6,1.2165934072840612e-06,3.4127815061474964e-05,0.1086422465907221
336,13,400183,flow,13,400183,flow,1,3.1622466843663624e-23,4.20335559275775e-21,0.22000325540968585
336,13,400183,flow,13,400183,flow,2,2.222312980208706e-28,3.678311139655789e-26,0.2441954401599627
336,13,400183,flow,13,400183,flow,3,2.5138119490156878e-18,2.4964753148845453e-16,0.19413505800009412
336,13,400183,flow,13,400183,flow,4,2.7707461730849878e-11,1.498075527875738e-09,0.1486698288861343
336,13,400183,flow,13,400183,flow,5,2.6919135096733782e-05,0.0005434143159714483,0.09405247797815712
336,13,400183,flow,13,400183,flow,6,0.0001254854712442406,0.002050292117152494,0.085953207102386
336,13,400183,flow,13,400183,flow,8,0.00022954530263013094,0.003397176112922801,0.08257877305618344
336,13,400183,flow,13,400183,flow,10,5.740182475270874e-08,2.037599695412504e-06,0.1213977235622422
336,13,400183,flow,13,400183,flow,12,1.4119829122311242e-05,0.00030744789217935765,0.0972616104751903
336,13,400183,flow,14,401469,flow,1,0.0006653585146802954,0.008217120592964196,0.07630833233822323
336,13,400183,flow,15,401472,flow,10,0.004957835945029138,0.04016851328305678,0.06302620994267441
336,13,400183,flow,15,401472,flow,12,0.0025122111882721026,0.02371667905012125,0.0677734379072617
336,13,400183,flow,17,400260,flow,1,0.0006480746113363373,0.008026612158752802,0.07646892616658989
336,13,400183,flow,17,400260,flow,2,7.154635053298476e-05,0.001275083474845273,0.08898776528987172
336,13,400183,flow,17,400260,flow,6,0.0018838760390155846,0.01894400486160923,0.06969953476396314
336,13,400183,flow,18,404528,flow,1,0.001596469518929356,0.01662053220090664,0.07078667402661273
336,13,400183,flow,19,401795,flow,1,0.0022513633006600343,0.02180203868830161,0.06851254241350148
336,13,400183,occupancy,0,400593,flow,6,0.005472716171700554,0.04336289717137365,0.06231084784449783
336,13,400183,occupancy,0,400593,flow,10,0.00022437727028339728,0.0033355464818454104,0.08270827018921598
336,13,400183,occupancy,2,400331,flow,8,0.0005248054456404609,0.006755540897398066,0.07774556784831528
336,13,400183,occupancy,7,408093,flow,3,0.003373208220703736,0.029800121704376563,0.06575135351818218
336,13,400183,occupancy,8,401448,flow,10,0.003567581234726947,0.03116043456130289,0.0653609144109469
336,13,400183,occupancy,10,400497,flow,8,0.004087453736886431,0.03467753366722188,0.06440450060549005
336,13,400183,occupancy,13,400183,flow,3,6.252642417216214e-07,1.8617406062578867e-05,-0.1115419573462931
336,13,400183,occupancy,14,401469,flow,4,1.8685334965304778e-06,5.0418892598448866e-05,0.10673320889405208
336,13,400183,occupancy,16,405838,flow,5,0.0043080334069320395,0.0360253664691181,0.06403173150412832
336,13,400183,occupancy,16,405838,flow,9,0.0003340754030310452,0.004681173341206991,0.08041771187523152
336,13,400183,occupancy,17,400260,flow,6,0.004875602066655482,0.03958391454228845,0.06314663022748482
336,13,400183,speed,17,400260,flow,3,0.0007357991472839214,0.008896873633160681,-0.07569154621581585
336,13,400183,speed,19,401795,flow,2,0.0026638758643219877,0.024839075618111345,-0.06737537309877985
336,14,401469,flow,2,400331,flow,9,0.00020579810598753275,0.0031270840905801853,0.0831981417577759
336,14,401469,flow,4,400316,flow,3,0.0048854772346356035,0.039649185898226205,-0.06313207282242024
336,14,401469,flow,4,400316,flow,9,0.0026357633442235105,0.024630105228305357,0.06744756767294365
336,14,401469,flow,6,405843,flow,1,0.0006177672558510239,0.007724325746096739,0.07676038947317755
336,14,401469,flow,6,405843,flow,12,0.006543609984100314,0.04980337408617575,0.06099912098173335
336,14,401469,flow,8,401448,flow,2,0.0010023400283952206,0.011467449477402948,0.07376839012721151
336,14,401469,flow,10,400497,flow,2,0.00039503555710355276,0.005363147726861559,-0.07943547168765172
336,14,401469,flow,10,400497,flow,11,2.1191241803140805e-06,5.652590702543065e-05,0.10616713130522254
336,14,401469,flow,12,404520,flow,3,0.0007380818024210582,0.008916424458777885,-0.0756724906814207
336,14,401469,flow,14,401469,flow,1,1.62533127611305e-89,6.159150098954715e-87,0.42832856826155347
336,14,401469,flow,14,401469,flow,2,1.365699720206241e-27,2.1851195523299855e-25,0.24073274174237155
336,14,401469,flow,14,401469,flow,3,2.0211002791879693e-05,0.000420373288690035,0.09549029254825026
336,14,401469,flow,14,401469,flow,4,0.0008689034664355329,0.010175285917596914,0.07466256379455269
336,14,401469,flow,14,401469,flow,5,4.771454299459073e-05,0.0008989394929639422,0.09111822421662631
336,14,401469,flow,14,401469,flow,6,0.0014922522066852459,0.015696443956367816,0.07122588006731556
336,14,401469,flow,14,401469,flow,9,0.00085436269275254,0.010043120633172715,0.07476757096096791
336,14,401469,flow,15,401472,flow,3,0.0007951872738494033,0.009471213187288179,-0.07521274320084019
336,14,401469,flow,15,401472,flow,12,0.001104342832191803,0.012420622325093958,0.07315634159882854
336,14,401469,flow,16,405838,flow,4,0.0008288354045026146,0.009782975266260367,0.07495599010048304
336,14,401469,flow,16,405838,flow,6,0.0028152911864030555,0.025887735047384418,0.0669980987391335
336,14,401469,flow,16,405838,flow,11,0.00380572709874416,0.03281585043228497,0.06490809032271563
336,14,401469,flow,17,400260,flow,1,0.0004519203645284155,0.005977636175023744,0.07863915315695585
336,14,401469,flow,18,404528,flow,2,0.0014498374573669738,0.015351220136826781,0.07141276306298681
336,14,401469,occupancy,0,400593,flow,3,0.0002022267432178497,0.003080463789496159,0.08329704254075644
336,14,401469,occupancy,6,405843,flow,1,0.0041158848620544836,0.03487246823832649,0.06435544379821508
336,14,401469,occupancy,6,405843,flow,11,0.0017464983675050422,0.017814655604611745,0.0701986186524227
336,14,401469,occupancy,9,402391,flow,4,0.003035177341822611,0.027425810520771247,-0.0664819368386874
336,14,401469,occupancy,10,400497,flow,5,0.004375672904127123,0.03648505490412887,0.063920887699986
336,14,401469,occupancy,10,400497,flow,11,0.004216705007852122,0.035509738118286394,0.06418392425047569
336,14,401469,occupancy,17,400260,flow,2,0.0005910013349570061,0.0074522059749394815,0.07702907004007818
336,14,401469,occupancy,17,400260,flow,12,0.0023956242200103986,0.02288104494902702,0.06809466086581237
336,14,401469,speed,5,400503,flow,5,0.005101976014687216,0.041097401423547966,-0.06281942510875832
336,14,401469,speed,6,405843,flow,8,0.004519383367178094,0.03731600945376408,-0.06369044343537902
336,15,401472,flow,0,400593,flow,8,0.0020099057719030317,0.020006435333228333,0.06927023631615431
336,15,401472,flow,1,400125,flow,1,6.81586871193667e-15,5.165711023783581e-13,0.17353613017722275
336,15,401472,flow,1,400125,flow,2,2.5876625621576105e-05,0.0005249040370489343,0.09425183014886163
336,15,401472,flow,1,400125,flow,8,9.239586615280094e-05,0.0015858170114425908,-0.08761842345250602
336,15,401472,flow,1,400125,flow,9,4.969206156792178e-06,0.00012162589573564991,-0.1022556834005287
336,15,401472,flow,1,400125,flow,11,0.0003167893128919868,0.004476708641456928,0.08072683106960583
336,15,401472,flow,1,400125,flow,12,2.270159603096449e-14,1.6650406596564787e-12,0.17016553501382659
336,15,401472,flow,3,400039,flow,1,6.558095892811098e-12,3.772433323161643e-10,0.15327548275392178
336,15,401472,flow,3,400039,flow,2,8.443722756625608e-07,2.449757038859814e-05,0.11024225764837245
336,15,401472,flow,3,400039,flow,9,0.0017576114001067059,0.01787401423837328,-0.0701569289976077
336,15,401472,flow,3,400039,flow,12,2.5254948937000742e-09,1.082354954442889e-07,0.13322140438857322
336,15,401472,flow,4,400316,flow,1,6.873463537324211e-05,0.0012386119571503038,0.08920069227151317
336,15,401472,flow,4,400316,flow,2,0.001288328115766434,0.013994411516497347,-0.07217381140232898
336,15,401472,flow,4,400316,flow,3,9.796827018888575e-07,2.8065180849866478e-05,-0.10959377621243192
336,15,401472,flow,4,400316,flow,10,3.067450521628188e-05,0.0006070263973171678,0.09339052998870738
336,15,401472,flow,4,400316,flow,11,2.4658441307520024e-19,2.62375533124351e-17,0.19982419361957082
336,15,401472,flow,4,400316,flow,12,2.916377539859759e-11,1.5728777743063867e-09,0.1485034600719142
336,15,401472,flow,5,400503,flow,1,1.1261813288932205e-17,1.0507782593560935e-15,0.190445913500779
336,15,401472,flow,5,400503,flow,2,2.0825778408277563e-07,6.769553252352074e-06,0.11617935165632723
336,15,401472,flow,5,400503,flow,6,6.591048382474195e-05,0.0011956203955255599,0.0894230177118084
336,15,401472,flow,5,400503,flow,11,0.00023672478697233686,0.003487895906277269,0.0824033399547899
336,15,401472,flow,5,400503,flow,12,1.4627804336914672e-16,1.2663750447990257e-14,0.18387141890275682
336,15,401472,flow,6,405843,flow,1,2.1525289908356754e-14,1.581449870818047e-12,0.170316038823354
336,15,401472,flow,6,405843,flow,5,0.002961209020430128,0.026931416775280322,0.06665165110755196
336,15,401472,flow,6,405843,flow,6,5.148843031829372e-06,0.00012552484140802982,0.10208963243770981
336,15,401472,flow,6,405843,flow,9,0.000161784388728824,0.002540561829547509,-0.08454841185980749
336,15,401472,flow,6,405843,flow,11,2.1214039080174156e-08,8.074418398797565e-07,0.1252840502934987
336,15,401472,flow,6,405843,flow,12,4.316452787640117e-20,4.868688261776841e-18,0.20394984283511106
336,15,401472,flow,7,408093,flow,4,3.862043721837791e-06,9.688750800429302e-05,0.10342708702457723
336,15,401472,flow,7,408093,flow,5,3.839721256408544e-06,9.643951062607506e-05,0.10345387867869892
336,15,401472,flow,7,408093,flow,7,0.0011138835879985476,0.012497626636471842,0.0731017977761819
336,15,401472,flow,7,408093,flow,9,0.0004446548009322188,0.005897785508219788,0.07873547181501683
336,15,401472,flow,7,408093,flow,10,4.941518795677417e-07,1.501220899952633e-05,0.11255003510093535
336,15,401472,flow,7,408093,flow,11,0.006439826203682505,0.049152354193378475,0.061117423863576825
336,15,401472,flow,8,401448,flow,4,1.5856189457804732e-05,0.00034038641114766445,0.09669210754665297
336,15,401472,flow,8,401448,flow,6,0.005796411267214474,0.045281187476250505,0.06189161372612697
336,15,401472,flow,8,401448,flow,11,8.312754143085046e-05,0.0014497819094924263,0.08818678643161772
336,15,401472,flow,8,401448,flow,12,1.4946303110401938e-06,4.104769830701613e-05,0.1077305613903253
336,15,401472,flow,9,402391,flow,1,5.509839106527071e-19,5.680788768543423e-17,0.19789003206594769
336,15,401472,flow,9,402391,flow,2,2.8904998616692644e-05,0.0005775651897507503,0.09369223747500369
336,15,401472,flow,9,402391,flow,7,0.005671433935413195,0.04454653563815455,0.062050915638159204
336,15,401472,flow,9,402391,flow,11,9.946611046504083e-06,0.00022567941029883213,0.09896334483199568
336,15,401472,flow,9,402391,flow,12,6.428428465889512e-09,2.6075878847551827e-07,0.12979556785845286
336,15,401472,flow,10,400497,flow,1,5.943127825080873e-15,4.5280973905378074e-13,0.17391570609408752
336,15,401472,flow,10,400497,flow,2,4.921694947899761e-07,1.4962506808534106e-05,-0.11256717922064544
336,15,401472,flow,10,400497,flow,3,1.7819940996953206e-07,5.876499626476172e-06,-0.11682250633434783
336,15,401472,flow,10,400497,flow,4,1.7220179114917754e-05,0.00036627855133650764,0.0962849831517084
336,15,401472,flow,10,400497,flow,5,3.4347614185676813e-44,7.850883242440414e-42,0.30556731581504903
336,15,401472,flow,10,400497,flow,6,8.43028040980931e-19,8.569132087147345e-17,0.1968587833172038
336,15,401472,flow,10,400497,flow,7,0.0002593378594781084,0.0037633172755976766,-0.08188166052965433
336,15,401472,flow,10,400497,flow,8,6.48116381583665e-29,1.1023081765517451e-26,-0.24667399178941415
336,15,401472,flow,10,400497,flow,9,9.728582293902494e-08,3.324958505510979e-06,-0.11928809798620371
336,15,401472,flow,10,400497,flow,10,1.5513102183947149e-30,2.73537148712864e-28,0.25367103175009675
336,15,401472,flow,10,400497,flow,11,8.785231102368391e-113,4.4649645132036996e-110,0.4758895024158285
336,15,401472,flow,10,400497,flow,12,1.6854704387838404e-90,6.559668734726298e-88,0.43068665513497223
336,15,401472,flow,11,405841,flow,1,0.0039646095556808425,0.03390186616594145,0.064620085926377
336,15,401472,flow,11,405841,flow,3,0.002161387571284433,0.021144008849521626,-0.0687857691773762
336,15,401472,flow,11,405841,flow,6,0.0006250967996324827,0.0077931831215855285,0.07668870278341716
336,15,401472,flow,11,405841,flow,10,0.0010144525208752573,0.011584549009201986,0.07369277289470907
336,15,401472,flow,11,405841,flow,11,1.0577399920294108e-05,0.00023737333847101584,0.09866666882071488
336,15,401472,flow,11,405841,flow,12,1.1365751601009388e-05,0.000253615944815912,0.09831876478401498
336,15,401472,flow,12,404520,flow,1,0.00011478418381254975,0.0019086515553126055,0.08644112356094276
336,15,401472,flow,12,404520,flow,2,5.444889690911402e-12,3.153072850500973e-10,-0.15385991600843968
336,15,401472,flow,12,404520,flow,3,6.064960142430636e-26,9.22557317440153e-24,-0.2332407325196991
336,15,401472,flow,12,404520,flow,4,1.677807060024816e-05,0.00035864059867922834,-0.09641347305320343
336,15,401472,flow,12,404520,flow,6,0.0004171630833843286,0.005606172129429295,0.0791137267008365
336,15,401472,flow,12,404520,flow,10,4.237859149641823e-10,2.0184731561689827e-08,0.13953568995890622
336,15,401472,flow,12,404520,flow,11,2.6101698748566774e-32,4.818775153581558e-30,0.26108852280566386
336,15,401472,flow,12,404520,flow,12,1.0429314300106682e-19,1.1493530045015528e-17,0.20187253368518687
336,15,401472,flow,13,400183,flow,11,0.002968259165772704,0.026978496941169963,0.06663530949710407
336,15,401472,flow,14,401469,flow,6,4.154689804193007e-05,0.000795931705282208,0.09183570057943186
336,15,401472,flow,14,401469,flow,7,0.00011513500777602473,0.0019137484940070287,0.08642446047965767
336,15,401472,flow,14,401469,flow,12,2.1747710203829892e-07,7.037461279441583e-06,0.11600001006584988
336,15,401472,flow,15,401472,flow,1,0.0,0.0,0.8748688710942927
336,15,401472,flow,15,401472,flow,2,4.193603194459289e-09,1.7537624201417356e-07,-0.13137280702575826
336,15,401472,flow,15,401472,flow,3,9.356155627230762e-23,1.2211055078440148e-20,-0.2178115835843346
336,15,401472,flow,15,401472,flow,4,3.6761997803688284e-08,1.350440735645692e-06,-0.12315225483649289
336,15,401472,flow,15,401472,flow,6,1.8925635928408017e-09,8.283561014257612e-08,0.1342618826061221
336,15,401472,flow,15,401472,flow,8,6.600299381848031e-18,6.294325238318652e-16,-0.19178620741835906
336,15,401472,flow,15,401472,flow,9,2.261988467926465e-36,4.36240633100104e-34,-0.27723104048159647
336,15,401472,flow,15,401472,flow,11,2.5045936852045476e-43,5.606137160665102e-41,0.30252055017264384
336,15,401472,flow,15,401472,flow,12,3.6644804349513035e-12,2.1745268515095646e-10,0.15509660561143154
336,15,401472,flow,16,405838,flow,1,0.0047341346173130575,0.03869835860448079,0.06335815371063588
336,15,401472,flow,16,405838,flow,2,0.0011128589597455341,0.012490388948040288,0.0731076347691947
336,15,401472,flow,16,405838,flow,5,5.310804635190807e-05,0.0009927596721775978,0.09055951150057195
336,15,401472,flow,16,405838,flow,6,6.194263600445516e-07,1.8492894785020477e-05,0.11158230707463514
336,15,401472,flow,16,405838,flow,7,3.401129065309741e-08,1.2558015010374428e-06,0.12345598528557712
336,15,401472,flow,16,405838,flow,12,1.9407735779974375e-05,0.0004057161409275225,0.09569212177343397
336,15,401472,flow,17,400260,flow,1,6.657190405676488e-21,7.879195219869158e-19,0.2082787866452465
336,15,401472,flow,17,400260,flow,2,1.8990591076650082e-12,1.1620305021406283e-10,0.15712772702211902
336,15,401472,flow,17,400260,flow,3,0.0002927956222381816,0.0041827946034025945,0.0811831382552946
336,15,401472,flow,17,400260,flow,6,7.064957124265185e-07,2.083318414800382e-05,0.11101528736175745
336,15,401472,flow,17,400260,flow,7,1.8272114562204065e-10,9.062633169772854e-09,0.14241536558530538
336,15,401472,flow,17,400260,flow,12,3.1563299837554957e-18,3.1130925867177493e-16,0.1936207194172596
336,15,401472,flow,18,404528,flow,1,5.7118436481202584e-09,2.3256517021564104e-07,0.13023383245949444
336,15,401472,flow,18,404528,flow,2,0.0008655565203950177,0.01013883993521279,0.07468658893657687
336,15,401472,flow,18,404528,flow,12,1.0352900047399529e-05,0.00023294025106648938,0.09877027328651676
336,15,401472,flow,19,401795,flow,1,2.0076600910357002e-33,3.787376241604465e-31,0.26562688153837644
336,15,401472,flow,19,401795,flow,2,4.852484601292409e-18,4.683075707109896e-16,0.19255343594307167
336,15,401472,flow,19,401795,flow,3,0.001807240784908771,0.018301172505405274,0.06997365462942089
336,15,401472,flow,19,401795,flow,5,0.0010891865354643758,0.012278929627364571,0.07324389090432246
336,15,401472,flow,19,401795,flow,6,0.00011821292189031985,0.001957377625780689,0.08628028644968978
336,15,401472,flow,19,401795,flow,9,0.005080690327830429,0.04096413254241779,-0.06284962701161653
336,15,401472,flow,19,401795,flow,11,5.333110380289818e-08,1.9040526316406622e-06,0.12168903516466086
336,15,401472,flow,19,401795,flow,12,1.3747681891205379e-25,2.0693374832755134e-23,0.2315762593674125
336,15,401472,occupancy,0,400593,flow,7,0.001405421381161986,0.01495794772804395,0.07161394082542277
336,15,401472,occupancy,1,400125,flow,1,1.976428138731545e-10,9.735655141756299e-09,0.1421491148118413
336,15,401472,occupancy,1,400125,flow,2,6.647231094167876e-05,0.001204531809010286,0.0893780804844684
336,15,401472,occupancy,1,400125,flow,10,0.0021466878562221045,0.021033548511860945,-0.06883139440678313
336,15,401472,occupancy,1,400125,flow,12,0.00014377388758561206,0.0022969792691192458,0.08520358437906124
336,15,401472,occupancy,3,400039,flow,1,1.1086310643430222e-06,3.128207836683119e-05,0.10905148955120744
336,15,401472,occupancy,3,400039,flow,2,0.002305547183351892,0.0221710572103012,0.06835278902330062
336,15,401472,occupancy,4,400316,flow,1,2.31214838138188e-08,8.761825445236599e-07,0.12495255252875624
336,15,401472,occupancy,4,400316,flow,3,0.00010858435850211949,0.0018164778622033833,-0.08674380051379053
336,15,401472,occupancy,4,400316,flow,4,0.0012205636389545026,0.013447678960172026,-0.0725196569314041
336,15,401472,occupancy,4,400316,flow,6,5.243870118322405e-05,0.0009810965314487998,0.09062584863857687
336,15,401472,occupancy,4,400316,flow,9,1.835505659696187e-05,0.0003871769750921645,-0.09596900665740997
336,15,401472,occupancy,4,400316,flow,11,4.72919493719933e-06,0.0001164109523002912,0.10248674234591731
336,15,401472,occupancy,4,400316,flow,12,4.7031413217713796e-14,3.3582761173640267e-12,0.168091277657099
336,15,401472,occupancy,5,400503,flow,1,6.766615200164846e-13,4.376014620465889e-11,0.16026377316568083
336,15,401472,occupancy,5,400503,flow,2,1.6280299657958153e-09,7.191298008423233e-08,0.13480172769696627
336,15,401472,occupancy,5,400503,flow,6,0.005953637011053833,0.04612573867961362,0.061695544585855876
336,15,401472,occupancy,5,400503,flow,7,1.1584558368230898e-07,3.912845359715206e-06,0.1185819005125812
336,15,401472,occupancy,5,400503,flow,12,9.742950736575698e-06,0.00022222569789866428,0.09906297598326005
336,15,401472,occupancy,6,405843,flow,1,7.43736000051449e-24,1.0232291465675988e-21,0.2232644119896755
336,15,401472,occupancy,6,405843,flow,2,6.033106094120514e-08,2.134045251000058e-06,0.12120022566224703
336,15,401472,occupancy,6,405843,flow,4,1.8012279501324532e-07,5.930107453961981e-06,-0.11677831930598515
336,15,401472,occupancy,6,405843,flow,6,0.0007115979647854719,0.008668632586733395,0.07589702305463338
336,15,401472,occupancy,6,405843,flow,7,1.541717759714029e-11,8.571712640881089e-10,0.1505605827384115
336,15,401472,occupancy,6,405843,flow,9,8.83401636652332e-06,0.00020342724255533446,-0.09953335143180402
336,15,401472,occupancy,6,405843,flow,10,1.3776106623413428e-11,7.688989743300517e-10,-0.15092085789930584
336,15,401472,occupancy,6,405843,flow,12,1.5296011107290383e-09,6.846844790853667e-08,0.13502471086396645
336,15,401472,occupancy,7,408093,flow,5,8.927649002861382e-07,2.5797621198903793e-05,0.10999954148742379
336,15,401472,occupancy,7,408093,flow,10,1.1981266063008917e-06,3.365349115227472e-05,0.1087097063656514
336,15,401472,occupancy,8,401448,flow,4,0.001548750075881922,0.016192159554235003,0.07098439978304714
336,15,401472,occupancy,8,401448,flow,5,0.0026372125858446986,0.024632991072106158,0.0674438287823048
336,15,401472,occupancy,8,401448,flow,6,7.882116662623567e-05,0.0013881265382198861,0.08847153962218847
336,15,401472,occupancy,8,401448,flow,11,0.00021138420849916057,0.003188817139051753,0.08304663185526222
336,15,401472,occupancy,8,401448,flow,12,0.00013420825581464532,0.0021674006172682906,0.08558367751396338
336,15,401472,occupancy,9,402391,flow,1,6.813557159321935e-13,4.38703275221e-11,0.16024297110591632
336,15,401472,occupancy,9,402391,flow,2,2.306807931840377e-05,0.00047386639398718156,0.09482949712975575
336,15,401472,occupancy,10,400497,flow,1,8.05456041496911e-31,1.42605331937158e-28,0.2548776130307747
336,15,401472,occupancy,10,400497,flow,2,0.0031041297167815497,0.02788488329485609,-0.06632709264945129
336,15,401472,occupancy,10,400497,flow,3,5.13074379990347e-31,9.197017931777174e-29,-0.25570410157149015
336,15,401472,occupancy,10,400497,flow,4,0.0002172420835574206,0.0032541116538420834,-0.08289173442716334
336,15,401472,occupancy,10,400497,flow,5,6.45522048819885e-20,7.205827521710343e-18,0.20300497254872685
336,15,401472,occupancy,10,400497,flow,6,7.698107171916128e-48,1.847545721259871e-45,0.31777966876207253
336,15,401472,occupancy,10,400497,flow,7,0.0016273649691802476,0.016846912693167192,0.07066153816881253
336,15,401472,occupancy,10,400497,flow,8,3.736705883848084e-19,3.8711197645620437e-17,-0.19882671438395588
336,15,401472,occupancy,10,400497,flow,9,7.82050113259361e-43,1.7325417893745843e-40,-0.300872907829961
336,15,401472,occupancy,10,400497,flow,10,1.3694687456744533e-07,4.575487224527175e-06,-0.11790126869755574
336,15,401472,occupancy,10,400497,flow,11,1.7642302994452306e-36,3.4177017460104917e-34,0.27764532765100386
336,15,401472,occupancy,10,400497,flow,12,1.2736688963794489e-95,5.142289376036654e-93,0.44169708557508525
336,15,401472,occupancy,11,405841,flow,1,4.586886233369279e-05,0.0008675721772397235,0.09132324438684204
336,15,401472,occupancy,11,405841,flow,4,0.002660147670283015,0.024809667391240554,-0.06738490718192729
336,15,401472,occupancy,11,405841,flow,6,7.308575146358648e-07,2.1536865369897243e-05,0.11086868312164368
336,15,401472,occupancy,11,405841,flow,12,1.6726459210387914e-09,7.380827761887211e-08,0.13470494608379627
336,15,401472,occupancy,12,404520,flow,1,3.144747029616976e-17,2.8361810371493396e-15,0.18784176533064298
336,15,401472,occupancy,12,404520,flow,3,1.2531918322799556e-13,8.606977290062653e-12,-0.16525820975813243
336,15,401472,occupancy,12,404520,flow,4,1.7420826377451408e-12,1.067488935469363e-10,-0.1573923501938751
336,15,401472,occupancy,12,404520,flow,6,2.0078656268273776e-07,6.546399628599451e-06,0.11633040416882878
336,15,401472,occupancy,12,404520,flow,9,1.0310119341938325e-06,2.9302444445508925e-05,-0.10937012775827568
336,15,401472,occupancy,12,404520,flow,11,3.2016224410928814e-09,1.3537966057810652e-07,0.13235983825939132
336,15,401472,occupancy,12,404520,flow,12,5.811231003008828e-25,8.452699640740113e-23,0.22861199407311472
336,15,401472,occupancy,14,401469,flow,1,0.000252613784485262,0.0036843063773677647,0.0820321802066183
336,15,401472,occupancy,14,401469,flow,7,2.4192723524127185e-05,0.0004950855785136401,0.09459055161454907
336,15,401472,occupancy,14,401469,flow,8,0.00010602382060432861,0.0017808044518300918,0.0868735866273522
336,15,401472,occupancy,15,401472,flow,1,8.686961880250949e-152,5.686011412527894e-149,0.541603966903222
336,15,401472,occupancy,15,401472,flow,2,9.893178479114345e-32,1.8033135455600833e-29,0.2586953754314262
336,15,401472,occupancy,15,401472,flow,4,5.342772392451754e-20,5.9794758381843466e-18,-0.2034496205302131
336,15,401472,occupancy,15,401472,flow,5,0.0033666600240269584,0.029760530599133334,-0.06576486007080008
336,15,401472,occupancy,15,401472,flow,6,5.738382346638176e-07,1.7251086804089715e-05,0.11191061679834191
336,15,401472,occupancy,15,401472,flow,7,6.77865143728177e-07,2.005737959524469e-05,0.11119393340091806
336,15,401472,occupancy,15,401472,flow,8,0.0008097399182785804,0.009615383306661536,-0.07510048592314326
336,15,401472,occupancy,15,401472,flow,9,1.160227714521239e-40,2.469056023020568e-38,-0.29310654354143667
336,15,401472,occupancy,15,401472,flow,10,5.9265552599254425e-37,1.163759941948996e-34,-0.2793877541982153
336,15,401472,occupancy,15,401472,flow,12,1.34704166024165e-07,4.509604431054515e-06,0.11796859997185669
336,15,401472,occupancy,16,405838,flow,1,0.0005781947774917305,0.007323050057620083,0.07716165181267369
336,15,401472,occupancy,16,405838,flow,2,0.0004205524201333638,0.005643946738043279,0.07906585705525752
336,15,401472,occupancy,16,405838,flow,5,0.0015594217988490133,0.016295844632384465,0.07093969961931401
336,15,401472,occupancy,16,405838,flow,6,0.00016814547188464475,0.002626133183447814,0.08433332755400931
336,15,401472,occupancy,16,405838,flow,7,8.276339994986025e-09,3.27715754155267e-07,0.1288537094697628
336,15,401472,occupancy,16,405838,flow,8,3.3920701716601215e-05,0.0006647725904742638,0.0928776710625252
336,15,401472,occupancy,16,405838,flow,12,1.746823985289675e-05,0.00037046046227056436,0.09621425838075669
336,15,401472,occupancy,17,400260,flow,1,4.754472094342881e-17,4.217519393749742e-15,0.18678279959229713
336,15,401472,occupancy,17,400260,flow,2,6.943102700876264e-14,4.91708256848942e-12,0.1669711738698033
336,15,401472,occupancy,17,400260,flow,3,7.542917992596238e-07,2.2151873370506966e-05,0.11073203396286685
336,15,401472,occupancy,17,400260,flow,6,8.708504174866328e-05,0.0015102664807475927,0.08793712951856053
336,15,401472,occupancy,17,400260,flow,7,2.6372488363961273e-11,1.4294749025384278e-09,0.1488300280952802
336,15,401472,occupancy,17,400260,flow,8,0.0026323457214284256,0.024608815227376755,0.06745639222043079
336,15,401472,occupancy,17,400260,flow,12,0.004625019826130101,0.03799745875108083,0.06352524502469836
336,15,401472,occupancy,18,404528,flow,1,0.0004401215479129244,0.005859245260350796,0.07879631495878382
336,15,401472,occupancy,18,404528,flow,2,0.00012636525506908296,0.0020638862075555327,0.08591485718410426
336,15,401472,occupancy,18,404528,flow,12,0.002054719815084961,0.020354023391806995,0.06912352023133728
336,15,401472,occupancy,19,401795,flow,1,1.0209905666283574e-17,9.567633943241874e-16,0.1906926353376844
336,15,401472,occupancy,19,401795,flow,2,1.27044771716209e-14,9.528357878715675e-13,0.17180019252114265
336,15,401472,occupancy,19,401795,flow,7,6.150962561745716e-07,1.838903686279688e-05,0.11161247276524905
336,15,401472,occupancy,19,401795,flow,9,0.0032945533665141584,0.02923078772507941,-0.06591519224279455
336,15,401472,occupancy,19,401795,flow,10,2.663181323135105e-05,0.000538873223229211,-0.09410667804155917
336,15,401472,occupancy,19,401795,flow,12,6.332706052189301e-07,1.880226126835586e-05,0.11148720576880276
336,15,401472,speed,1,400125,flow,1,0.0005657618802768559,0.007188503890576522,-0.07729300524495647
336,15,401472,speed,4,400316,flow,11,0.00023058977984231072,0.003410297325980083,-0.08255293375341022
336,15,401472,speed,5,400503,flow,1,0.0050928904918849825,0.04105483658321165,-0.06283230245610896
336,15,401472,speed,6,405843,flow,1,2.9372907902623084e-06,7.612133062904993e-05,-0.10468505855284445
336,15,401472,speed,7,408093,flow,8,0.005346815959587323,0.04260882668403843,0.06247997218139333
336,15,401472,speed,8,401448,flow,12,5.534549443072174e-06,0.0001332046414165069,-0.10175106535528582
336,15,401472,speed,10,400497,flow,2,1.1139760459110526e-06,3.141237936250488e-05,0.10903034450461264
336,15,401472,speed,10,400497,flow,3,0.0032620016151920276,0.029007507158562287,0.06598404145260289
336,15,401472,speed,10,400497,flow,5,0.0058093297427563,0.04532473268684706,-0.06187532417907934
336,15,401472,speed,10,400497,flow,6,0.0024183066141042864,0.023006132069875614,-0.06803106202271628
336,15,401472,speed,10,400497,flow,8,0.0035567004282413663,0.031096834345279708,0.06538225349097221
336,15,401472,speed,10,400497,flow,9,0.004429548935420383,0.0367851814706191,0.0638337036330346
336,15,401472,speed,10,400497,flow,11,2.08950711886981e-08,7.967052739203513e-07,-0.12534229170877778
336,15,401472,speed,10,400497,flow,12,7.014548029729109e-05,0.0012552960848562448,-0.08909284246704033
336,15,401472,speed,12,404520,flow,3,0.0008456324306869488,0.009959465923030587,0.07483141560756286
336,15,401472,speed,12,404520,flow,11,1.2635107673687495e-05,0.000277779466413893,-0.09780425285411047
336,15,401472,speed,14,401469,flow,3,5.545214097382536e-05,0.0010309438685910232,-0.09033327459680453
336,15,401472,speed,14,401469,flow,7,3.605128571781923e-05,0.0007021711194814205,-0.09256581894827129
336,15,401472,speed,15,401472,flow,1,5.0367936590855364e-11,2.6567702817154474e-09,-0.14671701476080218
336,15,401472,speed,15,401472,flow,3,6.803944709418264e-05,0.001228806067921693,0.08925460686151206
336,15,401472,speed,15,401472,flow,4,7.676128553141152e-05,0.0013578549641232937,0.08861298232562231
336,15,401472,speed,15,401472,flow,8,0.0009521042534509833,0.010960721467775056,0.07409131272128086
336,15,401472,speed,15,401472,flow,9,3.8568439371871647e-08,1.413194725076213e-06,0.12296455046602171
336,15,401472,speed,15,401472,flow,11,2.0107027484380335e-08,7.685288222890007e-07,-0.12548996510247212
336,15,401472,speed,15,401472,flow,12,4.7870916866975655e-09,1.9695462939555698e-07,-0.13088608149683478
336,15,401472,speed,17,400260,flow,1,0.0016061519153542498,0.016683280294134066,-0.07074721952203768
336,15,401472,speed,17,400260,flow,6,4.8597432202170255e-05,0.000913978698795714,-0.09102279526289993
336,15,401472,speed,19,401795,flow,9,0.0051760846008743235,0.04150802182978383,0.06271515406847587
336,15,401472,speed,19,401795,flow,12,0.0008011180003469682,0.00952609348059153,-0.07516676616769734
336,16,405838,flow,3,400039,flow,5,0.0014554559924595883,0.0154031599397977,0.07138772024635644
336,16,405838,flow,4,400316,flow,4,0.0036153872718256144,0.03141917725666195,0.06526785417993544
336,16,405838,flow,4,400316,flow,6,0.0007101107820058994,0.008655977929643018,0.07590986037621682
336,16,405838,flow,6,405843,flow,1,0.0013736169249867044,0.014699096150464611,0.07174359081763948
336,16,405838,flow,7,408093,flow,9,0.0005594865574550284,0.0071318439899844275,-0.07736032733244536
336,16,405838,flow,8,401448,flow,1,0.004062619561491005,0.03452107888599752,0.06444760487531562
336,16,405838,flow,8,401448,flow,3,4.0520089760654684e-05,0.0007790244226347497,0.09196486815625753
336,16,405838,flow,8,401448,flow,5,0.005003502228258231,0.04045504328294134,0.06296011526946474
336,16,405838,flow,8,401448,flow,7,0.0012112991531196902,0.013372891238121803,0.07256830956303023
336,16,405838,flow,9,402391,flow,1,0.0004277669838119727,0.005724762608636066,0.07896514871370941
336,16,405838,flow,9,402391,flow,5,0.002364556702803946,0.022644391390186314,0.06818267046793827
336,16,405838,flow,10,400497,flow,4,0.002006844889547332,0.01998517732329293,0.06928036640074578
336,16,405838,flow,10,400497,flow,11,0.000902527983568873,0.010506388814383,0.07442584453442518
336,16,405838,flow,11,405841,flow,4,0.0036221383028536467,0.03147151542302444,-0.0652548027113748
336,16,405838,flow,11,405841,flow,8,0.004566362978490539,0.037639168225680454,-0.06361654801080364
336,16,405838,flow,13,400183,flow,8,0.0020906150978244513,0.020615058713995958,-0.0690081040228677
336,16,405838,flow,14,401469,flow,1,0.0003833705694992022,0.005236654228013632,0.07961192334121156
336,16,405838,flow,14,401469,flow,5,0.0013513983590795833,0.014522489828914926,0.071866681978302
336,16,405838,flow,14,401469,flow,6,0.003452482923518436,0.03038860274979552,0.06558970378340116
336,16,405838,flow,14,401469,flow,12,0.006416128941907634,0.048997131039492624,0.061144676509749994
336,16,405838,flow,15,401472,flow,2,0.0026021425400065603,0.024410978876934507,-0.06753483719391443
336,16,405838,flow,15,401472,flow,6,6.775173397717191e-05,0.0012241216678435076,0.08927707267702498
336,16,405838,flow,15,401472,flow,11,0.005326961299898775,0.0424822896777592,0.06250697072455097
336,16,405838,flow,16,405838,flow,1,3.4364832440519576e-118,1.855700951788057e-115,0.48579810907532084
336,16,405838,flow,16,405838,flow,2,1.6935927129070453e-19,1.829080129939609e-17,0.20072119735269534
336,16,405838,flow,16,405838,flow,3,1.720020309221983e-19,1.8529894603089695e-17,0.2006843107733023
336,16,405838,flow,16,405838,flow,4,1.7225002928180831e-15,1.393483382953955e-13,0.17730851867375486
336,16,405838,flow,16,405838,flow,5,3.580848618806578e-18,3.5077700755656276e-16,0.19330821086001174
336,16,405838,flow,16,405838,flow,6,9.302980344949401e-12,5.301962412952693e-10,0.15217089715848728
336,16,405838,flow,16,405838,flow,7,7.834095840924134e-06,0.00018293042624831357,0.10010747492783252
336,16,405838,flow,16,405838,flow,8,2.496205284392903e-08,9.393385739178868e-07,0.1246569259779261
336,16,405838,flow,16,405838,flow,9,6.007717460284256e-08,2.1273229039695073e-06,0.12121697178394018
336,16,405838,flow,16,405838,flow,10,0.006224740312818408,0.04773949445516901,0.06136815905931545
336,16,405838,flow,16,405838,flow,11,0.000815145475012654,0.009663634610468345,0.07505926412437643
336,16,405838,flow,16,405838,flow,12,6.159072593540374e-07,1.840054882717456e-05,0.11160680737365149
336,16,405838,occupancy,0,400593,flow,3,7.939001808194666e-05,0.0013930336235337514,0.08843309448337788
336,16,405838,occupancy,2,400331,flow,2,0.003833761916017749,0.03299830937875408,0.06485648846446737
336,16,405838,occupancy,2,400331,flow,12,0.0020759398305138723,0.02050310943717405,0.06905506908480127
336,16,405838,occupancy,3,400039,flow,5,0.00035692382745234106,0.004942022226263184,0.08003130961096569
336,16,405838,occupancy,4,400316,flow,4,0.0004991188347517332,0.006463409370885754,0.07804649486049578
336,16,405838,occupancy,4,400316,flow,9,0.0006795324321561041,0.008361094010009599,0.0761795018915885
336,16,405838,occupancy,4,400316,flow,10,0.00036240462525557543,0.005003477088859335,0.07994206477928902
336,16,405838,occupancy,5,400503,flow,7,0.00011693115325071482,0.0019391269944072477,0.086339891492832
336,16,405838,occupancy,5,400503,flow,8,0.0002550695908196914,0.0037113527529170328,0.08197677605550593
336,16,405838,occupancy,5,400503,flow,12,5.1191584549958925e-05,0.0009602589893869847,0.09075161468640722
336,16,405838,occupancy,6,405843,flow,3,0.0004626059554481373,0.006076186462559906,0.07850008731550716
336,16,405838,occupancy,6,405843,flow,4,0.00010592371524363599,0.0017805075869747374,0.0868787204863686
336,16,405838,occupancy,8,401448,flow,7,0.00010155113657886933,0.00171904745305923,0.08710755324465586
336,16,405838,occupancy,8,401448,flow,8,0.0017639051286884382,0.017925359105937552,0.07013342586429118
336,16,405838,occupancy,8,401448,flow,9,9.91792713431944e-05,0.0016835145469650287,0.08723559939832082
336,16,405838,occupancy,10,400497,flow,3,0.0008896484336088194,0.010370429663222071,0.07451553672334847
336,16,405838,occupancy,10,400497,flow,4,1.098273869532132e-07,3.7329214133586235e-06,0.11879810068936485
336,16,405838,occupancy,10,400497,flow,9,3.700053205567241e-05,0.00071839235272137,0.0924324737988798
336,16,405838,occupancy,10,400497,flow,10,0.00015463337869649983,0.002447842418354266,0.08479991253176392
336,16,405838,occupancy,11,405841,flow,5,0.0012742895336953196,0.013894323032720295,0.07224405780411854
336,16,405838,occupancy,12,404520,flow,4,2.7635347249106397e-06,7.21734270028499e-05,0.10496336813550376
336,16,405838,occupancy,12,404520,flow,5,0.00177641913592185,0.018031322056349604,0.07008692187054309
336,16,405838,occupancy,12,404520,flow,10,0.0006555632991455679,0.008107739628711289,0.07639886208674114
336,16,405838,occupancy,13,400183,flow,5,0.004705615226108715,0.038529677363134285,0.06340148742840013
336,16,405838,occupancy,14,401469,flow,4,0.00020499249363774446,0.003119294020834998,0.08322030985495378
336,16,405838,occupancy,14,401469,flow,5,5.100567126011641e-06,0.00012462924199304462,0.1021337057893796
336,16,405838,occupancy,15,401472,flow,1,5.9179683579988604e-05,0.0010893684141437905,-0.08999151716163417
336,16,405838,occupancy,15,401472,flow,2,8.954414174652215e-05,0.001544234300778346,-0.0877873405737863
336,16,405838,occupancy,15,401472,flow,4,0.0046153577661586145,0.037963338822934525,0.06354021226250561
336,16,405838,occupancy,15,401472,flow,5,0.0005656797902791265,0.007188503890576522,0.07729388141695752
336,16,405838,occupancy,15,401472,flow,9,4.126793725344685e-05,0.0007919923986445596,0.09187049042468337
336,16,405838,occupancy,15,401472,flow,10,7.2747539804564505e-06,0.0001712639629186478,0.10045997725780263
336,16,405838,occupancy,15,401472,flow,11,0.0010181438353505353,0.01161748908799343,0.07366989433954704
336,16,405838,occupancy,16,405838,flow,1,2.6662085616152148e-05,0.000539233192236785,-0.09410094137514145
336,16,405838,occupancy,16,405838,flow,2,3.1758461975598225e-08,1.1766428450650458e-06,0.12372303302023056
336,16,405838,occupancy,16,405838,flow,3,6.099228692592774e-10,2.8546769178765748e-08,0.13827086952799297
336,16,405838,occupancy,16,405838,flow,4,4.274748625672083e-14,3.0625064780934326e-12,0.16836474837575888
336,16,405838,occupancy,16,405838,flow,5,1.3136411281275365e-10,6.629590740082894e-09,0.1435292062218571
336,16,405838,occupancy,16,405838,flow,6,1.0108659686907881e-06,2.880567931889317e-05,0.10945660162201577
336,16,405838,occupancy,16,405838,flow,7,6.906868945811458e-05,0.0012416843048649812,0.08917496820008335
336,16,405838,occupancy,16,405838,flow,8,1.5527211116779693e-07,5.159811694191406e-06,0.11738794551080782
336,16,405838,occupancy,16,405838,flow,9,3.2718860955614626e-07,1.0333065100123327e-05,0.11429565036941038
336,16,405838,occupancy,16,405838,flow,10,0.004651407336810288,0.03817989681744337,0.06348451251924009
336,16,405838,occupancy,16,405838,flow,11,5.39363625805324e-06,0.0001305350623797759,0.10187206178014961
336,16,405838,occupancy,16,405838,flow,12,8.449580559086693e-05,0.0014706763906226637,0.08809922444911565
336,16,405838,occupancy,17,400260,flow,1,0.006261496006215475,0.047979604495861014,0.061324764776291715
336,16,405838,occupancy,17,400260,flow,3,0.00047449771327080634,0.006200333095371698,0.07834880208522513
336,16,405838,occupancy,17,400260,flow,4,2.602690885522345e-08,9.751625867698638e-07,0.12449540469045804
336,16,405838,occupancy,17,400260,flow,5,0.0020189536146981053,0.020072393038354997,0.06924037470023692
336,16,405838,occupancy,19,401795,flow,4,0.0012353177532582079,0.01354460074638441,0.07244287453942468
336,16,405838,occupancy,19,401795,flow,5,0.006074298559259674,0.04690684411470701,0.061548210418811436
336,16,405838,speed,0,400593,flow,3,0.0027511554253778422,0.025455111239306657,-0.06715558495049989
336,16,405838,speed,0,400593,flow,4,0.00195658551306531,0.019547755357174238,-0.06944876042008624
336,16,405838,speed,7,408093,flow,3,7.782287232421738e-05,0.0013739060418496898,-0.08853964618961446
336,16,405838,speed,7,408093,flow,7,0.0038110887275328827,0.03284896908009189,-0.06489819489033258
336,16,405838,speed,8,401448,flow,7,0.005477932114169746,0.04337365603594814,-0.06230391715467957
336,16,405838,speed,8,401448,flow,9,9.821587563167808e-05,0.001670443239089958,-0.08728843540547153
336,16,405838,speed,17,400260,flow,4,0.000989257615915092,0.011332784144134706,-0.0738510179692895
336,17,400260,flow,0,400593,flow,4,0.0029887814639512713,0.027113683167302588,0.06658794126694915
336,17,400260,flow,0,400593,flow,7,0.0005249868080274446,0.006755862408932263,0.07774349232509055
336,17,400260,flow,0,400593,flow,12,0.0004058864957897191,0.005489760995026884,0.07927564805846848
336,17,400260,flow,1,400125,flow,1,0.0037700467576874306,0.032547166253416665,0.06497426631219334
336,17,400260,flow,1,400125,flow,12,0.0002226745374030427,0.0033161039362545803,0.0827515493857887
336,17,400260,flow,2,400331,flow,10,0.005545546965069174,0.04380257159653074,0.062214608402117046
336,17,400260,flow,3,400039,flow,11,0.0004415616193524059,0.005871179426292377,0.07877692391161717
336,17,400260,flow,3,400039,flow,12,0.003457293907436367,0.030418553320010398,0.06558000269179533
336,17,400260,flow,4,400316,flow,10,0.0034613712352000677,0.030429164481023237,0.06557179058571619
336,17,400260,flow,5,400503,flow,1,9.286227337968828e-09,3.663607497719209e-07,0.1284222971883901
336,17,400260,flow,5,400503,flow,8,0.0001407014449872222,0.0022538687575053857,0.08532300537937164
336,17,400260,flow,5,400503,flow,11,0.000204730925687451,0.003116411553804751,0.08322752502782305
336,17,400260,flow,6,405843,flow,1,2.0120511527982865e-08,7.685288222890007e-07,0.12548739141344295
336,17,400260,flow,6,405843,flow,2,0.004271407346536847,0.0357883625621396,0.06409241197144752
336,17,400260,flow,6,405843,flow,5,2.6449587702041553e-05,0.0005361906094454224,0.0941413415502683
336,17,400260,flow,6,405843,flow,10,0.0011507205309155373,0.012822060081390562,0.07289517602907754
336,17,400260,flow,7,408093,flow,2,0.0003121002206889181,0.00442201690185676,0.08081340442262479
336,17,400260,flow,7,408093,flow,4,0.0037187647160826366,0.03216872962250098,0.06507038183758185
336,17,400260,flow,8,401448,flow,11,0.0013898058929126826,0.014820936700525275,0.07168606322022515
336,17,400260,flow,8,401448,flow,12,0.0006070893985201303,0.007626399846497322,0.07686625252406154
336,17,400260,flow,9,402391,flow,6,1.3873934951468422e-07,4.6317928122367525e-06,0.11784821644265323
336,17,400260,flow,10,400497,flow,2,8.064262987485404e-06,0.0001873997638834693,-0.09996936110455255
336,17,400260,flow,10,400497,flow,5,2.6780496119263717e-06,7.015872846283763e-05,0.10510651001271169
336,17,400260,flow,10,400497,flow,10,2.167036104938657e-15,1.7304243943317926e-13,0.17668464891645574
336,17,400260,flow,10,400497,flow,11,3.202250871882084e-14,2.328909725005152e-12,0.16918914524515408
336,17,400260,flow,10,400497,flow,12,2.2566260554627657e-06,5.951541245176525e-05,0.10588327177801925
336,17,400260,flow,11,405841,flow,5,0.00027835486783654045,0.0040123224192654475,0.08147494987549263
336,17,400260,flow,11,405841,flow,6,0.0005825618582390903,0.007373768612929593,0.07711613668719862
336,17,400260,flow,11,405841,flow,8,0.0016123906278314043,0.01672395561160064,0.07072191331195048
336,17,400260,flow,11,405841,flow,10,0.0046235203733857345,0.03799745875108083,0.06352756593089931
336,17,400260,flow,12,404520,flow,2,0.00018996915874765064,0.002916370880560948,-0.08364943096029685
336,17,400260,flow,12,404520,flow,5,0.0004935346786509363,0.006403429377750168,0.07811382079038971
336,17,400260,flow,12,404520,flow,6,0.004495395268008799,0.037167982127420056,0.06372844349334736
336,17,400260,flow,12,404520,flow,10,1.3349321856684153e-05,0.00029184752237285187,0.09753603924568463
336,17,400260,flow,12,404520,flow,11,0.00028259272141993396,0.004062564248033659,0.08138787129904179
336,17,400260,flow,13,400183,flow,10,0.0028143001670841348,0.025884131832666517,0.06700050718542196
336,17,400260,flow,14,401469,flow,1,1.1378780100073853e-07,3.849360221794757e-06,0.11865457740814465
336,17,400260,flow,14,401469,flow,11,0.00048336995674251707,0.006293424391584309,0.07823821556513073
336,17,400260,flow,15,401472,flow,2,0.00018699819146999306,0.0028840849237785435,-0.08373805364795792
336,17,400260,flow,15,401472,flow,3,8.50736058722894e-09,3.365549243299361e-07,-0.12875067666226225
336,17,400260,flow,15,401472,flow,10,7.896634638339407e-10,3.648498570869117e-08,0.1373666744276692
336,17,400260,flow,15,401472,flow,11,2.920847879026434e-14,2.127835217098515e-12,0.16945077898151786
336,17,400260,flow,15,401472,flow,12,5.282614607830939e-11,2.7830359885158114e-09,0.1465601921662949
336,17,400260,flow,16,405838,flow,1,0.0004561043778761626,0.00601026570884823,0.07858433945594884
336,17,400260,flow,17,400260,flow,1,9.504171073356605e-105,4.56200211521117e-102,0.46016022329294787
336,17,400260,flow,17,400260,flow,2,1.8630755185080032e-26,2.895138935235458e-24,0.2355610083297925
336,17,400260,flow,17,400260,flow,3,2.301485465662607e-05,0.00047301762083402346,0.09484107804315144
336,17,400260,flow,17,400260,flow,5,5.727693890174554e-06,0.00013693213948840106,0.10158992230801388
336,17,400260,flow,17,400260,flow,6,6.671456132193269e-05,0.001207402199039586,0.08935881503362707
336,17,400260,flow,17,400260,flow,11,6.952285031417698e-13,4.4693260916256634e-11,0.16014246506028465
336,17,400260,flow,18,404528,flow,1,0.004321358764975604,0.03612281320567842,0.06400977054843124
336,17,400260,flow,19,401795,flow,1,6.031379623361379e-47,1.431624174336327e-44,0.3147654991444801
336,17,400260,flow,19,401795,flow,2,1.207954718877636e-09,5.469983632653446e-08,-0.1358655393673163
336,17,400260,flow,19,401795,flow,3,1.5265318093004115e-12,9.475025023243933e-11,-0.15779659374017566
336,17,400260,flow,19,401795,flow,4,0.0012839241355291778,0.013960614813707646,-0.07219577176333715
336,17,400260,flow,19,401795,flow,11,0.0002949360023676953,0.004209195673037475,0.08114103779687847
336,17,400260,flow,19,401795,flow,12,4.296672891951675e-08,1.5571834641972514e-06,0.12254095720037056
336,17,400260,occupancy,0,400593,flow,7,0.0017438458083370977,0.017805279820411867,0.07020860553952625
336,17,400260,occupancy,1,400125,flow,4,7.229990315343845e-05,0.001287450872311847,-0.08893204416530534
336,17,400260,occupancy,3,400039,flow,5,0.00077952932185295,0.009320693801286311,-0.07533567475293097
336,17,400260,occupancy,4,400316,flow,11,0.0032874671818186084,0.029179901839852862,0.06593012711988734
336,17,400260,occupancy,5,400503,flow,1,0.001471309311958457,0.015521504829451853,0.07131753617143098
336,17,400260,occupancy,5,400503,flow,4,0.004160654768298032,0.03514671216082811,-0.06427881443744413
336,17,400260,occupancy,6,405843,flow,1,5.725530949909279e-06,0.00013693213948840106,0.10159169792317126
336,17,400260,occupancy,6,405843,flow,9,0.0005788090264364889,0.007328414402712872,-0.07715523062192181
336,17,400260,occupancy,8,401448,flow,12,0.000818762250743968,0.009701187392248881,0.07503182452923142
336,17,400260,occupancy,9,402391,flow,6,0.0002669108808920107,0.0038654207356804767,0.08171645412187895
336,17,400260,occupancy,10,400497,flow,2,2.6904610349512098e-08,1.0063023091765564e-06,-0.12436701883600883
336,17,400260,occupancy,10,400497,flow,3,0.0025116671913481474,0.02371667905012125,-0.06777490481315207
336,17,400260,occupancy,10,400497,flow,5,4.96421748271002e-05,0.0009327222651276581,0.09091197111600943
336,17,400260,occupancy,10,400497,flow,9,8.375589671438579e-07,2.4316228078370066e-05,-0.11027750044935948
336,17,400260,occupancy,10,400497,flow,11,5.081724580529551e-08,1.8188111174720513e-06,0.12187989053122383
336,17,400260,occupancy,10,400497,flow,12,2.539943246688642e-09,1.0863915669004886e-07,0.13320074985498173
336,17,400260,occupancy,12,404520,flow,3,0.004340411974819737,0.0362470128189083,-0.06397847610282574
336,17,400260,occupancy,12,404520,flow,6,0.006123170846733905,0.047168505809362465,0.06148928332365431
336,17,400260,occupancy,12,404520,flow,11,0.001043509126485972,0.011856810695474486,0.07351472511339234
336,17,400260,occupancy,14,401469,flow,1,1.4760152704316559e-06,4.056225170651878e-05,0.10778628448600391
336,17,400260,occupancy,14,401469,flow,10,0.0008733883146785261,0.01022503392794372,-0.07463050460125324
336,17,400260,occupancy,15,401472,flow,1,0.00517697272265915,0.04150802182978383,0.06271391267349646
336,17,400260,occupancy,15,401472,flow,3,1.3763994975785375e-09,6.20025633945702e-08,-0.13540123104477586
336,17,400260,occupancy,15,401472,flow,6,0.0007939524780432129,0.009459113913807722,0.07522235574657168
336,17,400260,occupancy,15,401472,flow,10,0.001010580793551519,0.011550597502668401,0.07371685252258908
336,17,400260,occupancy,15,401472,flow,11,1.5351855527858423e-08,5.953322789977414e-07,0.12652172806299225
336,17,400260,occupancy,15,401472,flow,12,2.8641567834170844e-10,1.3840220698391282e-08,0.14088406367478684
336,17,400260,occupancy,16,405838,flow,1,6.898898602626548e-05,0.001240767775326673,0.08918109511779838
336,17,400260,occupancy,16,405838,flow,5,0.0005653012389330577,0.0071868786115091505,0.07729792334434508
336,17,400260,occupancy,16,405838,flow,7,0.00021097478796726295,0.003186747120173169,0.08305760805272774
336,17,400260,occupancy,17,400260,flow,1,0.001317639027468484,0.014251879315633077,0.07202939265468383
336,17,400260,occupancy,17,400260,flow,2,4.363367724786312e-05,0.0008278326118171659,-0.09158226484922576
336,17,400260,occupancy,17,400260,flow,11,0.004547550067029382,0.037498408645861674,-0.0636460563362975
336,17,400260,occupancy,19,401795,flow,2,1.3597451756976482e-09,6.131627514628226e-08,-0.13544459660868474
336,17,400260,occupancy,19,401795,flow,3,1.8598355759682916e-18,1.864150739717638e-16,-0.19492485347639144
336,17,400260,occupancy,19,401795,flow,4,2.187311532232072e-08,8.317945263417738e-07,-0.12516635147829222
336,17,400260,occupancy,19,401795,flow,5,0.0001944256524584338,0.0029763246584707088,-0.08351890651663603
336,17,400260,occupancy,19,401795,flow,10,5.326560698699359e-07,1.605774055713973e-05,-0.11222956156505794
336,17,400260,occupancy,19,401795,flow,12,0.0007489695814835998,0.009017007974066772,0.07558234579269657
336,17,400260,speed,1,400125,flow,4,0.003491279781373169,0.030642683168492668,0.0655118196065885
336,17,400260,speed,2,400331,flow,10,0.00027327902371784726,0.003951022029655623,-0.08158089627678071
336,17,400260,speed,6,405843,flow,1,0.0002469367831766124,0.003606378983512392,-0.08216221326945505
336,17,400260,speed,6,405843,flow,2,0.0008911125918475183,0.010384694892854813,-0.07450528006915222
336,17,400260,speed,8,401448,flow,12,0.003096420046555114,0.027844576605158395,-0.06634424950553447
336,17,400260,speed,10,400497,flow,11,0.0005627320421233504,0.007161225434935583,-0.07732542231794926
336,17,400260,speed,16,405838,flow,3,0.0030096857363284715,0.027274685086928877,-0.06653999525574786
336,17,400260,speed,17,400260,flow,1,0.0003049626688880959,0.004332254947703302,-0.08094754757613071
336,17,400260,speed,19,401795,flow,3,0.0003611001885451986,0.004988656266438305,0.079963190225247
336,17,400260,speed,19,401795,flow,10,0.0038817190956896993,0.033338024837732606,0.06476900584827291
336,17,400260,speed,19,401795,flow,12,0.005739759891501377,0.044944286262979784,-0.06196343674761357
336,18,404528,flow,0,400593,flow,7,0.00390132663618784,0.03347592165856681,0.06473352042501906
336,18,404528,flow,1,400125,flow,12,0.0022956288332522923,0.022121607315748165,0.06838177307252134
336,18,404528,flow,3,400039,flow,1,1.0000106557939541e-13,7.0130617419316256e-12,0.16587376260070993
336,18,404528,flow,3,400039,flow,12,0.00020573018768153665,0.0031270840905801853,0.08320000752422826
336,18,404528,flow,4,400316,flow,3,0.005171259802413727,0.041485315406550226,0.06270612759835198
336,18,404528,flow,4,400316,flow,5,4.3937491854946266e-06,0.0001088984307592472,0.10280345278667362
336,18,404528,flow,4,400316,flow,7,0.0005724465067592847,0.0072584940099797764,0.07722205220166607
336,18,404528,flow,5,400503,flow,1,0.0004272301783489952,0.005719350388805885,0.07897258721853424
336,18,404528,flow,5,400503,flow,5,0.0004640083869433345,0.006092754503328891,0.0784820584315118
336,18,404528,flow,5,400503,flow,9,2.2555412110401563e-05,0.00046488253968003223,0.09494211837394848
336,18,404528,flow,5,400503,flow,11,4.5834168515818466e-07,1.4022918412771656e-05,0.1128704657108439
336,18,404528,flow,6,405843,flow,6,0.0035835228960507046,0.0312743816382607,0.0653297567382987
336,18,404528,flow,6,405843,flow,12,0.0037947686199793235,0.0327344257953488,0.06492835475076673
336,18,404528,flow,7,408093,flow,2,0.00048541698570431105,0.0063140219388042994,0.07821296947440765
336,18,404528,flow,7,408093,flow,4,0.0030734743291324124,0.027714767024724366,0.06639554347499267
336,18,404528,flow,7,408093,flow,5,0.00015022042803356154,0.002386731331757947,0.08496063191808392
336,18,404528,flow,7,408093,flow,6,0.00015391919033189266,0.0024383238072379037,0.08482562823933258
336,18,404528,flow,9,402391,flow,1,0.0035829755391111272,0.0312743816382607,0.06533082444643046
336,18,404528,flow,9,402391,flow,2,0.0063110808992833025,0.04829737729832394,0.06126658579426871
336,18,404528,flow,9,402391,flow,5,0.00022463628631388453,0.0033382482176676337,0.08270171366376777
336,18,404528,flow,9,402391,flow,6,0.0016598164522438096,0.017117228631399518,0.07053243086000792
336,18,404528,flow,9,402391,flow,7,0.006204972788543123,0.047628788995213736,0.06139159228435738
336,18,404528,flow,9,402391,flow,8,0.00024397062641439207,0.003573534071982817,0.08223127239068216
336,18,404528,flow,9,402391,flow,10,0.00015064304251193047,0.002391686672736272,0.08494504936025662
336,18,404528,flow,9,402391,flow,11,4.649721655148833e-06,0.00011471614820241551,0.10256573055330999
336,18,404528,flow,9,402391,flow,12,0.00033827280159486305,0.004724663766213412,0.0803449114544086
336,18,404528,flow,10,400497,flow,2,0.006348937242306823,0.04854408652524863,0.061222444263097205
336,18,404528,flow,10,400497,flow,4,0.002791148596537897,0.025734813622170033,0.0670569931671443
336,18,404528,flow,10,400497,flow,5,8.900900363485106e-05,0.001536846105925486,0.0878196034685639
336,18,404528,flow,10,400497,flow,9,0.0021443305000191358,0.02102475660481767,0.06883873782673242
336,18,404528,flow,10,400497,flow,10,3.437799887986454e-07,1.0808803141267452e-05,0.11408757962104182
336,18,404528,flow,10,400497,flow,11,4.9841574526394354e-14,3.553062738515241e-12,0.16792488044062592
336,18,404528,flow,10,400497,flow,12,1.847001335445247e-05,0.00038903197314107594,0.09593804466938126
336,18,404528,flow,11,405841,flow,10,3.9525547239080614e-05,0.0007626188658902556,0.0920929705672484
336,18,404528,flow,12,404520,flow,5,7.063887573433026e-05,0.0012609915007120113,0.08905560912962704
336,18,404528,flow,12,404520,flow,7,6.485684829843633e-10,3.022455066334897e-08,0.13805632312420607
336,18,404528,flow,12,404520,flow,8,0.0008052985595718731,0.009565272964944986,0.0751345463107023
336,18,404528,flow,12,404520,flow,9,7.133116165395509e-05,0.0012719847604015407,0.08900377917227811
336,18,404528,flow,12,404520,flow,10,0.0005863358297455845,0.007411134395407355,0.07707705809972186
336,18,404528,flow,12,404520,flow,11,0.00011783435275174711,0.0019528492040797514,0.0862978271171094
336,18,404528,flow,13,400183,flow,2,0.0011462979956721017,0.012789275158325102,0.07291965701440357
336,18,404528,flow,13,400183,flow,11,1.609655545148093e-05,0.00034509736749576976,0.09661799995017731
336,18,404528,flow,15,401472,flow,1,0.001691242610163153,0.017383221689043115,0.07040959598509432
336,18,404528,flow,15,401472,flow,10,2.2326043710914668e-07,7.213800211754029e-06,0.11589121821062841
336,18,404528,flow,15,401472,flow,11,1.5032050075675156e-18,1.5137169306973583e-16,0.19544717379514198
336,18,404528,flow,15,401472,flow,12,4.474747736206802e-15,3.470540434544593e-13,0.17469916146498535
336,18,404528,flow,17,400260,flow,1,7.923351405814914e-07,2.3190296797507066e-05,0.11051866753579824
336,18,404528,flow,17,400260,flow,4,0.005131583967121074,0.041235942592937204,0.06277760357901667
336,18,404528,flow,17,400260,flow,7,0.0003895575724797035,0.005310218091295713,0.07951772033065978
336,18,404528,flow,17,400260,flow,10,0.0004674870090876925,0.006127256915227038,0.07843755753502353
336,18,404528,flow,17,400260,flow,12,3.112006859105753e-05,0.0006152800746607256,0.09331716703823238
336,18,404528,flow,18,404528,flow,1,6.150379153910796e-114,3.1630521362969806e-111,0.477845562574509
336,18,404528,flow,18,404528,flow,2,1.831245621270809e-21,2.241071128580707e-19,0.21116051320990917
336,18,404528,flow,18,404528,flow,3,3.4816302724788325e-05,0.0006802642594802604,0.09274437968401093
336,18,404528,flow,18,404528,flow,4,0.002491226643531201,0.02356492029790845,0.06783023500238063
336,18,404528,flow,18,404528,flow,5,7.596080411466659e-05,0.0013465353868500603,0.08866891735179455
336,18,404528,flow,18,404528,flow,8,0.00013558171341416446,0.0021861002701217603,0.08552756409286862
336,18,404528,flow,19,401795,flow,1,3.647739082082069e-05,0.0007091913966964239,0.09250555489491434
336,18,404528,flow,19,401795,flow,2,0.0007339417093725804,0.008880799366259103,0.07570709258130073
336,18,404528,flow,19,401795,flow,5,2.205602318451793e-05,0.0004554589873667183,0.09505418815188349
336,18,404528,flow,19,401795,flow,7,0.0038249640485831815,0.03294884285120507,0.06487264513352599
336,18,404528,flow,19,401795,flow,10,0.0056122748554975135,0.04417020837265305,0.062127428713828384
336,18,404528,flow,19,401795,flow,11,3.504211570558034e-09,1.479784358241516e-07,0.13203039193050894
336,18,404528,flow,19,401795,flow,12,1.1642797196130267e-09,5.29440883024029e-08,0.1359962370989991
336,18,404528,occupancy,0,400593,flow,2,0.0031012073923846243,0.027864425821758687,0.06633359132384178
336,18,404528,occupancy,2,400331,flow,11,0.003310559175305973,0.029354711899264783,0.06588156563888309
336,18,404528,occupancy,5,400503,flow,2,0.00020569997601172462,0.0031270840905801853,0.08320083764708659
336,18,404528,occupancy,5,400503,flow,11,0.003911982847558825,0.03353793590286589,0.06471430281515828
336,18,404528,occupancy,9,402391,flow,12,0.0011461438442054305,0.012789275158325102,0.07292051189365083
336,18,404528,occupancy,10,400497,flow,10,0.0004315382112230965,0.005762735927306884,0.0789131350489533
336,18,404528,occupancy,11,405841,flow,1,0.0028953589960089886,0.02646065340122452,0.06680602275680637
336,18,404528,occupancy,14,401469,flow,2,0.0036002347797094393,0.031337929172566545,0.06529722865347089
336,18,404528,occupancy,15,401472,flow,11,0.004863758790421168,0.03953233861640536,0.06316412409682312
336,18,404528,occupancy,16,405838,flow,5,0.00018114256369278637,0.0028027789224671818,0.08391666575882438
336,18,404528,occupancy,17,400260,flow,1,0.0056070584980659,0.04414523913184744,0.06213421009526563
336,18,404528,speed,10,400497,flow,7,0.006097351039371684,0.047011523273399386,0.061520362242707696
336,19,401795,flow,1,400125,flow,1,0.0009591337664204187,0.011031570476400982,0.07404519040876505
336,19,401795,flow,1,400125,flow,11,4.466478862836728e-05,0.0008462802055901169,0.09146125080545547
336,19,401795,flow,1,400125,flow,12,1.5617598537590046e-09,6.955466565194742e-08,0.1349503577745752
336,19,401795,flow,3,400039,flow,1,0.0005041812242455935,0.006519194518829583,0.07798606342046382
336,19,401795,flow,3,400039,flow,11,1.5314079728806296e-05,0.0003299949353185629,0.09686325356139956
336,19,401795,flow,3,400039,flow,12,0.0048059580297779335,0.03916570211024462,0.06325005899015924
336,19,401795,flow,4,400316,flow,6,5.0542153020509436e-05,0.0009489009172038278,0.09081826043691957
336,19,401795,flow,4,400316,flow,11,0.0029847686289746988,0.027100043037349093,0.06659718005999397
336,19,401795,flow,5,400503,flow,1,3.0920630065648737e-08,1.148556508027537e-06,0.12382705918363728
336,19,401795,flow,5,400503,flow,2,0.0013934992887025368,0.014856655792682524,0.07166893756974192
336,19,401795,flow,5,400503,flow,3,0.0055531992886520025,0.043825029095682595,0.06220456280813709
336,19,401795,flow,5,400503,flow,5,4.658532237175579e-06,0.00011486791817693209,0.1025569103246962
336,19,401795,flow,5,400503,flow,7,0.0032443567625019924,0.02890414768820088,0.06602162336736848
336,19,401795,flow,5,400503,flow,8,7.911336409976858e-05,0.0013897664625487193,0.08845175919024066
336,19,401795,flow,5,400503,flow,11,0.000649041538240411,0.008036283878471124,0.07645983743586843
336,19,401795,flow,5,400503,flow,12,7.248317197918734e-05,0.001289651165362806,0.08891857543157482
336,19,401795,flow,6,405843,flow,1,7.407749152412552e-08,2.58284716210026e-06,0.12038238659270975
336,19,401795,flow,6,405843,flow,4,0.0012126964155352523,0.013384896563904675,0.07256094986436311
336,19,401795,flow,6,405843,flow,11,0.0006149429481365945,0.007697923894378697,0.07678822389025326
336,19,401795,flow,7,408093,flow,1,9.88923955633906e-07,2.8311143063873255e-05,0.10955269126007246
336,19,401795,flow,7,408093,flow,2,0.0036136742467156122,0.0314106091465019,0.06527116941819376
336,19,401795,flow,7,408093,flow,3,0.00039576046016390513,0.005371301250103896,0.07942466759156985
336,19,401795,flow,7,408093,flow,4,0.003909856639845923,0.03353301704215682,0.06471813346035463
336,19,401795,flow,7,408093,flow,6,0.004071127924575031,0.03457977316980758,0.06443281020401669
336,19,401795,flow,7,408093,flow,8,0.0013661830652108397,0.014642433074356979,0.07179660069294871
336,19,401795,flow,9,402391,flow,1,2.9450373475748795e-05,0.0005860230926542367,0.09359742066281589
336,19,401795,flow,9,402391,flow,6,0.0011115603902989162,0.01247905635678617,0.07311503945957365
336,19,401795,flow,9,402391,flow,9,0.0024466191239801015,0.023204428317893162,0.06795243809952248
336,19,401795,flow,10,400497,flow,2,0.0006893571134573482,0.00846269602198279,-0.07609165951404272
336,19,401795,flow,10,400497,flow,5,4.946244066946995e-07,1.5016004475903738e-05,0.1125459583604041
336,19,401795,flow,10,400497,flow,6,0.00021591857981242193,0.0032387786971863285,0.08292638558345217
336,19,401795,flow,10,400497,flow,10,3.4534423593577603e-14,2.4947944803387164e-12,0.16897402750091614
336,19,401795,flow,10,400497,flow,11,7.80553631961279e-21,9.18798825632895e-19,0.20791400615535377
336,19,401795,flow,10,400497,flow,12,1.7699469154114265e-09,7.786324515862894e-08,0.1345023163225791
336,19,401795,flow,11,405841,flow,6,0.0027917864380007803,0.025734813622170033,0.06705543122183642
336,19,401795,flow,11,405841,flow,8,0.0011718813923945449,0.013020904359939387,0.07277922923919461
336,19,401795,flow,11,405841,flow,10,0.00014180023139958475,0.002268803702393356,0.08528001787282606
336,19,401795,flow,12,404520,flow,2,9.450090313532344e-06,0.0002163454698169567,-0.09920978544684046
336,19,401795,flow,12,404520,flow,3,0.001721562437930501,0.017627754756719044,-0.07029305799118468
336,19,401795,flow,12,404520,flow,6,5.671377220181667e-09,2.3113537350174342e-07,0.13026015102560254
336,19,401795,flow,12,404520,flow,10,0.00013189858894110484,0.00214211242190065,0.08567927087747147
336,19,401795,flow,12,404520,flow,11,4.105122163678496e-06,0.00010227293971794177,0.10314457485080926
336,19,401795,flow,13,400183,flow,3,0.005973534088088168,0.04626329734768893,0.061671065164338595
336,19,401795,flow,13,400183,flow,11,0.003727480230358572,0.03223583375837362,0.06505396218082975
336,19,401795,flow,14,401469,flow,1,0.002578004205570562,0.0242266220754075,0.0675981306435764
336,19,401795,flow,15,401472,flow,2,0.0018922294285754302,0.01901472698638255,-0.06967027675459697
336,19,401795,flow,15,401472,flow,3,7.247131753420555e-13,4.645045871628606e-11,-0.16005722134250905
336,19,401795,flow,15,401472,flow,4,1.0196883244785531e-05,0.00023026939685035806,-0.09884354387046526
336,19,401795,flow,15,401472,flow,10,3.189803967370736e-06,8.18773210875911e-05,0.10430752609861081
336,19,401795,flow,15,401472,flow,11,4.436465934814671e-14,3.1731014633111555e-12,0.16825847620186762
336,19,401795,flow,15,401472,flow,12,1.958363358914886e-09,8.502642925137998e-08,0.1341390415154873
336,19,401795,flow,16,405838,flow,1,0.001719654071783731,0.017614005277167003,0.07030033718887344
336,19,401795,flow,16,405838,flow,3,0.003100432457945366,0.027864379274997547,0.06633531556146126
336,19,401795,flow,16,405838,flow,6,0.0008539996923372684,0.010041585930585191,0.07477021352113479
336,19,401795,flow,16,405838,flow,12,9.795035810867133e-05,0.0016666054693915873,0.08730308326567199
336,19,401795,flow,17,400260,flow,1,5.3003499018587885e-06,0.00012849333095415246,0.10192828126171015
336,19,401795,flow,17,400260,flow,3,0.0002135616958687335,0.0032145871991391245,0.08298858846599397
336,19,401795,flow,17,400260,flow,11,0.0002759190734057554,0.003983144925216494,0.08152556358918625
336,19,401795,flow,17,400260,flow,12,7.59614714243054e-14,5.361986218186264e-12,0.16671158304755718
336,19,401795,flow,18,404528,flow,1,0.0023257056798958384,0.02232660900297988,0.06829423053570824
336,19,401795,flow,19,401795,flow,1,2.246299210885608e-126,1.2441041783366445e-123,0.5002389165519103
336,19,401795,flow,19,401795,flow,2,6.613978409960079e-26,9.990345010848792e-24,0.23300798760660066
336,19,401795,flow,19,401795,flow,3,4.894347868160515e-06,0.00011989950540559178,0.10232658201331515
336,19,401795,flow,19,401795,flow,4,0.002945836689238656,0.02683680830348164,0.06668740616252702
336,19,401795,flow,19,401795,flow,5,5.456408582208776e-06,0.00013183269057685633,0.10181779269813018
336,19,401795,flow,19,401795,flow,6,1.88395945352517e-09,8.25426454282833e-08,0.13427825213017894
336,19,401795,flow,19,401795,flow,7,4.965882430077809e-05,0.0009327222651276581,0.09091022292139071
336,19,401795,flow,19,401795,flow,8,0.0015798982723439826,0.016479702767305735,0.07085471329054302
336,19,401795,flow,19,401795,flow,10,4.154220683995995e-06,0.00010331740561233564,0.10308946132330522
336,19,401795,flow,19,401795,flow,11,8.391569103358128e-15,6.33768855358516e-13,0.17295834601018645
336,19,401795,flow,19,401795,flow,12,7.761062092052186e-11,3.9819225935469645e-09,0.1452879308580644
336,19,401795,occupancy,4,400316,flow,10,0.0027868924207409196,0.025714171844512544,0.06706742403143261
336,19,401795,occupancy,6,405843,flow,1,0.001977026669831778,0.019733722767267283,0.06937979900429166
336,19,401795,occupancy,6,405843,flow,5,0.0036294814860041453,0.03152263775540391,0.06524063153763306
336,19,401795,occupancy,8,401448,flow,7,0.0013753789962792223,0.014714307241025857,-0.07175336265119675
336,19,401795,occupancy,11,405841,flow,1,0.001276290220752302,0.013905608458133531,-0.07223400325823598
336,19,401795,occupancy,12,404520,flow,10,0.0010224693449085993,0.011654531846979285,0.07364318249606837
336,19,401795,occupancy,15,401472,flow,7,0.004059541804144614,0.03450850175896248,-0.06445296352100191
336,19,401795,occupancy,15,401472,flow,8,0.0025938544744082154,0.024343800411565263,-0.06755650874337413
336,19,401795,occupancy,16,405838,flow,1,0.005738285332241963,0.044940885850770995,-0.06196531471980261
336,19,401795,occupancy,17,400260,flow,12,0.00010929495325174645,0.0018258089638342795,0.0867082940435537
336,19,401795,occupancy,19,401795,flow,2,0.0040077981178755565,0.03418506158073632,-0.06454361002025212
336,19,401795,occupancy,19,401795,flow,11,3.763434469211448e-06,9.490973092232024e-05,0.10354657866415894
336,19,401795,speed,1,400125,flow,3,0.003178956681710739,0.028441010481605824,-0.06616256227075061
336,19,401795,speed,10,400497,flow,2,0.0002385512332002964,0.0035052426102900698,-0.08235950650992387
336,19,401795,speed,10,400497,flow,3,0.002249727117767829,0.021791078808872245,-0.06851742100029105
336,19,401795,speed,10,400497,flow,10,0.0006234984925472971,0.007777977152192676,0.07670426816900221
336,19,401795,speed,10,400497,flow,11,0.00023318124806776135,0.0034439076637700137,0.08248929442468225
336,19,401795,speed,12,404520,flow,1,1.3806402036469149e-05,0.00030109817868228096,-0.0973714779763873
336,19,401795,speed,12,404520,flow,2,0.00045613557089269123,0.00601026570884823,-0.07858393256775893
336,19,401795,speed,12,404520,flow,5,0.0014814161395520656,0.015601457149841354,0.07127315493212846
336,19,401795,speed,12,404520,flow,7,0.005961408014290733,0.04617766294017567,0.06168597514771056
336,19,401795,speed,12,404520,flow,12,0.0002808828317163131,0.004046061463869531,-0.08142285765526926
336,19,401795,speed,15,401472,flow,2,0.0005934456989812091,0.007478662250871714,-0.07700406850610592
336,19,401795,speed,15,401472,flow,3,0.0004358999845936226,0.005810206520964053,-0.07885350269285503
336,19,401795,speed,15,401472,flow,4,0.0018581138303837056,0.01871980351505972,-0.06979052365230484
