graph_slot,source_node_index,source_node_id,source_feature,target_node_index,target_node_id,target_feature,lag_5min_steps,raw_p_value,fdr_bh_q_value,parcorr_value
159,0,400593,flow,0,400593,flow,1,7.696554186539567e-12,3.2854855816058236e-10,0.1526947143717074
159,0,400593,flow,0,400593,flow,2,1.2161779428118022e-26,1.439421565190955e-24,0.23635580921963456
159,0,400593,flow,0,400593,flow,3,1.476876358311254e-22,1.3960844349900695e-20,0.21675944856119309
159,0,400593,flow,0,400593,flow,4,2.034895030160693e-20,1.720302647807083e-18,0.20565224457215608
159,0,400593,flow,0,400593,flow,5,2.2316139370112384e-18,1.64796106117753e-16,0.1944765618061314
159,0,400593,flow,0,400593,flow,6,0.002006683839482952,0.016282633708802313,0.0692808997931743
159,0,400593,flow,0,400593,flow,7,4.213265191397742e-05,0.0006028918723696006,0.09176336490767084
159,0,400593,flow,0,400593,flow,8,6.930539523409959e-08,1.8090592592828413e-06,0.12064828732439471
159,0,400593,flow,1,400125,flow,1,0.0059955377813577454,0.03877934303857682,0.06164407930760003
159,0,400593,flow,2,400331,flow,3,0.00690084712212501,0.04341293078138931,0.06060440311531792
159,0,400593,flow,8,401448,flow,1,0.008060835480667414,0.04887359659540555,0.059438172997249114
159,0,400593,flow,11,405841,flow,1,0.008163444518307849,0.049360238701152886,0.059342393971474186
159,0,400593,flow,11,405841,flow,4,0.007310899039202396,0.045345418304887794,0.06017333345347185
159,0,400593,flow,11,405841,flow,5,0.004272305559672434,0.029922762674748565,0.06409091822107128
159,0,400593,flow,13,400183,flow,1,0.00019099162212847471,0.002251251862469334,0.08361923218001814
159,0,400593,flow,13,400183,flow,2,0.0006868437079873367,0.006732845061278182,0.07611402061599135
159,0,400593,flow,14,401469,flow,8,0.002240604505519291,0.017796307159116266,0.06854468147931198
159,0,400593,flow,14,401469,flow,11,0.007113552215403331,0.0444404129725848,0.06037801145225117
159,0,400593,flow,16,405838,flow,6,0.0026568227199771787,0.020292563914960062,0.0673934203532728
159,0,400593,flow,16,405838,flow,7,0.0078048697320391705,0.04770378783589306,0.05968194175992264
159,0,400593,flow,16,405838,flow,11,0.00809721795518767,0.049033003280228055,0.05940408812184513
159,0,400593,flow,19,401795,flow,3,0.007378052481755963,0.04562437263267358,0.06010481419026146
159,0,400593,flow,19,401795,flow,8,3.299029744333464e-07,7.703680267848954e-06,0.1142609231205089
159,0,400593,occupancy,0,400593,flow,1,5.753042428448346e-12,2.490294918927541e-10,0.15368719336229356
159,0,400593,occupancy,0,400593,flow,2,0.0025082658136481345,0.019411874444571733,-0.06778408333205417
159,0,400593,occupancy,0,400593,flow,3,2.8929345902426332e-08,8.031797834092658e-07,-0.12408569742314643
159,0,400593,occupancy,0,400593,flow,4,2.2259604497481126e-08,6.30153941213096e-07,-0.12509892173383402
159,0,400593,occupancy,0,400593,flow,5,0.0012702396409859011,0.011198847447059374,0.07226445537981209
159,0,400593,occupancy,1,400125,flow,1,0.0027611798722259676,0.0209048318401966,0.06713075028240152
159,0,400593,occupancy,15,401472,flow,12,0.0009354605408971032,0.008728271137528047,0.07420178531960145
159,0,400593,occupancy,19,401795,flow,8,0.0015698527900991147,0.013326319617268963,0.07089627898988864
159,0,400593,speed,0,400593,flow,1,0.002887244237203133,0.02169199148646528,-0.0668252672089938
159,0,400593,speed,1,400125,flow,8,0.0034827946908175017,0.025303751693131465,-0.06552878582664108
159,0,400593,speed,8,401448,flow,4,0.004093932102890432,0.028898344255697168,-0.06439329527612761
159,1,400125,flow,0,400593,flow,6,0.007738256964098573,0.047410679456681086,0.05974655315843575
159,1,400125,flow,1,400125,flow,1,3.61918262868212e-212,4.598490869384341e-209,0.6207754068436584
159,1,400125,flow,1,400125,flow,2,1.500465630573679e-13,7.70750478487312e-12,0.1646912761453061
159,1,400125,flow,1,400125,flow,12,3.485673433595785e-10,1.2590392335396147e-08,0.14020978437695047
159,1,400125,flow,3,400039,flow,1,2.811527693043896e-11,1.1308938206657012e-09,0.14862239373901073
159,1,400125,flow,3,400039,flow,2,0.000332112008881966,0.003612094356420174,0.08045205937137156
159,1,400125,flow,3,400039,flow,12,0.003151710481253843,0.023306041217077376,0.06622205910744175
159,1,400125,flow,4,400316,flow,1,0.0033644883886818464,0.024652933469526538,0.0657693446444992
159,1,400125,flow,4,400316,flow,3,0.000951863126730973,0.008845017654286521,-0.07409290039578528
159,1,400125,flow,4,400316,flow,4,0.0017963692051300628,0.014892179938902076,-0.07001340292093312
159,1,400125,flow,4,400316,flow,11,0.004328885678529894,0.0302259352371895,0.06399739286297158
159,1,400125,flow,4,400316,flow,12,0.0006900584376100352,0.006762823163510327,0.07608543353116151
159,1,400125,flow,5,400503,flow,1,6.569863446393464e-05,0.0008902700780558271,0.08944005639133353
159,1,400125,flow,5,400503,flow,5,0.0072691210731350145,0.04516410619292861,0.060216246401514795
159,1,400125,flow,5,400503,flow,9,0.00296155364204625,0.022125876075395737,0.06665085148106786
159,1,400125,flow,5,400503,flow,10,0.001436580280846954,0.01237492883999769,0.07147220877616266
159,1,400125,flow,5,400503,flow,11,0.0008967631323809874,0.008436447586859463,0.07446584297109662
159,1,400125,flow,5,400503,flow,12,3.3876064901514426e-05,0.0004996401515006566,0.09288440137051025
159,1,400125,flow,6,405843,flow,1,2.35353797677889e-06,4.676763596911134e-05,0.1056930102881164
159,1,400125,flow,6,405843,flow,11,2.6724242112135593e-06,5.223924249974016e-05,0.10511608257999704
159,1,400125,flow,6,405843,flow,12,0.0007801786518227782,0.007511414699965237,0.07533053149035525
159,1,400125,flow,8,401448,flow,1,1.948932528943462e-07,4.719388186679235e-06,0.11645343466336114
159,1,400125,flow,8,401448,flow,2,5.623178671935599e-05,0.0007770995477530962,0.09026003145633739
159,1,400125,flow,8,401448,flow,3,0.00023865984535341583,0.002721575323400805,0.08235690981593687
159,1,400125,flow,8,401448,flow,4,0.00032134242625779676,0.0035099855409195502,0.08064390777102232
159,1,400125,flow,8,401448,flow,12,0.0008408249464831407,0.007995211837318902,0.07486683415172357
159,1,400125,flow,9,402391,flow,1,0.0005629985171414095,0.0056826018552590864,0.07732256472204396
159,1,400125,flow,9,402391,flow,11,5.0491187429849935e-06,9.17249494099881e-05,0.10218111699045446
159,1,400125,flow,9,402391,flow,12,0.00011055745278913768,0.001404316953981402,0.08664574384608681
159,1,400125,flow,10,400497,flow,1,3.5505789704820165e-06,6.73331920653306e-05,0.10381507997267146
159,1,400125,flow,10,400497,flow,5,0.00030167227204701996,0.003323740310772125,0.08101037940289393
159,1,400125,flow,10,400497,flow,6,7.579029074897773e-06,0.00013186228595875302,0.10026513313522199
159,1,400125,flow,10,400497,flow,8,1.838958823135535e-06,3.734979838244246e-05,-0.10680476922380151
159,1,400125,flow,10,400497,flow,10,6.251021147956285e-06,0.00011112926485255617,0.10117810533009262
159,1,400125,flow,10,400497,flow,11,3.323791476931196e-23,3.270792523996074e-21,0.22005795183455643
159,1,400125,flow,10,400497,flow,12,3.920501189814187e-15,2.307433942778922e-13,0.17506297822146805
159,1,400125,flow,12,404520,flow,2,0.00020247480511536876,0.002366588631218596,-0.0832901202519258
159,1,400125,flow,12,404520,flow,3,1.0514538718857412e-07,2.648560190406065e-06,-0.11897437492062143
159,1,400125,flow,12,404520,flow,4,0.004401000965566916,0.03058610709660405,-0.06387978057011116
159,1,400125,flow,12,404520,flow,6,0.0038659812713424282,0.02758222806308718,0.06479760581839664
159,1,400125,flow,12,404520,flow,9,0.0004048840825544725,0.004293321641225628,0.07929024432833867
159,1,400125,flow,12,404520,flow,10,0.00015362499985250411,0.0018715736022640094,0.08483625377610383
159,1,400125,flow,12,404520,flow,11,3.1474651076455154e-06,6.070111279030637e-05,0.1043687814879038
159,1,400125,flow,12,404520,flow,12,0.00136345740125907,0.011868095856214352,0.07180946794036454
159,1,400125,flow,13,400183,flow,11,0.0008038403597038897,0.007701464524109122,0.07514576710553457
159,1,400125,flow,14,401469,flow,1,0.00018909354966055106,0.0022313142161529105,0.08367541393470727
159,1,400125,flow,14,401469,flow,9,0.004984343171950941,0.033691695357265,0.06298777830770902
159,1,400125,flow,15,401472,flow,1,7.168304237399288e-15,4.11796200871874e-13,0.17339625004376458
159,1,400125,flow,15,401472,flow,3,3.864489141958646e-06,7.261675986629556e-05,-0.10342416102570612
159,1,400125,flow,15,401472,flow,4,0.0008889767962069535,0.008379619811507831,-0.07452024687905391
159,1,400125,flow,15,401472,flow,11,2.924000307133522e-22,2.7223451135381067e-20,0.21530894785609497
159,1,400125,flow,15,401472,flow,12,1.4810449461323166e-28,1.9447155523682697e-26,0.24509450393571355
159,1,400125,flow,16,405838,flow,1,3.874093591221668e-07,8.952591105155024e-06,0.11358348701163268
159,1,400125,flow,16,405838,flow,2,0.005943806361374603,0.0385254965958564,0.061707666458876945
159,1,400125,flow,16,405838,flow,6,0.00026145423487600736,0.0029413601423550827,0.08183504118773507
159,1,400125,flow,17,400260,flow,1,9.606413361592549e-12,4.0448056259337045e-10,0.1520690918231665
159,1,400125,flow,17,400260,flow,2,1.6535400261224704e-20,1.4117179669662199e-18,0.2061839788108973
159,1,400125,flow,17,400260,flow,3,6.770194153862965e-17,4.4516345121290726e-15,0.18587230940085264
159,1,400125,flow,17,400260,flow,4,3.0766912859289524e-12,1.3744887647583324e-10,0.1556394488375496
159,1,400125,flow,17,400260,flow,5,5.961420642671063e-06,0.00010633087190891408,0.10140173124008035
159,1,400125,flow,17,400260,flow,10,0.0016646415162072572,0.013993483849027731,-0.0705134330109225
159,1,400125,flow,18,404528,flow,1,4.8545132727943196e-05,0.0006815566245847079,0.09102840221977677
159,1,400125,flow,18,404528,flow,2,0.004349487777858062,0.030335465289549286,0.06396361304744294
159,1,400125,flow,19,401795,flow,1,3.090122365939562e-10,1.1208504299629645e-08,0.1406237227245791
159,1,400125,flow,19,401795,flow,2,1.6443648854235363e-10,6.10804497423016e-09,0.14277219866753293
159,1,400125,flow,19,401795,flow,3,6.95904175119759e-05,0.0009368357857642128,0.08913502652435246
159,1,400125,flow,19,401795,flow,9,0.002699705297364981,0.020532969867282952,-0.06728436289804812
159,1,400125,flow,19,401795,flow,12,4.223597649087498e-05,0.000603970269581529,0.09175070419925285
159,1,400125,occupancy,0,400593,flow,7,0.0007948708922259073,0.007629065217542591,0.07521520482502539
159,1,400125,occupancy,1,400125,flow,7,0.00027080841821566277,0.0030339532331215328,0.08163313293413822
159,1,400125,occupancy,1,400125,flow,12,0.003023534805064704,0.022512358424473494,0.06650839794362202
159,1,400125,occupancy,3,400039,flow,11,0.006762049764405256,0.04275143419029812,0.06075553299062895
159,1,400125,occupancy,3,400039,flow,12,0.007355172591246103,0.04553842238624603,0.06012809640935485
159,1,400125,occupancy,4,400316,flow,2,0.007670699869184068,0.04706351858383066,-0.05981259119740128
159,1,400125,occupancy,4,400316,flow,11,0.001097219574072982,0.00993861423756187,0.07319734939728705
159,1,400125,occupancy,5,400503,flow,12,1.1418976294736047e-05,0.00019031627157893412,0.09829611383002762
159,1,400125,occupancy,6,405843,flow,11,0.00018311144250864744,0.0021719973411239895,0.08385601209330253
159,1,400125,occupancy,7,408093,flow,7,0.00176745564170557,0.014703270502923286,-0.0701202008897485
159,1,400125,occupancy,8,401448,flow,2,0.0040046223555014315,0.028407173359221976,0.06454920795262029
159,1,400125,occupancy,10,400497,flow,10,0.003422876321520158,0.025007315591014854,0.06564967598472744
159,1,400125,occupancy,10,400497,flow,11,6.9589258995190826e-06,0.0001222244521175191,0.1006706357915753
159,1,400125,occupancy,10,400497,flow,12,8.740171586698387e-05,0.0011441679168041525,0.08791761785892876
159,1,400125,occupancy,11,405841,flow,4,0.00025077984989583027,0.002836786990180641,0.08207388482777975
159,1,400125,occupancy,12,404520,flow,11,0.001685037923997221,0.014127924783140086,0.07043368094474856
159,1,400125,occupancy,13,400183,flow,3,0.001435090568612735,0.012364561739942192,0.07147892025373426
159,1,400125,occupancy,14,401469,flow,1,0.00019700339557145375,0.0023132771646335423,0.08344468480907206
159,1,400125,occupancy,14,401469,flow,11,0.0078082684353644955,0.04771780964885362,0.059678658425038104
159,1,400125,occupancy,15,401472,flow,1,7.036136083637863e-07,1.5579758011950572e-05,0.11103295218247003
159,1,400125,occupancy,15,401472,flow,3,0.0001042518287954509,0.0013333553057353917,-0.08696514560154714
159,1,400125,occupancy,15,401472,flow,11,2.4384395737957296e-09,7.980347696058752e-08,0.133348341768396
159,1,400125,occupancy,15,401472,flow,12,1.5740103693100654e-07,3.874487062917084e-06,0.11733215355035771
159,1,400125,occupancy,16,405838,flow,1,0.006847382250934919,0.04316458678540617,0.06066229250631235
159,1,400125,occupancy,17,400260,flow,1,0.004363997774682643,0.030402306703159198,0.06393990890646278
159,1,400125,occupancy,17,400260,flow,2,0.00019207040352949034,0.002261499436487867,0.08358753418465933
159,1,400125,occupancy,17,400260,flow,3,0.00013023484277258575,0.0016190345921656703,0.08574911222857676
159,1,400125,occupancy,19,401795,flow,1,3.333865509676926e-06,6.378343224891195e-05,0.10410478240966596
159,1,400125,speed,0,400593,flow,6,0.002550099979135215,0.01965465104346856,-0.06767197704723123
159,1,400125,speed,1,400125,flow,1,0.0008525627404415368,0.008096441061128685,0.07478068442880656
159,1,400125,speed,1,400125,flow,6,0.0034965322463570633,0.025356755588824092,-0.065501335908336
159,1,400125,speed,1,400125,flow,7,1.2306007586760866e-06,2.5879405167177404e-05,-0.10859173064818674
159,1,400125,speed,5,400503,flow,12,0.005743188619094391,0.03750086885502988,-0.06195907166192406
159,1,400125,speed,13,400183,flow,6,0.0018960732844701801,0.01556639412563888,-0.06965685333317174
159,1,400125,speed,14,401469,flow,6,0.0023203672957890146,0.018295285121023075,-0.06830969267121752
159,1,400125,speed,16,405838,flow,10,0.0027808335145376004,0.021027832632246515,-0.06708229806199209
159,1,400125,speed,17,400260,flow,3,0.0023401386837198714,0.018410852510780996,-0.0682525887077097
159,1,400125,speed,19,401795,flow,1,0.001614343821256296,0.013637006859263195,-0.0707140090452897
159,2,400331,flow,0,400593,flow,2,0.00020196124671491842,0.0023625036171363327,0.0833044601872793
159,2,400331,flow,0,400593,flow,7,0.00018272025013165702,0.002169143942205986,0.08386801430929294
159,2,400331,flow,2,400331,flow,1,3.067098922074715e-56,7.74846043471507e-54,0.34374522646343986
159,2,400331,flow,2,400331,flow,2,3.2894434457191064e-28,4.2419091598526984e-26,0.24349908457508432
159,2,400331,flow,2,400331,flow,3,1.2158326001316134e-06,2.560895579019293e-05,0.10864500634015893
159,2,400331,flow,2,400331,flow,4,1.3461770283365764e-06,2.8103240254513816e-05,0.10819483903255943
159,2,400331,flow,2,400331,flow,5,2.0535044989001117e-07,4.964263813793219e-06,0.11623750017412561
159,2,400331,flow,2,400331,flow,6,2.905831700784676e-08,8.059336084831617e-07,0.1240684307409179
159,2,400331,flow,2,400331,flow,8,1.0284016211994973e-05,0.0001730993879704892,0.0988024925619859
159,2,400331,flow,2,400331,flow,10,2.662379245813877e-05,0.00040455428568118005,0.09410819902957027
159,2,400331,flow,2,400331,flow,11,1.1109414208913845e-05,0.00018573014466914786,0.09842929200470765
159,2,400331,flow,3,400039,flow,2,0.004632938527209158,0.03181417014392555,0.06351299945858066
159,2,400331,flow,5,400503,flow,7,0.002026679387272069,0.016414051280493697,0.06921497342875575
159,2,400331,flow,7,408093,flow,3,0.0004129980180160293,0.0043739922476814085,0.07917305198846725
159,2,400331,flow,7,408093,flow,4,0.006856366114157746,0.04320230690367775,0.06065253687679426
159,2,400331,flow,7,408093,flow,8,0.0005867101919650137,0.005881050353101535,0.07707319443308094
159,2,400331,flow,8,401448,flow,10,0.0005136271016038973,0.005260476716284581,0.07787480083770515
159,2,400331,flow,9,402391,flow,2,0.00040980176559503534,0.004342270363920904,0.07921895782380646
159,2,400331,flow,11,405841,flow,4,0.0001799619499400874,0.002142876581425517,0.08395333370566524
159,2,400331,flow,11,405841,flow,5,0.001321853327553495,0.011573584059649571,0.0720088723167476
159,2,400331,flow,11,405841,flow,7,0.00022355525871824912,0.0025753565804342298,0.08272912505355691
159,2,400331,flow,11,405841,flow,11,4.1283496771004255e-06,7.713871368976574e-05,0.10311842353725917
159,2,400331,flow,12,404520,flow,10,0.0065165547084248205,0.04149358258151124,0.06102979780193245
159,2,400331,flow,13,400183,flow,1,3.3204050398644053e-06,6.36104202758946e-05,0.10412336661117626
159,2,400331,flow,13,400183,flow,6,2.3428592653684727e-08,6.615132043393334e-07,0.12490167353374487
159,2,400331,flow,13,400183,flow,10,0.005783798929758028,0.03772042780276975,0.06190754883380165
159,2,400331,flow,15,401472,flow,1,0.00646247680045257,0.041188993475885366,0.06109145905741597
159,2,400331,flow,15,401472,flow,2,0.0006443679930540696,0.006374329585513123,0.07650388406322213
159,2,400331,flow,16,405838,flow,5,0.0038425623481940043,0.027451412839752106,0.06484036072702606
159,2,400331,flow,16,405838,flow,9,0.0039298932996167935,0.027973536092180833,0.06468210954703434
159,2,400331,flow,17,400260,flow,1,0.0011943152949663504,0.010644609189714533,0.07265839948831876
159,2,400331,flow,17,400260,flow,3,0.005647086133505914,0.03706946071531006,0.06208231821427161
159,2,400331,flow,18,404528,flow,3,0.00551704965048746,0.03642618751353482,0.062252128558652246
159,2,400331,flow,18,404528,flow,10,0.004464548849571097,0.0309480921536379,0.0637775786904659
159,2,400331,flow,19,401795,flow,2,0.0011153300559560526,0.010065230502883117,0.07309356613083881
159,2,400331,occupancy,0,400593,flow,1,0.004541202719775748,0.031333645982161366,0.06365603717472287
159,2,400331,occupancy,0,400593,flow,9,0.007632617477217629,0.0468764678725905,0.059850047207080245
159,2,400331,occupancy,1,400125,flow,8,0.005164583529002781,0.03467671875239667,0.06273124738247265
159,2,400331,occupancy,1,400125,flow,11,0.0007523730594320302,0.00727939891768504,0.07555441625675728
159,2,400331,occupancy,2,400331,flow,3,0.0004876828576990372,0.00502933861365443,0.07818513981676818
159,2,400331,occupancy,2,400331,flow,4,3.687988312472284e-05,0.0005373392752067544,0.09244924068384434
159,2,400331,occupancy,2,400331,flow,5,0.00036236978535653645,0.0038950726165311324,0.07994262808984716
159,2,400331,occupancy,2,400331,flow,7,0.002986544017764493,0.02227532830929318,0.06659309116751821
159,2,400331,occupancy,2,400331,flow,8,0.0007551379563006497,0.007300389906813366,0.07553181320098577
159,2,400331,occupancy,2,400331,flow,9,0.0007171154051194039,0.006988356756408357,0.07584961329136472
159,2,400331,occupancy,2,400331,flow,11,2.9046497407981007e-05,0.0004373679637590727,0.09366747483665522
159,2,400331,occupancy,2,400331,flow,12,0.0002677694386752484,0.003003801545253371,0.08169800253677911
159,2,400331,occupancy,3,400039,flow,1,0.0027108752149709895,0.020603414723213715,0.06725621569978694
159,2,400331,occupancy,3,400039,flow,4,0.004443591208537734,0.03083041026531687,0.06381113774249543
159,2,400331,occupancy,5,400503,flow,9,0.0033474283252224123,0.024576632163427637,0.06580466673297816
159,2,400331,occupancy,6,405843,flow,4,0.0008048950634156427,0.007708444832328036,0.07513764931234142
159,2,400331,occupancy,7,408093,flow,2,0.0004021242660901617,0.004265689501869394,0.07933060535121214
159,2,400331,occupancy,7,408093,flow,3,0.00014197595038360156,0.0017468986204988855,0.08527317236134416
159,2,400331,occupancy,7,408093,flow,9,0.003901956659164929,0.02781592865939355,0.06473238290557284
159,2,400331,occupancy,7,408093,flow,11,0.0006133680547104072,0.0061082295904770845,0.07680379661074514
159,2,400331,occupancy,8,401448,flow,2,0.004861773420868951,0.033080581474490264,0.06316706048210527
159,2,400331,occupancy,8,401448,flow,3,0.0012843454534161504,0.011293247219128374,0.07219366786701727
159,2,400331,occupancy,8,401448,flow,4,0.003675499772209373,0.026454780099874193,0.06515241227557603
159,2,400331,occupancy,8,401448,flow,6,0.0007821166099778677,0.007526718100032053,0.07531520473803183
159,2,400331,occupancy,8,401448,flow,10,3.422748822326832e-05,0.0005041059383657006,0.09283164014652474
159,2,400331,occupancy,8,401448,flow,12,0.0047656432099530905,0.032513548115914954,0.06331055173462179
159,2,400331,occupancy,9,402391,flow,1,0.00017177238943394047,0.002064709856301121,0.08421409199540374
159,2,400331,occupancy,9,402391,flow,2,0.008232969288475606,0.04962733237280967,0.05927810709028215
159,2,400331,occupancy,9,402391,flow,6,0.0009946636052096773,0.009171711365007057,0.07381675218057117
159,2,400331,occupancy,9,402391,flow,10,1.1872002362140505e-05,0.00019725788540171917,0.09810729573374566
159,2,400331,occupancy,10,400497,flow,8,0.0009993906169155477,0.00920940158932416,0.07378693098017232
159,2,400331,occupancy,10,400497,flow,9,9.124891663154013e-05,0.001187693039615105,0.08768576143071177
159,2,400331,occupancy,11,405841,flow,3,0.0005019199218646678,0.005152790072374917,0.07801298715773561
159,2,400331,occupancy,11,405841,flow,5,8.05633222348347e-05,0.001065626307576503,0.08835461323936117
159,2,400331,occupancy,11,405841,flow,6,0.0010973886553974565,0.00993861423756187,0.07319637316823618
159,2,400331,occupancy,11,405841,flow,7,5.261668967633102e-06,9.510631774131799e-05,0.10198815096039739
159,2,400331,occupancy,11,405841,flow,11,0.002325816424413601,0.018328214070534032,0.06829391011847245
159,2,400331,occupancy,11,405841,flow,12,0.0005609538016337428,0.005667260110050909,0.07734452392474393
159,2,400331,occupancy,12,404520,flow,8,0.0017772884943419557,0.014770129123423627,0.07008370238946396
159,2,400331,occupancy,12,404520,flow,9,0.0011073512741425335,0.010003675249468307,0.07313909570425971
159,2,400331,occupancy,13,400183,flow,1,0.00010332503993945061,0.001322560511224968,0.08701361901081726
159,2,400331,occupancy,13,400183,flow,3,0.0008651961452415135,0.008189411366002056,0.07468918092239123
159,2,400331,occupancy,13,400183,flow,6,6.3929972611236e-05,0.0008706730191694184,0.08958436951794703
159,2,400331,occupancy,13,400183,flow,9,0.007143932681698483,0.044578635251968,0.060346173290628725
159,2,400331,occupancy,13,400183,flow,11,4.966427969459853e-05,0.0006956864081733645,0.09090965022583411
159,2,400331,occupancy,14,401469,flow,1,0.007278922853692985,0.0452120010466624,0.06020615851867306
159,2,400331,occupancy,14,401469,flow,3,5.9168987495214573e-05,0.000813505475743489,0.0899924683445939
159,2,400331,occupancy,14,401469,flow,5,0.00120237745793784,0.010709836326374162,0.07261548775536628
159,2,400331,occupancy,14,401469,flow,7,0.0025555649453395312,0.019679216691384626,0.0676574564787758
159,2,400331,occupancy,14,401469,flow,8,3.285701001721538e-05,0.0004872718272377975,0.0930403886329357
159,2,400331,occupancy,14,401469,flow,9,0.0017826049204897137,0.0148007942658381,0.07006404556790506
159,2,400331,occupancy,14,401469,flow,11,0.0011710554195130732,0.010478367283411331,0.07278371860035665
159,2,400331,occupancy,14,401469,flow,12,0.0008070948799021841,0.00772750416927623,0.07512074956199537
159,2,400331,occupancy,15,401472,flow,10,0.00027363082272094586,0.003059226589426724,0.08157349410012227
159,2,400331,occupancy,15,401472,flow,11,0.0006357172835949703,0.006301740856196125,0.07658620339792524
159,2,400331,occupancy,16,405838,flow,5,0.0008268988701350877,0.00789611653179394,0.07497050246472432
159,2,400331,occupancy,17,400260,flow,1,2.324152352967055e-08,6.566604424341189e-07,0.12490135369277917
159,2,400331,occupancy,17,400260,flow,2,3.209216454296413e-10,1.1630717351141362e-08,0.14045884448060839
159,2,400331,occupancy,17,400260,flow,3,0.0008894438084257141,0.008380364781677392,0.07451697139938597
159,2,400331,occupancy,17,400260,flow,4,0.00012034195498083782,0.0015121502196545067,0.08618261461335286
159,2,400331,occupancy,17,400260,flow,5,0.003046630531295918,0.02266088824930848,0.06645599619275613
159,2,400331,occupancy,17,400260,flow,6,0.0008781021036512808,0.008297027751035725,0.07459697283930464
159,2,400331,occupancy,17,400260,flow,12,0.005782804226815562,0.03771963499900834,0.06190880692671419
159,2,400331,occupancy,18,404528,flow,10,0.00044595112058095043,0.004666930331661109,0.07871817960298358
159,2,400331,occupancy,19,401795,flow,2,0.006242358401183152,0.04008768885552433,0.06134733021794623
159,2,400331,occupancy,19,401795,flow,3,0.002468874451676759,0.019182621638927335,0.06789121688544314
159,2,400331,occupancy,19,401795,flow,4,0.0025609597830376757,0.019703199043139375,0.0676431500494166
159,2,400331,occupancy,19,401795,flow,11,0.00010927675374583123,0.001390912127819655,0.08670920070390725
159,2,400331,speed,2,400331,flow,2,0.004870570047941751,0.03312309128837936,-0.06315405839428632
159,2,400331,speed,5,400503,flow,11,0.0034170428855769255,0.024968919596908525,-0.06566154801911685
159,2,400331,speed,7,408093,flow,11,0.0008343195694673583,0.007949405690557979,-0.07491506172845168
159,2,400331,speed,17,400260,flow,2,0.0013358798475375908,0.011672736531881861,0.07194100596296557
159,2,400331,speed,18,404528,flow,10,0.005836470792522473,0.037981264762768155,-0.061841206714012005
159,3,400039,flow,0,400593,flow,10,0.005244783436201547,0.03506804588204718,0.06261969166464806
159,3,400039,flow,1,400125,flow,1,1.1310911475546943e-10,4.2749901639862465e-09,0.14403140042087678
159,3,400039,flow,1,400125,flow,3,0.008046634564568765,0.04882227713333858,0.059451514460845824
159,3,400039,flow,1,400125,flow,4,0.008167784441706552,0.04936857083119595,0.05933836671047628
159,3,400039,flow,1,400125,flow,6,0.0001917705770236233,0.002258584767562848,0.08359632722166994
159,3,400039,flow,1,400125,flow,7,2.785739019518222e-07,6.630519319183868e-06,0.11496976404978443
159,3,400039,flow,1,400125,flow,9,0.0005423132003987819,0.005509861302264199,0.07754822287828808
159,3,400039,flow,1,400125,flow,11,7.031756653234246e-12,3.0196012665976085e-10,0.15305580988013076
159,3,400039,flow,1,400125,flow,12,5.137406565920147e-12,2.2350046691616348e-10,0.1540420828331444
159,3,400039,flow,3,400039,flow,1,2.305470139857304e-110,1.1317762504754038e-107,0.4711946789591567
159,3,400039,flow,3,400039,flow,2,2.3788425496492366e-14,1.3260128792883486e-12,0.17003314270250022
159,3,400039,flow,3,400039,flow,3,6.561293348180097e-05,0.0008899462249336897,0.0894469639390384
159,3,400039,flow,3,400039,flow,4,8.876008797267915e-05,0.0011587899064429553,0.08783467276214259
159,3,400039,flow,3,400039,flow,5,3.147070649041677e-08,8.670500767767885e-07,0.12375845794162733
159,3,400039,flow,3,400039,flow,6,7.111981325691904e-12,3.044971191971162e-10,0.15302004458868618
159,3,400039,flow,3,400039,flow,7,0.00013532560650457757,0.0016741312144896196,0.08553798677956251
159,3,400039,flow,3,400039,flow,8,1.3159335080512556e-06,2.7502819326470363e-05,0.1082954346714152
159,3,400039,flow,3,400039,flow,9,0.0002174025111019346,0.002513189317528385,0.08288754767974622
159,3,400039,flow,3,400039,flow,10,2.016990495237557e-05,0.0003150180383017443,0.09550043197736957
159,3,400039,flow,3,400039,flow,11,7.1629180116989135e-09,2.1837548207861188e-07,0.12939311099854509
159,3,400039,flow,3,400039,flow,12,1.1661314876512025e-11,4.848592903419822e-10,0.15145276787884598
159,3,400039,flow,4,400316,flow,3,0.0026528743621267287,0.020269574185333334,-0.06740354233850954
159,3,400039,flow,4,400316,flow,11,0.003352496492544906,0.024594195892268442,0.06579415625130595
159,3,400039,flow,5,400503,flow,1,0.0002506780359046021,0.0028363779861390287,0.08207620849625732
159,3,400039,flow,5,400503,flow,3,3.018617200427481e-05,0.00045181246195644917,0.09347210654561874
159,3,400039,flow,5,400503,flow,4,0.0011896435309206607,0.010609537682859733,0.0726833879920133
159,3,400039,flow,5,400503,flow,5,0.005949456121452074,0.0385447667136667,0.06170069770849302
159,3,400039,flow,5,400503,flow,6,1.7723375584481639e-09,5.885087050342865e-08,0.13449747551321684
159,3,400039,flow,5,400503,flow,7,7.987195421918288e-05,0.001057452780345909,0.08840072648705632
159,3,400039,flow,5,400503,flow,8,6.847854093843442e-06,0.00012054902072291634,0.10074689872557337
159,3,400039,flow,5,400503,flow,9,6.835883435638219e-05,0.0009219799076477397,0.08922977275704612
159,3,400039,flow,5,400503,flow,10,6.047807759530336e-06,0.0001078271957126333,0.10133395598693438
159,3,400039,flow,5,400503,flow,11,9.990157626180215e-06,0.00016878170099764774,0.0989422945855073
159,3,400039,flow,5,400503,flow,12,0.00015229755657868274,0.0018595970729788282,0.08488443748661739
159,3,400039,flow,6,405843,flow,2,0.003298706773360672,0.024247768012452105,0.06590645208814672
159,3,400039,flow,6,405843,flow,4,0.0014469431455838213,0.012451255191348915,0.07142569842936543
159,3,400039,flow,6,405843,flow,6,0.0006838425578101522,0.006711502750599046,0.0761408208227388
159,3,400039,flow,6,405843,flow,7,0.0020886250035063608,0.01682427748489181,0.06901445515215945
159,3,400039,flow,6,405843,flow,11,6.14622375412491e-07,1.3778768353824397e-05,0.11161578646561647
159,3,400039,flow,6,405843,flow,12,4.5410685875784486e-05,0.0006417211742996042,0.09137534967122829
159,3,400039,flow,7,408093,flow,1,0.0007472360752744824,0.007236179881608975,0.07559661654858645
159,3,400039,flow,7,408093,flow,5,0.000889421217421733,0.008380364781677392,0.0745171298090502
159,3,400039,flow,7,408093,flow,7,5.386484389774388e-05,0.0007489415051118556,0.09048545407087669
159,3,400039,flow,7,408093,flow,11,0.006380826999998442,0.040801025222014904,0.061185443222734864
159,3,400039,flow,8,401448,flow,1,8.191662628271797e-07,1.787271846168392e-05,0.11037403513662963
159,3,400039,flow,8,401448,flow,2,0.00011892789498530456,0.0014957989516054264,0.08624730269693195
159,3,400039,flow,8,401448,flow,3,0.0003783966422577633,0.004045220229036222,0.07968869135289629
159,3,400039,flow,8,401448,flow,6,0.0015637508100728888,0.01328235056923885,0.07092164709146682
159,3,400039,flow,8,401448,flow,7,0.0003994206137906759,0.004245809674152854,0.0793703965262861
159,3,400039,flow,8,401448,flow,8,5.2283416240085186e-05,0.0007285947037328,0.09064135308951321
159,3,400039,flow,8,401448,flow,9,0.0005843374764337286,0.005862373195990961,0.07709772133324229
159,3,400039,flow,8,401448,flow,10,2.839914566745724e-05,0.00042911615698991,0.0937817146451069
159,3,400039,flow,8,401448,flow,11,0.003743711998060922,0.026860713887432625,0.06502347495727037
159,3,400039,flow,8,401448,flow,12,1.7938549424432617e-08,5.166302234236594e-07,0.12592732452060065
159,3,400039,flow,9,402391,flow,12,0.005437555561195448,0.036055625517059604,0.06235772361085588
159,3,400039,flow,10,400497,flow,1,0.00546134586316066,0.0361732961303868,0.0623259768294638
159,3,400039,flow,10,400497,flow,4,0.00798838836373937,0.04855070024107214,0.05950645688190062
159,3,400039,flow,10,400497,flow,5,4.447563364595354e-06,8.217836646706057e-05,0.1027726323419241
159,3,400039,flow,10,400497,flow,6,9.193610411448538e-05,0.001194837454195478,0.08764532105919552
159,3,400039,flow,10,400497,flow,10,9.345483294596797e-10,3.2246396032474565e-08,0.13677373152178585
159,3,400039,flow,10,400497,flow,11,4.197435333954239e-12,1.8465295970144922e-10,0.15467366469253352
159,3,400039,flow,10,400497,flow,12,3.7925515236403465e-14,2.053110599263947e-12,0.16870681711799476
159,3,400039,flow,11,405841,flow,5,0.0016351664805373018,0.013794023034409575,0.0706302853487744
159,3,400039,flow,12,404520,flow,5,0.00011460922667717706,0.0014489665181311234,0.08644945144254465
159,3,400039,flow,12,404520,flow,6,6.063950537976394e-06,0.00010802584051157947,0.10132139386441313
159,3,400039,flow,12,404520,flow,7,0.0028100014056692884,0.021218678679411514,0.0670109633113486
159,3,400039,flow,12,404520,flow,10,1.6497095755935104e-05,0.0002636605758995177,0.09649681913209637
159,3,400039,flow,12,404520,flow,11,0.00020397021438592485,0.0023814900706680955,0.08324855800969615
159,3,400039,flow,13,400183,flow,3,1.7436924274598505e-05,0.00027744940282234084,0.09622313385294598
159,3,400039,flow,13,400183,flow,8,2.0736548554023548e-05,0.0003221211425867736,0.09536233409144901
159,3,400039,flow,13,400183,flow,12,0.0002930177897954856,0.0032457355177346096,0.08117875492989439
159,3,400039,flow,14,401469,flow,1,0.0011556508336156622,0.010366303158678697,0.07286798651655924
159,3,400039,flow,14,401469,flow,2,0.0010021019203267315,0.009222582649790116,0.07376988506937099
159,3,400039,flow,14,401469,flow,5,0.0035970109721077917,0.025967726269227373,0.06530349278852476
159,3,400039,flow,14,401469,flow,6,0.00035919978328091527,0.0038677543962451497,0.07999409539232862
159,3,400039,flow,14,401469,flow,8,0.003945369955415915,0.028060583153435546,0.0646543979833789
159,3,400039,flow,14,401469,flow,10,0.004811639399778801,0.032780763613064846,0.06324157096193109
159,3,400039,flow,14,401469,flow,12,7.64494104409412e-07,1.6824322623783293e-05,0.11067381522705592
159,3,400039,flow,15,401472,flow,1,7.555475370271141e-07,1.6652884489577207e-05,0.11072482741635657
159,3,400039,flow,15,401472,flow,3,0.004570515021169246,0.031480588156012665,-0.06361005029602654
159,3,400039,flow,15,401472,flow,6,0.0004009824759620056,0.0042562470471768825,0.07934737916261354
159,3,400039,flow,15,401472,flow,10,0.0007593237490719229,0.007326956881819761,0.07549774001220921
159,3,400039,flow,15,401472,flow,11,1.3094942803290054e-14,7.414174693343779e-13,0.17171534190012558
159,3,400039,flow,15,401472,flow,12,8.567452492051645e-15,4.908673045843913e-13,0.17290060984515307
159,3,400039,flow,16,405838,flow,1,5.7876893170182596e-05,0.0007970295776065949,0.0901085861457048
159,3,400039,flow,16,405838,flow,2,5.085065667197475e-06,9.230035160627348e-05,0.10214794249238499
159,3,400039,flow,16,405838,flow,5,0.0057011827099035075,0.03732248720530861,0.06201271167219935
159,3,400039,flow,16,405838,flow,6,0.00018182087897780045,0.0021620319217839196,0.08389569981649787
159,3,400039,flow,16,405838,flow,12,0.008061880771732869,0.04887359659540555,0.05943719179919236
159,3,400039,flow,17,400260,flow,1,6.453106976307684e-06,0.00011458044446218329,0.10102785138972487
159,3,400039,flow,17,400260,flow,2,3.2211610698465547e-10,1.1664221141439327e-08,0.14048113440588494
159,3,400039,flow,17,400260,flow,3,1.2981742939712316e-07,3.2379405022839035e-06,0.11811914460593557
159,3,400039,flow,17,400260,flow,4,2.7627961172570204e-07,6.579536508572397e-06,0.11500431948775718
159,3,400039,flow,17,400260,flow,5,0.003224324102695417,0.023765705721965878,0.06606451732561246
159,3,400039,flow,17,400260,flow,6,0.00047976638145357935,0.004960724671803405,0.07828290168585184
159,3,400039,flow,17,400260,flow,7,0.0013098081529583968,0.011486746286602262,0.0720676841016354
159,3,400039,flow,17,400260,flow,12,1.179295573373193e-05,0.0001963220376482541,0.09813974134858092
159,3,400039,flow,18,404528,flow,1,3.5247287268097014e-06,6.701948987595911e-05,0.10382270588510738
159,3,400039,flow,19,401795,flow,1,1.0049866473893796e-06,2.154611571574253e-05,0.1094821503995755
159,3,400039,flow,19,401795,flow,2,2.7361086637534684e-08,7.620882931924555e-07,0.12430184438413572
159,3,400039,flow,19,401795,flow,7,0.0005301727797722697,0.005409415230553154,0.07768442446521934
159,3,400039,flow,19,401795,flow,12,7.592091169322222e-07,1.6716531015021407e-05,0.11070387963005458
159,3,400039,occupancy,0,400593,flow,2,0.00821358618550796,0.04956355817341676,0.05929598094483342
159,3,400039,occupancy,0,400593,flow,9,0.00788953325576355,0.04809197638619801,0.059600530672582794
159,3,400039,occupancy,0,400593,flow,10,0.006715240673701141,0.04254692149340872,0.06080712973762849
159,3,400039,occupancy,1,400125,flow,1,2.154439064328431e-05,0.0003337101741806677,0.09517153683106393
159,3,400039,occupancy,1,400125,flow,3,0.003678690609980237,0.02646011227957813,0.06514633255723486
159,3,400039,occupancy,1,400125,flow,4,0.002826272062045049,0.02131918160997837,0.06697146387701364
159,3,400039,occupancy,1,400125,flow,7,8.036016993381514e-06,0.00013919644511390593,0.09998610617152845
159,3,400039,occupancy,1,400125,flow,11,1.511322196327016e-08,4.417396406043781e-07,0.1265813792268382
159,3,400039,occupancy,1,400125,flow,12,1.5491912751512717e-08,4.5128161218162464e-07,0.1264871357194072
159,3,400039,occupancy,3,400039,flow,1,4.284437875702392e-08,1.1582460339821235e-06,-0.12255216085909719
159,3,400039,occupancy,3,400039,flow,2,9.543854874526164e-05,0.001232938189532088,0.08744353668665468
159,3,400039,occupancy,3,400039,flow,3,0.001175995653230134,0.01051118859793378,0.07275691067326778
159,3,400039,occupancy,3,400039,flow,5,0.0017420325794269156,0.014539375469714597,0.07021544038220887
159,3,400039,occupancy,3,400039,flow,6,9.930019853339093e-05,0.0012770136757776253,0.08722900155805281
159,3,400039,occupancy,3,400039,flow,8,0.0037371931566677796,0.026819689470879593,0.06503570447919114
159,3,400039,occupancy,3,400039,flow,11,2.3552511183134793e-06,4.677567809070466e-05,0.10568971504939352
159,3,400039,occupancy,3,400039,flow,12,9.004176567013708e-06,0.00015350459070707866,0.0994418801799313
159,3,400039,occupancy,4,400316,flow,3,0.0019488933858816282,0.015903323435981553,-0.06947488225989348
159,3,400039,occupancy,4,400316,flow,11,1.2261227251756506e-05,0.0002029768227980279,0.0979504794033375
159,3,400039,occupancy,5,400503,flow,1,1.043900159394346e-05,0.00017554101551512554,0.09873028714978822
159,3,400039,occupancy,5,400503,flow,3,0.0004561963302846182,0.00475686253157024,0.0785831400841082
159,3,400039,occupancy,5,400503,flow,5,0.000795159424675044,0.007630139303856485,0.07521295984637438
159,3,400039,occupancy,5,400503,flow,6,2.24941271994762e-09,7.406602858364115e-08,0.13363987562895419
159,3,400039,occupancy,5,400503,flow,8,0.00019096856788968145,0.002251251862469334,0.08361991141947685
159,3,400039,occupancy,5,400503,flow,9,0.007434807229138506,0.04591617902770314,0.060047339624301234
159,3,400039,occupancy,5,400503,flow,10,1.4799518086816158e-05,0.00023945287691028389,0.09703112803343836
159,3,400039,occupancy,5,400503,flow,11,0.0009051635306475837,0.008494796644671497,0.07440763699804918
159,3,400039,occupancy,5,400503,flow,12,0.0038266965295095457,0.027342588500630562,0.06486946088731323
159,3,400039,occupancy,6,405843,flow,5,0.0006295138278496018,0.006248850497036489,0.07664587843193497
159,3,400039,occupancy,6,405843,flow,6,1.4669238559945184e-05,0.0002375049381875179,0.0970745134413281
159,3,400039,occupancy,6,405843,flow,7,1.8550566613786494e-06,3.764135639810129e-05,0.10676568222597657
159,3,400039,occupancy,6,405843,flow,11,1.115936273011793e-08,3.31785595279487e-07,0.12773081853382295
159,3,400039,occupancy,6,405843,flow,12,0.004515110374888217,0.03118349611433589,0.06369719898658768
159,3,400039,occupancy,7,408093,flow,5,3.2704477548418007e-06,6.28484621926894e-05,0.10419297719027495
159,3,400039,occupancy,8,401448,flow,2,0.00014514986725678745,0.0017815759722238673,0.08515087897092234
159,3,400039,occupancy,8,401448,flow,3,1.308265266180073e-05,0.00021538513528574372,0.0976345461422951
159,3,400039,occupancy,8,401448,flow,6,0.0009657676395929039,0.008949198204721889,0.07400195002332292
159,3,400039,occupancy,8,401448,flow,7,0.00011457338748167949,0.0014489665181311234,0.08645115885070165
159,3,400039,occupancy,8,401448,flow,8,2.0548514766110177e-05,0.00031989039203458007,0.09540775785868312
159,3,400039,occupancy,8,401448,flow,9,0.0010443926375360455,0.009542673845507015,0.07350938343828442
159,3,400039,occupancy,8,401448,flow,10,0.0013942637194381967,0.012085110890796568,0.07166539825877417
159,3,400039,occupancy,8,401448,flow,11,2.1513459656777517e-05,0.00033347268587790153,0.09517871589992494
159,3,400039,occupancy,8,401448,flow,12,1.4058200435068175e-05,0.00022943492965430494,0.09728302872830583
159,3,400039,occupancy,9,402391,flow,1,0.00014191777851201657,0.001746680350917127,0.0852754376885799
159,3,400039,occupancy,9,402391,flow,7,0.00011893679163807036,0.0014957989516054264,0.08624689344700824
159,3,400039,occupancy,9,402391,flow,12,0.003659779175087515,0.026367988719776622,0.0651824359827794
159,3,400039,occupancy,10,400497,flow,4,0.001000303337937746,0.009213881492305037,0.07378118794975343
159,3,400039,occupancy,10,400497,flow,5,3.508604644177653e-09,1.1269272909180269e-07,0.13202581572187402
159,3,400039,occupancy,10,400497,flow,6,0.00042080467996787545,0.004447947681578718,0.07906230864694304
159,3,400039,occupancy,10,400497,flow,10,1.0458552354027697e-09,3.582945770769203e-08,0.13637623051910647
159,3,400039,occupancy,10,400497,flow,11,2.2498494312470167e-06,4.4789629230355355e-05,0.10589686762591756
159,3,400039,occupancy,10,400497,flow,12,2.1762331185213484e-08,6.168849784784924e-07,0.1251858928751462
159,3,400039,occupancy,11,405841,flow,1,0.000821660964106812,0.007849569581913816,0.07500991370147021
159,3,400039,occupancy,11,405841,flow,9,0.0004995959191658526,0.005131370353771953,0.07804077543091184
159,3,400039,occupancy,11,405841,flow,10,0.004078437088958078,0.028812507316923787,0.06442012312129898
159,3,400039,occupancy,12,404520,flow,3,0.0017509435943555839,0.014602463952926878,-0.07018191357366042
159,3,400039,occupancy,12,404520,flow,4,0.0008902341278066577,0.008385982189543745,0.07451143197026529
159,3,400039,occupancy,12,404520,flow,6,3.430228399340621e-05,0.0005048001796431078,0.09282047700605618
159,3,400039,occupancy,12,404520,flow,10,0.0026151127889549757,0.020041311421475066,0.06750104895228004
159,3,400039,occupancy,12,404520,flow,11,6.291575793022896e-05,0.0008590267833710149,0.08966883689533202
159,3,400039,occupancy,13,400183,flow,2,4.1558568092385705e-05,0.000596059143954536,0.09183425001157322
159,3,400039,occupancy,13,400183,flow,3,3.549746163675554e-05,0.0005196510819070957,0.09264516442076612
159,3,400039,occupancy,13,400183,flow,8,5.7150364270947836e-08,1.5137312915419659e-06,0.12141513000272744
159,3,400039,occupancy,14,401469,flow,5,6.278606857389006e-05,0.0008575270826405471,0.08967973062308035
159,3,400039,occupancy,14,401469,flow,8,0.0018620011943960113,0.015318691982081068,0.06977672006794443
159,3,400039,occupancy,14,401469,flow,9,0.0036410872287324964,0.02624699911572101,0.06521828734488527
159,3,400039,occupancy,14,401469,flow,10,0.00031829193441037764,0.0034819477251274537,0.0806993421095325
159,3,400039,occupancy,14,401469,flow,12,0.006405381719379602,0.04091564250734863,0.061157066014743355
159,3,400039,occupancy,15,401472,flow,1,5.7141680147861975e-05,0.0007881611054877515,0.09017575812418882
159,3,400039,occupancy,15,401472,flow,6,2.8365836467433384e-05,0.0004289128930322444,0.09378765950574583
159,3,400039,occupancy,15,401472,flow,7,0.006702412070936291,0.04249254497570411,0.06082132684996052
159,3,400039,occupancy,15,401472,flow,10,0.00016684650714635072,0.002010828767737916,0.08437661992061658
159,3,400039,occupancy,15,401472,flow,11,2.2863969045935217e-10,8.36345015058765e-09,0.14165366747532954
159,3,400039,occupancy,15,401472,flow,12,8.792348746690971e-13,4.15579139306607e-11,0.1594738531043294
159,3,400039,occupancy,16,405838,flow,1,5.1684608919932274e-05,0.0007211805895804503,0.09070155223832463
159,3,400039,occupancy,17,400260,flow,2,0.00022693158180395436,0.0026086866242498214,0.08264392025011351
159,3,400039,occupancy,17,400260,flow,3,0.00021669210976387056,0.002506318377991756,0.08290610938344958
159,3,400039,occupancy,17,400260,flow,4,9.025400209749071e-05,0.0011761607513157161,0.08774482356073128
159,3,400039,occupancy,17,400260,flow,10,0.006454097117737339,0.04115987533012297,0.06110105529723556
159,3,400039,occupancy,17,400260,flow,12,0.0007107130229806794,0.006936918796377169,0.07590465884366006
159,3,400039,occupancy,19,401795,flow,1,0.0017004506158906376,0.014233572293446142,0.07037400220870742
159,3,400039,occupancy,19,401795,flow,2,0.002349825703426899,0.018466885644541027,0.06822477150089017
159,3,400039,occupancy,19,401795,flow,12,0.0030607975866281953,0.02274211544569505,0.06642403151485933
159,3,400039,speed,4,400316,flow,4,0.002300589456417986,0.018173353383877863,-0.06836726252014232
159,3,400039,speed,6,405843,flow,3,0.006241484493530452,0.04008768885552433,-0.06134836214084994
159,3,400039,speed,6,405843,flow,5,0.0003437524739826483,0.0037171731854944694,-0.0802511316092184
159,3,400039,speed,7,408093,flow,12,0.001668741013797813,0.014022488192193256,0.07049733169008997
159,3,400039,speed,10,400497,flow,3,0.0006629207641740938,0.006533921289600925,-0.07633074629407144
159,3,400039,speed,12,404520,flow,4,0.004115879346022004,0.029017853397679306,-0.06435545328607505
159,4,400316,flow,0,400593,flow,2,0.007217537231977138,0.04492760928262426,0.060269537779092434
159,4,400316,flow,1,400125,flow,1,1.357612142009931e-11,5.612329620557801e-10,0.15096760503696835
159,4,400316,flow,1,400125,flow,2,4.211215548728419e-09,1.335813350538119e-07,0.131357422962367
159,4,400316,flow,1,400125,flow,3,7.845591250426283e-05,0.001041898376939488,0.08849636330027581
159,4,400316,flow,1,400125,flow,9,0.00039320162129661754,0.004182789963066702,-0.0794628878970411
159,4,400316,flow,1,400125,flow,11,0.0036525035300386567,0.026320032550011693,0.06519637093083828
159,4,400316,flow,1,400125,flow,12,9.982891198716654e-07,2.142379035194036e-05,0.10951143047173498
159,4,400316,flow,3,400039,flow,1,1.1420551674910148e-11,4.753061968748732e-10,0.1514814813054083
159,4,400316,flow,3,400039,flow,2,2.5033751197538657e-09,8.186662011609917e-08,0.13321997148066111
159,4,400316,flow,3,400039,flow,8,6.977260005045432e-05,0.0009389957389967684,-0.08912114592721376
159,4,400316,flow,3,400039,flow,9,1.2861874403302307e-06,2.6933251295330083e-05,-0.10839656703655523
159,4,400316,flow,4,400316,flow,1,1.642698138030842e-05,0.0002629175213979347,0.09649362063267844
159,4,400316,flow,4,400316,flow,3,1.999315283081197e-06,4.032232503693171e-05,-0.10642926568056667
159,4,400316,flow,4,400316,flow,4,0.0058641482484254066,0.03809491794465828,-0.06180656183079906
159,4,400316,flow,4,400316,flow,7,0.0006980548943930266,0.006830344606518403,-0.07601485773520669
159,4,400316,flow,4,400316,flow,8,3.2846756363092634e-06,6.300976353843702e-05,-0.10417304881632837
159,4,400316,flow,4,400316,flow,11,0.002972072092225162,0.022190375800920672,0.06660973468681261
159,4,400316,flow,5,400503,flow,1,0.0026955057261113906,0.020511863196760977,0.06729497295523168
159,4,400316,flow,5,400503,flow,2,2.94621446721828e-11,1.181768477101483e-09,0.14847037930249993
159,4,400316,flow,5,400503,flow,3,0.0041339580924236825,0.029123775210812636,0.0643244186454867
159,4,400316,flow,5,400503,flow,12,8.936684399921939e-08,2.275354712280325e-06,0.11963003612470297
159,4,400316,flow,6,405843,flow,1,6.505608260717303e-07,1.4531658576162746e-05,0.11137120582813521
159,4,400316,flow,6,405843,flow,5,0.006456473580561542,0.041163569671996046,0.061098332683780794
159,4,400316,flow,6,405843,flow,9,7.497415049096742e-05,0.0009996553398795656,-0.08873863289741557
159,4,400316,flow,6,405843,flow,12,0.00036194654761473273,0.003893361325414958,0.07994947527361938
159,4,400316,flow,7,408093,flow,5,0.0011528090158876181,0.010345107911579788,0.0728836453940483
159,4,400316,flow,7,408093,flow,12,0.005067570373479721,0.034147409161491796,0.06286829967718342
159,4,400316,flow,8,401448,flow,1,0.001431227695489097,0.012338662232115145,0.0714963532777977
159,4,400316,flow,8,401448,flow,3,4.887122291088298e-06,8.920392578484301e-05,0.1023334802143217
159,4,400316,flow,8,401448,flow,5,0.003549836222222142,0.025695865415549017,0.06539574589417953
159,4,400316,flow,9,402391,flow,1,8.81261991407759e-15,5.04245271904837e-13,0.17277915391129733
159,4,400316,flow,9,402391,flow,3,0.004030275284392863,0.028556321516446073,-0.06450410404297159
159,4,400316,flow,9,402391,flow,4,0.00223317488039564,0.01774559465185519,-0.06856695810930155
159,4,400316,flow,9,402391,flow,8,0.003858741058245219,0.027553324581189004,-0.06481079879430562
159,4,400316,flow,10,400497,flow,1,2.336004246065724e-11,9.529309105763861e-10,0.1492227965232403
159,4,400316,flow,10,400497,flow,5,4.5688064257831966e-05,0.0006450079659929219,0.09134374615190274
159,4,400316,flow,10,400497,flow,8,4.0091911876314324e-09,1.2772644491569165e-07,-0.13153777085710183
159,4,400316,flow,10,400497,flow,9,1.063827364582642e-06,2.2717420736515146e-05,-0.10923269212641479
159,4,400316,flow,10,400497,flow,11,9.305131096922793e-12,3.9217723257274605e-10,0.15217016418094398
159,4,400316,flow,10,400497,flow,12,2.8794484484834983e-30,4.0256366658410073e-28,0.25252652815110516
159,4,400316,flow,12,404520,flow,3,5.810985623320806e-10,2.0425921800444168e-08,-0.13840515584434437
159,4,400316,flow,12,404520,flow,10,9.729662378871957e-05,0.0012535681919691876,0.08733930823428479
159,4,400316,flow,12,404520,flow,11,8.619167687055151e-09,2.598381326453472e-07,0.12870178412739558
159,4,400316,flow,12,404520,flow,12,2.3268891358384345e-16,1.487006074973674e-14,0.182654768295544
159,4,400316,flow,14,401469,flow,1,0.0019202983857932675,0.015703711295496053,0.06957282522954811
159,4,400316,flow,14,401469,flow,12,0.008245669038600223,0.04967724873290896,0.059266416587405696
159,4,400316,flow,15,401472,flow,1,1.1435885394942794e-31,1.7035525829707887e-29,0.25843359416455025
159,4,400316,flow,15,401472,flow,2,1.9127195002602905e-08,5.475777495774986e-07,0.12568161493810487
159,4,400316,flow,15,401472,flow,4,0.0026110902003552735,0.020019325668108823,-0.06751151161777832
159,4,400316,flow,15,401472,flow,8,1.2727621899951331e-06,2.6677984768456937e-05,-0.10844294935148781
159,4,400316,flow,15,401472,flow,9,8.684246470846421e-17,5.641495451737826e-15,-0.1852281153264851
159,4,400316,flow,15,401472,flow,10,0.0008630888412796811,0.008178424642088665,-0.07470435769021418
159,4,400316,flow,15,401472,flow,11,3.075728580469391e-08,8.49561858543975e-07,0.12384765812024018
159,4,400316,flow,15,401472,flow,12,4.474865464065994e-47,9.205437526078618e-45,0.3152689728026231
159,4,400316,flow,16,405838,flow,1,8.315940520664072e-05,0.001094856715422409,0.08818473188092796
159,4,400316,flow,16,405838,flow,6,0.0018576041255191345,0.015288340297661764,0.06979233552139205
159,4,400316,flow,17,400260,flow,2,2.9854056309879503e-09,9.696956635990937e-08,0.1326143627999639
159,4,400316,flow,17,400260,flow,3,1.4503558014680143e-11,5.989997191531379e-10,0.1507562412264239
159,4,400316,flow,17,400260,flow,4,4.275346901146236e-12,1.8769815663568838e-10,0.15461628999535057
159,4,400316,flow,17,400260,flow,5,3.6123389799388686e-12,1.5989041386614664e-10,0.15514117512197448
159,4,400316,flow,17,400260,flow,6,1.2343734879707432e-10,4.653135661460394e-09,0.14373832278175028
159,4,400316,flow,17,400260,flow,7,1.9259204495284053e-08,5.509918107260073e-07,0.12565524665269096
159,4,400316,flow,17,400260,flow,8,0.00036216637035342065,0.0038938743651736616,0.07994591802554767
159,4,400316,flow,17,400260,flow,10,3.123981194693617e-06,6.0302049870761505e-05,-0.10440309914035481
159,4,400316,flow,17,400260,flow,11,4.775006547287672e-06,8.740689950967264e-05,-0.102441785673005
159,4,400316,flow,17,400260,flow,12,0.00823331229435016,0.04962733237280967,-0.05927779113122761
159,4,400316,flow,18,404528,flow,1,1.6532123626408848e-09,5.501065729079177e-08,0.13474678882087313
159,4,400316,flow,18,404528,flow,2,6.699614838058757e-07,1.49418358804408e-05,0.11124453004807616
159,4,400316,flow,18,404528,flow,3,0.0001687512251148797,0.0020306554108531485,0.08431324617366032
159,4,400316,flow,18,404528,flow,12,1.693605320230095e-07,4.149957449457748e-06,0.11703167905795818
159,4,400316,flow,19,401795,flow,1,0.00010680205605526923,0.001362222858455161,0.08683383033941101
159,4,400316,flow,19,401795,flow,2,0.00016520638357420985,0.0019929951886081725,0.08443173741134045
159,4,400316,flow,19,401795,flow,3,5.021795359983222e-08,1.3441236651256209e-06,0.12192673854056414
159,4,400316,flow,19,401795,flow,5,0.00023060003140422893,0.0026431205509850593,0.08255268068456817
159,4,400316,flow,19,401795,flow,6,2.1481677249941847e-05,0.0003332166812199238,0.09518610281758538
159,4,400316,flow,19,401795,flow,9,0.000955741652756485,0.00887533091123821,-0.07406740767575522
159,4,400316,flow,19,401795,flow,10,9.751294116876296e-06,0.0001651983944506102,-0.09905885549339134
159,4,400316,flow,19,401795,flow,11,0.007101699301403438,0.04438562063377149,-0.06039046617257009
159,4,400316,occupancy,1,400125,flow,1,3.066160996456133e-20,2.5770069075273334e-18,0.20474915150116774
159,4,400316,occupancy,1,400125,flow,2,4.659737407260511e-11,1.828343832821563e-09,0.14697273173809697
159,4,400316,occupancy,1,400125,flow,3,1.6486800497267994e-07,4.051363944721146e-06,0.11714207296341721
159,4,400316,occupancy,1,400125,flow,4,6.91049090392403e-08,1.804916608521875e-06,0.12065984256636604
159,4,400316,occupancy,1,400125,flow,5,1.069231663910384e-06,2.2799016723064458e-05,0.10921044999278945
159,4,400316,occupancy,1,400125,flow,6,0.002502876029797507,0.019380577968677596,0.0677986508318058
159,4,400316,occupancy,1,400125,flow,8,0.0001153328825301297,0.0014564105598660051,0.08641508311857962
159,4,400316,occupancy,1,400125,flow,9,2.539646404109912e-12,1.1440325824561855e-10,0.15623287466489452
159,4,400316,occupancy,1,400125,flow,10,1.902569524128146e-22,1.7828851072090217e-20,0.21625644772212405
159,4,400316,occupancy,1,400125,flow,11,2.8529475970606987e-27,3.5113201194593215e-25,0.2393457849559871
159,4,400316,occupancy,1,400125,flow,12,2.4454202779239106e-18,1.7966353062298118e-16,0.19425108627098525
159,4,400316,occupancy,3,400039,flow,1,5.096750958402226e-24,5.21752704746389e-22,0.2240659150920643
159,4,400316,occupancy,3,400039,flow,2,2.350845953983315e-15,1.4085512512077562e-13,0.1764628641922656
159,4,400316,occupancy,3,400039,flow,3,1.2170150667860097e-12,5.696105187990858e-11,0.15848766496904396
159,4,400316,occupancy,3,400039,flow,4,1.4188405733668434e-09,4.7923309436628326e-08,0.13529298979933
159,4,400316,occupancy,3,400039,flow,5,1.457059338544836e-07,3.6071612278015422e-06,0.11764812965325172
159,4,400316,occupancy,3,400039,flow,6,8.193628185422446e-05,0.001079819211745728,0.0882641365386365
159,4,400316,occupancy,3,400039,flow,9,0.0005132660150921126,0.0052580251012519005,0.07787901889115724
159,4,400316,occupancy,3,400039,flow,10,2.1741065546464703e-06,4.340175746798868e-05,0.10605156249723446
159,4,400316,occupancy,3,400039,flow,11,2.7282718912382148e-08,7.60395778719296e-07,0.12431295819369267
159,4,400316,occupancy,3,400039,flow,12,2.2754372760847454e-05,0.00035044167674460247,0.09489812501165408
159,4,400316,occupancy,4,400316,flow,2,0.005670531993526648,0.03717817303389759,-0.06205207674840418
159,4,400316,occupancy,4,400316,flow,3,0.005211131415286379,0.03490978050362525,-0.06266631180492614
159,4,400316,occupancy,4,400316,flow,8,0.00017418749530086374,0.0020873508452142336,0.08413600042831693
159,4,400316,occupancy,4,400316,flow,9,1.0400661718778314e-13,5.4329937878019735e-12,0.16580088738111398
159,4,400316,occupancy,4,400316,flow,10,1.2814020175729703e-20,1.1093500432695855e-18,0.2067733115784159
159,4,400316,occupancy,4,400316,flow,11,1.4578515433746778e-13,7.497522223069771e-12,0.16481648774663765
159,4,400316,occupancy,4,400316,flow,12,0.00153933961554223,0.013108893908057282,0.0710240527444706
159,4,400316,occupancy,5,400503,flow,1,3.6731173149228576e-11,1.4571043893908857e-09,0.14775187559727593
159,4,400316,occupancy,5,400503,flow,2,1.0740658627344396e-08,3.204395391583411e-07,0.12787503510142045
159,4,400316,occupancy,5,400503,flow,3,1.3814685230381092e-08,4.062421919899774e-07,0.12692291594138486
159,4,400316,occupancy,5,400503,flow,4,1.4989702353508097e-09,5.027602031611411e-08,0.1350969607939809
159,4,400316,occupancy,5,400503,flow,5,8.928025330962952e-11,3.3981558968951504e-09,0.14482189857423008
159,4,400316,occupancy,5,400503,flow,6,2.6581801464088008e-11,1.0752189356260318e-09,0.14880439292949918
159,4,400316,occupancy,5,400503,flow,7,1.518745343025681e-13,7.782894284544416e-12,0.16469678745063984
159,4,400316,occupancy,5,400503,flow,8,6.711223120835991e-16,4.15365098596153e-14,0.1798464024188556
159,4,400316,occupancy,5,400503,flow,9,3.5199088825474614e-22,3.2422188427729283e-20,0.21489860915070924
159,4,400316,occupancy,5,400503,flow,10,7.587636005157067e-27,9.130525777793462e-25,0.23741096768950948
159,4,400316,occupancy,5,400503,flow,11,9.406495703926009e-28,1.184724823351614e-25,0.24151974484551367
159,4,400316,occupancy,5,400503,flow,12,3.298173159003226e-20,2.7612612493980496e-18,0.20457895604808307
159,4,400316,occupancy,6,405843,flow,1,1.7245768541160708e-13,8.779958471279134e-12,0.16432443829361992
159,4,400316,occupancy,6,405843,flow,2,1.9600531268017763e-10,7.237119237421943e-09,0.1421418943237872
159,4,400316,occupancy,6,405843,flow,3,2.3614735086894384e-09,7.740186310727143e-08,0.1334642965866219
159,4,400316,occupancy,6,405843,flow,4,5.816220470795588e-12,2.512607243383694e-10,0.15365290304830334
159,4,400316,occupancy,6,405843,flow,5,4.259096208868137e-13,2.0753488054253e-11,0.16165056431126573
159,4,400316,occupancy,6,405843,flow,6,7.822552462704121e-09,2.3753220576764805e-07,0.12906449376854157
159,4,400316,occupancy,6,405843,flow,7,4.793899446963167e-06,8.764208722474042e-05,0.10242336547179356
159,4,400316,occupancy,6,405843,flow,8,7.695684144287016e-08,1.9883585827344443e-06,0.12022985836429934
159,4,400316,occupancy,6,405843,flow,9,1.5384042462824676e-16,9.919263199910835e-15,0.18373970918982238
159,4,400316,occupancy,6,405843,flow,10,1.6027542356244695e-30,2.2775981243084567e-28,0.25361080789708373
159,4,400316,occupancy,6,405843,flow,11,3.9876393296724325e-36,6.72914136882223e-34,0.2762832704432122
159,4,400316,occupancy,6,405843,flow,12,5.968604292183553e-23,5.781249000500662e-21,0.21879035596504606
159,4,400316,occupancy,7,408093,flow,1,0.00017543672824795346,0.0020982465836964534,0.08409600535279826
159,4,400316,occupancy,7,408093,flow,2,0.0001328573022743101,0.0016473695345149816,0.08563940144314913
159,4,400316,occupancy,7,408093,flow,3,8.815839774360039e-06,0.00015059085735561633,0.09954322168947241
159,4,400316,occupancy,7,408093,flow,4,7.433458853264862e-05,0.0009925477339465768,0.08878428806069187
159,4,400316,occupancy,7,408093,flow,9,0.008253741526316031,0.04970885737304511,0.05925899398541117
159,4,400316,occupancy,7,408093,flow,10,0.0018638877443702215,0.01532660905854035,0.06977003067706074
159,4,400316,occupancy,8,401448,flow,1,3.1282250074478344e-17,2.141669101770942e-15,0.18785522033748372
159,4,400316,occupancy,8,401448,flow,2,5.24901637720099e-17,3.4725498850701806e-15,0.1865283543649199
159,4,400316,occupancy,8,401448,flow,3,4.508809394515388e-12,1.9714632170350685e-10,0.15445030505238908
159,4,400316,occupancy,8,401448,flow,4,2.2383452251971327e-10,8.201570290798655e-09,0.14172600880031572
159,4,400316,occupancy,8,401448,flow,5,2.0409730732072463e-08,5.815965485656533e-07,0.12543258749502942
159,4,400316,occupancy,8,401448,flow,6,3.5625985549512756e-06,6.750186735697154e-05,0.103799512404205
159,4,400316,occupancy,8,401448,flow,7,1.2915432030385832e-05,0.00021279430347546452,0.09769729822899358
159,4,400316,occupancy,8,401448,flow,8,3.2829270724193502e-06,6.300419792470722e-05,0.10417549349006387
159,4,400316,occupancy,8,401448,flow,9,5.6437222834491264e-08,1.4966777326273926e-06,0.12146490105031363
159,4,400316,occupancy,8,401448,flow,10,1.212446246504854e-14,6.88274347555975e-13,0.17193108906854124
159,4,400316,occupancy,8,401448,flow,11,1.042101368882083e-21,9.378912319938746e-20,0.21248033418157258
159,4,400316,occupancy,8,401448,flow,12,3.160190187899983e-27,3.8674282186198092e-25,0.2391442845605767
159,4,400316,occupancy,9,402391,flow,1,7.744580084668127e-14,4.07014427807376e-12,0.16665564402834912
159,4,400316,occupancy,9,402391,flow,2,3.0286958596215694e-07,7.126343199109575e-06,0.11461980481131576
159,4,400316,occupancy,9,402391,flow,3,0.00032883160195784736,0.0035809239235137396,0.08050987250473567
159,4,400316,occupancy,9,402391,flow,9,4.380306018052714e-06,8.104035116911231e-05,0.10284346796584529
159,4,400316,occupancy,9,402391,flow,10,8.522377008375535e-11,3.2494853200513956e-09,0.14497676975339413
159,4,400316,occupancy,9,402391,flow,11,2.6166792440705602e-12,1.1738374179008122e-10,0.15614058729864863
159,4,400316,occupancy,9,402391,flow,12,8.215300269789747e-08,2.1074879551954696e-06,0.11996807362552234
159,4,400316,occupancy,10,400497,flow,3,8.657694758502015e-18,6.151519959988275e-16,0.19110680287501763
159,4,400316,occupancy,10,400497,flow,4,3.530429415299338e-28,4.525654324656719e-26,0.24342199870876155
159,4,400316,occupancy,10,400497,flow,5,2.4483810900111002e-11,9.940795403052588e-10,0.14907077529669893
159,4,400316,occupancy,10,400497,flow,8,2.1486602495021065e-15,1.2909891902432683e-13,0.17670783064149742
159,4,400316,occupancy,10,400497,flow,9,2.222583691957627e-71,7.112267814264407e-69,0.3855163009305581
159,4,400316,occupancy,10,400497,flow,10,1.8863218075116362e-117,9.701083581488416e-115,0.48455470735674017
159,4,400316,occupancy,10,400497,flow,11,1.4731361292572584e-80,4.971834436243247e-78,0.4080711571055794
159,4,400316,occupancy,10,400497,flow,12,8.396210831961459e-09,2.5382526797812106e-07,0.12879990445722578
159,4,400316,occupancy,12,404520,flow,2,0.00045488512325591104,0.004750069452418505,-0.07860026403025709
159,4,400316,occupancy,12,404520,flow,4,0.002339870663264396,0.018410852510780996,0.0682533598510896
159,4,400316,occupancy,12,404520,flow,5,7.542023512207249e-07,1.6631721068267135e-05,0.11073254773624616
159,4,400316,occupancy,12,404520,flow,6,5.922606311838454e-08,1.562006060265087e-06,0.12127361454931705
159,4,400316,occupancy,12,404520,flow,7,4.497832688638031e-09,1.413137251993912e-07,0.13111549377356835
159,4,400316,occupancy,12,404520,flow,8,2.9032970759731792e-15,1.7204723413174398e-13,0.17588653022818926
159,4,400316,occupancy,12,404520,flow,9,3.172819586743214e-25,3.4876795457329986e-23,0.22986153929955977
159,4,400316,occupancy,12,404520,flow,10,2.2164256206199235e-27,2.7514249083557674e-25,0.23984234873416393
159,4,400316,occupancy,12,404520,flow,11,6.610576886227498e-11,2.556642090286732e-09,0.14581991092734226
159,4,400316,occupancy,14,401469,flow,1,4.2491798099466835e-05,0.0006072264895458046,0.0917194834221123
159,4,400316,occupancy,14,401469,flow,2,0.00016045223807150514,0.0019405197885467588,0.08459446061067018
159,4,400316,occupancy,14,401469,flow,3,0.0026417864950775203,0.020217037482258438,0.06743204087451803
159,4,400316,occupancy,14,401469,flow,4,4.465176658330707e-06,8.236363434666376e-05,0.10275425142681008
159,4,400316,occupancy,14,401469,flow,5,1.4667064763816562e-06,3.0287628957785633e-05,0.10781440358573051
159,4,400316,occupancy,14,401469,flow,6,0.00019852609565152514,0.0023282318285639736,0.08340126853367133
159,4,400316,occupancy,14,401469,flow,7,0.0013495759311094014,0.01177098328768951,0.07187536937827976
159,4,400316,occupancy,14,401469,flow,8,5.134929638125359e-05,0.0007169649656335343,0.09073555089959295
159,4,400316,occupancy,14,401469,flow,9,3.871555109447924e-06,7.268630192444603e-05,0.10341571639497835
159,4,400316,occupancy,14,401469,flow,10,1.3917800968525396e-10,5.210129998616093e-09,0.14333479684295275
159,4,400316,occupancy,14,401469,flow,11,3.470904933631499e-17,2.3650330147142075e-15,0.18758952063750683
159,4,400316,occupancy,14,401469,flow,12,4.9282385679066985e-15,2.879245084631986e-13,0.17443307114179288
159,4,400316,occupancy,15,401472,flow,1,3.367926475923874e-22,3.1221979347620464e-20,0.21499633073153765
159,4,400316,occupancy,15,401472,flow,3,0.0005582902666880922,0.005646953762801589,-0.07737324092282684
159,4,400316,occupancy,15,401472,flow,7,0.0018573640060181315,0.015288340297661764,-0.0697931892423236
159,4,400316,occupancy,15,401472,flow,9,1.8380925186694664e-37,3.2410447676131e-35,0.28138290746439054
159,4,400316,occupancy,15,401472,flow,10,1.0745136613154654e-122,5.7307395270158156e-120,0.49400107499412577
159,4,400316,occupancy,15,401472,flow,11,1.9673282902322506e-152,1.3490251133021146e-149,0.5425778811166606
159,4,400316,occupancy,15,401472,flow,12,5.2780022516286125e-50,1.1400484863517803e-47,0.3247595282827453
159,4,400316,occupancy,16,405838,flow,1,4.388738750141313e-12,1.9228551116237803e-10,0.15453459159229851
159,4,400316,occupancy,16,405838,flow,2,7.575464172332912e-08,1.9631676799327043e-06,0.12029285965022855
159,4,400316,occupancy,16,405838,flow,3,1.4117201888907072e-06,2.9250029812987314e-05,0.10798408292682957
159,4,400316,occupancy,16,405838,flow,4,3.294447222290064e-07,7.69714007587511e-06,0.11426676655890153
159,4,400316,occupancy,16,405838,flow,5,8.300597799158435e-06,0.0001427491341256546,0.09983141041136348
159,4,400316,occupancy,16,405838,flow,6,0.007365141304800757,0.04557062508842634,0.06011794443252582
159,4,400316,occupancy,17,400260,flow,1,2.3150528887279994e-51,5.2361405650811296e-49,0.32904728795223315
159,4,400316,occupancy,17,400260,flow,2,7.966956621654883e-50,1.7038243864133214e-47,0.324189675378819
159,4,400316,occupancy,17,400260,flow,3,1.498899304431709e-45,2.943293179611356e-43,0.31018643253631106
159,4,400316,occupancy,17,400260,flow,4,2.8489138437570573e-30,3.995879157477431e-28,0.2525463050237152
159,4,400316,occupancy,17,400260,flow,5,4.129687123933616e-18,2.9933302643277214e-16,0.1929544170863122
159,4,400316,occupancy,17,400260,flow,6,3.4598565627492365e-08,9.483870781140039e-07,0.12338918872108721
159,4,400316,occupancy,17,400260,flow,7,0.0014828968819628361,0.01270094923071846,0.07126667610472863
159,4,400316,occupancy,17,400260,flow,10,0.00027650541793096416,0.003084977803361997,0.08151334172842066
159,4,400316,occupancy,17,400260,flow,11,3.5328244897117505e-14,1.914906122403358e-12,0.16890923516585749
159,4,400316,occupancy,17,400260,flow,12,3.358339246666089e-30,4.6351519315008005e-28,0.25224093524440117
159,4,400316,occupancy,18,404528,flow,1,3.586807522301318e-08,9.806967402747908e-07,0.1232484727100155
159,4,400316,occupancy,18,404528,flow,2,0.00010197050394943066,0.0013071589823784582,0.08708520742606009
159,4,400316,occupancy,18,404528,flow,3,0.0036743861760711164,0.02645117193905553,0.06515453521423446
159,4,400316,occupancy,18,404528,flow,4,0.007315470222916581,0.04535613932444561,0.060168651437830456
159,4,400316,occupancy,18,404528,flow,5,0.00723420207389694,0.04499244595340453,0.06025228405087367
159,4,400316,occupancy,18,404528,flow,9,0.0031700950368144624,0.023412239645456058,0.06618186208575648
159,4,400316,occupancy,18,404528,flow,10,0.0004702758574851443,0.00487894261367873,0.07840210308525576
159,4,400316,occupancy,18,404528,flow,11,0.0014007292637943382,0.012131416238154655,0.07163553412833451
159,4,400316,occupancy,19,401795,flow,1,1.7227405162868272e-17,1.1984281852430101e-15,0.18937248262527936
159,4,400316,occupancy,19,401795,flow,2,2.195941416110799e-10,8.059869938486536e-09,0.14179111764113722
159,4,400316,occupancy,19,401795,flow,3,2.1110516333051553e-06,4.2318993298739074e-05,0.10618434098019881
159,4,400316,occupancy,19,401795,flow,4,1.773062567252601e-05,0.00028160405479894253,0.096140482554501
159,4,400316,occupancy,19,401795,flow,11,9.278600939758578e-09,2.7893915142489256e-07,0.12842538084574698
159,4,400316,occupancy,19,401795,flow,12,1.490958451974858e-12,6.903473218147253e-11,0.15786864813578083
159,4,400316,speed,4,400316,flow,10,0.000961475396604044,0.008922822155380173,-0.07402989586265758
159,4,400316,speed,4,400316,flow,11,0.0013066487375130193,0.011461365575748717,-0.07208319282165354
159,4,400316,speed,8,401448,flow,4,0.003510464418092027,0.025436441271649714,-0.06547359709418624
159,4,400316,speed,10,400497,flow,11,0.00039090381434986717,0.0041644993292020375,-0.07949740770202224
159,4,400316,speed,12,404520,flow,3,0.0026770620070891084,0.020400260840756655,0.06734174975866696
159,4,400316,speed,12,404520,flow,10,0.0002322022771239086,0.0026572551978153247,-0.0825132569417417
159,4,400316,speed,12,404520,flow,11,0.0022124210345458913,0.017629163799317036,-0.06862954692723762
159,4,400316,speed,15,401472,flow,11,0.00022833495635387306,0.0026220282069344273,-0.08260885407026475
159,4,400316,speed,15,401472,flow,12,1.5153804709685752e-05,0.00024436146452348805,-0.0969149592006942
159,4,400316,speed,17,400260,flow,1,0.0031773229797506892,0.023459298021744963,-0.0661661166303517
159,4,400316,speed,17,400260,flow,2,4.355004018030709e-05,0.0006198885455648323,-0.09159219922857978
159,4,400316,speed,17,400260,flow,3,2.894455130848075e-06,5.624852076142007e-05,-0.10475217366087376
159,4,400316,speed,17,400260,flow,4,2.9085743159224812e-06,5.649748671216331e-05,-0.10472994704888297
159,4,400316,speed,17,400260,flow,5,8.637556917734036e-05,0.0011327943498667587,-0.08798108747155862
159,4,400316,speed,17,400260,flow,6,0.0010314511939440072,0.009446404828997479,-0.07358804798774776
159,4,400316,speed,19,401795,flow,1,0.007071305106492472,0.044252298644665095,-0.060422488997824465
159,4,400316,speed,19,401795,flow,2,0.00011372861761745674,0.0014395183946891684,-0.08649155082434924
159,4,400316,speed,19,401795,flow,3,0.004476757306857877,0.03100287201927866,-0.06375809522187299
159,5,400503,flow,0,400593,flow,10,0.001683976333670967,0.014127924783140086,0.07043780992405269
159,5,400503,flow,1,400125,flow,1,0.00016974264034736255,0.002042016725983309,0.08428052541195566
159,5,400503,flow,1,400125,flow,2,0.001649923477153348,0.013885971987731276,0.07057154203040554
159,5,400503,flow,1,400125,flow,5,7.362826124323551e-06,0.00012851478326092016,0.10040279092919005
159,5,400503,flow,1,400125,flow,10,0.005552497602032067,0.036609874299112534,0.06220548342783071
159,5,400503,flow,1,400125,flow,11,0.0003693933260652551,0.003961715910133818,0.07983007813505658
159,5,400503,flow,3,400039,flow,1,0.0047425764817884105,0.03239710689646732,0.06334537202967877
159,5,400503,flow,3,400039,flow,3,0.0019189101690914102,0.01569720115598351,0.06957761410382687
159,5,400503,flow,4,400316,flow,10,0.0008442294718554542,0.008024359336447882,0.07484173240903526
159,5,400503,flow,4,400316,flow,11,0.0008923657125618596,0.008400566306967167,0.07449651415463517
159,5,400503,flow,4,400316,flow,12,0.002763569999482304,0.020915596352073497,0.06712484110817597
159,5,400503,flow,5,400503,flow,1,7.878970963279059e-75,2.6182426585665794e-72,0.3940198306775218
159,5,400503,flow,5,400503,flow,2,1.9997289544698083e-34,3.199566327151693e-32,0.2695030720292176
159,5,400503,flow,5,400503,flow,3,7.035458479617788e-05,0.0009459439972595346,0.08905467582325988
159,5,400503,flow,5,400503,flow,4,1.095275079039488e-05,0.00018339489695544915,0.09847334682045052
159,5,400503,flow,5,400503,flow,7,0.000313102762645107,0.0034330049102204623,0.08079479299643802
159,5,400503,flow,6,405843,flow,6,0.007600027190053435,0.0467161603031173,0.059882234606115144
159,5,400503,flow,6,405843,flow,11,0.0003883221713309296,0.004141080671808482,0.07953641830770926
159,5,400503,flow,6,405843,flow,12,0.0004150432514587407,0.004393713738847272,0.0791438511921843
159,5,400503,flow,8,401448,flow,1,3.5096207326020186e-06,6.676160970867776e-05,0.10386851024449585
159,5,400503,flow,8,401448,flow,2,3.5780614594970882e-06,6.773543166094401e-05,0.10377955894660319
159,5,400503,flow,8,401448,flow,3,8.062805109675583e-08,2.073292742488007e-06,0.12004320068382045
159,5,400503,flow,8,401448,flow,4,3.1426505922610514e-05,0.0004683080565218262,0.09326728809914914
159,5,400503,flow,8,401448,flow,5,2.403295993187641e-05,0.0003684257874581479,0.09462384376319109
159,5,400503,flow,8,401448,flow,6,3.4677967191576436e-05,0.0005093805449425712,0.09276475400776166
159,5,400503,flow,8,401448,flow,8,0.005763740430217332,0.0376180067359705,0.061932956430705906
159,5,400503,flow,8,401448,flow,9,0.001684690163999444,0.014127924783140086,0.07043503326885893
159,5,400503,flow,8,401448,flow,12,0.0006558570671593105,0.006468727237735665,0.07639612878332273
159,5,400503,flow,9,402391,flow,1,0.00026769033997183417,0.003003694204359282,0.08169970015712975
159,5,400503,flow,10,400497,flow,1,3.4506046704067674e-05,0.0005070276250393617,0.09279018255293842
159,5,400503,flow,10,400497,flow,11,7.857947945852531e-08,2.0242298822947486e-06,0.12014631775290045
159,5,400503,flow,11,405841,flow,10,8.102606453427337e-05,0.001071091183561998,0.08832395735240982
159,5,400503,flow,12,404520,flow,10,3.074618165897364e-05,0.0004589616612535111,0.09337866029029773
159,5,400503,flow,12,404520,flow,11,0.003780184912782862,0.027086413705791946,0.0649554055281952
159,5,400503,flow,13,400183,flow,2,0.0002990265363392974,0.0033025170330673436,0.0810613679866746
159,5,400503,flow,13,400183,flow,3,0.0033436355311344214,0.024552958515214517,0.06581254179380569
159,5,400503,flow,14,401469,flow,2,0.006658466831977918,0.042275979885574085,0.060870145740030884
159,5,400503,flow,14,401469,flow,3,2.2063759497279713e-05,0.0003411256137214187,0.09505243368926429
159,5,400503,flow,14,401469,flow,5,2.2443353374224246e-05,0.0003463925922709852,0.09496705907939455
159,5,400503,flow,14,401469,flow,11,0.00010699549948913117,0.0013638847972648174,0.08682399064038712
159,5,400503,flow,14,401469,flow,12,0.00017382044107561124,0.0020852621324335637,0.08414780316912404
159,5,400503,flow,15,401472,flow,1,3.601005589067829e-07,8.359131727443858e-06,0.11389214829575593
159,5,400503,flow,15,401472,flow,7,0.0022059632729488216,0.01758583011466859,-0.06864913174405068
159,5,400503,flow,15,401472,flow,8,0.0028237410596228885,0.021307530790516817,-0.06697759461130735
159,5,400503,flow,15,401472,flow,11,6.941508785792341e-08,1.8108283789023498e-06,0.12064197875628274
159,5,400503,flow,15,401472,flow,12,8.391611429337683e-05,0.0011025474870662649,0.08813615708582485
159,5,400503,flow,17,400260,flow,1,0.0030081547607266955,0.022413295216176826,0.06654349638080315
159,5,400503,flow,17,400260,flow,2,9.880799030606171e-08,2.500588858360788e-06,0.11922546954721115
159,5,400503,flow,17,400260,flow,3,1.8383864626005957e-08,5.287503008278678e-07,0.1258334706591402
159,5,400503,flow,17,400260,flow,4,5.573513945857429e-08,1.481697245914098e-06,0.12151449883563627
159,5,400503,flow,17,400260,flow,5,4.912183975202736e-05,0.0006890218240814312,0.09096688809552901
159,5,400503,flow,17,400260,flow,6,3.6758081835345564e-05,0.0005359261340826623,0.09246622058311774
159,5,400503,flow,17,400260,flow,7,0.001041584118600341,0.00952305479863169,0.07352637813629227
159,5,400503,flow,18,404528,flow,1,0.0007576515675652695,0.007317359203849685,0.07551133094864802
159,5,400503,flow,19,401795,flow,2,0.0037027196954149714,0.026615223101818096,0.06510070159720922
159,5,400503,flow,19,401795,flow,3,5.698471344329007e-06,0.00010227418449315044,0.10161396625765332
159,5,400503,flow,19,401795,flow,4,0.0006856178212862979,0.006723879654839516,0.07612495459236777
159,5,400503,flow,19,401795,flow,5,0.0009794490867433732,0.009058488663522527,0.07391363392009612
159,5,400503,occupancy,0,400593,flow,10,0.00040053182005364286,0.004254481098184749,0.07935401193376179
159,5,400503,occupancy,0,400593,flow,11,0.0004371377754319278,0.00459473282205822,0.07883668152078771
159,5,400503,occupancy,0,400593,flow,12,6.585386462736404e-06,0.00011659372753697241,0.10093191672349432
159,5,400503,occupancy,1,400125,flow,5,0.006230046392560836,0.04002647295636944,0.06136188041468913
159,5,400503,occupancy,6,405843,flow,8,0.001424815241860516,0.012300563239083592,-0.07152538839760782
159,5,400503,occupancy,7,408093,flow,1,0.0012741573136784846,0.011223614239811724,-0.07224472279482855
159,5,400503,occupancy,7,408093,flow,3,0.0034266218974323853,0.02502198545792411,0.06564206279947277
159,5,400503,occupancy,8,401448,flow,5,0.004575460058396585,0.0314995815972482,0.06360231855574568
159,5,400503,occupancy,8,401448,flow,10,0.00042530440122020733,0.0044845374988315735,0.0789993446310995
159,5,400503,occupancy,16,405838,flow,10,0.0017469221386449214,0.014577368435283098,-0.07019702444498588
159,5,400503,occupancy,18,404528,flow,4,0.0011089826424363811,0.01001422453036197,0.07312976197961453
159,5,400503,occupancy,19,401795,flow,4,0.00021116310845213055,0.0024528761186157675,0.08305255686904042
159,5,400503,speed,0,400593,flow,11,0.0025933729711822297,0.019906487625279374,-0.06755776971669586
159,5,400503,speed,0,400593,flow,12,1.375281970279815e-05,0.00022530216577962837,-0.09739049811542462
159,5,400503,speed,3,400039,flow,9,0.004944453261932197,0.03350594210438759,-0.06304568348180353
159,5,400503,speed,6,405843,flow,11,0.007573455395210159,0.0465793384215659,0.05990856954521983
159,5,400503,speed,7,408093,flow,3,0.0004009936454168961,0.0042562470471768825,-0.07934721485853466
159,5,400503,speed,8,401448,flow,10,0.003039508090686911,0.022619595093483987,-0.066472117533338
159,5,400503,speed,14,401469,flow,9,0.00489500139604346,0.033243839067611615,-0.0631180580265145
159,5,400503,speed,18,404528,flow,5,0.0023872916154369503,0.018676384966837423,-0.06811816294609138
159,6,405843,flow,0,400593,flow,4,0.002120504069297186,0.017023931572874643,0.0689133778167629
159,6,405843,flow,0,400593,flow,12,0.0007184354135936021,0.006998063104226293,0.07583832105299745
159,6,405843,flow,1,400125,flow,1,0.0017640825570602004,0.014686126707596728,0.07013276439766716
159,6,405843,flow,1,400125,flow,2,0.00048206462787579615,0.004983295507115193,0.0782543663164324
159,6,405843,flow,1,400125,flow,11,0.0016015800359829148,0.013553037718797633,0.07076582199352156
159,6,405843,flow,1,400125,flow,12,6.112161362372008e-07,1.3709520812797027e-05,0.11163967790057507
159,6,405843,flow,3,400039,flow,1,0.00011514428186194112,0.001454879490036811,0.08642402063801889
159,6,405843,flow,3,400039,flow,2,0.00335151587631093,0.024594195892268442,0.06579618874710791
159,6,405843,flow,3,400039,flow,3,0.00025962336697210836,0.0029230465085210012,0.08187535063968583
159,6,405843,flow,3,400039,flow,6,5.036519339669413e-05,0.0007041347426333936,0.09083656093965195
159,6,405843,flow,3,400039,flow,11,0.0011712129391266495,0.010478367283411331,0.07278286221780904
159,6,405843,flow,3,400039,flow,12,0.0001986003307467186,0.0023282318285639736,0.08339915989299393
159,6,405843,flow,4,400316,flow,12,2.62848007695423e-08,7.363835235046869e-07,0.12445725124794303
159,6,405843,flow,5,400503,flow,2,0.00011175871029912596,0.0014166597080170896,0.08658684989267655
159,6,405843,flow,5,400503,flow,7,0.00012873542980975378,0.0016040872707762802,0.08581277869815869
159,6,405843,flow,5,400503,flow,9,0.001980206280464316,0.016110152790218164,0.0693691309227546
159,6,405843,flow,5,400503,flow,11,8.923553634613295e-05,0.001163941778427821,0.08780592376904747
159,6,405843,flow,5,400503,flow,12,0.004400385361582379,0.03058610709660405,0.06388077714421841
159,6,405843,flow,6,405843,flow,1,5.865684616920688e-74,1.9343326370303336e-71,0.39194117188394895
159,6,405843,flow,6,405843,flow,2,3.9444067307594447e-25,4.3248317454012186e-23,0.22935667885160882
159,6,405843,flow,6,405843,flow,3,3.891441402105408e-13,1.9125172761200642e-11,0.16187932800969704
159,6,405843,flow,6,405843,flow,4,2.6156475346413457e-06,5.1478803415264754e-05,0.1052137942760067
159,6,405843,flow,6,405843,flow,5,3.925985786107134e-12,1.7306386322431448e-10,0.15488205001509758
159,6,405843,flow,6,405843,flow,6,4.8216454486786246e-05,0.0006776027436008998,0.09106377091396091
159,6,405843,flow,6,405843,flow,7,7.425983856071363e-06,0.0001294602512438591,0.10036218287306127
159,6,405843,flow,6,405843,flow,11,0.0007857540333512984,0.007553309799905672,0.07528653226913792
159,6,405843,flow,6,405843,flow,12,2.1953629723244794e-06,4.380585699973095e-05,0.10600763341854487
159,6,405843,flow,7,408093,flow,1,8.222148727745629e-10,2.8529865464948688e-08,0.13715624518776842
159,6,405843,flow,7,408093,flow,5,0.00506662784797681,0.034147409161491796,0.06286964278501468
159,6,405843,flow,8,401448,flow,1,0.004967987405261478,0.03360743124135544,0.06301146990921509
159,6,405843,flow,8,401448,flow,2,0.0003016755962624422,0.003323740310772125,0.0810103156022939
159,6,405843,flow,8,401448,flow,4,0.00014334187509505562,0.0017606963332688094,0.08522023008199818
159,6,405843,flow,8,401448,flow,10,4.280794438744474e-05,0.0006110562430606663,0.09168114579346469
159,6,405843,flow,8,401448,flow,11,0.008123819814943705,0.04917934855561353,0.059379252799169634
159,6,405843,flow,8,401448,flow,12,4.5309534119879126e-05,0.0006409207183951468,0.09138692008366579
159,6,405843,flow,9,402391,flow,1,6.0697337623170915e-05,0.0008311014216548283,0.08985817713855367
159,6,405843,flow,9,402391,flow,2,9.999813658772985e-07,2.1449451343544835e-05,0.10950401455698647
159,6,405843,flow,9,402391,flow,3,0.0022461338613430524,0.017823457954009685,0.06852814638048438
159,6,405843,flow,9,402391,flow,6,0.007654279690377205,0.046992393021566235,0.05982872082474972
159,6,405843,flow,9,402391,flow,7,0.001273853491964673,0.011223614239811724,0.07224625108469179
159,6,405843,flow,9,402391,flow,9,0.008215597717009054,0.04956355817341676,0.05929412428649641
159,6,405843,flow,10,400497,flow,1,0.0020230326328366435,0.016388269268482844,0.06922695236880741
159,6,405843,flow,10,400497,flow,5,3.8685339554404133e-10,1.3845954173572978e-08,0.13985066014855374
159,6,405843,flow,10,400497,flow,6,7.804703309231317e-06,0.00013551574877764986,0.10012539056277775
159,6,405843,flow,10,400497,flow,10,1.1965379413122934e-08,3.550167518179332e-07,0.12746741517875473
159,6,405843,flow,10,400497,flow,11,2.054144318825113e-13,1.0390987654946707e-11,0.16381069660900954
159,6,405843,flow,10,400497,flow,12,6.24987809172042e-23,6.040150638978125e-21,0.21869030828922997
159,6,405843,flow,11,405841,flow,10,0.005026626342777602,0.03392853084938534,0.062926854415578
159,6,405843,flow,12,404520,flow,3,0.0006866112273716706,0.006732093740911523,-0.07611609277264775
159,6,405843,flow,12,404520,flow,6,0.0005852674119678832,0.0058703394931536,0.07708809751429607
159,6,405843,flow,12,404520,flow,10,0.0005972969513979734,0.005970205529938096,0.07696487066495727
159,6,405843,flow,12,404520,flow,12,2.3445284218826295e-09,7.696324302836595e-08,0.13349031922790167
159,6,405843,flow,13,400183,flow,5,0.005380886998221828,0.03580075748085368,0.062433852195156195
159,6,405843,flow,13,400183,flow,10,0.005282175220458173,0.035274380819878354,0.06256820625925645
159,6,405843,flow,14,401469,flow,1,2.937688800293634e-05,0.0004414196736441217,0.09361009887448124
159,6,405843,flow,14,401469,flow,2,3.2987470507127706e-05,0.0004888709179787021,0.09302016468795661
159,6,405843,flow,14,401469,flow,4,3.380112161062092e-06,6.455386620596038e-05,0.10404147532971282
159,6,405843,flow,14,401469,flow,7,0.005442486337646411,0.03607724563239603,0.06235113349612
159,6,405843,flow,14,401469,flow,8,5.297801261894111e-06,9.559942126726215e-05,0.10195609153601833
159,6,405843,flow,14,401469,flow,11,6.99163238919307e-09,2.1330403899233094e-07,0.12948325417094986
159,6,405843,flow,15,401472,flow,1,1.97719115496478e-18,1.480323360389575e-16,0.1947744532212735
159,6,405843,flow,15,401472,flow,3,0.00045581926954847403,0.0047552263811866885,-0.07858805967112709
159,6,405843,flow,15,401472,flow,4,0.0007725141690549835,0.007442598595712597,-0.07539149574154903
159,6,405843,flow,15,401472,flow,6,0.0028887674436223897,0.0216996615483372,0.06682165111043706
159,6,405843,flow,15,401472,flow,11,8.124635701251314e-13,3.8697272579278585e-11,0.1597125042822128
159,6,405843,flow,15,401472,flow,12,5.492223823631765e-17,3.627890966068689e-15,0.18641177158957153
159,6,405843,flow,16,405838,flow,1,9.590123390601476e-07,2.0652708398503677e-05,0.10968703908720821
159,6,405843,flow,16,405838,flow,2,0.002262349180529807,0.017922883660166453,0.0684798697646325
159,6,405843,flow,16,405838,flow,6,4.588836744658569e-05,0.0006469900371059078,0.09132103716472036
159,6,405843,flow,16,405838,flow,8,0.008091293182703619,0.04901751023598322,0.05940962938693473
159,6,405843,flow,16,405838,flow,12,3.3838832584873194e-05,0.0004992614643669816,0.09289002167482531
159,6,405843,flow,17,400260,flow,1,8.802907806272994e-08,2.24755092926119e-06,0.11969068021207739
159,6,405843,flow,17,400260,flow,2,1.188287167878287e-09,4.0484231587020505e-08,0.13592381507041948
159,6,405843,flow,17,400260,flow,3,6.91625377065697e-20,5.680269256509147e-18,0.20284254196188736
159,6,405843,flow,17,400260,flow,4,8.015853677988122e-07,1.7533411589320853e-05,0.1104682790906873
159,6,405843,flow,17,400260,flow,5,9.727857301605097e-07,2.0918040588817333e-05,0.10962468256877746
159,6,405843,flow,17,400260,flow,6,0.001173373930718952,0.010490429181924405,0.07277112433949673
159,6,405843,flow,17,400260,flow,7,5.833500848954351e-06,0.00010439404998957246,0.1015038363174758
159,6,405843,flow,17,400260,flow,12,7.237993621540745e-05,0.0009705535376736033,0.0889261584368837
159,6,405843,flow,18,404528,flow,1,0.0035236383729263868,0.025514780038622176,0.06544745980457242
159,6,405843,flow,19,401795,flow,1,6.28089851387276e-09,1.9353410542033041e-07,0.12988177575214424
159,6,405843,flow,19,401795,flow,2,7.434168163066626e-05,0.0009925477339465768,0.08878377968713715
159,6,405843,flow,19,401795,flow,3,0.007797160441813801,0.047675639000743876,0.05968939410678286
159,6,405843,flow,19,401795,flow,4,5.6827329621049785e-06,0.00010203410804777019,0.10162696451021479
159,6,405843,flow,19,401795,flow,6,0.002933571288409507,0.02197378001486649,0.06671605693471286
159,6,405843,flow,19,401795,flow,7,0.003585377759158784,0.02590105672168218,0.06532613963013559
159,6,405843,occupancy,0,400593,flow,4,0.0001510520742179186,0.0018449108301425174,0.08493000673669689
159,6,405843,occupancy,0,400593,flow,9,0.000905748521691068,0.008495138692951945,0.07440360227756848
159,6,405843,occupancy,0,400593,flow,11,3.6772652947458096e-06,6.946124212200217e-05,0.10365347725574202
159,6,405843,occupancy,0,400593,flow,12,8.023131378991437e-06,0.00013902899140490576,0.0999937638301308
159,6,405843,occupancy,1,400125,flow,1,0.0017775440118675794,0.014770129123423627,0.07008275641057533
159,6,405843,occupancy,1,400125,flow,10,0.0039824568126261145,0.028277799852966492,0.06458839180038681
159,6,405843,occupancy,1,400125,flow,11,4.600789829616447e-08,1.238343430775268e-06,0.1222719739839634
159,6,405843,occupancy,1,400125,flow,12,9.245284570723299e-08,2.3480087798662347e-06,0.11949342454988116
159,6,405843,occupancy,2,400331,flow,1,8.315470574801566e-06,0.00014289114114217488,0.0997978269048439
159,6,405843,occupancy,3,400039,flow,1,5.983947710491142e-05,0.0008211770682757857,0.08993315521539935
159,6,405843,occupancy,3,400039,flow,2,0.00023324485001891665,0.002667066575123663,0.08248774088916758
159,6,405843,occupancy,3,400039,flow,3,2.7879142653535964e-06,5.439832712885066e-05,0.10492332330346094
159,6,405843,occupancy,3,400039,flow,4,0.0016629533516896143,0.013982013389060204,0.07052007410017196
159,6,405843,occupancy,3,400039,flow,5,0.00020602341754632697,0.002403513809884236,0.08319195641749763
159,6,405843,occupancy,3,400039,flow,6,1.4366663173362268e-06,2.9738373219417826e-05,0.10790633008291053
159,6,405843,occupancy,3,400039,flow,9,0.004323971746205418,0.03020627093080111,0.06400547140143785
159,6,405843,occupancy,3,400039,flow,10,0.00415129313496194,0.029226835630762033,0.06429477602837556
159,6,405843,occupancy,3,400039,flow,11,6.721192498533777e-09,2.0548868785326197e-07,0.12963004436125616
159,6,405843,occupancy,3,400039,flow,12,5.957903713713589e-08,1.5693990270269942e-06,0.12125002854749911
159,6,405843,occupancy,4,400316,flow,9,0.007193952132449837,0.044813083218721406,0.06029401746882217
159,6,405843,occupancy,4,400316,flow,10,3.4955816868123443e-06,6.652384531730982e-05,0.1038869618315373
159,6,405843,occupancy,4,400316,flow,11,1.4178770775489451e-05,0.0002313152936182569,0.09724120925312162
159,6,405843,occupancy,4,400316,flow,12,9.80979272005495e-09,2.9388560714727726e-07,0.12821627163128527
159,6,405843,occupancy,5,400503,flow,2,9.275891057071561e-05,0.0012019150979768788,0.0875972732505629
159,6,405843,occupancy,5,400503,flow,6,0.0007117937755611842,0.006945898148688312,0.07589533467745567
159,6,405843,occupancy,5,400503,flow,7,3.8424852594206597e-05,0.0005562847292458864,0.09223835946753811
159,6,405843,occupancy,5,400503,flow,8,0.004893018951059971,0.03323560042229415,0.06312097316016779
159,6,405843,occupancy,5,400503,flow,9,4.741129423696987e-05,0.0006673730567080804,0.09115138781979529
159,6,405843,occupancy,5,400503,flow,10,1.2842685113761267e-05,0.00021183810496925803,0.09772483974496046
159,6,405843,occupancy,5,400503,flow,11,4.1040530110543895e-05,0.0005900002997589006,0.09189901626302242
159,6,405843,occupancy,5,400503,flow,12,0.006028955464479967,0.038931371609198,0.061603265115971625
159,6,405843,occupancy,6,405843,flow,2,1.84543052874185e-23,1.84543052874185e-21,0.2213241034267823
159,6,405843,occupancy,6,405843,flow,4,1.1227064684573258e-13,5.850533104626837e-12,0.1655785220424365
159,6,405843,occupancy,6,405843,flow,5,8.745490590368701e-14,4.58501448427097e-12,0.16630386665906124
159,6,405843,occupancy,6,405843,flow,6,4.043180821486049e-07,9.316096061381111e-06,0.11340272702330065
159,6,405843,occupancy,6,405843,flow,7,9.183431295902747e-05,0.0011938737044327374,0.08765129334175943
159,6,405843,occupancy,6,405843,flow,9,0.0003034085099522899,0.0033394261477551397,0.08097714557703566
159,6,405843,occupancy,6,405843,flow,10,5.878454347727668e-08,1.552256893776499e-06,0.12130330958142338
159,6,405843,occupancy,6,405843,flow,11,4.4682348475757755e-08,1.2049344951518023e-06,0.12238703110406933
159,6,405843,occupancy,6,405843,flow,12,5.990868225094928e-09,1.8472912728344104e-07,0.1300571467115462
159,6,405843,occupancy,7,408093,flow,3,0.003727104855140478,0.026768234371083735,0.06505466865271496
159,6,405843,occupancy,8,401448,flow,1,6.9892439060322454e-06,0.00012258844366244134,0.10065002127834334
159,6,405843,occupancy,8,401448,flow,2,2.9590370205343444e-06,5.7400269100621316e-05,0.10465134474364193
159,6,405843,occupancy,8,401448,flow,3,5.487319958564758e-06,9.881293130887767e-05,0.10179128772959363
159,6,405843,occupancy,8,401448,flow,4,5.814825986686545e-06,0.00010410297663690789,0.10151892133936685
159,6,405843,occupancy,8,401448,flow,5,0.004567259170624812,0.03147321680826158,0.06361514506779756
159,6,405843,occupancy,8,401448,flow,9,0.0021396427434287927,0.017155264758003684,0.06885336270078585
159,6,405843,occupancy,8,401448,flow,10,8.437903470063194e-08,2.1607435086350326e-06,0.11986079557451723
159,6,405843,occupancy,8,401448,flow,11,2.627241734143745e-06,5.1612934477039464e-05,0.10519367666834702
159,6,405843,occupancy,8,401448,flow,12,3.6994245452821557e-10,1.3295768748435036e-08,0.1400048034389653
159,6,405843,occupancy,9,402391,flow,1,5.549520071432495e-08,1.476227014075639e-06,0.12153158780435099
159,6,405843,occupancy,9,402391,flow,2,3.4315329802333157e-07,7.987188833301683e-06,0.11409526114386079
159,6,405843,occupancy,9,402391,flow,3,0.003925319029495088,0.02794558043411137,0.06469031892027098
159,6,405843,occupancy,9,402391,flow,4,0.006314476973642502,0.04047915461261305,0.06126261616983618
159,6,405843,occupancy,9,402391,flow,6,8.320404159101316e-05,0.001094856715422409,0.0881818550125084
159,6,405843,occupancy,9,402391,flow,7,0.005966561403117407,0.038618690656959206,0.06167963530792827
159,6,405843,occupancy,9,402391,flow,10,0.005204361899671414,0.03488416354783632,0.06267572284150143
159,6,405843,occupancy,9,402391,flow,11,5.462127921573962e-05,0.0007584825657730478,0.0904124100236737
159,6,405843,occupancy,9,402391,flow,12,0.00012781960699830594,0.0015949760318679424,0.08585200979006641
159,6,405843,occupancy,10,400497,flow,4,8.828004979249162e-05,0.0011535687087222137,0.08786384714870998
159,6,405843,occupancy,10,400497,flow,5,1.2483014881218291e-11,5.175299835591461e-10,0.15123567234167828
159,6,405843,occupancy,10,400497,flow,9,4.02472314477746e-05,0.0005801402731210753,0.09199971437093003
159,6,405843,occupancy,10,400497,flow,10,1.1990791252680854e-24,1.2803992060959588e-22,0.2271065055634801
159,6,405843,occupancy,10,400497,flow,11,2.6125163201636214e-24,2.746002555500449e-22,0.22547569353481717
159,6,405843,occupancy,10,400497,flow,12,9.743798186744715e-12,4.098657075631662e-10,0.1520240288629191
159,6,405843,occupancy,11,405841,flow,3,0.00012993519862821665,0.001615774490713575,0.08576178001520204
159,6,405843,occupancy,11,405841,flow,4,0.0023139584367643314,0.018258083007893902,0.06832829839755404
159,6,405843,occupancy,11,405841,flow,5,0.0031485501249905352,0.02329463356732165,0.06622899059065901
159,6,405843,occupancy,11,405841,flow,7,0.00011695586838940159,0.001474319671555923,0.0863387363755395
159,6,405843,occupancy,11,405841,flow,8,6.597912618019287e-05,0.0008932304139718997,0.08941750803320445
159,6,405843,occupancy,11,405841,flow,9,0.00024554267189677874,0.0027870319038205047,0.08219457406056407
159,6,405843,occupancy,11,405841,flow,10,4.11166386733143e-06,7.689345414230206e-05,0.10313719539514653
159,6,405843,occupancy,11,405841,flow,11,0.0023351682426474697,0.018388492176881276,0.0682669027325911
159,6,405843,occupancy,11,405841,flow,12,0.0009057548337902004,0.008495138692951945,0.07440355875578045
159,6,405843,occupancy,12,404520,flow,5,0.002559124794416937,0.019692588371715655,0.06764801311464266
159,6,405843,occupancy,12,404520,flow,6,0.002803496228714526,0.021173258230850967,0.06702681401984034
159,6,405843,occupancy,12,404520,flow,7,0.0006552651143606542,0.00646584123809508,0.07640163764928139
159,6,405843,occupancy,12,404520,flow,9,4.540986620865796e-05,0.0006417211742996042,0.09137544333202555
159,6,405843,occupancy,12,404520,flow,10,3.744065042220028e-09,1.194561372406981e-07,0.13178835355355567
159,6,405843,occupancy,12,404520,flow,11,2.122052748341145e-06,4.248038866002663e-05,0.10616090350830683
159,6,405843,occupancy,12,404520,flow,12,5.126521511574235e-07,1.1607218516771852e-05,0.11239316181489424
159,6,405843,occupancy,13,400183,flow,2,0.0021926725539392618,0.017489411653375142,0.0686896050421617
159,6,405843,occupancy,13,400183,flow,4,0.0047091526173585335,0.03221973282703336,0.06339609966302556
159,6,405843,occupancy,13,400183,flow,5,6.610513328160222e-05,0.0008946559391495038,0.08940740798348684
159,6,405843,occupancy,13,400183,flow,6,0.007517580093190471,0.046280792458418527,0.05996421792149619
159,6,405843,occupancy,13,400183,flow,10,0.0005867436810617503,0.005881050353101535,0.0770728489151305
159,6,405843,occupancy,14,401469,flow,1,2.3557386620911965e-13,1.1847253807024412e-11,0.1634070920410315
159,6,405843,occupancy,14,401469,flow,2,1.4057282399208205e-06,2.916784820584988e-05,0.10800295540096673
159,6,405843,occupancy,14,401469,flow,3,0.005332625608759836,0.03552890596829502,0.06249925910149215
159,6,405843,occupancy,14,401469,flow,4,8.800334106379373e-08,2.24755092926119e-06,0.11969185565173986
159,6,405843,occupancy,14,401469,flow,5,5.665551580353341e-05,0.0007823477168621607,0.09022062678832998
159,6,405843,occupancy,14,401469,flow,6,0.00029606478262573886,0.0032727734415127735,0.08111895015707689
159,6,405843,occupancy,14,401469,flow,7,1.8198543778767756e-05,0.00028839951989830046,0.09601145925674165
159,6,405843,occupancy,14,401469,flow,8,3.789516916658673e-10,1.3574388955195247e-08,0.13992184854163892
159,6,405843,occupancy,14,401469,flow,9,0.002369425227633489,0.018560139589078282,0.06816880902803589
159,6,405843,occupancy,14,401469,flow,10,7.339783826459982e-10,2.5591498087414952e-08,0.1376232841409578
159,6,405843,occupancy,14,401469,flow,11,1.3872273151156257e-13,7.185637891246407e-12,0.16496162326729213
159,6,405843,occupancy,14,401469,flow,12,7.134443357873055e-08,1.8589140715326658e-06,0.12053256916669486
159,6,405843,occupancy,15,401472,flow,1,5.08934306657319e-09,1.584003029365719e-07,0.1306603388064565
159,6,405843,occupancy,15,401472,flow,3,0.002080481490042128,0.01676805977048879,-0.06904050204398153
159,6,405843,occupancy,15,401472,flow,10,4.2020728470933393e-08,1.138116282096754e-06,0.12262839951155871
159,6,405843,occupancy,15,401472,flow,11,1.9166283582383522e-28,2.4939260565029162e-26,0.24459943381370405
159,6,405843,occupancy,15,401472,flow,12,1.258027323596014e-19,1.004561559692196e-17,0.20142806674011107
159,6,405843,occupancy,16,405838,flow,1,5.2931354782152e-07,1.1953133960214148e-05,0.11225648169129265
159,6,405843,occupancy,16,405838,flow,2,9.939478870438364e-05,0.0012775527735880315,0.08722384595798999
159,6,405843,occupancy,16,405838,flow,3,0.000249917046631227,0.0028292495845044564,0.0820936043779165
159,6,405843,occupancy,16,405838,flow,4,0.002695297413849151,0.020511863196760977,0.06729549964107405
159,6,405843,occupancy,16,405838,flow,5,2.9687378897648945e-07,7.00051729464211e-06,0.11470358152087241
159,6,405843,occupancy,16,405838,flow,6,3.436564381886937e-06,6.551614355583215e-05,0.1039653133195111
159,6,405843,occupancy,16,405838,flow,11,5.633845202017941e-08,1.4958949768111557e-06,0.12147184235548432
159,6,405843,occupancy,16,405838,flow,12,7.636163298823082e-10,2.656056799590637e-08,0.1374844328596086
159,6,405843,occupancy,17,400260,flow,1,1.17920170414015e-21,1.056877875909844e-19,0.2122030755646212
159,6,405843,occupancy,17,400260,flow,2,7.29864879374725e-25,7.904267066557674e-23,0.2281394998516162
159,6,405843,occupancy,17,400260,flow,3,6.333344310183454e-26,7.315520700532759e-24,0.23315298768383835
159,6,405843,occupancy,17,400260,flow,4,6.917896845522517e-17,4.541841090069494e-15,0.18581656198616606
159,6,405843,occupancy,17,400260,flow,5,1.913581292886581e-09,6.320085004029075e-08,0.1342221987560542
159,6,405843,occupancy,17,400260,flow,6,7.298433943029738e-06,0.00012749387235700958,0.1004445368140128
159,6,405843,occupancy,17,400260,flow,7,4.233688275646941e-06,7.882188692999468e-05,0.10300156640845881
159,6,405843,occupancy,17,400260,flow,9,0.005063815918858121,0.03413821528144415,0.06287365115234829
159,6,405843,occupancy,17,400260,flow,10,0.00019967923114865395,0.0023402449228491183,0.08336859707336763
159,6,405843,occupancy,17,400260,flow,11,6.839574349525702e-07,1.5238247132517293e-05,0.11115531874360768
159,6,405843,occupancy,17,400260,flow,12,2.71026812600575e-11,1.091179711495325e-09,0.14874144654570204
159,6,405843,occupancy,18,404528,flow,1,0.0007240939959805374,0.007042066777658535,0.07579013097201527
159,6,405843,occupancy,18,404528,flow,2,0.0025846623407774468,0.01985726713882015,0.06758061835971076
159,6,405843,occupancy,19,401795,flow,1,5.422583529204185e-20,4.470526879038565e-18,0.20341480040132587
159,6,405843,occupancy,19,401795,flow,2,1.909915476795849e-06,3.864559653282467e-05,0.10663488327780205
159,6,405843,occupancy,19,401795,flow,3,1.5914333176884384e-05,0.00025531657476050466,0.09667408354639309
159,6,405843,occupancy,19,401795,flow,4,6.724770980370371e-10,2.35230855345749e-08,0.13792974728230417
159,6,405843,occupancy,19,401795,flow,6,0.00021156504908556093,0.002456224165680256,0.08304179003193395
159,6,405843,occupancy,19,401795,flow,10,0.004239366953673198,0.02973545257325575,0.06414588299026558
159,6,405843,occupancy,19,401795,flow,11,1.6272643326171983e-06,3.3348111560276553e-05,0.10735181547661271
159,6,405843,occupancy,19,401795,flow,12,1.2465939942650367e-08,3.6910802297635087e-07,0.1273123742730006
159,6,405843,speed,4,400316,flow,12,0.0016367243750034545,0.013801774936589739,-0.07062406085921244
159,6,405843,speed,12,404520,flow,12,0.004377967667794116,0.030465238925371424,-0.06391715446081248
159,6,405843,speed,17,400260,flow,4,0.007029689936821143,0.044050276366503244,-0.06046653494764714
159,6,405843,speed,19,401795,flow,1,0.006407870709934527,0.0409254900457084,-0.061154195019594286
159,7,408093,flow,0,400593,flow,11,0.0002051893473412429,0.002395076953564359,0.08321488547698347
159,7,408093,flow,1,400125,flow,2,0.00022929083294439677,0.002630906768445668,0.08258508507985686
159,7,408093,flow,1,400125,flow,12,0.0012887329998310221,0.011324911633991082,0.0721717959327091
159,7,408093,flow,2,400331,flow,1,0.005325420197186345,0.035491847040797615,0.06250907012570567
159,7,408093,flow,2,400331,flow,9,0.002065324813502536,0.016689493442444737,0.06908923023041455
159,7,408093,flow,3,400039,flow,1,0.0011862027458159781,0.010587594756043442,0.07270185019010186
159,7,408093,flow,3,400039,flow,2,8.667611373229036e-05,0.0011357015812056245,0.08796242467764229
159,7,408093,flow,5,400503,flow,2,0.005569581394654201,0.036695331770244796,0.06218309908112952
159,7,408093,flow,5,400503,flow,6,0.001719042491124301,0.014372486087975579,0.07030267154911704
159,7,408093,flow,5,400503,flow,9,2.451688403257049e-05,0.00037464782108491163,0.09452363927226641
159,7,408093,flow,5,400503,flow,12,8.97500230250764e-05,0.0011699459851186786,0.08777497667427303
159,7,408093,flow,6,405843,flow,1,8.91040841197322e-07,1.9304395355929943e-05,0.10998041683967942
159,7,408093,flow,6,405843,flow,2,0.0017819190066394141,0.014800788518904574,0.07004896633554775
159,7,408093,flow,7,408093,flow,1,3.532615334577494e-16,2.2278683569890177e-14,0.18150824706748428
159,7,408093,flow,7,408093,flow,2,1.600234018057218e-20,1.3689130609915211e-18,0.20620896896568625
159,7,408093,flow,7,408093,flow,3,4.053935366862998e-24,4.199760380059509e-22,0.2244947704933951
159,7,408093,flow,7,408093,flow,4,2.9546490504331656e-09,9.604276823078461e-08,0.13265201803542648
159,7,408093,flow,7,408093,flow,5,3.2775597763763394e-07,7.665976304247855e-06,0.11428836861667944
159,7,408093,flow,7,408093,flow,6,4.73924144105389e-06,8.689950350319527e-05,0.10247684775807583
159,7,408093,flow,7,408093,flow,7,4.837789136962781e-08,1.298090004452125e-06,0.1220740405091684
159,7,408093,flow,7,408093,flow,8,1.2604265716650895e-05,0.00020822343363645072,0.09781615810014609
159,7,408093,flow,7,408093,flow,9,8.022398491741787e-05,0.001061788035671707,0.08837719964055413
159,7,408093,flow,7,408093,flow,10,0.0011189765000058805,0.01008760116866737,0.07307285842319847
159,7,408093,flow,7,408093,flow,12,0.0038843206383208343,0.027694776625756732,0.06476428826803848
159,7,408093,flow,8,401448,flow,1,0.005077159561334184,0.03419069260321695,0.06285464780436265
159,7,408093,flow,8,401448,flow,2,0.0009440152670193771,0.008783578762247496,0.07414477813464508
159,7,408093,flow,8,401448,flow,10,0.0025669919920736895,0.01974609224672069,0.06762718596780919
159,7,408093,flow,8,401448,flow,11,0.0012319143690322264,0.010916656562500961,0.072460510818403
159,7,408093,flow,8,401448,flow,12,0.0004743543457768659,0.004912996340820093,0.07835060483827629
159,7,408093,flow,9,402391,flow,4,0.005543131767333255,0.036564863696563844,0.062217781550082216
159,7,408093,flow,10,400497,flow,1,0.006167097974677217,0.03967515003813191,0.06143667887423093
159,7,408093,flow,10,400497,flow,6,0.0019972956668639803,0.016221690695341972,0.06931206115533507
159,7,408093,flow,10,400497,flow,7,3.2137196381031615e-05,0.0004775034600179975,0.09315336335914594
159,7,408093,flow,10,400497,flow,12,0.00028560873577625884,0.0031758809229174728,0.08132664043347473
159,7,408093,flow,11,405841,flow,1,0.0005714488795759342,0.005755791932310646,0.07723259227578928
159,7,408093,flow,11,405841,flow,3,0.0015941145054255196,0.013505735758851235,0.07079630367339304
159,7,408093,flow,11,405841,flow,4,0.002457025224230705,0.01911008228809412,0.06792374930224834
159,7,408093,flow,11,405841,flow,8,0.0002142978095636544,0.002481947821219804,0.08296909206895468
159,7,408093,flow,12,404520,flow,6,0.005514136656956846,0.03642365498173329,0.06225597370610137
159,7,408093,flow,12,404520,flow,7,0.0012909211032686757,0.011337221317586256,0.07216091388369657
159,7,408093,flow,13,400183,flow,3,2.6901608728387096e-05,0.00040863203131727237,0.0940557683527089
159,7,408093,flow,13,400183,flow,4,5.427065329005598e-06,9.776864979693154e-05,0.10184308631228267
159,7,408093,flow,13,400183,flow,5,0.0005883079411115866,0.005892627650364141,0.07705673033929973
159,7,408093,flow,13,400183,flow,8,0.004437812582647189,0.030807247882108077,0.06382041614675954
159,7,408093,flow,13,400183,flow,10,3.937893089431523e-05,0.0005689478338422039,0.09211211356137237
159,7,408093,flow,14,401469,flow,3,0.004444003813012226,0.03083041026531687,0.0638104756654328
159,7,408093,flow,14,401469,flow,8,4.4713692157824054e-05,0.0006337373691660103,0.09145557734348529
159,7,408093,flow,15,401472,flow,1,9.783553470150818e-06,0.00016555014097552502,0.0990429553761399
159,7,408093,flow,15,401472,flow,2,0.0012902695034350653,0.011333802876859459,0.07216415269166898
159,7,408093,flow,15,401472,flow,6,0.00027584722265644137,0.0030800206820259155,0.08152706293037294
159,7,408093,flow,15,401472,flow,7,0.0024605812059707993,0.01912850604605696,0.06791397120702142
159,7,408093,flow,15,401472,flow,12,0.0002950820847493727,0.003266089177856239,0.0811381748471811
159,7,408093,flow,16,405838,flow,1,0.0016780673540047818,0.014089894984063473,0.0704608362936926
159,7,408093,flow,16,405838,flow,2,0.007117172783881517,0.04445017554773479,0.06037421076903821
159,7,408093,flow,16,405838,flow,8,0.007856826990146198,0.047946733433297896,0.059631887366038416
159,7,408093,flow,18,404528,flow,2,0.0006676481304375004,0.006574515439913385,0.07628734978650337
159,7,408093,flow,18,404528,flow,7,0.0016220081894901296,0.01369371776157389,0.07068307728658338
159,7,408093,flow,19,401795,flow,12,0.0012159165271225642,0.01080837625327387,0.07254401856378645
159,7,408093,occupancy,0,400593,flow,10,0.007907226525442958,0.04816402815561147,0.059583615951559886
159,7,408093,occupancy,0,400593,flow,11,0.0002797843027845783,0.0031175346608959976,0.08144544021761142
159,7,408093,occupancy,2,400331,flow,1,0.007781552002686138,0.04762375356299784,0.05970450255178263
159,7,408093,occupancy,3,400039,flow,2,1.4372481754672247e-05,0.00023385733024551452,0.09717472558012684
159,7,408093,occupancy,3,400039,flow,3,0.002874347176831874,0.021621417036241854,0.06685595482067916
159,7,408093,occupancy,3,400039,flow,5,2.355152604701111e-05,0.0003616871401460647,0.09472545449113877
159,7,408093,occupancy,5,400503,flow,1,1.4628554026340799e-05,0.00023695295610720756,0.0970881373662238
159,7,408093,occupancy,5,400503,flow,2,0.0011001837716761989,0.009959752501343629,0.07318025504451182
159,7,408093,occupancy,5,400503,flow,6,0.0009399188611027201,0.00876040880251079,0.07417201592532759
159,7,408093,occupancy,5,400503,flow,8,0.0014122082217571364,0.012206361580613905,0.07158282475224924
159,7,408093,occupancy,5,400503,flow,9,0.002866594563895556,0.021581890059304294,0.06687446209428864
159,7,408093,occupancy,5,400503,flow,11,0.001521263846570053,0.012982733736038381,0.07110084867881687
159,7,408093,occupancy,6,405843,flow,6,0.0022126232898124296,0.017629163799317036,0.06862893438220521
159,7,408093,occupancy,6,405843,flow,9,0.008160651668695165,0.049360238701152886,0.05934498662769827
159,7,408093,occupancy,7,408093,flow,1,2.0700168170897567e-06,4.167042241299044e-05,0.10624618326139944
159,7,408093,occupancy,7,408093,flow,4,6.838858144607303e-05,0.00092209323298076,0.08922746534598892
159,7,408093,occupancy,7,408093,flow,7,0.003985779585800794,0.028292093017843297,0.06458250527382241
159,7,408093,occupancy,7,408093,flow,8,3.380661999087821e-05,0.0004989566052633887,0.09289488897805274
159,7,408093,occupancy,7,408093,flow,9,0.0016579288235513562,0.013942481054588006,0.07053987688931394
159,7,408093,occupancy,8,401448,flow,1,0.003937400836206469,0.028022157754390674,0.0646686546615808
159,7,408093,occupancy,8,401448,flow,6,0.0031216215591841757,0.023127088210728244,0.06628831036847063
159,7,408093,occupancy,8,401448,flow,10,6.536744285685626e-06,0.00011587499103061923,0.1009669781243317
159,7,408093,occupancy,8,401448,flow,11,8.820846643764585e-05,0.0011533310381677665,0.08786821046252709
159,7,408093,occupancy,8,401448,flow,12,0.007520572119683924,0.04628703740851197,0.059961228670984607
159,7,408093,occupancy,9,402391,flow,9,0.0004260762849536779,0.004488294442818552,0.07898860626435292
159,7,408093,occupancy,10,400497,flow,7,8.751795935169046e-05,0.0011453425761869217,0.087910472338377
159,7,408093,occupancy,11,405841,flow,1,0.0009051594519672058,0.008494796644671497,0.07440766513744361
159,7,408093,occupancy,11,405841,flow,3,0.00019159889712950945,0.002257178171801148,0.08360136790662341
159,7,408093,occupancy,11,405841,flow,4,0.008168670006976589,0.04936857083119595,0.059337545179351414
159,7,408093,occupancy,11,405841,flow,9,0.0018047114195809074,0.014947719504900734,0.06998288276615297
159,7,408093,occupancy,12,404520,flow,7,0.00457450019452483,0.03149917241340565,0.06360381874507888
159,7,408093,occupancy,13,400183,flow,3,0.00016591206925537576,0.0020003911224762026,0.08440795958861458
159,7,408093,occupancy,13,400183,flow,4,4.327045156612902e-05,0.0006161119010075062,0.09162554043525842
159,7,408093,occupancy,13,400183,flow,5,0.0029044021004975763,0.021798153360231984,0.06678463457096784
159,7,408093,occupancy,13,400183,flow,10,0.005241837065189193,0.035059198206560324,0.06262376264410957
159,7,408093,occupancy,14,401469,flow,3,2.139035953352537e-06,4.2800534129147565e-05,0.10612494938778193
159,7,408093,occupancy,14,401469,flow,8,4.636318298900871e-06,8.533828313273014e-05,0.10257917931220309
159,7,408093,occupancy,14,401469,flow,10,0.0019917919545245594,0.01618036745458377,0.06933039167327344
159,7,408093,occupancy,14,401469,flow,11,1.9528602317687923e-05,0.00030633101674804584,0.09566125035811754
159,7,408093,occupancy,15,401472,flow,6,0.002370770558348218,0.01856731111686784,0.06816498325940151
159,7,408093,occupancy,17,400260,flow,6,0.0024020969522721668,0.018775210482749702,0.0680764560947584
159,7,408093,occupancy,18,404528,flow,2,0.000531363394859977,0.005419003460328378,0.07767093940335751
159,7,408093,occupancy,19,401795,flow,12,0.007048358991456911,0.04412537346106696,0.0604467465599247
159,7,408093,speed,0,400593,flow,3,0.007049236767707029,0.04412537346106696,0.0604458173132804
159,7,408093,speed,8,401448,flow,5,0.0027857179624816734,0.02105002903257098,0.06707030490579814
159,7,408093,speed,10,400497,flow,11,0.006239139570322122,0.04007893374541497,0.06135113170280727
159,7,408093,speed,17,400260,flow,1,0.005128408389007759,0.034487428767922663,0.06278207866657348
159,8,401448,flow,0,400593,flow,1,0.00613832672752915,0.03954305318062322,0.06147109530403248
159,8,401448,flow,0,400593,flow,6,0.0006782614798676129,0.006665353942284094,0.07619095151916155
159,8,401448,flow,1,400125,flow,1,1.3666329563780877e-08,4.0271857923283345e-07,0.1269639026816785
159,8,401448,flow,1,400125,flow,5,3.614189046455407e-05,0.0005280113858872965,0.0925529483534878
159,8,401448,flow,1,400125,flow,10,4.4494259066308946e-06,8.217836646706057e-05,0.10274492593044336
159,8,401448,flow,1,400125,flow,11,0.0008980892948410096,0.008441570395372414,0.07443791075570379
159,8,401448,flow,1,400125,flow,12,0.0014666702476275964,0.012598956988966428,0.07132007111047023
159,8,401448,flow,3,400039,flow,2,0.00729620078732606,0.0452863602117214,0.06018840588436229
159,8,401448,flow,4,400316,flow,8,0.002043015932668995,0.0165339618380106,0.06916155218866424
159,8,401448,flow,4,400316,flow,9,0.0019254255621702528,0.015738577915942274,0.06955516570834022
159,8,401448,flow,5,400503,flow,3,4.31793355240703e-05,0.0006150270209443033,0.09163645023848838
159,8,401448,flow,5,400503,flow,5,0.003727999724484318,0.026770210787520368,0.06505298457771831
159,8,401448,flow,5,400503,flow,7,0.0010346840142100254,0.00946597827485665,0.07356831213883326
159,8,401448,flow,5,400503,flow,9,0.0068776334209729156,0.04330799363190634,0.060629488246127274
159,8,401448,flow,5,400503,flow,10,0.00045558477350638815,0.0047539280713710065,0.07859112110214568
159,8,401448,flow,6,405843,flow,11,0.005728202407649022,0.03743696581095881,0.06197816781727926
159,8,401448,flow,6,405843,flow,12,0.001991833197302697,0.01618036745458377,0.06933025413851544
159,8,401448,flow,7,408093,flow,9,0.005859137064708848,0.03806808861414081,-0.06181282357760296
159,8,401448,flow,8,401448,flow,1,7.15657690532491e-99,3.3243454011831842e-96,0.4482780174510859
159,8,401448,flow,8,401448,flow,2,4.306138326094368e-31,6.242455559975729e-29,0.25596203118396027
159,8,401448,flow,8,401448,flow,3,0.002691934545736045,0.02050636084919717,0.06728708618974774
159,8,401448,flow,8,401448,flow,4,0.00026083157711077193,0.002935119596557788,0.08182816484526556
159,8,401448,flow,8,401448,flow,5,2.0766473309173998e-07,5.01740294718298e-06,0.1161620692508203
159,8,401448,flow,12,404520,flow,1,0.004287777947429132,0.030006872249350953,-0.06406523183273664
159,8,401448,flow,12,404520,flow,8,0.00230069605686176,0.018173353383877863,0.06836695101258738
159,8,401448,flow,13,400183,flow,3,0.0008661328635324013,0.008196481863001037,0.07468244568607696
159,8,401448,flow,14,401469,flow,1,0.0012896871986340299,0.011330991861092148,0.07216704834208995
159,8,401448,flow,14,401469,flow,2,0.00010099811341908438,0.0012962324716887833,0.08713715429836634
159,8,401448,flow,14,401469,flow,3,0.0044721860427203,0.030991087110285042,0.06376538485850221
159,8,401448,flow,14,401469,flow,6,2.4579667536944222e-05,0.0003754744121626558,0.0945107769551061
159,8,401448,flow,14,401469,flow,7,0.0005120884794841275,0.005249696799647438,0.07789279357288421
159,8,401448,flow,14,401469,flow,11,0.0048964522654549175,0.0332484655560598,0.06311592523709941
159,8,401448,flow,14,401469,flow,12,0.0022454747874486435,0.017821883302917764,0.06853011533091921
159,8,401448,flow,15,401472,flow,2,0.008260738636196118,0.04972327004091853,-0.05925256543626029
159,8,401448,flow,15,401472,flow,9,5.652481154574183e-06,0.00010157536850149946,0.10165204632131303
159,8,401448,flow,15,401472,flow,10,6.851398023480464e-06,0.00012056227886531814,0.1007444472279983
159,8,401448,flow,15,401472,flow,11,6.976662869202195e-06,0.0001224672230595428,0.10065856527080821
159,8,401448,flow,17,400260,flow,1,4.075295314579254e-12,1.7946254596312313e-10,0.15476574375199734
159,8,401448,flow,17,400260,flow,2,1.1179687153921678e-09,3.820905736150447e-08,0.13614014703503147
159,8,401448,flow,17,400260,flow,3,1.897538336727155e-07,4.602675808344362e-06,0.11656369602090527
159,8,401448,flow,17,400260,flow,12,4.9158294073568515e-05,0.0006892691671464328,0.09096302274125134
159,8,401448,flow,19,401795,flow,1,4.018967575395433e-06,7.535564203866437e-05,0.10324282778401978
159,8,401448,flow,19,401795,flow,2,7.032865362510163e-06,0.00012320348080309775,0.10062051062787238
159,8,401448,flow,19,401795,flow,3,0.002855012737114521,0.02150593726998209,0.06690219581982595
159,8,401448,flow,19,401795,flow,11,0.00019631187591098018,0.002306410943528513,0.08346450602318627
159,8,401448,flow,19,401795,flow,12,0.000641661868302587,0.006356292756402604,0.07652952432245984
159,8,401448,occupancy,0,400593,flow,6,0.0011708910793916663,0.010478367283411331,0.07278461217715418
159,8,401448,occupancy,1,400125,flow,1,0.002295204468788222,0.018139925549149505,0.06838301573321351
159,8,401448,occupancy,1,400125,flow,10,0.00794078143212067,0.04832254653720425,0.05955163037136831
159,8,401448,occupancy,2,400331,flow,6,0.001190040839697477,0.010610890459222085,0.07268125933077249
159,8,401448,occupancy,12,404520,flow,10,0.006741551319274336,0.04264680289832352,0.06077808842000602
159,8,401448,occupancy,15,401472,flow,11,8.336205371700852e-05,0.0010962681036757284,0.08817168264040623
159,8,401448,occupancy,15,401472,flow,12,0.00152726472222836,0.01303137191393742,0.07107526092372739
159,8,401448,occupancy,18,404528,flow,4,3.815551797148024e-05,0.0005527559947578626,-0.09227453671500117
159,8,401448,occupancy,18,404528,flow,10,0.0005666000059333125,0.005713726356075472,0.07728406643355508
159,8,401448,occupancy,19,401795,flow,1,0.0006068165643237241,0.006052753539317682,0.07686898009450113
159,8,401448,occupancy,19,401795,flow,3,0.0022164535740402482,0.0176466631770252,0.06861734375307861
159,8,401448,occupancy,19,401795,flow,11,0.0013455912487469264,0.011745714678898206,0.07189440184289435
159,8,401448,speed,0,400593,flow,6,0.0016795673361082266,0.014099749109964126,-0.07045498404776172
159,8,401448,speed,10,400497,flow,5,0.008288141667953762,0.04985348371701512,-0.05922743585729857
159,8,401448,speed,15,401472,flow,7,0.006828202184686994,0.043075107239847865,-0.0606831587687598
159,8,401448,speed,17,400260,flow,7,0.0029775615672962886,0.022223179292047084,-0.06661380142407973
159,8,401448,speed,17,400260,flow,10,0.0005577071615849939,0.005643698613368877,-0.07737954470116085
159,8,401448,speed,18,404528,flow,4,0.0006557705672424232,0.006468727237735665,0.07639693348562783
159,8,401448,speed,19,401795,flow,3,0.00421080695405412,0.02958415511832405,-0.06419385534906634
159,9,402391,flow,0,400593,flow,8,0.0013366551527785634,0.011677149160775316,0.07193727389151425
159,9,402391,flow,1,400125,flow,1,0.00023354177000983812,0.0026690488001124353,0.08248049360008676
159,9,402391,flow,1,400125,flow,11,0.0005604361989332972,0.005664680344856911,0.0773500945284718
159,9,402391,flow,1,400125,flow,12,7.243046560315126e-07,1.600509521256335e-05,0.11090764885253714
159,9,402391,flow,3,400039,flow,1,6.08912640076598e-07,1.3664948598082615e-05,0.11162794798834036
159,9,402391,flow,3,400039,flow,5,0.004125102700825676,0.029066128963573516,0.0643396047264144
159,9,402391,flow,5,400503,flow,1,5.933522786769205e-06,0.00010600834755518184,0.10142381932162288
159,9,402391,flow,5,400503,flow,3,1.4891730405101548e-05,0.00024085464376652444,0.09700063907512535
159,9,402391,flow,5,400503,flow,4,0.001162698805609588,0.010423031417790869,0.07282930397820232
159,9,402391,flow,5,400503,flow,7,0.0004431857167056679,0.00464152347865751,0.07875512554119155
159,9,402391,flow,5,400503,flow,8,0.0009158853281434518,0.008577118182483658,0.07433406859396223
159,9,402391,flow,5,400503,flow,9,3.1759496484364838e-06,6.11958183820054e-05,0.10432748415066892
159,9,402391,flow,5,400503,flow,10,4.962222455165289e-06,9.045063715744324e-05,0.10226225431220291
159,9,402391,flow,5,400503,flow,11,9.875910211294843e-05,0.0012720313688966524,0.0872585831564168
159,9,402391,flow,5,400503,flow,12,3.8149770894945654e-05,0.0005527559947578626,0.09227531130346309
159,9,402391,flow,6,405843,flow,1,0.00022942294457638032,0.0026317236340147715,0.08258180728159564
159,9,402391,flow,6,405843,flow,2,0.0004380554077586529,0.004602138525090906,0.07882423985218251
159,9,402391,flow,6,405843,flow,6,0.0004150635594499008,0.004393713738847272,0.07914356191898377
159,9,402391,flow,6,405843,flow,10,0.00016170425775423097,0.0019534742547490987,0.08455117166963629
159,9,402391,flow,6,405843,flow,11,0.00139380816391686,0.012083586731127504,0.07166750726350561
159,9,402391,flow,6,405843,flow,12,3.0394471676747923e-05,0.0004541823508943308,0.09343715771490119
159,9,402391,flow,7,408093,flow,1,0.0020768844225150167,0.016748442608297314,0.06905203697076057
159,9,402391,flow,8,401448,flow,1,1.6713009297836145e-08,4.842401084282504e-07,0.12619778884989077
159,9,402391,flow,8,401448,flow,4,0.0016847385321346784,0.014127924783140086,0.07043484516574738
159,9,402391,flow,8,401448,flow,11,0.002960903925461026,0.022125876075395737,0.06665235909106056
159,9,402391,flow,8,401448,flow,12,6.915469496985255e-07,1.536770999330057e-05,0.11110767490414242
159,9,402391,flow,9,402391,flow,1,3.0963976689647683e-62,8.685998655797272e-60,0.360962573067599
159,9,402391,flow,9,402391,flow,2,2.003045711638191e-21,1.7731880070239724e-19,0.2109581479443823
159,9,402391,flow,9,402391,flow,3,1.0045641931976756e-07,2.5408180998910765e-06,0.11915869008702246
159,9,402391,flow,9,402391,flow,4,6.807891770777631e-08,1.7824298454399616e-06,0.12071948938641618
159,9,402391,flow,9,402391,flow,9,0.0054636743779931125,0.03617384507101337,0.06232287626695915
159,9,402391,flow,9,402391,flow,12,0.002330791350006265,0.018360719606176266,0.06827953054228911
159,9,402391,flow,10,400497,flow,5,0.00010232746490677021,0.001311345738348405,0.08706625509155207
159,9,402391,flow,10,400497,flow,10,1.3081633153447276e-08,3.8654346937682786e-07,0.12712975850134703
159,9,402391,flow,10,400497,flow,11,6.368251742325456e-13,3.0499830961026575e-11,0.1604462281508644
159,9,402391,flow,10,400497,flow,12,8.036536368878268e-07,1.756975562426828e-05,0.11045708925934893
159,9,402391,flow,11,405841,flow,5,0.0011286306395767297,0.010155560014520875,0.07301833329429007
159,9,402391,flow,11,405841,flow,6,0.00053933260924666,0.005480867729817858,0.07758139677102242
159,9,402391,flow,11,405841,flow,10,0.00011489664832794514,0.0014521753094696402,0.08643577661442634
159,9,402391,flow,12,404520,flow,3,0.0013851574873286671,0.012032737472873199,-0.07170767679405401
159,9,402391,flow,12,404520,flow,9,0.0031576420197022867,0.02334191226063292,0.06620906677537483
159,9,402391,flow,12,404520,flow,10,0.000836932897319448,0.007967276589731193,0.07489564609444081
159,9,402391,flow,12,404520,flow,11,7.236537109584285e-06,0.00012651493449374388,0.10048499804127799
159,9,402391,flow,13,400183,flow,1,6.775861107872001e-05,0.000915027195561333,0.08927653463339685
159,9,402391,flow,13,400183,flow,4,6.061744224378971e-06,0.00010802584051157947,0.10132310890402135
159,9,402391,flow,13,400183,flow,10,0.0015534542643114678,0.01321307820796523,0.0709646607411375
159,9,402391,flow,14,401469,flow,1,0.0034166129884775965,0.024968919596908525,0.06566242366207033
159,9,402391,flow,14,401469,flow,3,0.006988410988847474,0.043836119459592114,0.060510456795219936
159,9,402391,flow,14,401469,flow,6,3.8002869356856556e-05,0.0005514692496527388,0.09229514829460457
159,9,402391,flow,14,401469,flow,10,0.00042263478401075586,0.004462448259485522,0.0790366247975772
159,9,402391,flow,14,401469,flow,11,2.1263908777531387e-07,5.13184837535953e-06,0.11609318703040147
159,9,402391,flow,14,401469,flow,12,1.5936997914982803e-05,0.00025555987747856614,0.09666707467879174
159,9,402391,flow,15,401472,flow,1,1.8936387686072844e-07,4.598380820901331e-06,0.11657217952262046
159,9,402391,flow,15,401472,flow,8,0.002355380157604014,0.018497536583840204,-0.06820886864701275
159,9,402391,flow,15,401472,flow,10,0.005679008519876774,0.03721115851034076,0.062041171098417884
159,9,402391,flow,15,401472,flow,11,3.148633392854356e-13,1.563459339900094e-11,0.16254900399679753
159,9,402391,flow,15,401472,flow,12,1.8577567818042716e-13,9.41961185140194e-12,0.16410610777604928
159,9,402391,flow,16,405838,flow,1,7.133575281709732e-06,0.00012486647170577812,0.1005530413630802
159,9,402391,flow,16,405838,flow,2,0.002426182766410141,0.01891897030846897,0.06800910575951498
159,9,402391,flow,16,405838,flow,4,0.0024089722671668864,0.018811930936661152,0.06805716812373273
159,9,402391,flow,16,405838,flow,5,0.0006906076446823754,0.00676513611117429,0.07608056206446688
159,9,402391,flow,16,405838,flow,7,6.556519164469645e-05,0.0008895779770888464,0.08945081565959806
159,9,402391,flow,16,405838,flow,11,0.008259129830952195,0.04972327004091853,0.05925404308447044
159,9,402391,flow,17,400260,flow,1,0.0001865005201468658,0.00220734862201222,0.08375302814945053
159,9,402391,flow,17,400260,flow,2,0.0002200575311512181,0.0025387044148601494,0.08281867615457812
159,9,402391,flow,17,400260,flow,3,1.231068926355314e-06,2.5879405167177404e-05,0.10859005181643888
159,9,402391,flow,17,400260,flow,4,1.5723665185486377e-07,3.872647297679655e-06,0.11733643547160366
159,9,402391,flow,17,400260,flow,5,0.0023134549025325803,0.01825744460895277,0.06832976221844264
159,9,402391,flow,17,400260,flow,6,0.0008645399923223073,0.008184994010152023,0.07469390284937456
159,9,402391,flow,17,400260,flow,7,0.00010429184208518261,0.0013333553057353917,0.08696306196838659
159,9,402391,flow,18,404528,flow,1,3.418655356707705e-05,0.0005038755080510845,0.09283775938011811
159,9,402391,flow,19,401795,flow,1,0.004460274500482287,0.030923424557989854,0.06378441152384219
159,9,402391,flow,19,401795,flow,3,0.004389828167046744,0.030533018324974934,0.06389788740056457
159,9,402391,flow,19,401795,flow,11,0.0019615063861520466,0.015983556277873363,0.0694320989019922
159,9,402391,flow,19,401795,flow,12,0.0007506846649911969,0.007267946554822884,0.07556825683003966
159,9,402391,occupancy,2,400331,flow,2,0.000434783903370288,0.0045744434061364934,-0.07886870811589987
159,9,402391,occupancy,3,400039,flow,2,9.986205648110218e-05,0.0012824140428013124,0.08719844541941768
159,9,402391,occupancy,3,400039,flow,5,0.0036411635578823148,0.02624699911572101,0.06521814060497826
159,9,402391,occupancy,3,400039,flow,12,0.007487673518522555,0.04612398345931475,0.05999415547349214
159,9,402391,occupancy,5,400503,flow,9,0.003984778454686958,0.028289635043956707,0.06458427837926643
159,9,402391,occupancy,5,400503,flow,10,0.00011654541682955831,0.00147000350570421,0.08635794962676274
159,9,402391,occupancy,6,405843,flow,4,0.002047323880555997,0.016565722352504038,0.06914753026700284
159,9,402391,occupancy,6,405843,flow,6,0.0071685960244969845,0.044693801162977304,0.06032041576283573
159,9,402391,occupancy,6,405843,flow,10,7.949082037586712e-05,0.0010530522662488377,0.08842630903559671
159,9,402391,occupancy,7,408093,flow,10,0.0063448933819218924,0.04063139550830503,0.06122714820625771
159,9,402391,occupancy,8,401448,flow,1,0.0001778502821330015,0.0021235854583044954,0.08401948597697914
159,9,402391,occupancy,9,402391,flow,3,0.007450447698034145,0.045966772430030715,0.06003156990800003
159,9,402391,occupancy,10,400497,flow,3,0.0010117248904053335,0.009299258567129876,0.07370972811429388
159,9,402391,occupancy,10,400497,flow,9,0.0013839536635390649,0.012024697961562268,0.07171328507873787
159,9,402391,occupancy,11,405841,flow,7,0.00660422769488828,0.041987142960879124,0.060930800838478724
159,9,402391,occupancy,13,400183,flow,2,0.005383435586734091,0.03581219854433519,0.06243041292017219
159,9,402391,occupancy,13,400183,flow,6,0.0008718710213158846,0.008247170597951875,0.07464133361480138
159,9,402391,occupancy,14,401469,flow,3,0.0001678459575319107,0.00202032470475858,0.0843432819188835
159,9,402391,occupancy,14,401469,flow,4,9.145155508285648e-06,0.00015578498342190062,0.09936733726208928
159,9,402391,occupancy,14,401469,flow,7,1.73886101268297e-05,0.0002767825930283873,0.0962368568799121
159,9,402391,occupancy,14,401469,flow,10,0.004152098975722263,0.02922774576359814,0.064293400786397
159,9,402391,occupancy,14,401469,flow,12,0.0045631754727247665,0.03145615060978708,0.06362153990849875
159,9,402391,occupancy,15,401472,flow,10,0.0027219796461099145,0.02066599661018424,0.06722833828758776
159,9,402391,occupancy,15,401472,flow,11,0.0010086086019891823,0.009276536428769997,0.07372915109422007
159,9,402391,occupancy,17,400260,flow,1,0.0016105686664230313,0.013610439434560827,0.07072929444606452
159,9,402391,occupancy,17,400260,flow,2,0.004761918475551572,0.032498400970588925,0.06331616406032516
159,9,402391,occupancy,17,400260,flow,3,0.004629643087443489,0.03180670823434458,0.06351809326021242
159,9,402391,occupancy,17,400260,flow,4,4.996481122684617e-06,9.103668684098502e-05,0.1022301049653341
159,9,402391,occupancy,19,401795,flow,3,0.005979566580190065,0.03868762561992074,0.06166365787820618
159,9,402391,occupancy,19,401795,flow,12,0.000964831808952988,0.008944363550808816,0.07400803319615887
159,9,402391,speed,2,400331,flow,2,0.003909239436703131,0.02785405635256066,0.06471924578773991
159,9,402391,speed,3,400039,flow,12,0.006447139108936052,0.041121572346971426,-0.06110903198040641
159,9,402391,speed,6,405843,flow,2,0.006445175242398352,0.04111511672646321,-0.06111128476358317
159,9,402391,speed,6,405843,flow,4,0.005513411240597166,0.03642365498173329,-0.062256931539591456
159,9,402391,speed,6,405843,flow,10,0.0009477383040715917,0.008810478746695237,-0.07412011768375747
159,9,402391,speed,10,400497,flow,3,0.005211416075645353,0.03490978050362525,-0.06266591630961416
159,9,402391,speed,15,401472,flow,2,0.005857163166759813,0.038060988087247886,-0.061815291394903396
159,9,402391,speed,16,405838,flow,4,0.005249559557618283,0.03509454857460691,-0.06261309691590695
159,10,400497,flow,0,400593,flow,5,0.0069666520529707305,0.04375045336361906,0.06053370264681384
159,10,400497,flow,0,400593,flow,12,0.0071993771951214544,0.04484041159591217,0.060288380264692625
159,10,400497,flow,1,400125,flow,1,5.7154674645464056e-36,9.570085056914911e-34,0.2756795529430789
159,10,400497,flow,1,400125,flow,2,1.4590520663366356e-09,4.908960223188681e-08,0.13519330569940158
159,10,400497,flow,1,400125,flow,6,1.0083853361006628e-06,2.160825720215706e-05,0.1094673638141862
159,10,400497,flow,1,400125,flow,7,7.841996166640674e-07,1.7187936803596e-05,0.11056345407627073
159,10,400497,flow,1,400125,flow,9,0.0013581113188838388,0.011831096788824729,-0.07183477459803743
159,10,400497,flow,1,400125,flow,12,9.682251368257658e-18,6.845716188358933e-16,0.1908260071971045
159,10,400497,flow,3,400039,flow,1,5.346556861752082e-16,3.3522678726805505e-14,0.18045294156187883
159,10,400497,flow,3,400039,flow,2,3.3003128372458e-09,1.0647760610083536e-07,0.13224917563142347
159,10,400497,flow,3,400039,flow,6,2.097401586611885e-06,4.21039723706475e-05,0.10621358540068036
159,10,400497,flow,3,400039,flow,7,4.467171760364227e-06,8.23652667724006e-05,0.1027521737525745
159,10,400497,flow,3,400039,flow,12,4.63655559975876e-07,1.0603451662762224e-05,0.11282142348650279
159,10,400497,flow,4,400316,flow,1,3.029570378836005e-17,2.0807224223484168e-15,0.1879370493288524
159,10,400497,flow,4,400316,flow,3,0.0005260914714724402,0.005370309916731904,-0.07773086488362338
159,10,400497,flow,4,400316,flow,4,5.955518686830107e-06,0.00010627639656552335,-0.10140639584764322
159,10,400497,flow,4,400316,flow,6,1.948108606060936e-07,4.719388186679235e-06,0.11645518005346782
159,10,400497,flow,4,400316,flow,7,0.0018107617006143035,0.014985614074049407,0.06996082864734694
159,10,400497,flow,4,400316,flow,11,0.00030555686296143415,0.003361358920278573,0.08093626879878764
159,10,400497,flow,4,400316,flow,12,7.886272486568382e-24,7.997346746942586e-22,0.22313983284774855
159,10,400497,flow,5,400503,flow,1,3.7404631446191946e-09,1.1942942191245321e-07,0.13179187538057335
159,10,400497,flow,5,400503,flow,2,5.9098795907854365e-06,0.0001056733436762959,0.1014426166742204
159,10,400497,flow,5,400503,flow,3,0.004965329249367153,0.03359997236413863,0.06301532694894614
159,10,400497,flow,5,400503,flow,7,0.000473373983029179,0.004905194547100152,0.07836294589051838
159,10,400497,flow,5,400503,flow,8,0.0033770089731370912,0.024734958908023456,0.06574352488349672
159,10,400497,flow,5,400503,flow,9,0.0010249199662464574,0.009400539817801902,0.07362809521892835
159,10,400497,flow,5,400503,flow,10,0.006436226662549706,0.0410756166888614,0.06112155764339756
159,10,400497,flow,5,400503,flow,11,0.0011210169542809302,0.010099673081321415,0.07306129812208054
159,10,400497,flow,5,400503,flow,12,3.1418363410834082e-15,1.8572217184158598e-13,0.1756704254227654
159,10,400497,flow,6,405843,flow,1,3.654142744457733e-30,5.011395763827747e-28,0.2520840788532341
159,10,400497,flow,6,405843,flow,2,8.253678965142247e-10,2.86162866207179e-08,0.1372112637167676
159,10,400497,flow,6,405843,flow,6,9.923735723788638e-05,0.0012770136757776253,0.08723242926000198
159,10,400497,flow,6,405843,flow,7,1.4575783936803567e-12,6.76341424350069e-11,0.15793780948665298
159,10,400497,flow,6,405843,flow,12,3.737456380911926e-24,3.8812047032546923e-22,0.2247214838945595
159,10,400497,flow,7,408093,flow,1,7.464936828898557e-05,0.0009959396881050577,0.08876177129984678
159,10,400497,flow,7,408093,flow,5,1.6874805077000753e-05,0.0002690998816265901,0.09638508586482582
159,10,400497,flow,7,408093,flow,9,0.005650972258843655,0.03707806828402884,-0.062077297909406234
159,10,400497,flow,7,408093,flow,11,0.006900534173469435,0.04341293078138931,0.06060474078904473
159,10,400497,flow,8,401448,flow,1,2.5260675519891332e-08,7.095326283870648e-07,0.12461096564951699
159,10,400497,flow,8,401448,flow,2,4.739502884932909e-07,1.0804565943488213e-05,0.11272793486677511
159,10,400497,flow,8,401448,flow,3,3.422906378599673e-05,0.0005041059383657006,0.0928314047578816
159,10,400497,flow,8,401448,flow,4,1.1664266543978746e-05,0.0001943294696104442,0.09819300970930718
159,10,400497,flow,8,401448,flow,5,0.0006683543161353305,0.006579969566327775,0.07628089163113791
159,10,400497,flow,8,401448,flow,6,2.914517523906297e-05,0.0004385480913714804,0.09365027369513276
159,10,400497,flow,8,401448,flow,12,4.668404021660607e-06,8.574619631621523e-05,0.10254704667949618
159,10,400497,flow,9,402391,flow,1,3.737898679863778e-17,2.5349642538479622e-15,0.1873998560541742
159,10,400497,flow,9,402391,flow,2,3.6395049902521186e-09,1.164641596880678e-07,0.13189195533005943
159,10,400497,flow,9,402391,flow,7,0.000295765423422166,0.0032719760030313887,0.08112480023999526
159,10,400497,flow,9,402391,flow,12,3.9744604591421084e-08,1.0805329882626752e-06,0.12284686326371978
159,10,400497,flow,10,400497,flow,1,0.0,0.0,0.8695072981773103
159,10,400497,flow,10,400497,flow,2,7.767739728288225e-12,3.312599765666844e-10,-0.1527036568641212
159,10,400497,flow,10,400497,flow,3,1.0485869930599406e-05,0.00017626053735482272,-0.09870865326420825
159,10,400497,flow,10,400497,flow,4,2.2674250221466783e-05,0.0003497063939904909,0.09491579721452031
159,10,400497,flow,10,400497,flow,5,9.612533712578428e-28,1.2071553964633373e-25,0.24147749837871701
159,10,400497,flow,10,400497,flow,6,3.4315680129818703e-62,9.564112139407534e-60,0.36100774368489247
159,10,400497,flow,10,400497,flow,7,1.1480912918110425e-16,7.435913614128491e-15,0.184503006690896
159,10,400497,flow,10,400497,flow,8,9.07858610724305e-12,3.8375236774256337e-10,-0.1522482971697137
159,10,400497,flow,10,400497,flow,9,1.4756392387547787e-21,1.3143838167877617e-19,-0.21164689884379018
159,10,400497,flow,10,400497,flow,10,0.0001621500414850568,0.0019583119351843595,-0.08451460918302554
159,10,400497,flow,10,400497,flow,11,1.3480513774023604e-29,1.8198693594931865e-27,0.249583507918689
159,10,400497,flow,10,400497,flow,12,0.0007985236498767387,0.007659019021908329,0.07518683949528034
159,10,400497,flow,11,405841,flow,7,0.004226498997865691,0.02966446087860241,0.06416746098184367
159,10,400497,flow,12,404520,flow,1,1.1612534172011433e-19,9.341926931674002e-18,0.2016179301158797
159,10,400497,flow,12,404520,flow,3,1.99940221951706e-14,1.1188364751701683e-12,-0.1705245544942966
159,10,400497,flow,12,404520,flow,4,1.584633170250785e-10,5.896309470700595e-09,-0.14289721264330035
159,10,400497,flow,12,404520,flow,6,6.32927166133368e-16,3.9285134449657325e-14,0.18000294656583832
159,10,400497,flow,12,404520,flow,7,2.4819275920186574e-08,6.984968858319609e-07,0.12467908918076724
159,10,400497,flow,12,404520,flow,11,3.6512856003453545e-09,1.167546542819536e-07,0.13188013897495326
159,10,400497,flow,12,404520,flow,12,1.8751803251220657e-28,2.4473652581653546e-26,0.24464145827476227
159,10,400497,flow,13,400183,flow,5,0.0006691064621805183,0.006585873585372155,0.07627402013084852
159,10,400497,flow,13,400183,flow,6,0.001677995353617612,0.014089894984063473,0.07046111732729586
159,10,400497,flow,14,401469,flow,1,2.6967320777409794e-11,1.0867427775971111e-09,0.1487576898091052
159,10,400497,flow,14,401469,flow,2,1.455561260491035e-06,3.0100644544381382e-05,0.10784829639204403
159,10,400497,flow,14,401469,flow,6,2.9000871341338996e-07,6.8686274229487094e-06,0.11480153289678724
159,10,400497,flow,14,401469,flow,7,2.0367272179146026e-05,0.00031787072187106514,0.09545191691851607
159,10,400497,flow,14,401469,flow,8,0.0003952276428839366,0.004202272747375353,0.0794326070024164
159,10,400497,flow,14,401469,flow,12,1.6445688798772726e-08,4.771348261296049e-07,0.12625933626426286
159,10,400497,flow,15,401472,flow,1,1.001751118027977e-158,7.592218999790984e-156,0.5519157224173685
159,10,400497,flow,15,401472,flow,2,9.449176084750086e-33,1.4373394607788863e-30,0.2628969158930577
159,10,400497,flow,15,401472,flow,3,0.00012901461760542136,0.001606639227602826,-0.08580087140018779
159,10,400497,flow,15,401472,flow,4,1.5971610407197556e-15,9.636502368588468e-14,-0.17751331970070058
159,10,400497,flow,15,401472,flow,6,5.372416498174214e-19,4.159290192134875e-17,0.19795109779717812
159,10,400497,flow,15,401472,flow,7,7.032424870319164e-27,8.533729056117637e-25,0.23756189602385402
159,10,400497,flow,15,401472,flow,9,4.0026464871794543e-17,2.6975714234969178e-15,-0.1872245397783014
159,10,400497,flow,15,401472,flow,10,3.7661024200635506e-11,1.4912522873212226e-09,-0.14767019874786197
159,10,400497,flow,15,401472,flow,11,0.002334386371947324,0.018385686648700893,0.06826915692450031
159,10,400497,flow,15,401472,flow,12,2.103194014812887e-82,7.447375527862026e-80,0.41240241354993584
159,10,400497,flow,16,405838,flow,1,9.517769530058565e-18,6.740453175385739e-16,0.1908690510227578
159,10,400497,flow,16,405838,flow,2,3.6836997301341997e-10,1.3259819740307604e-08,0.1400194842135215
159,10,400497,flow,16,405838,flow,6,1.0627708375848763e-05,0.00017836713358067852,0.09864373993040414
159,10,400497,flow,16,405838,flow,7,3.7987490459788376e-12,1.6796925157245218e-10,0.15498463473466131
159,10,400497,flow,16,405838,flow,10,3.390243894121997e-07,7.895338880111604e-06,-0.11414621116109562
159,10,400497,flow,16,405838,flow,12,4.199273646494307e-05,0.0006012103048036403,0.09178055621706538
159,10,400497,flow,17,400260,flow,1,6.64168488416299e-08,1.742081281091932e-06,0.1208179868446208
159,10,400497,flow,17,400260,flow,2,1.020526423625158e-24,1.0939638089480603e-22,0.22744255904601368
159,10,400497,flow,17,400260,flow,3,5.605807464390229e-29,7.474409952520305e-27,0.24695014272201757
159,10,400497,flow,17,400260,flow,4,5.813750457513319e-18,4.1789354370145653e-16,0.192103064880565
159,10,400497,flow,17,400260,flow,5,7.020786527969607e-07,1.5553742461963436e-05,0.11104238859250931
159,10,400497,flow,17,400260,flow,6,4.4762290240317543e-07,1.0253080267135301e-05,0.11297108056718555
159,10,400497,flow,17,400260,flow,7,4.88763176696119e-06,8.920392578484301e-05,0.10233299350201557
159,10,400497,flow,17,400260,flow,8,8.043103198758806e-05,0.001064202322163493,0.08836340781406148
159,10,400497,flow,17,400260,flow,10,0.007074221630556879,0.044252298644665095,-0.06041941084521647
159,10,400497,flow,17,400260,flow,11,0.004503962539727807,0.031126408849182732,-0.06371485086881198
159,10,400497,flow,18,404528,flow,1,5.634585180866231e-14,3.0014066561457604e-12,0.16757262861288955
159,10,400497,flow,18,404528,flow,2,0.007753457185192142,0.047476874613791714,0.05973176589623632
159,10,400497,flow,18,404528,flow,7,0.000626746845593355,0.0062262269891494425,0.07667267229768554
159,10,400497,flow,18,404528,flow,12,0.006061242226375139,0.039110629451741,0.06156402513441743
159,10,400497,flow,19,401795,flow,1,4.8763179479300685e-22,4.4536349968409927e-20,0.21417545563086154
159,10,400497,flow,19,401795,flow,2,5.8011924189457e-22,5.276031842072721e-20,0.21378907602216685
159,10,400497,flow,19,401795,flow,3,0.00024479437404983283,0.002782193359366687,0.08221201501213443
159,10,400497,flow,19,401795,flow,6,0.00021049522498227917,0.0024464336075422275,0.08307049015417073
159,10,400497,flow,19,401795,flow,7,6.449297392169395e-05,0.0008769582856207675,0.08953802628056083
159,10,400497,flow,19,401795,flow,10,2.5969718834303805e-09,8.47990819079308e-08,-0.13312032619884823
159,10,400497,occupancy,1,400125,flow,1,2.2313919484451183e-31,3.278780005878541e-29,0.25722213876947647
159,10,400497,occupancy,1,400125,flow,2,2.556578971685722e-10,9.320186630955544e-09,0.14127265142239137
159,10,400497,occupancy,1,400125,flow,6,4.598999602198481e-07,1.0528711330947238e-05,0.11285602770000652
159,10,400497,occupancy,1,400125,flow,7,2.199108366552531e-06,4.3860333072515854e-05,0.10599993540636414
159,10,400497,occupancy,1,400125,flow,10,0.0014557696140786289,0.01252025628672044,-0.07138632500366791
159,10,400497,occupancy,1,400125,flow,12,2.7835602088000717e-14,1.5260127033015622e-12,0.16958755526924724
159,10,400497,occupancy,3,400039,flow,1,5.573793945895527e-15,3.223398908469702e-13,0.17409315170864545
159,10,400497,occupancy,3,400039,flow,2,5.5785834330860915e-09,1.7263238131040053e-07,0.13032119817236473
159,10,400497,occupancy,3,400039,flow,6,0.0002430283459475345,0.002765031484048852,0.08225337567972645
159,10,400497,occupancy,3,400039,flow,7,5.376026793110496e-06,9.688959426882496e-05,0.1018873943765545
159,10,400497,occupancy,3,400039,flow,12,1.3668132012665273e-06,2.8497263655749988e-05,0.1081274383326749
159,10,400497,occupancy,4,400316,flow,1,6.461139950377625e-20,5.316595159167874e-18,0.20300281528853664
159,10,400497,occupancy,4,400316,flow,3,5.7408801922386055e-06,0.0001029925350102607,-0.10157911117520824
159,10,400497,occupancy,4,400316,flow,4,8.361119893646737e-08,2.1423510047778115e-06,-0.1198974868311054
159,10,400497,occupancy,4,400316,flow,6,7.240958453523203e-05,0.0009705535376736033,0.08892397962480106
159,10,400497,occupancy,4,400316,flow,7,7.985156839946984e-06,0.0001384264749140087,0.10001639984660626
159,10,400497,occupancy,4,400316,flow,11,5.284744863520368e-05,0.0007355057284280925,0.09058524407283404
159,10,400497,occupancy,4,400316,flow,12,1.2745147398302909e-21,1.1375834041460448e-19,0.2120285156377129
159,10,400497,occupancy,5,400503,flow,1,1.1945324694929732e-10,4.5068823303141e-09,0.14384843394999222
159,10,400497,occupancy,5,400503,flow,2,1.8753341181299443e-06,3.7981450493771025e-05,0.10671690761313954
159,10,400497,occupancy,5,400503,flow,7,0.0010505559897829174,0.009594929970110367,0.0734722358526106
159,10,400497,occupancy,5,400503,flow,8,0.0002951900221867301,0.0032664469668203743,0.08113606032126773
159,10,400497,occupancy,5,400503,flow,12,2.559431091870778e-09,8.363647743480908e-08,0.1331730715419245
159,10,400497,occupancy,6,405843,flow,1,1.8672182868237134e-39,3.447172221828394e-37,0.28879563517030193
159,10,400497,occupancy,6,405843,flow,2,2.6735659294587694e-11,1.0804307591451715e-09,0.14878567512309693
159,10,400497,occupancy,6,405843,flow,4,0.0008638379917486106,0.008181934059096686,-0.07469895839168912
159,10,400497,occupancy,6,405843,flow,6,7.611417699126345e-06,0.00013237248172393642,0.10024483495797765
159,10,400497,occupancy,6,405843,flow,7,2.4977987618092276e-14,1.388737535523277e-12,0.1698948849347576
159,10,400497,occupancy,6,405843,flow,10,3.3284656028637296e-06,6.373657537398632e-05,-0.10411222914045552
159,10,400497,occupancy,6,405843,flow,12,7.071711424481873e-23,6.788842967502599e-21,0.21842165422858723
159,10,400497,occupancy,7,408093,flow,1,0.0003435036829566226,0.003715412895274436,0.08025535906745025
159,10,400497,occupancy,7,408093,flow,5,0.00025350281130342674,0.0028615943162550394,0.08201206528719061
159,10,400497,occupancy,7,408093,flow,9,3.702332058100925e-05,0.000538883911421698,-0.09242931264486648
159,10,400497,occupancy,7,408093,flow,12,1.2019090585623226e-05,0.00019939505119006274,0.09804746627347377
159,10,400497,occupancy,8,401448,flow,1,6.6008932896791945e-06,0.00011682039742488373,0.10092079139435803
159,10,400497,occupancy,8,401448,flow,2,9.035993105604417e-05,0.0011771860740715043,0.08773850603891317
159,10,400497,occupancy,8,401448,flow,3,5.546939687440678e-05,0.0007685304506011459,0.09033164298561516
159,10,400497,occupancy,8,401448,flow,4,0.007597937141549575,0.046709959373123895,0.05988430303317752
159,10,400497,occupancy,8,401448,flow,5,0.0004226264426555656,0.004462448259485522,0.0790367416253205
159,10,400497,occupancy,8,401448,flow,6,1.8296322811315743e-05,0.00028973649026717014,0.09598489709513885
159,10,400497,occupancy,8,401448,flow,8,0.004538055800139345,0.031316934595210816,0.06366099020784885
159,10,400497,occupancy,8,401448,flow,12,0.00025739278271069693,0.002901714043085101,0.08192482193504437
159,10,400497,occupancy,9,402391,flow,1,1.3505938271250305e-20,1.1645838988383498e-18,0.20665190080121612
159,10,400497,occupancy,9,402391,flow,2,9.398231178731954e-10,3.2376681572665106e-08,0.1367538765932265
159,10,400497,occupancy,9,402391,flow,7,0.0005225836646627837,0.005338572359142787,0.07777104841498735
159,10,400497,occupancy,9,402391,flow,12,1.1389825349608957e-05,0.00018990368780513585,0.09830850715906721
159,10,400497,occupancy,10,400497,flow,1,1.558099658600135e-72,5.0992352463277145e-70,0.38845121377027647
159,10,400497,occupancy,10,400497,flow,2,1.960877543493274e-08,5.60250726712364e-07,-0.12558625947444133
159,10,400497,occupancy,10,400497,flow,3,3.9476902238110086e-70,1.2539721887399674e-67,-0.3823050887035427
159,10,400497,occupancy,10,400497,flow,4,6.220525428230305e-13,2.987859524346303e-11,-0.16051674854217568
159,10,400497,occupancy,10,400497,flow,5,1.6876651851200937e-20,1.4351798424643316e-18,0.20613668399028742
159,10,400497,occupancy,10,400497,flow,6,2.487686978438163e-82,8.737242070612084e-80,0.4122324790823804
159,10,400497,occupancy,10,400497,flow,7,4.242751162180562e-23,4.1482288494633085e-21,0.21953034565495663
159,10,400497,occupancy,10,400497,flow,8,6.371962559186467e-33,9.796042083873857e-31,-0.263594404247879
159,10,400497,occupancy,10,400497,flow,9,3.546322337059711e-63,1.0013145422286242e-60,-0.36374108529600657
159,10,400497,occupancy,10,400497,flow,10,1.0014762147191603e-23,1.0132031024793379e-21,-0.22263115485394205
159,10,400497,occupancy,10,400497,flow,11,4.298596828893323e-31,6.242455559975729e-29,0.2560275857442766
159,10,400497,occupancy,10,400497,flow,12,7.864401331484111e-156,5.857623060691613e-153,0.5476568235015027
159,10,400497,occupancy,11,405841,flow,7,0.006730809823057595,0.04262254241514044,0.06078993241350436
159,10,400497,occupancy,11,405841,flow,12,0.0003079001699198455,0.0033836904961936725,0.08089198812873807
159,10,400497,occupancy,12,404520,flow,1,8.470220504439016e-25,9.102326512232972e-23,0.2278302784995056
159,10,400497,occupancy,12,404520,flow,3,3.8875310851586153e-19,3.0369139761094426e-17,-0.1987314827935075
159,10,400497,occupancy,12,404520,flow,4,2.5068122020474747e-14,1.3919574181034822e-12,-0.16988467430121054
159,10,400497,occupancy,12,404520,flow,6,4.7505685658706935e-12,2.0708835726096262e-10,0.15428706869241152
159,10,400497,occupancy,12,404520,flow,7,2.0869606796254503e-14,1.1663221391955945e-12,0.1704034796647072
159,10,400497,occupancy,12,404520,flow,11,3.257791514133621e-10,1.178698437274476e-08,0.14044228713177173
159,10,400497,occupancy,12,404520,flow,12,5.517706590643841e-31,7.972071060729563e-29,0.25557105207141984
159,10,400497,occupancy,13,400183,flow,4,0.007604511935263649,0.04673707719496224,0.059877797974551616
159,10,400497,occupancy,13,400183,flow,5,2.926621120665502e-05,0.0004399096465300963,0.09362925054659997
159,10,400497,occupancy,14,401469,flow,1,4.692065293574933e-15,2.7503015017969754e-13,0.17456849224611387
159,10,400497,occupancy,14,401469,flow,2,9.735791692878225e-09,2.9187106254846587e-07,0.12824473392359984
159,10,400497,occupancy,14,401469,flow,3,0.0004757040272132006,0.0049243899955482475,0.07833365354814457
159,10,400497,occupancy,14,401469,flow,6,1.328745916017812e-05,0.00021847333288043413,0.09755872295806038
159,10,400497,occupancy,14,401469,flow,7,8.126170522163691e-11,3.109393857904973e-09,0.1451351519074823
159,10,400497,occupancy,14,401469,flow,8,7.851853080108726e-05,0.0010420892567148908,0.08849209984436197
159,10,400497,occupancy,14,401469,flow,12,6.09342125750259e-06,0.00010850609988627859,0.1012985423519675
159,10,400497,occupancy,15,401472,flow,1,9.120914727379946e-197,9.610329663971065e-194,0.6027632408466033
159,10,400497,occupancy,15,401472,flow,2,8.253108486979772e-37,1.4204553252491082e-34,0.27890732340565
159,10,400497,occupancy,15,401472,flow,3,2.9724425222969776e-17,2.0479986756495922e-15,-0.18798564350664992
159,10,400497,occupancy,15,401472,flow,4,1.4143049598698477e-53,3.3943319036876345e-51,-0.3358939828014308
159,10,400497,occupancy,15,401472,flow,5,6.29773731967759e-11,2.4422105225320638e-09,-0.14598027061147817
159,10,400497,occupancy,15,401472,flow,6,1.0814022202037019e-14,6.163136663957774e-13,0.17225105809182598
159,10,400497,occupancy,15,401472,flow,7,1.890564511517376e-37,3.320015727542709e-35,0.28133674328552377
159,10,400497,occupancy,15,401472,flow,9,3.797806933973271e-35,6.214593164683535e-33,-0.2724780271228105
159,10,400497,occupancy,15,401472,flow,10,6.914672082101477e-35,1.1229843381458037e-32,-0.2714560045864564
159,10,400497,occupancy,15,401472,flow,12,1.1965150227550832e-96,5.274433569695877e-94,0.44385708213524094
159,10,400497,occupancy,16,405838,flow,1,2.2807267586962325e-22,2.1326276185211524e-20,0.21580418572066642
159,10,400497,occupancy,16,405838,flow,2,3.229051609374153e-16,2.0544186969803153e-14,0.18174583382604195
159,10,400497,occupancy,16,405838,flow,3,1.3076177619401546e-07,3.2577328325152644e-06,-0.11808963002384172
159,10,400497,occupancy,16,405838,flow,4,2.917272361543799e-12,1.305970632318053e-10,-0.15580426993086308
159,10,400497,occupancy,16,405838,flow,5,0.0001163582405927948,0.0014685001442035453,-0.08636673253074069
159,10,400497,occupancy,16,405838,flow,6,0.0015059855696365908,0.012872690266778933,0.07116641710603964
159,10,400497,occupancy,16,405838,flow,7,1.1026154421837008e-08,3.285033593264543e-07,0.12777612196872992
159,10,400497,occupancy,16,405838,flow,9,2.498623949276622e-08,7.0273798573405e-07,-0.12465318367543447
159,10,400497,occupancy,16,405838,flow,10,1.3632676081342349e-15,8.271511330252661e-14,-0.17794176955451962
159,10,400497,occupancy,16,405838,flow,11,7.797679509302654e-07,1.711685745944485e-05,-0.11058803917306677
159,10,400497,occupancy,16,405838,flow,12,4.490204903679327e-05,0.0006357812252997276,0.09143378023765465
159,10,400497,occupancy,17,400260,flow,1,1.8259704281579482e-07,4.449065002618351e-06,0.11672214253930294
159,10,400497,occupancy,17,400260,flow,2,1.1903814878816036e-26,1.412760447156189e-24,0.23651432586085652
159,10,400497,occupancy,17,400260,flow,3,1.288267214045322e-30,1.8489416493939504e-28,0.25401371949707546
159,10,400497,occupancy,17,400260,flow,4,2.1812498629861092e-18,1.618368123421199e-16,0.19453277449505255
159,10,400497,occupancy,17,400260,flow,5,1.961269712921436e-06,3.962902319841255e-05,0.10651566853704164
159,10,400497,occupancy,17,400260,flow,6,4.297958130720499e-06,7.984382117446227e-05,0.10293162876726816
159,10,400497,occupancy,17,400260,flow,7,1.8707272359666562e-06,3.791376079415527e-05,0.10672794422409636
159,10,400497,occupancy,17,400260,flow,8,2.057586169724054e-05,0.00032008542503449453,0.0954011270814054
159,10,400497,occupancy,17,400260,flow,11,0.007193798483395965,0.044813083218721406,-0.060294177181677074
159,10,400497,occupancy,18,404528,flow,1,4.109879383802239e-11,1.621431866486363e-09,0.14738445254851595
159,10,400497,occupancy,18,404528,flow,2,2.2689977926268036e-05,0.00034982407081184124,0.09491232355879581
159,10,400497,occupancy,18,404528,flow,7,0.007564029720292192,0.04653461747602146,0.0599179310930194
159,10,400497,occupancy,18,404528,flow,12,7.851520020703758e-05,0.0010420892567148908,0.08849232653170815
159,10,400497,occupancy,19,401795,flow,1,4.95140546113713e-18,3.5709635379152588e-16,0.19250320311094388
159,10,400497,occupancy,19,401795,flow,2,1.1678914379891681e-22,1.1112975797606182e-20,0.2173269983630357
159,10,400497,occupancy,19,401795,flow,3,5.0168182313914475e-06,9.125551566386548e-05,0.10221111965481867
159,10,400497,occupancy,19,401795,flow,6,0.006895207736465107,0.04339009092720941,0.06061049015996769
159,10,400497,occupancy,19,401795,flow,7,7.768118383651649e-08,2.004675711910103e-06,0.12019235741707596
159,10,400497,occupancy,19,401795,flow,8,2.5360256793620918e-05,0.00038671482297367583,0.09435341579443175
159,10,400497,occupancy,19,401795,flow,10,1.2843374818242644e-09,4.3550533135642246e-08,-0.13564765439385074
159,10,400497,speed,0,400593,flow,12,0.0050745125471450304,0.03418623635361257,-0.06285841395956782
159,10,400497,speed,1,400125,flow,3,0.006795028781616057,0.04290342639079417,-0.06071937312574413
159,10,400497,speed,1,400125,flow,4,0.0006562062213826472,0.006470693623312112,-0.07639288162962417
159,10,400497,speed,1,400125,flow,10,9.53646125465893e-06,0.00016183899633173663,0.0991660416373206
159,10,400497,speed,1,400125,flow,11,1.81933465266834e-06,3.6968606300692515e-05,0.10685286526545908
159,10,400497,speed,3,400039,flow,2,0.006558911516640357,0.04171745840972665,-0.06098182165679154
159,10,400497,speed,4,400316,flow,1,0.001115646864064395,0.01006598674343815,-0.07309176453731668
159,10,400497,speed,4,400316,flow,12,0.006978979831818593,0.04380876616311584,-0.06052052445143363
159,10,400497,speed,5,400503,flow,2,0.00043593302788482043,0.004584300585351568,-0.0788530530668135
159,10,400497,speed,5,400503,flow,4,0.0021660268220112036,0.017331424099070937,-0.06877142879713576
159,10,400497,speed,6,405843,flow,1,0.00020981409313638156,0.002440099569883614,-0.08308883425183783
159,10,400497,speed,6,405843,flow,2,0.0002644671496401612,0.002972159434041354,-0.08176927923035979
159,10,400497,speed,6,405843,flow,4,0.0010019438756800475,0.009222582649790116,-0.07377087752128494
159,10,400497,speed,6,405843,flow,6,0.00016716470085023042,0.002013807885312313,-0.08436598582243338
159,10,400497,speed,8,401448,flow,3,0.0001241584157784069,0.001555130055560214,-0.08601153547240033
159,10,400497,speed,8,401448,flow,4,0.000982835997842156,0.009085922342559626,-0.07389194714852314
159,10,400497,speed,8,401448,flow,5,0.001907209594453138,0.01564295699266671,-0.06961810389253749
159,10,400497,speed,8,401448,flow,6,0.0015194545090846888,0.012969854730776243,-0.07110858192965953
159,10,400497,speed,8,401448,flow,11,0.0001945565755894438,0.0022882777199738557,0.08351511459763775
159,10,400497,speed,9,402391,flow,2,0.0006738066642075049,0.006629115894731089,-0.07623124158472391
159,10,400497,speed,9,402391,flow,3,0.00029918213129801293,0.0033025170330673436,-0.08105835770052021
159,10,400497,speed,9,402391,flow,4,0.0006361346996021137,0.006304431985045035,-0.07658220746688242
159,10,400497,speed,9,402391,flow,5,0.0011058184782752843,0.009998112156541339,-0.07314787704002991
159,10,400497,speed,10,400497,flow,1,5.908590838368888e-09,1.8232223158395426e-07,-0.13010840086351358
159,10,400497,speed,10,400497,flow,2,6.951787177620029e-06,0.00012217949799560017,-0.10067550219895752
159,10,400497,speed,10,400497,flow,3,0.008273803368791471,0.04978110104899603,-0.05924057531897804
159,10,400497,speed,10,400497,flow,5,0.0013874882875847712,0.0120422266071229,-0.07169683099042147
159,10,400497,speed,10,400497,flow,6,6.630568814357519e-05,0.0008968083055110983,-0.08939137007491728
159,10,400497,speed,10,400497,flow,9,8.516337194882961e-09,2.572767600132475e-07,0.12874672826906347
159,10,400497,speed,10,400497,flow,10,3.609610587135767e-07,8.374606732774712e-06,0.11388208281016658
159,10,400497,speed,10,400497,flow,11,6.15957087156631e-05,0.0008431351763360729,0.08978072556896241
159,10,400497,speed,11,405841,flow,11,0.0037626762364819724,0.026974379923003854,-0.06498800719307958
159,10,400497,speed,12,404520,flow,1,3.352738040140581e-13,1.660989487776068e-11,-0.1623626217144645
159,10,400497,speed,12,404520,flow,2,1.9539608777114508e-05,0.0003063924134923219,-0.09565844815640664
159,10,400497,speed,12,404520,flow,8,7.224711033822251e-05,0.0009695791135791279,0.0889359299846387
159,10,400497,speed,12,404520,flow,12,8.592113263760685e-06,0.0001471765634395169,-0.09966632758377968
159,10,400497,speed,14,401469,flow,1,0.00782505074084791,0.0478000837110619,-0.05966246452474003
159,10,400497,speed,14,401469,flow,3,0.00015594630955495148,0.0018938506011411623,-0.08475292804843504
159,10,400497,speed,14,401469,flow,5,0.0021883522363865576,0.01745832255067392,-0.06870280980119507
159,10,400497,speed,14,401469,flow,6,0.004283711079075399,0.029988060057698468,-0.06407197527194967
159,10,400497,speed,14,401469,flow,8,0.00020809687629905416,0.002424429626785097,-0.08313533120724606
159,10,400497,speed,14,401469,flow,9,0.0017644382211222482,0.014686126707596728,-0.07013143863869985
159,10,400497,speed,15,401472,flow,1,1.5334652490075942e-08,4.4790871370607214e-07,-0.12652599809793214
159,10,400497,speed,15,401472,flow,2,1.6262271365172137e-13,8.32381662293171e-12,-0.16449657100284476
159,10,400497,speed,15,401472,flow,3,1.607910054491313e-05,0.00025774291040454444,-0.09662334588748984
159,10,400497,speed,15,401472,flow,9,6.008400971161506e-17,3.956751859057577e-15,0.1861803357768183
159,10,400497,speed,15,401472,flow,10,1.0338667115502763e-21,9.343732623215886e-20,0.21249811719662762
159,10,400497,speed,15,401472,flow,11,4.3696581349339434e-10,1.551102969836864e-08,0.13942973869233186
159,10,400497,speed,16,405838,flow,8,0.007908042863605375,0.04816402815561147,-0.059582836352145674
159,10,400497,speed,17,400260,flow,1,4.3405777211612846e-07,9.958202737874003e-06,0.11310179637366786
159,10,400497,speed,17,400260,flow,4,4.11560617051797e-05,0.0005912676640052421,-0.09188450536123967
159,10,400497,speed,17,400260,flow,5,8.289746130340414e-08,2.125323636977483e-06,-0.11993188655409436
159,10,400497,speed,17,400260,flow,6,7.192163417357111e-12,3.076252075542844e-10,-0.15298469086096878
159,10,400497,speed,17,400260,flow,7,4.2659947667075607e-13,2.0753488054253e-11,-0.16164573729850965
159,10,400497,speed,17,400260,flow,8,4.2151607345697465e-13,2.062230393356886e-11,-0.16168148774733868
159,10,400497,speed,17,400260,flow,9,2.2386293377042754e-08,6.33325392199245e-07,-0.12507706561281615
159,10,400497,speed,17,400260,flow,12,1.0984081924503515e-06,2.3283235482755244e-05,0.10909220627837263
159,10,400497,speed,19,401795,flow,4,0.0007914294387010942,0.007601100878587655,-0.07524204009720757
159,10,400497,speed,19,401795,flow,5,0.0005354212603245903,0.0054552354825524296,-0.0776251898860591
159,10,400497,speed,19,401795,flow,6,9.96412151864865e-06,0.00016840768763913213,-0.09895486978516041
159,10,400497,speed,19,401795,flow,7,0.001052616217041966,0.009611714347117507,-0.07345986343304745
159,10,400497,speed,19,401795,flow,8,1.66390303262368e-05,0.00026583066201680096,-0.09645454929229166
159,10,400497,speed,19,401795,flow,11,3.3351816675725824e-05,0.0004930864067047761,0.09296408336409114
159,10,400497,speed,19,401795,flow,12,2.9605900117101833e-07,6.985116794422716e-06,0.114715091995153
159,11,405841,flow,0,400593,flow,3,0.0002493754254029261,0.002823858028153711,0.08210601586829819
159,11,405841,flow,0,400593,flow,4,0.0021930588640354893,0.017489411653375142,0.06868842547236835
159,11,405841,flow,0,400593,flow,6,0.0008865105687799088,0.008360021080832145,0.07453757071548352
159,11,405841,flow,0,400593,flow,9,0.0022773552287650087,0.018023539651387283,0.06843547481488442
159,11,405841,flow,0,400593,flow,12,0.000839336286440781,0.007984877246034297,0.07487783973222922
159,11,405841,flow,2,400331,flow,5,0.0007672265965325517,0.007396605438564212,0.07543388168452504
159,11,405841,flow,2,400331,flow,6,0.0010905805313867712,0.009893548709766595,0.07323579172615817
159,11,405841,flow,2,400331,flow,12,0.0012163605021348594,0.01080837625327387,0.07254168739672318
159,11,405841,flow,3,400039,flow,7,0.0017644908679765427,0.014686126707596728,0.07013124241527557
159,11,405841,flow,5,400503,flow,6,0.002111796350321825,0.016981310820398793,0.06894084795834557
159,11,405841,flow,6,405843,flow,1,0.004652017296766036,0.03191981372622185,0.0634835734425256
159,11,405841,flow,6,405843,flow,7,0.00034210470801458444,0.003703062737717376,0.08027918388611331
159,11,405841,flow,7,408093,flow,6,0.001509904511976604,0.012903634998494418,0.07114954034481746
159,11,405841,flow,7,408093,flow,11,0.0008972954752045476,0.008439617794216515,0.07446213943634869
159,11,405841,flow,8,401448,flow,3,0.0005166684706730871,0.005285360628244698,0.07783938210657122
159,11,405841,flow,8,401448,flow,9,0.0005830893221092166,0.0058525694040702046,0.07711066078965131
159,11,405841,flow,9,402391,flow,2,0.0026492763850812086,0.020256414130178445,0.06741277807865666
159,11,405841,flow,11,405841,flow,1,5.078439957849414e-52,1.185884357724836e-49,0.33086713467182366
159,11,405841,flow,11,405841,flow,2,4.3317773609537813e-17,2.8967922909164606e-15,0.18692932775937796
159,11,405841,flow,11,405841,flow,3,5.0635187520887594e-20,4.190498277590697e-18,0.20352541231898336
159,11,405841,flow,11,405841,flow,4,1.0508764525255583e-05,0.0001765766734698721,0.09869811890550365
159,11,405841,flow,11,405841,flow,5,0.00018224014183910618,0.0021652294079893804,0.08388277760083479
159,11,405841,flow,11,405841,flow,6,1.346613595528787e-06,2.8103240254513816e-05,0.10819340288986869
159,11,405841,flow,11,405841,flow,7,0.0036654675386245624,0.026400166333541364,0.0651715586563154
159,11,405841,flow,11,405841,flow,8,0.007923955652353955,0.048233744424642934,0.059567654075579304
159,11,405841,flow,11,405841,flow,12,1.5343327280144722e-05,0.00024723302443202235,0.09685387378942854
159,11,405841,flow,12,404520,flow,1,0.0025994040510668747,0.01994569360676536,0.06754199078214297
159,11,405841,flow,12,404520,flow,12,0.0017851963316469737,0.014813769021734396,0.07005448366189411
159,11,405841,flow,13,400183,flow,1,0.00010270326077645965,0.0013153812231079328,0.08704637000214553
159,11,405841,flow,13,400183,flow,2,3.324304334260494e-05,0.0004916811842562352,0.09298076496457697
159,11,405841,flow,13,400183,flow,4,0.0076625767193541855,0.04702703711835499,0.05982056674070263
159,11,405841,flow,13,400183,flow,6,0.001713718263051088,0.01433074505687321,0.07032302605733344
159,11,405841,flow,13,400183,flow,7,7.747489196377291e-07,1.7032648004249312e-05,0.11061604567143356
159,11,405841,flow,13,400183,flow,8,0.0007824943644370361,0.007526999898392331,0.07531222128985013
159,11,405841,flow,13,400183,flow,9,3.643564073743076e-05,0.0005316653027466379,0.09251143001256866
159,11,405841,flow,14,401469,flow,5,1.844325126639597e-05,0.0002914222584887732,0.0959452362473351
159,11,405841,flow,14,401469,flow,11,0.0008129409982263818,0.0077753787833062,0.07507604437188548
159,11,405841,flow,15,401472,flow,5,0.0015546730278577724,0.013218239481097377,0.07095955571157567
159,11,405841,flow,15,401472,flow,6,0.007200825229128379,0.04484296524410349,0.06028687625098134
159,11,405841,flow,16,405838,flow,2,0.00022143315374779715,0.002552271142450597,0.08278329834913604
159,11,405841,flow,16,405838,flow,8,0.0029269196188263834,0.021936663347206762,0.0667316402965946
159,11,405841,flow,17,400260,flow,9,0.0003919876998846243,0.004173987832145864,0.07948110101939872
159,11,405841,flow,17,400260,flow,10,0.003563983355276837,0.025763735098386774,0.06536796389905293
159,11,405841,flow,19,401795,flow,4,7.78642554485671e-05,0.0010346772794149796,0.08853680655578428
159,11,405841,flow,19,401795,flow,6,0.00031290955626872346,0.0034317575097255275,0.08079837538445207
159,11,405841,flow,19,401795,flow,8,0.00028889697517465134,0.0032066673503455645,0.08126056884682739
159,11,405841,flow,19,401795,flow,9,0.001827625578268155,0.015107811898427918,0.06989971272680827
159,11,405841,occupancy,0,400593,flow,3,0.0004721423642972983,0.004893606079089081,0.0783784836254209
159,11,405841,occupancy,0,400593,flow,4,0.0007771387189921013,0.007483814681332763,0.07535464473376047
159,11,405841,occupancy,0,400593,flow,6,0.000895139106348083,0.008423003570951248,0.07447715399351423
159,11,405841,occupancy,0,400593,flow,12,0.0041010497785051,0.02893912943995758,0.06438100268599059
159,11,405841,occupancy,2,400331,flow,5,0.00608954769049228,0.03926060996632613,0.06152977832665559
159,11,405841,occupancy,6,405843,flow,7,0.0007532359719465464,0.007286115984794179,0.07554735367726842
159,11,405841,occupancy,8,401448,flow,3,0.005836430830749046,0.037981264762768155,0.06184125684252416
159,11,405841,occupancy,8,401448,flow,9,0.006852306195972652,0.04318517082783623,0.06065694414346812
159,11,405841,occupancy,11,405841,flow,2,0.007928489489367014,0.04825454296148986,-0.059548350988686084
159,11,405841,occupancy,11,405841,flow,3,0.001534588851659444,0.013080946801832673,-0.07104415590443475
159,11,405841,occupancy,11,405841,flow,6,0.00013972997188931084,0.001722698283566846,0.08536127601949697
159,11,405841,occupancy,11,405841,flow,12,5.150602122375111e-06,9.333305859337449e-05,0.10208803395787351
159,11,405841,occupancy,13,400183,flow,1,0.0034316117273364742,0.025049878458333365,0.06563193231825944
159,11,405841,occupancy,13,400183,flow,2,0.0007338289807704413,0.007123912802086081,0.075708037271008
159,11,405841,occupancy,13,400183,flow,7,0.0001852889640786637,0.0021960173520434215,0.08378964032262391
159,11,405841,occupancy,13,400183,flow,9,0.0003444107872069305,0.0037233319479619952,0.08023995932897045
159,11,405841,occupancy,14,401469,flow,5,4.491939253974548e-08,1.2105538101790423e-06,0.12236621506231865
159,11,405841,occupancy,14,401469,flow,6,0.002058341749536984,0.016642403814336088,0.06911179093177403
159,11,405841,occupancy,14,401469,flow,10,0.0016844461927661477,0.014127924783140086,0.07043598214580561
159,11,405841,occupancy,14,401469,flow,11,0.0017118384310227288,0.014317796751245284,0.07033022653335419
159,11,405841,occupancy,15,401472,flow,5,0.005387319792239143,0.03583251963429268,0.06242517407828997
159,11,405841,occupancy,15,401472,flow,6,0.007355720171556129,0.04553842238624603,0.06012753844235594
159,11,405841,occupancy,16,405838,flow,4,0.005677703588807284,0.037208251674222495,-0.06204284902856862
159,11,405841,occupancy,17,400260,flow,9,0.004553377458205148,0.03140260316003551,0.06363690419510062
159,11,405841,occupancy,19,401795,flow,6,0.0033646688827853807,0.024652933469526538,0.06576897181164171
159,11,405841,occupancy,19,401795,flow,8,0.0013600691783780517,0.011843376034253544,0.07182549607400517
159,11,405841,speed,8,401448,flow,4,0.001203275965375483,0.010715630118371648,0.07261072181473949
159,11,405841,speed,14,401469,flow,5,0.003378175792387544,0.02473931076981554,-0.06574112312512159
159,11,405841,speed,15,401472,flow,1,0.004440549864973281,0.030816968360120555,0.06381601968846427
159,12,404520,flow,1,400125,flow,1,8.983277876203214e-18,6.372374454055482e-16,0.19101417019528594
159,12,404520,flow,1,400125,flow,2,1.3048286952500198e-16,8.438413118982164e-15,0.18416962933224404
159,12,404520,flow,1,400125,flow,3,5.707597721469163e-09,1.7649836905330554e-07,0.13023658540067
159,12,404520,flow,1,400125,flow,4,0.0023819568311399834,0.018644778964531126,0.06813324911711362
159,12,404520,flow,1,400125,flow,5,5.57585021351632e-06,0.00010028173573018527,0.10171616028819434
159,12,404520,flow,1,400125,flow,6,5.2184430171481354e-06,9.440399428006676e-05,0.10202678231925374
159,12,404520,flow,1,400125,flow,7,0.0009620242618903015,0.008924081622001508,0.0740263158923738
159,12,404520,flow,1,400125,flow,9,0.0006191506936213845,0.006159760208329316,-0.07674679841588938
159,12,404520,flow,1,400125,flow,12,6.358858074959264e-10,2.2279210773579902e-08,0.1381253261281948
159,12,404520,flow,2,400331,flow,1,0.006027500048991507,0.03892803336431919,0.06160503841928305
159,12,404520,flow,3,400039,flow,1,3.1765082727179135e-17,2.171284135781865e-15,0.18776961234967776
159,12,404520,flow,3,400039,flow,2,2.1902246839836343e-18,1.6201662045906336e-16,0.19447458665571143
159,12,404520,flow,3,400039,flow,8,8.716382474723283e-05,0.0011413995844439097,-0.08793226910615919
159,12,404520,flow,3,400039,flow,9,2.1627660125118975e-09,7.12673468653806e-08,-0.13378157374681116
159,12,404520,flow,3,400039,flow,12,0.0026542075767182747,0.02027617459137568,0.06740012298033965
159,12,404520,flow,4,400316,flow,1,0.0,0.0,0.7938810440939401
159,12,404520,flow,4,400316,flow,2,0.0006633974647593063,0.0065371283023727255,-0.07630718030949715
159,12,404520,flow,4,400316,flow,3,1.7199306493406596e-12,7.921215783743763e-11,-0.15743156287059545
159,12,404520,flow,4,400316,flow,4,1.9808734805329314e-06,3.9969049210192734e-05,-0.10647094871768832
159,12,404520,flow,4,400316,flow,8,3.0196370587978065e-08,8.346021813183957e-07,-0.12388822535906226
159,12,404520,flow,4,400316,flow,11,0.0007543248578936268,0.007295015415492429,0.07551947219044851
159,12,404520,flow,4,400316,flow,12,5.734374336233466e-12,2.4847038247270384e-10,0.1536591278230714
159,12,404520,flow,5,400503,flow,1,1.3489937674283038e-05,0.00022149954676131784,0.09748484897269111
159,12,404520,flow,5,400503,flow,2,2.1872161139862147e-17,1.5166570806453365e-15,0.1887668728453243
159,12,404520,flow,5,400503,flow,3,2.2549084917602364e-06,4.486966690190797e-05,0.10588671399235296
159,12,404520,flow,5,400503,flow,6,0.0024357098564672473,0.01897271291009468,0.06798263414230658
159,12,404520,flow,5,400503,flow,11,0.001216000786527923,0.01080837625327387,0.07254357608491074
159,12,404520,flow,5,400503,flow,12,2.3043628687979776e-12,1.0434850726632352e-10,0.15653275716795584
159,12,404520,flow,6,405843,flow,1,6.170158681691625e-11,2.394886388581116e-09,0.14604791291873873
159,12,404520,flow,6,405843,flow,2,0.0009264440853970715,0.008662853785531058,0.07426239418186961
159,12,404520,flow,6,405843,flow,5,1.4688423043717329e-07,3.63424900050738e-06,0.11761520487458635
159,12,404520,flow,6,405843,flow,9,7.397899764534249e-05,0.0009903603031542595,-0.08880983275873382
159,12,404520,flow,6,405843,flow,12,9.849841010729448e-06,0.00016660655116034148,0.09901043976836897
159,12,404520,flow,7,408093,flow,1,0.0009191407247947708,0.008602010249379137,0.07431188925121252
159,12,404520,flow,7,408093,flow,5,5.5994907386058373e-05,0.0007745693240722772,0.09028218269009283
159,12,404520,flow,7,408093,flow,12,0.0070880354011098184,0.04432587280369776,0.06040484698975433
159,12,404520,flow,8,401448,flow,1,0.00542113702862584,0.03598533631112067,0.06237970634820912
159,12,404520,flow,8,401448,flow,2,0.005633338631948256,0.03701859277459152,0.06210010300346593
159,12,404520,flow,8,401448,flow,3,1.4713655891304732e-08,4.3093554881651823e-07,0.12668333611103644
159,12,404520,flow,8,401448,flow,4,0.00011540368873505704,0.0014568788291509248,0.0864117312682794
159,12,404520,flow,8,401448,flow,5,8.144118086135847e-07,1.7777963684743234e-05,0.11039932831988039
159,12,404520,flow,8,401448,flow,7,0.00018005012983662627,0.002143028456414486,0.08395058718302616
159,12,404520,flow,9,402391,flow,1,1.9818582599797962e-20,1.6787505261005333e-18,0.20571350938354896
159,12,404520,flow,9,402391,flow,2,4.136362705434865e-17,2.783346867208507e-15,0.1870939708979721
159,12,404520,flow,9,402391,flow,3,6.856945034347448e-05,0.0009242434492474563,-0.08921345616733642
159,12,404520,flow,9,402391,flow,4,1.3222769403185184e-05,0.0002175261379351104,-0.09758255122640831
159,12,404520,flow,9,402391,flow,8,0.006197100154061548,0.03984443022108333,-0.0614009435294294
159,12,404520,flow,9,402391,flow,9,0.0009382018124922043,0.008748180077630742,-0.07418346560857512
159,12,404520,flow,9,402391,flow,10,0.002867302384220152,0.021583457570711024,-0.06687277047124812
159,12,404520,flow,10,400497,flow,1,6.703781889515622e-27,8.157841623297884e-25,0.23765690080632154
159,12,404520,flow,10,400497,flow,5,2.919954580611102e-13,1.4549254657716217e-11,0.16277246404976367
159,12,404520,flow,10,400497,flow,6,1.7141205574463736e-09,5.696154467821795e-08,0.13461720723090864
159,12,404520,flow,10,400497,flow,8,1.2510893968225056e-13,6.503858236189199e-12,-0.1652631060308058
159,12,404520,flow,10,400497,flow,9,1.1941456153032845e-21,1.0680557056128756e-19,-0.21217480424330634
159,12,404520,flow,10,400497,flow,11,9.679117166766222e-17,6.278346270334847e-15,0.18494676169339394
159,12,404520,flow,10,400497,flow,12,4.264319645010676e-53,1.0121901574970396e-50,0.33442649703882343
159,12,404520,flow,11,405841,flow,6,0.002535784557023794,0.019572251717603698,0.06771014877294118
159,12,404520,flow,11,405841,flow,10,0.0026113171328655837,0.020019325668108823,0.0675109209794662
159,12,404520,flow,12,404520,flow,1,0.0,0.0,0.8316971726889572
159,12,404520,flow,12,404520,flow,2,3.1459841966323913e-06,6.069965042184873e-05,-0.10431864573876697
159,12,404520,flow,12,404520,flow,3,8.363203602565279e-19,6.349567585778912e-17,-0.19682956988957873
159,12,404520,flow,12,404520,flow,4,1.574932991947831e-09,5.266029818277577e-08,-0.1348866436638088
159,12,404520,flow,12,404520,flow,8,0.00128122357652946,0.01127038454613575,-0.0722092724380051
159,12,404520,flow,12,404520,flow,10,2.9228477915409e-06,5.674922453688399e-05,0.10470758244740501
159,12,404520,flow,12,404520,flow,11,1.194919608189711e-17,8.407251966416207e-16,0.19029668414407314
159,12,404520,flow,12,404520,flow,12,7.360463425002067e-29,9.783754460310439e-27,0.24643157570658486
159,12,404520,flow,13,400183,flow,4,0.004158261933101001,0.029261592361942212,0.06428289112302212
159,12,404520,flow,13,400183,flow,5,0.002255245419518971,0.017876440756554045,0.06850098012186465
159,12,404520,flow,14,401469,flow,1,0.0008850574437822252,0.008348140081089984,0.07454779899958217
159,12,404520,flow,14,401469,flow,2,0.002355517470033703,0.018497536583840204,0.06820847594514289
159,12,404520,flow,14,401469,flow,5,0.0005574137124203329,0.005642050697412929,0.07738271941467911
159,12,404520,flow,14,401469,flow,7,0.00043049843813045506,0.004532666957649441,0.0789274333720547
159,12,404520,flow,14,401469,flow,12,0.0027271552350283733,0.02069089247028838,0.06721538055147674
159,12,404520,flow,15,401472,flow,1,1.7314077457724844e-58,4.560781379108008e-56,0.35049315111020096
159,12,404520,flow,15,401472,flow,2,1.79224628957318e-25,2.0184162035115025e-23,0.2310340651833667
159,12,404520,flow,15,401472,flow,3,0.00017849643832420242,0.0021307118363099046,0.08399916581273935
159,12,404520,flow,15,401472,flow,6,1.638365072313856e-06,3.355968284682721e-05,0.10732147499732823
159,12,404520,flow,15,401472,flow,8,6.329263746255567e-10,2.2193522227129913e-08,-0.1381416206109756
159,12,404520,flow,15,401472,flow,9,2.3306763432773692e-35,3.8429472530374946e-33,-0.2733075640822717
159,12,404520,flow,15,401472,flow,10,2.2162939207579786e-12,1.0057132077389146e-10,-0.15665279242334212
159,12,404520,flow,15,401472,flow,11,0.00040090265784350685,0.0042562470471768825,0.07934855342149555
159,12,404520,flow,15,401472,flow,12,6.803319728003668e-55,1.6891000704009106e-52,0.3398881074465363
159,12,404520,flow,16,405838,flow,1,1.7059678426697783e-06,3.4845300616233765e-05,0.10714085922544501
159,12,404520,flow,16,405838,flow,2,0.006027364668809045,0.03892803336431919,0.061605203388424894
159,12,404520,flow,16,405838,flow,6,7.892753578479415e-06,0.00013693451991578744,0.1000719124060795
159,12,404520,flow,16,405838,flow,7,0.004918918989193793,0.03337333583908654,0.0630829716769163
159,12,404520,flow,16,405838,flow,8,0.0027660167042029304,0.020926282331776045,0.06711879688574339
159,12,404520,flow,17,400260,flow,1,0.00450200531160791,0.031117860713833875,-0.06371795409505544
159,12,404520,flow,17,400260,flow,2,0.003435433703818687,0.025060914556732063,0.06562418190101095
159,12,404520,flow,17,400260,flow,3,1.6888871460423285e-07,4.14074487565429e-06,0.11704313910144255
159,12,404520,flow,17,400260,flow,4,4.059722258862693e-13,1.9929545634416858e-11,0.16179348889159953
159,12,404520,flow,17,400260,flow,5,1.2291620739980272e-19,9.851540184919254e-18,0.20148314465712808
159,12,404520,flow,17,400260,flow,6,2.5895325348288364e-21,2.283016438869505e-19,0.21042928356390736
159,12,404520,flow,17,400260,flow,7,1.4085909554522627e-20,1.2121738899509512e-18,0.20655477774651276
159,12,404520,flow,17,400260,flow,8,7.776001192807135e-12,3.3128525791841046e-10,0.15273833510706875
159,12,404520,flow,17,400260,flow,10,4.4880615544135916e-05,0.0006357647512428025,-0.0914362561985215
159,12,404520,flow,17,400260,flow,11,4.905431652742705e-09,1.5322823383838384e-07,-0.13079608935011544
159,12,404520,flow,17,400260,flow,12,1.0193894601873628e-07,2.5768065933349364e-06,-0.11909953060951689
159,12,404520,flow,18,404528,flow,1,4.38330962858352e-13,2.1300222267132517e-11,0.16156480257671052
159,12,404520,flow,18,404528,flow,2,6.573557878278592e-10,2.3012779606291342e-08,0.13800928099881926
159,12,404520,flow,18,404528,flow,3,3.7799626550361014e-07,8.746351724561305e-06,0.11368744101186543
159,12,404520,flow,18,404528,flow,4,0.0009909339321001944,0.009149037372671169,0.07384037416992859
159,12,404520,flow,18,404528,flow,12,4.1806118816003495e-06,7.801401005837369e-05,0.10306009417748135
159,12,404520,flow,19,401795,flow,2,0.0008640338053840441,0.008181994825206205,0.07469754783332426
159,12,404520,flow,19,401795,flow,3,3.016447631025242e-08,8.34254402434638e-07,0.12392331729551129
159,12,404520,flow,19,401795,flow,4,0.0004735223066273682,0.004905554831247555,0.07836107722718444
159,12,404520,flow,19,401795,flow,5,9.141291575612962e-08,2.3243307596614474e-06,0.11953896094025573
159,12,404520,flow,19,401795,flow,6,3.192749336320462e-12,1.424863340176074e-10,0.15552463998424781
159,12,404520,flow,19,401795,flow,7,4.212388764468739e-07,9.669245197930368e-06,0.11322899211476754
159,12,404520,flow,19,401795,flow,10,1.3026187001427232e-09,4.413578654601227e-08,-0.13559738049615597
159,12,404520,flow,19,401795,flow,11,2.2263222908817355e-07,5.355073661809074e-06,-0.11590290302474089
159,12,404520,occupancy,1,400125,flow,1,3.066160996456133e-20,2.5770069075273334e-18,0.20474915150116774
159,12,404520,occupancy,1,400125,flow,2,4.659737407260511e-11,1.828343832821563e-09,0.14697273173809697
159,12,404520,occupancy,1,400125,flow,3,1.6486800497267994e-07,4.051363944721146e-06,0.11714207296341721
159,12,404520,occupancy,1,400125,flow,4,6.91049090392403e-08,1.804916608521875e-06,0.12065984256636604
159,12,404520,occupancy,1,400125,flow,5,1.069231663910384e-06,2.2799016723064458e-05,0.10921044999278945
159,12,404520,occupancy,1,400125,flow,6,0.002502876029797507,0.019380577968677596,0.0677986508318058
159,12,404520,occupancy,1,400125,flow,8,0.0001153328825301297,0.0014564105598660051,0.08641508311857962
159,12,404520,occupancy,1,400125,flow,9,2.539646404109912e-12,1.1440325824561855e-10,0.15623287466489452
159,12,404520,occupancy,1,400125,flow,10,1.902569524128146e-22,1.7828851072090217e-20,0.21625644772212405
159,12,404520,occupancy,1,400125,flow,11,2.8529475970606987e-27,3.5113201194593215e-25,0.2393457849559871
159,12,404520,occupancy,1,400125,flow,12,2.4454202779239106e-18,1.7966353062298118e-16,0.19425108627098525
159,12,404520,occupancy,3,400039,flow,1,5.096750958402226e-24,5.21752704746389e-22,0.2240659150920643
159,12,404520,occupancy,3,400039,flow,2,2.350845953983315e-15,1.4085512512077562e-13,0.1764628641922656
159,12,404520,occupancy,3,400039,flow,3,1.2170150667860097e-12,5.696105187990858e-11,0.15848766496904396
159,12,404520,occupancy,3,400039,flow,4,1.4188405733668434e-09,4.7923309436628326e-08,0.13529298979933
159,12,404520,occupancy,3,400039,flow,5,1.457059338544836e-07,3.6071612278015422e-06,0.11764812965325172
159,12,404520,occupancy,3,400039,flow,6,8.193628185422446e-05,0.001079819211745728,0.0882641365386365
159,12,404520,occupancy,3,400039,flow,9,0.0005132660150921126,0.0052580251012519005,0.07787901889115724
159,12,404520,occupancy,3,400039,flow,10,2.1741065546464703e-06,4.340175746798868e-05,0.10605156249723446
159,12,404520,occupancy,3,400039,flow,11,2.7282718912382148e-08,7.60395778719296e-07,0.12431295819369267
159,12,404520,occupancy,3,400039,flow,12,2.2754372760847454e-05,0.00035044167674460247,0.09489812501165408
159,12,404520,occupancy,4,400316,flow,2,0.005670531993526648,0.03717817303389759,-0.06205207674840418
159,12,404520,occupancy,4,400316,flow,3,0.005211131415286379,0.03490978050362525,-0.06266631180492614
159,12,404520,occupancy,4,400316,flow,8,0.00017418749530086374,0.0020873508452142336,0.08413600042831693
159,12,404520,occupancy,4,400316,flow,9,1.0400661718778314e-13,5.4329937878019735e-12,0.16580088738111398
159,12,404520,occupancy,4,400316,flow,10,1.2814020175729703e-20,1.1093500432695855e-18,0.2067733115784159
159,12,404520,occupancy,4,400316,flow,11,1.4578515433746778e-13,7.497522223069771e-12,0.16481648774663765
159,12,404520,occupancy,4,400316,flow,12,0.00153933961554223,0.013108893908057282,0.0710240527444706
159,12,404520,occupancy,5,400503,flow,1,3.6731173149228576e-11,1.4571043893908857e-09,0.14775187559727593
159,12,404520,occupancy,5,400503,flow,2,1.0740658627344396e-08,3.204395391583411e-07,0.12787503510142045
159,12,404520,occupancy,5,400503,flow,3,1.3814685230381092e-08,4.062421919899774e-07,0.12692291594138486
159,12,404520,occupancy,5,400503,flow,4,1.4989702353508097e-09,5.027602031611411e-08,0.1350969607939809
159,12,404520,occupancy,5,400503,flow,5,8.928025330962952e-11,3.3981558968951504e-09,0.14482189857423008
159,12,404520,occupancy,5,400503,flow,6,2.6581801464088008e-11,1.0752189356260318e-09,0.14880439292949918
159,12,404520,occupancy,5,400503,flow,7,1.518745343025681e-13,7.782894284544416e-12,0.16469678745063984
159,12,404520,occupancy,5,400503,flow,8,6.711223120835991e-16,4.15365098596153e-14,0.1798464024188556
159,12,404520,occupancy,5,400503,flow,9,3.5199088825474614e-22,3.2422188427729283e-20,0.21489860915070924
159,12,404520,occupancy,5,400503,flow,10,7.587636005157067e-27,9.130525777793462e-25,0.23741096768950948
159,12,404520,occupancy,5,400503,flow,11,9.406495703926009e-28,1.184724823351614e-25,0.24151974484551367
159,12,404520,occupancy,5,400503,flow,12,3.298173159003226e-20,2.7612612493980496e-18,0.20457895604808307
159,12,404520,occupancy,6,405843,flow,1,1.7245768541160708e-13,8.779958471279134e-12,0.16432443829361992
159,12,404520,occupancy,6,405843,flow,2,1.9600531268017763e-10,7.237119237421943e-09,0.1421418943237872
159,12,404520,occupancy,6,405843,flow,3,2.3614735086894384e-09,7.740186310727143e-08,0.1334642965866219
159,12,404520,occupancy,6,405843,flow,4,5.816220470795588e-12,2.512607243383694e-10,0.15365290304830334
159,12,404520,occupancy,6,405843,flow,5,4.259096208868137e-13,2.0753488054253e-11,0.16165056431126573
159,12,404520,occupancy,6,405843,flow,6,7.822552462704121e-09,2.3753220576764805e-07,0.12906449376854157
159,12,404520,occupancy,6,405843,flow,7,4.793899446963167e-06,8.764208722474042e-05,0.10242336547179356
159,12,404520,occupancy,6,405843,flow,8,7.695684144287016e-08,1.9883585827344443e-06,0.12022985836429934
159,12,404520,occupancy,6,405843,flow,9,1.5384042462824676e-16,9.919263199910835e-15,0.18373970918982238
159,12,404520,occupancy,6,405843,flow,10,1.6027542356244695e-30,2.2775981243084567e-28,0.25361080789708373
159,12,404520,occupancy,6,405843,flow,11,3.9876393296724325e-36,6.72914136882223e-34,0.2762832704432122
159,12,404520,occupancy,6,405843,flow,12,5.968604292183553e-23,5.781249000500662e-21,0.21879035596504606
159,12,404520,occupancy,7,408093,flow,1,0.00017543672824795346,0.0020982465836964534,0.08409600535279826
159,12,404520,occupancy,7,408093,flow,2,0.0001328573022743101,0.0016473695345149816,0.08563940144314913
159,12,404520,occupancy,7,408093,flow,3,8.815839774360039e-06,0.00015059085735561633,0.09954322168947241
159,12,404520,occupancy,7,408093,flow,4,7.433458853264862e-05,0.0009925477339465768,0.08878428806069187
159,12,404520,occupancy,7,408093,flow,9,0.008253741526316031,0.04970885737304511,0.05925899398541117
159,12,404520,occupancy,7,408093,flow,10,0.0018638877443702215,0.01532660905854035,0.06977003067706074
159,12,404520,occupancy,8,401448,flow,1,3.1282250074478344e-17,2.141669101770942e-15,0.18785522033748372
159,12,404520,occupancy,8,401448,flow,2,5.24901637720099e-17,3.4725498850701806e-15,0.1865283543649199
159,12,404520,occupancy,8,401448,flow,3,4.508809394515388e-12,1.9714632170350685e-10,0.15445030505238908
159,12,404520,occupancy,8,401448,flow,4,2.2383452251971327e-10,8.201570290798655e-09,0.14172600880031572
159,12,404520,occupancy,8,401448,flow,5,2.0409730732072463e-08,5.815965485656533e-07,0.12543258749502942
159,12,404520,occupancy,8,401448,flow,6,3.5625985549512756e-06,6.750186735697154e-05,0.103799512404205
159,12,404520,occupancy,8,401448,flow,7,1.2915432030385832e-05,0.00021279430347546452,0.09769729822899358
159,12,404520,occupancy,8,401448,flow,8,3.2829270724193502e-06,6.300419792470722e-05,0.10417549349006387
159,12,404520,occupancy,8,401448,flow,9,5.6437222834491264e-08,1.4966777326273926e-06,0.12146490105031363
159,12,404520,occupancy,8,401448,flow,10,1.212446246504854e-14,6.88274347555975e-13,0.17193108906854124
159,12,404520,occupancy,8,401448,flow,11,1.042101368882083e-21,9.378912319938746e-20,0.21248033418157258
159,12,404520,occupancy,8,401448,flow,12,3.160190187899983e-27,3.8674282186198092e-25,0.2391442845605767
159,12,404520,occupancy,9,402391,flow,1,7.744580084668127e-14,4.07014427807376e-12,0.16665564402834912
159,12,404520,occupancy,9,402391,flow,2,3.0286958596215694e-07,7.126343199109575e-06,0.11461980481131576
159,12,404520,occupancy,9,402391,flow,3,0.00032883160195784736,0.0035809239235137396,0.08050987250473567
159,12,404520,occupancy,9,402391,flow,9,4.380306018052714e-06,8.104035116911231e-05,0.10284346796584529
159,12,404520,occupancy,9,402391,flow,10,8.522377008375535e-11,3.2494853200513956e-09,0.14497676975339413
159,12,404520,occupancy,9,402391,flow,11,2.6166792440705602e-12,1.1738374179008122e-10,0.15614058729864863
159,12,404520,occupancy,9,402391,flow,12,8.215300269789747e-08,2.1074879551954696e-06,0.11996807362552234
159,12,404520,occupancy,10,400497,flow,3,8.657694758502015e-18,6.151519959988275e-16,0.19110680287501763
159,12,404520,occupancy,10,400497,flow,4,3.530429415299338e-28,4.525654324656719e-26,0.24342199870876155
159,12,404520,occupancy,10,400497,flow,5,2.4483810900111002e-11,9.940795403052588e-10,0.14907077529669893
159,12,404520,occupancy,10,400497,flow,8,2.1486602495021065e-15,1.2909891902432683e-13,0.17670783064149742
159,12,404520,occupancy,10,400497,flow,9,2.222583691957627e-71,7.112267814264407e-69,0.3855163009305581
159,12,404520,occupancy,10,400497,flow,10,1.8863218075116362e-117,9.701083581488416e-115,0.48455470735674017
159,12,404520,occupancy,10,400497,flow,11,1.4731361292572584e-80,4.971834436243247e-78,0.4080711571055794
159,12,404520,occupancy,10,400497,flow,12,8.396210831961459e-09,2.5382526797812106e-07,0.12879990445722578
159,12,404520,occupancy,12,404520,flow,2,0.00045488512325591104,0.004750069452418505,-0.07860026403025709
159,12,404520,occupancy,12,404520,flow,4,0.002339870663264396,0.018410852510780996,0.0682533598510896
159,12,404520,occupancy,12,404520,flow,5,7.542023512207249e-07,1.6631721068267135e-05,0.11073254773624616
159,12,404520,occupancy,12,404520,flow,6,5.922606311838454e-08,1.562006060265087e-06,0.12127361454931705
159,12,404520,occupancy,12,404520,flow,7,4.497832688638031e-09,1.413137251993912e-07,0.13111549377356835
159,12,404520,occupancy,12,404520,flow,8,2.9032970759731792e-15,1.7204723413174398e-13,0.17588653022818926
159,12,404520,occupancy,12,404520,flow,9,3.172819586743214e-25,3.4876795457329986e-23,0.22986153929955977
159,12,404520,occupancy,12,404520,flow,10,2.2164256206199235e-27,2.7514249083557674e-25,0.23984234873416393
159,12,404520,occupancy,12,404520,flow,11,6.610576886227498e-11,2.556642090286732e-09,0.14581991092734226
159,12,404520,occupancy,14,401469,flow,1,4.2491798099466835e-05,0.0006072264895458046,0.0917194834221123
159,12,404520,occupancy,14,401469,flow,2,0.00016045223807150514,0.0019405197885467588,0.08459446061067018
159,12,404520,occupancy,14,401469,flow,3,0.0026417864950775203,0.020217037482258438,0.06743204087451803
159,12,404520,occupancy,14,401469,flow,4,4.465176658330707e-06,8.236363434666376e-05,0.10275425142681008
159,12,404520,occupancy,14,401469,flow,5,1.4667064763816562e-06,3.0287628957785633e-05,0.10781440358573051
159,12,404520,occupancy,14,401469,flow,6,0.00019852609565152514,0.0023282318285639736,0.08340126853367133
159,12,404520,occupancy,14,401469,flow,7,0.0013495759311094014,0.01177098328768951,0.07187536937827976
159,12,404520,occupancy,14,401469,flow,8,5.134929638125359e-05,0.0007169649656335343,0.09073555089959295
159,12,404520,occupancy,14,401469,flow,9,3.871555109447924e-06,7.268630192444603e-05,0.10341571639497835
159,12,404520,occupancy,14,401469,flow,10,1.3917800968525396e-10,5.210129998616093e-09,0.14333479684295275
159,12,404520,occupancy,14,401469,flow,11,3.470904933631499e-17,2.3650330147142075e-15,0.18758952063750683
159,12,404520,occupancy,14,401469,flow,12,4.9282385679066985e-15,2.879245084631986e-13,0.17443307114179288
159,12,404520,occupancy,15,401472,flow,1,3.367926475923874e-22,3.1221979347620464e-20,0.21499633073153765
159,12,404520,occupancy,15,401472,flow,3,0.0005582902666880922,0.005646953762801589,-0.07737324092282684
159,12,404520,occupancy,15,401472,flow,7,0.0018573640060181315,0.015288340297661764,-0.0697931892423236
159,12,404520,occupancy,15,401472,flow,9,1.8380925186694664e-37,3.2410447676131e-35,0.28138290746439054
159,12,404520,occupancy,15,401472,flow,10,1.0745136613154654e-122,5.7307395270158156e-120,0.49400107499412577
159,12,404520,occupancy,15,401472,flow,11,1.9673282902322506e-152,1.3490251133021146e-149,0.5425778811166606
159,12,404520,occupancy,15,401472,flow,12,5.2780022516286125e-50,1.1400484863517803e-47,0.3247595282827453
159,12,404520,occupancy,16,405838,flow,1,4.388738750141313e-12,1.9228551116237803e-10,0.15453459159229851
159,12,404520,occupancy,16,405838,flow,2,7.575464172332912e-08,1.9631676799327043e-06,0.12029285965022855
159,12,404520,occupancy,16,405838,flow,3,1.4117201888907072e-06,2.9250029812987314e-05,0.10798408292682957
159,12,404520,occupancy,16,405838,flow,4,3.294447222290064e-07,7.69714007587511e-06,0.11426676655890153
159,12,404520,occupancy,16,405838,flow,5,8.300597799158435e-06,0.0001427491341256546,0.09983141041136348
159,12,404520,occupancy,16,405838,flow,6,0.007365141304800757,0.04557062508842634,0.06011794443252582
159,12,404520,occupancy,17,400260,flow,1,2.3150528887279994e-51,5.2361405650811296e-49,0.32904728795223315
159,12,404520,occupancy,17,400260,flow,2,7.966956621654883e-50,1.7038243864133214e-47,0.324189675378819
159,12,404520,occupancy,17,400260,flow,3,1.498899304431709e-45,2.943293179611356e-43,0.31018643253631106
159,12,404520,occupancy,17,400260,flow,4,2.8489138437570573e-30,3.995879157477431e-28,0.2525463050237152
159,12,404520,occupancy,17,400260,flow,5,4.129687123933616e-18,2.9933302643277214e-16,0.1929544170863122
159,12,404520,occupancy,17,400260,flow,6,3.4598565627492365e-08,9.483870781140039e-07,0.12338918872108721
159,12,404520,occupancy,17,400260,flow,7,0.0014828968819628361,0.01270094923071846,0.07126667610472863
159,12,404520,occupancy,17,400260,flow,10,0.00027650541793096416,0.003084977803361997,0.08151334172842066
159,12,404520,occupancy,17,400260,flow,11,3.5328244897117505e-14,1.914906122403358e-12,0.16890923516585749
159,12,404520,occupancy,17,400260,flow,12,3.358339246666089e-30,4.6351519315008005e-28,0.25224093524440117
159,12,404520,occupancy,18,404528,flow,1,3.586807522301318e-08,9.806967402747908e-07,0.1232484727100155
159,12,404520,occupancy,18,404528,flow,2,0.00010197050394943066,0.0013071589823784582,0.08708520742606009
159,12,404520,occupancy,18,404528,flow,3,0.0036743861760711164,0.02645117193905553,0.06515453521423446
159,12,404520,occupancy,18,404528,flow,4,0.007315470222916581,0.04535613932444561,0.060168651437830456
159,12,404520,occupancy,18,404528,flow,5,0.00723420207389694,0.04499244595340453,0.06025228405087367
159,12,404520,occupancy,18,404528,flow,9,0.0031700950368144624,0.023412239645456058,0.06618186208575648
159,12,404520,occupancy,18,404528,flow,10,0.0004702758574851443,0.00487894261367873,0.07840210308525576
159,12,404520,occupancy,18,404528,flow,11,0.0014007292637943382,0.012131416238154655,0.07163553412833451
159,12,404520,occupancy,19,401795,flow,1,1.7227405162868272e-17,1.1984281852430101e-15,0.18937248262527936
159,12,404520,occupancy,19,401795,flow,2,2.195941416110799e-10,8.059869938486536e-09,0.14179111764113722
159,12,404520,occupancy,19,401795,flow,3,2.1110516333051553e-06,4.2318993298739074e-05,0.10618434098019881
159,12,404520,occupancy,19,401795,flow,4,1.773062567252601e-05,0.00028160405479894253,0.096140482554501
159,12,404520,occupancy,19,401795,flow,11,9.278600939758578e-09,2.7893915142489256e-07,0.12842538084574698
159,12,404520,occupancy,19,401795,flow,12,1.490958451974858e-12,6.903473218147253e-11,0.15786864813578083
159,12,404520,speed,3,400039,flow,1,0.003737373393858684,0.026819689470879593,-0.06503536608901167
159,12,404520,speed,3,400039,flow,12,0.0019321992752769062,0.015787972137689114,-0.06953190106622259
159,12,404520,speed,4,400316,flow,3,0.0008156892681137405,0.007799419296705088,0.07505513129780012
159,12,404520,speed,4,400316,flow,10,0.0034626411908524057,0.0252083079617162,-0.06556923457723514
159,12,404520,speed,4,400316,flow,11,3.225507757441422e-07,7.556504073832399e-06,-0.1143556344552049
159,12,404520,speed,5,400503,flow,12,0.004292376695263235,0.0300243965730848,-0.06405761344101014
159,12,404520,speed,6,405843,flow,11,0.001670952041741454,0.014035607272648416,-0.07048866267364826
159,12,404520,speed,6,405843,flow,12,0.00016145247907800171,0.0019509782087187898,-0.08455985161394643
159,12,404520,speed,7,408093,flow,2,0.0063233511787622885,0.040520464467834076,0.06125225229088815
159,12,404520,speed,8,401448,flow,1,0.0005724804325127503,0.005763030324737885,-0.07722169407179508
159,12,404520,speed,8,401448,flow,2,0.0008576914087132814,0.008139777868280702,-0.07474338706565391
159,12,404520,speed,8,401448,flow,4,0.0042127472032539,0.029590535404943063,-0.06419058698121166
159,12,404520,speed,8,401448,flow,12,0.0026036701830253663,0.019974224408273004,-0.06753084961290158
159,12,404520,speed,9,402391,flow,12,0.00561525773485413,0.036914276276391586,-0.06212355345714303
159,12,404520,speed,10,400497,flow,3,0.00016728111209450157,0.002014086968361892,0.08436210008852156
159,12,404520,speed,10,400497,flow,10,0.00013519803805398187,0.001673032152372391,-0.08554318531517022
159,12,404520,speed,10,400497,flow,11,2.940679589828944e-05,0.00044171543213007784,-0.09360493533081791
159,12,404520,speed,10,400497,flow,12,0.0008844858459722259,0.008348140081089984,-0.07455182663670121
159,12,404520,speed,12,404520,flow,1,0.0028522505004865122,0.02148887715748471,0.06690882540038659
159,12,404520,speed,12,404520,flow,3,2.626883014426831e-06,5.1612934477039464e-05,0.10519429782125377
159,12,404520,speed,12,404520,flow,10,0.0042389701273768945,0.02973545257325575,-0.06414654753193583
159,12,404520,speed,12,404520,flow,11,4.9124704124324255e-05,0.0006890218240814312,-0.09096658427972773
159,12,404520,speed,14,401469,flow,3,0.002277557938817666,0.018023539651387283,-0.06843487693842497
159,12,404520,speed,14,401469,flow,6,0.007015006093902322,0.04399016740551319,-0.060482132343283736
159,12,404520,speed,14,401469,flow,7,0.00753412393587004,0.04636383960535409,-0.059947702756901644
159,12,404520,speed,14,401469,flow,8,2.292298252057625e-05,0.00035266126954732694,-0.09486112813765342
159,12,404520,speed,14,401469,flow,12,0.00020819717153307407,0.002424554522237116,-0.08313260563634933
159,12,404520,speed,15,401472,flow,1,0.00021139508439480968,0.0024549106574881124,-0.0830463405543485
159,12,404520,speed,15,401472,flow,3,0.00012982419805671186,0.0016150775058419145,0.08576647967050688
159,12,404520,speed,15,401472,flow,4,1.2798388265243366e-05,0.0002111880722148638,0.09774168319852566
159,12,404520,speed,15,401472,flow,10,0.0013780985388853093,0.011983465555524429,-0.07174062676857482
159,12,404520,speed,15,401472,flow,11,2.5062600753376037e-08,7.044270348378952e-07,-0.12464139161764931
159,12,404520,speed,15,401472,flow,12,2.480128350239601e-08,6.984455327923779e-07,-0.12468189090431304
159,12,404520,speed,16,405838,flow,6,0.006349509173044171,0.04065492756417788,-0.06122177919310865
159,12,404520,speed,17,400260,flow,1,6.666844281236897e-06,0.00011774639123034911,-0.10087375243890749
159,12,404520,speed,17,400260,flow,2,8.967625794425433e-12,3.798053277639007e-10,-0.15228726534312195
159,12,404520,speed,17,400260,flow,3,1.288843336656919e-13,6.692071171103233e-12,-0.1651763883048703
159,12,404520,speed,17,400260,flow,4,5.140354467178243e-13,2.4867112316024648e-11,-0.16108866341912728
159,12,404520,speed,17,400260,flow,5,8.755453023177373e-09,2.637626015350506e-07,-0.12864301393228775
159,12,404520,speed,17,400260,flow,6,1.6113794059679705e-06,3.306963911535218e-05,-0.10739557965682907
159,12,404520,speed,19,401795,flow,1,0.0003114809379357803,0.003416956962627148,-0.08082492889887422
159,12,404520,speed,19,401795,flow,2,2.6373670060912807e-07,6.301673377386246e-06,-0.11519827340010257
159,12,404520,speed,19,401795,flow,3,0.0001747460301465777,0.0020923027999811966,-0.08411808533534129
159,13,400183,flow,0,400593,flow,4,1.8783848232213425e-07,4.569044164592454e-06,0.11660552735295973
159,13,400183,flow,0,400593,flow,8,0.0012039197140288462,0.010719153265879256,0.07260730920718406
159,13,400183,flow,0,400593,flow,11,0.0007237952801962821,0.007041430657927224,0.07579266616475773
159,13,400183,flow,0,400593,flow,12,0.001277212025871521,0.011241964041900919,0.0722293755753705
159,13,400183,flow,1,400125,flow,3,0.0036234290311791674,0.02613224276242738,0.06525230992121686
159,13,400183,flow,2,400331,flow,4,5.666587976994678e-05,0.0007823477168621607,0.09021966649069563
159,13,400183,flow,2,400331,flow,5,0.002767664978014932,0.020931920001793603,0.06711472781934952
159,13,400183,flow,3,400039,flow,2,0.002530808900420522,0.01954781771824898,0.06772346237401625
159,13,400183,flow,3,400039,flow,6,0.0010612258483060175,0.009680100643331918,0.07340840052950054
159,13,400183,flow,3,400039,flow,10,0.007675384378922865,0.047078887571981795,0.05980799524861166
159,13,400183,flow,3,400039,flow,11,0.0026527421215917597,0.020269574185333334,0.06740388158758202
159,13,400183,flow,4,400316,flow,9,0.0027367587727654317,0.020749031060629457,0.06719139625400929
159,13,400183,flow,5,400503,flow,3,0.002689751954028612,0.020493348221170375,0.06730953417492559
159,13,400183,flow,5,400503,flow,6,0.0023788223588771143,0.018623618322488465,0.0681421274745374
159,13,400183,flow,7,408093,flow,2,0.002658745563150874,0.02030007216827815,0.06738849593814598
159,13,400183,flow,7,408093,flow,3,1.7678226280398657e-05,0.0002809784309467336,0.09615513241176005
159,13,400183,flow,7,408093,flow,7,0.005718486466672927,0.03739609678478208,0.06199057240932681
159,13,400183,flow,7,408093,flow,10,8.272002067580293e-07,1.803889395857994e-05,0.11033161476522457
159,13,400183,flow,8,401448,flow,1,0.008037008155234372,0.048784424941144426,0.059460570255426684
159,13,400183,flow,8,401448,flow,7,0.004022625896008285,0.028511474767441824,0.06451752615976629
159,13,400183,flow,8,401448,flow,9,0.000282884481176093,0.0031473244205482494,0.08138192135458684
159,13,400183,flow,9,402391,flow,6,0.007348779786716292,0.04551502319514607,0.06013461323134493
159,13,400183,flow,10,400497,flow,1,0.004808174137908817,0.03277652537140336,0.06324674702190347
159,13,400183,flow,10,400497,flow,2,0.003453464247656153,0.02516172913728614,0.0655877239980703
159,13,400183,flow,10,400497,flow,7,0.0006200600255592273,0.006166342795616625,0.07673788040101845
159,13,400183,flow,10,400497,flow,8,0.0035138846721376278,0.025452685753914406,0.06546680270755055
159,13,400183,flow,11,405841,flow,2,0.0002387048356566123,0.002721575323400805,0.082355834514497
159,13,400183,flow,11,405841,flow,3,7.137748413798909e-05,0.0009582061264018424,0.08900032810179412
159,13,400183,flow,11,405841,flow,4,3.939173544032481e-05,0.0005689478338422039,0.09211043904162179
159,13,400183,flow,11,405841,flow,6,0.004675080242680456,0.032062782423209354,0.06344814787981497
159,13,400183,flow,11,405841,flow,7,0.0017739098273831643,0.014751280951482714,0.0700962226766859
159,13,400183,flow,12,404520,flow,3,0.003183890879509109,0.023495744105704392,0.0661518372862391
159,13,400183,flow,12,404520,flow,7,0.0017903492582301084,0.014850823340157582,0.07003550798045916
159,13,400183,flow,13,400183,flow,1,4.375750004165426e-08,1.1821913707313722e-06,0.12240805019150335
159,13,400183,flow,13,400183,flow,2,2.5119535461582175e-28,3.2489938082046405e-26,0.24395960184373067
159,13,400183,flow,13,400183,flow,3,1.577496144567702e-20,1.3521395524866018e-18,0.20624207477998532
159,13,400183,flow,13,400183,flow,4,1.3186615928627081e-20,1.1393236162333797e-18,0.20665619113883077
159,13,400183,flow,13,400183,flow,5,2.5932942788603835e-12,1.1669824254871727e-10,0.1561683185435638
159,13,400183,flow,13,400183,flow,6,0.005831970023956318,0.03796580847421835,0.0618468544748187
159,13,400183,flow,13,400183,flow,7,0.00020821984438656717,0.002424554522237116,0.0831319896614973
159,13,400183,flow,13,400183,flow,8,9.742790457651748e-06,0.00016511908504141055,0.09906305517211585
159,13,400183,flow,13,400183,flow,9,2.1524415082741e-05,0.0003335203484843655,0.09517617202796257
159,13,400183,flow,13,400183,flow,10,0.00021768383856162745,0.0025157682787218584,0.08288021274806101
159,13,400183,flow,14,401469,flow,2,0.0014852624176887774,0.012715683005183352,0.07125633830875674
159,13,400183,flow,14,401469,flow,5,0.003482762265568882,0.025303751693131465,0.06552885073406456
159,13,400183,flow,14,401469,flow,7,0.0001231645812171704,0.0015435769969775926,0.08605560355983247
159,13,400183,flow,14,401469,flow,8,0.000490726190909639,0.005053485446316188,0.078147950304584
159,13,400183,flow,14,401469,flow,12,0.0012949909714266795,0.011370652432039137,0.07214071846425127
159,13,400183,flow,15,401472,flow,2,0.00728371737228811,0.045228775403600166,0.06020122848923292
159,13,400183,flow,15,401472,flow,8,0.0019547527634088463,0.01594281777803991,0.06945497572867702
159,13,400183,flow,15,401472,flow,9,0.0034525480120332964,0.02516172913728614,0.06558957245387151
159,13,400183,flow,16,405838,flow,1,0.0009952350483450362,0.009175022212655905,0.07381314017095146
159,13,400183,flow,16,405838,flow,6,0.007625552575370163,0.046846398073946395,0.05985701430580106
159,13,400183,flow,16,405838,flow,8,0.000800812109143755,0.007679263732521691,0.07516912980939279
159,13,400183,flow,16,405838,flow,9,0.004241296491146023,0.029739329397420577,0.06414265251057685
159,13,400183,flow,16,405838,flow,10,0.007002658078786425,0.04391910990179639,0.06049527128212406
159,13,400183,flow,17,400260,flow,3,0.0007281116918499591,0.007076531420063041,0.07575612690970662
159,13,400183,flow,17,400260,flow,4,0.004951806226812107,0.03352947162982492,0.06303497807719814
159,13,400183,flow,19,401795,flow,3,0.007880616894991813,0.04804440444025492,0.059609067560713054
159,13,400183,flow,19,401795,flow,7,0.0065784476252521585,0.041829399089033444,0.06095978751820819
159,13,400183,flow,19,401795,flow,9,0.00022365430757473602,0.002575810740396853,0.08272660832432838
159,13,400183,occupancy,0,400593,flow,4,0.005187827211637424,0.03479492866678104,0.06269875604998533
159,13,400183,occupancy,3,400039,flow,6,0.00685780390967834,0.043205064736488885,0.06065097663170312
159,13,400183,occupancy,4,400316,flow,3,0.0034344817349578464,0.025058201477821136,0.06562611162286867
159,13,400183,occupancy,12,404520,flow,3,0.005233133159102998,0.03502267273017034,0.06263580084391684
159,13,400183,occupancy,13,400183,flow,1,3.41082463100271e-09,1.0971528224818845e-07,0.13212901550590753
159,13,400183,occupancy,13,400183,flow,4,3.6761432162556846e-17,2.500935227436938e-15,-0.18744250989762895
159,13,400183,speed,13,400183,flow,4,0.0014769900527370073,0.012666016657637266,0.07129255640406781
159,14,401469,flow,0,400593,flow,6,0.001596356468005217,0.013516777620114735,0.07078713599301019
159,14,401469,flow,0,400593,flow,7,0.0005028187829279202,0.005160791499759124,0.07800227154570408
159,14,401469,flow,0,400593,flow,8,0.00017412675920078403,0.0020873508452142336,0.08413795180145817
159,14,401469,flow,1,400125,flow,1,0.0014829851312016245,0.01270094923071846,0.07126629016788572
159,14,401469,flow,2,400331,flow,4,0.0012065682952838229,0.010740521400424717,0.07259328638127976
159,14,401469,flow,3,400039,flow,5,0.00030175382008291817,0.003323754469041832,0.08100881446746018
159,14,401469,flow,4,400316,flow,10,0.005952060384252136,0.038555856740094804,0.061697487462015164
159,14,401469,flow,4,400316,flow,12,0.0011475634182449592,0.010300174458379854,0.07291264335913092
159,14,401469,flow,5,400503,flow,5,0.006904795972902632,0.043425125350035475,0.06060014345914202
159,14,401469,flow,5,400503,flow,8,0.005615755177973276,0.036914276276391586,0.06212290737630645
159,14,401469,flow,5,400503,flow,12,0.0009290248208190636,0.008679470644330353,0.07424499081867382
159,14,401469,flow,6,405843,flow,11,1.2453244395958162e-05,0.00020588601527186855,0.09787485754390164
159,14,401469,flow,8,401448,flow,1,0.002657875573600549,0.02029701693115498,0.06739072358457147
159,14,401469,flow,8,401448,flow,2,0.0018114583441563251,0.01498850803822127,0.06995829363048765
159,14,401469,flow,8,401448,flow,3,0.0001324386152334766,0.0016435932714984744,0.08565677970008334
159,14,401469,flow,8,401448,flow,5,0.0019135735801284713,0.015680269093617215,0.06959605316518495
159,14,401469,flow,8,401448,flow,7,0.003118528261964572,0.023108133948005066,0.06629515428151235
159,14,401469,flow,8,401448,flow,12,4.395685919938388e-05,0.0006248556490336899,0.09154404628387246
159,14,401469,flow,9,402391,flow,1,0.0045699246298668604,0.031480588156012665,0.06361097389952634
159,14,401469,flow,9,402391,flow,5,0.005266091366920538,0.03517784862393184,0.06259031195000792
159,14,401469,flow,9,402391,flow,6,1.897449344350564e-05,0.0002984947688152077,0.09580430330309393
159,14,401469,flow,9,402391,flow,12,0.0057046890224694505,0.03732847103463803,0.06200822063881591
159,14,401469,flow,10,400497,flow,3,0.006787995658285576,0.0428927429544602,-0.060727071356733324
159,14,401469,flow,10,400497,flow,5,7.4176320429261635e-06,0.00012936685678417855,0.10036753379951803
159,14,401469,flow,10,400497,flow,10,1.5031387665796416e-08,4.3964519103751193e-07,0.12660204600800415
159,14,401469,flow,10,400497,flow,11,1.2309838779803754e-06,2.5879405167177404e-05,0.10859035675109899
159,14,401469,flow,11,405841,flow,7,2.195008383136565e-05,0.00033971119162056135,0.0950782724406484
159,14,401469,flow,12,404520,flow,6,0.007818503195585389,0.04777359802677353,0.05966877880390317
159,14,401469,flow,12,404520,flow,10,0.002231225504028172,0.017734855892183446,0.06857281426348598
159,14,401469,flow,12,404520,flow,12,0.004039480409813642,0.028598091396910743,0.06448798273040582
159,14,401469,flow,13,400183,flow,2,0.0003858332524736142,0.004118605511949626,0.07957425774746787
159,14,401469,flow,13,400183,flow,3,0.005063835266747549,0.03413821528144415,0.06287362356532183
159,14,401469,flow,13,400183,flow,10,0.0021221303390432343,0.017033718175800246,0.06890825890037161
159,14,401469,flow,13,400183,flow,11,1.4452019571886383e-05,0.00023470949079153826,0.09714767433559776
159,14,401469,flow,14,401469,flow,1,1.3707970446484911e-96,5.981659831193415e-94,0.44343350023617284
159,14,401469,flow,14,401469,flow,2,8.22647566911176e-27,9.871770802934113e-25,0.2371341967908764
159,14,401469,flow,14,401469,flow,3,5.777486052713699e-07,1.3006117638209057e-05,0.11185347265169178
159,14,401469,flow,14,401469,flow,4,0.003473689621949751,0.025268140120019537,0.06554703357368592
159,14,401469,flow,14,401469,flow,6,3.3845424000289694e-06,6.45813744175139e-05,0.10403545440301092
159,14,401469,flow,14,401469,flow,7,0.005305761475601177,0.035388126562601645,0.06253589886898103
159,14,401469,flow,14,401469,flow,11,0.0012801219131282238,0.011262987097177041,0.07221478742918502
159,14,401469,flow,14,401469,flow,12,0.003480133407274153,0.025297284737379,0.06553411489513983
159,14,401469,flow,15,401472,flow,3,9.93232858938153e-05,0.0012770136757776253,-0.08722774276331499
159,14,401469,flow,15,401472,flow,4,0.00010590548379560583,0.0013527844174956154,-0.0868796559705416
159,14,401469,flow,15,401472,flow,11,1.1045466681475972e-05,0.00018473254380168872,0.09845724388952484
159,14,401469,flow,15,401472,flow,12,8.767601890046422e-06,0.00014988539835773858,0.09956951035640563
159,14,401469,flow,16,405838,flow,1,2.2951329807223282e-10,8.388303279797342e-09,0.14164067499443672
159,14,401469,flow,16,405838,flow,4,0.0026040470339674434,0.019974224408273004,0.0675298662538747
159,14,401469,flow,16,405838,flow,7,0.0011025732074497574,0.009977202044790431,0.07316650626210379
159,14,401469,flow,16,405838,flow,12,0.00825803903452351,0.04972327004091853,0.059255045100676994
159,14,401469,flow,17,400260,flow,1,1.8890536041375068e-11,7.740868501299674e-10,0.14990797765808567
159,14,401469,flow,17,400260,flow,2,7.073096776008507e-08,1.8440421286877941e-06,0.12056704390454254
159,14,401469,flow,17,400260,flow,3,2.6347393803931534e-08,7.376587247763073e-07,0.12444804576270455
159,14,401469,flow,17,400260,flow,4,0.0030612361415906643,0.02274211544569505,0.0664230441702923
159,14,401469,flow,19,401795,flow,1,1.7273895545432016e-06,3.5216247643353614e-05,0.107085058806111
159,14,401469,flow,19,401795,flow,11,0.000555555346514381,0.005628515705774217,0.07740286055147255
159,14,401469,flow,19,401795,flow,12,0.0018675460599281376,0.015352463225344353,0.06975707659455926
159,14,401469,occupancy,0,400593,flow,12,0.00213018173602387,0.01708575027780007,0.06888296880732375
159,14,401469,occupancy,4,400316,flow,11,0.0007586462298879721,0.007323690979030256,0.07550324331367314
159,14,401469,occupancy,6,405843,flow,1,1.0309665814544407e-07,2.6015044578756914e-06,0.11905390849655177
159,14,401469,occupancy,6,405843,flow,6,0.002844558669798822,0.021434665015752506,0.06692731729896209
159,14,401469,occupancy,6,405843,flow,12,3.0214958393337536e-05,0.00045181246195644917,0.09346726310899742
159,14,401469,occupancy,7,408093,flow,10,0.0007708638823257551,0.007428355948354365,-0.0754046957109082
159,14,401469,occupancy,9,402391,flow,1,0.005846752448941957,0.03802765820450053,0.06182831954656106
159,14,401469,occupancy,10,400497,flow,10,0.0010781852594503316,0.009799621966811346,0.07330814705476135
159,14,401469,occupancy,10,400497,flow,11,0.00033616740820185584,0.0036482444778426337,0.0803813215379477
159,14,401469,occupancy,12,404520,flow,11,0.004088776624831253,0.028871387739900316,0.06440221115956656
159,14,401469,occupancy,15,401472,flow,1,0.0019019049368054063,0.015605373840454616,0.06963653578763984
159,14,401469,occupancy,15,401472,flow,12,0.0010881339706683587,0.009877576703692603,0.07325001270244877
159,14,401469,occupancy,17,400260,flow,1,0.0011088919758802081,0.01001422453036197,0.07313028038697933
159,14,401469,occupancy,17,400260,flow,3,1.3047320367298505e-05,0.00021488533734933106,0.09764774115292842
159,14,401469,occupancy,19,401795,flow,2,2.5700974820607954e-05,0.00039149580826878123,0.09428616812307068
159,14,401469,speed,3,400039,flow,6,0.00023787942807538976,0.0027150307246649507,-0.08237559266818861
159,14,401469,speed,3,400039,flow,8,0.007747339393588401,0.04744613861681584,-0.059737714356010135
159,14,401469,speed,3,400039,flow,9,0.001955578504764664,0.01594281777803991,-0.06945217477355917
159,14,401469,speed,3,400039,flow,11,0.0007310827745022954,0.007102311766315171,-0.07573109277376416
159,14,401469,speed,6,405843,flow,1,0.001852835251348151,0.015260721231313655,-0.06980930978315904
159,14,401469,speed,6,405843,flow,2,0.007024722864767118,0.04402553717654714,-0.06047180777038756
159,14,401469,speed,6,405843,flow,12,0.0016033409294245555,0.013559970272345498,-0.0707586513365052
159,14,401469,speed,7,408093,flow,2,0.0014641242378840126,0.012579587724063116,-0.07134925841497505
159,14,401469,speed,8,401448,flow,12,0.007097017708867693,0.04436611797012495,-0.060395390601020595
159,14,401469,speed,9,402391,flow,1,0.0002746837161534405,0.0030686156032657436,-0.0815513933820182
159,14,401469,speed,9,402391,flow,4,0.002726067091679415,0.020689757266435477,-0.06721810298987317
159,14,401469,speed,9,402391,flow,7,3.44061755650169e-05,0.0005059042833249593,-0.09280500963460434
159,14,401469,speed,9,402391,flow,10,0.0002118867618400473,0.0024579774735472722,-0.08303318609130886
159,14,401469,speed,9,402391,flow,11,0.0006268023420326603,0.0062262269891494425,-0.07667213382231798
159,14,401469,speed,9,402391,flow,12,0.002481880124412807,0.019262885622463758,-0.0678556733417153
159,14,401469,speed,12,404520,flow,11,0.00464589751822376,0.031882886860566555,-0.06349300032922725
159,14,401469,speed,16,405838,flow,7,0.0002526324538411017,0.002853260655146561,-0.08203175711653574
159,14,401469,speed,18,404528,flow,11,0.0003734868641493501,0.004000652747644911,-0.0797653992562808
159,15,401472,flow,1,400125,flow,1,6.4681361845741614e-24,6.57467019232009e-22,0.22356090803800355
159,15,401472,flow,1,400125,flow,2,8.707691133676502e-05,0.0011406072073220888,0.08793763134980499
159,15,401472,flow,1,400125,flow,5,0.003614884536282684,0.026074972777994983,0.06526882698209785
159,15,401472,flow,1,400125,flow,6,3.7583285502076765e-06,7.074500800390921e-05,0.10355284722699479
159,15,401472,flow,1,400125,flow,11,1.0140000050051631e-11,4.244651183742543e-10,0.1518974733436758
159,15,401472,flow,1,400125,flow,12,1.9205757604129885e-34,3.0843447156074763e-32,0.26970340444761864
159,15,401472,flow,3,400039,flow,1,9.166342378843085e-11,3.479665999701417e-09,0.14473408762794882
159,15,401472,flow,3,400039,flow,2,0.001463912695267037,0.012579587724063116,0.071350194550517
159,15,401472,flow,3,400039,flow,5,0.004435101751588383,0.03079337763880073,0.06382477254143713
159,15,401472,flow,3,400039,flow,6,0.001973395556990046,0.01606684660044666,0.069392001209825
159,15,401472,flow,3,400039,flow,9,6.360111751528467e-06,0.0001130221421908802,-0.1010964275597062
159,15,401472,flow,3,400039,flow,11,0.0009294504443640623,0.008681569556005945,0.0742421248981358
159,15,401472,flow,3,400039,flow,12,1.5611396169953657e-08,4.544557375619933e-07,0.12645786392943603
159,15,401472,flow,4,400316,flow,1,9.917646844523409e-11,3.754972337277926e-09,0.14447117632549897
159,15,401472,flow,4,400316,flow,3,6.47693011667345e-09,1.9844211421297377e-07,-0.12976764590442286
159,15,401472,flow,4,400316,flow,4,0.0023446516334320678,0.01844299901024496,-0.06823961625639659
159,15,401472,flow,4,400316,flow,8,0.002321330443983342,0.018299539266438025,-0.06830690059637975
159,15,401472,flow,4,400316,flow,10,0.00021100819461283222,0.002451735881461633,0.083056711701887
159,15,401472,flow,4,400316,flow,11,5.025306694124694e-24,5.1688868853854e-22,0.22409579460923731
159,15,401472,flow,4,400316,flow,12,3.795947425549821e-21,3.3330270077998432e-19,0.20956106906465446
159,15,401472,flow,5,400503,flow,1,1.7130734430963926e-10,6.341454390896672e-09,0.14263376718861445
159,15,401472,flow,5,400503,flow,2,5.282204799381944e-05,0.0007353891309484369,0.09058775866722626
159,15,401472,flow,5,400503,flow,10,0.000546123843385782,0.005543362320081247,0.07750605688205936
159,15,401472,flow,5,400503,flow,11,1.1251011887017157e-12,5.283083842599361e-11,0.158726446309821
159,15,401472,flow,5,400503,flow,12,5.211835793229984e-14,2.8038767903802652e-12,0.1677966915213281
159,15,401472,flow,6,405843,flow,1,6.880953145320225e-18,4.921476421818439e-16,0.19168210194466928
159,15,401472,flow,6,405843,flow,2,0.0014258080237332861,0.012304216265536948,0.07152088528849025
159,15,401472,flow,6,405843,flow,5,0.0011868643587811764,0.010591311774291843,0.0726982963416869
159,15,401472,flow,6,405843,flow,6,2.380184617641183e-06,4.7210273407758995e-05,0.10564201383102942
159,15,401472,flow,6,405843,flow,9,0.0021028591445516136,0.016929466091060327,-0.06896915020918157
159,15,401472,flow,6,405843,flow,11,1.0052935884537127e-13,5.264082790448532e-12,0.16589968657944934
159,15,401472,flow,6,405843,flow,12,4.0952330789916533e-26,4.743004531164596e-24,0.23403486750038133
159,15,401472,flow,7,408093,flow,4,0.0001848376625642742,0.0021912697647575867,0.08380333576956962
159,15,401472,flow,7,408093,flow,5,0.0008124869930250747,0.007773961926618654,0.07507950545054012
159,15,401472,flow,8,401448,flow,1,4.1091544055834925e-08,1.115046924128184e-06,0.12271616430000032
159,15,401472,flow,8,401448,flow,2,3.585904203061623e-10,1.29200218158684e-08,0.140112182532007
159,15,401472,flow,8,401448,flow,3,2.7624834088077773e-10,1.0045394213846462e-08,0.1410078113085053
159,15,401472,flow,8,401448,flow,4,0.0005805975982329638,0.005832980521782334,0.07713656942235517
159,15,401472,flow,8,401448,flow,5,0.0002447721035139608,0.002782193359366687,0.08221253484804812
159,15,401472,flow,8,401448,flow,12,3.5224549161552494e-08,9.649337500184324e-07,0.1233191886898091
159,15,401472,flow,9,402391,flow,1,1.6533360181342803e-11,6.785148710178666e-10,0.15033639408073102
159,15,401472,flow,9,402391,flow,2,3.077409867347153e-05,0.0004592197107751191,0.09337404431046412
159,15,401472,flow,9,402391,flow,11,1.8474735186008093e-05,0.00029159976618032505,0.09593677683601776
159,15,401472,flow,9,402391,flow,12,1.9687803349051585e-12,9.000138673852153e-11,0.15701700581540662
159,15,401472,flow,10,400497,flow,1,2.781002053020214e-15,1.6570936371099756e-13,0.176004198072141
159,15,401472,flow,10,400497,flow,2,6.379420479224111e-07,1.4271929813696613e-05,-0.11145556722500748
159,15,401472,flow,10,400497,flow,3,2.8971195631330147e-07,6.865362870397489e-06,-0.11480581732568569
159,15,401472,flow,10,400497,flow,4,2.434212582373838e-05,0.00037224064976477803,0.09455960717244877
159,15,401472,flow,10,400497,flow,5,1.3423158502005735e-43,2.5772464323851013e-41,0.3035306447413136
159,15,401472,flow,10,400497,flow,6,3.0486672014514624e-19,2.407722543011027e-17,0.19931571129140807
159,15,401472,flow,10,400497,flow,7,0.00020640000695630793,0.00240660736855938,-0.08318163229928029
159,15,401472,flow,10,400497,flow,8,4.400036743954746e-28,5.623715601740978e-26,-0.24299601627625386
159,15,401472,flow,10,400497,flow,9,6.813819858908529e-08,1.7829013804048968e-06,-0.12071601943502096
159,15,401472,flow,10,400497,flow,10,1.76537915026113e-30,2.500471452173142e-28,0.25343231096164764
159,15,401472,flow,10,400497,flow,11,4.764831266190595e-112,2.393496636039927e-109,0.47450347865549464
159,15,401472,flow,10,400497,flow,12,3.4435965461760805e-90,1.3402105477009611e-87,0.43000632419165524
159,15,401472,flow,12,404520,flow,1,0.0001720922831204698,0.0020679795913224742,0.0842036892806073
159,15,401472,flow,12,404520,flow,2,1.1769749367594121e-11,4.888972814231405e-10,-0.1514232766715141
159,15,401472,flow,12,404520,flow,3,6.846733697684237e-26,7.88743721973224e-24,-0.23299495060647266
159,15,401472,flow,12,404520,flow,4,1.3384063219919945e-05,0.00021984468863138463,-0.09752334423892632
159,15,401472,flow,12,404520,flow,6,0.0003361958626456371,0.0036482444778426337,0.08038082803522091
159,15,401472,flow,12,404520,flow,10,4.645113157881646e-10,1.6448269542662877e-08,0.1392180192205898
159,15,401472,flow,12,404520,flow,11,1.417411591426616e-32,2.1484975701624494e-30,0.2621769251746804
159,15,401472,flow,12,404520,flow,12,1.2175734378295625e-19,9.776797865099831e-18,0.20150561715788493
159,15,401472,flow,13,400183,flow,3,0.000930931355791555,0.008691643520681906,0.07423216269493224
159,15,401472,flow,13,400183,flow,4,0.002220198437112607,0.017663824498951333,0.06860602933242575
159,15,401472,flow,14,401469,flow,1,1.0529699687913383e-11,4.399255575607912e-10,0.15177763145056805
159,15,401472,flow,14,401469,flow,2,3.476413926762171e-05,0.0005099527390021248,0.09275205338081112
159,15,401472,flow,14,401469,flow,6,2.3310677128895715e-05,0.0003583705523018843,0.09477703115087772
159,15,401472,flow,14,401469,flow,7,0.0005169758130043544,0.005287252632999079,0.07783581371465409
159,15,401472,flow,14,401469,flow,11,0.0019807927646027174,0.016111889932373828,0.06936716489494181
159,15,401472,flow,14,401469,flow,12,1.0504589813341662e-12,4.943336382749018e-11,0.15893487975956785
159,15,401472,flow,15,401472,flow,1,0.0,0.0,0.8744126563708748
159,15,401472,flow,15,401472,flow,2,5.797936108001286e-09,1.7916369089102687e-07,-0.13017843743828483
159,15,401472,flow,15,401472,flow,3,6.759124998817277e-23,6.503211580153816e-21,-0.21852000828562723
159,15,401472,flow,15,401472,flow,4,5.05483988787913e-08,1.351293831413233e-06,-0.12190084034912685
159,15,401472,flow,15,401472,flow,6,1.891662498223883e-09,6.252472832691029e-08,0.13426359355384337
159,15,401472,flow,15,401472,flow,8,1.1548115744656103e-17,8.138313216462376e-16,-0.19038269507756006
159,15,401472,flow,15,401472,flow,9,6.511444479991903e-37,1.1296963917094388e-34,-0.27929971640920725
159,15,401472,flow,15,401472,flow,11,6.872849539748626e-43,1.313748230606817e-40,0.3009963338666856
159,15,401472,flow,15,401472,flow,12,1.5895434603436295e-12,7.344200800732063e-11,0.15767291168758452
159,15,401472,flow,16,405838,flow,1,2.6006128823732045e-14,1.4421884020349477e-12,0.1697805061475311
159,15,401472,flow,16,405838,flow,2,0.0001538780428890376,0.0018741278412197418,0.08482711324816941
159,15,401472,flow,16,405838,flow,5,0.00014723221974314291,0.0018018220659784063,0.08507200407877465
159,15,401472,flow,16,405838,flow,6,1.1045577180131066e-08,3.2862874254935406e-07,0.1277694834005558
159,15,401472,flow,16,405838,flow,7,1.7990526072874813e-05,0.0002855219420823629,0.09606842322501077
159,15,401472,flow,16,405838,flow,9,1.4025030035750429e-05,0.00022898008221633353,-0.09729459374284362
159,15,401472,flow,16,405838,flow,10,0.0005226116321021955,0.005338572359142787,-0.07777072704303332
159,15,401472,flow,16,405838,flow,12,1.5590699392331934e-06,3.204177991192862e-05,0.10754268396949507
159,15,401472,flow,17,400260,flow,1,4.847999677781692e-19,3.773578127570614e-17,0.19819922036095622
159,15,401472,flow,17,400260,flow,2,7.71633489459024e-45,1.5015570605689115e-42,0.30778000507010933
159,15,401472,flow,17,400260,flow,3,1.8233971866435377e-38,3.282114935958368e-36,0.2851429925717796
159,15,401472,flow,17,400260,flow,4,1.2935224804151243e-26,1.5267806326211305e-24,0.23634847046656243
159,15,401472,flow,17,400260,flow,5,4.105965754095833e-19,3.2017639093310467e-17,0.19859983848898427
159,15,401472,flow,17,400260,flow,6,8.382409942886913e-13,3.970615236104327e-11,0.1596181683834565
159,15,401472,flow,17,400260,flow,7,1.1289148033225216e-05,0.00018829775870089934,0.09835154338467954
159,15,401472,flow,17,400260,flow,10,8.366887948794903e-07,1.8236607436323907e-05,-0.11028202139197646
159,15,401472,flow,17,400260,flow,11,0.0009300081954683598,0.008684901436280403,-0.07423837114033101
159,15,401472,flow,17,400260,flow,12,0.0011565498439687104,0.01037221367229568,0.07286304022745194
159,15,401472,flow,18,404528,flow,1,4.063521993717614e-06,7.612495669063352e-05,0.10319176765994104
159,15,401472,flow,18,404528,flow,2,0.0053465101795323,0.03561042857782846,0.06248038729741181
159,15,401472,flow,18,404528,flow,11,9.228037187674147e-05,0.0011978702118615478,0.08762516835124726
159,15,401472,flow,18,404528,flow,12,0.002293882644164845,0.018136114609795258,0.0683868877624241
159,15,401472,flow,19,401795,flow,1,3.5168334522644505e-27,4.2917289586956e-25,0.23893342396333592
159,15,401472,flow,19,401795,flow,2,5.498360864664207e-19,4.249180489329047e-17,0.19789507472284004
159,15,401472,flow,19,401795,flow,3,1.5208565818097947e-07,3.7521989911012637e-06,0.11747284842977107
159,15,401472,flow,19,401795,flow,4,0.00016005536236520196,0.0019373470591697182,0.08460824901492604
159,15,401472,flow,19,401795,flow,6,4.168621359195399e-07,9.584057621992615e-06,0.11327327633822185
159,15,401472,flow,19,401795,flow,7,0.003339144403782825,0.02452414795025808,0.06582187733769422
159,15,401472,flow,19,401795,flow,9,2.842981299769613e-07,6.755599128165417e-06,-0.11488473184658264
159,15,401472,flow,19,401795,flow,10,5.94350929207872e-06,0.00010614286954022352,-0.10141590113148852
159,15,401472,flow,19,401795,flow,12,1.9623396789706192e-14,1.0995210652598022e-12,0.17057738201738168
159,15,401472,occupancy,1,400125,flow,1,1.9587919072897203e-18,1.474212724650103e-16,0.19479744136304158
159,15,401472,occupancy,1,400125,flow,2,5.7338730199221224e-08,1.5177899170382089e-06,0.12140208410496235
159,15,401472,occupancy,1,400125,flow,6,1.3530638725742184e-05,0.00022199908581544336,0.09747012692423844
159,15,401472,occupancy,1,400125,flow,7,1.6747550352308907e-07,4.108428025097926e-06,0.1170776508018996
159,15,401472,occupancy,1,400125,flow,9,0.007740227937259142,0.047415222506393094,-0.05974463426575495
159,15,401472,occupancy,1,400125,flow,10,0.00514611003149969,0.03456880008720053,-0.0627571649928076
159,15,401472,occupancy,1,400125,flow,12,2.836397501284839e-13,1.4165592145145092e-11,0.16285842504399317
159,15,401472,occupancy,3,400039,flow,1,8.570166385516539e-09,2.587136287601658e-07,0.12872313578659517
159,15,401472,occupancy,3,400039,flow,2,0.00030052271534427086,0.003315265909824439,0.08103248202485304
159,15,401472,occupancy,3,400039,flow,7,0.0025902736118580956,0.0198862306792731,0.06756589152394242
159,15,401472,occupancy,3,400039,flow,10,2.6303349562030556e-06,5.165021368544182e-05,-0.10518832387023587
159,15,401472,occupancy,4,400316,flow,1,2.68612152298627e-15,1.6027686435498186e-13,0.17609905076946697
159,15,401472,occupancy,4,400316,flow,3,0.0004961527030605223,0.005099642344091022,-0.07808216842212409
159,15,401472,occupancy,4,400316,flow,4,2.103016913216812e-05,0.00032651486811729026,-0.09529218126238505
159,15,401472,occupancy,4,400316,flow,6,0.00037632644553370077,0.004025081071318612,0.0797209210452923
159,15,401472,occupancy,4,400316,flow,9,4.156824448829009e-06,7.763718814933558e-05,-0.10308655601913518
159,15,401472,occupancy,4,400316,flow,11,2.2457171164032233e-05,0.00034648206938792586,0.09496397728640033
159,15,401472,occupancy,4,400316,flow,12,3.1704435611182386e-18,2.3174815878224686e-16,0.1936096794703122
159,15,401472,occupancy,5,400503,flow,1,1.626425477087869e-09,5.421418256959563e-08,0.13480525609689123
159,15,401472,occupancy,5,400503,flow,2,6.566423984779028e-06,0.00011635337003382035,0.10094555538627063
159,15,401472,occupancy,5,400503,flow,6,0.0005592349278024231,0.005655184663170571,0.07736304146144639
159,15,401472,occupancy,5,400503,flow,12,1.8862193128016923e-09,6.239255307276655e-08,0.13427394567182752
159,15,401472,occupancy,6,405843,flow,1,7.13858771417638e-27,8.638291015473938e-25,0.23753214440913112
159,15,401472,occupancy,6,405843,flow,2,2.5713970320277762e-06,5.0677167784489023e-05,0.10529136956203365
159,15,401472,occupancy,6,405843,flow,4,0.007097551881748461,0.04436611797012495,-0.060394828573131706
159,15,401472,occupancy,6,405843,flow,6,1.5426062962195975e-08,4.499702363044336e-07,0.12650336180397062
159,15,401472,occupancy,6,405843,flow,7,0.00015940170132933772,0.0019305168201366385,0.0846310289864807
159,15,401472,occupancy,6,405843,flow,9,4.258862195768131e-06,7.923464550266291e-05,-0.10297405214493757
159,15,401472,occupancy,6,405843,flow,10,2.505647016120166e-06,4.9494262046818094e-05,-0.1054090332603992
159,15,401472,occupancy,6,405843,flow,12,1.5715523128259413e-08,4.5717885464027384e-07,0.1264325310329081
159,15,401472,occupancy,7,408093,flow,3,1.2662932875607491e-05,0.00020911265299168336,-0.0977935358514517
159,15,401472,occupancy,7,408093,flow,6,3.7545637688344573e-05,0.0005452005203820119,0.09235735988525333
159,15,401472,occupancy,7,408093,flow,8,0.0004934674087590814,0.005075664775807695,-0.07811463615484998
159,15,401472,occupancy,7,408093,flow,9,0.001425149098344678,0.012300987222475543,-0.07152387375238314
159,15,401472,occupancy,7,408093,flow,11,0.0015289823787634574,0.013043451572389684,0.07106795386396088
159,15,401472,occupancy,8,401448,flow,1,0.0039588018971414875,0.02814221523062568,0.0646304274015666
159,15,401472,occupancy,8,401448,flow,2,2.9995543810029343e-05,0.00044977698458634766,0.09350429171724962
159,15,401472,occupancy,8,401448,flow,3,2.02289688128686e-07,4.895750435383325e-06,0.11629958278884457
159,15,401472,occupancy,8,401448,flow,5,0.0005298684489625951,0.005407587289200121,0.07768787588058837
159,15,401472,occupancy,8,401448,flow,6,0.0002882422959467606,0.0032010455488174954,0.08127366718752632
159,15,401472,occupancy,9,402391,flow,1,3.277807659348993e-11,1.3111230637395972e-09,0.1481233136510716
159,15,401472,occupancy,9,402391,flow,2,6.698852558281926e-07,1.49418358804408e-05,0.11124502082759953
159,15,401472,occupancy,9,402391,flow,12,1.4496816155048136e-05,0.0002353485373536563,0.09713250116028643
159,15,401472,occupancy,10,400497,flow,1,2.8559515031152357e-31,4.168145436978993e-29,0.25677326557875063
159,15,401472,occupancy,10,400497,flow,2,0.0037827147907116797,0.027086832944211194,-0.06495070616519015
159,15,401472,occupancy,10,400497,flow,3,1.937467851700439e-30,2.7352487318123845e-28,-0.2532603770178593
159,15,401472,occupancy,10,400497,flow,4,0.0002573781140971388,0.002901714043085101,-0.08192514859225156
159,15,401472,occupancy,10,400497,flow,5,3.1886636180316546e-19,2.513691027353421e-17,0.19920793507268966
159,15,401472,occupancy,10,400497,flow,6,2.464710445674132e-48,5.094521112589593e-46,0.31939151036828506
159,15,401472,occupancy,10,400497,flow,7,0.0024927454098217037,0.019336793267067266,0.06782610963266941
159,15,401472,occupancy,10,400497,flow,8,2.1840477221170348e-18,1.618368123421199e-16,-0.1945296182928511
159,15,401472,occupancy,10,400497,flow,9,1.2824444527575592e-42,2.419283858477142e-40,-0.3001219795029332
159,15,401472,occupancy,10,400497,flow,10,1.2680344126270117e-07,3.1719216343651944e-06,-0.1182147517287711
159,15,401472,occupancy,10,400497,flow,11,2.1076652363664393e-36,3.58469048074922e-34,0.27734890574277077
159,15,401472,occupancy,10,400497,flow,12,1.0735761727536295e-94,4.5919297686095835e-92,0.4397367631392465
159,15,401472,occupancy,11,405841,flow,11,0.0022452566713221755,0.017821883302917764,0.06853076705851564
159,15,401472,occupancy,12,404520,flow,1,4.7857374013911093e-17,3.179648354597645e-15,0.18676595719341751
159,15,401472,occupancy,12,404520,flow,3,1.7206804146419263e-13,8.779958471279134e-12,-0.16433107242858602
159,15,401472,occupancy,12,404520,flow,4,1.5765546487246568e-12,7.291987240353874e-11,-0.15769800856502694
159,15,401472,occupancy,12,404520,flow,6,2.3571607083128206e-07,5.663478453788312e-06,0.11566586779376063
159,15,401472,occupancy,12,404520,flow,9,1.2458945383731344e-06,2.6165602361555374e-05,-0.10853720271697724
159,15,401472,occupancy,12,404520,flow,11,3.166872554804632e-09,1.0240186704158691e-07,0.13239959521988756
159,15,401472,occupancy,12,404520,flow,12,1.2003742557149615e-24,1.2803992060959588e-22,0.22710425375158214
159,15,401472,occupancy,13,400183,flow,4,0.0055718285950677295,0.036695331770244796,0.06218015925511095
159,15,401472,occupancy,13,400183,flow,9,0.005294807241248677,0.035336887505321005,0.06255088733069701
159,15,401472,occupancy,14,401469,flow,1,0.0027304847133059916,0.020708732376197126,0.06720705664639612
159,15,401472,occupancy,14,401469,flow,2,1.3350535998465409e-08,3.939502425776678e-07,0.12705260580828406
159,15,401472,occupancy,14,401469,flow,3,1.5029317272705378e-05,0.00024271645090873732,0.09695548032408571
159,15,401472,occupancy,14,401469,flow,7,8.678868804378139e-07,1.8840559414529425e-05,0.11012269240604666
159,15,401472,occupancy,14,401469,flow,12,1.6326976496263328e-05,0.0002614252722900577,0.09654794145449996
159,15,401472,occupancy,15,401472,flow,1,1.1746279909421818e-151,7.928738938859727e-149,0.5414057208226734
159,15,401472,occupancy,15,401472,flow,2,1.3518362400078902e-31,2.0068496758880018e-29,0.25813100733492456
159,15,401472,occupancy,15,401472,flow,4,7.495830293682586e-20,6.098302611809562e-18,-0.2026528881982603
159,15,401472,occupancy,15,401472,flow,5,0.0035759207870602453,0.025841381398628738,-0.06534459916600187
159,15,401472,occupancy,15,401472,flow,6,5.968331006889908e-07,1.3421754268487457e-05,0.11174199560067628
159,15,401472,occupancy,15,401472,flow,7,7.128406844083932e-07,1.5767904539909158e-05,0.11097664138118675
159,15,401472,occupancy,15,401472,flow,8,0.0008341859474042434,0.007949405690557979,-0.07491605598332195
159,15,401472,occupancy,15,401472,flow,9,1.266754430831458e-40,2.368995299217272e-38,-0.2929692254378911
159,15,401472,occupancy,15,401472,flow,10,1.1654087196306098e-36,1.9978435193667595e-34,-0.2782675857204297
159,15,401472,occupancy,15,401472,flow,12,1.8613439347071266e-07,4.532697744044412e-06,0.11664309251166181
159,15,401472,occupancy,16,405838,flow,1,2.0286855200094917e-10,7.471373782132142e-09,0.1420604915997503
159,15,401472,occupancy,16,405838,flow,2,1.029377898733847e-07,2.5990137478259613e-06,0.11906013962091362
159,15,401472,occupancy,16,405838,flow,6,0.0006310866601183089,0.0062615856033787195,0.07663069679128365
159,15,401472,occupancy,16,405838,flow,7,3.052022338790544e-09,9.898450828509873e-08,0.13253408176066614
159,15,401472,occupancy,16,405838,flow,10,1.3495666622977266e-05,0.00022150942177531075,-0.09748277418633865
159,15,401472,occupancy,16,405838,flow,12,0.004887934704897901,0.0332115097910647,0.06312845429442834
159,15,401472,occupancy,17,400260,flow,2,2.0744061170033166e-15,1.2498513843032535e-13,0.17680353524014802
159,15,401472,occupancy,17,400260,flow,3,9.568700290072947e-23,9.165584313329297e-21,0.2177625490034414
159,15,401472,occupancy,17,400260,flow,4,1.0404660383571282e-18,7.885637343338234e-17,0.19634643442813224
159,15,401472,occupancy,17,400260,flow,5,7.21503572949502e-10,2.5197214512060215e-08,0.13768336911940038
159,15,401472,occupancy,17,400260,flow,6,7.294988133526002e-11,2.808765484566161e-09,0.14549350115036933
159,15,401472,occupancy,17,400260,flow,7,1.3135562759900508e-07,3.270641563272057e-06,0.11807117515795677
159,15,401472,occupancy,17,400260,flow,8,8.580916535861525e-06,0.0001470430759021094,0.0996725687416578
159,15,401472,occupancy,17,400260,flow,11,0.005803500940769644,0.037818982456876066,-0.061882669960138414
159,15,401472,occupancy,18,404528,flow,1,1.3902809836671762e-05,0.00022758673169542254,0.09733743255722214
159,15,401472,occupancy,18,404528,flow,12,0.005704290355076989,0.03732847103463803,0.06200873114350221
159,15,401472,occupancy,19,401795,flow,1,3.347123122923676e-12,1.490677514539204e-10,0.15537810767441548
159,15,401472,occupancy,19,401795,flow,2,4.392781196033176e-09,1.3851689610849138e-07,0.13120237841726112
159,15,401472,occupancy,19,401795,flow,3,1.466712116468733e-11,6.051763460501361e-10,0.1507203422255542
159,15,401472,occupancy,19,401795,flow,6,0.00018696035444805122,0.002210973805681854,0.08373919081579875
159,15,401472,occupancy,19,401795,flow,7,0.0009420200943172274,0.00876864211904853,0.0741580307252481
159,15,401472,occupancy,19,401795,flow,10,0.0001288677738137278,0.0016052733070222147,-0.08580713122714242
159,15,401472,occupancy,19,401795,flow,11,0.00015657541226874095,0.0018978837850756479,-0.08473054669906346
159,15,401472,speed,2,400331,flow,7,0.001918609394406955,0.01569720115598351,0.06957865209292062
159,15,401472,speed,3,400039,flow,6,0.0013907293391790324,0.012059315024595382,-0.07168177742804897
159,15,401472,speed,4,400316,flow,11,9.361397239361702e-06,0.0001592801735881944,-0.09925510433239444
159,15,401472,speed,5,400503,flow,1,0.0002898648001880513,0.003214931801828964,-0.08124125612712327
159,15,401472,speed,5,400503,flow,2,0.007880429279951022,0.04804440444025492,-0.059609247283870195
159,15,401472,speed,6,405843,flow,1,0.00561171474313227,0.03690165987298032,-0.06212815660006446
159,15,401472,speed,6,405843,flow,6,0.007024330645149216,0.04402553717654714,-0.060472224275793095
159,15,401472,speed,6,405843,flow,12,0.0002025872186069117,0.002367262062163534,-0.08328698591926369
159,15,401472,speed,9,402391,flow,1,0.004598101541317674,0.031630252640911384,-0.06356701409760494
159,15,401472,speed,9,402391,flow,6,0.0019041067427418225,0.015620473088956841,-0.06962887953509006
159,15,401472,speed,10,400497,flow,2,2.7684966215824454e-06,5.404385632732112e-05,0.10495519054589818
159,15,401472,speed,10,400497,flow,3,0.002538857531959373,0.019588970419832992,0.06770193818905798
159,15,401472,speed,10,400497,flow,5,0.005468473037985264,0.036188424516078954,-0.06231649030967633
159,15,401472,speed,10,400497,flow,6,0.0004796362411224127,0.00496056634342548,-0.07828452133630306
159,15,401472,speed,10,400497,flow,8,0.004492394004487237,0.03106148472611169,0.06373321077222815
159,15,401472,speed,10,400497,flow,9,0.0012242829487191438,0.010860169072826902,0.07250022072771958
159,15,401472,speed,10,400497,flow,11,1.71988672763601e-08,4.966517823120029e-07,-0.1260883326411074
159,15,401472,speed,10,400497,flow,12,2.3633526339052687e-05,0.00036281746192149116,-0.09470800890021723
159,15,401472,speed,12,404520,flow,3,0.002154837009220828,0.017267475199098454,0.0688060656995863
159,15,401472,speed,12,404520,flow,11,8.379098351018123e-06,0.0001439272559697745,-0.09978641800382597
159,15,401472,speed,14,401469,flow,1,2.0974120838065507e-08,5.96308944341996e-07,-0.1253277777915305
159,15,401472,speed,14,401469,flow,2,0.006383193313229197,0.04080842290853556,-0.061182704269001055
159,15,401472,speed,14,401469,flow,7,0.0008793935098967787,0.008307412995307422,-0.07458781546090293
159,15,401472,speed,14,401469,flow,11,0.0031933958496539964,0.02355783823515243,-0.06613121985488706
159,15,401472,speed,14,401469,flow,12,0.00013845944984610124,0.0017084970675097326,-0.08541170723264455
159,15,401472,speed,15,401472,flow,1,5.086283332037048e-10,1.793693387297963e-08,-0.13890319062574827
159,15,401472,speed,15,401472,flow,3,1.11437567310623e-05,0.00018611919610901872,0.09841434394904286
159,15,401472,speed,15,401472,flow,4,7.092826737189857e-06,0.00012420353264961566,0.10058022997594007
159,15,401472,speed,15,401472,flow,8,0.0016091808459304563,0.013601372049343712,0.07073492194224301
159,15,401472,speed,15,401472,flow,9,2.0981240634255414e-08,5.96308944341996e-07,0.1253264731667933
159,15,401472,speed,15,401472,flow,11,1.178456547038175e-07,2.956406668527826e-06,-0.11851244838721968
159,15,401472,speed,15,401472,flow,12,2.153058137838389e-08,6.107164251780591e-07,-0.12522708559189186
159,15,401472,speed,16,405838,flow,1,2.5473515035788004e-06,5.024912555004757e-05,-0.10533406224109895
159,15,401472,speed,16,405838,flow,7,0.0015949616478507602,0.013510263370029968,-0.07079283820316895
159,15,401472,speed,17,400260,flow,1,4.999434554113371e-06,9.10520964324189e-05,-0.10222734326244969
159,15,401472,speed,17,400260,flow,2,2.1608466763915465e-06,4.321693352783093e-05,-0.10607917494176637
159,15,401472,speed,17,400260,flow,3,3.043786590217634e-07,7.150167520250233e-06,-0.11459897128517452
159,15,401472,speed,17,400260,flow,4,8.892056854294511e-05,0.0011605343084759,-0.08782495274629322
159,15,401472,speed,17,400260,flow,5,4.4671132739348254e-05,0.000633549879953987,-0.09146051447169531
159,15,401472,speed,17,400260,flow,6,0.00012912811587560778,0.0016075892235810536,-0.08579603766014116
159,15,401472,speed,17,400260,flow,7,0.0007092436932772001,0.0069249098912425545,-0.07591735658717715
159,15,401472,speed,19,401795,flow,2,0.0024503081569819457,0.019076106033811508,-0.06794225498252494
159,15,401472,speed,19,401795,flow,10,7.450915713300587e-05,0.0009943761470947957,0.08877178975162736
159,16,405838,flow,1,400125,flow,5,0.00014232100584163061,0.0017500228279338028,0.08525975315285199
159,16,405838,flow,1,400125,flow,6,1.5080818483048756e-06,3.109743954499791e-05,0.10769070841619534
159,16,405838,flow,1,400125,flow,8,0.005143193647297011,0.03455458251372175,0.06276126424475467
159,16,405838,flow,1,400125,flow,10,0.0004559991259320837,0.004755954186447614,0.07858571257569223
159,16,405838,flow,1,400125,flow,11,2.698842470256437e-05,0.0004098066598069528,0.09403948955027026
159,16,405838,flow,1,400125,flow,12,0.0007281292167171347,0.007076531420063041,0.0757559789686021
159,16,405838,flow,2,400331,flow,3,0.0047678873128722795,0.03252372207738551,0.06330717229775946
159,16,405838,flow,3,400039,flow,1,0.004173140977997557,0.029356731843265666,0.06425757603978784
159,16,405838,flow,3,400039,flow,2,0.0031830118281050736,0.023495744105704392,0.06615374688588242
159,16,405838,flow,3,400039,flow,4,0.000497050556933133,0.005107655580283385,0.07807134904148909
159,16,405838,flow,3,400039,flow,5,0.00010265507036473708,0.0013151539263809731,0.08704891613933392
159,16,405838,flow,4,400316,flow,5,0.004546083276736943,0.03135852610696581,0.06364836165886426
159,16,405838,flow,4,400316,flow,6,0.0002063747672846239,0.00240660736855938,0.08318232368650112
159,16,405838,flow,4,400316,flow,11,0.006383873194812115,0.04080842290853556,0.06118191749037544
159,16,405838,flow,5,400503,flow,2,0.00034828923959361464,0.003760583641700613,0.0801745402789811
159,16,405838,flow,5,400503,flow,5,0.002457213512149335,0.01911008228809412,0.06792323123138314
159,16,405838,flow,5,400503,flow,7,0.00013197776688479427,0.0016383446923629635,0.0856759678324617
159,16,405838,flow,5,400503,flow,8,0.0014695026683987206,0.012620778384657003,0.07132549909104334
159,16,405838,flow,5,400503,flow,11,7.277425911168146e-05,0.0009751389558389079,0.0888972489671689
159,16,405838,flow,6,405843,flow,1,0.0034464144221323383,0.02512404708675616,0.06560195814249067
159,16,405838,flow,6,405843,flow,5,0.0027416037738560214,0.02077482600080339,0.0671793252796493
159,16,405838,flow,6,405843,flow,6,0.001077280237972973,0.009794750502179282,0.0733134600366217
159,16,405838,flow,6,405843,flow,7,0.003751968799723949,0.026906549161366963,0.06500801270858352
159,16,405838,flow,6,405843,flow,11,0.00468487698411224,0.032104486946962045,0.0634331475359367
159,16,405838,flow,8,401448,flow,1,0.004640616161313505,0.03186182742669158,0.06350114475008833
159,16,405838,flow,8,401448,flow,4,4.290250931133593e-05,0.0006118812816935332,0.09166973047458152
159,16,405838,flow,8,401448,flow,7,0.00013345962373807787,0.0016534143233395365,0.08561449138536323
159,16,405838,flow,8,401448,flow,10,0.004292300300756183,0.0300243965730848,0.06405773993749177
159,16,405838,flow,8,401448,flow,11,0.0006020015465117069,0.006015837799978195,0.07691730527154808
159,16,405838,flow,9,402391,flow,3,0.00022391536097064366,0.0025781299557387544,0.08271998023242146
159,16,405838,flow,9,402391,flow,6,9.663605736750448e-07,2.0790227481455147e-05,0.10965366488740338
159,16,405838,flow,9,402391,flow,7,0.00518328458080966,0.03477525918480778,0.062705095647511
159,16,405838,flow,9,402391,flow,10,0.00048657775691855347,0.005021538246268875,0.07819869768331968
159,16,405838,flow,9,402391,flow,11,0.001431595010463115,0.01233936641101488,0.07149469373351526
159,16,405838,flow,10,400497,flow,1,0.007116582718086871,0.04445017554773479,-0.0603748300708921
159,16,405838,flow,10,400497,flow,2,0.0045604567822571645,0.031446405904790024,-0.06362580009715024
159,16,405838,flow,10,400497,flow,4,0.00030123844136607347,0.003320617674665571,0.0810187114267249
159,16,405838,flow,10,400497,flow,5,9.253821790161024e-11,3.5097901785334176e-09,0.14470241335620596
159,16,405838,flow,10,400497,flow,6,1.1828333213554065e-05,0.00019675933570486545,0.09812519468551327
159,16,405838,flow,10,400497,flow,7,0.008316446377565262,0.04998466425693508,-0.05920155727447264
159,16,405838,flow,10,400497,flow,10,0.0032422176008045887,0.023873154994845446,0.06602619222536986
159,16,405838,flow,10,400497,flow,11,6.224707342388132e-13,2.987859524346303e-11,0.16051472971887706
159,16,405838,flow,12,404520,flow,4,0.001015289928840721,0.009327193681655127,0.07368757594379402
159,16,405838,flow,12,404520,flow,5,8.404376539912575e-06,0.00014424674871840414,0.09977201553129839
159,16,405838,flow,12,404520,flow,6,3.802123693048961e-05,0.0005515505155799701,0.09229266403690803
159,16,405838,flow,12,404520,flow,11,0.0003606333135243266,0.003881255392190062,0.07997076863066158
159,16,405838,flow,12,404520,flow,12,0.005610975270999956,0.03690165987298032,0.06212911767111309
159,16,405838,flow,13,400183,flow,2,0.002418400053936731,0.018868499608103086,0.06803080115841566
159,16,405838,flow,13,400183,flow,4,5.016940965316679e-06,9.125551566386548e-05,0.10221100530268568
159,16,405838,flow,14,401469,flow,1,8.262405466632419e-06,0.00014220554428626315,0.09985344741630325
159,16,405838,flow,14,401469,flow,2,0.0023491198946265887,0.018466885644541027,0.0682267947512267
159,16,405838,flow,14,401469,flow,4,2.908450221354743e-08,8.059336084831617e-07,0.12406493413484566
159,16,405838,flow,14,401469,flow,6,8.146082826080946e-06,0.00014065178980283646,0.09992117016818403
159,16,405838,flow,14,401469,flow,7,1.8144261379860977e-06,3.688621607576443e-05,0.1068649732047017
159,16,405838,flow,14,401469,flow,10,0.002159193824660957,0.017292764780376963,0.06879256008577432
159,16,405838,flow,14,401469,flow,11,6.640105886951183e-05,0.0008978171340103009,0.08938375958588841
159,16,405838,flow,15,401472,flow,2,0.0016561283966778383,0.013930051934673407,-0.07054698620434924
159,16,405838,flow,15,401472,flow,5,2.991653644324763e-05,0.00044874804664871447,0.09351768808965437
159,16,405838,flow,15,401472,flow,6,4.5258347851172775e-13,2.1943441382386798e-11,0.16146928782527956
159,16,405838,flow,15,401472,flow,7,0.0004406336459811939,0.004622480210390378,0.07878941261422716
159,16,405838,flow,15,401472,flow,10,3.2779287080920754e-06,6.296421529105276e-05,0.1041824886099988
159,16,405838,flow,15,401472,flow,11,2.0480118022093665e-05,0.00031940111861171347,0.09542437876445653
159,16,405838,flow,15,401472,flow,12,1.3465486303183749e-11,5.571925366834654e-10,0.1509937567110113
159,16,405838,flow,16,405838,flow,1,3.9837110412204547e-35,6.494200640782023e-33,0.27226466956313783
159,16,405838,flow,16,405838,flow,2,2.4618159381684905e-26,2.8743364467264537e-24,0.23500207838368245
159,16,405838,flow,16,405838,flow,3,4.488915983963466e-09,1.4123901712106464e-07,0.13112279143760142
159,16,405838,flow,16,405838,flow,4,2.5865269783844082e-05,0.0003934435403739664,0.09425404339383901
159,16,405838,flow,16,405838,flow,5,9.455525298704102e-06,0.00016069185401416884,0.09920702158985534
159,16,405838,flow,16,405838,flow,6,1.7015821434083553e-10,6.30431806134142e-09,0.14265653759911467
159,16,405838,flow,16,405838,flow,7,4.7594675765006725e-07,1.0844356503419255e-05,0.11271003131937744
159,16,405838,flow,16,405838,flow,9,0.0011402105278405885,0.010240560250044372,0.07295349731847676
159,16,405838,flow,16,405838,flow,10,3.102488338477652e-06,5.991394556201813e-05,0.1044347246165295
159,16,405838,flow,16,405838,flow,11,4.6251773136456734e-07,1.0583032836307897e-05,0.11283187886290351
159,16,405838,flow,16,405838,flow,12,1.8441975838839488e-06,3.743859756756888e-05,0.10679201310443928
159,16,405838,flow,17,400260,flow,1,3.6865868678125354e-17,2.5040967404009673e-15,0.18743524718810356
159,16,405838,flow,17,400260,flow,2,2.263153287368617e-11,9.240852742374692e-10,0.14932521892917153
159,16,405838,flow,17,400260,flow,3,2.689796754018611e-08,7.511261782391984e-07,0.12436797517186764
159,16,405838,flow,17,400260,flow,4,2.0767485996607185e-06,4.174757538638578e-05,0.10625818233463716
159,16,405838,flow,17,400260,flow,5,4.678215964453224e-06,8.58898978599147e-05,0.10253726258991298
159,16,405838,flow,17,400260,flow,6,4.595354724737559e-06,8.465642819132731e-05,0.1026205135431929
159,16,405838,flow,17,400260,flow,7,1.86270872241252e-08,5.350333564376387e-07,0.12578313676823052
159,16,405838,flow,17,400260,flow,8,8.095590239608407e-07,1.7689908869554032e-05,0.11042529158323479
159,16,405838,flow,17,400260,flow,9,1.4278882651239581e-05,0.0002325971834591063,0.09720674246298859
159,16,405838,flow,17,400260,flow,10,6.315905337966149e-05,0.0008620761788313984,0.08964845759065525
159,16,405838,flow,17,400260,flow,11,0.0001118711775163123,0.0014176693660031363,0.08658136655857238
159,16,405838,flow,17,400260,flow,12,7.322160876498307e-06,0.00012785664909649428,0.10042911368284567
159,16,405838,flow,18,404528,flow,1,0.0008022301443410738,0.007687742288272934,0.0751581796039593
159,16,405838,flow,18,404528,flow,6,4.769432595681792e-05,0.0006707014587677521,0.09112042895190393
159,16,405838,flow,18,404528,flow,12,0.001639061614921417,0.013813394803863677,0.070614732744186
159,16,405838,flow,19,401795,flow,1,0.00019731665441372257,0.002316325943117613,0.08343572727681633
159,16,405838,flow,19,401795,flow,5,0.0018445663700358593,0.015204210491423224,0.06983883721347554
159,16,405838,flow,19,401795,flow,7,0.001157623697262436,0.010379689439962066,0.07285713661697812
159,16,405838,flow,19,401795,flow,10,0.0024455950460556845,0.019042845347802012,0.06795526742909991
159,16,405838,occupancy,1,400125,flow,2,0.0009678219834125462,0.008964388868658232,0.07398861529607795
159,16,405838,occupancy,1,400125,flow,5,2.8724607180732404e-05,0.00043357897631294195,0.09372397392480936
159,16,405838,occupancy,1,400125,flow,8,0.0026084073826110957,0.020004118396733415,0.06751849775669491
159,16,405838,occupancy,1,400125,flow,11,0.002029626736033716,0.016428681843105964,0.0692053063448006
159,16,405838,occupancy,3,400039,flow,1,0.0011177200889389803,0.010078809071382042,0.07307998637811651
159,16,405838,occupancy,3,400039,flow,2,2.2053393607138884e-05,0.00034110512131342634,0.09505478462807138
159,16,405838,occupancy,3,400039,flow,4,5.958953619411595e-05,0.0008180069792137938,0.08995519172812158
159,16,405838,occupancy,3,400039,flow,5,0.00021230381812037183,0.0024614935434246013,0.08302205049551753
159,16,405838,occupancy,3,400039,flow,7,0.0005792141400853251,0.005821789402439749,0.07715099914303768
159,16,405838,occupancy,3,400039,flow,9,9.570939504977717e-08,2.427860168027231e-06,0.11935396608713564
159,16,405838,occupancy,3,400039,flow,10,0.0012492152378678603,0.01104956967155847,0.0723713202650737
159,16,405838,occupancy,3,400039,flow,11,0.001238317401360986,0.010971146788103894,0.07242736754970758
159,16,405838,occupancy,4,400316,flow,1,0.003798001121423745,0.027175784501263487,0.06492237168690998
159,16,405838,occupancy,4,400316,flow,4,0.0018428812999207195,0.015193219877208985,0.06984486934938129
159,16,405838,occupancy,5,400503,flow,3,0.008014198263149993,0.048659643705984496,0.059482066869893324
159,16,405838,occupancy,5,400503,flow,4,0.0035913345081914493,0.02593107985189213,0.06531453505840817
159,16,405838,occupancy,5,400503,flow,7,0.0010069813293646314,0.009263542041855212,0.07373931551416782
159,16,405838,occupancy,5,400503,flow,8,0.0017537296944121394,0.014620054573254423,0.0701714633148115
159,16,405838,occupancy,5,400503,flow,10,0.0005569856888036472,0.005639843067082012,0.07738735282759047
159,16,405838,occupancy,6,405843,flow,3,0.005643743297673744,0.03705314748624707,0.06208663916083002
159,16,405838,occupancy,6,405843,flow,4,0.0034564192421444933,0.02517573954824517,0.065581765494
159,16,405838,occupancy,6,405843,flow,6,0.0002521460975402977,0.002848512398990811,0.08204278862971946
159,16,405838,occupancy,6,405843,flow,7,0.005948357285833621,0.03854342804079982,0.06170205261082926
159,16,405838,occupancy,6,405843,flow,9,1.9753130780129732e-05,0.0003091794382976828,0.09560438144261292
159,16,405838,occupancy,8,401448,flow,5,0.001057377982288627,0.009649076644458953,0.07343135274130087
159,16,405838,occupancy,8,401448,flow,7,0.005883578088558857,0.03819242275368033,0.06178232867138183
159,16,405838,occupancy,8,401448,flow,8,0.0008401786978901089,0.007991131604767217,0.07487160961141075
159,16,405838,occupancy,8,401448,flow,9,0.0054066901507120926,0.03592570569042589,0.062399098973545786
159,16,405838,occupancy,8,401448,flow,10,0.0015366027817727435,0.013092946779602075,0.07103562684699014
159,16,405838,occupancy,8,401448,flow,11,0.001273275064876983,0.011221028723518088,0.07224916162949499
159,16,405838,occupancy,9,402391,flow,1,0.008088655854194594,0.04900840573649459,0.059412097170061705
159,16,405838,occupancy,9,402391,flow,4,0.005201031213464104,0.03487266000646427,0.06268035724625555
159,16,405838,occupancy,9,402391,flow,5,0.006020643188907324,0.03890095509434585,0.06161339812523048
159,16,405838,occupancy,9,402391,flow,7,0.00012042254238163969,0.001512440516764193,0.08617894963921326
159,16,405838,occupancy,9,402391,flow,10,0.005539411587330179,0.03655148626434454,0.06222267165680366
159,16,405838,occupancy,10,400497,flow,3,0.00011460039385711548,0.0014489665181311234,0.0864498721984805
159,16,405838,occupancy,10,400497,flow,4,0.0012782981654734682,0.011249232175280878,0.07222392684600501
159,16,405838,occupancy,10,400497,flow,5,0.005853859265724155,0.038050966036606,0.06181942369261902
159,16,405838,occupancy,10,400497,flow,9,0.004632273270177615,0.03181417014392555,0.06351402749035748
159,16,405838,occupancy,11,405841,flow,4,0.004983035772315677,0.03368812916495106,0.06298966951270905
159,16,405838,occupancy,12,404520,flow,1,0.0011333165574006839,0.010189235229908333,0.07299202307999922
159,16,405838,occupancy,12,404520,flow,4,0.0003768878180250802,0.004030087559080065,0.07971216502980175
159,16,405838,occupancy,12,404520,flow,5,0.0008316265789752509,0.00793249463716733,0.07493512827687689
159,16,405838,occupancy,12,404520,flow,6,0.002080120684914345,0.01676805977048879,0.06904165823371022
159,16,405838,occupancy,12,404520,flow,9,0.00047153950125940186,0.004888530466620149,0.07838610294375835
159,16,405838,occupancy,13,400183,flow,2,0.0031091754992519072,0.023058606277713715,0.06631588493186667
159,16,405838,occupancy,13,400183,flow,8,0.007251778698609819,0.04507580428488405,0.06023412489872029
159,16,405838,occupancy,13,400183,flow,11,0.007090087987606808,0.044332291368448996,0.060402685121639474
159,16,405838,occupancy,14,401469,flow,1,0.0059128433246431475,0.038353578322009606,0.06174596436778617
159,16,405838,occupancy,14,401469,flow,2,5.2893757716224546e-08,1.4078929965131858e-06,0.12172160439003686
159,16,405838,occupancy,14,401469,flow,4,2.8820181645682787e-05,0.0004348629468295081,0.09370713590769604
159,16,405838,occupancy,14,401469,flow,6,2.8870044463588675e-07,6.845147754264713e-06,0.11482045290447503
159,16,405838,occupancy,14,401469,flow,7,1.0775927413734072e-06,2.2932022870606498e-05,0.10917625095352658
159,16,405838,occupancy,14,401469,flow,9,1.9305490643782834e-05,0.00030305130661752123,0.09571838014926644
159,16,405838,occupancy,14,401469,flow,10,3.4853091477883206e-06,6.635758271681598e-05,0.10390050811990544
159,16,405838,occupancy,14,401469,flow,11,0.000556518950256365,0.005636956307403276,0.0773924091134
159,16,405838,occupancy,15,401472,flow,4,0.0038731111020456326,0.027623972198839577,0.06478463587943488
159,16,405838,occupancy,16,405838,flow,5,0.007785570141478157,0.04762375356299784,0.059700610536845826
159,16,405838,occupancy,16,405838,flow,11,0.00435867142092223,0.030374996835592888,0.06394860195691454
159,16,405838,occupancy,17,400260,flow,1,0.0003832257417713095,0.004094818709997667,0.07961414544269166
159,16,405838,occupancy,17,400260,flow,3,0.0014771155537309387,0.012666016657637266,0.07127408678741726
159,16,405838,occupancy,17,400260,flow,4,0.0006246962210010523,0.00620816120249493,0.07669260040901617
159,16,405838,occupancy,17,400260,flow,6,0.0006962497748756479,0.006815769380155901,0.07603072365131566
159,16,405838,occupancy,17,400260,flow,9,0.0006919454841329113,0.006775168838291425,0.07606871046910034
159,16,405838,occupancy,17,400260,flow,10,0.0001482712898910383,0.0018135106804339906,0.08503303814240265
159,16,405838,occupancy,17,400260,flow,11,1.8625480316517363e-08,5.350333564376387e-07,0.12578346721353265
159,16,405838,occupancy,17,400260,flow,12,0.0002625046876039536,0.002951640422824257,0.08181203304080768
159,16,405838,occupancy,18,404528,flow,9,0.001112246095591224,0.01004159484420917,0.07311112844204283
159,16,405838,occupancy,18,404528,flow,11,0.0046434224665586315,0.03187096449878184,-0.06349681608175146
159,16,405838,occupancy,19,401795,flow,10,9.538011218995404e-06,0.00016183899633173663,0.0991652600949332
159,16,405838,speed,3,400039,flow,9,0.005652924670578107,0.037085246130444074,-0.06207477685373691
159,16,405838,speed,4,400316,flow,4,0.00023253913226627248,0.0026597009568183664,-0.08250500098151467
159,16,405838,speed,9,402391,flow,7,0.00703520540206109,0.04407844428847558,-0.06046068389085892
159,16,405838,speed,10,400497,flow,3,0.002006063948721389,0.016280661766816456,-0.06928295321706943
159,16,405838,speed,12,404520,flow,4,0.0015758257133082771,0.013371767985644779,-0.070871535135778
159,16,405838,speed,13,400183,flow,1,0.0029925903979598494,0.02231657262072596,-0.06657918237226677
159,16,405838,speed,13,400183,flow,11,0.0023620349833698897,0.018532493876058705,-0.06818986045957824
159,16,405838,speed,13,400183,flow,12,0.0009276996920800488,0.008668965325082871,-0.07425392131481424
159,16,405838,speed,14,401469,flow,2,0.00020908453908969233,0.0024333114463024534,-0.08310854453734524
159,16,405838,speed,14,401469,flow,6,0.002531635214686156,0.019548610225952643,-0.06772124970999316
159,16,405838,speed,14,401469,flow,9,3.588488382678988e-05,0.0005251446413676568,-0.09258953683458945
159,16,405838,speed,17,400260,flow,11,0.0022490984134724366,0.01783753469102428,-0.06851929646427563
159,16,405838,speed,18,404528,flow,11,0.0027626436116476912,0.020912248821303707,0.06712713088725385
159,16,405838,speed,19,401795,flow,4,0.004440639538003483,0.030816968360120555,-0.06381587570255368
159,16,405838,speed,19,401795,flow,9,0.003257316889374592,0.023980247038340553,-0.06599400140834506
159,17,400260,flow,0,400593,flow,8,0.001062955979813239,0.009689744319040287,0.07339810549714858
159,17,400260,flow,0,400593,flow,9,0.0009395995510258981,0.00875932253006448,0.07417414369351706
159,17,400260,flow,0,400593,flow,10,4.992054984926482e-05,0.0006983703864923057,0.09088281445425489
159,17,400260,flow,0,400593,flow,11,0.0031979308212151483,0.023587265063427423,0.06612140263791938
159,17,400260,flow,0,400593,flow,12,0.0034984411589146125,0.02536634072929024,0.06549752934722355
159,17,400260,flow,1,400125,flow,9,0.0006326565141247344,0.0062744638833232376,0.07661557892988347
159,17,400260,flow,1,400125,flow,10,5.542819135389816e-06,9.977074443701669e-05,0.10174405637574459
159,17,400260,flow,1,400125,flow,11,6.572302146021415e-05,0.0008903212690753375,0.08943809234300473
159,17,400260,flow,4,400316,flow,1,2.235015407013351e-06,4.453536235377157e-05,-0.10592676659605477
159,17,400260,flow,4,400316,flow,2,3.491273273725712e-05,0.0005116112802745956,-0.09273022267616916
159,17,400260,flow,4,400316,flow,7,0.004044804658150424,0.028621713551531255,0.06447867336130542
159,17,400260,flow,4,400316,flow,8,8.821746306459497e-06,0.0001506321898968578,0.09954001219330165
159,17,400260,flow,4,400316,flow,9,5.237544224979183e-07,1.1839974386138184e-05,0.11230161883161588
159,17,400260,flow,4,400316,flow,10,8.1725726675457e-05,0.0010777018902258066,0.08827791852834137
159,17,400260,flow,5,400503,flow,6,0.00022339388966863383,0.0025741840580648123,0.08273322751556521
159,17,400260,flow,5,400503,flow,7,8.848729709866629e-05,0.001155577761385243,0.08785123333981174
159,17,400260,flow,5,400503,flow,8,1.2736028140834026e-05,0.00021023936403669467,0.09776548948329601
159,17,400260,flow,5,400503,flow,9,7.250866280618226e-06,0.00012671416801080394,0.10047560189483913
159,17,400260,flow,6,405843,flow,8,0.0018366525879234823,0.01515633081151756,0.06986721064681795
159,17,400260,flow,6,405843,flow,9,1.6132892184945384e-06,3.309311217424694e-05,0.10739029611667394
159,17,400260,flow,6,405843,flow,10,1.9583794805114656e-08,5.599073034950054e-07,0.12559114961359497
159,17,400260,flow,6,405843,flow,11,0.0007359009019975901,0.007140817377874189,0.07569069560297718
159,17,400260,flow,7,408093,flow,6,0.0031635090131750614,0.023381281329198058,-0.06619623767110261
159,17,400260,flow,8,401448,flow,1,8.616660581252637e-06,0.0001474800860182702,0.09965267182115307
159,17,400260,flow,8,401448,flow,2,3.430771591278158e-05,0.0005048001796431078,0.09281966720140616
159,17,400260,flow,8,401448,flow,9,0.003964697147624498,0.02817485059670642,0.06461993006000442
159,17,400260,flow,8,401448,flow,10,1.781261288720809e-08,5.136881687098728e-07,0.12595427691987549
159,17,400260,flow,8,401448,flow,11,8.359526815530374e-09,2.530704684168971e-07,0.1288162907095001
159,17,400260,flow,8,401448,flow,12,1.5667315961889066e-05,0.00025198363721280997,0.09675109406401944
159,17,400260,flow,9,402391,flow,9,2.0179959724379904e-05,0.00031506117097694685,0.09549794950512333
159,17,400260,flow,9,402391,flow,10,6.774066325391155e-06,0.00011939602825658828,0.10079821848804983
159,17,400260,flow,9,402391,flow,11,0.0009517050672518308,0.008845017654286521,0.07409394132444005
159,17,400260,flow,10,400497,flow,1,4.847743652662171e-08,1.299953605183152e-06,-0.12206593387976061
159,17,400260,flow,10,400497,flow,2,1.0254769115918946e-07,2.5906785134953126e-06,-0.11907547960212608
159,17,400260,flow,10,400497,flow,3,0.000462610154157421,0.004808652228007841,-0.07850003326321184
159,17,400260,flow,10,400497,flow,8,4.994825755670576e-07,1.1326848957741149e-05,0.11250426067733392
159,17,400260,flow,10,400497,flow,9,4.2281670296670737e-13,2.0662535710590225e-11,0.16167230059896057
159,17,400260,flow,10,400497,flow,10,1.443569763769637e-13,7.441791622296935e-12,0.16484527211561564
159,17,400260,flow,10,400497,flow,11,0.0015488505243629852,0.01317651489808605,0.0709839777193943
159,17,400260,flow,11,405841,flow,4,0.0015729524602952725,0.013350009093272252,0.07088342728648613
159,17,400260,flow,12,404520,flow,1,1.2004618152904184e-12,5.6308306645544056e-11,-0.15852933332912272
159,17,400260,flow,12,404520,flow,2,6.513491222973967e-05,0.0008840176589144685,-0.08948564995730092
159,17,400260,flow,12,404520,flow,5,1.471196025288693e-08,4.3093554881651823e-07,0.12668377448605617
159,17,400260,flow,12,404520,flow,6,6.932089301616527e-07,1.5387224365418893e-05,0.11109730889406476
159,17,400260,flow,12,404520,flow,7,0.00016306237812287755,0.0019682298784320508,0.08450456916160966
159,17,400260,flow,12,404520,flow,8,0.00014569014796913756,0.0017875076376787115,0.08513031255303892
159,17,400260,flow,12,404520,flow,9,4.708259913886973e-05,0.0006629622825290653,0.09118756200363376
159,17,400260,flow,12,404520,flow,12,0.0001369421311838245,0.0016926752695683028,-0.08547250848476828
159,17,400260,flow,14,401469,flow,1,3.710071536723726e-10,1.3322950156813382e-08,0.1399948978710082
159,17,400260,flow,14,401469,flow,2,0.00021582535543424175,0.0024976306870504268,0.08292883383325371
159,17,400260,flow,14,401469,flow,3,4.866317390420901e-08,1.3041247597157749e-06,0.1220508510563625
159,17,400260,flow,14,401469,flow,4,2.994401132195605e-08,8.286875650919292e-07,0.12395182308938116
159,17,400260,flow,14,401469,flow,5,1.7874364333948454e-07,4.362556718794199e-06,0.11680995679017091
159,17,400260,flow,14,401469,flow,6,0.00033895934305934694,0.003673618570036073,0.08033308439644604
159,17,400260,flow,14,401469,flow,7,1.5427543184096168e-06,3.175178015974057e-05,0.10758953773777374
159,17,400260,flow,14,401469,flow,8,4.7528200937706056e-06,8.711150956762417e-05,0.10246350628782622
159,17,400260,flow,14,401469,flow,9,4.3344698993303385e-06,8.036442045110327e-05,0.10289234183519201
159,17,400260,flow,14,401469,flow,10,1.236845091164183e-10,4.658387788865972e-09,0.14373160669023513
159,17,400260,flow,14,401469,flow,11,5.922815062563502e-10,2.080208217095474e-08,0.13837325205936676
159,17,400260,flow,14,401469,flow,12,1.1045891235152989e-06,2.339129908620633e-05,0.10906754489117096
159,17,400260,flow,15,401472,flow,1,5.502611389575423e-10,1.9373497312930585e-08,-0.13862962120058403
159,17,400260,flow,15,401472,flow,2,1.0360846569741848e-22,9.902402031257694e-21,-0.21758883166131895
159,17,400260,flow,15,401472,flow,3,4.307371710198278e-14,2.320180272825008e-12,-0.16834299570558275
159,17,400260,flow,15,401472,flow,4,0.005717572257003836,0.037395779182826,-0.061991740581790675
159,17,400260,flow,15,401472,flow,6,0.0006419718442718809,0.006357905472843937,0.07652658224012235
159,17,400260,flow,15,401472,flow,7,2.5076935745367634e-05,0.0003829351799928886,0.09440999216597531
159,17,400260,flow,15,401472,flow,8,5.710681017914011e-16,3.5628635794791746e-14,0.18027736927473773
159,17,400260,flow,15,401472,flow,9,1.5206876406411742e-20,1.30603789414908e-18,0.20637777324003323
159,17,400260,flow,15,401472,flow,10,1.4092941288382108e-27,1.7646813439365423e-25,0.2407301502330811
159,17,400260,flow,15,401472,flow,11,9.17979620449535e-12,3.87651218019745e-10,0.15221315767645568
159,17,400260,flow,16,405838,flow,1,8.230066826092049e-09,2.4950097325415895e-07,0.12887468234746244
159,17,400260,flow,16,405838,flow,2,2.727284884371588e-07,6.502136148170673e-06,0.1150583545998982
159,17,400260,flow,16,405838,flow,3,3.0500877767465764e-05,0.00045561477163019395,0.0934193924179125
159,17,400260,flow,16,405838,flow,4,0.0010102464888877974,0.009287645950192136,0.07371893568042981
159,17,400260,flow,16,405838,flow,5,1.5779391082429878e-07,3.881945869937191e-06,0.11732193740553687
159,17,400260,flow,16,405838,flow,6,3.644122595909247e-05,0.0005316653027466379,0.09251064368407563
159,17,400260,flow,16,405838,flow,8,0.006694206315038888,0.0424467507426508,0.06083042077172406
159,17,400260,flow,16,405838,flow,9,1.4673626852372344e-05,0.0002375049381875179,0.09707304609694481
159,17,400260,flow,16,405838,flow,10,7.796347448717243e-07,1.711685745944485e-05,0.110588780226782
159,17,400260,flow,16,405838,flow,11,5.4747662936093305e-11,2.1326411531462854e-09,0.1464424983635828
159,17,400260,flow,16,405838,flow,12,8.109908377159734e-07,1.771223669834684e-05,0.11041761558115792
159,17,400260,flow,17,400260,flow,1,1.6248096620035147e-203,2.0054793542443382e-200,0.6109104094405734
159,17,400260,flow,17,400260,flow,2,3.62228807979018e-126,1.9807955069232378e-123,0.50009607711057
159,17,400260,flow,17,400260,flow,3,3.038465326487133e-59,8.052865159769579e-57,0.35267177323458476
159,17,400260,flow,17,400260,flow,4,3.8199042026581534e-26,4.436017783732049e-24,0.23417530220345179
159,17,400260,flow,17,400260,flow,6,4.705018498022428e-07,1.0737284686453718e-05,0.112759030999627
159,17,400260,flow,17,400260,flow,7,5.624508308432471e-06,0.00010111475610665115,0.10167535315942919
159,17,400260,flow,17,400260,flow,8,0.0006221080174585379,0.006185285697171194,0.07671783975060538
159,17,400260,flow,17,400260,flow,9,2.928944832027091e-08,8.110924150228867e-07,0.12403767189043828
159,17,400260,flow,17,400260,flow,10,1.9628941430270593e-17,1.3632962536779576e-15,0.18904164983328275
159,17,400260,flow,17,400260,flow,11,1.6533870289965722e-28,2.16443392886824e-26,0.24488326612277106
159,17,400260,flow,17,400260,flow,12,6.417063296997511e-38,1.1455253488855062e-35,0.2831026111213222
159,17,400260,flow,19,401795,flow,1,3.142290636946506e-75,1.0523019807448764e-72,0.39519046482479175
159,17,400260,flow,19,401795,flow,3,0.002066045499604798,0.016692194797629935,-0.06908690583871945
159,17,400260,flow,19,401795,flow,10,1.6479323340320615e-08,4.777897773837923e-07,0.12625153913060155
159,17,400260,flow,19,401795,flow,11,3.478897974230208e-12,1.5414194101204615e-10,0.15525817322111005
159,17,400260,flow,19,401795,flow,12,3.3994998270891395e-10,1.2289405232656973e-08,0.14029591217124132
159,17,400260,occupancy,0,400593,flow,1,0.003860614190488216,0.027557589727212648,0.0648073834556784
159,17,400260,occupancy,0,400593,flow,2,0.0005370089046054178,0.005464966944394358,0.07760737815171431
159,17,400260,occupancy,0,400593,flow,3,0.0005615699742988579,0.005671748503057187,0.07733789871336594
159,17,400260,occupancy,0,400593,flow,4,1.44817690785323e-07,3.589285279360846e-06,0.1176731201053233
159,17,400260,occupancy,0,400593,flow,5,0.005460436885557957,0.0361732961303868,0.0623271875133503
159,17,400260,occupancy,0,400593,flow,7,0.00013789281132017567,0.0017019912711518826,0.08543433958174247
159,17,400260,occupancy,0,400593,flow,8,1.316695740935845e-07,3.276570046568462e-06,0.11806145134087934
159,17,400260,occupancy,0,400593,flow,9,6.570883481331197e-08,1.7266555133425046e-06,0.12086067182664652
159,17,400260,occupancy,0,400593,flow,10,4.239638464994013e-08,1.146852734425431e-06,0.12259345011555173
159,17,400260,occupancy,0,400593,flow,11,5.8771126772004005e-06,0.00010513095969153512,0.10146878702367541
159,17,400260,occupancy,0,400593,flow,12,1.946197808981885e-05,0.0003053968229132489,0.09567824477940781
159,17,400260,occupancy,1,400125,flow,2,0.006891381143092019,0.04337232887260711,-0.06061462305703021
159,17,400260,occupancy,1,400125,flow,9,0.0005786583308079579,0.005817556409332972,0.0771568053657693
159,17,400260,occupancy,1,400125,flow,10,8.424851708610417e-05,0.001106578272459623,0.08811495006034557
159,17,400260,occupancy,1,400125,flow,11,8.042873928801142e-06,0.0001392593802501841,0.09998203601437151
159,17,400260,occupancy,2,400331,flow,5,6.001473283034838e-05,0.0008227979873916375,0.08991775534670017
159,17,400260,occupancy,2,400331,flow,6,0.0009448840547757841,0.008787726838818918,0.07413901546308974
159,17,400260,occupancy,3,400039,flow,5,0.004997794487971506,0.0337667691398763,0.06296834643660111
159,17,400260,occupancy,3,400039,flow,9,0.0004884774258038407,0.005035128798550685,0.07817540938397505
159,17,400260,occupancy,3,400039,flow,11,0.0015820280274163121,0.01341385883893713,0.07084593214347742
159,17,400260,occupancy,4,400316,flow,1,3.375416640989639e-05,0.0004985230731307774,-0.09290282410964433
159,17,400260,occupancy,4,400316,flow,2,1.6945851682446076e-05,0.0002701331338308747,-0.09636433543277496
159,17,400260,occupancy,4,400316,flow,7,0.004760004884705761,0.03249047416958269,0.06331904894946667
159,17,400260,occupancy,4,400316,flow,8,3.8245003963342796e-06,7.189661319479585e-05,0.10347223259125629
159,17,400260,occupancy,4,400316,flow,9,7.270494081798145e-07,1.6057532941394675e-05,0.11089128639779074
159,17,400260,occupancy,4,400316,flow,10,1.5820900766728037e-05,0.00025414047797579363,0.09670307742978708
159,17,400260,occupancy,5,400503,flow,6,0.003485708100894771,0.025312812417317317,0.06552295613333747
159,17,400260,occupancy,5,400503,flow,7,0.00012441344231375136,0.0015578726689721909,0.08600028079706963
159,17,400260,occupancy,5,400503,flow,8,1.3994583331754162e-05,0.00022865582448251885,0.09730523209624492
159,17,400260,occupancy,5,400503,flow,9,3.72888062940778e-06,7.034394899144807e-05,0.10358916057059364
159,17,400260,occupancy,5,400503,flow,11,0.004706963269542707,0.03221095439662362,0.0633994338049593
159,17,400260,occupancy,6,405843,flow,9,2.9825555024175608e-06,5.78045750132071e-05,0.10461514967363836
159,17,400260,occupancy,6,405843,flow,10,1.7910469929503506e-07,4.368900626507913e-06,0.11680165150733268
159,17,400260,occupancy,6,405843,flow,11,0.0010968019627398766,0.009937467447643178,0.07319976116606397
159,17,400260,occupancy,7,408093,flow,1,2.3929616426738762e-05,0.0003669717535090928,0.09464549113259381
159,17,400260,occupancy,7,408093,flow,3,0.0007973776488474626,0.007649725611861067,0.07519572573981743
159,17,400260,occupancy,7,408093,flow,9,0.002008089934353675,0.01629098312940446,0.0692762441782007
159,17,400260,occupancy,7,408093,flow,10,0.007049845546951022,0.04412537346106696,0.060445172897861124
159,17,400260,occupancy,8,401448,flow,1,0.00015332421407841977,0.0018684361207863848,0.08484713732655003
159,17,400260,occupancy,8,401448,flow,2,0.0003604337082127599,0.0038800738088191444,0.07997401146042346
159,17,400260,occupancy,8,401448,flow,9,0.004477781539008722,0.03100499478845597,0.06375646283854407
159,17,400260,occupancy,8,401448,flow,10,2.440832827562212e-08,6.882766197825559e-07,0.12474357741865838
159,17,400260,occupancy,8,401448,flow,11,6.360740794745481e-09,1.9543670151707307e-07,0.12983487922878328
159,17,400260,occupancy,8,401448,flow,12,2.366845650528627e-06,4.696726325348493e-05,0.10566747315320105
159,17,400260,occupancy,9,402391,flow,7,0.0013491293691886446,0.01177098328768951,0.0718774997604799
159,17,400260,occupancy,9,402391,flow,8,0.005778127992599246,0.03770051793993164,0.061914724007242496
159,17,400260,occupancy,9,402391,flow,9,2.2845740765545823e-05,0.0003515981478701744,0.09487804452932579
159,17,400260,occupancy,9,402391,flow,10,1.898067430405962e-05,0.0002984947688152077,0.09580268579297166
159,17,400260,occupancy,9,402391,flow,11,2.8234125650293272e-05,0.00042737008692805514,0.09381123173695939
159,17,400260,occupancy,10,400497,flow,1,0.00010162159397923695,0.0013038470032382052,-0.08710379287503917
159,17,400260,occupancy,10,400497,flow,2,1.7997242728679564e-05,0.00028552364519976393,-0.09606657414906764
159,17,400260,occupancy,10,400497,flow,3,0.0009682993376620945,0.008966887757128077,-0.07398552054454019
159,17,400260,occupancy,10,400497,flow,6,0.0026639342036163536,0.0203289096619372,0.06737522400499209
159,17,400260,occupancy,10,400497,flow,7,0.002366060382330577,0.0185506004567479,0.06817838647606887
159,17,400260,occupancy,10,400497,flow,8,2.685911655828571e-07,6.410573675789739e-06,0.11512217258586668
159,17,400260,occupancy,10,400497,flow,9,2.366814040608937e-13,1.188911239003559e-11,0.16339325543079053
159,17,400260,occupancy,10,400497,flow,10,1.0447051977912005e-12,4.921620997227902e-11,0.1589515448531586
159,17,400260,occupancy,10,400497,flow,11,0.00016436241851822963,0.0019833677318400896,0.08446030021099063
159,17,400260,occupancy,11,405841,flow,1,3.14837400137344e-05,0.0004689991615839056,0.09325802328807833
159,17,400260,occupancy,11,405841,flow,2,0.002427910203259838,0.018919125789710157,0.06800429892038813
159,17,400260,occupancy,11,405841,flow,3,4.036501144596351e-05,0.000581643927440168,0.09198464551790944
159,17,400260,occupancy,11,405841,flow,4,1.1484833915267407e-06,2.426136064252088e-05,0.10889613487514792
159,17,400260,occupancy,11,405841,flow,5,4.5762864916151395e-05,0.0006458529122436264,0.09133525475455011
159,17,400260,occupancy,11,405841,flow,6,0.00046507684783516116,0.004830805440365223,0.07846835695272929
159,17,400260,occupancy,11,405841,flow,7,0.00347378435585176,0.025268140120019537,0.06554684349075879
159,17,400260,occupancy,11,405841,flow,8,0.0003525477228517942,0.0038027619543564315,0.08010349077888645
159,17,400260,occupancy,11,405841,flow,10,0.0017730923107124239,0.014747321490715578,0.07009925542997793
159,17,400260,occupancy,12,404520,flow,1,1.5552988179706314e-09,5.212483237884506e-08,-0.13496517566711574
159,17,400260,occupancy,12,404520,flow,2,0.0005616606503721908,0.005671748503057187,-0.07733692431723199
159,17,400260,occupancy,12,404520,flow,5,4.211522646835458e-09,1.335813350538119e-07,0.13135715527328756
159,17,400260,occupancy,12,404520,flow,6,5.460031373227826e-10,1.9239262261292176e-08,0.1386566567013295
159,17,400260,occupancy,12,404520,flow,7,6.866776626594124e-07,1.529096650870444e-05,0.11113818401253801
159,17,400260,occupancy,12,404520,flow,8,6.433717527241526e-07,1.4378509941895183e-05,0.11141907233718865
159,17,400260,occupancy,12,404520,flow,9,2.7952591620725653e-06,5.451701842055748e-05,0.10491132468362405
159,17,400260,occupancy,12,404520,flow,10,0.0032794412123030464,0.02411435921216878,0.06594707812304411
159,17,400260,occupancy,13,400183,flow,2,4.9764297096080125e-05,0.0006964099885165732,0.09089916115997906
159,17,400260,occupancy,13,400183,flow,3,9.349096659257254e-05,0.0012099489984419216,0.08755486174625882
159,17,400260,occupancy,13,400183,flow,4,0.0001277871910652949,0.0015949760318679424,0.08585340323643635
159,17,400260,occupancy,13,400183,flow,5,2.6080430144921658e-06,5.135253337559779e-05,0.10522703571004458
159,17,400260,occupancy,13,400183,flow,6,0.00020071057486540563,0.0023491457150326533,0.08333952601496511
159,17,400260,occupancy,13,400183,flow,7,0.0003327597775367183,0.003618228640721427,0.0804407064079615
159,17,400260,occupancy,13,400183,flow,8,0.007018095397366855,0.04400315256404182,0.060478848407460366
159,17,400260,occupancy,13,400183,flow,9,0.005181308728746175,0.03476740246688953,0.06270785466967903
159,17,400260,occupancy,13,400183,flow,11,0.00034000231786218563,0.0036839980264977224,0.08031515984107036
159,17,400260,occupancy,13,400183,flow,12,8.240378473806492e-05,0.0010856491310412945,0.08823365511016916
159,17,400260,occupancy,14,401469,flow,1,4.942379856213752e-12,2.1523267115769564e-10,0.15416324602826284
159,17,400260,occupancy,14,401469,flow,2,7.879905660757784e-06,0.0001367665426053581,0.10007968008856143
159,17,400260,occupancy,14,401469,flow,3,1.0122709640085708e-09,3.470643305172243e-08,0.13649164455385193
159,17,400260,occupancy,14,401469,flow,4,7.580246038337786e-11,2.905648880711556e-09,0.14536621300053879
159,17,400260,occupancy,14,401469,flow,5,1.3586571668767858e-09,4.5962403765917894e-08,0.13544744760843894
159,17,400260,occupancy,14,401469,flow,6,1.4018968145186475e-06,2.9116318455387295e-05,0.10801506356570592
159,17,400260,occupancy,14,401469,flow,7,8.280068571799875e-09,2.508407870278784e-07,0.12885202449035713
159,17,400260,occupancy,14,401469,flow,8,1.1042570235933299e-08,3.2862874254935406e-07,0.12777051041186505
159,17,400260,occupancy,14,401469,flow,9,1.392310646553685e-08,4.0889068613949145e-07,0.1268932313736025
159,17,400260,occupancy,14,401469,flow,10,2.32773680516329e-12,1.05296575898486e-10,0.15650165414823392
159,17,400260,occupancy,14,401469,flow,11,3.166825231045473e-11,1.2690802410126572e-09,0.14823549225659066
159,17,400260,occupancy,14,401469,flow,12,3.101886646905988e-07,7.274783015544989e-06,0.1145196809351449
159,17,400260,occupancy,15,401472,flow,1,1.670069583569753e-05,0.00026652015519103555,-0.09643629145878192
159,17,400260,occupancy,15,401472,flow,2,5.733641988509433e-18,4.1282222317267916e-16,-0.19213767900379009
159,17,400260,occupancy,15,401472,flow,3,4.294709961173201e-14,2.3162480689473442e-12,-0.16835141911958296
159,17,400260,occupancy,15,401472,flow,4,8.1356311721919e-05,0.0010744703963273925,-0.08830217999536426
159,17,400260,occupancy,15,401472,flow,6,0.0006853540405788747,0.006722818926659261,0.07612730968929683
159,17,400260,occupancy,15,401472,flow,7,3.8758605844001015e-07,8.952591105155024e-06,0.1135815590046399
159,17,400260,occupancy,15,401472,flow,8,2.6739591792469245e-18,1.9578819753130023e-16,0.1940306397709222
159,17,400260,occupancy,15,401472,flow,9,1.118614457055758e-19,9.015698609106109e-18,0.2017065980432687
159,17,400260,occupancy,15,401472,flow,10,1.5407312873892005e-26,1.8086845547612353e-24,0.23599898038844663
159,17,400260,occupancy,15,401472,flow,11,1.9529476981884106e-11,7.981772995434185e-10,0.14980086246276933
159,17,400260,occupancy,16,405838,flow,1,1.4947514789643446e-10,5.590758778464042e-09,0.14305859391816947
159,17,400260,occupancy,16,405838,flow,2,6.344763968623327e-09,1.9508455761176352e-07,0.1298442174856391
159,17,400260,occupancy,16,405838,flow,3,2.936169251004095e-07,6.93886825182587e-06,0.11474977510956237
159,17,400260,occupancy,16,405838,flow,4,8.16715550653496e-05,0.0010773163904803367,0.08828146978070087
159,17,400260,occupancy,16,405838,flow,5,1.2033401486081563e-08,3.567899411109976e-07,0.1274459806058345
159,17,400260,occupancy,16,405838,flow,6,3.063500417708175e-06,5.922449142626737e-05,0.10449263282954473
159,17,400260,occupancy,16,405838,flow,7,0.0053744143146837306,0.03576871027489403,0.062442593577730736
159,17,400260,occupancy,16,405838,flow,8,0.00022495439722699975,0.0025887133618024477,0.08269367095301701
159,17,400260,occupancy,16,405838,flow,9,2.3561082297540125e-06,4.677567809070466e-05,0.1056880672529934
159,17,400260,occupancy,16,405838,flow,10,9.85386204747277e-09,2.950012754336962e-07,0.12819942058738404
159,17,400260,occupancy,16,405838,flow,11,2.502372880423067e-13,1.2540894249916067e-11,0.16322886653836494
159,17,400260,occupancy,16,405838,flow,12,1.099146732246094e-08,3.2769592017274853e-07,0.1277880060858153
159,17,400260,occupancy,17,400260,flow,1,6.013447855059587e-181,5.647411898664657e-178,0.5826951806082913
159,17,400260,occupancy,17,400260,flow,2,6.240545071623501e-113,3.171665259931003e-110,0.47616908831774263
159,17,400260,occupancy,17,400260,flow,3,5.515810621222017e-52,1.2810914991225331e-49,0.3309914722279047
159,17,400260,occupancy,17,400260,flow,4,1.2866243970262474e-22,1.21890732349855e-20,0.21711504970381304
159,17,400260,occupancy,17,400260,flow,5,5.246482757764997e-05,0.0007308869885051528,0.09060050267706202
159,17,400260,occupancy,17,400260,flow,6,3.377482218714276e-05,0.0004986576618197428,0.09289969792581189
159,17,400260,occupancy,17,400260,flow,7,0.00021795824389537298,0.0025182658829312954,0.08287306685705292
159,17,400260,occupancy,17,400260,flow,8,0.007678786344908401,0.0470930678733735,0.059804659171385256
159,17,400260,occupancy,17,400260,flow,9,5.357806017842121e-06,9.660151083922355e-05,0.10190330990328235
159,17,400260,occupancy,17,400260,flow,10,1.2495017726803506e-12,5.829209133886732e-11,0.15840747966325575
159,17,400260,occupancy,17,400260,flow,11,1.1599550429850922e-20,1.008250661105754e-18,0.2070029837261552
159,17,400260,occupancy,17,400260,flow,12,4.117874219903201e-30,5.611740261823921e-28,0.2518618871960108
159,17,400260,occupancy,18,404528,flow,8,0.006976923832738836,0.04380222490543783,0.06052272082873154
159,17,400260,occupancy,19,401795,flow,1,1.3466286863292992e-85,4.8886016175988005e-83,0.41975061283308207
159,17,400260,occupancy,19,401795,flow,10,4.216537384219643e-10,1.50044822898096e-08,0.13955313165451158
159,17,400260,occupancy,19,401795,flow,11,1.725505727341663e-13,8.779958471279134e-12,0.1643228589526954
159,17,400260,occupancy,19,401795,flow,12,4.3289502103162047e-11,1.7047461174627168e-09,0.14721431288294495
159,17,400260,speed,0,400593,flow,4,0.0002464974171085232,0.002794931343592704,-0.08217239352915522
159,17,400260,speed,0,400593,flow,9,0.002953833859390014,0.022080917585334592,-0.06666878408411608
159,17,400260,speed,2,400331,flow,1,4.0262453075054357e-07,9.287656203389637e-06,-0.1134204998669879
159,17,400260,speed,2,400331,flow,2,0.0019269645271009508,0.015748177747022526,-0.06954987347439656
159,17,400260,speed,2,400331,flow,7,0.0002877288535756474,0.0031970545224339376,-0.08128395926537668
159,17,400260,speed,2,400331,flow,12,0.001918259301440716,0.01569720115598351,-0.06957986047003635
159,17,400260,speed,3,400039,flow,5,0.006628923320359108,0.042131747453216635,-0.060903128677142766
159,17,400260,speed,5,400503,flow,1,0.004296057105442149,0.03004041226207524,-0.06405152171458423
159,17,400260,speed,7,408093,flow,11,0.000280460376181385,0.0031242620554501888,-0.08143153231076294
159,17,400260,speed,8,401448,flow,11,0.008006784186881966,0.048625386113394536,-0.05948906587025158
159,17,400260,speed,9,402391,flow,11,0.003678430655208828,0.02646011227957813,-0.0651468276872864
159,17,400260,speed,12,404520,flow,6,0.0010153167416385815,0.009327193681655127,-0.07368740960917504
159,17,400260,speed,13,400183,flow,8,0.0032291411116479717,0.02378903411036705,-0.06605418102741824
159,17,400260,speed,14,401469,flow,9,0.00039964268719257673,0.004246080690290043,-0.07936711868325025
159,17,400260,speed,17,400260,flow,1,1.4024338453391945e-13,7.255705642952479e-12,-0.16492976987850413
159,17,400260,speed,17,400260,flow,2,1.8949955612914553e-10,7.008887692447848e-09,-0.14229188230705056
159,17,400260,speed,17,400260,flow,3,8.595854250277098e-07,1.8669728688384647e-05,-0.11016454305667515
159,17,400260,speed,17,400260,flow,4,0.0008923332563517521,0.008400566306967167,-0.07449674105063524
159,17,400260,speed,18,404528,flow,2,0.0002795662280519108,0.0031159084241079845,-0.08144993307507581
159,17,400260,speed,19,401795,flow,1,7.300468887862295e-25,7.904267066557674e-23,-0.22813898230836405
159,18,404528,flow,1,400125,flow,1,0.0003308116134792797,0.0035997636529735222,0.08047491308313796
159,18,404528,flow,1,400125,flow,2,0.0005491517571074072,0.005570170440723172,0.07747274686280675
159,18,404528,flow,1,400125,flow,3,0.005581625950972689,0.03674024700320283,0.062167354664183015
159,18,404528,flow,1,400125,flow,6,0.007518486145212528,0.046280792458418527,0.05996331259759154
159,18,404528,flow,1,400125,flow,11,0.00217968281555697,0.017405230615907784,0.06872937948889615
159,18,404528,flow,1,400125,flow,12,1.4408659631007746e-09,4.8515518009316814e-08,0.13523805320559887
159,18,404528,flow,3,400039,flow,1,4.789095216740023e-10,1.6902689000258904e-08,0.1391121772042534
159,18,404528,flow,3,400039,flow,3,5.914339993465877e-06,0.00010570934535280343,0.10143906496571488
159,18,404528,flow,3,400039,flow,4,3.855480319192725e-05,0.0005579790612701029,0.09222099033378532
159,18,404528,flow,3,400039,flow,5,0.00013763506388900484,0.0016997812349928555,0.08544466336152105
159,18,404528,flow,3,400039,flow,8,0.004400097834931465,0.03058610709660405,0.0638812426516785
159,18,404528,flow,4,400316,flow,1,0.0032262619649587564,0.023775932597444267,0.06606035738739353
159,18,404528,flow,4,400316,flow,9,0.001316138678143275,0.011537579321385853,0.07203671278967737
159,18,404528,flow,5,400503,flow,1,4.316204333140577e-06,8.006012331115197e-05,0.10291195594501744
159,18,404528,flow,5,400503,flow,6,0.0026985920318207558,0.020528116882313197,0.06728717405236925
159,18,404528,flow,5,400503,flow,9,1.3978650574643763e-06,2.907451636131972e-05,0.10802783920813365
159,18,404528,flow,5,400503,flow,11,0.0011764903914114186,0.01051118859793378,0.07275423173268485
159,18,404528,flow,5,400503,flow,12,2.6464440709164864e-06,5.1895771159143084e-05,0.10516054438335898
159,18,404528,flow,6,405843,flow,11,5.296329433958455e-05,0.0007366433726561664,0.09057379015540272
159,18,404528,flow,7,408093,flow,5,0.00031582232863066283,0.003455806635472298,0.08074458565327239
159,18,404528,flow,7,408093,flow,10,0.004927526588802927,0.03342269565650596,0.06307038232562812
159,18,404528,flow,7,408093,flow,11,0.0005149972220551815,0.005272009476962996,0.07785882077797338
159,18,404528,flow,8,401448,flow,1,0.0009754316128960076,0.009029064854747703,0.0739394484070976
159,18,404528,flow,8,401448,flow,4,0.005841917715067355,0.03800193424046224,0.061834376922615904
159,18,404528,flow,8,401448,flow,6,0.00785086787576277,0.0479171365121435,0.05963761316683584
159,18,404528,flow,8,401448,flow,10,0.002309217042294068,0.0182339930957967,0.06834209363978133
159,18,404528,flow,8,401448,flow,12,6.66068686507494e-05,0.0009003181244406677,0.08936737132982724
159,18,404528,flow,9,402391,flow,1,0.004313838528626864,0.030154987772925648,0.06402215677526525
159,18,404528,flow,9,402391,flow,2,1.5825604914383936e-05,0.00025414047797579363,0.09670161374742935
159,18,404528,flow,10,400497,flow,1,0.002494076106136506,0.01933851078253454,0.06782249699875895
159,18,404528,flow,10,400497,flow,4,0.004848342186056565,0.03299958759061661,0.06318695395985129
159,18,404528,flow,10,400497,flow,5,0.0020231166668708105,0.016388269268482844,0.06922667610915234
159,18,404528,flow,10,400497,flow,10,1.326569317552706e-07,3.2954453432016617e-06,0.11803101548753989
159,18,404528,flow,10,400497,flow,11,1.4213495055207082e-07,3.5268408178342673e-06,0.1177495076896338
159,18,404528,flow,10,400497,flow,12,5.528427348622634e-05,0.0007662112975954373,0.09034917223602162
159,18,404528,flow,11,405841,flow,4,0.0071620896627127666,0.044659681499594615,0.06032720305011801
159,18,404528,flow,11,405841,flow,10,0.004947496764401889,0.033510796522759734,0.06304125061028572
159,18,404528,flow,12,404520,flow,1,0.003706863409703739,0.026640575494793137,0.0650928599392834
159,18,404528,flow,12,404520,flow,9,8.938141080416e-08,2.275354712280325e-06,0.11962938062276936
159,18,404528,flow,12,404520,flow,11,0.0001451654495886114,0.0017815759722238673,0.0851502848031624
159,18,404528,flow,13,400183,flow,3,0.00032928596683884403,0.0035849681873583827,0.0805018327923944
159,18,404528,flow,14,401469,flow,9,0.0077952365971097615,0.04767188858934622,0.05969125486003541
159,18,404528,flow,14,401469,flow,12,0.00023145695670572959,0.0026500370930118483,0.082531563939235
159,18,404528,flow,15,401472,flow,1,5.002359310127145e-07,1.1337981227570443e-05,0.1124978296510428
159,18,404528,flow,15,401472,flow,11,2.311891172494356e-10,8.442409015364005e-09,0.14161588639740713
159,18,404528,flow,15,401472,flow,12,2.2995366054247827e-12,1.0423922492586632e-10,0.1565392178367604
159,18,404528,flow,16,405838,flow,1,4.068910770866794e-05,0.0005855327958076133,0.09194339462728439
159,18,404528,flow,16,405838,flow,6,0.0055039537237389635,0.03638420824262023,0.0622694295741691
159,18,404528,flow,16,405838,flow,8,0.001345123516055182,0.011744004828937725,0.07189663933077203
159,18,404528,flow,16,405838,flow,11,0.0013533837840446644,0.01180181256978795,0.07185722986442607
159,18,404528,flow,17,400260,flow,2,0.0025017186208700663,0.019378562743694972,0.06780178281471969
159,18,404528,flow,17,400260,flow,3,0.0003098559514601349,0.0034017222625356614,0.08085527114000733
159,18,404528,flow,17,400260,flow,4,9.885264205817206e-05,0.001272856672701351,0.08725345843867992
159,18,404528,flow,17,400260,flow,5,0.00027317588686746327,0.0030549309636744536,0.08158306806327842
159,18,404528,flow,17,400260,flow,6,0.0009203189325358845,0.008611171298581376,0.07430387992725458
159,18,404528,flow,18,404528,flow,1,1.3234633008088677e-143,8.286031100716389e-141,0.5287375217156154
159,18,404528,flow,18,404528,flow,2,1.0312408836119929e-17,7.279347413731715e-16,0.1906203551601425
159,18,404528,flow,18,404528,flow,5,0.003302050904671712,0.024268220326950998,0.06589942219543184
159,18,404528,flow,18,404528,flow,10,0.0021629094935235113,0.017312894222756288,0.06878106166086037
159,18,404528,flow,19,401795,flow,1,0.0026981671696555427,0.020528116882313197,0.0672882471691267
159,18,404528,flow,19,401795,flow,2,0.00036505588810503996,0.003921037883176958,0.07989934544663341
159,18,404528,flow,19,401795,flow,5,0.0031988883341253953,0.023590299766851668,0.06611933145396541
159,18,404528,flow,19,401795,flow,6,0.00390382966768343,0.02782468926644517,0.06472900213434696
159,18,404528,flow,19,401795,flow,8,0.0014195898852254675,0.012260352467361095,-0.07154913757793115
159,18,404528,flow,19,401795,flow,12,0.0008013133751103322,0.007682365247395994,0.07516525693182805
159,18,404528,occupancy,1,400125,flow,2,0.004253710078001228,0.029807019524680137,0.06412190116597301
159,18,404528,occupancy,2,400331,flow,10,0.00034348548853524685,0.003715412895274436,-0.08025566833943858
159,18,404528,occupancy,3,400039,flow,1,2.0717324008712328e-05,0.00032193827236560166,0.09536696018665188
159,18,404528,occupancy,5,400503,flow,3,0.005407151351832156,0.03592570569042589,0.062398479162751486
159,18,404528,occupancy,9,402391,flow,1,0.002225935606845554,0.01769932232941799,0.06858872937040032
159,18,404528,occupancy,11,405841,flow,3,0.006651871598993176,0.04224031354939074,0.06087749736765031
159,18,404528,occupancy,12,404520,flow,6,0.0023627091821251905,0.0185344174083545,0.06818793747910823
159,18,404528,occupancy,13,400183,flow,9,0.0006044862068733077,0.006035082999058676,0.07689232366106163
159,18,404528,occupancy,14,401469,flow,5,2.0536238144279695e-05,0.00031989039203458007,0.09541073728726963
159,18,404528,occupancy,14,401469,flow,10,0.001257326209812274,0.011100856788042148,0.07232989783379705
159,18,404528,occupancy,16,405838,flow,1,0.005341405067502432,0.03558191193771859,0.06248732098064462
159,18,404528,occupancy,17,400260,flow,1,0.0069556393034094915,0.04368764435988514,0.060545492808575664
159,18,404528,occupancy,17,400260,flow,3,0.0019543433219697173,0.01594281777803991,0.06945636497665238
159,18,404528,occupancy,17,400260,flow,4,6.7078477371671164e-06,0.0001183254480382276,0.10084473082741599
159,18,404528,occupancy,17,400260,flow,11,0.008217410159543742,0.04956355817341676,0.05929245173684601
159,18,404528,occupancy,17,400260,flow,12,0.0004822445772382693,0.004983687143917149,0.07825213739405029
159,18,404528,occupancy,18,404528,flow,1,0.00019589182004976788,0.0023033550969379347,0.08347657822726125
159,18,404528,occupancy,19,401795,flow,3,0.001965555024799758,0.016012064316679155,0.06941841939710432
159,18,404528,speed,2,400331,flow,10,2.447814039216186e-06,4.8440479383481096e-05,0.10551500336711744
159,18,404528,speed,6,405843,flow,5,0.005813783217002481,0.037868047197367326,-0.06186971613605654
159,18,404528,speed,13,400183,flow,9,0.0037983191393201146,0.027175784501263487,-0.06492178331479422
159,18,404528,speed,14,401469,flow,5,0.0014471701924945117,0.012451255191348915,-0.07142468284184564
159,18,404528,speed,14,401469,flow,10,0.007412031552482794,0.04579516062174724,-0.06007035676564405
159,18,404528,speed,14,401469,flow,12,0.006985074876630343,0.043821556007904564,0.06051401666373921
159,18,404528,speed,17,400260,flow,4,0.0007889318045539706,0.007582169957003677,-0.0752615836469556
159,18,404528,speed,17,400260,flow,12,0.0020753087989250777,0.016738861111568963,-0.06905709538332018
159,19,401795,flow,0,400593,flow,3,0.0025973558310850068,0.019933517836715632,0.06754734572483878
159,19,401795,flow,0,400593,flow,4,0.0016182940897461443,0.01366503218863046,0.0706980497767267
159,19,401795,flow,0,400593,flow,7,0.008067515557506963,0.048900400872995374,0.05943190447518766
159,19,401795,flow,0,400593,flow,11,0.00241097211410673,0.0188241451887603,0.06805156721670107
159,19,401795,flow,1,400125,flow,10,3.02601039495051e-05,0.00045233096561197935,0.09345967598868901
159,19,401795,flow,1,400125,flow,11,2.632799603924006e-05,0.0004003412280518024,0.0941645975566975
159,19,401795,flow,1,400125,flow,12,0.00221443875863079,0.01763387177379726,0.06862343839528579
159,19,401795,flow,2,400331,flow,5,0.005967124077203766,0.038618690656959206,0.06167894338947623
159,19,401795,flow,4,400316,flow,2,7.029346358870377e-05,0.0009454164467721055,-0.08908164920851394
159,19,401795,flow,4,400316,flow,10,0.006518175505433648,0.041495016480214204,0.06102795682917329
159,19,401795,flow,4,400316,flow,11,0.003953665847121604,0.028110329920285268,0.06463958444585531
159,19,401795,flow,5,400503,flow,8,0.007868762057263707,0.04799922633066819,0.05962043126525737
159,19,401795,flow,5,400503,flow,11,0.0013778332065054178,0.011983465555524429,0.07174186832577413
159,19,401795,flow,6,405843,flow,10,1.5915915181250904e-05,0.00025531657476050466,0.09667359401712222
159,19,401795,flow,7,408093,flow,3,0.004679827557581664,0.032080061962476654,0.06344087545039252
159,19,401795,flow,7,408093,flow,10,0.0012754058470753464,0.01122835390129508,0.0722384459250517
159,19,401795,flow,8,401448,flow,1,5.138104959156034e-06,9.314567110177955e-05,0.10209940143465869
159,19,401795,flow,8,401448,flow,2,0.001810731138813788,0.014985614074049407,0.06996093987921868
159,19,401795,flow,8,401448,flow,3,0.0030838184976631983,0.0228901991579124,0.0663723765750859
159,19,401795,flow,8,401448,flow,10,0.0013165504181540642,0.011538847243711823,0.07203470316345335
159,19,401795,flow,8,401448,flow,11,0.0001313993308996263,0.001631632967767708,0.08570014139290501
159,19,401795,flow,9,402391,flow,1,0.00600929631355223,0.038839258040912074,0.06162725078743709
159,19,401795,flow,9,402391,flow,3,0.007476065546767832,0.04605904615236314,-0.06000580434099922
159,19,401795,flow,10,400497,flow,1,0.000631071399288203,0.0062615856033787195,-0.07663084392619758
159,19,401795,flow,10,400497,flow,2,1.194031908173755e-11,4.955060368213853e-10,-0.15137742032526275
159,19,401795,flow,10,400497,flow,3,1.2263183044047519e-05,0.0002029768227980279,-0.09794970347964693
159,19,401795,flow,10,400497,flow,5,0.0003464902245513423,0.003743966408358676,0.08020479969646224
159,19,401795,flow,10,400497,flow,10,2.6729598061288872e-14,1.472855403377142e-12,0.16970265525023825
159,19,401795,flow,10,400497,flow,11,2.2082474304279175e-13,1.1118448600755948e-11,0.1635977009405002
159,19,401795,flow,10,400497,flow,12,0.005429796026515852,0.03601363533609526,0.06236810536164471
159,19,401795,flow,11,405841,flow,4,0.0003574436389736448,0.0038507643899405126,0.08002279065936356
159,19,401795,flow,12,404520,flow,1,0.0013201447023305465,0.011560967188461304,-0.07201718470134047
159,19,401795,flow,12,404520,flow,2,5.149990814768746e-08,1.3750284499258952e-06,-0.12182717283731669
159,19,401795,flow,12,404520,flow,3,0.002294885220127494,0.018139925549149505,-0.06838395072334606
159,19,401795,flow,12,404520,flow,5,7.7521989316179e-05,0.0010310806460772576,0.08856033522412987
159,19,401795,flow,12,404520,flow,6,0.00625792902594612,0.04017573694767014,0.06132896594861198
159,19,401795,flow,12,404520,flow,8,0.006029997167408934,0.038932278827091014,0.061601996123779396
159,19,401795,flow,14,401469,flow,4,0.00019119404090069253,0.0022530230678968676,0.08361327168599396
159,19,401795,flow,14,401469,flow,7,0.0008292507830456431,0.007913327551926615,0.07495288135331264
159,19,401795,flow,14,401469,flow,10,0.002106814474354894,0.01695814892717187,0.06895661094130023
159,19,401795,flow,14,401469,flow,11,2.9561724252507784e-07,6.978505397313313e-06,0.1147213454866773
159,19,401795,flow,14,401469,flow,12,0.005790070422501167,0.037751566612529604,0.061899621182462485
159,19,401795,flow,15,401472,flow,2,6.191023318144811e-10,2.172641814328642e-08,-0.1382187325183693
159,19,401795,flow,15,401472,flow,3,3.8243387427785515e-19,2.9929607552179966e-17,-0.19877093086918374
159,19,401795,flow,15,401472,flow,4,4.3623503541153854e-05,0.0006207296946567347,-0.09158347231356607
159,19,401795,flow,15,401472,flow,9,0.0003193285312851521,0.003491519248675923,0.0806804492696045
159,19,401795,flow,15,401472,flow,10,2.0935798839978432e-13,1.0578087834936471e-11,0.16375473345888011
159,19,401795,flow,15,401472,flow,11,4.9695687673687445e-23,4.8352560979804e-21,0.21918785216828737
159,19,401795,flow,15,401472,flow,12,1.0857001871958691e-06,2.3036467626159896e-05,0.109143332152791
159,19,401795,flow,16,405838,flow,1,3.774727546361784e-05,0.0005479443212460654,0.09232983667663668
159,19,401795,flow,16,405838,flow,12,3.6027941439160368e-09,1.1546046514627062e-07,0.13192901763653206
159,19,401795,flow,17,400260,flow,1,2.7130830920120644e-55,6.8142552078442545e-53,0.3410866683891069
159,19,401795,flow,17,400260,flow,2,8.525724087091852e-39,1.5475263889175125e-36,0.28636752627533757
159,19,401795,flow,17,400260,flow,3,4.22084359572194e-22,3.863144985914996e-20,0.2144960412229653
159,19,401795,flow,17,400260,flow,4,0.0004932269684772295,0.005075193061577989,0.07811755132872228
159,19,401795,flow,17,400260,flow,11,4.534424764753257e-05,0.0006412017997948959,0.09138294656248698
159,19,401795,flow,17,400260,flow,12,2.248116658784962e-10,8.230393191483929e-09,0.14171117601865782
159,19,401795,flow,18,404528,flow,3,0.006159744538069651,0.03964555483382135,-0.061445461355924755
159,19,401795,flow,19,401795,flow,1,2.2820777683565672e-119,1.202265360890289e-116,0.487721817079793
159,19,401795,flow,19,401795,flow,2,5.545494579340135e-17,3.6574865011831115e-15,0.1862946675148196
159,19,401795,flow,19,401795,flow,3,1.2697354653280355e-07,3.1743386633200887e-06,0.1181797197222997
159,19,401795,flow,19,401795,flow,10,0.0005344104853263822,0.005447506598890918,0.07763655537793297
159,19,401795,flow,19,401795,flow,11,0.00011081202817400234,0.001407136865701617,0.0866332125987249
159,19,401795,flow,19,401795,flow,12,7.384761151629203e-14,3.900020559295619e-12,0.16679312864106932
159,19,401795,occupancy,1,400125,flow,10,0.004619499571170321,0.03174711763833246,0.06353379283485237
159,19,401795,occupancy,4,400316,flow,2,0.002754027570758997,0.020861650194071307,-0.0671484610364308
159,19,401795,occupancy,6,405843,flow,10,0.0010713062880299054,0.009750305208987783,0.073348634310161
159,19,401795,occupancy,7,408093,flow,10,0.008196719060801756,0.049500373740550066,0.05931156544420198
159,19,401795,occupancy,8,401448,flow,1,0.00600400702396697,0.038815584376703315,0.06163371618573542
159,19,401795,occupancy,10,400497,flow,2,2.514435541353766e-07,6.021264711002367e-06,-0.11539720447133846
159,19,401795,occupancy,10,400497,flow,3,0.00031505427866754303,0.0034482758648183075,-0.08075872392060783
159,19,401795,occupancy,10,400497,flow,5,0.002238698468586442,0.017784437999804028,0.06855038999124292
159,19,401795,occupancy,10,400497,flow,10,3.5323403817931992e-06,6.707565032679833e-05,0.10383879899736277
159,19,401795,occupancy,10,400497,flow,11,3.108283522744853e-07,7.2858300695918426e-06,0.11451103871868296
159,19,401795,occupancy,11,405841,flow,11,0.00805165576457166,0.048832478666970755,0.05944679474297104
159,19,401795,occupancy,12,404520,flow,2,9.071630433963881e-05,0.0011814725195876986,-0.08771730340779994
159,19,401795,occupancy,12,404520,flow,3,0.006261796027337035,0.040194589655417515,-0.06132441151100796
159,19,401795,occupancy,12,404520,flow,5,0.004563326293322584,0.03145615060978708,0.06362130363984557
159,19,401795,occupancy,14,401469,flow,4,0.00026424597699669814,0.002970446579822368,0.08177408276612722
159,19,401795,occupancy,14,401469,flow,11,0.0010911405354384314,0.009894559379289507,0.0732325407712164
159,19,401795,occupancy,15,401472,flow,2,0.00011688218853932114,0.0014738209413014225,-0.08634218064772511
159,19,401795,occupancy,15,401472,flow,3,3.6777432987713446e-11,1.4576010138249733e-09,-0.14774776464920789
159,19,401795,occupancy,15,401472,flow,4,0.0011177679227081334,0.010078809071382042,-0.07307971486887446
159,19,401795,occupancy,15,401472,flow,10,6.411635549028671e-05,0.0008723863172221688,0.08956898488647105
159,19,401795,occupancy,15,401472,flow,11,1.5322499645529672e-11,6.3101237815718e-10,0.1505803240798114
159,19,401795,occupancy,15,401472,flow,12,7.986366975034056e-05,0.001057452780345909,0.08840128133185639
159,19,401795,occupancy,16,405838,flow,1,0.005413454419138947,0.03596205303810588,0.06239001321153596
159,19,401795,occupancy,16,405838,flow,12,0.0007238655914781205,0.007041430657927224,0.07579206934742976
159,19,401795,occupancy,17,400260,flow,1,2.2346641849996257e-28,2.899023807567082e-26,0.24430410576694872
159,19,401795,occupancy,17,400260,flow,2,8.313079004526199e-18,5.92615532995927e-16,0.19120867062533528
159,19,401795,occupancy,17,400260,flow,3,1.4059584104913994e-13,7.265239633161299e-12,0.16488144765809418
159,19,401795,occupancy,17,400260,flow,4,0.00023374359059295045,0.002670648800215673,0.08247557244906202
159,19,401795,occupancy,17,400260,flow,12,0.00026570835797453724,0.002983779845204057,0.08174239167745606
159,19,401795,occupancy,19,401795,flow,8,0.0034719900012960985,0.02526359576486297,-0.06555044465217218
159,19,401795,occupancy,19,401795,flow,10,0.008140564350921933,0.04926030526321857,0.059363657487311164
159,19,401795,occupancy,19,401795,flow,12,9.216886557483199e-09,2.774700343437451e-07,0.12845042539124799
159,19,401795,speed,11,405841,flow,2,0.002869104091014507,0.021593257270353085,0.06686846628222928
