graph_slot,source_node_index,source_node_id,source_feature,target_node_index,target_node_id,target_feature,lag_5min_steps,raw_p_value,fdr_bh_q_value,parcorr_value
14,0,400593,flow,0,400593,flow,1,2.6197266604075923e-25,4.963692619719649e-23,0.23008626373362043
14,0,400593,flow,0,400593,flow,2,6.721325095916712e-31,1.3892882494909185e-28,0.25508530166551463
14,0,400593,flow,0,400593,flow,3,3.476806090400308e-12,2.98604419692432e-10,0.1552213942696429
14,0,400593,flow,0,400593,flow,4,3.18404980146364e-07,1.360543535343514e-05,0.11440996323558744
14,0,400593,flow,0,400593,flow,5,6.46125640135436e-07,2.55376282285918e-05,0.11140067574263514
14,0,400593,flow,0,400593,flow,6,2.8427276979985106e-10,2.0501809107435e-08,0.1409097847103801
14,0,400593,flow,0,400593,flow,7,5.989274546466794e-08,3.0155787926266372e-06,0.12122917959006707
14,0,400593,flow,0,400593,flow,8,6.959162944005703e-05,0.001530732378722232,0.08913493407337342
14,0,400593,flow,0,400593,flow,10,7.598589395931133e-06,0.00022716890097178197,0.10025286465712596
14,0,400593,flow,0,400593,flow,11,1.1733007906963781e-06,4.350780614427771e-05,0.10880198839861088
14,0,400593,flow,0,400593,flow,12,4.725389771240576e-05,0.001103449700687155,0.0911686801756994
14,0,400593,flow,6,405843,flow,2,0.0007981033191536795,0.01146942181507862,0.07519009742147152
14,0,400593,flow,7,408093,flow,1,0.003917712476209826,0.038534876815178615,0.06470398952812022
14,0,400593,flow,9,402391,flow,3,0.004366234574121194,0.04177659658959814,0.06393626112974107
14,0,400593,flow,10,400497,flow,5,0.002861012285131993,0.030775829361977612,0.06688781657643693
14,0,400593,flow,11,405841,flow,4,0.0024075351235493155,0.02697550959756048,0.06806119571247805
14,0,400593,flow,13,400183,flow,3,0.0038142264196560044,0.037766349147178406,0.06489240982134883
14,0,400593,flow,14,401469,flow,2,6.037957653047086e-07,2.410718767205491e-05,0.11169217164297678
14,0,400593,flow,17,400260,flow,5,7.906298162360573e-05,0.0016967316473620307,0.08845516492410531
14,0,400593,flow,17,400260,flow,7,0.00018245305456142513,0.0034374059995872504,0.08387622604833421
14,0,400593,occupancy,0,400593,flow,3,2.0628149798017794e-17,2.7335462309029715e-15,-0.18891562141214768
14,0,400593,occupancy,0,400593,flow,6,0.005055810271204081,0.046768951545185504,0.06288507411690408
14,0,400593,occupancy,3,400039,flow,11,0.002550115721739302,0.028146397337541602,-0.06767193517786538
14,0,400593,occupancy,17,400260,flow,5,6.895897259462045e-05,0.0015191369791369726,0.08918340402817905
14,0,400593,speed,12,404520,flow,6,0.0029372624334714124,0.03130760846927338,0.0667074233100554
14,1,400125,flow,1,400125,flow,1,7.958932060697252e-105,3.438258650221213e-102,0.4604156422124398
14,1,400125,flow,1,400125,flow,3,1.449160127258388e-31,3.0538398779298714e-29,0.25794234590248305
14,1,400125,flow,1,400125,flow,12,0.000749871117817419,0.010973723675376862,0.07557493617937552
14,1,400125,flow,3,400039,flow,1,0.00034281389739604205,0.005842035647932551,0.08024693411724561
14,1,400125,flow,4,400316,flow,2,0.00010363255992680284,0.0021333582004025957,-0.08699748963905005
14,1,400125,flow,4,400316,flow,3,0.0029221124797409394,0.0312154448874403,-0.06674292245608247
14,1,400125,flow,4,400316,flow,10,0.00013815868232471793,0.002730308818128003,0.08542370943584837
14,1,400125,flow,5,400503,flow,9,0.002001357281687132,0.023436875730247792,0.06929856333250631
14,1,400125,flow,6,405843,flow,1,7.017444441926122e-06,0.00021244120524962048,0.10063092309995741
14,1,400125,flow,6,405843,flow,11,0.0006835420073279663,0.01021691990588664,0.07614351074706673
14,1,400125,flow,8,401448,flow,1,0.0004750550345686114,0.007629136614633463,0.07834179895179096
14,1,400125,flow,10,400497,flow,9,0.002489621952802647,0.02764824379462066,0.06783459626426842
14,1,400125,flow,10,400497,flow,10,0.0010092859660176807,0.013861460186136524,0.0737249245513121
14,1,400125,flow,11,405841,flow,5,0.0031459144791582475,0.03282135500893342,0.06623477609560126
14,1,400125,flow,12,404520,flow,2,2.590468551426501e-07,1.1430872463904478e-05,-0.11527308856141724
14,1,400125,flow,12,404520,flow,3,0.0007470264993432202,0.010946928348584503,-0.07559834392321274
14,1,400125,flow,12,404520,flow,7,0.003937345537944722,0.03866751171225094,0.0646687536810895
14,1,400125,flow,12,404520,flow,10,0.00022592464871754275,0.0041077208857735045,0.08266920607254315
14,1,400125,flow,14,401469,flow,12,0.0031521600745786815,0.032868287526381615,0.06622107354678591
14,1,400125,flow,16,405838,flow,1,7.690872432754905e-05,0.001659568876598461,0.08860273992391887
14,1,400125,flow,16,405838,flow,2,0.0003719350290022359,0.006237419741031285,0.07978984032240524
14,1,400125,flow,17,400260,flow,5,0.005136735255865839,0.04732611582061233,-0.06277034959708329
14,1,400125,flow,17,400260,flow,7,0.00010107965785471901,0.0020903021633910295,-0.08713277996545092
14,1,400125,flow,18,404528,flow,7,0.0009402743791524433,0.013086292905729881,0.07416964766727115
14,1,400125,flow,19,401795,flow,1,0.0020011272957631554,0.023436875730247792,0.06929932696543786
14,1,400125,flow,19,401795,flow,3,0.004357341037727819,0.041709978468832655,0.06395077475433628
14,1,400125,occupancy,0,400593,flow,11,0.0035234062040419263,0.03568006282574102,0.06544791966085119
14,1,400125,occupancy,1,400125,flow,1,1.1164718041711834e-18,1.6294453358174027e-16,-0.19617445029820332
14,1,400125,occupancy,5,400503,flow,3,0.0002062246739873167,0.003805598426421222,0.08318643681371406
14,1,400125,occupancy,6,405843,flow,8,0.00019837452837705093,0.0036915121060382685,0.08340557608704287
14,1,400125,occupancy,7,408093,flow,11,0.0035544750112001446,0.035893716803143114,0.06538662521443984
14,1,400125,occupancy,8,401448,flow,12,0.0038812989812233778,0.03824411461826087,0.06476976794374446
14,1,400125,occupancy,9,402391,flow,11,0.00033574426726448454,0.005735133390994754,0.0803886649409629
14,1,400125,occupancy,11,405841,flow,2,4.8074318931288814e-06,0.0001530442577620985,0.10241021426248605
14,1,400125,occupancy,11,405841,flow,9,0.004047377942378744,0.03953921093914851,0.06447417799564595
14,1,400125,occupancy,14,401469,flow,12,3.1010675789169195e-05,0.000776615184980933,0.09333508597227641
14,1,400125,occupancy,16,405838,flow,8,0.0003821566876775168,0.006371736359578822,0.0796305723137975
14,1,400125,occupancy,16,405838,flow,10,9.774458044082575e-05,0.0020291042167437157,0.08731446123291124
14,1,400125,speed,0,400593,flow,1,0.0011601777583163768,0.015374134711431741,0.07284311571745343
14,1,400125,speed,1,400125,flow,1,2.2751472247252863e-11,1.8167534215920953e-09,0.1493081366235316
14,1,400125,speed,1,400125,flow,2,6.099423071897409e-07,2.424057743385171e-05,0.11164864552390412
14,1,400125,speed,1,400125,flow,3,0.0012575972045674806,0.016358988026894058,0.07232851813419282
14,1,400125,speed,11,405841,flow,2,0.0041588349517056086,0.04031904621043139,-0.06428191467465776
14,1,400125,speed,19,401795,flow,9,0.0012157531377305828,0.015987986468785746,0.07254487666562023
14,1,400125,speed,19,401795,flow,10,0.0003121563758874069,0.005413550958786021,0.08081236046659811
14,2,400331,flow,0,400593,flow,3,0.003872280214818963,0.03816621156289738,0.06478614623762773
14,2,400331,flow,0,400593,flow,9,9.337032391389332e-05,0.0019514262182294103,0.08756182953736481
14,2,400331,flow,2,400331,flow,1,4.613297149822398e-65,1.6072132005832873e-62,0.3687245968750587
14,2,400331,flow,2,400331,flow,2,2.0853444298034645e-23,3.662068266971938e-21,0.22100742311286561
14,2,400331,flow,2,400331,flow,3,8.258689586611295e-07,3.15451273334755e-05,0.1103386164632345
14,2,400331,flow,2,400331,flow,4,1.1053271331018814e-05,0.00031518239042905135,0.09845382416682771
14,2,400331,flow,2,400331,flow,5,1.4080668167729152e-07,6.533672017678834e-06,0.11778784571082976
14,2,400331,flow,2,400331,flow,6,0.0005819744098712676,0.009004761642707292,0.07712224074912641
14,2,400331,flow,2,400331,flow,10,0.002527230744074848,0.027986668255506043,0.06773305141318535
14,2,400331,flow,3,400039,flow,4,0.0001496619941853995,0.0029149676054144535,0.08498128575243641
14,2,400331,flow,5,400503,flow,9,0.002963781226674033,0.031460279897320136,0.06664568485591792
14,2,400331,flow,6,405843,flow,4,0.0008403694041361043,0.011981504375801883,0.07487020003193436
14,2,400331,flow,7,408093,flow,4,5.177177272051838e-05,0.001186493677202331,0.0906699896265343
14,2,400331,flow,7,408093,flow,7,0.0008859601329345334,0.012491343910826317,0.07454144330539904
14,2,400331,flow,11,405841,flow,7,0.002964694022640846,0.031460279897320136,0.06664356875374708
14,2,400331,flow,12,404520,flow,2,0.0053796838293760155,0.049061081154537445,0.062435476360910874
14,2,400331,flow,13,400183,flow,2,0.001021132576726293,0.013973699946506973,0.07365142642635854
14,2,400331,flow,13,400183,flow,9,0.0012897930918964427,0.016652439202010257,0.07216652167272808
14,2,400331,flow,14,401469,flow,6,0.0014180071352212255,0.017943148283994417,0.0715563470483329
14,2,400331,flow,16,405838,flow,1,0.0027589316880798683,0.029938670918123664,0.06713631278969776
14,2,400331,flow,16,405838,flow,4,0.0023824285247063385,0.026795342949053325,0.06813191397569814
14,2,400331,flow,17,400260,flow,3,0.003226264925492261,0.03341516297800663,0.06606035103386498
14,2,400331,occupancy,0,400593,flow,12,0.0007223295346312988,0.010657321002756868,0.07580512000037212
14,2,400331,occupancy,1,400125,flow,3,0.0001935073075182541,0.0036172720401508335,0.08354557207936335
14,2,400331,occupancy,1,400125,flow,6,0.0006015515512542498,0.009234906543775264,-0.076921839928431
14,2,400331,occupancy,2,400331,flow,1,0.002160133176529137,0.02482515382443701,0.06878965147767664
14,2,400331,occupancy,2,400331,flow,5,0.003505413022577013,0.035547804937563356,0.06548364278564052
14,2,400331,occupancy,6,405843,flow,11,3.437249582025878e-05,0.0008456103755325622,0.09281001901199123
14,2,400331,occupancy,7,408093,flow,7,0.005136855488028964,0.04732611582061233,0.06277018036608802
14,2,400331,occupancy,11,405841,flow,11,0.0030564968547731443,0.03210324924050567,0.06643372084241651
14,2,400331,occupancy,13,400183,flow,2,0.00010911050602741987,0.002220242044458096,0.08671748940446229
14,2,400331,occupancy,13,400183,flow,5,0.0038715485290365622,0.03816621156289738,0.06478747651446382
14,2,400331,occupancy,13,400183,flow,11,2.5137080721595857e-05,0.0006475383942593566,0.09439793119764069
14,2,400331,occupancy,14,401469,flow,12,0.004204537628641471,0.04063445761908536,0.0642044254254889
14,2,400331,occupancy,15,401472,flow,5,0.002172723804895647,0.02490359999243618,0.06875077730914451
14,2,400331,occupancy,15,401472,flow,6,0.0039298536413884646,0.0386354879500003,0.06468218068378224
14,2,400331,occupancy,15,401472,flow,8,0.003976073377486022,0.03898465045560511,0.06459971301939045
14,2,400331,occupancy,15,401472,flow,10,0.003881954689839674,0.03824411461826087,0.06476857850885805
14,2,400331,occupancy,15,401472,flow,11,0.0015552845065855065,0.01927374947920077,0.07095699580043055
14,2,400331,occupancy,15,401472,flow,12,0.000656229119252958,0.009908465530202259,0.07639266873425664
14,2,400331,occupancy,16,405838,flow,5,0.00016560241133708873,0.003173923766531603,0.08441838167019351
14,2,400331,speed,1,400125,flow,9,0.0004396658864103171,0.007135073738890195,0.07880246292080485
14,2,400331,speed,2,400331,flow,1,0.0021661676438246755,0.024869125614341295,-0.0687709939432092
14,2,400331,speed,10,400497,flow,3,0.0006926764340212688,0.010293643601554459,-0.07606224414826124
14,2,400331,speed,11,405841,flow,2,0.0012574035801184763,0.016358988026894058,-0.07232950389494235
14,2,400331,speed,13,400183,flow,2,0.0029451490986933527,0.03133607103596378,-0.06668900942585032
14,3,400039,flow,0,400593,flow,7,0.001808285993338235,0.021717529861610164,0.06996984475380236
14,3,400039,flow,0,400593,flow,12,0.00476729655079656,0.04473223522902072,0.06330806179798083
14,3,400039,flow,1,400125,flow,1,0.00011880840193088856,0.0024006187855071964,0.0862311488938885
14,3,400039,flow,1,400125,flow,4,0.0017713524184794927,0.02144085863780165,0.07010571421127527
14,3,400039,flow,1,400125,flow,12,7.313828051336681e-05,0.0015909233223451392,0.0888706921482261
14,3,400039,flow,2,400331,flow,4,0.000676862653732774,0.010145894046237279,0.07620357618480358
14,3,400039,flow,3,400039,flow,1,2.5044944779400655e-153,1.258071644732684e-150,0.5436954641431468
14,3,400039,flow,3,400039,flow,2,1.2508909573849164e-09,8.417210180534018e-08,0.13570757689759808
14,3,400039,flow,3,400039,flow,5,5.01256267794257e-07,2.0564359704379775e-05,0.11246096894503074
14,3,400039,flow,3,400039,flow,11,0.0027169317082656433,0.029572474929981427,0.06724099811963444
14,3,400039,flow,3,400039,flow,12,6.98924377109129e-05,0.0015355550593261502,0.08911203409319755
14,3,400039,flow,4,400316,flow,3,4.850798550499596e-06,0.0001543111173649356,-0.10236830675071495
14,3,400039,flow,4,400316,flow,11,9.204045596749088e-05,0.0019292322648207694,0.08763920501028162
14,3,400039,flow,5,400503,flow,1,1.035212727501413e-08,6.068004047226735e-07,0.12801382892519125
14,3,400039,flow,5,400503,flow,2,0.002039845710614013,0.023749451035699542,0.06917188825587159
14,3,400039,flow,5,400503,flow,7,0.0007267338503862845,0.01070767473966149,0.07576776870480408
14,3,400039,flow,5,400503,flow,10,3.739768049259372e-05,0.0009083473536286614,0.09237764512384461
14,3,400039,flow,5,400503,flow,11,7.353474672514434e-07,2.846506324844297e-05,0.11084217789714822
14,3,400039,flow,5,400503,flow,12,1.9861736381542406e-08,1.1042818683174155e-06,0.12553707823378193
14,3,400039,flow,6,405843,flow,3,0.005097318634536991,0.04705217201111068,0.0628260236473694
14,3,400039,flow,6,405843,flow,4,0.00046032872500967645,0.007434093802025429,0.07852947096859957
14,3,400039,flow,6,405843,flow,7,0.001821556915866002,0.021846207583997298,0.06992164612956338
14,3,400039,flow,6,405843,flow,11,0.00033025347951867647,0.0056547563675017135,0.08048474774552097
14,3,400039,flow,6,405843,flow,12,1.5412928916084247e-06,5.5348173663743934e-05,0.10759375773501108
14,3,400039,flow,7,408093,flow,1,0.00013606611144574335,0.0026963559699339965,0.08550790130703671
14,3,400039,flow,7,408093,flow,5,0.0005317044632799229,0.008354148272595067,0.07766708160206173
14,3,400039,flow,7,408093,flow,6,4.3762752627541675e-05,0.0010359183087724933,0.09156696868983173
14,3,400039,flow,7,408093,flow,9,0.00016300770238907047,0.0031339264544761212,0.08450643824126385
14,3,400039,flow,7,408093,flow,12,0.004340005812188385,0.041617813781695503,0.06397914191599655
14,3,400039,flow,8,401448,flow,3,0.00417302197923796,0.04042030257916589,0.06425777817847685
14,3,400039,flow,8,401448,flow,5,0.000999538149031572,0.013751607655466213,0.07378600234876145
14,3,400039,flow,8,401448,flow,12,0.00015490548738954566,0.0029928072697801306,0.08479014412125348
14,3,400039,flow,9,402391,flow,1,1.9971177559640164e-12,1.808710420495713e-10,0.15693403566351127
14,3,400039,flow,9,402391,flow,10,0.0009491421271793322,0.013188465710565183,0.07411084239086344
14,3,400039,flow,10,400497,flow,1,2.681636985813007e-05,0.0006834614618709256,0.0940718000724134
14,3,400039,flow,10,400497,flow,9,0.00301349911560974,0.03177524085778393,0.06653128164840078
14,3,400039,flow,10,400497,flow,10,0.0019566301737172186,0.02303411575139991,0.0694486090314091
14,3,400039,flow,10,400497,flow,11,5.8968900277717584e-05,0.001326109574178761,0.09001029178494918
14,3,400039,flow,10,400497,flow,12,3.231296516270901e-05,0.0008041014372287034,0.09312555642247974
14,3,400039,flow,11,405841,flow,4,0.0010220611927553125,0.013977758075974714,0.07364569853746677
14,3,400039,flow,11,405841,flow,9,0.0004608615841071337,0.007439917949711577,0.07852258323296364
14,3,400039,flow,12,404520,flow,2,0.00034466330490055634,0.005862801517371331,-0.08023567912965295
14,3,400039,flow,12,404520,flow,3,7.2171866751063765e-06,0.00021711870777478792,-0.10049771506490347
14,3,400039,flow,12,404520,flow,5,0.0009795103194275914,0.013540750655767025,0.07391324122485653
14,3,400039,flow,12,404520,flow,6,6.84510640554703e-06,0.00020795259966218825,0.1007488002614591
14,3,400039,flow,12,404520,flow,7,7.131524403788933e-05,0.0015614893778189657,0.08900496553933519
14,3,400039,flow,12,404520,flow,8,0.00103771214684532,0.01414169234817597,0.0735498775269359
14,3,400039,flow,12,404520,flow,9,0.0017773848433761403,0.021466978367141547,0.07008334567068027
14,3,400039,flow,12,404520,flow,10,1.4482748288706214e-05,0.0004020917262674219,0.09713726130848296
14,3,400039,flow,12,404520,flow,11,3.0213114181939467e-06,0.00010188965906789892,0.10455609683846363
14,3,400039,flow,13,400183,flow,1,0.0001511336310678139,0.0029370098345162217,0.08492701196973738
14,3,400039,flow,13,400183,flow,10,0.00294099936367535,0.03131653253901285,0.06669869266601933
14,3,400039,flow,13,400183,flow,11,3.35939169861695e-07,1.4200168432510004e-05,0.11418467446814476
14,3,400039,flow,14,401469,flow,1,0.002230409806360039,0.025470183355737162,0.06857526610493347
14,3,400039,flow,14,401469,flow,2,0.0024914796570898795,0.0276617633477982,0.06782954759126054
14,3,400039,flow,14,401469,flow,5,0.004570299380493021,0.043278591240091736,0.06361038763008303
14,3,400039,flow,14,401469,flow,12,0.004370510636844437,0.04179570274668804,0.06392929242717264
14,3,400039,flow,15,401472,flow,1,2.155252946773406e-07,9.688546025037579e-06,0.11597929531983153
14,3,400039,flow,16,405838,flow,1,4.751223575309933e-06,0.0001517020387682107,0.10246507302555603
14,3,400039,flow,16,405838,flow,2,0.0012765478039789464,0.016503436523826503,0.07223270981832548
14,3,400039,flow,16,405838,flow,4,0.0009645776070637317,0.013372834603707705,0.07400968652582444
14,3,400039,flow,16,405838,flow,5,0.0015688472795754233,0.019381047567027358,0.0709004530046886
14,3,400039,flow,16,405838,flow,6,0.005220057914268648,0.04788840558428659,0.06265391897088371
14,3,400039,flow,16,405838,flow,7,7.806063859635868e-05,0.0016777211877426342,0.08852335051305495
14,3,400039,flow,16,405838,flow,9,0.002799899202801028,0.030276757336922252,0.06703559305668728
14,3,400039,flow,16,405838,flow,10,0.0017063965385365428,0.020794451471023597,0.07035111210693139
14,3,400039,flow,16,405838,flow,12,1.5906068556893957e-05,0.00043850808019005674,0.09667664167205166
14,3,400039,flow,17,400260,flow,11,0.0005290194690796383,0.00832252041669351,0.07769751392663772
14,3,400039,flow,18,404528,flow,10,0.0006105940111109611,0.009330619483549176,0.07683131730429882
14,3,400039,flow,18,404528,flow,11,1.7229558179340723e-06,6.121027247923678e-05,0.10709655329249587
14,3,400039,flow,18,404528,flow,12,2.742233525371374e-06,9.342625259940328e-05,0.10499863487727741
14,3,400039,flow,19,401795,flow,1,0.0018776888878974146,0.022333744481599204,0.06972128231501715
14,3,400039,flow,19,401795,flow,11,6.156466614899338e-05,0.0013709245245549042,0.0897833839741131
14,3,400039,flow,19,401795,flow,12,9.902673919057982e-05,0.002049810796853401,0.08724393245052771
14,3,400039,occupancy,0,400593,flow,12,0.0018964675214605171,0.02251996972759487,0.06965547800064459
14,3,400039,occupancy,2,400331,flow,9,0.00019453594263946165,0.0036333561271183496,0.08351571202948638
14,3,400039,occupancy,3,400039,flow,1,0.0037900527282223304,0.03760906812368855,-0.0649370917402816
14,3,400039,occupancy,3,400039,flow,10,0.002889287536754261,0.030995088549238662,0.06682041680540586
14,3,400039,occupancy,3,400039,flow,12,0.0001713277072651968,0.0032576395043382492,0.08422858303050236
14,3,400039,occupancy,4,400316,flow,11,0.00011116234011350201,0.002256679085010943,0.08661601309706846
14,3,400039,occupancy,5,400503,flow,1,9.838436110667838e-05,0.0020404245798408575,0.08727915989392471
14,3,400039,occupancy,5,400503,flow,2,0.004644348896868864,0.043814989297126974,0.06349538760165914
14,3,400039,occupancy,5,400503,flow,4,0.0034885748556964555,0.03544365798826126,0.06551722412002438
14,3,400039,occupancy,5,400503,flow,9,0.0001698996645476096,0.0032419017263501477,0.08427535945613357
14,3,400039,occupancy,5,400503,flow,10,0.0013794275509298583,0.01756818107316329,0.0717344112988797
14,3,400039,occupancy,5,400503,flow,11,0.004286445982835255,0.04121134773934155,0.06406743977873804
14,3,400039,occupancy,5,400503,flow,12,0.0004371740334839611,0.00709996926560418,0.07883618945584224
14,3,400039,occupancy,6,405843,flow,2,0.004681316579078095,0.04408826601617042,0.06343859578774003
14,3,400039,occupancy,6,405843,flow,3,0.0006005074084466151,0.009223740104435283,0.07693237404713946
14,3,400039,occupancy,6,405843,flow,11,0.005205642927559102,0.047786607409807315,0.06267394109845421
14,3,400039,occupancy,6,405843,flow,12,0.004470152232435141,0.04250167160044178,0.06376863027403729
14,3,400039,occupancy,7,408093,flow,1,1.4710943322656435e-06,5.3042055819358106e-05,0.10780112787949843
14,3,400039,occupancy,7,408093,flow,2,0.0023986433165519606,0.02690765808232789,0.06808616396670876
14,3,400039,occupancy,7,408093,flow,5,0.0006280961261740906,0.009540700650745679,0.07665959293259028
14,3,400039,occupancy,7,408093,flow,6,0.0019870403716043174,0.02330712572720785,0.06934625457223743
14,3,400039,occupancy,7,408093,flow,9,0.0015472918723595985,0.019196728571491857,0.0709905296901808
14,3,400039,occupancy,7,408093,flow,10,0.0005442497106296305,0.008506363060492053,0.07752676042064971
14,3,400039,occupancy,8,401448,flow,3,0.002302667781036242,0.026049523424401456,0.0683611916256595
14,3,400039,occupancy,8,401448,flow,5,3.770335321759254e-05,0.0009140206840628494,0.09233582008642759
14,3,400039,occupancy,8,401448,flow,9,0.0037297971172104414,0.03718606865070184,0.06504960313255083
14,3,400039,occupancy,8,401448,flow,12,0.00039572759228606423,0.006532453949850201,0.07942515706078099
14,3,400039,occupancy,9,402391,flow,5,0.0007110156206342638,0.010519135209383627,0.07590204686364932
14,3,400039,occupancy,10,400497,flow,7,0.003929440749617521,0.0386354879500003,0.06468292134502496
14,3,400039,occupancy,10,400497,flow,11,0.003902672761824365,0.03842193785570022,0.0647310901698913
14,3,400039,occupancy,10,400497,flow,12,0.0002981277635126499,0.005207892997875647,0.08107878523241796
14,3,400039,occupancy,11,405841,flow,9,0.0016884887191653064,0.020634430740577435,0.07042027582407097
14,3,400039,occupancy,11,405841,flow,11,0.001023325849178352,0.013980922417616955,0.07363790562024462
14,3,400039,occupancy,12,404520,flow,6,0.0023028502305043786,0.026049523424401456,0.06836065892073699
14,3,400039,occupancy,12,404520,flow,8,0.002437595816029378,0.027210371899862824,0.0679774051153899
14,3,400039,occupancy,12,404520,flow,10,0.0029550536470349152,0.03138881670811614,0.06666594774834701
14,3,400039,occupancy,12,404520,flow,11,5.504547553482917e-05,0.001250901916414845,0.09037186615552628
14,3,400039,occupancy,13,400183,flow,1,0.0040639548627601305,0.0396662562293804,0.0644452811437702
14,3,400039,occupancy,13,400183,flow,11,3.5860321903439973e-07,1.5113813719303482e-05,0.11390971849209877
14,3,400039,occupancy,14,401469,flow,7,0.00011763882468425604,0.0023783043359100384,0.08630690754399
14,3,400039,occupancy,14,401469,flow,11,0.004326269513546073,0.04150451765160789,0.06400169282141197
14,3,400039,occupancy,15,401472,flow,5,0.0025335157219275764,0.02802045038076582,0.0677162166388277
14,3,400039,occupancy,15,401472,flow,6,3.4293815059793256e-05,0.0008446367221112137,0.09282173981950048
14,3,400039,occupancy,15,401472,flow,7,0.0019087964690716714,0.02263519282566462,0.06961259918045155
14,3,400039,occupancy,15,401472,flow,8,0.0013900940509137883,0.017667567813908696,0.07168472557300136
14,3,400039,occupancy,15,401472,flow,9,0.0009815540322935562,0.013564662250505958,0.07390014757262393
14,3,400039,occupancy,15,401472,flow,10,0.0020243778492841993,0.02362320991060978,0.06922253126889329
14,3,400039,occupancy,15,401472,flow,11,0.0003161093464046893,0.0054558225188504105,0.0807393104828561
14,3,400039,occupancy,15,401472,flow,12,0.0003095247384506481,0.005376545517116204,0.08086147390996519
14,3,400039,occupancy,16,405838,flow,1,2.4700572293612142e-08,1.327963675675291e-06,0.12469760983000766
14,3,400039,occupancy,16,405838,flow,2,2.186365636247096e-06,7.617015764989883e-05,0.10602617751561307
14,3,400039,occupancy,16,405838,flow,4,0.00014309746682017224,0.0028060874110900774,0.0852296682021784
14,3,400039,occupancy,16,405838,flow,5,7.406817730067705e-08,3.6526772367457174e-06,0.12038288924636435
14,3,400039,occupancy,16,405838,flow,9,7.688918596040195e-05,0.001659568876598461,0.08860409616469526
14,3,400039,occupancy,16,405838,flow,12,8.012674595380417e-06,0.0002372498577933064,0.09999998672404808
14,3,400039,occupancy,17,400260,flow,6,0.0037050485444196607,0.03701323092122825,0.06509629345050857
14,3,400039,occupancy,17,400260,flow,11,0.0015577555686747749,0.019287773163299018,0.07094666030332147
14,3,400039,occupancy,18,404528,flow,7,0.0031063399762703697,0.03250033591060304,0.06632218116849627
14,3,400039,occupancy,18,404528,flow,11,0.0003781928564542918,0.006322728869514475,0.07969185665816957
14,3,400039,occupancy,18,404528,flow,12,0.002888922215475548,0.030995088549238662,0.06682128377873717
14,3,400039,speed,15,401472,flow,2,0.004867470250812776,0.04543533164112186,-0.06315863770754945
14,3,400039,speed,15,401472,flow,3,1.4912032765935726e-05,0.0004134787005702332,-0.09699395049642132
14,3,400039,speed,15,401472,flow,4,0.0008306965947403469,0.01185533296755302,-0.07494207195469352
14,3,400039,speed,15,401472,flow,5,8.031485780024328e-05,0.0017210326671480702,-0.08837114227795824
14,3,400039,speed,15,401472,flow,6,6.963820148770857e-05,0.0015309772540809212,-0.08913138251398456
14,3,400039,speed,15,401472,flow,7,0.00032878127491941015,0.005637153159150061,-0.08051076365024855
14,3,400039,speed,15,401472,flow,8,6.586265922321271e-05,0.001455379477464342,-0.08942685963135008
14,3,400039,speed,15,401472,flow,9,6.29484151605936e-05,0.0013974159994540822,-0.08966609708078373
14,3,400039,speed,15,401472,flow,11,0.0019659072764827536,0.023122024052288307,-0.06941723043474818
14,3,400039,speed,17,400260,flow,6,0.0010773553730133133,0.014557945609688813,-0.07331301879494406
14,4,400316,flow,0,400593,flow,1,0.0036374950362381255,0.03651575944166002,0.06522519636253651
14,4,400316,flow,1,400125,flow,1,5.650843944675517e-05,0.0012754255925286433,0.09023427244508053
14,4,400316,flow,1,400125,flow,9,0.003253583167280266,0.033617506057523915,-0.0660019488266479
14,4,400316,flow,1,400125,flow,12,0.004174495786821865,0.04042551400822787,0.0642552750456429
14,4,400316,flow,3,400039,flow,1,7.478121217549823e-08,3.683635537037085e-06,0.12034458523142735
14,4,400316,flow,3,400039,flow,2,4.131997997321561e-10,2.9138317120464038e-08,0.13962314417077965
14,4,400316,flow,3,400039,flow,3,1.6529486930666346e-07,7.596530163880704e-06,0.11713145954928628
14,4,400316,flow,3,400039,flow,5,0.00041087075086720194,0.006730988410111159,0.07920356755845938
14,4,400316,flow,3,400039,flow,12,1.2918873697792327e-05,0.00036103271566777706,0.09769599890281332
14,4,400316,flow,4,400316,flow,1,9.307424649921383e-06,0.0002698528489104723,0.09925798930520688
14,4,400316,flow,4,400316,flow,3,1.1808819462107671e-06,4.366202811335961e-05,-0.10877361033258645
14,4,400316,flow,4,400316,flow,4,0.003948024176067041,0.038762419183203674,-0.06464965540871996
14,4,400316,flow,4,400316,flow,7,0.0005938419583564412,0.009145801283778345,-0.07700002449685782
14,4,400316,flow,4,400316,flow,8,2.401026594412336e-06,8.284692402445122e-05,-0.10560250667376896
14,4,400316,flow,4,400316,flow,11,0.0028438249284046006,0.030632064330241956,0.0669122564026534
14,4,400316,flow,5,400503,flow,1,3.676985613856479e-06,0.00012088719826377464,0.10365382810981733
14,4,400316,flow,5,400503,flow,2,0.00038967107079596096,0.00645715007993307,0.07951600529520951
14,4,400316,flow,6,405843,flow,1,0.0013365941482801303,0.017128705786325017,0.0719375674753105
14,4,400316,flow,6,405843,flow,12,0.00029314368465679105,0.005141618829546639,0.08117627242788207
14,4,400316,flow,7,408093,flow,3,0.0028644412708491883,0.03080087506670891,0.06687961060300625
14,4,400316,flow,8,401448,flow,1,0.0025239412001049084,0.027957502524238984,0.06774187795923653
14,4,400316,flow,8,401448,flow,12,0.002060792291184649,0.02393178144601528,0.06910386580582432
14,4,400316,flow,9,402391,flow,1,0.002216426613310618,0.025323890424495822,0.0686174252734558
14,4,400316,flow,9,402391,flow,2,0.0004908722792115629,0.00782208869861288,0.07814617051736199
14,4,400316,flow,9,402391,flow,12,0.0005834638274085138,0.009021344790281959,0.07710677563740517
14,4,400316,flow,10,400497,flow,1,5.014656894003627e-06,0.00015905519663800052,0.102213133828109
14,4,400316,flow,10,400497,flow,2,0.0029574290964869535,0.03140632668835703,0.06666042724908866
14,4,400316,flow,10,400497,flow,9,0.0007531702650558259,0.010995606931214756,-0.07554789119665711
14,4,400316,flow,10,400497,flow,12,0.0012712738081270196,0.016453903947829855,0.07225924102522546
14,4,400316,flow,12,404520,flow,3,2.7568253294778645e-10,1.991552746378658e-08,-0.1409796497533994
14,4,400316,flow,12,404520,flow,10,0.00010734443735309297,0.0021946425431394307,0.08680628389816455
14,4,400316,flow,12,404520,flow,11,8.299418116067316e-09,4.911436474165864e-07,0.12884329206860218
14,4,400316,flow,12,404520,flow,12,4.912941057664875e-17,6.49049093856644e-15,0.1866985335906252
14,4,400316,flow,13,400183,flow,1,0.0014977194998535574,0.018705256546306358,0.07120214756483258
14,4,400316,flow,13,400183,flow,2,0.004353195984887606,0.04168225506006299,0.06395754835828169
14,4,400316,flow,14,401469,flow,9,0.003009443797629121,0.03175352436852484,-0.06654054842737799
14,4,400316,flow,16,405838,flow,1,7.855024428181652e-05,0.0016874045514542386,0.08848994181204187
14,4,400316,flow,17,400260,flow,9,0.00013587935867189575,0.002693890910796648,-0.08551547419730234
14,4,400316,flow,17,400260,flow,10,0.00034832362602980855,0.00591492949861939,-0.0801739633235005
14,4,400316,flow,18,404528,flow,1,9.280754649317414e-06,0.0002692603095033662,0.09929666691189873
14,4,400316,flow,18,404528,flow,2,4.556687448487607e-05,0.0010694677667909926,0.09135753166083108
14,4,400316,flow,18,404528,flow,3,2.6780137317399453e-05,0.0006829409280470227,0.09407862935620535
14,4,400316,flow,18,404528,flow,12,6.5251479524893e-07,2.571956127258556e-05,0.1113582838854158
14,4,400316,flow,19,401795,flow,9,0.0015829901516377159,0.019535321903388178,-0.07084196879556863
14,4,400316,flow,19,401795,flow,10,0.0014951096648739613,0.01868346471580999,-0.07121346640605652
14,4,400316,occupancy,0,400593,flow,7,0.003217253814901248,0.03335381924735635,0.06607971418413165
14,4,400316,occupancy,0,400593,flow,10,0.002273360410157327,0.025817342197370273,0.06844726715127723
14,4,400316,occupancy,0,400593,flow,11,0.00022267946228327922,0.004064102093678338,0.0827514237606638
14,4,400316,occupancy,0,400593,flow,12,0.002771082359008313,0.03004435285876858,0.06710629842924007
14,4,400316,occupancy,1,400125,flow,1,4.995155000934051e-12,4.247848347251004e-10,0.15413000277770275
14,4,400316,occupancy,1,400125,flow,2,6.447623225902969e-05,0.0014276643944592942,0.0895393988347091
14,4,400316,occupancy,1,400125,flow,10,0.00031349170963680705,0.005425818051406276,0.08078758749879054
14,4,400316,occupancy,1,400125,flow,11,2.2182515480629943e-10,1.613273853136723e-08,0.14175671012708405
14,4,400316,occupancy,1,400125,flow,12,7.134918704992549e-12,5.996663191744711e-10,0.1530098913898179
14,4,400316,occupancy,3,400039,flow,1,4.073423929979037e-26,7.891117209645488e-24,0.23404564522470225
14,4,400316,occupancy,3,400039,flow,2,4.406432254416242e-15,5.13093998357902e-13,0.17474153068263187
14,4,400316,occupancy,3,400039,flow,3,1.67320778860698e-09,1.1139925371369742e-07,0.13470374337049904
14,4,400316,occupancy,3,400039,flow,4,5.069538894041338e-07,2.0739022748350928e-05,0.11244089093669046
14,4,400316,occupancy,3,400039,flow,5,2.379548618596508e-07,1.0597577352924653e-05,0.11562658569772875
14,4,400316,occupancy,3,400039,flow,6,1.29202911671848e-05,0.00036103271566777706,0.09769546386422182
14,4,400316,occupancy,3,400039,flow,7,0.00016624515768419256,0.0031805982338162617,0.08439676930611212
14,4,400316,occupancy,3,400039,flow,8,7.213032030287187e-06,0.00021711870777478792,0.10050044972842109
14,4,400316,occupancy,3,400039,flow,9,1.0945547373511924e-08,6.381209804800473e-07,0.12780379482469056
14,4,400316,occupancy,3,400039,flow,10,1.7585405728428985e-16,2.2409720574281187e-14,0.18338978018994243
14,4,400316,occupancy,3,400039,flow,11,6.944002513550812e-22,1.1406118197163313e-19,0.21338824003472584
14,4,400316,occupancy,3,400039,flow,12,6.540075597838298e-21,1.012656866762059e-18,0.2083194292280252
14,4,400316,occupancy,4,400316,flow,8,3.2060314824967936e-05,0.0007991953839807356,0.09316557157489816
14,4,400316,occupancy,4,400316,flow,9,2.4721342654059804e-15,2.9748245199314304e-13,0.1763256781910286
14,4,400316,occupancy,4,400316,flow,10,3.647795436366987e-25,6.821851205673326e-23,0.22957415701411854
14,4,400316,occupancy,4,400316,flow,11,2.423070393194424e-18,3.4320210159343977e-16,0.19427372590301437
14,4,400316,occupancy,4,400316,flow,12,2.7854833562981776e-05,0.0007057646979007699,0.09387970171799372
14,4,400316,occupancy,5,400503,flow,1,1.0496013805835386e-09,7.163156341423202e-08,0.13636358128186168
14,4,400316,occupancy,5,400503,flow,2,5.617925342936416e-07,2.2681717272416184e-05,0.11200156399273913
14,4,400316,occupancy,5,400503,flow,3,5.884216436696315e-06,0.00018261361355264425,0.10146310155170868
14,4,400316,occupancy,5,400503,flow,4,4.3700879751047864e-06,0.00014100123338088414,0.10285432064896105
14,4,400316,occupancy,5,400503,flow,5,2.984412564208993e-07,1.2854099977450498e-05,0.1146815234425307
14,4,400316,occupancy,5,400503,flow,6,3.601763463179211e-07,1.5150553223889182e-05,0.11389126086003794
14,4,400316,occupancy,5,400503,flow,7,5.460475982571068e-07,2.210801897348361e-05,0.11212331604600824
14,4,400316,occupancy,5,400503,flow,8,6.674903794917281e-07,2.6261916570166355e-05,0.11126046723752561
14,4,400316,occupancy,5,400503,flow,9,2.3016519808210902e-08,1.2491377584355666e-06,0.12497009240991931
14,4,400316,occupancy,5,400503,flow,10,8.351981810387702e-13,7.947260224862308e-11,0.15962915471161285
14,4,400316,occupancy,5,400503,flow,11,9.717950157095994e-13,9.146306030207994e-11,0.15917088755204462
14,4,400316,occupancy,5,400503,flow,12,1.2548137207078899e-13,1.2815118849782704e-11,0.16525443811925267
14,4,400316,occupancy,6,405843,flow,1,4.941071739246399e-15,5.692114643611851e-13,0.17442589670636968
14,4,400316,occupancy,6,405843,flow,2,1.9144272651829847e-08,1.0657636321637235e-06,0.12567819383094592
14,4,400316,occupancy,6,405843,flow,3,0.0003841147793855159,0.006388606481665082,0.0796005172291508
14,4,400316,occupancy,6,405843,flow,4,0.002268786094922337,0.02579930489619504,0.06846079342720167
14,4,400316,occupancy,6,405843,flow,5,0.0010574302555525698,0.014338037363424675,0.07343104041846976
14,4,400316,occupancy,6,405843,flow,9,0.0001285819020502502,0.002564514389921888,0.08581933699067816
14,4,400316,occupancy,6,405843,flow,10,1.0642143145379721e-09,7.217277611937269e-08,0.13631465612548588
14,4,400316,occupancy,6,405843,flow,11,5.976269545831979e-16,7.334512624430157e-14,0.18015612810018333
14,4,400316,occupancy,6,405843,flow,12,7.985959236126919e-17,1.0422762507573501e-14,0.18544526046377174
14,4,400316,occupancy,7,408093,flow,1,6.667930281642932e-14,7.0428994661852e-12,0.16708781940853046
14,4,400316,occupancy,7,408093,flow,2,1.6823420145727523e-11,1.3609957870700918e-09,0.1502805597687388
14,4,400316,occupancy,7,408093,flow,3,5.938299688042276e-09,3.587895755572396e-07,0.13008981436084918
14,4,400316,occupancy,7,408093,flow,4,2.688417822894827e-07,1.1802809954172411e-05,0.11511827992997022
14,4,400316,occupancy,7,408093,flow,5,9.302188811537424e-05,0.0019469697512520191,0.08758200146705947
14,4,400316,occupancy,7,408093,flow,6,4.9281163623154e-05,0.0011421385560730969,0.09095001450598311
14,4,400316,occupancy,7,408093,flow,7,3.242876080193538e-05,0.0008055908376328973,0.09310731569776143
14,4,400316,occupancy,7,408093,flow,8,8.973310055070005e-06,0.0002608660796628696,0.09945834954229199
14,4,400316,occupancy,7,408093,flow,9,2.789136826004607e-07,1.2194821083005959e-05,0.11496466980932213
14,4,400316,occupancy,7,408093,flow,10,7.389892034127344e-07,2.8554860096091345e-05,0.11082079407018032
14,4,400316,occupancy,7,408093,flow,11,6.187469322242402e-09,3.7228227677001636e-07,0.12993739411009894
14,4,400316,occupancy,7,408093,flow,12,4.9192221948396864e-11,3.829016194902243e-09,0.1467946843813838
14,4,400316,occupancy,8,401448,flow,1,1.9999810122837254e-10,1.4619150546642458e-08,0.1421088918302478
14,4,400316,occupancy,8,401448,flow,2,8.264066885005952e-08,4.03398519132494e-06,0.11994433321594625
14,4,400316,occupancy,8,401448,flow,3,6.820567725015633e-07,2.6713374952010456e-05,0.11116733001329757
14,4,400316,occupancy,8,401448,flow,4,3.341306700116019e-06,0.00011172171009675854,0.10409453956687824
14,4,400316,occupancy,8,401448,flow,5,0.00010370491251957063,0.0021333582004025957,0.08699370131740361
14,4,400316,occupancy,8,401448,flow,6,0.0016241280637406548,0.019955157097154803,0.07067454565690982
14,4,400316,occupancy,8,401448,flow,9,0.0007289367344528363,0.01072915397899916,0.07574916566247843
14,4,400316,occupancy,8,401448,flow,10,1.2231784514488405e-07,5.7561338891710145e-06,0.11836118753917974
14,4,400316,occupancy,8,401448,flow,11,4.451116098673823e-09,2.754845493735088e-07,0.1311538852094125
14,4,400316,occupancy,8,401448,flow,12,3.798602649034977e-11,2.9728194644621557e-09,0.14764211537230412
14,4,400316,occupancy,9,402391,flow,1,1.6904844957493741e-09,1.1200756168155361e-07,0.134666952155773
14,4,400316,occupancy,9,402391,flow,2,3.892284951155903e-07,1.6259771922551915e-05,0.11356367844364035
14,4,400316,occupancy,9,402391,flow,3,7.204099451725881e-06,0.00021711870777478792,0.10050633441651448
14,4,400316,occupancy,9,402391,flow,4,1.950377255221905e-05,0.0005223577025764804,0.09566757744347124
14,4,400316,occupancy,9,402391,flow,5,5.373338326207838e-06,0.00016857532003789296,0.10188973945670407
14,4,400316,occupancy,9,402391,flow,6,2.3498375156755387e-05,0.0006078847458846292,0.09473679323737769
14,4,400316,occupancy,9,402391,flow,7,0.0005645513040122783,0.008788690570569522,0.07730593810925396
14,4,400316,occupancy,9,402391,flow,8,0.00012174410193107116,0.00245190918574465,0.08611917478612825
14,4,400316,occupancy,9,402391,flow,9,1.9795477553410243e-07,8.963989835506524e-06,0.11638907978756671
14,4,400316,occupancy,9,402391,flow,10,1.9766094985598146e-10,1.4497373571779965e-08,0.14214880330633495
14,4,400316,occupancy,9,402391,flow,11,7.881608643381942e-14,8.224287280050722e-12,0.16660492997038465
14,4,400316,occupancy,9,402391,flow,12,7.012027022174432e-14,7.37030577513225e-12,0.1669426682439171
14,4,400316,occupancy,10,400497,flow,1,2.4197151208688186e-12,2.1420428938838723e-10,0.15638216299272517
14,4,400316,occupancy,10,400497,flow,2,2.449884292389029e-07,1.0843750146639964e-05,0.11550545480050403
14,4,400316,occupancy,10,400497,flow,3,1.5057111677059156e-06,5.411540968793307e-05,0.10769770719589027
14,4,400316,occupancy,10,400497,flow,4,3.663502993748852e-08,1.9090872054276285e-06,0.12316578204088602
14,4,400316,occupancy,10,400497,flow,5,1.8314481994195025e-05,0.0004948002640082709,0.09597997894509837
14,4,400316,occupancy,10,400497,flow,6,0.0005015288209451127,0.007965457744422378,0.07801765518040148
14,4,400316,occupancy,10,400497,flow,8,0.0012199651151908353,0.016028738739733605,0.07252278977498337
14,4,400316,occupancy,10,400497,flow,9,1.6790819201123035e-10,1.2441910625875044e-08,0.14270156068939474
14,4,400316,occupancy,10,400497,flow,10,1.2797123545637233e-17,1.7222297108147305e-15,0.1901238512919454
14,4,400316,occupancy,10,400497,flow,11,2.7836398159724896e-22,4.6791143988331344e-20,0.21541763591871768
14,4,400316,occupancy,10,400497,flow,12,1.805432754851103e-15,2.1847253504080572e-13,0.17718092242819278
14,4,400316,occupancy,11,405841,flow,4,0.0037360982684769683,0.03722494519026849,0.0650377604190895
14,4,400316,occupancy,11,405841,flow,5,0.00048563496236538327,0.007758665079210265,0.07821028700719733
14,4,400316,occupancy,11,405841,flow,6,0.00046876703362773404,0.007547795696130493,0.07842126025408813
14,4,400316,occupancy,11,405841,flow,8,0.0020179655479032814,0.023567480851425186,0.06924362975306612
14,4,400316,occupancy,11,405841,flow,9,1.9913480344758415e-05,0.0005316825407253174,0.0955641431397623
14,4,400316,occupancy,11,405841,flow,10,1.0290390232485829e-07,4.928435233296983e-06,0.11906146996035444
14,4,400316,occupancy,11,405841,flow,11,0.00038766350816393867,0.006428815183371267,0.07954640998536124
14,4,400316,occupancy,12,404520,flow,2,0.0001172527968081004,0.002372515607545638,-0.08632487671477165
14,4,400316,occupancy,12,404520,flow,4,0.004629666731237312,0.04368754975741631,0.0635180567020272
14,4,400316,occupancy,12,404520,flow,5,4.663045015760806e-07,1.9258465074652662e-05,0.11279717815335262
14,4,400316,occupancy,12,404520,flow,6,2.4121073779753386e-08,1.3009118443013062e-06,0.12478928334359153
14,4,400316,occupancy,12,404520,flow,7,3.226781422641191e-09,2.0379672142996997e-07,0.13233131528979816
14,4,400316,occupancy,12,404520,flow,8,1.5419665544591745e-17,2.049629389311887e-15,0.1896530371329087
14,4,400316,occupancy,12,404520,flow,9,5.131213825489603e-30,1.0505613140338904e-27,0.2514521626450819
14,4,400316,occupancy,12,404520,flow,10,1.325548513700825e-35,3.146356911641518e-33,0.27426274670254003
14,4,400316,occupancy,12,404520,flow,11,9.78798842961727e-17,1.2697930935719701e-14,0.18491772085181776
14,4,400316,occupancy,13,400183,flow,10,0.0030630753386918785,0.03215670829440806,0.06641890488104969
14,4,400316,occupancy,13,400183,flow,11,2.1213456788989336e-05,0.0005587934959050849,0.0952488604093729
14,4,400316,occupancy,13,400183,flow,12,3.865980204908043e-05,0.000934062331387178,0.09220699674792554
14,4,400316,occupancy,14,401469,flow,1,2.6810056633211456e-12,2.3350694486990625e-10,0.15606554009075704
14,4,400316,occupancy,14,401469,flow,2,6.228175646178212e-08,3.103312432697794e-06,0.12107378995086433
14,4,400316,occupancy,14,401469,flow,3,2.102835507235253e-07,9.472627102457031e-06,0.11613929662801127
14,4,400316,occupancy,14,401469,flow,4,1.0923297259282776e-06,4.071496476281414e-05,0.10911658933220696
14,4,400316,occupancy,14,401469,flow,5,1.7557851550542635e-09,1.1562487606454905e-07,0.13453112366808714
14,4,400316,occupancy,14,401469,flow,6,4.802987656583786e-09,2.926503057326087e-07,0.13087386837209286
14,4,400316,occupancy,14,401469,flow,7,6.677956042012273e-06,0.000203734252129188,0.10086587088903524
14,4,400316,occupancy,14,401469,flow,8,2.266106043719049e-06,7.869435778831424e-05,0.10586431779699576
14,4,400316,occupancy,14,401469,flow,9,6.101760469993849e-08,3.0544154380502234e-06,0.12115528126132907
14,4,400316,occupancy,14,401469,flow,10,7.81803017676197e-10,5.41248243006598e-08,0.13740180750197686
14,4,400316,occupancy,14,401469,flow,11,3.590414196168328e-14,3.887365746227363e-12,0.1688631192863378
14,4,400316,occupancy,14,401469,flow,12,1.1581942241297989e-12,1.0853360191411564e-10,0.1586383413777132
14,4,400316,occupancy,15,401472,flow,1,2.2865618042181964e-39,6.212545279385288e-37,0.2884730848315432
14,4,400316,occupancy,15,401472,flow,2,3.971713967215475e-36,9.639215920433063e-34,0.27628997312262255
14,4,400316,occupancy,15,401472,flow,3,6.195774130873062e-35,1.439018507815679e-32,0.2716435700721729
14,4,400316,occupancy,15,401472,flow,4,1.495846595865971e-36,3.7352932336075113e-34,0.27792001792813636
14,4,400316,occupancy,15,401472,flow,5,2.5119461648191634e-39,6.740128839763221e-37,0.2883232743405282
14,4,400316,occupancy,15,401472,flow,6,3.6243011350160595e-39,9.60550975660698e-37,0.2877381889872006
14,4,400316,occupancy,15,401472,flow,7,1.1265160781083878e-35,2.703638587460131e-33,0.27453741607136206
14,4,400316,occupancy,15,401472,flow,8,3.2327478766393745e-32,6.913599419347573e-30,0.2607059845114172
14,4,400316,occupancy,15,401472,flow,9,4.789776698186057e-33,1.0503469713788713e-30,0.2640983513525232
14,4,400316,occupancy,15,401472,flow,10,4.3533024565141763e-38,1.1397737340691661e-35,0.2837336507491644
14,4,400316,occupancy,15,401472,flow,11,9.695054950095625e-45,2.9916169560295073e-42,0.3074429679391485
14,4,400316,occupancy,15,401472,flow,12,7.605971666691485e-47,2.433910933341275e-44,0.31450752871636606
14,4,400316,occupancy,16,405838,flow,1,5.343630402228476e-24,9.460853826896319e-22,0.22396576432847165
14,4,400316,occupancy,16,405838,flow,2,2.5473416557391645e-18,3.5845328836459903e-16,0.19415036634593424
14,4,400316,occupancy,16,405838,flow,3,1.8098595404351002e-16,2.292842584950039e-14,0.1833144252113712
14,4,400316,occupancy,16,405838,flow,4,2.274528844531923e-21,3.6664047046186223e-19,0.21072285579737401
14,4,400316,occupancy,16,405838,flow,5,9.908816021894035e-25,1.8061639331047357e-22,0.2275039415492409
14,4,400316,occupancy,16,405838,flow,6,1.5816924293713875e-22,2.6901225570411e-20,0.21666232168318192
14,4,400316,occupancy,16,405838,flow,7,5.669409245382753e-12,4.792925232887181e-10,0.1537331575138113
14,4,400316,occupancy,16,405838,flow,8,5.256401626424332e-07,2.14223160624086e-05,0.11228625610583863
14,4,400316,occupancy,16,405838,flow,9,6.834460067563029e-07,2.6719337096717e-05,0.1111585475595296
14,4,400316,occupancy,16,405838,flow,10,7.45603770604701e-09,4.442770053810081e-07,0.1292436016503031
14,4,400316,occupancy,16,405838,flow,11,3.92684647459852e-18,5.489960119827057e-16,0.1930794499922631
14,4,400316,occupancy,16,405838,flow,12,1.3137249651380848e-22,2.2610724499587753e-20,0.21706939070243186
14,4,400316,occupancy,17,400260,flow,1,2.8532528402332985e-07,1.240045499980669e-05,0.11486964871890044
14,4,400316,occupancy,17,400260,flow,2,0.003671988989159167,0.0367368977146077,0.06515910715041963
14,4,400316,occupancy,17,400260,flow,10,4.9080431499133195e-05,0.0011393200648912164,0.09097128202666944
14,4,400316,occupancy,17,400260,flow,11,7.852884398047436e-10,5.4192429072787415e-08,0.13738618676025036
14,4,400316,occupancy,17,400260,flow,12,7.352972054280727e-08,3.6302673456563135e-06,0.12041205222367228
14,4,400316,occupancy,18,404528,flow,1,4.952119257447807e-18,6.834873863314546e-16,0.19245524637264988
14,4,400316,occupancy,18,404528,flow,2,3.5367561008107566e-09,2.2143168631162995e-07,0.13199662234271628
14,4,400316,occupancy,18,404528,flow,3,1.3389560791667387e-06,4.8771418735247144e-05,0.10821865840708449
14,4,400316,occupancy,18,404528,flow,4,4.195864170841758e-05,0.0009986850257871292,0.0917847536432032
14,4,400316,occupancy,18,404528,flow,5,0.001488887353270741,0.018627261413639157,0.07124052609585393
14,4,400316,occupancy,18,404528,flow,9,7.695184933520471e-06,0.00022958010298900852,0.10019271772176701
14,4,400316,occupancy,18,404528,flow,10,2.0928041369567215e-08,1.1517087734589856e-06,0.12533623175193334
14,4,400316,occupancy,18,404528,flow,11,3.211399618751529e-08,1.692059390084721e-06,0.12367969124881012
14,4,400316,occupancy,18,404528,flow,12,0.00015430782151998177,0.002984472356947829,0.0848116209507155
14,4,400316,occupancy,19,401795,flow,1,1.4398593154351867e-08,8.162981945774287e-07,0.12676564356231546
14,4,400316,occupancy,19,401795,flow,2,0.0003916343410949194,0.006474881208011635,0.07948641254968483
14,4,400316,occupancy,19,401795,flow,4,0.0005777714454908895,0.00894934616178072,0.07716608090512966
14,4,400316,occupancy,19,401795,flow,5,0.0012713687818948162,0.016453903947829855,0.07225876235598407
14,4,400316,occupancy,19,401795,flow,10,1.0440096895936538e-05,0.0002998751236066878,0.09872978051418561
14,4,400316,occupancy,19,401795,flow,11,1.2707343440766504e-10,9.481126712281744e-09,0.1436408184281643
14,4,400316,occupancy,19,401795,flow,12,9.76406829765503e-08,4.702427541345566e-06,0.11927341323710137
14,4,400316,speed,0,400593,flow,8,0.0007589914865924318,0.01106595755004828,-0.07550043831914013
14,4,400316,speed,4,400316,flow,10,0.004545566989039241,0.043101074171750485,-0.0636491732572641
14,4,400316,speed,4,400316,flow,11,0.0017679111848810849,0.021405987993594586,-0.07011850584634277
14,4,400316,speed,6,405843,flow,1,0.005417614231944985,0.04933409250000492,-0.06238443083774353
14,4,400316,speed,11,405841,flow,12,0.00027779707333859364,0.00490985872593006,-0.08148650364735936
14,4,400316,speed,12,404520,flow,3,0.005456542807947385,0.04963627064715246,0.06233237616494003
14,4,400316,speed,12,404520,flow,10,0.001037258120825616,0.014139965547386116,-0.07355263836592293
14,4,400316,speed,12,404520,flow,11,0.001538850782685273,0.019113960267971186,-0.07102611863452198
14,4,400316,speed,14,401469,flow,8,0.003775144949168082,0.03750833988133881,-0.06496477600780075
14,4,400316,speed,14,401469,flow,10,0.0006735453212404197,0.010106689085649923,-0.07623361288933099
14,4,400316,speed,15,401472,flow,1,0.001118536505362776,0.01498938391208999,-0.07307535378840821
14,4,400316,speed,16,405838,flow,1,0.0049351780399734275,0.04597718485415387,-0.06305920809883199
14,4,400316,speed,16,405838,flow,7,0.0037362815357639854,0.03722494519026849,-0.06503741624853394
14,5,400503,flow,0,400593,flow,5,0.0006514842417659841,0.009850934282215791,0.07643693291403177
14,5,400503,flow,1,400125,flow,4,3.248280771215019e-05,0.000806469708715453,0.09309882310589324
14,5,400503,flow,3,400039,flow,1,1.9719256759807618e-05,0.0005274748557422223,0.09561292158276874
14,5,400503,flow,3,400039,flow,3,0.00046013362326954,0.007434009487895127,0.07853199471261879
14,5,400503,flow,3,400039,flow,12,0.0037783845369736544,0.037522988413238215,0.0649587515476893
14,5,400503,flow,5,400503,flow,1,4.6679265874565693e-88,1.8846208278329327e-85,0.42509527571363454
14,5,400503,flow,5,400503,flow,2,3.0416696965429548e-22,5.0538511881021404e-20,0.21516877825563627
14,5,400503,flow,5,400503,flow,3,0.0009540285737923036,0.013247841333277891,0.07406004018214413
14,5,400503,flow,5,400503,flow,4,1.8760263024447218e-06,6.594331673361431e-05,0.10668851469291155
14,5,400503,flow,5,400503,flow,5,3.516856185766809e-11,2.7623306768204753e-09,0.1478569421386261
14,5,400503,flow,5,400503,flow,8,0.00032034556287841,0.005513517257508889,0.0806619686915242
14,5,400503,flow,6,405843,flow,7,0.0006080170062448679,0.009300863016815817,0.0768569875883298
14,5,400503,flow,6,405843,flow,8,0.0011042580688241986,0.014851789717685361,0.07315682813337407
14,5,400503,flow,6,405843,flow,11,0.00019292573954909589,0.003607961882476598,0.0835625203262912
14,5,400503,flow,6,405843,flow,12,0.00022002698872797792,0.0040293200140096,0.08281946398637394
14,5,400503,flow,7,408093,flow,4,0.0015338655905513111,0.01906848734152997,0.07104722145221555
14,5,400503,flow,7,408093,flow,6,0.0003935397201846157,0.006498821067268882,0.07945782456318655
14,5,400503,flow,8,401448,flow,1,9.802138915641018e-05,0.0020338732043981367,0.08729916101452288
14,5,400503,flow,8,401448,flow,4,0.000805101312071336,0.011539607392661487,0.07513606302062054
14,5,400503,flow,8,401448,flow,7,0.0038854105511407886,0.038269433609047436,0.06476231269648672
14,5,400503,flow,8,401448,flow,8,0.00039865519677178613,0.006575755823039771,0.0793817072707237
14,5,400503,flow,8,401448,flow,12,8.911619382353013e-05,0.0018805266487173968,0.08781312645091296
14,5,400503,flow,9,402391,flow,2,0.0011014592620025479,0.014823376983959522,0.07317291246035176
14,5,400503,flow,9,402391,flow,4,0.003475159404382102,0.03535207607182582,0.06554408499595202
14,5,400503,flow,10,400497,flow,1,0.0005203378356741103,0.008212671883702696,0.07779690751411494
14,5,400503,flow,10,400497,flow,10,0.000719409385081557,0.010625123225819919,0.07583000138977361
14,5,400503,flow,10,400497,flow,11,8.126004619426965e-06,0.00024027611195020186,0.09993295304722463
14,5,400503,flow,11,405841,flow,9,0.0010491831228837468,0.014262023570981077,0.07348049288213035
14,5,400503,flow,11,405841,flow,10,0.00043275500506315535,0.007040473460963985,0.07889644320197389
14,5,400503,flow,13,400183,flow,6,0.0028413766271872206,0.03061797712509053,0.06693498057740947
14,5,400503,flow,14,401469,flow,1,0.0005225584949130435,0.008232869066463705,0.07777133765257277
14,5,400503,flow,14,401469,flow,5,0.0019145268661227626,0.02265960564835708,0.06959275589840783
14,5,400503,flow,15,401472,flow,1,4.4686278833904164e-06,0.00014384852798991505,0.1027506579250024
14,5,400503,flow,15,401472,flow,2,1.5980261942356286e-06,5.724272934575386e-05,0.10743269055613425
14,5,400503,flow,15,401472,flow,3,8.992900621635931e-05,0.0018924298142281287,0.08776424983437175
14,5,400503,flow,15,401472,flow,4,4.748877182413806e-05,0.0011077294507574323,0.09114289571761429
14,5,400503,flow,15,401472,flow,5,1.9654465335901775e-05,0.0005260674736746944,0.09562929541583569
14,5,400503,flow,15,401472,flow,6,1.8671883026991284e-05,0.0005038259505096961,0.0958841151392726
14,5,400503,flow,15,401472,flow,7,0.00012971644677220868,0.0025859485466356324,0.08577104537491717
14,5,400503,flow,15,401472,flow,8,0.00019776556049680094,0.003684483342059572,0.08342291420531356
14,5,400503,flow,15,401472,flow,9,0.00013157157564614718,0.002615688940595287,0.08569293261132033
14,5,400503,flow,15,401472,flow,10,0.000257805346088506,0.004607857240804079,0.0819156416461124
14,5,400503,flow,15,401472,flow,11,5.513540815457745e-05,0.0012522868729115384,0.0903633085805855
14,5,400503,flow,15,401472,flow,12,5.913689301425687e-06,0.00018339653827824097,0.10143958293609427
14,5,400503,flow,16,405838,flow,1,0.0029405226075465444,0.03131653253901285,0.06669980595510314
14,5,400503,flow,16,405838,flow,2,1.9940652955461796e-05,0.0005320766415576731,0.09555735498014237
14,5,400503,flow,16,405838,flow,5,0.001326186622739056,0.017015521859913046,0.0719878353712607
14,5,400503,flow,16,405838,flow,7,0.00430309386650511,0.04132806914918202,0.06403988778838594
14,5,400503,flow,16,405838,flow,8,2.2736869646162612e-05,0.0005920631517264766,0.09490198052340333
14,5,400503,flow,16,405838,flow,9,0.00038276862063209684,0.006374558369817495,0.07962116423061084
14,5,400503,flow,16,405838,flow,12,0.0005431700764246482,0.008492561455499386,0.077538717284834
14,5,400503,flow,18,404528,flow,11,1.0609631383493466e-05,0.0003037349740006082,0.09865196686754393
14,5,400503,flow,19,401795,flow,11,0.004689609623655326,0.0441278884212394,0.06342591128706981
14,5,400503,occupancy,3,400039,flow,3,0.005230274138044908,0.04796929130784913,0.06263975904310187
14,5,400503,occupancy,5,400503,flow,7,0.0009157992777192321,0.012802558723504437,-0.07433465585380261
14,5,400503,occupancy,6,405843,flow,7,0.0018467501775092168,0.022057628207607736,0.06983102724314925
14,5,400503,occupancy,9,402391,flow,11,0.0006333428117634308,0.009590048884745956,0.07660898076215351
14,5,400503,occupancy,11,405841,flow,6,0.003485996759665036,0.03544170560165258,0.06552237877240599
14,5,400503,occupancy,12,404520,flow,8,0.005172358440430721,0.04754167758012918,0.06272036450179987
14,5,400503,occupancy,14,401469,flow,3,7.4063246363169425e-06,0.00022234414474558157,0.10037478752689727
14,5,400503,occupancy,14,401469,flow,4,0.0005765281952383952,0.008942914913572233,0.07717910583224437
14,5,400503,occupancy,14,401469,flow,5,1.8309038208809539e-07,8.334567445949126e-06,0.11671102945092178
14,5,400503,occupancy,14,401469,flow,6,0.004204230227324397,0.04063445761908536,0.06420494407113281
14,5,400503,occupancy,15,401472,flow,8,0.0011504904685225152,0.015276086421684827,0.072896447397202
14,5,400503,occupancy,16,405838,flow,1,0.001266818422915658,0.01642946738815864,0.07228173339063951
14,5,400503,occupancy,16,405838,flow,2,0.002821693879480667,0.0304742938983912,0.0669825570735073
14,5,400503,occupancy,18,404528,flow,8,0.0005997192036872116,0.009217911020895838,-0.07694033735453512
14,5,400503,speed,14,401469,flow,3,0.001188512662333917,0.015672694448359344,-0.07268945044132802
14,5,400503,speed,14,401469,flow,4,0.005458117737459647,0.049640144475422476,-0.06233027725288269
14,5,400503,speed,14,401469,flow,5,0.0004706013364055214,0.007571686306412859,-0.07839797807263632
14,5,400503,speed,18,404528,flow,7,0.00021941907925974213,0.004019891528422757,0.08283516619238647
14,6,405843,flow,0,400593,flow,10,4.3414342036049084e-08,2.227434175721283e-06,0.12250023079032506
14,6,405843,flow,1,400125,flow,1,2.984922815350764e-05,0.0007492659245970541,0.09352912731519901
14,6,405843,flow,1,400125,flow,12,0.000225701086184749,0.0041071132785093336,0.08267483444966567
14,6,405843,flow,3,400039,flow,1,0.0001799705312735826,0.0033967874472460016,0.08395306636895727
14,6,405843,flow,3,400039,flow,3,0.0038363260103248986,0.037880979119093855,0.06485178601929295
14,6,405843,flow,3,400039,flow,12,0.002922872915230077,0.031215849181196374,0.06674113661853459
14,6,405843,flow,4,400316,flow,9,0.0028233660433319516,0.030484732084963835,0.06697850342301237
14,6,405843,flow,4,400316,flow,11,0.0010938923942798624,0.014735313823788605,0.07321658795571213
14,6,405843,flow,5,400503,flow,1,2.589229969641683e-05,0.0006634325900861251,0.09424877679829109
14,6,405843,flow,5,400503,flow,5,0.0021492957384166298,0.024753286030284833,0.0688232791737881
14,6,405843,flow,6,405843,flow,1,1.2937265531895495e-93,5.272545952621561e-91,0.43713469565243945
14,6,405843,flow,6,405843,flow,2,7.163194367402182e-22,1.1721590783021753e-19,0.2132138968759408
14,6,405843,flow,6,405843,flow,3,1.7741274070338542e-12,1.6237776267767477e-10,0.1572973304321046
14,6,405843,flow,6,405843,flow,5,0.001224472580911529,0.01605442051838873,0.07249923121693454
14,6,405843,flow,6,405843,flow,10,0.0035339684198867818,0.035761872977069335,0.06542702693778754
14,6,405843,flow,7,408093,flow,12,0.0018948109877327602,0.022512605794844678,0.06966125873925777
14,6,405843,flow,8,401448,flow,1,1.6389502235365606e-05,0.00044933993756839986,0.09652909321400122
14,6,405843,flow,8,401448,flow,2,0.005231095633131418,0.04796929130784913,0.06263862151638448
14,6,405843,flow,8,401448,flow,3,0.00014407901639429475,0.0028227725660923053,0.08519185591878733
14,6,405843,flow,8,401448,flow,6,0.004688006936641752,0.0441278884212394,0.06342836106999969
14,6,405843,flow,8,401448,flow,8,1.721795914681969e-05,0.00046869302781512955,0.09628562045735208
14,6,405843,flow,8,401448,flow,9,0.0016455555043748639,0.020186723899206036,0.07058887915879726
14,6,405843,flow,8,401448,flow,11,8.795909410464316e-05,0.0018599279810673443,0.08788343693065093
14,6,405843,flow,9,402391,flow,1,0.0013037432209729502,0.016792399268345692,0.07209748577456022
14,6,405843,flow,9,402391,flow,12,0.00348674187053295,0.03544170560165258,0.06552088863959003
14,6,405843,flow,10,400497,flow,2,0.0013133080242297636,0.016885388882954103,0.07205054439685095
14,6,405843,flow,10,400497,flow,4,0.00283390259550367,0.030552680839969686,0.0669530110460894
14,6,405843,flow,10,400497,flow,11,0.0012365132114673417,0.016147935530649686,0.07243669033499127
14,6,405843,flow,11,405841,flow,9,0.0020988130236680967,0.02430796853149109,0.06898199968927518
14,6,405843,flow,12,404520,flow,9,3.9470236368432375e-05,0.0009508074936683213,0.09210018432000668
14,6,405843,flow,12,404520,flow,10,0.00027102224742098745,0.004810255171974798,0.08162859428144431
14,6,405843,flow,12,404520,flow,11,0.002584217900979617,0.028430454493326093,0.06758178604443635
14,6,405843,flow,13,400183,flow,11,0.00012824934398966923,0.002561429339044711,0.08583356830002373
14,6,405843,flow,14,401469,flow,4,0.000988532191053685,0.013647999569676956,0.07385562924120201
14,6,405843,flow,14,401469,flow,6,0.0019578801150390997,0.023040158259245196,0.06944437332165151
14,6,405843,flow,14,401469,flow,11,8.69898714538642e-05,0.001843041906231944,0.08794300646274983
14,6,405843,flow,14,401469,flow,12,0.0001071185091005332,0.002192098338769794,0.08681774235076575
14,6,405843,flow,16,405838,flow,1,5.482912700203798e-10,3.832715673928868e-08,0.13864210311822148
14,6,405843,flow,16,405838,flow,2,3.0433666402925623e-06,0.00010247345195685011,0.10452281442867789
14,6,405843,flow,16,405838,flow,5,0.0019043666549686518,0.02260127458644114,0.06962797628881419
14,6,405843,flow,16,405838,flow,6,0.0001883204958608579,0.0035310092973910856,0.08369844775905819
14,6,405843,flow,16,405838,flow,7,1.0697072932445414e-06,4.007923249623954e-05,0.10920849765435328
14,6,405843,flow,16,405838,flow,12,0.0042317825301228145,0.04079736784229092,0.06415859394798931
14,6,405843,flow,17,400260,flow,1,0.001143724718626837,0.015207420081464867,0.07293394158981867
14,6,405843,flow,18,404528,flow,12,0.0005998043490680139,0.009217911020895838,0.0769394766538795
14,6,405843,flow,19,401795,flow,1,0.004134284214373772,0.04013507372156112,0.06432385994337902
14,6,405843,flow,19,401795,flow,3,9.65954808225342e-07,3.647661513578214e-05,0.10965550141406072
14,6,405843,flow,19,401795,flow,6,0.0004777536246233808,0.007657703842798299,0.07830799721374168
14,6,405843,flow,19,401795,flow,11,2.7127354730874697e-07,1.1897479435266872e-05,0.1150806898212519
14,6,405843,occupancy,0,400593,flow,10,1.0843646507254522e-07,5.142102405196437e-06,0.11884969708816158
14,6,405843,occupancy,3,400039,flow,1,2.3717722564923523e-06,8.19684491843757e-05,0.1056580540285593
14,6,405843,occupancy,4,400316,flow,9,0.0007280185016400891,0.010722945540692756,0.07575691365664623
14,6,405843,occupancy,4,400316,flow,11,0.004288074755416836,0.04121134773934155,0.06406473991033221
14,6,405843,occupancy,5,400503,flow,1,9.571041654065302e-05,0.001993582446748414,0.0874281673531121
14,6,405843,occupancy,5,400503,flow,5,0.0045120762815130475,0.04281170554828984,0.06370199936767369
14,6,405843,occupancy,6,405843,flow,5,0.00302614128486837,0.03188519597714966,0.06650246588989778
14,6,405843,occupancy,6,405843,flow,8,0.0008715811912343696,0.012332888130142406,0.07464340413532845
14,6,405843,occupancy,6,405843,flow,12,0.0035398515316877066,0.035804632678274155,0.0654154143793373
14,6,405843,occupancy,7,408093,flow,4,0.0028272011148946182,0.030518512784469643,0.06696921473057527
14,6,405843,occupancy,7,408093,flow,12,0.0003854039522899844,0.006406098783735025,0.07958080750730935
14,6,405843,occupancy,8,401448,flow,1,0.00013212460887944782,0.0026254752086440412,0.08566984700024091
14,6,405843,occupancy,8,401448,flow,3,0.00012308736495981174,0.00247089877614492,0.08605904145170855
14,6,405843,occupancy,8,401448,flow,4,0.002084943318971107,0.024179745336792437,0.06902621940911367
14,6,405843,occupancy,8,401448,flow,8,0.002406717923724429,0.02697550959756048,0.06806348689226599
14,6,405843,occupancy,8,401448,flow,11,0.0008457531439830825,0.012046335581954884,0.07483052867128653
14,6,405843,occupancy,10,400497,flow,2,0.0005139874064398892,0.008130448904505021,0.0778705946675888
14,6,405843,occupancy,10,400497,flow,11,0.0017730345956409686,0.02145520855229407,0.0700994695849426
14,6,405843,occupancy,12,404520,flow,9,9.320376815816576e-05,0.001949831856868165,0.08757146304038067
14,6,405843,occupancy,13,400183,flow,8,0.00026986366092952055,0.0047916605639766905,0.08165322623419057
14,6,405843,occupancy,14,401469,flow,4,0.000799875710017543,0.011483758947410388,0.07517637063568895
14,6,405843,occupancy,14,401469,flow,12,2.2255266257698824e-05,0.000582330407227492,0.09500918872035438
14,6,405843,occupancy,16,405838,flow,1,8.733018922370855e-06,0.0002554274999637244,0.09958844251035061
14,6,405843,occupancy,16,405838,flow,2,0.00040751523124217624,0.006703982478926889,0.07925200342758264
14,6,405843,occupancy,16,405838,flow,4,0.005177539698826482,0.047579177832228044,0.06271312026859333
14,6,405843,occupancy,16,405838,flow,5,0.00019860453204991125,0.003693377436313459,0.08339904057751024
14,6,405843,occupancy,16,405838,flow,6,0.005366830582034515,0.04897487983605641,0.06245284752904158
14,6,405843,occupancy,16,405838,flow,7,1.1785045496521121e-05,0.00033362645180190856,0.09814299960652469
14,6,405843,occupancy,16,405838,flow,10,0.0011110099803935164,0.01491953332923734,0.07311818041378569
14,6,405843,occupancy,18,404528,flow,12,0.00022277300365347922,0.004064102093678338,0.08274903817781071
14,6,405843,occupancy,19,401795,flow,3,0.0007402387496976109,0.010873279152307647,0.07565453474643317
14,6,405843,occupancy,19,401795,flow,11,1.622123695622749e-05,0.00044549105944629853,0.09657997338794083
14,6,405843,speed,1,400125,flow,12,0.002413361010165719,0.02702363806095362,0.06804488227921372
14,6,405843,speed,9,402391,flow,9,0.001012543888541748,0.013892625288390307,0.07370463270406798
14,6,405843,speed,16,405838,flow,12,0.0011171350861934964,0.014978347524382074,0.07308330778077474
14,7,408093,flow,0,400593,flow,9,0.00021829541139743245,0.004006101007803348,0.08286429810118075
14,7,408093,flow,2,400331,flow,1,3.076577594213407e-05,0.0007709289563226171,0.09335199372685209
14,7,408093,flow,2,400331,flow,12,0.001775611035018594,0.02146059533016655,0.07008991579579825
14,7,408093,flow,3,400039,flow,1,1.1885261046517622e-06,4.384656509048345e-05,0.10874517322376076
14,7,408093,flow,3,400039,flow,3,0.002300193554904832,0.026046752705606486,0.0683684195382237
14,7,408093,flow,3,400039,flow,7,5.935845792125971e-06,0.00018395160560964272,0.10142197629936046
14,7,408093,flow,5,400503,flow,4,0.0005984771904255382,0.009204063590738073,0.07695290530775852
14,7,408093,flow,6,405843,flow,5,0.0049813973603641025,0.04628874294853285,0.06299204017315589
14,7,408093,flow,6,405843,flow,12,0.000560089394945502,0.008725518161430107,0.07735382962194137
14,7,408093,flow,7,408093,flow,1,2.6608989433704445e-22,4.5078758570040474e-20,0.2154112049487445
14,7,408093,flow,7,408093,flow,2,5.078781457482066e-19,7.513813663124153e-17,0.19803799482624462
14,7,408093,flow,7,408093,flow,3,1.3359848029611695e-13,1.3579892585393536e-11,0.16503052096238674
14,7,408093,flow,7,408093,flow,4,1.924231461485656e-12,1.7500378765511648e-10,0.15704820786171547
14,7,408093,flow,7,408093,flow,5,6.179871102061364e-17,8.114602784469633e-15,0.1860616994135154
14,7,408093,flow,7,408093,flow,6,0.0009379007291811541,0.013065885682239877,0.07418547530147973
14,7,408093,flow,7,408093,flow,7,1.313347273935461e-09,8.796372439381692e-08,0.13556819564865621
14,7,408093,flow,7,408093,flow,8,6.891030102107154e-08,3.42175287828769e-06,0.12067109009108051
14,7,408093,flow,7,408093,flow,9,6.124456475762156e-07,2.431769483023209e-05,0.11163103932511266
14,7,408093,flow,7,408093,flow,11,0.001051665297895545,0.01428677385820363,0.0734655712663313
14,7,408093,flow,8,401448,flow,1,0.004942904579038831,0.0460300663536274,0.06304794009033182
14,7,408093,flow,8,401448,flow,2,0.0029979817265534886,0.031696723100124995,0.06656680201412431
14,7,408093,flow,8,401448,flow,4,0.0006847562277403169,0.01021691990588664,0.07613265022225055
14,7,408093,flow,8,401448,flow,8,7.422489098057046e-05,0.001608888755825712,0.08879215609994892
14,7,408093,flow,9,402391,flow,11,0.00020784468299037403,0.003832219507120853,0.08314219013226562
14,7,408093,flow,9,402391,flow,12,0.00043285873871111907,0.007040473460963985,0.07889502222108623
14,7,408093,flow,10,400497,flow,1,0.0007755229841454105,0.011242480843987159,0.07536749663936783
14,7,408093,flow,11,405841,flow,3,0.0019473620839301961,0.022954065726398187,0.0694800937235604
14,7,408093,flow,11,405841,flow,6,0.002398597878585148,0.02690765808232789,0.06808629177410278
14,7,408093,flow,13,400183,flow,2,4.04426841899587e-05,0.0009684722599812726,0.09197473081169596
14,7,408093,flow,13,400183,flow,5,0.0047689750575759,0.04473516520963359,0.06330553476008774
14,7,408093,flow,13,400183,flow,9,1.1896223818507296e-06,4.384956219791085e-05,0.10874110937646662
14,7,408093,flow,14,401469,flow,1,0.00014946924553521177,0.002913840887690049,0.08498843144945989
14,7,408093,flow,14,401469,flow,2,1.9034606413982002e-05,0.000512014319479466,0.09578859317726968
14,7,408093,flow,14,401469,flow,3,0.004669734810234296,0.04401757447133354,0.06345634456855424
14,7,408093,flow,14,401469,flow,10,0.00025545005093229457,0.004569541283757816,0.0819682374476941
14,7,408093,flow,14,401469,flow,11,2.4341671461695935e-07,1.0796306028185467e-05,0.11553222862455374
14,7,408093,flow,14,401469,flow,12,0.0011421854353012367,0.015196307608565883,0.07294250053555223
14,7,408093,flow,15,401472,flow,1,3.6250010917079316e-08,1.8935918641086172e-06,0.12320708165773196
14,7,408093,flow,15,401472,flow,2,4.994185887553933e-10,3.496739551739544e-08,0.13896665269724812
14,7,408093,flow,15,401472,flow,3,1.1003023899703372e-07,5.200553965724132e-06,0.11879062872141773
14,7,408093,flow,15,401472,flow,4,3.111981527252616e-08,1.645503084177638e-06,0.12380208271029054
14,7,408093,flow,15,401472,flow,5,1.2541353646370012e-09,8.425917224310801e-08,0.1357322584354401
14,7,408093,flow,15,401472,flow,6,4.458065909975081e-09,2.755199532345114e-07,0.13114814915328168
14,7,408093,flow,15,401472,flow,7,2.3144519004929832e-07,1.0350343902825763e-05,0.11574181451438899
14,7,408093,flow,15,401472,flow,8,0.00017106152841702983,0.003254010580191849,0.08423727402860827
14,7,408093,flow,15,401472,flow,9,4.073583814199042e-06,0.00013251417226912545,0.10318031087399566
14,7,408093,flow,15,401472,flow,10,5.814714927514814e-06,0.00018097671820507203,0.10151901118832249
14,7,408093,flow,15,401472,flow,11,8.834390458637049e-07,3.362516897031899e-05,0.11004531476047222
14,7,408093,flow,15,401472,flow,12,7.672918177108865e-07,2.959554154027705e-05,0.11065798092457753
14,7,408093,flow,16,405838,flow,3,5.2360596894206394e-08,2.664284788963152e-06,0.12176166355814794
14,7,408093,flow,16,405838,flow,6,0.0004085769455806386,0.006706911643434799,0.07923663778378838
14,7,408093,flow,16,405838,flow,7,0.00031920808484833617,0.005500514266233794,0.08068264155815301
14,7,408093,flow,16,405838,flow,9,0.0013345158997933569,0.017107147439487543,0.07194757642039445
14,7,408093,flow,16,405838,flow,11,0.00014943542452247377,0.002913840887690049,0.08498968617686607
14,7,408093,flow,18,404528,flow,1,1.1747304580131068e-05,0.000332776103515844,0.09813395909525365
14,7,408093,flow,18,404528,flow,11,0.00465992569812516,0.043934698856177845,0.06347140797141854
14,7,408093,occupancy,2,400331,flow,12,0.0013596903668775227,0.017391510096500862,0.07182729034481396
14,7,408093,occupancy,3,400039,flow,1,0.00014991260803766705,0.002917812934452173,0.08497200777630867
14,7,408093,occupancy,3,400039,flow,3,0.0011283130371977864,0.015086079605987117,0.07302012019878777
14,7,408093,occupancy,3,400039,flow,7,0.003017901580402954,0.031806135221616884,0.066521234466078
14,7,408093,occupancy,3,400039,flow,12,0.00019013064190238403,0.003560313710525787,0.08364465136900864
14,7,408093,occupancy,5,400503,flow,4,0.0016655375769613723,0.020385801510213814,0.07050991050261532
14,7,408093,occupancy,7,408093,flow,3,7.307529346767751e-07,2.8312580069988058e-05,0.11084153737701428
14,7,408093,occupancy,7,408093,flow,4,2.3521349301876934e-06,8.142005527572785e-05,0.10569571077176795
14,7,408093,occupancy,7,408093,flow,7,2.5640826721878498e-05,0.0006573790589822855,0.09429797775590304
14,7,408093,occupancy,7,408093,flow,8,7.901744793511495e-07,3.0342700007084143e-05,0.1105305187839584
14,7,408093,occupancy,7,408093,flow,9,0.00026222734144941694,0.004675287309374665,0.08181809938279597
14,7,408093,occupancy,7,408093,flow,10,0.0028382582723799807,0.03059200533104171,0.06694249807741613
14,7,408093,occupancy,8,401448,flow,1,0.00411049790855838,0.039976026485754615,0.06436471513299957
14,7,408093,occupancy,8,401448,flow,2,0.0029351332401289796,0.03129263474175023,0.06671240230592242
14,7,408093,occupancy,9,402391,flow,11,1.5479992064098374e-05,0.00042812782149106895,0.09681026953204087
14,7,408093,occupancy,9,402391,flow,12,0.0003107897253942879,0.005396348929675738,0.08083781728736522
14,7,408093,occupancy,10,400497,flow,4,0.0019212722231047327,0.022714548450499302,0.06956946771836396
14,7,408093,occupancy,10,400497,flow,12,0.002562906167743592,0.028265904122165734,0.06763799524235724
14,7,408093,occupancy,11,405841,flow,10,0.00037250687974285315,0.006244585644117678,0.07978082273307487
14,7,408093,occupancy,12,404520,flow,10,0.003007126121016501,0.031746786028326694,0.0665458496469802
14,7,408093,occupancy,13,400183,flow,2,0.005103630651863684,0.04707020584127053,0.06281708214186532
14,7,408093,occupancy,13,400183,flow,9,0.0033470331904152197,0.034377516363751186,0.06580548678097689
14,7,408093,occupancy,14,401469,flow,1,9.252314122282604e-08,4.470916891304345e-06,0.11949036435881803
14,7,408093,occupancy,14,401469,flow,2,0.0014054437956521851,0.01781025871873699,0.07161383783258668
14,7,408093,occupancy,14,401469,flow,3,8.108881991968985e-05,0.0017350356713871232,0.08831981265545377
14,7,408093,occupancy,14,401469,flow,4,0.001705747942750114,0.020794451471023597,0.0703536054500817
14,7,408093,occupancy,14,401469,flow,10,2.6425784896155234e-05,0.0006762997082428354,0.09414588614166336
14,7,408093,occupancy,14,401469,flow,11,5.148414882826895e-07,2.102188307543685e-05,0.11237495956254921
14,7,408093,occupancy,14,401469,flow,12,0.0005841658920773484,0.00902896834981805,0.07709949860109927
14,7,408093,occupancy,15,401472,flow,5,0.00012849970009522758,0.002564514389921888,0.0858228514687045
14,7,408093,occupancy,15,401472,flow,6,0.0008551620719593527,0.012136334266965847,0.07476175532923651
14,7,408093,occupancy,15,401472,flow,9,0.003340217208246056,0.0343434903941497,0.06581964629964018
14,7,408093,occupancy,16,405838,flow,2,0.0002385508293507006,0.004299289039612126,0.08235951616720824
14,7,408093,occupancy,16,405838,flow,3,2.74530976236827e-05,0.0006972215269506718,0.09395319603432294
14,7,408093,occupancy,16,405838,flow,6,0.0008769610701882703,0.012396831882242566,0.07460507431005133
14,7,408093,occupancy,16,405838,flow,7,0.0011939802856355253,0.015730389856497315,0.07266018839246903
14,7,408093,occupancy,16,405838,flow,9,0.0037616317063912186,0.03741710562194351,0.06498995649034689
14,7,408093,occupancy,16,405838,flow,11,0.0017311058090634876,0.021042141517035078,0.0702567670125426
14,7,408093,occupancy,16,405838,flow,12,0.0022978454284308604,0.026033811305589606,0.0683752856623232
14,7,408093,occupancy,17,400260,flow,12,0.004102753716549736,0.03992767752983748,0.06437806276809223
14,7,408093,occupancy,19,401795,flow,2,0.0035659753436590824,0.035959415230175616,0.06536406010714002
14,7,408093,speed,1,400125,flow,11,0.0010649472285055232,0.014421855884463512,0.07338627586056037
14,8,401448,flow,0,400593,flow,1,8.898090914328872e-05,0.0018796945109975907,0.0878213023092643
14,8,401448,flow,0,400593,flow,5,0.004075345382534255,0.039752408626337866,0.06442548711708722
14,8,401448,flow,3,400039,flow,12,0.0016529064140722886,0.020262643895551324,0.07055972654789235
14,8,401448,flow,5,400503,flow,1,0.00088505080418161,0.012482597042326333,0.07454784577022103
14,8,401448,flow,6,405843,flow,1,4.77121865955412e-05,0.0011117402701873679,0.09111848114421742
14,8,401448,flow,6,405843,flow,6,0.005427232046582113,0.04940084795877524,0.06237153874134062
14,8,401448,flow,6,405843,flow,11,0.0029884697196379192,0.03162711707211125,0.06658865859397432
14,8,401448,flow,8,401448,flow,1,1.8286267070960221e-156,9.293726323123314e-154,0.5483642680381849
14,8,401448,flow,8,401448,flow,2,5.2587644716092665e-08,2.672689707923768e-06,0.12171410688093348
14,8,401448,flow,8,401448,flow,4,0.002146038973394571,0.024735047870436313,0.06883341500986434
14,8,401448,flow,8,401448,flow,7,1.0452277279601273e-08,6.118406212449526e-07,0.12794559190745822
14,8,401448,flow,10,400497,flow,1,0.0025287066109144557,0.027986668255506043,0.0677290947606143
14,8,401448,flow,11,405841,flow,3,0.00043661744331042275,0.007093596672061024,0.07884374724402454
14,8,401448,flow,12,404520,flow,5,0.001388076972207047,0.01764712336649336,0.07169409434763563
14,8,401448,flow,13,400183,flow,5,0.001018195073313847,0.013954492760100143,0.07366957730975843
14,8,401448,flow,14,401469,flow,1,0.0003866160980483843,0.006421305434713648,0.07956233150648294
14,8,401448,flow,14,401469,flow,2,0.0013082230607837438,0.016840459980087555,0.0720754605751835
14,8,401448,flow,14,401469,flow,4,0.00047996550054017176,0.007682293302458474,0.07828042435852513
14,8,401448,flow,14,401469,flow,5,0.002238697450036692,0.025544566783302983,0.06855039304295221
14,8,401448,flow,14,401469,flow,8,0.0006146050733509706,0.009378615552717495,0.07679156170648022
14,8,401448,flow,14,401469,flow,12,0.0024481645735861665,0.027307180371526567,0.06794817037026905
14,8,401448,flow,16,405838,flow,3,0.002119570886152758,0.024505557323338163,0.06891631676863409
14,8,401448,flow,16,405838,flow,4,0.002385077470823578,0.026809766042199243,0.06812442055109942
14,8,401448,flow,16,405838,flow,7,0.0014365481775678636,0.018119381392972762,0.07147235334081747
14,8,401448,flow,19,401795,flow,5,8.140363105025516e-06,0.0002405360370294817,0.09992452395363446
14,8,401448,occupancy,0,400593,flow,9,0.003811224409771206,0.03774527613528567,0.06489794463896034
14,8,401448,occupancy,3,400039,flow,12,0.0005896350542100438,0.009087786841992964,0.07704308662134447
14,8,401448,occupancy,5,400503,flow,1,0.0022465293360313327,0.02560687791993498,0.06852696517346525
14,8,401448,occupancy,6,405843,flow,1,0.0014221222034275136,0.017989949981864886,0.07153761818481978
14,8,401448,occupancy,6,405843,flow,11,0.0006865140043854407,0.01023021903740981,0.07611695953818146
14,8,401448,occupancy,7,408093,flow,4,0.0006512704862229438,0.009850934282215791,0.07643893404858511
14,8,401448,occupancy,7,408093,flow,10,0.001427090749901529,0.018021140133220127,0.07151507131061707
14,8,401448,occupancy,8,401448,flow,4,0.0001335035188870787,0.002649220034874506,0.0856126801650399
14,8,401448,occupancy,9,402391,flow,4,0.0018355283895319175,0.021971412144022952,0.06987125035843246
14,8,401448,occupancy,9,402391,flow,7,0.004552443549243733,0.04314733684232761,0.06363837022128678
14,8,401448,occupancy,11,405841,flow,2,0.0024276102414741477,0.0271199282212783,0.06800513338233795
14,8,401448,occupancy,11,405841,flow,6,0.0017796751508425844,0.021487413783230755,0.07007487135373748
14,8,401448,occupancy,13,400183,flow,5,0.0038214244172226288,0.037794307423080944,0.06487915493902056
14,8,401448,occupancy,14,401469,flow,1,0.0008104142599345679,0.011600288396019199,0.07509532961030835
14,8,401448,occupancy,14,401469,flow,2,0.00018642495446254646,0.003498504792694182,0.08375530513721695
14,8,401448,occupancy,14,401469,flow,4,0.0004648314045037236,0.007495601595580762,0.0784715018131763
14,8,401448,occupancy,14,401469,flow,9,0.0020540222256840808,0.02387883749987952,0.06912578148667747
14,8,401448,occupancy,16,405838,flow,4,0.0022277302748674975,0.02544631091334635,0.06858332608050784
14,8,401448,occupancy,16,405838,flow,7,7.497463297351714e-05,0.001621884899577336,0.08873859859450653
14,8,401448,occupancy,17,400260,flow,1,3.740624865984696e-05,0.0009083473536286614,0.0923764683353598
14,8,401448,occupancy,17,400260,flow,4,0.0010598122991828719,0.014356817599466937,0.07341682328292934
14,8,401448,occupancy,17,400260,flow,5,0.005304341801755546,0.04851737578569545,0.06253783980446215
14,8,401448,occupancy,19,401795,flow,5,0.0021048812796861187,0.02436778517917454,0.0689627368969418
14,8,401448,occupancy,19,401795,flow,12,0.0017649187042044021,0.021386953161747595,0.07012964799919953
14,8,401448,speed,11,405841,flow,6,0.00496012130522042,0.04618043973825908,-0.06302288919689891
14,8,401448,speed,12,404520,flow,4,0.0036384646656974144,0.03651575944166002,-0.06522333082197836
14,9,402391,flow,1,400125,flow,1,0.000881110244451967,0.012443269879151675,0.07457566134281478
14,9,402391,flow,3,400039,flow,1,1.1324947385196878e-05,0.0003218669256845429,0.09831153952602614
14,9,402391,flow,4,400316,flow,1,0.0024603162481560774,0.027404262039238517,0.06791469933168472
14,9,402391,flow,8,401448,flow,1,6.642862608862118e-06,0.00020323772287736793,0.10089080547573862
14,9,402391,flow,8,401448,flow,11,0.00019227665335086583,0.003597380435148291,0.08358149295901288
14,9,402391,flow,9,402391,flow,1,2.3865028532778342e-82,9.205082434071647e-80,0.4121800037331359
14,9,402391,flow,9,402391,flow,2,0.0003659221715806265,0.006157231255139565,0.07988544998870964
14,9,402391,flow,9,402391,flow,3,0.0048255545111000435,0.04510254324524489,0.06320492106291732
14,9,402391,flow,9,402391,flow,4,2.2133909907447905e-09,1.4335605817117684e-07,0.13366474039887977
14,9,402391,flow,9,402391,flow,11,6.898115648364487e-07,2.6942334692934985e-05,0.11111852437847834
14,9,402391,flow,9,402391,flow,12,0.004819535224447568,0.045056031529135454,0.06322978955075095
14,9,402391,flow,12,404520,flow,4,0.002300015050544382,0.026046752705606486,-0.06836894127499096
14,9,402391,flow,12,404520,flow,9,0.0004766399883906,0.007651745633026354,0.07832192466990696
14,9,402391,flow,15,401472,flow,1,6.351464037398777e-07,2.514970177961752e-05,0.1114465599038227
14,9,402391,flow,15,401472,flow,2,0.0008299633325116811,0.011848782539492606,0.0749475519005702
14,9,402391,flow,15,401472,flow,3,0.0044786413788196495,0.042550540480538565,0.06375509271865323
14,9,402391,flow,15,401472,flow,4,0.005159983623634512,0.0474986772940573,0.06273769303693262
14,9,402391,flow,15,401472,flow,5,0.0020552748045078242,0.023886971093553405,0.06912172172040587
14,9,402391,flow,15,401472,flow,6,0.001111021729633253,0.01491953332923734,0.07311811335087723
14,9,402391,flow,15,401472,flow,7,0.0004898337289738217,0.007811301990280213,0.07815883386130186
14,9,402391,flow,15,401472,flow,8,0.00038732684336235224,0.006428167358145838,0.07955152319019619
14,9,402391,flow,15,401472,flow,9,0.0033638229083367242,0.03450894078369662,0.06577071943358918
14,9,402391,flow,15,401472,flow,10,3.935959527955088e-05,0.0009488473862034587,0.0921146431631965
14,9,402391,flow,15,401472,flow,11,0.0018375621396366424,0.021989663277646246,0.06986394391096386
14,9,402391,flow,15,401472,flow,12,0.0004203546462820634,0.00686812432654506,0.07906864042673413
14,9,402391,flow,16,405838,flow,2,0.004210744001065426,0.04067623900850322,0.06419396141682387
14,9,402391,flow,17,400260,flow,1,0.003220007419304882,0.03336635176636385,0.06607379198188722
14,9,402391,flow,17,400260,flow,12,0.0005200782574989412,0.008211761960509599,0.07779990306766578
14,9,402391,flow,19,401795,flow,4,4.079651745255581e-05,0.000976404185014078,-0.09192979225739896
14,9,402391,flow,19,401795,flow,9,0.004099381944085034,0.039903853083477575,-0.06438388138482629
14,9,402391,occupancy,7,408093,flow,1,0.0012491036104111536,0.016273863577435706,0.07237189207148201
14,9,402391,occupancy,7,408093,flow,11,0.004753630211248563,0.04463308522624167,0.06332866684527454
14,9,402391,occupancy,8,401448,flow,3,0.0023726049524915695,0.026738600780514054,0.06815976992146854
14,9,402391,occupancy,14,401469,flow,11,0.00370222838429758,0.036996591765360964,0.06510163189398073
14,9,402391,occupancy,15,401472,flow,2,0.0026069797322378317,0.028603857584189925,0.0675222180780961
14,9,402391,occupancy,15,401472,flow,3,0.0010211798780352434,0.013973699946506973,0.07365113454602797
14,9,402391,occupancy,15,401472,flow,4,0.0008464392077658658,0.012052133742744036,0.07482549007126334
14,9,402391,occupancy,16,405838,flow,6,0.00016313645094521322,0.003135006530619756,0.08450203793578462
14,9,402391,speed,8,401448,flow,4,0.0006527143890925881,0.009866081738558364,0.07642542837862168
14,9,402391,speed,9,402391,flow,3,7.758309160397921e-05,0.0016724498788881746,0.08855612763462276
14,9,402391,speed,9,402391,flow,11,0.004237717924274241,0.04084547396890834,-0.0641486448925826
14,9,402391,speed,15,401472,flow,3,0.0029646944319905153,0.031460279897320136,-0.06664356780489968
14,9,402391,speed,15,401472,flow,4,0.00039954038590745924,0.006587841477558107,-0.07936862845718057
14,9,402391,speed,15,401472,flow,5,0.0025968373405590526,0.02853812595068712,-0.06754870189771792
14,9,402391,speed,15,401472,flow,6,0.002997121066564945,0.03169538067946282,-0.06656877702554495
14,9,402391,speed,15,401472,flow,7,0.001801686580171544,0.02165082647318276,-0.06999393419913459
14,9,402391,speed,15,401472,flow,8,0.0032423951205387577,0.03354201848833198,-0.06602581297128665
14,10,400497,flow,0,400593,flow,8,0.0003528914532913848,0.005987788995360497,0.08009779093961406
14,10,400497,flow,1,400125,flow,11,3.5490413948626754e-05,0.000866696372289811,0.09264618168090671
14,10,400497,flow,3,400039,flow,1,1.2266991484916728e-09,8.267301593578825e-08,0.1358108528439907
14,10,400497,flow,3,400039,flow,2,5.1586258498934935e-05,0.0011841266562986126,0.09071150267568047
14,10,400497,flow,3,400039,flow,5,0.0018580983770124617,0.022143540862250267,0.06979057857833922
14,10,400497,flow,3,400039,flow,11,3.0949542503782244e-07,1.3264089644478103e-05,0.11452906607908292
14,10,400497,flow,3,400039,flow,12,0.0009714394761544896,0.013446390698453685,0.07396519772676194
14,10,400497,flow,4,400316,flow,11,0.0007536572250770114,0.010995606931214756,0.07554390862257623
14,10,400497,flow,5,400503,flow,1,0.0008492614256205185,0.012076396835683475,0.07480480282486664
14,10,400497,flow,5,400503,flow,10,0.0007808431516863149,0.011296113445974747,0.0753252721781111
14,10,400497,flow,5,400503,flow,11,0.00025472155523441114,0.004559476242499952,0.08198459742316672
14,10,400497,flow,5,400503,flow,12,0.00013909831095825772,0.002747620957200152,0.0853862945318826
14,10,400497,flow,6,405843,flow,2,0.0006063910645164665,0.009287248652112664,0.07687323616636386
14,10,400497,flow,6,405843,flow,8,0.001914274530963864,0.02265960564835708,0.06959362853951635
14,10,400497,flow,6,405843,flow,11,0.003779225059861099,0.037522988413238215,0.06495718924592789
14,10,400497,flow,7,408093,flow,3,0.00020369187472613008,0.003771748387556288,0.08325627225382463
14,10,400497,flow,7,408093,flow,8,0.004301642526607166,0.04132331713351781,0.06404228588705844
14,10,400497,flow,7,408093,flow,11,7.774994549918314e-05,0.0016727079908190796,0.08854465376798591
14,10,400497,flow,7,408093,flow,12,0.0037518354254534527,0.037345458612808566,0.06500826222863999
14,10,400497,flow,8,401448,flow,1,0.0006679813704507116,0.010044133380950483,0.0762843014750794
14,10,400497,flow,8,401448,flow,2,0.0012305403393133771,0.016092089385829147,0.07246764376043009
14,10,400497,flow,8,401448,flow,11,0.0002813898516699205,0.004965703264763303,0.08141246267785017
14,10,400497,flow,8,401448,flow,12,0.00022675571538526137,0.004121096720506223,0.082648328964118
14,10,400497,flow,9,402391,flow,4,0.003289325939603331,0.03388146890578538,0.06592620676009908
14,10,400497,flow,10,400497,flow,1,2.1921949278686527e-185,1.1409978419750095e-182,0.58823151745669
14,10,400497,flow,10,400497,flow,2,1.289653141989895e-18,1.8633115630088116e-16,0.19577381780713626
14,10,400497,flow,10,400497,flow,6,1.2107605176518411e-06,4.447691697496559e-05,0.10866344733345587
14,10,400497,flow,10,400497,flow,7,0.00019603279859907346,0.003658149848587462,0.0834725238637735
14,10,400497,flow,10,400497,flow,12,1.402980695329955e-07,6.517071617016565e-06,0.1178026184760036
14,10,400497,flow,11,405841,flow,10,4.384935239737537e-05,0.0010373997938480921,0.0915567300804399
14,10,400497,flow,11,405841,flow,12,0.00012248506827861405,0.0024622405535766065,0.08608592738969754
14,10,400497,flow,12,404520,flow,2,0.0030657578609997516,0.032177050436149,-0.06641287166659601
14,10,400497,flow,12,404520,flow,3,0.0007231038443007949,0.010665102790643338,-0.07579853809045345
14,10,400497,flow,12,404520,flow,6,1.8748295679542656e-05,0.0005051988203194938,0.0958638461657647
14,10,400497,flow,12,404520,flow,7,0.0025237027724,0.027957502524238984,0.06774251812007635
14,10,400497,flow,12,404520,flow,10,0.0032352694592686256,0.03348434131298625,0.06604105114251982
14,10,400497,flow,12,404520,flow,11,1.4014650781087079e-08,7.976718231132567e-07,0.12686834172353895
14,10,400497,flow,13,400183,flow,6,1.7200860168690556e-05,0.00046865419078722786,0.0962905318342628
14,10,400497,flow,13,400183,flow,11,0.0035612801791224265,0.03593861925083424,0.06537326461180437
14,10,400497,flow,14,401469,flow,1,0.0006683931405734942,0.010046828000269641,0.07628053676073479
14,10,400497,flow,14,401469,flow,3,0.0018220343964153302,0.021846207583997298,0.06991991798588126
14,10,400497,flow,14,401469,flow,7,0.002946053877605229,0.03133607103596378,0.06668689981265837
14,10,400497,flow,16,405838,flow,2,0.00020059300645250457,0.0037223444496341054,0.08334283289005537
14,10,400497,flow,16,405838,flow,6,2.155022204801979e-05,0.000566972955221958,0.09517018446298221
14,10,400497,flow,16,405838,flow,12,1.6814351385731684e-08,9.433506231994919e-07,0.12617470545350637
14,10,400497,flow,17,400260,flow,9,0.004969241571402002,0.04622188988387888,-0.0630096507354264
14,10,400497,flow,18,404528,flow,1,5.6245810923152746e-05,0.0012715960236656134,0.09025872278571194
14,10,400497,flow,18,404528,flow,11,0.00017022684028052538,0.0032438462726593277,0.08426461006771964
14,10,400497,flow,19,401795,flow,1,0.004812747864396382,0.04502180765308005,0.06323991596039283
14,10,400497,flow,19,401795,flow,2,8.910820110419787e-06,0.0002593985369070989,0.09949185839814684
14,10,400497,flow,19,401795,flow,11,0.004737362287923084,0.04450936294873362,0.06335326431812872
14,10,400497,flow,19,401795,flow,12,0.0008285476488121639,0.011840310429601549,0.0749581445484826
14,10,400497,occupancy,1,400125,flow,12,0.0007989998714010799,0.011474998153100616,0.07518315028811502
14,10,400497,occupancy,10,400497,flow,1,0.004229854068290788,0.04079663035928323,0.06416182920590621
14,10,400497,occupancy,10,400497,flow,2,0.00022239549321485943,0.004062361651958531,0.08275867157829912
14,10,400497,occupancy,10,400497,flow,7,0.001910844686616106,0.022642986643513715,-0.0696055003201853
14,10,400497,occupancy,10,400497,flow,11,0.00018091444258893773,0.003412883807791314,0.08390266045278512
14,10,400497,occupancy,10,400497,flow,12,4.583215303400696e-05,0.0010748908854881112,-0.09130448400382504
14,10,400497,occupancy,11,405841,flow,5,0.0012284379362339423,0.016071628965871082,0.07247857211619782
14,10,400497,occupancy,12,404520,flow,1,0.0003447110151417403,0.005862801517371331,-0.0802348707657006
14,10,400497,occupancy,12,404520,flow,2,0.0033053173539594038,0.0340380714400587,-0.06589256185574838
14,10,400497,occupancy,15,401472,flow,1,0.0007684959228139699,0.011174671137942222,0.0754236819197616
14,10,400497,occupancy,15,401472,flow,11,0.005031371596987057,0.046642758152326366,0.06292004611982897
14,10,400497,occupancy,15,401472,flow,12,0.0008470825240385057,0.01205334816813684,0.07482076885542459
14,10,400497,speed,12,404520,flow,2,0.00011972846801541898,0.002416948513208458,0.08621059097425682
14,11,405841,flow,0,400593,flow,1,6.701902419712971e-05,0.0014794184186591739,0.08933469560565124
14,11,405841,flow,0,400593,flow,6,0.0002414206195134787,0.0043437612507214824,0.08229127462576992
14,11,405841,flow,0,400593,flow,8,1.3775667782145398e-05,0.0003839411923797943,0.0973823791026978
14,11,405841,flow,2,400331,flow,4,2.8543875346868917e-06,9.671336588115585e-05,0.10481581935409734
14,11,405841,flow,3,400039,flow,1,0.0017028428110489728,0.02076872090268651,0.07036478411059412
14,11,405841,flow,3,400039,flow,7,0.0007866937398058418,0.011358679665645844,0.07527914492096847
14,11,405841,flow,6,405843,flow,3,0.00430517556522712,0.04133733973561234,0.0640364494052962
14,11,405841,flow,6,405843,flow,7,0.0020312160640080876,0.023690208953874026,0.06920009880821892
14,11,405841,flow,7,408093,flow,3,0.0009949708525126735,0.013701861915380137,0.07381480987615968
14,11,405841,flow,8,401448,flow,6,0.00032929356223258274,0.0056427932917285095,0.0805016984846624
14,11,405841,flow,9,402391,flow,1,6.991751855774392e-05,0.0015355550593261502,0.08911012894485933
14,11,405841,flow,10,400497,flow,8,0.00474304169322871,0.04455303351760823,0.06334466825948074
14,11,405841,flow,11,405841,flow,1,1.2424199821547836e-46,3.9465105315504887e-44,0.3135761672115807
14,11,405841,flow,11,405841,flow,2,2.103832633392161e-28,4.207665266784322e-26,0.24430082587425386
14,11,405841,flow,11,405841,flow,3,4.123344837559819e-10,2.9138317120464038e-08,0.13959554953768907
14,11,405841,flow,11,405841,flow,4,0.00028438569245883925,0.0050092017526074915,0.08135139724503693
14,11,405841,flow,11,405841,flow,5,4.631512115259297e-06,0.0001482083876882975,0.10258401084283054
14,11,405841,flow,11,405841,flow,6,3.744018885612198e-05,0.000908660763249702,0.09237180935583394
14,11,405841,flow,11,405841,flow,7,1.5645554852197292e-05,0.00043160151316406326,0.0967579336767936
14,11,405841,flow,11,405841,flow,9,7.504981435869296e-06,0.00022483716922992622,0.10031185240834979
14,11,405841,flow,11,405841,flow,11,0.0001394937847666861,0.0027516582200551778,0.08537061831804515
14,11,405841,flow,11,405841,flow,12,0.002435472836670253,0.027193700321570157,0.06798329156721966
14,11,405841,flow,12,404520,flow,1,0.0041183772971004505,0.04003463079089547,0.06435115786075012
14,11,405841,flow,13,400183,flow,1,5.966739275612822e-06,0.0001846440807352965,0.10139753144307444
14,11,405841,flow,13,400183,flow,2,1.919058357707488e-05,0.0005158887433289576,0.09574804875276618
14,11,405841,flow,13,400183,flow,7,0.004461435530956324,0.042452426197646075,0.06378255495253986
14,11,405841,flow,13,400183,flow,9,0.0005495441755101962,0.008586006648115905,0.07746844239656664
14,11,405841,flow,15,401472,flow,1,0.0004912809184361116,0.007822829220950985,0.0781411947040082
14,11,405841,flow,15,401472,flow,2,0.003494962352979964,0.03547635160456959,0.06550446784791249
14,11,405841,flow,15,401472,flow,4,0.003502337741676243,0.035533346745047836,0.0654897650332335
14,11,405841,flow,15,401472,flow,5,0.005476085594382935,0.04977212238109463,0.062306370039198956
14,11,405841,flow,15,401472,flow,6,0.0007602969949275869,0.01108125174793244,0.07548984257225
14,11,405841,flow,15,401472,flow,7,0.0002693844797406967,0.004787087422788193,0.08166344275889006
14,11,405841,flow,15,401472,flow,8,0.004591572518986254,0.04343883351048085,0.06357717851337327
14,11,405841,flow,15,401472,flow,9,0.003898556338331172,0.03839016043216472,0.0647385242340126
14,11,405841,flow,16,405838,flow,2,0.0047591205060366045,0.04466521960912043,0.06332038257446743
14,11,405841,flow,16,405838,flow,5,0.003705963007726082,0.03701323092122825,0.06509456320278692
14,11,405841,flow,16,405838,flow,8,0.00060611098437743,0.009287248652112664,0.0768760391905199
14,11,405841,flow,17,400260,flow,6,0.0020406793397766817,0.023749451035699542,0.06916916889775401
14,11,405841,flow,19,401795,flow,7,0.001166628568182526,0.015445404273823207,0.07280782954577292
14,11,405841,occupancy,0,400593,flow,6,0.002272276455326801,0.025817342197370273,0.06845047015783776
14,11,405841,occupancy,0,400593,flow,8,0.0004643613386577216,0.0074908177109834105,0.0784775290814279
14,11,405841,occupancy,2,400331,flow,4,2.5400204652468702e-05,0.0006527595722704627,0.094345486978454
14,11,405841,occupancy,3,400039,flow,1,0.0005037919914354012,0.007998461606030625,0.07799068971605486
14,11,405841,occupancy,4,400316,flow,2,0.002583013585463747,0.028429601755932194,0.06758495108688455
14,11,405841,occupancy,5,400503,flow,3,0.003962276256790142,0.0388846738512799,0.06462423908941495
14,11,405841,occupancy,5,400503,flow,6,0.0028081518581711336,0.030350803170626214,0.06701546656438612
14,11,405841,occupancy,6,405843,flow,8,5.924085361260121e-05,0.0013310887138660839,0.0899860805476449
14,11,405841,occupancy,7,408093,flow,3,0.0003762715482112604,0.006298362278010219,0.07972177796181498
14,11,405841,occupancy,8,401448,flow,4,0.000777939938750445,0.011269954847088941,0.07534828084819392
14,11,405841,occupancy,9,402391,flow,1,0.0007746978118356128,0.011234288510002844,0.07537406982362993
14,11,405841,occupancy,9,402391,flow,5,0.004047944735327973,0.03953921093914851,0.06447318819241893
14,11,405841,occupancy,10,400497,flow,3,0.0025568298241904945,0.028212876201341025,0.06765409970445004
14,11,405841,occupancy,11,405841,flow,2,2.8148336375589906e-06,9.544804799258115e-05,-0.10485321271362058
14,11,405841,occupancy,11,405841,flow,4,2.1980708179479512e-05,0.0005761933212096571,0.09507129895039987
14,11,405841,occupancy,11,405841,flow,5,0.003391768668675449,0.03475436586498563,0.06571319928088722
14,11,405841,occupancy,11,405841,flow,6,0.0030291628253636344,0.03190147100334203,0.06649559503053312
14,11,405841,occupancy,11,405841,flow,7,3.4708718554332478e-06,0.00011516256847520452,0.10391961122999546
14,11,405841,occupancy,11,405841,flow,9,1.0290179299387742e-06,3.8655282237700044e-05,0.10937861394893292
14,11,405841,occupancy,11,405841,flow,11,3.908167992908712e-06,0.00012780685639186706,0.10337219489353969
14,11,405841,occupancy,11,405841,flow,12,0.002107488833366483,0.024388834074854555,0.06895447522742111
14,11,405841,occupancy,12,404520,flow,2,0.0016184491083425573,0.019913066327391128,0.07069742422524858
14,11,405841,occupancy,13,400183,flow,1,1.5825747384914643e-06,5.673628937994295e-05,0.10747600641745653
14,11,405841,occupancy,13,400183,flow,2,1.0407805094639861e-05,0.0002993456591800546,0.09874473853335326
14,11,405841,occupancy,13,400183,flow,3,0.0024172006560658566,0.0270596186426652,0.06803415032473122
14,11,405841,occupancy,13,400183,flow,6,0.0009045232454844271,0.012682701786733934,0.0744120558545458
14,11,405841,occupancy,13,400183,flow,7,0.0016016468002130009,0.01972943877080172,0.07076554998601015
14,11,405841,occupancy,13,400183,flow,9,0.0003160484828722778,0.0054558225188504105,0.08074042873430229
14,11,405841,occupancy,14,401469,flow,1,0.0029402084130697413,0.03131653253901285,0.0667005397310516
14,11,405841,occupancy,14,401469,flow,5,0.00010833530489777337,0.0022107157163834715,0.08675629690080724
14,11,405841,occupancy,14,401469,flow,8,0.0026845450217537017,0.029278552118091366,0.06732273603016213
14,11,405841,occupancy,14,401469,flow,12,0.0024224683484618645,0.027090508064600713,0.06801945226668926
14,11,405841,occupancy,15,401472,flow,1,4.295610798350402e-10,3.022318998187905e-08,0.13948887421316436
14,11,405841,occupancy,15,401472,flow,2,3.0013816504583287e-09,1.906760107349997e-07,0.13259495207636376
14,11,405841,occupancy,15,401472,flow,3,5.6772831303790223e-08,2.8651709256118432e-06,0.1214414031069384
14,11,405841,occupancy,15,401472,flow,4,9.499725733455235e-09,5.591119232769294e-07,0.12833695492009134
14,11,405841,occupancy,15,401472,flow,5,6.035269349507994e-09,3.641391562831639e-07,0.13002977086471643
14,11,405841,occupancy,15,401472,flow,6,3.941289322623933e-09,2.449837391904373e-07,0.13160037706049904
14,11,405841,occupancy,15,401472,flow,7,4.785085958749621e-09,2.923843188373177e-07,0.1308876253301476
14,11,405841,occupancy,15,401472,flow,8,9.556964498864949e-08,4.612970573753808e-06,0.11935985582845782
14,11,405841,occupancy,15,401472,flow,9,1.861444203806804e-08,1.0429881920162636e-06,0.12578573787866512
14,11,405841,occupancy,15,401472,flow,10,8.599430175487713e-06,0.0002521893102059083,0.09966225326550907
14,11,405841,occupancy,15,401472,flow,11,2.7770721226221876e-06,9.446418558840827e-05,0.10494109053338138
14,11,405841,occupancy,15,401472,flow,12,9.069691318441277e-07,3.442975966227269e-05,0.10993070057868375
14,11,405841,occupancy,16,405838,flow,2,1.876796604843769e-05,0.0005051988203194938,0.09585864119350619
14,11,405841,occupancy,16,405838,flow,5,3.1660477444548154e-07,1.3541907184202775e-05,0.11443376693335527
14,11,405841,occupancy,16,405838,flow,8,0.0012112505657041782,0.015938478354681845,0.07256856562494242
14,11,405841,occupancy,16,405838,flow,9,0.003993323233163952,0.03912714077402647,0.06456915768222145
14,11,405841,occupancy,16,405838,flow,10,0.000401948845583146,0.00662249814233101,0.07933317952600212
14,11,405841,occupancy,18,404528,flow,7,0.0030971411028348937,0.032433797308477105,0.06634264324085981
14,11,405841,occupancy,19,401795,flow,7,0.0008414875973914268,0.011993488686014396,0.07486194101809611
14,11,405841,speed,12,404520,flow,7,0.004127005919296422,0.040073422277726554,0.06433633841148025
14,11,405841,speed,15,401472,flow,5,0.003652830891147413,0.036601724913106294,-0.065195743398719
14,12,404520,flow,0,400593,flow,1,0.0017062819898490547,0.020794451471023597,0.0703515523936417
14,12,404520,flow,1,400125,flow,1,0.00012522624154193468,0.0025115012231251527,0.08596455527456127
14,12,404520,flow,1,400125,flow,3,1.3166207298057674e-05,0.0003674290408760281,0.0976034769388022
14,12,404520,flow,1,400125,flow,4,0.002688197421276206,0.029303590360618748,0.06731347315137441
14,12,404520,flow,1,400125,flow,6,0.00122374576930647,0.01605442051838873,0.07250302452630832
14,12,404520,flow,1,400125,flow,9,0.00036306368400138396,0.006136287616924799,-0.07993141827751295
14,12,404520,flow,1,400125,flow,10,0.00047833118564937887,0.007658972283192427,-0.07830078598048998
14,12,404520,flow,3,400039,flow,1,6.134013728166791e-14,6.542947976711243e-12,0.16732829407202215
14,12,404520,flow,3,400039,flow,2,1.0338062833711526e-14,1.172189801617685e-12,0.17237680392571983
14,12,404520,flow,3,400039,flow,3,1.7969892574634955e-11,1.4456226428756611e-09,0.15006872329070892
14,12,404520,flow,3,400039,flow,4,0.00014092449303749322,0.002774069460600534,0.08531425363760221
14,12,404520,flow,3,400039,flow,5,6.6426373515358615e-09,3.9745420164314295e-07,0.12967375954642552
14,12,404520,flow,3,400039,flow,6,1.3159710593258801e-05,0.0003674290408760281,0.09760588594383982
14,12,404520,flow,3,400039,flow,12,2.600125180931908e-07,1.1461776307781473e-05,0.11525757745220344
14,12,404520,flow,4,400316,flow,1,0.0,0.0,0.7932818469341754
14,12,404520,flow,4,400316,flow,2,0.001133807879543162,0.015126775909902593,-0.0729709271662081
14,12,404520,flow,4,400316,flow,3,9.043164956872547e-13,8.548462278706653e-11,-0.15938877508812627
14,12,404520,flow,4,400316,flow,4,1.1815025663082728e-06,4.366202811335961e-05,-0.108771294966388
14,12,404520,flow,4,400316,flow,8,2.016675213850008e-08,1.1197990904668426e-06,-0.12544720971332832
14,12,404520,flow,4,400316,flow,11,0.0006909295231312801,0.010271409779583275,0.07605859384994985
14,12,404520,flow,4,400316,flow,12,5.075722875604835e-12,4.307882676348308e-10,0.1540415491667411
14,12,404520,flow,5,400503,flow,1,4.980736338237401e-08,2.540351945830646e-06,0.12195914891684648
14,12,404520,flow,5,400503,flow,2,8.051747203495414e-07,3.0836478651684566e-05,0.11044887750670285
14,12,404520,flow,5,400503,flow,4,0.0013602641982219457,0.017391510096500862,0.07182457252660433
14,12,404520,flow,5,400503,flow,5,0.0011121557616133259,0.014925482728081913,0.07311164354728522
14,12,404520,flow,5,400503,flow,6,0.0051657046162125585,0.04752093283389384,0.06272967723568412
14,12,404520,flow,5,400503,flow,7,0.0037897018264470513,0.03760906812368855,0.0649377422398851
14,12,404520,flow,6,405843,flow,1,4.531284055188537e-06,0.00014532403205949875,0.102685876590211
14,12,404520,flow,6,405843,flow,2,4.422452104009692e-05,0.0010445594909416003,0.09151259446262244
14,12,404520,flow,6,405843,flow,3,5.374041894771888e-05,0.0012256011477067064,0.09049756190077402
14,12,404520,flow,6,405843,flow,12,0.00018510073564376807,0.003478186942066455,0.08379534859433167
14,12,404520,flow,7,408093,flow,2,0.003495077602524263,0.03547635160456959,0.06550423788139872
14,12,404520,flow,7,408093,flow,3,2.245516634959742e-05,0.0005853542853846816,0.0949644243099479
14,12,404520,flow,7,408093,flow,5,1.8697184722366185e-05,0.0005041937453222342,0.0958773949640054
14,12,404520,flow,7,408093,flow,6,0.0004724491748991676,0.00759575897121103,0.07837460946383414
14,12,404520,flow,8,401448,flow,1,0.0010508926563127523,0.014280768402865966,0.0734702125142415
14,12,404520,flow,8,401448,flow,4,0.00020772318684547588,0.0038316147189259428,0.08314549726261425
14,12,404520,flow,8,401448,flow,5,0.0011883103620639276,0.015672694448359344,0.07269053551005145
14,12,404520,flow,8,401448,flow,6,0.0007983460971745696,0.01146942181507862,0.07518821548804516
14,12,404520,flow,8,401448,flow,12,0.0031631974536895672,0.03294361861123175,0.06619691839987304
14,12,404520,flow,9,402391,flow,1,0.0003659487681780511,0.006157231255139565,0.079885023857432
14,12,404520,flow,9,402391,flow,2,2.2363970487971285e-06,7.778772343642186e-05,0.10592397377525128
14,12,404520,flow,9,402391,flow,3,0.0010337111379770294,0.014096060972414037,0.07357424538715784
14,12,404520,flow,9,402391,flow,4,0.00021791959968875258,0.0040026048922423944,0.08287407269435566
14,12,404520,flow,10,400497,flow,1,2.0654744211630405e-07,9.323771681739117e-06,0.11621346389302395
14,12,404520,flow,10,400497,flow,2,8.533153882191845e-05,0.0018123512670141972,0.08804639809560177
14,12,404520,flow,10,400497,flow,3,0.005022862228925248,0.04658386609909204,0.06293225914256989
14,12,404520,flow,10,400497,flow,4,3.027612307684683e-06,0.00010202250521995187,0.10454656478623085
14,12,404520,flow,10,400497,flow,6,0.000209242411494113,0.0038547002885056213,0.08310427384886278
14,12,404520,flow,10,400497,flow,9,7.894206628647887e-06,0.00023422371315768456,-0.10007103467143413
14,12,404520,flow,10,400497,flow,12,5.019045353146955e-06,0.00015907759299776115,0.10220904504484625
14,12,404520,flow,11,405841,flow,12,3.8456861533705114e-05,0.0009301995622934271,0.0922340760024676
14,12,404520,flow,12,404520,flow,1,0.0,0.0,0.8314816460094419
14,12,404520,flow,12,404520,flow,2,4.791383924515641e-06,0.0001526458595420912,-0.10237448557425152
14,12,404520,flow,12,404520,flow,3,2.2026480294963733e-19,3.2925396150257206e-17,-0.20004474903515201
14,12,404520,flow,12,404520,flow,4,1.2098840886121127e-09,8.16671759813176e-08,-0.13582595569725658
14,12,404520,flow,12,404520,flow,8,0.0010934482783153264,0.014733925646669402,-0.07321916003123277
14,12,404520,flow,12,404520,flow,10,3.149655454414624e-06,0.00010596971622329575,0.10436559320052095
14,12,404520,flow,12,404520,flow,11,6.037805748596465e-18,8.280419312360867e-16,0.19200869428938006
14,12,404520,flow,12,404520,flow,12,1.9330020113496917e-29,3.9021349014161996e-27,0.24896611360981213
14,12,404520,flow,13,400183,flow,1,0.0004382826461116755,0.0071152988771230295,0.07882116260889335
14,12,404520,flow,13,400183,flow,2,4.47932547765561e-05,0.0010556839096275087,0.09144635957261422
14,12,404520,flow,13,400183,flow,6,0.003533658271967907,0.035761872977069335,0.06542763962022749
14,12,404520,flow,14,401469,flow,8,7.228407178366526e-05,0.001577107020734515,0.08893320915292839
14,12,404520,flow,15,401472,flow,8,0.004345646051486279,0.04165340790419508,0.06396990104633728
14,12,404520,flow,15,401472,flow,12,0.00460819864194347,0.043542034412064286,0.06355132056802536
14,12,404520,flow,16,405838,flow,1,0.0004040858287766597,0.006655168815536293,0.0793018919524806
14,12,404520,flow,16,405838,flow,3,0.004143404606619223,0.04021457627633125,0.06430825133004334
14,12,404520,flow,16,405838,flow,6,8.656552029536433e-06,0.0002535342696108298,0.09963055910530816
14,12,404520,flow,16,405838,flow,7,0.0006743766901250822,0.010115650351876233,0.07622607239724923
14,12,404520,flow,16,405838,flow,8,1.4336667219711772e-05,0.0003985482779224894,0.09718695290928883
14,12,404520,flow,17,400260,flow,5,0.0019165928327641675,0.022677844529009047,0.06958561521111631
14,12,404520,flow,17,400260,flow,8,0.00253775716583895,0.028052996306100985,-0.06770487717788254
14,12,404520,flow,17,400260,flow,9,2.0414151146839485e-07,9.224804702337507e-06,-0.11626191407191319
14,12,404520,flow,17,400260,flow,10,1.4830650078431023e-06,5.339034028235168e-05,-0.1077651024733648
14,12,404520,flow,18,404528,flow,1,1.3320926689561883e-08,7.622040172040706e-07,0.12706102693176372
14,12,404520,flow,18,404528,flow,2,4.0070061472692644e-09,2.4871072638223023e-07,0.13153976937477552
14,12,404520,flow,18,404528,flow,3,1.235825599185169e-10,9.25262840291149e-09,0.1437343753678174
14,12,404520,flow,18,404528,flow,4,3.3503320162691803e-06,0.00011176397150797574,0.10408214546055793
14,12,404520,flow,18,404528,flow,5,0.0034488390293140932,0.03519515632314617,0.06559705968729537
14,12,404520,flow,18,404528,flow,12,5.382959253096944e-08,2.726188039083095e-06,0.12165222658178294
14,12,404520,flow,19,401795,flow,1,0.0013603220512980652,0.017391510096500862,0.07182429857765907
14,12,404520,flow,19,401795,flow,5,0.0023025109391662107,0.026049523424401456,0.06836164959394522
14,12,404520,flow,19,401795,flow,6,0.0017758993180799108,0.02146059533016655,0.07008884759507898
14,12,404520,flow,19,401795,flow,7,0.005335332308042329,0.04876985943872802,0.06249557669952838
14,12,404520,flow,19,401795,flow,9,0.0012248272046044165,0.01605442051838873,-0.0724973811512703
14,12,404520,flow,19,401795,flow,10,0.00011548663843567508,0.002338969892368103,-0.08640780702899321
14,12,404520,flow,19,401795,flow,12,0.0003271966224040684,0.005615770396446466,0.08053888868264958
14,12,404520,occupancy,0,400593,flow,7,0.003217253814901248,0.03335381924735635,0.06607971418413165
14,12,404520,occupancy,0,400593,flow,10,0.002273360410157327,0.025817342197370273,0.06844726715127723
14,12,404520,occupancy,0,400593,flow,11,0.00022267946228327922,0.004064102093678338,0.0827514237606638
14,12,404520,occupancy,0,400593,flow,12,0.002771082359008313,0.03004435285876858,0.06710629842924007
14,12,404520,occupancy,1,400125,flow,1,4.995155000934051e-12,4.247848347251004e-10,0.15413000277770275
14,12,404520,occupancy,1,400125,flow,2,6.447623225902969e-05,0.0014276643944592942,0.0895393988347091
14,12,404520,occupancy,1,400125,flow,10,0.00031349170963680705,0.005425818051406276,0.08078758749879054
14,12,404520,occupancy,1,400125,flow,11,2.2182515480629943e-10,1.613273853136723e-08,0.14175671012708405
14,12,404520,occupancy,1,400125,flow,12,7.134918704992549e-12,5.996663191744711e-10,0.1530098913898179
14,12,404520,occupancy,3,400039,flow,1,4.073423929979037e-26,7.891117209645488e-24,0.23404564522470225
14,12,404520,occupancy,3,400039,flow,2,4.406432254416242e-15,5.13093998357902e-13,0.17474153068263187
14,12,404520,occupancy,3,400039,flow,3,1.67320778860698e-09,1.1139925371369742e-07,0.13470374337049904
14,12,404520,occupancy,3,400039,flow,4,5.069538894041338e-07,2.0739022748350928e-05,0.11244089093669046
14,12,404520,occupancy,3,400039,flow,5,2.379548618596508e-07,1.0597577352924653e-05,0.11562658569772875
14,12,404520,occupancy,3,400039,flow,6,1.29202911671848e-05,0.00036103271566777706,0.09769546386422182
14,12,404520,occupancy,3,400039,flow,7,0.00016624515768419256,0.0031805982338162617,0.08439676930611212
14,12,404520,occupancy,3,400039,flow,8,7.213032030287187e-06,0.00021711870777478792,0.10050044972842109
14,12,404520,occupancy,3,400039,flow,9,1.0945547373511924e-08,6.381209804800473e-07,0.12780379482469056
14,12,404520,occupancy,3,400039,flow,10,1.7585405728428985e-16,2.2409720574281187e-14,0.18338978018994243
14,12,404520,occupancy,3,400039,flow,11,6.944002513550812e-22,1.1406118197163313e-19,0.21338824003472584
14,12,404520,occupancy,3,400039,flow,12,6.540075597838298e-21,1.012656866762059e-18,0.2083194292280252
14,12,404520,occupancy,4,400316,flow,8,3.2060314824967936e-05,0.0007991953839807356,0.09316557157489816
14,12,404520,occupancy,4,400316,flow,9,2.4721342654059804e-15,2.9748245199314304e-13,0.1763256781910286
14,12,404520,occupancy,4,400316,flow,10,3.647795436366987e-25,6.821851205673326e-23,0.22957415701411854
14,12,404520,occupancy,4,400316,flow,11,2.423070393194424e-18,3.4320210159343977e-16,0.19427372590301437
14,12,404520,occupancy,4,400316,flow,12,2.7854833562981776e-05,0.0007057646979007699,0.09387970171799372
14,12,404520,occupancy,5,400503,flow,1,1.0496013805835386e-09,7.163156341423202e-08,0.13636358128186168
14,12,404520,occupancy,5,400503,flow,2,5.617925342936416e-07,2.2681717272416184e-05,0.11200156399273913
14,12,404520,occupancy,5,400503,flow,3,5.884216436696315e-06,0.00018261361355264425,0.10146310155170868
14,12,404520,occupancy,5,400503,flow,4,4.3700879751047864e-06,0.00014100123338088414,0.10285432064896105
14,12,404520,occupancy,5,400503,flow,5,2.984412564208993e-07,1.2854099977450498e-05,0.1146815234425307
14,12,404520,occupancy,5,400503,flow,6,3.601763463179211e-07,1.5150553223889182e-05,0.11389126086003794
14,12,404520,occupancy,5,400503,flow,7,5.460475982571068e-07,2.210801897348361e-05,0.11212331604600824
14,12,404520,occupancy,5,400503,flow,8,6.674903794917281e-07,2.6261916570166355e-05,0.11126046723752561
14,12,404520,occupancy,5,400503,flow,9,2.3016519808210902e-08,1.2491377584355666e-06,0.12497009240991931
14,12,404520,occupancy,5,400503,flow,10,8.351981810387702e-13,7.947260224862308e-11,0.15962915471161285
14,12,404520,occupancy,5,400503,flow,11,9.717950157095994e-13,9.146306030207994e-11,0.15917088755204462
14,12,404520,occupancy,5,400503,flow,12,1.2548137207078899e-13,1.2815118849782704e-11,0.16525443811925267
14,12,404520,occupancy,6,405843,flow,1,4.941071739246399e-15,5.692114643611851e-13,0.17442589670636968
14,12,404520,occupancy,6,405843,flow,2,1.9144272651829847e-08,1.0657636321637235e-06,0.12567819383094592
14,12,404520,occupancy,6,405843,flow,3,0.0003841147793855159,0.006388606481665082,0.0796005172291508
14,12,404520,occupancy,6,405843,flow,4,0.002268786094922337,0.02579930489619504,0.06846079342720167
14,12,404520,occupancy,6,405843,flow,5,0.0010574302555525698,0.014338037363424675,0.07343104041846976
14,12,404520,occupancy,6,405843,flow,9,0.0001285819020502502,0.002564514389921888,0.08581933699067816
14,12,404520,occupancy,6,405843,flow,10,1.0642143145379721e-09,7.217277611937269e-08,0.13631465612548588
14,12,404520,occupancy,6,405843,flow,11,5.976269545831979e-16,7.334512624430157e-14,0.18015612810018333
14,12,404520,occupancy,6,405843,flow,12,7.985959236126919e-17,1.0422762507573501e-14,0.18544526046377174
14,12,404520,occupancy,7,408093,flow,1,6.667930281642932e-14,7.0428994661852e-12,0.16708781940853046
14,12,404520,occupancy,7,408093,flow,2,1.6823420145727523e-11,1.3609957870700918e-09,0.1502805597687388
14,12,404520,occupancy,7,408093,flow,3,5.938299688042276e-09,3.587895755572396e-07,0.13008981436084918
14,12,404520,occupancy,7,408093,flow,4,2.688417822894827e-07,1.1802809954172411e-05,0.11511827992997022
14,12,404520,occupancy,7,408093,flow,5,9.302188811537424e-05,0.0019469697512520191,0.08758200146705947
14,12,404520,occupancy,7,408093,flow,6,4.9281163623154e-05,0.0011421385560730969,0.09095001450598311
14,12,404520,occupancy,7,408093,flow,7,3.242876080193538e-05,0.0008055908376328973,0.09310731569776143
14,12,404520,occupancy,7,408093,flow,8,8.973310055070005e-06,0.0002608660796628696,0.09945834954229199
14,12,404520,occupancy,7,408093,flow,9,2.789136826004607e-07,1.2194821083005959e-05,0.11496466980932213
14,12,404520,occupancy,7,408093,flow,10,7.389892034127344e-07,2.8554860096091345e-05,0.11082079407018032
14,12,404520,occupancy,7,408093,flow,11,6.187469322242402e-09,3.7228227677001636e-07,0.12993739411009894
14,12,404520,occupancy,7,408093,flow,12,4.9192221948396864e-11,3.829016194902243e-09,0.1467946843813838
14,12,404520,occupancy,8,401448,flow,1,1.9999810122837254e-10,1.4619150546642458e-08,0.1421088918302478
14,12,404520,occupancy,8,401448,flow,2,8.264066885005952e-08,4.03398519132494e-06,0.11994433321594625
14,12,404520,occupancy,8,401448,flow,3,6.820567725015633e-07,2.6713374952010456e-05,0.11116733001329757
14,12,404520,occupancy,8,401448,flow,4,3.341306700116019e-06,0.00011172171009675854,0.10409453956687824
14,12,404520,occupancy,8,401448,flow,5,0.00010370491251957063,0.0021333582004025957,0.08699370131740361
14,12,404520,occupancy,8,401448,flow,6,0.0016241280637406548,0.019955157097154803,0.07067454565690982
14,12,404520,occupancy,8,401448,flow,9,0.0007289367344528363,0.01072915397899916,0.07574916566247843
14,12,404520,occupancy,8,401448,flow,10,1.2231784514488405e-07,5.7561338891710145e-06,0.11836118753917974
14,12,404520,occupancy,8,401448,flow,11,4.451116098673823e-09,2.754845493735088e-07,0.1311538852094125
14,12,404520,occupancy,8,401448,flow,12,3.798602649034977e-11,2.9728194644621557e-09,0.14764211537230412
14,12,404520,occupancy,9,402391,flow,1,1.6904844957493741e-09,1.1200756168155361e-07,0.134666952155773
14,12,404520,occupancy,9,402391,flow,2,3.892284951155903e-07,1.6259771922551915e-05,0.11356367844364035
14,12,404520,occupancy,9,402391,flow,3,7.204099451725881e-06,0.00021711870777478792,0.10050633441651448
14,12,404520,occupancy,9,402391,flow,4,1.950377255221905e-05,0.0005223577025764804,0.09566757744347124
14,12,404520,occupancy,9,402391,flow,5,5.373338326207838e-06,0.00016857532003789296,0.10188973945670407
14,12,404520,occupancy,9,402391,flow,6,2.3498375156755387e-05,0.0006078847458846292,0.09473679323737769
14,12,404520,occupancy,9,402391,flow,7,0.0005645513040122783,0.008788690570569522,0.07730593810925396
14,12,404520,occupancy,9,402391,flow,8,0.00012174410193107116,0.00245190918574465,0.08611917478612825
14,12,404520,occupancy,9,402391,flow,9,1.9795477553410243e-07,8.963989835506524e-06,0.11638907978756671
14,12,404520,occupancy,9,402391,flow,10,1.9766094985598146e-10,1.4497373571779965e-08,0.14214880330633495
14,12,404520,occupancy,9,402391,flow,11,7.881608643381942e-14,8.224287280050722e-12,0.16660492997038465
14,12,404520,occupancy,9,402391,flow,12,7.012027022174432e-14,7.37030577513225e-12,0.1669426682439171
14,12,404520,occupancy,10,400497,flow,1,2.4197151208688186e-12,2.1420428938838723e-10,0.15638216299272517
14,12,404520,occupancy,10,400497,flow,2,2.449884292389029e-07,1.0843750146639964e-05,0.11550545480050403
14,12,404520,occupancy,10,400497,flow,3,1.5057111677059156e-06,5.411540968793307e-05,0.10769770719589027
14,12,404520,occupancy,10,400497,flow,4,3.663502993748852e-08,1.9090872054276285e-06,0.12316578204088602
14,12,404520,occupancy,10,400497,flow,5,1.8314481994195025e-05,0.0004948002640082709,0.09597997894509837
14,12,404520,occupancy,10,400497,flow,6,0.0005015288209451127,0.007965457744422378,0.07801765518040148
14,12,404520,occupancy,10,400497,flow,8,0.0012199651151908353,0.016028738739733605,0.07252278977498337
14,12,404520,occupancy,10,400497,flow,9,1.6790819201123035e-10,1.2441910625875044e-08,0.14270156068939474
14,12,404520,occupancy,10,400497,flow,10,1.2797123545637233e-17,1.7222297108147305e-15,0.1901238512919454
14,12,404520,occupancy,10,400497,flow,11,2.7836398159724896e-22,4.6791143988331344e-20,0.21541763591871768
14,12,404520,occupancy,10,400497,flow,12,1.805432754851103e-15,2.1847253504080572e-13,0.17718092242819278
14,12,404520,occupancy,11,405841,flow,4,0.0037360982684769683,0.03722494519026849,0.0650377604190895
14,12,404520,occupancy,11,405841,flow,5,0.00048563496236538327,0.007758665079210265,0.07821028700719733
14,12,404520,occupancy,11,405841,flow,6,0.00046876703362773404,0.007547795696130493,0.07842126025408813
14,12,404520,occupancy,11,405841,flow,8,0.0020179655479032814,0.023567480851425186,0.06924362975306612
14,12,404520,occupancy,11,405841,flow,9,1.9913480344758415e-05,0.0005316825407253174,0.0955641431397623
14,12,404520,occupancy,11,405841,flow,10,1.0290390232485829e-07,4.928435233296983e-06,0.11906146996035444
14,12,404520,occupancy,11,405841,flow,11,0.00038766350816393867,0.006428815183371267,0.07954640998536124
14,12,404520,occupancy,12,404520,flow,2,0.0001172527968081004,0.002372515607545638,-0.08632487671477165
14,12,404520,occupancy,12,404520,flow,4,0.004629666731237312,0.04368754975741631,0.0635180567020272
14,12,404520,occupancy,12,404520,flow,5,4.663045015760806e-07,1.9258465074652662e-05,0.11279717815335262
14,12,404520,occupancy,12,404520,flow,6,2.4121073779753386e-08,1.3009118443013062e-06,0.12478928334359153
14,12,404520,occupancy,12,404520,flow,7,3.226781422641191e-09,2.0379672142996997e-07,0.13233131528979816
14,12,404520,occupancy,12,404520,flow,8,1.5419665544591745e-17,2.049629389311887e-15,0.1896530371329087
14,12,404520,occupancy,12,404520,flow,9,5.131213825489603e-30,1.0505613140338904e-27,0.2514521626450819
14,12,404520,occupancy,12,404520,flow,10,1.325548513700825e-35,3.146356911641518e-33,0.27426274670254003
14,12,404520,occupancy,12,404520,flow,11,9.78798842961727e-17,1.2697930935719701e-14,0.18491772085181776
14,12,404520,occupancy,13,400183,flow,10,0.0030630753386918785,0.03215670829440806,0.06641890488104969
14,12,404520,occupancy,13,400183,flow,11,2.1213456788989336e-05,0.0005587934959050849,0.0952488604093729
14,12,404520,occupancy,13,400183,flow,12,3.865980204908043e-05,0.000934062331387178,0.09220699674792554
14,12,404520,occupancy,14,401469,flow,1,2.6810056633211456e-12,2.3350694486990625e-10,0.15606554009075704
14,12,404520,occupancy,14,401469,flow,2,6.228175646178212e-08,3.103312432697794e-06,0.12107378995086433
14,12,404520,occupancy,14,401469,flow,3,2.102835507235253e-07,9.472627102457031e-06,0.11613929662801127
14,12,404520,occupancy,14,401469,flow,4,1.0923297259282776e-06,4.071496476281414e-05,0.10911658933220696
14,12,404520,occupancy,14,401469,flow,5,1.7557851550542635e-09,1.1562487606454905e-07,0.13453112366808714
14,12,404520,occupancy,14,401469,flow,6,4.802987656583786e-09,2.926503057326087e-07,0.13087386837209286
14,12,404520,occupancy,14,401469,flow,7,6.677956042012273e-06,0.000203734252129188,0.10086587088903524
14,12,404520,occupancy,14,401469,flow,8,2.266106043719049e-06,7.869435778831424e-05,0.10586431779699576
14,12,404520,occupancy,14,401469,flow,9,6.101760469993849e-08,3.0544154380502234e-06,0.12115528126132907
14,12,404520,occupancy,14,401469,flow,10,7.81803017676197e-10,5.41248243006598e-08,0.13740180750197686
14,12,404520,occupancy,14,401469,flow,11,3.590414196168328e-14,3.887365746227363e-12,0.1688631192863378
14,12,404520,occupancy,14,401469,flow,12,1.1581942241297989e-12,1.0853360191411564e-10,0.1586383413777132
14,12,404520,occupancy,15,401472,flow,1,2.2865618042181964e-39,6.212545279385288e-37,0.2884730848315432
14,12,404520,occupancy,15,401472,flow,2,3.971713967215475e-36,9.639215920433063e-34,0.27628997312262255
14,12,404520,occupancy,15,401472,flow,3,6.195774130873062e-35,1.439018507815679e-32,0.2716435700721729
14,12,404520,occupancy,15,401472,flow,4,1.495846595865971e-36,3.7352932336075113e-34,0.27792001792813636
14,12,404520,occupancy,15,401472,flow,5,2.5119461648191634e-39,6.740128839763221e-37,0.2883232743405282
14,12,404520,occupancy,15,401472,flow,6,3.6243011350160595e-39,9.60550975660698e-37,0.2877381889872006
14,12,404520,occupancy,15,401472,flow,7,1.1265160781083878e-35,2.703638587460131e-33,0.27453741607136206
14,12,404520,occupancy,15,401472,flow,8,3.2327478766393745e-32,6.913599419347573e-30,0.2607059845114172
14,12,404520,occupancy,15,401472,flow,9,4.789776698186057e-33,1.0503469713788713e-30,0.2640983513525232
14,12,404520,occupancy,15,401472,flow,10,4.3533024565141763e-38,1.1397737340691661e-35,0.2837336507491644
14,12,404520,occupancy,15,401472,flow,11,9.695054950095625e-45,2.9916169560295073e-42,0.3074429679391485
14,12,404520,occupancy,15,401472,flow,12,7.605971666691485e-47,2.433910933341275e-44,0.31450752871636606
14,12,404520,occupancy,16,405838,flow,1,5.343630402228476e-24,9.460853826896319e-22,0.22396576432847165
14,12,404520,occupancy,16,405838,flow,2,2.5473416557391645e-18,3.5845328836459903e-16,0.19415036634593424
14,12,404520,occupancy,16,405838,flow,3,1.8098595404351002e-16,2.292842584950039e-14,0.1833144252113712
14,12,404520,occupancy,16,405838,flow,4,2.274528844531923e-21,3.6664047046186223e-19,0.21072285579737401
14,12,404520,occupancy,16,405838,flow,5,9.908816021894035e-25,1.8061639331047357e-22,0.2275039415492409
14,12,404520,occupancy,16,405838,flow,6,1.5816924293713875e-22,2.6901225570411e-20,0.21666232168318192
14,12,404520,occupancy,16,405838,flow,7,5.669409245382753e-12,4.792925232887181e-10,0.1537331575138113
14,12,404520,occupancy,16,405838,flow,8,5.256401626424332e-07,2.14223160624086e-05,0.11228625610583863
14,12,404520,occupancy,16,405838,flow,9,6.834460067563029e-07,2.6719337096717e-05,0.1111585475595296
14,12,404520,occupancy,16,405838,flow,10,7.45603770604701e-09,4.442770053810081e-07,0.1292436016503031
14,12,404520,occupancy,16,405838,flow,11,3.92684647459852e-18,5.489960119827057e-16,0.1930794499922631
14,12,404520,occupancy,16,405838,flow,12,1.3137249651380848e-22,2.2610724499587753e-20,0.21706939070243186
14,12,404520,occupancy,17,400260,flow,1,2.8532528402332985e-07,1.240045499980669e-05,0.11486964871890044
14,12,404520,occupancy,17,400260,flow,2,0.003671988989159167,0.0367368977146077,0.06515910715041963
14,12,404520,occupancy,17,400260,flow,10,4.9080431499133195e-05,0.0011393200648912164,0.09097128202666944
14,12,404520,occupancy,17,400260,flow,11,7.852884398047436e-10,5.4192429072787415e-08,0.13738618676025036
14,12,404520,occupancy,17,400260,flow,12,7.352972054280727e-08,3.6302673456563135e-06,0.12041205222367228
14,12,404520,occupancy,18,404528,flow,1,4.952119257447807e-18,6.834873863314546e-16,0.19245524637264988
14,12,404520,occupancy,18,404528,flow,2,3.5367561008107566e-09,2.2143168631162995e-07,0.13199662234271628
14,12,404520,occupancy,18,404528,flow,3,1.3389560791667387e-06,4.8771418735247144e-05,0.10821865840708449
14,12,404520,occupancy,18,404528,flow,4,4.195864170841758e-05,0.0009986850257871292,0.0917847536432032
14,12,404520,occupancy,18,404528,flow,5,0.001488887353270741,0.018627261413639157,0.07124052609585393
14,12,404520,occupancy,18,404528,flow,9,7.695184933520471e-06,0.00022958010298900852,0.10019271772176701
14,12,404520,occupancy,18,404528,flow,10,2.0928041369567215e-08,1.1517087734589856e-06,0.12533623175193334
14,12,404520,occupancy,18,404528,flow,11,3.211399618751529e-08,1.692059390084721e-06,0.12367969124881012
14,12,404520,occupancy,18,404528,flow,12,0.00015430782151998177,0.002984472356947829,0.0848116209507155
14,12,404520,occupancy,19,401795,flow,1,1.4398593154351867e-08,8.162981945774287e-07,0.12676564356231546
14,12,404520,occupancy,19,401795,flow,2,0.0003916343410949194,0.006474881208011635,0.07948641254968483
14,12,404520,occupancy,19,401795,flow,4,0.0005777714454908895,0.00894934616178072,0.07716608090512966
14,12,404520,occupancy,19,401795,flow,5,0.0012713687818948162,0.016453903947829855,0.07225876235598407
14,12,404520,occupancy,19,401795,flow,10,1.0440096895936538e-05,0.0002998751236066878,0.09872978051418561
14,12,404520,occupancy,19,401795,flow,11,1.2707343440766504e-10,9.481126712281744e-09,0.1436408184281643
14,12,404520,occupancy,19,401795,flow,12,9.76406829765503e-08,4.702427541345566e-06,0.11927341323710137
14,12,404520,speed,1,400125,flow,1,3.157228959443557e-07,1.3517570966101255e-05,-0.11444547549660375
14,12,404520,speed,1,400125,flow,2,0.0002144788960143582,0.003944439466930726,-0.08296430552092418
14,12,404520,speed,3,400039,flow,1,0.0037612059040175003,0.03741710562194351,-0.06499075126183053
14,12,404520,speed,3,400039,flow,7,0.005024522836745586,0.04658926519583801,-0.06292987429727431
14,12,404520,speed,3,400039,flow,10,0.0037509027208653704,0.03734477933657156,-0.06501000738185135
14,12,404520,speed,3,400039,flow,11,0.0013598001189018224,0.017391510096500862,-0.07182677044821591
14,12,404520,speed,4,400316,flow,10,0.00012350922861836754,0.0024782158273634358,-0.08604028357036851
14,12,404520,speed,4,400316,flow,11,2.9798862172954864e-07,1.2854099977450498e-05,-0.11468788161217545
14,12,404520,speed,6,405843,flow,1,2.1647493506500855e-07,9.721119745123045e-06,-0.11601914564100978
14,12,404520,speed,7,408093,flow,1,5.108074880737533e-05,0.0011734720542979585,-0.09076293196187823
14,12,404520,speed,7,408093,flow,2,3.435425837247153e-05,0.0008456103755325622,-0.09281273351441381
14,12,404520,speed,7,408093,flow,3,0.0002719029828932356,0.004820935253524539,-0.08158943961758376
14,12,404520,speed,7,408093,flow,5,0.0005218819876905502,0.00822521045904114,-0.07777911658409686
14,12,404520,speed,7,408093,flow,6,0.0010321342254574102,0.014079001749213805,-0.07358387342865848
14,12,404520,speed,7,408093,flow,9,0.0021422152432635727,0.024704671251731536,-0.06884533337930569
14,12,404520,speed,7,408093,flow,10,0.002204011973998936,0.02520674915733283,-0.06865505988811145
14,12,404520,speed,8,401448,flow,1,0.0006540419882998303,0.00988269111386942,-0.07641303504161288
14,12,404520,speed,8,401448,flow,3,0.0025291655756827683,0.027986668255506043,-0.0677278647518455
14,12,404520,speed,10,400497,flow,1,0.00038393300310144427,0.006388606481665082,-0.0796033013122445
14,12,404520,speed,10,400497,flow,10,0.004936161651702908,0.04597718485415387,-0.0630577727620981
14,12,404520,speed,10,400497,flow,12,0.00022845702802266006,0.004145272509067421,-0.08260581342318407
14,12,404520,speed,11,405841,flow,10,0.001696850534927554,0.020713431546480834,-0.07038789727104032
14,12,404520,speed,11,405841,flow,12,0.0004311447537106531,0.007025685969853629,-0.0789185418520156
14,12,404520,speed,12,404520,flow,3,0.0008518089338474335,0.012106117250578353,0.0747861838748089
14,12,404520,speed,12,404520,flow,7,0.0028824521055614708,0.03095250583153257,-0.06683665510984113
14,12,404520,speed,12,404520,flow,8,0.0045735100474173914,0.0432900162244591,-0.06360536656319785
14,12,404520,speed,12,404520,flow,10,0.0005774272170890436,0.00894934616178072,-0.07716968460592832
14,12,404520,speed,12,404520,flow,11,5.7459108629617535e-05,0.0012962054792686568,-0.09014665684326693
14,12,404520,speed,14,401469,flow,1,3.9123082766843067e-05,0.0009441995394009053,-0.09214568089789098
14,12,404520,speed,14,401469,flow,2,0.0005407969700754511,0.008470786478339192,-0.07756507720734794
14,12,404520,speed,14,401469,flow,3,7.447924636161949e-06,0.00022343773908485847,-0.10034815297495099
14,12,404520,speed,14,401469,flow,4,5.030916662277804e-07,2.062007588333977e-05,-0.11247353608940942
14,12,404520,speed,14,401469,flow,5,2.954332716936193e-07,1.2762717337164354e-05,-0.11472395241936581
14,12,404520,speed,14,401469,flow,6,1.8527792868628208e-09,1.212728260492028e-07,-0.13433818898682062
14,12,404520,speed,14,401469,flow,7,6.175070990204914e-11,4.738242749144801e-09,-0.14604528320682372
14,12,404520,speed,14,401469,flow,8,2.8418256769861848e-12,2.460257900717499e-10,-0.1558853750452686
14,12,404520,speed,14,401469,flow,9,1.631527162486522e-08,9.165406166374219e-07,-0.1262897165285844
14,12,404520,speed,14,401469,flow,10,3.215801378583902e-14,3.5349267062296328e-12,-0.16917712416213923
14,12,404520,speed,14,401469,flow,11,1.7075112427910576e-07,7.838946406862242e-06,-0.11699808130510382
14,12,404520,speed,14,401469,flow,12,0.00047700600420367206,0.007654776887666654,-0.07831734382747145
14,12,404520,speed,15,401472,flow,1,2.0236382966154656e-07,9.154049676836452e-06,-0.1162980682567359
14,12,404520,speed,15,401472,flow,2,1.22934700658435e-05,0.0003466273759265301,-0.09793770271441764
14,12,404520,speed,15,401472,flow,3,7.787173393958614e-05,0.0016744942290642714,-0.08853629354761201
14,12,404520,speed,15,401472,flow,4,5.546505194773194e-05,0.0012583849337684191,-0.09033205376973356
14,12,404520,speed,15,401472,flow,5,2.9955526622196773e-06,0.00010117894840335422,-0.10459526418686169
14,12,404520,speed,15,401472,flow,6,9.383154587722153e-09,5.537599428819632e-07,-0.12838331851021462
14,12,404520,speed,15,401472,flow,7,2.7426479914891557e-09,1.752698124738632e-07,-0.13292244306216697
14,12,404520,speed,15,401472,flow,8,8.949127688881821e-12,7.463365176828082e-10,-0.15229380757038152
14,12,404520,speed,15,401472,flow,9,1.7486763976026743e-09,1.155088996581583e-07,-0.13454566944270432
14,12,404520,speed,15,401472,flow,10,9.877165407338432e-11,7.433685463362723e-09,-0.1444848384201699
14,12,404520,speed,15,401472,flow,11,4.053195974906003e-12,3.47416797849086e-10,-0.15478269243661816
14,12,404520,speed,15,401472,flow,12,6.252384978347558e-14,6.652784016369814e-12,-0.16727325290073047
14,12,404520,speed,16,405838,flow,1,5.3543713298946e-09,3.253288909303048e-07,-0.1304728759121293
14,12,404520,speed,16,405838,flow,2,1.061899572630689e-06,3.9855831049214387e-05,-0.10924065252029934
14,12,404520,speed,16,405838,flow,3,3.25623381865256e-06,0.0001092452594735466,-0.10421296916934096
14,12,404520,speed,16,405838,flow,4,2.0465611618336382e-08,1.1320287092344837e-06,-0.12542208557215367
14,12,404520,speed,16,405838,flow,5,0.00032876326635119813,0.005637153159150061,-0.08051108256061637
14,12,404520,speed,16,405838,flow,6,9.08078179354228e-06,0.0002638128940692848,-0.0994012378920506
14,12,404520,speed,16,405838,flow,7,2.556512505361581e-05,0.0006558274360547523,-0.09431287869577294
14,12,404520,speed,16,405838,flow,12,1.4649823466726145e-05,0.00040646909040627455,-0.09708101042631746
14,12,404520,speed,19,401795,flow,1,0.00012553754964182668,0.002515761329657208,-0.08595092995562152
14,12,404520,speed,19,401795,flow,2,0.0019201787640227546,0.022707835369773614,-0.06957323775877444
14,13,400183,flow,0,400593,flow,1,1.1378828713406764e-05,0.00032318566759971876,0.09831319016633173
14,13,400183,flow,0,400593,flow,8,0.002188502895536337,0.025064508241561444,0.068702348920026
14,13,400183,flow,0,400593,flow,11,0.0011453258115637303,0.015224023095247122,0.0729250502428348
14,13,400183,flow,0,400593,flow,12,1.5945333528819042e-05,0.0004393102094674634,0.09666449935252593
14,13,400183,flow,2,400331,flow,10,0.000627990177112965,0.009540700650745679,0.07666061901330519
14,13,400183,flow,3,400039,flow,12,4.2574732287511515e-05,0.001011120634865584,0.09170940027303355
14,13,400183,flow,4,400316,flow,11,0.001585391759850776,0.019551505573951907,0.07083208533846864
14,13,400183,flow,5,400503,flow,2,0.002504722238238483,0.027773100793609458,0.0677936576761743
14,13,400183,flow,6,405843,flow,2,1.6814514543522517e-05,0.0004588673583576581,0.09640276015214919
14,13,400183,flow,6,405843,flow,8,0.0015552807496850372,0.01927374947920077,0.07095701152559294
14,13,400183,flow,6,405843,flow,10,0.004498463347276517,0.04269191928874023,0.06372357306021455
14,13,400183,flow,7,408093,flow,2,0.002375556578150781,0.02675287908657814,0.0681513891529252
14,13,400183,flow,7,408093,flow,3,4.197247770784904e-06,0.00013592286634026075,0.10304167345875234
14,13,400183,flow,7,408093,flow,4,0.0012423716633204213,0.016209742028221747,0.07240646361815758
14,13,400183,flow,8,401448,flow,5,0.004628761823981954,0.04368754975741631,0.06351945599592343
14,13,400183,flow,8,401448,flow,8,0.004557190606534028,0.04318285461773854,0.06363092123600049
14,13,400183,flow,8,401448,flow,11,0.003324784516587692,0.03420592786772762,0.06585180358279667
14,13,400183,flow,10,400497,flow,7,0.0046868843488562,0.0441278884212394,0.06343007744977838
14,13,400183,flow,11,405841,flow,1,0.002529153019080998,0.027986668255506043,0.0677278984003639
14,13,400183,flow,11,405841,flow,5,0.00047085924034235015,0.007573015332386272,0.0783947113712324
14,13,400183,flow,11,405841,flow,6,0.0001310133656420148,0.002608192348264995,0.08571632716002824
14,13,400183,flow,11,405841,flow,8,0.0011033602525305464,0.014844336004148117,0.07316198364244274
14,13,400183,flow,11,405841,flow,11,7.321294044334637e-05,0.0015917458616771833,0.08886526084867494
14,13,400183,flow,12,404520,flow,11,0.0007085259382667901,0.010485892611553728,0.07592356820860546
14,13,400183,flow,13,400183,flow,1,7.193208703360403e-14,7.542393591873045e-12,0.16678614386098536
14,13,400183,flow,13,400183,flow,2,1.2825667681800998e-27,2.5299947207936214e-25,0.24079666250289072
14,13,400183,flow,13,400183,flow,3,4.9498895784550055e-21,7.719683385893727e-19,0.20890475646729026
14,13,400183,flow,13,400183,flow,4,2.019904790571531e-14,2.266490570199744e-12,0.1704534110884815
14,13,400183,flow,13,400183,flow,5,7.621147512452649e-12,6.3928849036496e-10,0.15280186477598393
14,13,400183,flow,13,400183,flow,6,6.216416036292538e-11,4.744685031233881e-09,0.14602323059186312
14,13,400183,flow,13,400183,flow,7,0.0035269321642402486,0.03570739852242295,0.06544093876707241
14,13,400183,flow,13,400183,flow,8,0.0014784497545181387,0.018550400637578734,0.07128615198424385
14,13,400183,flow,13,400183,flow,10,8.993422242153584e-05,0.0018924298142281287,0.08776393751850303
14,13,400183,flow,13,400183,flow,11,1.7832663533513084e-06,6.314516923342337e-05,0.10694257725310773
14,13,400183,flow,13,400183,flow,12,7.309285014125425e-08,3.6169657801857774e-06,0.1204358655313586
14,13,400183,flow,14,401469,flow,2,0.00023610720980780364,0.004261190097828775,0.08241823313746392
14,13,400183,flow,14,401469,flow,7,0.00010683123766046747,0.0021872556715318457,0.08683234491134607
14,13,400183,flow,14,401469,flow,8,0.0005922864567428835,0.00912509804967638,0.07701591354466854
14,13,400183,flow,18,404528,flow,1,0.002704457479485428,0.029451112456206324,0.06727237485031892
14,13,400183,flow,19,401795,flow,7,0.0034998893297815232,0.035516847321250135,0.06549464281046029
14,13,400183,occupancy,0,400593,flow,1,1.9958583884437894e-06,6.970176425284696e-05,0.10643705093416475
14,13,400183,occupancy,0,400593,flow,4,0.004439886062990687,0.04228462917133988,0.06381708562184742
14,13,400183,occupancy,0,400593,flow,8,0.0014243550691422108,0.017997115819521355,0.07152747665223226
14,13,400183,occupancy,2,400331,flow,3,0.0015349986022952047,0.01907708274429023,0.07104241976320226
14,13,400183,occupancy,2,400331,flow,10,0.0008255512601905572,0.011801394586443439,0.07498062003906025
14,13,400183,occupancy,3,400039,flow,12,0.0013811783883697967,0.017570198698539822,0.07172623147178835
14,13,400183,occupancy,9,402391,flow,10,0.003092990115704365,0.03240775478982017,0.0663518948777776
14,13,400183,occupancy,11,405841,flow,5,0.0023521011138903287,0.02653022666320162,0.06821825266118975
14,13,400183,occupancy,13,400183,flow,2,2.090893919869281e-08,1.1517087734589856e-06,-0.12533974162327602
14,13,400183,occupancy,13,400183,flow,3,5.643216207012976e-08,2.8513092414381355e-06,-0.12146525641904987
14,13,400183,occupancy,13,400183,flow,4,0.0004944329277099603,0.00786432344516579,-0.07810294321090974
14,13,400183,occupancy,13,400183,flow,5,0.003247373046451503,0.03358141852868901,0.06601518579458768
14,13,400183,occupancy,15,401472,flow,1,0.003827386045027702,0.03783594442681847,0.06486819394328841
14,13,400183,occupancy,15,401472,flow,6,0.00287226158534174,0.03085846970010854,0.06686092912672505
14,13,400183,occupancy,15,401472,flow,7,0.0018964733765969941,0.02251996972759487,0.06965545757643213
14,13,400183,occupancy,16,405838,flow,3,0.00519357774584246,0.04770626379340725,0.06269073791314987
14,13,400183,occupancy,16,405838,flow,6,0.0020491548338489223,0.023835080458339642,0.06914157889456016
14,13,400183,occupancy,17,400260,flow,11,0.0034655146159240403,0.035300691206771644,0.06556345445070468
14,13,400183,speed,13,400183,flow,1,0.0031804806723016764,0.0330837382719558,-0.06615924810384871
14,13,400183,speed,13,400183,flow,3,0.0021363058762532976,0.024643101162654862,0.06886379096367191
14,14,401469,flow,0,400593,flow,6,2.349924827841043e-05,0.0006078847458846292,0.09473660677631664
14,14,401469,flow,0,400593,flow,10,0.0022541498901187517,0.02567341820541262,0.0685042411403542
14,14,401469,flow,3,400039,flow,7,0.0035939806157415785,0.03621645966877448,0.06530938568548621
14,14,401469,flow,4,400316,flow,12,0.0021138665725808233,0.024449541080452896,0.06893430765962606
14,14,401469,flow,5,400503,flow,2,0.0011199602396336533,0.014997607672713523,0.07306728256541145
14,14,401469,flow,5,400503,flow,6,0.0018079277300412444,0.021717529861610164,0.06997115042682842
14,14,401469,flow,7,408093,flow,6,0.0013724860449418792,0.017505579315467725,0.07176693612423561
14,14,401469,flow,7,408093,flow,12,0.0004843697432420043,0.007747394224389552,0.0782258727357784
14,14,401469,flow,9,402391,flow,9,0.001919146722374572,0.022701845127760543,0.06957679785100652
14,14,401469,flow,9,402391,flow,10,0.004600747814749553,0.04348114320655889,0.06356289808475124
14,14,401469,flow,9,402391,flow,11,0.0008019656122032384,0.011505961126146507,0.07516022098424868
14,14,401469,flow,11,405841,flow,1,0.0015585916163576314,0.01929166919570803,0.07094316685450466
14,14,401469,flow,11,405841,flow,6,0.00105614500481785,0.014329605593006006,0.07343872368984805
14,14,401469,flow,13,400183,flow,2,0.002568762813700712,0.02831691372396107,0.06762250604385929
14,14,401469,flow,13,400183,flow,3,0.004075542078843759,0.039752408626337866,0.0644251457463872
14,14,401469,flow,13,400183,flow,6,0.00448197060578184,0.0425540945428078,0.06374978997570047
14,14,401469,flow,13,400183,flow,10,0.0011846840313846046,0.015631750200309994,0.07271001487858177
14,14,401469,flow,14,401469,flow,1,1.7786787287455925e-132,8.537657897978843e-130,0.5105332242000614
14,14,401469,flow,14,401469,flow,2,2.0770731817549297e-10,1.5157020515508948e-08,0.1419095947500708
14,14,401469,flow,14,401469,flow,3,1.6150315899060226e-07,7.430177282634737e-06,0.11719734167664124
14,14,401469,flow,14,401469,flow,4,1.3467332871372e-05,0.00037558991610282144,0.09749304369314142
14,14,401469,flow,14,401469,flow,7,1.1274464592689982e-05,0.00032085432832951725,0.0983578506404513
14,14,401469,flow,15,401472,flow,4,0.0016862886942523275,0.02061337622855137,0.07042881923085705
14,14,401469,flow,15,401472,flow,5,0.0030491521568567523,0.03204168649384863,0.0664502968329465
14,14,401469,flow,15,401472,flow,7,0.0011745422712180521,0.015535892870979746,0.07276478656412524
14,14,401469,flow,15,401472,flow,11,0.0032589103570012145,0.03365644930013207,0.06599061215578235
14,14,401469,flow,15,401472,flow,12,0.001119531047717185,0.014996508918258107,0.07306971467796562
14,14,401469,flow,16,405838,flow,1,8.651266451070652e-09,5.112649940988402e-07,0.1286557039468229
14,14,401469,flow,17,400260,flow,2,0.0003656819466598615,0.006157231255139565,0.07988930018931527
14,14,401469,flow,17,400260,flow,7,0.0024534514375752535,0.027344969582882083,0.06793358940261167
14,14,401469,flow,17,400260,flow,12,3.165977768696661e-06,0.00010643598413050252,0.10434190100728419
14,14,401469,occupancy,0,400593,flow,1,0.0024190267851680295,0.02706603395992201,0.06802905169526136
14,14,401469,occupancy,1,400125,flow,5,0.004678423075834719,0.044080234869369656,-0.06344302628579146
14,14,401469,occupancy,15,401472,flow,5,0.0024622177067336625,0.027414382714147995,0.06790947556395423
14,14,401469,occupancy,15,401472,flow,7,0.0007320822761988256,0.010771782810554928,0.07572269226642632
14,14,401469,occupancy,17,400260,flow,1,0.0008299621945009793,0.011848782539492606,0.07494756040884185
14,14,401469,occupancy,17,400260,flow,6,9.710331924053493e-06,0.0002802179954035477,0.09907911760862238
14,14,401469,occupancy,19,401795,flow,8,3.147550661683937e-05,0.0007868876654209842,-0.09325935509009632
14,14,401469,speed,15,401472,flow,2,0.003219790559158552,0.03336635176636385,-0.06607425821767504
14,14,401469,speed,15,401472,flow,3,0.001300276799581194,0.016762744775263377,-0.07211457643558575
14,14,401469,speed,15,401472,flow,7,0.0009388032719895069,0.013070029439235157,-0.07417945272971077
14,14,401469,speed,15,401472,flow,8,0.0019411436437615846,0.02289934609789745,-0.06950129558193087
14,14,401469,speed,15,401472,flow,11,0.0032530728765949694,0.033617506057523915,-0.06600303565131296
14,15,401472,flow,5,400503,flow,1,5.882103776897514e-05,0.0013241630180405035,0.09002349994377441
14,15,401472,flow,5,400503,flow,2,0.0034178828175529417,0.03495272294758294,0.06565983747903324
14,15,401472,flow,5,400503,flow,5,0.003088754951785016,0.032371230935738154,0.06636134579296768
14,15,401472,flow,5,400503,flow,6,0.0025491852860555285,0.028143318261589275,0.0676744101901441
14,15,401472,flow,7,408093,flow,1,1.8234449732094416e-10,1.3465439802162031e-08,0.14242235755666538
14,15,401472,flow,7,408093,flow,2,4.8873667959445424e-08,2.4956766617589153e-06,0.12203382512146208
14,15,401472,flow,7,408093,flow,3,6.345747946256179e-07,2.514970177961752e-05,0.11147835025484296
14,15,401472,flow,7,408093,flow,4,4.148750712731605e-06,0.00013445313637659815,0.10309557044994339
14,15,401472,flow,7,408093,flow,5,2.30669535044544e-05,0.0005995742427150603,0.09482974182736717
14,15,401472,flow,7,408093,flow,6,5.3237129716500615e-05,0.0012156751406283582,0.09054680948327821
14,15,401472,flow,7,408093,flow,7,0.0016320370804192425,0.020046631183995245,0.07064280520756196
14,15,401472,flow,9,402391,flow,1,0.00013253324727697908,0.0026311747621164967,0.08565284733006953
14,15,401472,flow,9,402391,flow,2,6.694328396318503e-06,0.00020408961659912445,0.10085428082430087
14,15,401472,flow,9,402391,flow,3,0.0004206589599553912,0.006870497947097504,0.07906435817260421
14,15,401472,flow,9,402391,flow,4,0.00011365385770858988,0.002302929949817581,0.08649513901533128
14,15,401472,flow,9,402391,flow,5,7.779514719767029e-06,0.00023113826402609052,0.10014079512989305
14,15,401472,flow,9,402391,flow,6,0.0006256352293569836,0.009526768384991785,0.07668346752475733
14,15,401472,flow,9,402391,flow,7,0.000205929433257008,0.003801774152437071,0.08319453573844654
14,15,401472,flow,9,402391,flow,8,6.459311843292976e-05,0.0014295198341713964,0.08952982302902951
14,15,401472,flow,9,402391,flow,9,0.0014063365798335319,0.01781251380688407,0.07160973678893802
14,15,401472,flow,9,402391,flow,10,7.270425298076629e-05,0.0015846739297523226,0.08890237058505901
14,15,401472,flow,9,402391,flow,11,7.285132330250271e-05,0.001587078752732283,0.08889161636623139
14,15,401472,flow,9,402391,flow,12,2.7648880039838396e-05,0.0007017812090017736,0.09391725250648394
14,15,401472,flow,11,405841,flow,4,0.0034764663479787865,0.03535389506419105,0.06554146404686267
14,15,401472,flow,11,405841,flow,5,0.0025396634380801483,0.028066886806104478,0.06769978641750374
14,15,401472,flow,11,405841,flow,8,0.002582363379326139,0.028429601755932194,0.06758666044382046
14,15,401472,flow,11,405841,flow,9,0.002990752867270699,0.03164352776539167,0.06658340662554466
14,15,401472,flow,12,404520,flow,5,0.005296855495869586,0.04845916082625289,0.0625480826185529
14,15,401472,flow,14,401469,flow,1,0.0001443462263175125,0.002826725737496165,0.08518160415531902
14,15,401472,flow,14,401469,flow,2,0.0015688778551364506,0.019381047567027358,0.07090032604497891
14,15,401472,flow,14,401469,flow,3,0.0008572062167724712,0.012161349282289248,0.07474690667747286
14,15,401472,flow,14,401469,flow,4,0.005164996620795944,0.04752093283389384,0.06273066878797262
14,15,401472,flow,14,401469,flow,5,0.0005418526947820218,0.00848424661637671,0.0775533371888301
14,15,401472,flow,14,401469,flow,6,0.00027704869077989206,0.004899100876664486,0.08150203930269165
14,15,401472,flow,14,401469,flow,7,0.0037561011615015894,0.03737930665212363,0.06500028576728831
14,15,401472,flow,15,401472,flow,1,0.0,0.0,0.9067147581338745
14,15,401472,flow,15,401472,flow,2,0.0,0.0,0.8774141917331888
14,15,401472,flow,15,401472,flow,3,0.0,0.0,0.850431687816797
14,15,401472,flow,15,401472,flow,4,0.0,0.0,0.8283630020352156
14,15,401472,flow,15,401472,flow,5,0.0,0.0,0.8099575930325796
14,15,401472,flow,15,401472,flow,6,0.0,0.0,0.7985753421729354
14,15,401472,flow,15,401472,flow,7,0.0,0.0,0.7744295446420937
14,15,401472,flow,15,401472,flow,8,0.0,0.0,0.7507422253859123
14,15,401472,flow,15,401472,flow,9,0.0,0.0,0.7299836296585805
14,15,401472,flow,15,401472,flow,10,8.393642957692804e-308,6.841610863628851e-305,0.7126654262341418
14,15,401472,flow,15,401472,flow,11,4.0424155854037545e-284,2.9105392214907034e-281,0.6928907735536886
14,15,401472,flow,15,401472,flow,12,4.7968117524886436e-272,3.2378479329298346e-269,0.6821502465971968
14,15,401472,flow,16,405838,flow,1,3.8310224006901174e-05,0.0009276915230370688,0.09225372698030417
14,15,401472,flow,16,405838,flow,5,0.0036608129207281385,0.03666754420947266,0.0651804581058916
14,15,401472,flow,16,405838,flow,6,0.0024570018101223723,0.027377476966026947,0.06792381372828947
14,15,401472,flow,18,404528,flow,8,0.0034941437232684338,0.03547635160456959,-0.065506101522877
14,15,401472,flow,18,404528,flow,9,0.0015354484524109618,0.019077185258600388,-0.07104051420885395
14,15,401472,flow,18,404528,flow,11,0.0009993200870070968,0.013751607655466213,-0.07378737497094782
14,15,401472,occupancy,5,400503,flow,1,5.8212914881586977e-05,0.001311156372723961,0.09007815434404308
14,15,401472,occupancy,5,400503,flow,2,0.0031454942204925123,0.03282135500893342,0.06623569901330552
14,15,401472,occupancy,5,400503,flow,5,0.0031781105324584238,0.033067046002457585,0.0661644029855295
14,15,401472,occupancy,5,400503,flow,6,0.0020362943505107694,0.023723817675853624,0.06918348447528211
14,15,401472,occupancy,7,408093,flow,1,8.609329965692061e-11,6.513538608019213e-09,0.14494297461691472
14,15,401472,occupancy,7,408093,flow,2,2.2987225961866013e-08,1.2491377584355666e-06,0.1249750013700764
14,15,401472,occupancy,7,408093,flow,3,7.010492919505528e-07,2.730868296867798e-05,0.11104872790307269
14,15,401472,occupancy,7,408093,flow,4,3.4908758210152053e-06,0.00011552754198152043,0.10389316266599671
14,15,401472,occupancy,7,408093,flow,5,1.651803234943484e-05,0.00045191830113716603,0.09649056223428215
14,15,401472,occupancy,7,408093,flow,6,5.062950432691458e-05,0.001167126247023858,0.09080924925110062
14,15,401472,occupancy,7,408093,flow,7,0.0015506162484612044,0.019232449593317266,0.07097656262352937
14,15,401472,occupancy,9,402391,flow,1,0.00010721712794677775,0.002193077617093181,0.08681273787749416
14,15,401472,occupancy,9,402391,flow,2,5.963627867257488e-06,0.0001846440807352965,0.1013999878959161
14,15,401472,occupancy,9,402391,flow,3,0.0003762979870264902,0.006298362278010219,0.07972136525210888
14,15,401472,occupancy,9,402391,flow,4,0.00010860440865375518,0.002214115362832574,0.08674279566320156
14,15,401472,occupancy,9,402391,flow,5,5.561424247912851e-06,0.00017384481006500375,0.10172832410598573
14,15,401472,occupancy,9,402391,flow,6,0.0006747640425644979,0.010117947462265294,0.07622256207028115
14,15,401472,occupancy,9,402391,flow,7,0.00017884674294170732,0.0033812600853749476,0.08398817839097912
14,15,401472,occupancy,9,402391,flow,8,5.5487283574122144e-05,0.0012583849337684191,0.09032995223702694
14,15,401472,occupancy,9,402391,flow,9,0.0012458488725660764,0.016245297704453515,0.07238858507676629
14,15,401472,occupancy,9,402391,flow,10,5.95507467456675e-05,0.0013357176840149722,0.08995861951045496
14,15,401472,occupancy,9,402391,flow,11,5.984314386885354e-05,0.0013408837215427764,0.08993283257689495
14,15,401472,occupancy,9,402391,flow,12,2.0346666861874164e-05,0.0005405818216963231,0.09545696097293647
14,15,401472,occupancy,11,405841,flow,4,0.0032730991940638507,0.0337465119769829,0.06596049931888157
14,15,401472,occupancy,11,405841,flow,5,0.002189149736412294,0.025065271299499363,0.06870037050027553
14,15,401472,occupancy,11,405841,flow,8,0.0022446646531852047,0.025598151386792133,0.06853253629174771
14,15,401472,occupancy,11,405841,flow,9,0.0030982946866257187,0.032433797308477105,0.06634007416254173
14,15,401472,occupancy,12,404520,flow,5,0.005342606061123966,0.0488053672743826,0.06248568927214659
14,15,401472,occupancy,14,401469,flow,1,8.915089297623214e-05,0.0018805266487173968,0.08781103131384234
14,15,401472,occupancy,14,401469,flow,2,0.001069438400231273,0.014469069492637331,0.07335966953669444
14,15,401472,occupancy,14,401469,flow,3,0.0006592992946297392,0.009936185139452974,0.07636418577734562
14,15,401472,occupancy,14,401469,flow,4,0.004618469920182467,0.043610470065985264,0.06353538821528805
14,15,401472,occupancy,14,401469,flow,5,0.0003826927234824785,0.006374558369817495,0.07962233033804285
14,15,401472,occupancy,14,401469,flow,6,0.00022144053486942533,0.004050055506502614,0.08278310908059686
14,15,401472,occupancy,14,401469,flow,7,0.0027818298437339564,0.030119059962232308,0.06707985013920799
14,15,401472,occupancy,15,401472,flow,1,0.0,0.0,0.9054388791708362
14,15,401472,occupancy,15,401472,flow,2,0.0,0.0,0.8760406386002285
14,15,401472,occupancy,15,401472,flow,3,0.0,0.0,0.8499105656872027
14,15,401472,occupancy,15,401472,flow,4,0.0,0.0,0.8280017457817354
14,15,401472,occupancy,15,401472,flow,5,0.0,0.0,0.8098731966532152
14,15,401472,occupancy,15,401472,flow,6,0.0,0.0,0.7989469590238047
14,15,401472,occupancy,15,401472,flow,7,0.0,0.0,0.7752275896166663
14,15,401472,occupancy,15,401472,flow,8,0.0,0.0,0.7512686262963905
14,15,401472,occupancy,15,401472,flow,9,0.0,0.0,0.730389535677323
14,15,401472,occupancy,15,401472,flow,10,3.434678972011464e-308,2.853425607517216e-305,0.7129760616153977
14,15,401472,occupancy,15,401472,flow,11,6.936888613727655e-285,5.079213357848046e-282,0.6935560967911033
14,15,401472,occupancy,15,401472,flow,12,1.1937174554582011e-272,8.18549112314195e-270,0.6826988076640746
14,15,401472,occupancy,16,405838,flow,1,1.5215678447607352e-05,0.0004213572493183574,0.09689493691254586
14,15,401472,occupancy,16,405838,flow,5,0.0020799090550076707,0.02413431941346532,0.06904233648123408
14,15,401472,occupancy,16,405838,flow,6,0.001490362971221458,0.0186403243650165,0.07123409949991848
14,15,401472,occupancy,18,404528,flow,8,0.004014502965765054,0.039299009318162326,-0.06453180455530769
14,15,401472,occupancy,18,404528,flow,9,0.001478909073588822,0.018550775835957347,-0.0712841379328978
14,15,401472,occupancy,18,404528,flow,11,0.0011406368730220446,0.015180379825801704,-0.07295112183272873
14,15,401472,speed,0,400593,flow,8,0.0034877353938267824,0.03544346483493696,-0.06551890216198138
14,15,401472,speed,4,400316,flow,9,0.0013251840593299204,0.01701276414949556,-0.07199269689695963
14,15,401472,speed,6,405843,flow,12,2.6722745597611164e-05,0.0006818798640382766,-0.09408946481261872
14,15,401472,speed,7,408093,flow,2,0.00028203407715150276,0.004975039662288657,-0.08139927996686502
14,15,401472,speed,7,408093,flow,12,0.001437082079503498,0.018120824820359347,-0.07146994950739176
14,15,401472,speed,12,404520,flow,5,0.0018625870395574807,0.022184659528228057,-0.06977464209313627
14,15,401472,speed,12,404520,flow,6,0.0004958431863842106,0.007880951306768911,-0.0780859024099335
14,15,401472,speed,13,400183,flow,11,0.001606658937713492,0.019779899147683914,-0.07074515950524511
14,15,401472,speed,14,401469,flow,5,0.0030984787382427087,0.032433797308477105,-0.06633966435267678
14,15,401472,speed,15,401472,flow,1,0.0038208525424627284,0.037794307423080944,-0.06488020719878022
14,15,401472,speed,15,401472,flow,7,0.004029824283403705,0.03941926705166419,-0.0645048947574475
14,15,401472,speed,15,401472,flow,12,0.004965668491742823,0.046215436563815986,-0.06301483459731626
14,15,401472,speed,16,405838,flow,1,0.004911694974387758,0.045798666715638064,-0.06309355279402012
14,15,401472,speed,16,405838,flow,2,0.003437379510855479,0.03511345350412785,0.06562023909725387
14,16,405838,flow,0,400593,flow,8,1.0680494694768708e-06,4.0051855105382654e-05,0.10921530622284184
14,16,405838,flow,2,400331,flow,11,0.0006639566048446646,0.009994050637383105,0.07632121289099546
14,16,405838,flow,3,400039,flow,6,0.001857442611745746,0.022143540862250267,0.06979290975634621
14,16,405838,flow,4,400316,flow,10,0.0023782782461750714,0.026762599696473845,0.0681436697576687
14,16,405838,flow,4,400316,flow,11,0.002386086379980115,0.026809766042199243,0.06812156851808143
14,16,405838,flow,5,400503,flow,7,1.9958653438075578e-05,0.0005320766415576731,0.09555286301213942
14,16,405838,flow,5,400503,flow,8,5.5913071381701824e-05,0.0012652931816079197,0.09028985601782051
14,16,405838,flow,5,400503,flow,11,0.002945169064036879,0.03133607103596378,0.06668896286760236
14,16,405838,flow,5,400503,flow,12,0.005149777567115803,0.047414831819992044,0.0627520129039056
14,16,405838,flow,6,405843,flow,4,0.005068731412417371,0.046878440808484356,0.06286664549577828
14,16,405838,flow,6,405843,flow,6,2.3953312979753187e-05,0.0006181500123807274,0.09464051957181667
14,16,405838,flow,6,405843,flow,9,0.00020145879092260557,0.0037352016171058196,0.08331852327440421
14,16,405838,flow,7,408093,flow,4,9.774903087398593e-06,0.0002818185943693328,0.09904721409505328
14,16,405838,flow,7,408093,flow,8,0.0028924766296707506,0.030998509154496756,0.06681285275558198
14,16,405838,flow,8,401448,flow,1,0.0001013191576015061,0.00209425244420338,0.08711995156667889
14,16,405838,flow,8,401448,flow,2,0.0005161995078293179,0.008159465326830052,0.07784483080182096
14,16,405838,flow,8,401448,flow,3,0.0020118623003302903,0.023534376218323463,0.06926376853388204
14,16,405838,flow,8,401448,flow,8,0.0002517382343419847,0.004514359370516289,0.08205205514947553
14,16,405838,flow,9,402391,flow,3,0.0037776070149232142,0.037522988413238215,0.0649601970291936
14,16,405838,flow,9,402391,flow,4,8.313990089778282e-06,0.0002453308551082116,0.09982370597697264
14,16,405838,flow,9,402391,flow,9,0.004830794600652269,0.04514175356871685,0.06321301951330476
14,16,405838,flow,9,402391,flow,11,1.8246726434587266e-06,6.445286851792067e-05,0.10683973347899481
14,16,405838,flow,10,400497,flow,7,0.00017882446569521048,0.0033812600853749476,0.08398887652196615
14,16,405838,flow,10,400497,flow,12,0.0005520691428148841,0.00862233802227151,0.07744081408294161
14,16,405838,flow,11,405841,flow,6,0.002967723675808239,0.031476003616292325,0.06663654947269355
14,16,405838,flow,11,405841,flow,9,0.0003145569558440992,0.005435544196986035,0.08076789584921427
14,16,405838,flow,12,404520,flow,5,0.0012621428763417472,0.016398367596379994,0.07230541581963301
14,16,405838,flow,12,404520,flow,6,0.003434396032478645,0.03510663484213567,0.06562628537295458
14,16,405838,flow,12,404520,flow,11,0.0008049265453383145,0.011539607392661487,0.07513740715541642
14,16,405838,flow,13,400183,flow,1,0.00010103162118590214,0.0020903021633910295,0.08713535641979915
14,16,405838,flow,13,400183,flow,5,0.0028842123278432167,0.030958185761610888,0.06683247015671816
14,16,405838,flow,14,401469,flow,1,3.9829491844535954e-08,2.0631103689256034e-06,0.12280778176236529
14,16,405838,flow,14,401469,flow,2,2.8116380624859624e-06,9.541458311028561e-05,0.10485839319184721
14,16,405838,flow,14,401469,flow,4,0.0016193279137162303,0.019913066327391128,0.07069387899527046
14,16,405838,flow,14,401469,flow,5,1.571760537161797e-13,1.5901652272924972e-11,0.1645963509737811
14,16,405838,flow,14,401469,flow,7,0.002472237248899981,0.027493541931467226,0.06788201022949641
14,16,405838,flow,14,401469,flow,11,0.003199282774733504,0.033247297538726815,0.06611847840870341
14,16,405838,flow,15,401472,flow,1,0.0006065248754373954,0.009287248652112664,0.07687189742018959
14,16,405838,flow,15,401472,flow,5,0.0021664859856759164,0.024869125614341295,0.06877001100767116
14,16,405838,flow,15,401472,flow,6,0.001127778056623572,0.015083595060723935,0.07302313117411471
14,16,405838,flow,15,401472,flow,9,0.0010182855686505388,0.013954492760100143,0.0736690174149287
14,16,405838,flow,15,401472,flow,10,0.0012574109417707352,0.016358988026894058,0.07232946641349951
14,16,405838,flow,15,401472,flow,11,0.00032883393428375355,0.005637153159150061,0.080509831209118
14,16,405838,flow,15,401472,flow,12,2.034689912218105e-05,0.0005405818216963231,0.09545690408996962
14,16,405838,flow,16,405838,flow,1,6.1604777416455084e-77,2.314196855992052e-74,0.399196100027851
14,16,405838,flow,16,405838,flow,2,1.4611919811311987e-27,2.869249708403081e-25,0.24060052686304853
14,16,405838,flow,16,405838,flow,3,1.1422387458539859e-08,6.614572898242921e-07,0.1276428870142511
14,16,405838,flow,16,405838,flow,4,0.000802221178517437,0.011505961126146507,0.07515824878251824
14,16,405838,flow,16,405838,flow,5,5.609988650415738e-13,5.5331394908210025e-11,0.16082676962546305
14,16,405838,flow,16,405838,flow,7,0.0011521014153714883,0.015290562563455696,0.07288754993108328
14,16,405838,flow,16,405838,flow,11,1.599598577209805e-05,0.0004404248472623555,0.09664887762582482
14,16,405838,flow,17,400260,flow,5,6.718663333419106e-05,0.0014823608580373103,0.0893214618594587
14,16,405838,flow,19,401795,flow,2,0.002167082638448728,0.024869125614341295,0.06876816909533554
14,16,405838,occupancy,5,400503,flow,8,0.005055736198812265,0.046768951545185504,0.06288517988434726
14,16,405838,occupancy,9,402391,flow,4,0.0017843572542933404,0.02150787761871437,0.07005757833094114
14,16,405838,occupancy,14,401469,flow,5,0.0024846635337763606,0.027600273761671065,0.06784808861632731
14,16,405838,occupancy,16,405838,flow,3,0.00031103608764245535,0.005398456804400993,0.08083322052990102
14,16,405838,speed,6,405843,flow,8,0.00027577677463459365,0.0048806049423246395,-0.08152853335535633
14,16,405838,speed,10,400497,flow,3,0.0019120744276744915,0.022642986643513715,-0.06960124154881202
14,16,405838,speed,12,404520,flow,12,0.0051409494638482225,0.04735373493352734,-0.06276442008475698
14,16,405838,speed,17,400260,flow,8,0.003155124671173256,0.032883325885328024,-0.06621457801149357
14,16,405838,speed,17,400260,flow,11,0.0035640126096964544,0.035948014181388474,-0.06536790655346285
14,16,405838,speed,19,401795,flow,3,0.0039926338845036585,0.03912714077402647,0.06457037645298504
14,17,400260,flow,0,400593,flow,6,2.955709287546259e-05,0.0007436612767734326,0.09357906210804488
14,17,400260,flow,1,400125,flow,7,0.005249450898271362,0.04811718200834349,-0.0626132468897897
14,17,400260,flow,4,400316,flow,10,1.4465440058362042e-05,0.00040186946014227667,0.09714312394855579
14,17,400260,flow,6,405843,flow,3,0.00020540743357631315,0.0037973751295790337,0.08320888172891645
14,17,400260,flow,6,405843,flow,5,0.0013138398813206846,0.016887201092845455,-0.07204794345320366
14,17,400260,flow,6,405843,flow,12,0.0036181594401591124,0.03635833631422974,0.06526249219211946
14,17,400260,flow,8,401448,flow,1,1.6420506365500714e-06,5.862527892476288e-05,0.10731144528085702
14,17,400260,flow,8,401448,flow,5,0.00300243383845569,0.03172050423606892,0.0665565937134316
14,17,400260,flow,8,401448,flow,12,0.004279995121315136,0.04116112850418831,0.06407814192584778
14,17,400260,flow,12,404520,flow,2,8.345679298452006e-05,0.0017777778387235042,-0.0881655923233446
14,17,400260,flow,12,404520,flow,3,0.0003760278913441515,0.006298362278010219,-0.0797255827192639
14,17,400260,flow,12,404520,flow,10,1.934589061463083e-05,0.0005190947046907154,0.09570798893597882
14,17,400260,flow,13,400183,flow,12,1.8124847944408273e-05,0.0004908620539828951,0.09603156903562104
14,17,400260,flow,14,401469,flow,1,1.3797446959075337e-06,5.008821080941634e-05,0.10808569886991896
14,17,400260,flow,14,401469,flow,2,0.002056863227221299,0.02389900253253365,0.0691165767023318
14,17,400260,flow,14,401469,flow,6,8.566766067220262e-05,0.0018177028197638276,0.08802528960852266
14,17,400260,flow,14,401469,flow,11,0.0032219546643941295,0.03337852314192479,0.06606960680689922
14,17,400260,flow,16,405838,flow,1,8.753414803964248e-07,3.334634211033999e-05,0.11008543802451053
14,17,400260,flow,16,405838,flow,4,0.0024242076141638928,0.027093750680092083,0.06801460573897442
14,17,400260,flow,16,405838,flow,11,0.003203353779217115,0.03327359539845621,0.06610967975623448
14,17,400260,flow,17,400260,flow,1,1.3254966042474015e-80,5.067385248096261e-78,0.4080858152694008
14,17,400260,flow,17,400260,flow,2,2.0785039461402283e-13,2.0833264610964704e-11,0.16377600461113792
14,17,400260,flow,17,400260,flow,3,1.912848881194775e-06,6.69652120483098e-05,0.10662799121119183
14,17,400260,flow,17,400260,flow,4,4.6888964971987955e-07,1.930985020772049e-05,0.11277364436501996
14,17,400260,flow,17,400260,flow,5,2.012204054759983e-05,0.0005355959036699399,0.09551226562426088
14,17,400260,flow,17,400260,flow,6,6.1590370059141935e-06,0.00019005028475392369,0.10124804135533373
14,17,400260,flow,17,400260,flow,7,0.0005769664900299483,0.008946501209366032,0.07717451105144296
14,17,400260,flow,17,400260,flow,8,0.003644380745977134,0.03654532224378184,0.06521195822276987
14,17,400260,flow,17,400260,flow,10,0.0005891287301416909,0.009086169633031434,0.07704828863910934
14,17,400260,flow,17,400260,flow,11,1.8134106230058904e-06,6.410747865290873e-05,0.106867482123528
14,17,400260,flow,17,400260,flow,12,0.00017015216577360323,0.0032438462726593277,0.08426706179408856
14,17,400260,flow,19,401795,flow,1,9.543547737985702e-111,4.164457194757397e-108,0.4718216128558939
14,17,400260,flow,19,401795,flow,2,0.0012491697134902036,0.016273863577435706,-0.07237155345586878
14,17,400260,flow,19,401795,flow,3,2.471487951951236e-08,1.327963675675291e-06,-0.12469537298592714
14,17,400260,occupancy,0,400593,flow,6,0.0004669596396526597,0.00752430303356766,0.07844428410922945
14,17,400260,occupancy,0,400593,flow,8,0.0011963964396210418,0.01575741652183811,0.07264729682591461
14,17,400260,occupancy,4,400316,flow,10,0.00017271817461333522,0.0032783063019754316,0.08418338819291872
14,17,400260,occupancy,6,405843,flow,1,0.003124309898970708,0.03264881171638476,0.06628236743894622
14,17,400260,occupancy,6,405843,flow,3,4.20123106356223e-05,0.0009994117948562131,0.09177814788873491
14,17,400260,occupancy,6,405843,flow,12,0.0023018657248360525,0.026049523424401456,0.0683635338791292
14,17,400260,occupancy,8,401448,flow,1,2.7918236229381697e-07,1.2194821083005959e-05,0.11496064580493162
14,17,400260,occupancy,8,401448,flow,5,0.0034556017995717577,0.03524126481149668,0.06558341333622318
14,17,400260,occupancy,10,400497,flow,12,0.0046150071672964805,0.04358729987477218,0.06354075589869179
14,17,400260,occupancy,12,404520,flow,2,0.001699419800848157,0.02073282558504388,-0.07037797803212432
14,17,400260,occupancy,12,404520,flow,3,0.002032888251177788,0.02370331240239688,-0.06919462380975012
14,17,400260,occupancy,12,404520,flow,10,8.626908506779657e-05,0.0018286675539395541,0.08798771448443914
14,17,400260,occupancy,13,400183,flow,12,3.240536205557035e-05,0.0008055908376328973,0.09311099659830671
14,17,400260,occupancy,14,401469,flow,1,1.27204684579777e-05,0.00035729794368311875,0.09777144679228685
14,17,400260,occupancy,14,401469,flow,2,0.0029691347602766468,0.031476471569067764,0.06663328241792701
14,17,400260,occupancy,14,401469,flow,6,5.492366332006147e-06,0.00017193494604540981,0.10178697428252269
14,17,400260,occupancy,16,405838,flow,1,2.999758359623396e-07,1.290732680634768e-05,0.11466003620194717
14,17,400260,occupancy,16,405838,flow,10,0.002946554891369499,0.03133607103596378,-0.06668573188610748
14,17,400260,occupancy,16,405838,flow,11,0.001546869181526369,0.019196728571491857,0.07099230756599502
14,17,400260,occupancy,17,400260,flow,2,1.5902753202258947e-11,1.2937833113702194e-09,0.1504611637054613
14,17,400260,occupancy,17,400260,flow,3,3.627997504555622e-05,0.0008834807902863747,0.09253339190858842
14,17,400260,occupancy,17,400260,flow,4,6.51908417858948e-07,2.5719126622380416e-05,0.1113622899739261
14,17,400260,occupancy,17,400260,flow,5,4.285765954805607e-05,0.0010172807101516605,0.09167514149627388
14,17,400260,occupancy,17,400260,flow,6,2.553291503092713e-05,0.0006553903323446536,0.09431923156312187
14,17,400260,occupancy,17,400260,flow,7,0.003398991903634483,0.03480805537819865,0.06569840199051709
14,17,400260,occupancy,17,400260,flow,8,0.0018581096209642877,0.022143540862250267,0.06979053861383458
14,17,400260,occupancy,17,400260,flow,10,0.0001112752004285752,0.002257909186714161,0.08661048279881256
14,17,400260,occupancy,17,400260,flow,11,8.545290551454941e-07,3.2582219931408074e-05,0.11019022505968827
14,17,400260,occupancy,17,400260,flow,12,0.000605184959593274,0.009277498315979219,0.07688531537011631
14,17,400260,occupancy,19,401795,flow,2,0.004721603628762808,0.04439026697770474,-0.06337716472692038
14,17,400260,occupancy,19,401795,flow,3,3.068442495603473e-07,1.31635268927577e-05,-0.11456514602449033
14,17,400260,speed,0,400593,flow,8,7.049714950684674e-06,0.00021297040969900553,-0.1006091584116588
14,17,400260,speed,0,400593,flow,11,0.0033517204135070336,0.03440929702079464,0.06579576476393083
14,17,400260,speed,1,400125,flow,2,0.005035460314642168,0.04665062955019122,-0.0629141844468182
14,17,400260,speed,6,405843,flow,2,0.0003870507584055292,0.006426054098047218,-0.07955571941734209
14,17,400260,speed,6,405843,flow,3,0.0015619376130972214,0.019317407639793865,-0.07092920275018483
14,17,400260,speed,8,401448,flow,1,0.0044938548599821986,0.042657554372935835,-0.06373088995430613
14,17,400260,speed,14,401469,flow,1,0.0032488903053839993,0.03358508284101191,-0.06601194960777973
14,17,400260,speed,14,401469,flow,6,5.972887510465816e-06,0.0001847020332513409,-0.10139268101945066
14,17,400260,speed,16,405838,flow,1,0.0007620975311207964,0.01110189715272221,-0.07547525674977512
14,17,400260,speed,19,401795,flow,1,1.626582719745325e-05,0.0004464318519250193,-0.09656644138063657
14,18,404528,flow,3,400039,flow,1,1.0018796096429758e-09,6.880953757802314e-08,0.13652811163379838
14,18,404528,flow,3,400039,flow,2,0.0014917150013728086,0.01865163510613291,0.07122821629300255
14,18,404528,flow,3,400039,flow,5,0.0008293991653637975,0.011848559505197106,0.07495177119060904
14,18,404528,flow,3,400039,flow,10,0.0025844072869280455,0.028430454493326093,0.06758128844487254
14,18,404528,flow,3,400039,flow,11,7.16161156015134e-05,0.0015656964544460419,0.08898258329865394
14,18,404528,flow,3,400039,flow,12,4.096893705456138e-05,0.0009789038057284576,0.09190802788329756
14,18,404528,flow,4,400316,flow,3,0.004209452383455542,0.04067285684752391,-0.06419613794511142
14,18,404528,flow,4,400316,flow,10,0.00017167880049276098,0.0032614442309970423,0.08421713888382042
14,18,404528,flow,5,400503,flow,10,0.0015084301104739933,0.018817262712236937,0.07115588505661653
14,18,404528,flow,5,400503,flow,12,1.1738330582628625e-08,6.770305489580196e-07,0.1275398275452698
14,18,404528,flow,6,405843,flow,1,0.0015543728432558404,0.0192735094226901,0.07096081275161097
14,18,404528,flow,6,405843,flow,2,0.001509384253342585,0.018819805799840952,0.07115177849409277
14,18,404528,flow,6,405843,flow,12,3.443270737305042e-05,0.0008466095381421617,0.09280106668587042
14,18,404528,flow,7,408093,flow,4,0.0026074534992254613,0.028603857584189925,0.06750400788021049
14,18,404528,flow,7,408093,flow,6,0.0024638741148584626,0.027425756702366806,0.06790492801450222
14,18,404528,flow,7,408093,flow,11,0.00026866030489118727,0.004778149514738283,0.08167891509046057
14,18,404528,flow,7,408093,flow,12,0.00027369048954912654,0.004847654427438404,0.08157223953891782
14,18,404528,flow,8,401448,flow,12,1.1035093777998606e-05,0.00031487189643959035,0.09846179250030493
14,18,404528,flow,9,402391,flow,1,0.004452525710882959,0.042384070900915866,0.06379681361409165
14,18,404528,flow,9,402391,flow,11,0.0017175182340899444,0.020888735279472295,0.0703084928538083
14,18,404528,flow,10,400497,flow,6,0.005360979720351134,0.04893182419589456,0.0624607674067832
14,18,404528,flow,10,400497,flow,11,0.0003803392878754808,0.006348785639961658,0.07965859686329345
14,18,404528,flow,10,400497,flow,12,0.004374877710694602,0.04181299050929354,0.06392218177516615
14,18,404528,flow,11,405841,flow,8,0.002816559036519891,0.030426444205466186,0.06699501864646315
14,18,404528,flow,12,404520,flow,3,0.002482964276713116,0.027588491963479064,-0.0678527181279004
14,18,404528,flow,12,404520,flow,6,0.004118043221661235,0.04003463079089547,0.06435173219313856
14,18,404528,flow,12,404520,flow,8,0.0006889896548884039,0.010256496585520003,0.07609492396481256
14,18,404528,flow,12,404520,flow,10,1.4309231711086904e-06,5.177209463307824e-05,0.10792411489181371
14,18,404528,flow,13,400183,flow,4,0.0027512884765101765,0.029863231704834077,0.06715525478774076
14,18,404528,flow,13,400183,flow,11,0.0009172366401754161,0.012814810876159531,0.07432485312258084
14,18,404528,flow,14,401469,flow,8,9.45171255912171e-06,0.0002736688891112988,0.09920896032627195
14,18,404528,flow,16,405838,flow,4,0.0014046023959583126,0.01780481910369692,0.07161770503687881
14,18,404528,flow,16,405838,flow,8,0.00022795994490372212,0.004141240378402353,0.08261820466461124
14,18,404528,flow,17,400260,flow,1,0.00245066943132379,0.0273280638702085,0.0679241779112746
14,18,404528,flow,18,404528,flow,1,3.942178554780943e-143,1.9352512905288267e-140,0.5279887032123822
14,18,404528,flow,18,404528,flow,2,2.6845962831516906e-19,3.99912273903976e-17,0.1995713727551231
14,18,404528,flow,18,404528,flow,3,0.00425150857330675,0.04095098558904161,0.06412557733491575
14,18,404528,flow,18,404528,flow,9,0.0031642415622698443,0.032946549889143716,0.06619463735936326
14,18,404528,flow,18,404528,flow,11,0.0008585160410898182,0.012175933347038786,0.0747374093626435
14,18,404528,occupancy,1,400125,flow,8,0.00021659403255859885,0.003981643492141051,-0.08290867647520749
14,18,404528,occupancy,2,400331,flow,9,0.0030044096040881753,0.031733617334134274,-0.06655206787666611
14,18,404528,occupancy,7,408093,flow,8,0.002263582008685983,0.025753685218655377,0.06847621233101123
14,18,404528,occupancy,9,402391,flow,12,0.0008894262347360979,0.012519782776343899,0.07451709462697695
14,18,404528,occupancy,11,405841,flow,10,0.0010255060664976733,0.014006279504489245,0.07362449183024752
14,18,404528,occupancy,14,401469,flow,3,0.0006204785985916859,0.009458248221298812,0.07673377945090488
14,18,404528,occupancy,15,401472,flow,1,0.00032998878861997886,0.005652464579057529,0.08048941719552936
14,18,404528,occupancy,15,401472,flow,2,0.0008011116854138343,0.011497682661088917,0.07516681495514516
14,18,404528,occupancy,15,401472,flow,3,0.0012692703641490628,0.016453903947829855,0.07226934610877206
14,18,404528,occupancy,15,401472,flow,4,0.00030498880830907144,0.00530842728402574,0.08094705097486017
14,18,404528,occupancy,15,401472,flow,5,0.0001700917169332663,0.0032438462726593277,0.0842690472017014
14,18,404528,occupancy,15,401472,flow,6,0.002213198309295526,0.02529369496337744,0.06862719317325486
14,18,404528,occupancy,15,401472,flow,7,0.000336039565031303,0.005737908778400115,0.08038353928184495
14,18,404528,occupancy,15,401472,flow,8,5.099759672563644e-05,0.0011734720542979585,0.09077143777792562
14,18,404528,occupancy,15,401472,flow,9,0.0033457724933490625,0.03437274000301534,0.06580810377356418
14,18,404528,occupancy,15,401472,flow,10,0.001560058786039869,0.01929969632214271,0.07093704041052765
14,18,404528,occupancy,15,401472,flow,11,0.003519946218961145,0.03565338256954782,0.06545477611057333
14,18,404528,occupancy,15,401472,flow,12,9.7585598522436e-05,0.002026777815465978,0.08732326722945177
14,18,404528,occupancy,16,405838,flow,3,0.0003001950069101108,0.0052313127464771216,0.08103879739482375
14,18,404528,occupancy,16,405838,flow,7,0.0037157682875911006,0.037097571070934955,0.0650760350564339
14,18,404528,occupancy,19,401795,flow,7,2.1288392864181325e-05,0.0005604256988011172,-0.09523125140059509
14,18,404528,speed,1,400125,flow,8,8.968351409140962e-07,3.4075002715469615e-05,0.10997970792845298
14,18,404528,speed,6,405843,flow,10,0.00045596200318376664,0.007382893005074482,0.07858619695058283
14,18,404528,speed,13,400183,flow,2,0.0027457496764896616,0.02981060216746755,0.06716901151044209
14,18,404528,speed,15,401472,flow,1,0.0004587892118867148,0.007417550132300179,-0.07854941255843297
14,18,404528,speed,15,401472,flow,2,0.0015316177511887341,0.019050751701367222,-0.07105675743618757
14,18,404528,speed,15,401472,flow,3,0.0002499906925614945,0.004486746123247429,-0.08209191869610324
14,18,404528,speed,15,401472,flow,4,3.0402416497938963e-05,0.0007622660433609769,-0.09343582922861521
14,18,404528,speed,15,401472,flow,5,6.680197044286562e-05,0.0014753809422964185,-0.08935187988381456
14,18,404528,speed,15,401472,flow,6,0.0001752061489094123,0.0033211520986777586,-0.08410336733081673
14,18,404528,speed,15,401472,flow,7,0.00015303442702361655,0.002965943134778033,-0.084857641913512
14,18,404528,speed,15,401472,flow,8,0.00017073024451911002,0.003249139455165442,-0.08424810854106549
14,18,404528,speed,15,401472,flow,9,0.003974905135941526,0.038982043557928246,-0.06460178671679423
14,18,404528,speed,15,401472,flow,10,0.001994501603269425,0.023369262072481464,-0.0693213611919415
14,18,404528,speed,15,401472,flow,11,0.0026717318612015065,0.02919039362769476,-0.06735532284413875
14,18,404528,speed,15,401472,flow,12,0.0012259921975906244,0.01605442051838873,-0.07249130688063597
14,18,404528,speed,16,405838,flow,3,0.0006841571698896656,0.01021691990588664,-0.07613800622333004
14,18,404528,speed,18,404528,flow,3,0.00498440295420049,0.04630671131644327,0.06298769184105069
14,18,404528,speed,19,401795,flow,6,0.003678081769702101,0.03678933374649936,0.06514749225169118
14,18,404528,speed,19,401795,flow,7,7.461865536862392e-06,0.00022370061845416748,0.10033925905450682
14,19,401795,flow,0,400593,flow,6,0.0003682338562598681,0.0061873600118344235,0.0798485197282788
14,19,401795,flow,0,400593,flow,9,0.0015707632538993646,0.019398791471827485,0.07089250164878344
14,19,401795,flow,1,400125,flow,1,0.00013238114456399824,0.0026293634230642408,0.08565916914595356
14,19,401795,flow,1,400125,flow,2,0.0008054544544959699,0.011540839945016883,0.0751333478199323
14,19,401795,flow,1,400125,flow,11,0.003400549123089775,0.034811308558644144,0.06569521566892446
14,19,401795,flow,3,400039,flow,2,0.0005206721266921788,0.008212671883702696,0.07779305181776947
14,19,401795,flow,3,400039,flow,9,0.002453167153921871,0.027344969582882083,0.0679343727147469
14,19,401795,flow,3,400039,flow,12,0.0034494512007453904,0.03519515632314617,0.06559582340721974
14,19,401795,flow,4,400316,flow,2,0.00018875954645410605,0.003537706033326412,-0.08368535498547124
14,19,401795,flow,5,400503,flow,11,0.0050714549348159135,0.046893590150695094,0.0628627665206484
14,19,401795,flow,6,405843,flow,2,7.166365475282587e-11,5.440896107771665e-09,0.14555249444794904
14,19,401795,flow,6,405843,flow,3,0.00016711607324395846,0.0031958452253824728,0.08436760973450967
14,19,401795,flow,6,405843,flow,7,1.5707970173585475e-06,5.636082321419373e-05,0.10750929722186892
14,19,401795,flow,6,405843,flow,9,0.004814910057797474,0.04502253560537897,0.06323668867267064
14,19,401795,flow,6,405843,flow,12,0.0027611323893974283,0.029955027428922375,0.06713086772273301
14,19,401795,flow,7,408093,flow,10,0.004073186822249876,0.03974738439602319,0.06442923432724847
14,19,401795,flow,8,401448,flow,4,0.001635017386635989,0.020077530159941646,0.07063088133190286
14,19,401795,flow,8,401448,flow,5,0.0006622988991764068,0.009972573176863288,0.07633647630555887
14,19,401795,flow,8,401448,flow,8,0.004881146625518928,0.04555315062052661,0.06313845347978267
14,19,401795,flow,8,401448,flow,11,0.0009857238024928042,0.013613576811921081,0.0738735107559326
14,19,401795,flow,8,401448,flow,12,0.001492130808490633,0.01865163510613291,0.07122640794221084
14,19,401795,flow,10,400497,flow,11,3.1927829031701986e-05,0.0007968123709818174,0.09318667469075768
14,19,401795,flow,10,400497,flow,12,0.0010699096812733474,0.014470913660303258,0.07335688359303941
14,19,401795,flow,11,405841,flow,5,0.002816182137312714,0.030426444205466186,0.06699593414656944
14,19,401795,flow,11,405841,flow,6,0.0051312673955207205,0.04729480509632924,0.06277804958573478
14,19,401795,flow,12,404520,flow,2,6.5389925526407885e-06,0.00020048579011645284,-0.1009653520786144
14,19,401795,flow,12,404520,flow,6,0.0024246398178063887,0.027093750680092083,0.06801340188097928
14,19,401795,flow,12,404520,flow,10,0.003009969497433084,0.03175352436852484,0.06653934651250117
14,19,401795,flow,13,400183,flow,12,9.556998828249033e-05,0.0019916177008217953,0.08743610094586292
14,19,401795,flow,14,401469,flow,1,0.00025994509177387364,0.0046384254294222806,0.08186824811100646
14,19,401795,flow,14,401469,flow,6,0.0007450683520611393,0.01092193851681073,0.07561450520474942
14,19,401795,flow,14,401469,flow,7,0.0004182233443663345,0.006841063414095286,0.079098713106568
14,19,401795,flow,14,401469,flow,8,0.0016821895656180985,0.020569088376649263,0.07044476483565211
14,19,401795,flow,14,401469,flow,11,1.2575923571920807e-07,5.8988045418781635e-06,0.11824838820770595
14,19,401795,flow,16,405838,flow,1,2.702393483201484e-06,9.214159311310505e-05,0.10506530586422164
14,19,401795,flow,16,405838,flow,6,2.8207052688704476e-08,1.5025211789790794e-06,0.12418379955880142
14,19,401795,flow,16,405838,flow,7,0.005091732680611864,0.047023724357839795,0.06283394496787095
14,19,401795,flow,16,405838,flow,12,1.2774922605439112e-05,0.00035859431874916807,0.09775062832525469
14,19,401795,flow,17,400260,flow,1,5.989529832231611e-07,2.3935956406327992e-05,0.1116987899661742
14,19,401795,flow,17,400260,flow,11,0.0036250961879207323,0.03641957100422689,0.06524909132697361
14,19,401795,flow,18,404528,flow,1,0.00023229415018827287,0.004204066731517967,0.08251100411764692
14,19,401795,flow,18,404528,flow,10,5.492194831982273e-05,0.0012487516670612326,0.09038364203806107
14,19,401795,flow,19,401795,flow,1,1.9832415948321758e-25,3.774274753160793e-23,0.230713522815403
14,19,401795,flow,19,401795,flow,2,9.47484727805905e-21,1.4618335800433963e-18,0.2074176862232853
14,19,401795,flow,19,401795,flow,3,4.716160538564383e-11,3.6842339107772396e-09,0.14693320598894064
14,19,401795,flow,19,401795,flow,4,2.789354430715165e-08,1.4876556963814215e-06,0.12422714064453008
14,19,401795,flow,19,401795,flow,5,7.151547792581629e-18,9.745957875063922e-16,0.19158561981895875
14,19,401795,flow,19,401795,flow,6,3.6241474393116505e-06,0.00011951386975439948,0.1037205755416585
14,19,401795,flow,19,401795,flow,7,1.4138687503402483e-06,5.119792960159156e-05,0.10797733447809055
14,19,401795,flow,19,401795,flow,8,1.3595207839467242e-13,1.3786689640023118e-11,0.16502055220438713
14,19,401795,flow,19,401795,flow,9,6.417536810165197e-14,6.811734402927187e-12,0.1671981459030824
14,19,401795,flow,19,401795,flow,11,8.805396608018724e-06,0.0002570223874773033,0.09954890133348877
14,19,401795,flow,19,401795,flow,12,4.56393608173454e-12,3.9041987867511315e-10,0.15441234143922067
14,19,401795,occupancy,0,400593,flow,6,0.0002608557341991701,0.004652752979935651,0.08184818895217588
14,19,401795,occupancy,0,400593,flow,9,0.0014726716338381786,0.018494015866805033,0.0713115375857576
14,19,401795,occupancy,1,400125,flow,1,0.0006847004861301022,0.01021691990588664,0.07613314840800928
14,19,401795,occupancy,1,400125,flow,2,0.003718624618138708,0.037109247572698074,0.06507064606147349
14,19,401795,occupancy,1,400125,flow,11,0.005089952264885455,0.047023724357839795,0.06283647138654198
14,19,401795,occupancy,3,400039,flow,2,0.0007628679140964887,0.01110748024569205,0.07546902577899585
14,19,401795,occupancy,3,400039,flow,7,0.0043059728891262855,0.04133733973561234,0.06403513284855072
14,19,401795,occupancy,3,400039,flow,9,0.0001261015275505036,0.0025243679287218516,0.08592632664745557
14,19,401795,occupancy,4,400316,flow,2,0.0001650504900306099,0.0031647497422646904,-0.08443700306234735
14,19,401795,occupancy,5,400503,flow,9,0.003790506541910647,0.03760906812368855,0.06493625054428799
14,19,401795,occupancy,5,400503,flow,11,0.0010128099675703538,0.013892625288390307,0.07370297810946462
14,19,401795,occupancy,6,405843,flow,2,6.6530593398318815e-09,3.975271970687929e-07,0.129667930991396
14,19,401795,occupancy,6,405843,flow,3,0.0001089939586638426,0.002220026338217469,0.08672330727024782
14,19,401795,occupancy,6,405843,flow,7,7.201466837802044e-07,2.800210327570192e-05,0.11093255008370957
14,19,401795,occupancy,6,405843,flow,9,0.0007018591968254906,0.010412196875982552,0.07598154458398497
14,19,401795,occupancy,8,401448,flow,1,0.001971217561468652,0.023153344597530726,0.06939933015914891
14,19,401795,occupancy,8,401448,flow,5,0.0015975535180603804,0.019684629771879188,0.07078224594647833
14,19,401795,occupancy,8,401448,flow,8,0.0015846455658116694,0.019547883621663084,0.0708351547119747
14,19,401795,occupancy,8,401448,flow,11,0.0012742028363656116,0.016485643165916268,0.07224449383468501
14,19,401795,occupancy,8,401448,flow,12,0.001527514923544087,0.01901142169320212,0.0710741960751588
14,19,401795,occupancy,10,400497,flow,8,0.0030124759417165434,0.03177220719779167,0.06653361862328297
14,19,401795,occupancy,10,400497,flow,11,5.5491280065482376e-05,0.0012583849337684191,0.09032957453734337
14,19,401795,occupancy,11,405841,flow,6,0.003312826865380314,0.03409102443650061,0.06587681342136138
14,19,401795,occupancy,12,404520,flow,2,0.00023122825302581538,0.004186529979344185,-0.08253719257822563
14,19,401795,occupancy,12,404520,flow,6,0.0009938918170067485,0.013697599799113344,0.07382163359098365
14,19,401795,occupancy,13,400183,flow,12,0.002946317634254965,0.03133607103596378,0.0666862849399227
14,19,401795,occupancy,14,401469,flow,1,0.00022878893028742856,0.004147579432822876,0.08259755386493654
14,19,401795,occupancy,14,401469,flow,6,0.0026554011272813855,0.029026651998622432,0.06739706315559423
14,19,401795,occupancy,14,401469,flow,7,2.5298851402413493e-05,0.0006505418932049184,0.09436562666076745
14,19,401795,occupancy,14,401469,flow,8,0.0001529597909724652,0.002965827185821587,0.08486035045040358
14,19,401795,occupancy,14,401469,flow,11,5.897576593647755e-08,2.9728740822121705e-06,0.12129042222261191
14,19,401795,occupancy,16,405838,flow,1,6.779500089549033e-06,0.00020624958018909732,0.1007944210965698
14,19,401795,occupancy,16,405838,flow,4,0.0015098840542484638,0.018819805799840952,0.0711496283404222
14,19,401795,occupancy,16,405838,flow,6,4.072164258473549e-06,0.00013251417226912545,0.10318192559315116
14,19,401795,occupancy,16,405838,flow,7,0.0011128416418883993,0.014930049357012065,0.07310773346638154
14,19,401795,occupancy,16,405838,flow,9,0.001441093967688385,0.018166110126681713,0.07145191270077328
14,19,401795,occupancy,16,405838,flow,12,0.0002903098291675602,0.005101563074555405,0.08123239593026478
14,19,401795,occupancy,17,400260,flow,11,0.0050342403154771615,0.04664933110866868,0.0629159330134624
14,19,401795,occupancy,18,404528,flow,1,0.004989856122168369,0.046337442922973676,0.0629798085352206
14,19,401795,occupancy,18,404528,flow,10,7.372401035544652e-05,0.0016004408278167284,0.08882822189907306
14,19,401795,occupancy,19,401795,flow,1,5.820750336840318e-05,0.001311156372723961,0.09007864311918985
14,19,401795,occupancy,19,401795,flow,3,1.4766060585545149e-09,9.874517295596756e-08,0.13515062577833264
14,19,401795,occupancy,19,401795,flow,4,8.362954045605482e-06,0.0002459357486522511,0.09979563809571655
14,19,401795,occupancy,19,401795,flow,5,3.94120059571268e-16,4.906624372760455e-14,0.18126332053780503
14,19,401795,occupancy,19,401795,flow,6,1.9999342513447434e-05,0.0005326581976454556,0.0955427233608536
14,19,401795,occupancy,19,401795,flow,7,1.6239687627470545e-06,5.80276679492744e-05,0.10736086118502952
14,19,401795,occupancy,19,401795,flow,8,1.3437938707373498e-11,1.1078605957223952e-09,0.151000301046108
14,19,401795,occupancy,19,401795,flow,9,5.3550010803834584e-15,6.136234659749746e-13,0.17420380943398722
14,19,401795,occupancy,19,401795,flow,11,8.76650593502562e-06,0.00025623346170034286,0.09957010923280016
14,19,401795,occupancy,19,401795,flow,12,1.1192689514559029e-08,6.490257544012752e-07,0.12771956640683796
14,19,401795,speed,2,400331,flow,2,0.002287006861310451,0.02593141638021299,0.06840706203757006
14,19,401795,speed,6,405843,flow,2,0.001488787946631817,0.018627261413639157,-0.07124095924141002
14,19,401795,speed,12,404520,flow,2,0.0031317021676801576,0.032702328654528115,0.06626604983836323
14,19,401795,speed,14,401469,flow,1,0.0008388710030847782,0.011965811576123872,-0.07488128325719884
14,19,401795,speed,17,400260,flow,4,0.0007529576153153047,0.010995606931214756,0.07554963108968753
14,19,401795,speed,18,404528,flow,10,0.000863190918041898,0.012222172290858733,-0.074703621744206
14,19,401795,speed,19,401795,flow,1,3.25492437653865e-07,1.377206004568753e-05,-0.11431749235651781
14,19,401795,speed,19,401795,flow,11,0.0016506141153665424,0.020240286626123937,-0.0705688046501274
