graph_slot,source_node_index,source_node_id,source_feature,target_node_index,target_node_id,target_feature,lag_5min_steps,raw_p_value,fdr_bh_q_value,parcorr_value
71,0,400593,flow,0,400593,flow,1,1.2098957648521762e-09,5.211116355096113e-08,0.13579203008781957
71,0,400593,flow,0,400593,flow,2,1.435787047796764e-29,2.231151095856842e-27,0.24940418445442913
71,0,400593,flow,0,400593,flow,3,4.179956974829909e-19,4.248803325003578e-17,0.19850777540189346
71,0,400593,flow,0,400593,flow,4,1.9692197382871196e-14,1.403800209472006e-12,0.17052515256158945
71,0,400593,flow,0,400593,flow,5,2.986126857566168e-10,1.3849435828061165e-08,0.1407411480037595
71,0,400593,flow,0,400593,flow,6,8.84721662360847e-05,0.0013569136825357956,0.08785215331374649
71,0,400593,flow,0,400593,flow,7,7.890691166106291e-08,2.578501198001451e-06,0.12012966267982106
71,0,400593,flow,0,400593,flow,8,1.5446777217648727e-10,7.4062239267749725e-09,0.14298343155367865
71,0,400593,flow,0,400593,flow,9,9.336367093036305e-05,0.0014216815594612915,0.08756221403160025
71,0,400593,flow,1,400125,flow,1,0.004909745472412358,0.037048210376980584,0.0630964106673536
71,0,400593,flow,2,400331,flow,3,0.0003125274786819013,0.003961615926953679,0.0808054658752957
71,0,400593,flow,3,400039,flow,12,0.006221365996961571,0.04444474222205578,0.06137215436715135
71,0,400593,flow,5,400503,flow,2,0.00698314828188751,0.04852372619873579,0.06051607317215864
71,0,400593,flow,7,408093,flow,3,5.5075383351057214e-05,0.0009022588398808007,0.09036901879719601
71,0,400593,flow,7,408093,flow,6,0.0017230440999992146,0.0162451997206386,0.07028741150859436
71,0,400593,flow,11,405841,flow,12,0.006645602358787672,0.04671928753452033,0.060884491688374794
71,0,400593,flow,13,400183,flow,2,7.370023239752454e-06,0.00015299615759601441,0.10039814668565665
71,0,400593,flow,13,400183,flow,4,0.00010787204141091512,0.0016069214444660459,0.08677961359129333
71,0,400593,flow,13,400183,flow,7,0.005458267498916093,0.040135686119689394,0.062330077693901864
71,0,400593,flow,13,400183,flow,10,0.0028673801673051074,0.02429316007601111,0.0668725846003284
71,0,400593,flow,14,401469,flow,2,9.651845667975978e-05,0.0014630166065142535,0.08738272887528079
71,0,400593,flow,14,401469,flow,5,0.0010345757050525682,0.010800790347576354,0.07356897242508136
71,0,400593,flow,14,401469,flow,8,0.001068323291423772,0.011104804184193203,0.07336626594344565
71,0,400593,flow,14,401469,flow,10,0.0029562442326604888,0.024877898449784552,0.06666318034446404
71,0,400593,flow,18,404528,flow,5,0.00039224493464304344,0.004812547905873182,0.07947723719342771
71,0,400593,flow,18,404528,flow,12,0.004220524598657441,0.032827991116672936,0.06417749956704777
71,0,400593,flow,19,401795,flow,5,0.0008005488981349578,0.00872004851221134,0.0751711643286337
71,0,400593,occupancy,0,400593,flow,1,1.9812592761670016e-12,1.188755565700201e-10,0.15699759484496373
71,0,400593,occupancy,0,400593,flow,3,1.11871201155599e-05,0.00022128369459349255,-0.09839553209094866
71,0,400593,occupancy,0,400593,flow,4,8.619732994222846e-19,8.540652875009792e-17,-0.1968047377021095
71,0,400593,occupancy,2,400331,flow,3,0.0018017567129053073,0.016843949361071038,0.06999367777207116
71,0,400593,occupancy,7,408093,flow,3,0.0001216869269984585,0.001785623385303467,0.08612174815974429
71,0,400593,occupancy,7,408093,flow,6,0.0010642431816003464,0.011070384166899823,0.0733904561332611
71,0,400593,occupancy,9,402391,flow,2,0.002070124812341715,0.018906848180372537,0.06907376303479733
71,0,400593,occupancy,13,400183,flow,2,0.0030937288219171103,0.02577113095002298,0.06635024763702699
71,0,400593,occupancy,13,400183,flow,4,0.0021084773276563605,0.019155882345900058,0.0689513457698538
71,0,400593,occupancy,16,405838,flow,4,0.0013159562570369578,0.013104610784719443,0.07203760333840716
71,0,400593,occupancy,19,401795,flow,1,0.0023899863766646216,0.021157256449162224,-0.06811055418350177
71,0,400593,occupancy,19,401795,flow,5,0.002895682420840315,0.024484924756371422,0.06680525676268774
71,0,400593,speed,0,400593,flow,1,0.0026074368342374693,0.022632363118155252,-0.06752102671114005
71,0,400593,speed,0,400593,flow,4,0.0067378836250452006,0.04724502071124049,0.0607821306561591
71,0,400593,speed,0,400593,flow,5,0.005376431761072703,0.039655429755564416,0.062439867990602006
71,0,400593,speed,9,402391,flow,2,0.002636261055396363,0.02282294140142743,-0.06744628341891566
71,0,400593,speed,19,401795,flow,1,9.516268672609542e-05,0.0014444933473532404,0.08745917410631152
71,0,400593,speed,19,401795,flow,10,0.002034681160427734,0.018622505536118245,0.0691887581337862
71,1,400125,flow,0,400593,flow,9,0.0011676239915419972,0.011899841935504874,0.07280240059643124
71,1,400125,flow,1,400125,flow,1,8.850753740789941e-121,4.29609619777669e-118,0.49026265645357575
71,1,400125,flow,1,400125,flow,2,3.6373150058098365e-23,4.581108112273613e-21,0.21975524217578463
71,1,400125,flow,1,400125,flow,3,0.00022824722794323113,0.0030498462077585935,0.08259029469632727
71,1,400125,flow,1,400125,flow,11,0.0002029846803151654,0.002774102559194921,0.08327591689796843
71,1,400125,flow,1,400125,flow,12,0.00021355754679029473,0.002890252512951357,0.08298869853533944
71,1,400125,flow,2,400331,flow,5,0.0007706038196253147,0.00844926015426741,0.07540677823689258
71,1,400125,flow,3,400039,flow,11,0.0006264817566036854,0.0070885311381035125,0.0766752450364115
71,1,400125,flow,4,400316,flow,3,0.0009510471591023668,0.010074849748215362,-0.07409827581480634
71,1,400125,flow,4,400316,flow,9,0.0011849757928687208,0.012044930412218526,0.07270844560391677
71,1,400125,flow,4,400316,flow,11,0.003507393849043088,0.028491804114076983,0.06547970195564365
71,1,400125,flow,5,400503,flow,6,0.0003173990672165378,0.004017474275931565,0.08071566154945022
71,1,400125,flow,5,400503,flow,7,0.000976697503538728,0.01030613877695971,0.07393130376194124
71,1,400125,flow,5,400503,flow,9,0.002547075942844014,0.022247003787072665,0.06768002422275701
71,1,400125,flow,5,400503,flow,11,0.003088100733198508,0.02573417277665423,0.06636280675714641
71,1,400125,flow,6,405843,flow,4,0.004132522305124177,0.0323122106029619,0.0643268788675546
71,1,400125,flow,6,405843,flow,10,0.0019793432022473184,0.01821248697275488,0.0693720251281409
71,1,400125,flow,6,405843,flow,11,0.00017614452084223502,0.0024546591291563077,0.08407346348304635
71,1,400125,flow,7,408093,flow,2,0.0033344643098950186,0.02735451161934387,0.06583161784490728
71,1,400125,flow,7,408093,flow,11,0.004650279653856274,0.03545571497468956,0.06348624896075955
71,1,400125,flow,8,401448,flow,1,0.0006392129935279693,0.007209922015772395,0.07655281393782405
71,1,400125,flow,8,401448,flow,2,0.0006849854693687785,0.007670132782978546,0.07613060179119077
71,1,400125,flow,8,401448,flow,3,0.0017222540036481574,0.0162412951228117,0.07029042194011839
71,1,400125,flow,8,401448,flow,11,4.8439115002817004e-05,0.0008066961326606378,0.09103978581739726
71,1,400125,flow,9,402391,flow,11,0.0001653042406268923,0.0023283340570120757,0.0844284344577097
71,1,400125,flow,9,402391,flow,12,0.00024933458309062205,0.003281297935598114,0.08210695281207249
71,1,400125,flow,10,400497,flow,10,2.411374773026544e-09,9.921084780452067e-08,0.1333887054947864
71,1,400125,flow,10,400497,flow,11,9.832056616631726e-05,0.0014861611121010866,0.08728267018753785
71,1,400125,flow,10,400497,flow,12,0.00018318442211944907,0.0025372129001475473,0.08385377566422736
71,1,400125,flow,11,405841,flow,1,0.00248711252438978,0.021851385205132905,-0.06784142159548753
71,1,400125,flow,11,405841,flow,4,0.0011644568127626004,0.011886704704949042,0.07281968896646274
71,1,400125,flow,11,405841,flow,8,0.006977997820641519,0.04850558168360837,0.06052157343930153
71,1,400125,flow,12,404520,flow,1,0.0070971533875556995,0.04911839576135953,-0.06039524784362888
71,1,400125,flow,12,404520,flow,2,0.004418165076913623,0.03401617025889655,-0.06385204505598209
71,1,400125,flow,12,404520,flow,3,0.0004160150558104775,0.005056209492449627,-0.07913002330104822
71,1,400125,flow,12,404520,flow,11,0.0017131288093276214,0.016183504168588072,0.07032528310913874
71,1,400125,flow,14,401469,flow,5,0.007064578233091787,0.04899449266771072,0.060429593008248614
71,1,400125,flow,14,401469,flow,7,0.00022620943729240067,0.003026748305516199,0.08266204383853587
71,1,400125,flow,14,401469,flow,8,0.0020724244810095003,0.018923850682648576,0.06906636438064095
71,1,400125,flow,14,401469,flow,10,0.00014685402372969968,0.0021083728232379616,0.08508625097351438
71,1,400125,flow,15,401472,flow,11,0.0021672886108908564,0.019603615575897192,0.06876753335065823
71,1,400125,flow,16,405838,flow,1,0.0013434758427579685,0.013329847590065282,0.07190452700544493
71,1,400125,flow,16,405838,flow,6,0.003855039682527011,0.030703855878533713,0.06481755205216
71,1,400125,flow,17,400260,flow,1,1.1267271053524883e-07,3.571138000823734e-06,0.1186944929562548
71,1,400125,flow,17,400260,flow,2,0.0033230155097836826,0.027291686316094122,0.06585549835677164
71,1,400125,flow,17,400260,flow,5,0.0007422406765161346,0.008211215678744435,0.07563791270569258
71,1,400125,flow,17,400260,flow,12,0.0017878257697074766,0.01675445224804845,0.0700447944646161
71,1,400125,flow,19,401795,flow,1,2.6268836679862885e-06,6.180902748203031e-05,0.10519429668948746
71,1,400125,flow,19,401795,flow,2,0.00010132811370113644,0.001521506608233957,0.08711947240333243
71,1,400125,flow,19,401795,flow,3,0.004502461748493587,0.03453592818446785,0.06371723029561144
71,1,400125,flow,19,401795,flow,7,0.0016478232689287027,0.01565214714549691,0.07057987279239242
71,1,400125,flow,19,401795,flow,9,0.0056328809254982916,0.04103549004747491,0.06210069579923795
71,1,400125,flow,19,401795,flow,12,0.0003051567760254863,0.0038841404609018877,0.08094386084479104
71,1,400125,occupancy,1,400125,flow,1,4.0024839079841905e-05,0.0006788665285626896,-0.09202828177655771
71,1,400125,occupancy,3,400039,flow,12,0.0021744659487980727,0.019652077194158315,0.06874541461702878
71,1,400125,occupancy,4,400316,flow,1,0.007102893002385189,0.04915024470655777,0.06038921101985239
71,1,400125,occupancy,6,405843,flow,1,0.0008411974888565011,0.009080392683308559,0.0748640827920967
71,1,400125,occupancy,6,405843,flow,2,0.0003272990658556694,0.0041198483814000346,0.08053706662912886
71,1,400125,occupancy,10,400497,flow,5,0.004017178182860923,0.031650938810795524,0.06452709919664086
71,1,400125,occupancy,10,400497,flow,11,0.002107895974807102,0.019154628967536138,0.06895318610224682
71,1,400125,occupancy,10,400497,flow,12,0.0013501023615793502,0.013374093561162103,0.07187285880705796
71,1,400125,occupancy,11,405841,flow,7,0.003677776275172452,0.029612850211265914,0.06514807421108805
71,1,400125,occupancy,15,401472,flow,1,0.006189446267996381,0.04425423349510818,0.06141004519404393
71,1,400125,occupancy,16,405838,flow,6,0.001459881400137853,0.014244066837557016,0.0713680580128907
71,1,400125,occupancy,16,405838,flow,12,0.00025627290895586656,0.003355862281568183,0.08194981085482428
71,1,400125,speed,1,400125,flow,1,9.01873908718377e-07,2.3330710616737036e-05,0.10995527453489856
71,1,400125,speed,1,400125,flow,2,0.00031875488189092723,0.004029912466399783,0.08069089740558577
71,1,400125,speed,6,405843,flow,2,0.00041740842062627326,0.005068028041330805,-0.07911024949243198
71,1,400125,speed,19,401795,flow,8,0.006776549545056476,0.04743145501400515,0.06073961523233766
71,1,400125,speed,19,401795,flow,9,0.0006997055702747218,0.007812685612785728,0.07600038260061202
71,2,400331,flow,0,400593,flow,3,6.5716787035396e-06,0.00013882470415301258,0.10094177219006913
71,2,400331,flow,0,400593,flow,6,0.0013492832644953147,0.013371615832042046,0.07187676550934301
71,2,400331,flow,0,400593,flow,10,4.617779212247233e-07,1.2722452931701562e-05,0.1128386902012873
71,2,400331,flow,0,400593,flow,11,0.0006909821854002282,0.007723267893736056,0.07607724195141578
71,2,400331,flow,0,400593,flow,12,0.006251593940245469,0.04462472872085331,0.061336432695280586
71,2,400331,flow,2,400331,flow,1,6.60155949266204e-55,1.5415533518000006e-52,0.3397664840702663
71,2,400331,flow,2,400331,flow,2,3.5609777362304116e-20,3.8362652918990964e-18,0.20434949418870563
71,2,400331,flow,2,400331,flow,3,4.52066911891903e-07,1.2470811362535254e-05,0.11290081257360068
71,2,400331,flow,2,400331,flow,4,3.554387325793154e-09,1.4310301255756222e-07,0.13194548819978635
71,2,400331,flow,2,400331,flow,5,4.2047236961390244e-14,2.9063050187712936e-12,0.1683701664963309
71,2,400331,flow,2,400331,flow,7,0.00044895385091846165,0.00538445484721753,0.07867830415976489
71,2,400331,flow,2,400331,flow,8,0.0005637701469706696,0.006495764218661454,0.07731429709556432
71,2,400331,flow,2,400331,flow,11,3.8431821998362564e-05,0.0006551912826871598,0.0922374265274539
71,2,400331,flow,4,400316,flow,2,0.00042454784240709856,0.005135947015398112,0.0790098874597568
71,2,400331,flow,5,400503,flow,5,0.002903708204265593,0.02452878264064795,0.06678627357798
71,2,400331,flow,6,405843,flow,9,0.0015174219685299267,0.014648632187819628,0.0711172792833726
71,2,400331,flow,7,408093,flow,11,0.0008558938505787473,0.00922060208104785,0.0747564359191973
71,2,400331,flow,9,402391,flow,1,0.0020972554431191366,0.019094085383086764,0.06898695223271839
71,2,400331,flow,10,400497,flow,3,0.005786135622619854,0.04196794138636294,0.061904594168670654
71,2,400331,flow,11,405841,flow,4,0.0005330889885639405,0.006217452566404489,0.07765144495698388
71,2,400331,flow,11,405841,flow,5,0.00015851714177343178,0.002250391233852203,0.08466199599815691
71,2,400331,flow,11,405841,flow,8,0.006352750459022245,0.045160246804304915,0.061218011079290015
71,2,400331,flow,11,405841,flow,9,0.0006244255252043178,0.0070726750626183875,0.07669523559190589
71,2,400331,flow,12,404520,flow,2,1.0090422841184769e-05,0.00020255867413530762,0.09889415780617136
71,2,400331,flow,13,400183,flow,3,5.426775635707081e-05,0.000891394324952646,0.09044642743472775
71,2,400331,flow,13,400183,flow,4,0.0002070190529243485,0.0028186069510564857,0.08316469964251949
71,2,400331,flow,13,400183,flow,7,0.002693908408382533,0.02320112504827062,0.06729901248044047
71,2,400331,flow,13,400183,flow,10,1.4214143319714035e-06,3.541239858198653e-05,0.10795371226921983
71,2,400331,flow,14,401469,flow,1,0.0022893233718723387,0.02048441790904827,0.06840025895631521
71,2,400331,flow,14,401469,flow,3,0.000946534070699069,0.01003782741700699,0.0741280843930954
71,2,400331,flow,14,401469,flow,4,0.0023268626817486092,0.020747258586489147,0.06829088366980127
71,2,400331,flow,14,401469,flow,5,3.42327483592957e-06,7.845383178363789e-05,0.10398313431669053
71,2,400331,flow,14,401469,flow,9,0.0014577488395706407,0.014231581891401508,0.0713775261880067
71,2,400331,flow,15,401472,flow,1,0.0034507116893601948,0.028115945865779028,0.06559327847905631
71,2,400331,flow,15,401472,flow,2,7.587278669920098e-05,0.0011914592458762204,0.08867510167071109
71,2,400331,flow,15,401472,flow,3,0.0006592757885158448,0.007412991687632612,0.07636440338217357
71,2,400331,flow,15,401472,flow,4,0.001591125426384345,0.015193770649823985,0.07080854487634587
71,2,400331,flow,15,401472,flow,5,0.0003057794568942795,0.0038886289484347586,0.08093204888452517
71,2,400331,flow,15,401472,flow,6,3.860150322818966e-05,0.0006575650392183727,0.09221476198984827
71,2,400331,flow,15,401472,flow,7,0.004282121827534702,0.03320546812950981,0.0640746120508308
71,2,400331,flow,15,401472,flow,8,4.8735265936526415e-05,0.000811315409810382,0.09100804563033187
71,2,400331,flow,15,401472,flow,10,0.0008608065369771311,0.009268903887689946,0.0747208335862641
71,2,400331,flow,15,401472,flow,12,7.38799509397146e-05,0.0011665255411533884,0.08881696867104741
71,2,400331,flow,17,400260,flow,6,0.006564011445698701,0.04629199112093163,0.06097606393089588
71,2,400331,flow,17,400260,flow,12,0.0006313041085560605,0.007135619437368344,0.07662860065531248
71,2,400331,occupancy,0,400593,flow,3,0.001155768373377194,0.01181476425222309,0.07286733961951126
71,2,400331,occupancy,0,400593,flow,9,0.00021175003678997067,0.0028702860336764146,0.08303684119041295
71,2,400331,occupancy,0,400593,flow,10,0.004964864276050189,0.037346706725643074,0.06301600182667676
71,2,400331,occupancy,2,400331,flow,1,0.006181998174075854,0.0442152767225714,0.06141891186682233
71,2,400331,occupancy,2,400331,flow,9,0.003924530970260309,0.031119628839068526,0.06469173411485588
71,2,400331,occupancy,2,400331,flow,12,0.0012474781752291658,0.012550316061923606,0.07238022363306611
71,2,400331,occupancy,6,405843,flow,8,0.004791961023574172,0.03638184819304116,0.06327100944401698
71,2,400331,occupancy,7,408093,flow,3,0.0026545338494901325,0.022944350199674616,0.06739928641214098
71,2,400331,occupancy,7,408093,flow,11,3.282947714843996e-05,0.0005716378125000429,0.0930446665092351
71,2,400331,occupancy,10,400497,flow,6,0.0037400919577685204,0.0299873742716407,0.06503026385994709
71,2,400331,occupancy,11,405841,flow,6,3.305126802137903e-05,0.0005748587126687981,0.09301030244320183
71,2,400331,occupancy,13,400183,flow,3,0.0005462576404849864,0.006352174984912897,0.07750458135649207
71,2,400331,occupancy,14,401469,flow,5,0.003795474630842533,0.030346937636941962,0.06492704759447646
71,2,400331,occupancy,15,401472,flow,2,0.00012258640646160905,0.0017976010723494604,0.0860813950495488
71,2,400331,occupancy,15,401472,flow,6,0.006665654384883624,0.04683738930171967,0.06086214130612374
71,2,400331,occupancy,15,401472,flow,7,0.001662785075736933,0.015776919673146386,0.0705207364224885
71,2,400331,occupancy,15,401472,flow,8,0.0015444484833555274,0.014844831597368463,0.07100249786063896
71,2,400331,occupancy,17,400260,flow,12,0.0022148222472593375,0.01995418583557943,0.06862227798420173
71,2,400331,speed,2,400331,flow,1,0.0005012777783980723,0.005890968451250469,-0.0780206533102867
71,2,400331,speed,2,400331,flow,4,0.005577522029425727,0.040755911987684613,-0.06217271578953419
71,2,400331,speed,11,405841,flow,5,0.006957744314174691,0.048417292907916666,-0.06054323790632181
71,2,400331,speed,13,400183,flow,3,0.0070514176119449165,0.048911625143727724,-0.06044350903965118
71,2,400331,speed,16,405838,flow,2,0.006428840837916328,0.04558026213128142,0.06113004617306497
71,2,400331,speed,17,400260,flow,1,0.005429073855804781,0.03996864188322538,-0.06236907225955173
71,3,400039,flow,0,400593,flow,2,0.006272983506849133,0.04475522501996409,0.06131124946806566
71,3,400039,flow,1,400125,flow,1,6.524144282094039e-07,1.745158098987384e-05,0.11135894672192716
71,3,400039,flow,1,400125,flow,2,1.1134276102678481e-06,2.8260912317021764e-05,0.10903250965005423
71,3,400039,flow,1,400125,flow,6,6.928613819827426e-05,0.001104487516666217,0.08915828653426155
71,3,400039,flow,1,400125,flow,8,0.0019139299037974485,0.0176938368145815,0.0695948205211151
71,3,400039,flow,1,400125,flow,9,0.004211704720759727,0.03276528794108054,0.06419234288304415
71,3,400039,flow,1,400125,flow,10,3.2931270976572615e-05,0.0005731792530974766,0.09302886739659556
71,3,400039,flow,1,400125,flow,12,5.7256544928508775e-09,2.230372173950928e-07,0.1302248916291597
71,3,400039,flow,2,400331,flow,7,0.00482435189081521,0.03656350906723106,0.06322261113898547
71,3,400039,flow,3,400039,flow,1,1.2057338586012642e-88,3.8871419919085534e-86,0.42640303887422987
71,3,400039,flow,3,400039,flow,2,1.1577573118326585e-13,7.71838207888439e-12,0.16544790181730967
71,3,400039,flow,3,400039,flow,4,1.3799452049256935e-05,0.00026530321696835766,0.097373941040725
71,3,400039,flow,3,400039,flow,5,2.09150839341753e-05,0.000381881498713598,0.09531956610235012
71,3,400039,flow,3,400039,flow,6,4.925597162420255e-12,2.887188567388806e-10,0.1541738904027673
71,3,400039,flow,3,400039,flow,7,1.4389832466270459e-09,6.154859035078058e-08,0.13524271707116747
71,3,400039,flow,3,400039,flow,9,0.0025968656739740513,0.022576896179448382,0.06754862778195289
71,3,400039,flow,3,400039,flow,10,3.830418458624853e-06,8.613955096959586e-05,0.10346508805957735
71,3,400039,flow,3,400039,flow,11,1.8730165036284835e-09,7.878706227531693e-08,0.13429917675535838
71,3,400039,flow,3,400039,flow,12,3.309317143081967e-12,1.953039625425423e-10,0.15541337145048517
71,3,400039,flow,4,400316,flow,2,6.278970440022199e-05,0.0010110008311925418,-0.08967942492877883
71,3,400039,flow,4,400316,flow,6,0.006975375364487333,0.04850558168360837,0.06052437540585245
71,3,400039,flow,4,400316,flow,12,0.004794574879643682,0.03638890281106941,0.06326709287554592
71,3,400039,flow,5,400503,flow,6,0.000630221893756921,0.00712525145519471,0.07663903952235092
71,3,400039,flow,5,400503,flow,8,0.0007270044751947857,0.008067452691604096,0.0757654804988138
71,3,400039,flow,5,400503,flow,9,0.0015095460283969407,0.01459543160849325,0.07115108246278946
71,3,400039,flow,5,400503,flow,12,0.001169451912486817,0.011912360910028412,0.07279244240071293
71,3,400039,flow,6,405843,flow,1,0.0012128175319464018,0.012278818228283235,0.07256031228538197
71,3,400039,flow,6,405843,flow,3,0.0021050952176098793,0.019145287031736166,0.06896205871142853
71,3,400039,flow,6,405843,flow,4,0.005957450659045482,0.042956521480579685,0.061690846944931495
71,3,400039,flow,6,405843,flow,6,5.049915411543974e-05,0.0008380958347241632,0.09082270163506691
71,3,400039,flow,6,405843,flow,7,0.006643653722271657,0.04671319023472259,0.06088666690566056
71,3,400039,flow,6,405843,flow,9,0.0012167932363921943,0.012316182711373663,0.07253941600681584
71,3,400039,flow,6,405843,flow,10,0.005444567626415375,0.04006904965266511,0.06234835341430373
71,3,400039,flow,6,405843,flow,11,0.0018245797883828703,0.017024156988799135,0.06991071246902562
71,3,400039,flow,6,405843,flow,12,0.0002752766022381351,0.0035658018640741937,0.08153898332009256
71,3,400039,flow,7,408093,flow,10,0.0005637047405347237,0.006495764218661454,0.07731499748410148
71,3,400039,flow,7,408093,flow,11,0.0014139153337397717,0.013878923521371992,0.07157501973114314
71,3,400039,flow,8,401448,flow,1,0.004875597566722276,0.03688718299166415,0.06314663686710092
71,3,400039,flow,8,401448,flow,5,0.0024015551998395708,0.021242257295878267,0.06807797806949138
71,3,400039,flow,8,401448,flow,8,0.0008434893925093984,0.009102858295379967,0.0748471810617621
71,3,400039,flow,9,402391,flow,1,0.00399156869315999,0.03149511735972814,0.06457226009035227
71,3,400039,flow,9,402391,flow,9,0.002839946357530234,0.024108013881962296,0.06693842763114681
71,3,400039,flow,10,400497,flow,2,0.0005917580048368028,0.006752230800039588,-0.07702132037864606
71,3,400039,flow,10,400497,flow,5,8.431825321437404e-06,0.0001724691543021287,0.09975642312271629
71,3,400039,flow,10,400497,flow,6,0.004202427122323816,0.03272257600655891,0.06420798695130174
71,3,400039,flow,10,400497,flow,10,7.083402130323909e-07,1.8704338143642595e-05,0.11100401853157288
71,3,400039,flow,10,400497,flow,11,1.2952875770920297e-17,1.1805152601345082e-15,0.19009333624379984
71,3,400039,flow,10,400497,flow,12,3.116696146984816e-14,2.1716334443507107e-12,0.1692662176885121
71,3,400039,flow,11,405841,flow,1,0.003990440162326498,0.03149196474470309,0.0645742562320758
71,3,400039,flow,11,405841,flow,6,4.3352157271702246e-07,1.2059325139327347e-05,0.11310704381888094
71,3,400039,flow,12,404520,flow,2,5.7880706524682885e-06,0.0001243384645383541,-0.10154061447981508
71,3,400039,flow,12,404520,flow,5,0.004424022355858349,0.03404912983664363,0.06384260259859022
71,3,400039,flow,12,404520,flow,6,7.791985219481038e-08,2.55010425364834e-06,0.12018007507109169
71,3,400039,flow,12,404520,flow,7,7.151489702566541e-06,0.00014903249163090908,0.10054113528008328
71,3,400039,flow,12,404520,flow,9,0.0009772230276024526,0.010309166005476423,0.07392792544854752
71,3,400039,flow,12,404520,flow,10,9.080914534535845e-06,0.00018452281650609056,0.09940116775190616
71,3,400039,flow,12,404520,flow,11,0.0006389705165294818,0.007209069290695642,0.07655512448510898
71,3,400039,flow,12,404520,flow,12,2.3289023050147403e-05,0.0004202530475214569,0.09478169306590711
71,3,400039,flow,13,400183,flow,3,1.337786583379594e-05,0.00025811692899508026,0.09752560655159617
71,3,400039,flow,13,400183,flow,4,0.0012804599335146437,0.012816466433696156,0.0722130948140354
71,3,400039,flow,13,400183,flow,7,0.004352679766684335,0.0336198401431724,0.06395839234108222
71,3,400039,flow,13,400183,flow,10,0.00034025047091322,0.004255593614201246,0.08031090265563576
71,3,400039,flow,13,400183,flow,12,0.0014280994538947705,0.0140054248372881,0.07151050272304102
71,3,400039,flow,14,401469,flow,1,0.001986955157122241,0.01827085201951486,0.06934653937354034
71,3,400039,flow,14,401469,flow,6,0.0012460704444450781,0.012539073654793238,0.07238744739603901
71,3,400039,flow,14,401469,flow,7,0.0012677248671359431,0.012718754403399207,0.07227715143195627
71,3,400039,flow,14,401469,flow,10,0.0014398371571190415,0.014091745624726459,0.07145755813958267
71,3,400039,flow,14,401469,flow,12,5.780092085576401e-09,2.2495493522243294e-07,0.1301898529420675
71,3,400039,flow,15,401472,flow,1,7.093666135696983e-43,1.3803890858653587e-40,0.300876179718576
71,3,400039,flow,15,401472,flow,3,0.0031126119547193205,0.02589347899939816,0.06630826134170799
71,3,400039,flow,15,401472,flow,4,9.826788010825793e-05,0.0014861611121010866,0.0872855708393034
71,3,400039,flow,15,401472,flow,5,0.0016077816383769307,0.015335872549764498,0.07074060013284907
71,3,400039,flow,15,401472,flow,6,9.161755844000462e-06,0.0001856415818296529,0.09935863210892736
71,3,400039,flow,15,401472,flow,7,0.0002044089651460984,0.0027900370598140443,0.08323641797817764
71,3,400039,flow,15,401472,flow,10,0.0030418582036837805,0.02543714177296541,0.06646679435038999
71,3,400039,flow,15,401472,flow,11,0.00010951874374605047,0.0016286436247261204,0.08669715690150999
71,3,400039,flow,15,401472,flow,12,7.206603941676264e-07,1.8994831621745857e-05,0.11092946609589424
71,3,400039,flow,16,405838,flow,1,1.0174069371305598e-09,4.417284390355797e-08,0.13647375501828388
71,3,400039,flow,16,405838,flow,6,0.002559774433740548,0.022330827047171178,0.06764629108390453
71,3,400039,flow,16,405838,flow,7,0.0024027893987638234,0.0212488233421898,0.06807451122401682
71,3,400039,flow,17,400260,flow,1,1.0479633187778262e-07,3.346046960177538e-06,0.1189878190595031
71,3,400039,flow,17,400260,flow,7,0.0015464392893357228,0.014858068150874483,0.0709941161899785
71,3,400039,flow,17,400260,flow,11,2.8995688861909988e-05,0.0005114796891933489,0.0936763532467589
71,3,400039,flow,17,400260,flow,12,6.457614187284974e-06,0.00013668247569363588,0.10102455175555697
71,3,400039,flow,18,404528,flow,1,7.39522386596915e-06,0.00015344556724777487,0.10038191899760257
71,3,400039,flow,18,404528,flow,12,0.0003077157637195515,0.003909800291966066,0.08089546133915666
71,3,400039,flow,19,401795,flow,1,3.797939718278332e-05,0.0006482457361897429,0.09229832461976237
71,3,400039,flow,19,401795,flow,2,4.900329521506284e-07,1.343093628515252e-05,0.11258573120362338
71,3,400039,flow,19,401795,flow,8,7.281891941395836e-06,0.00015160372620159042,0.10045531792265036
71,3,400039,flow,19,401795,flow,9,0.004069764219183915,0.03194872147351356,0.0644351795795198
71,3,400039,flow,19,401795,flow,11,0.00017314756619885672,0.002421487491029657,0.0841695006208389
71,3,400039,flow,19,401795,flow,12,1.130933452741722e-05,0.00022329216251573304,0.09834288506077496
71,3,400039,occupancy,0,400593,flow,2,0.0002859468784933348,0.003677554376573999,0.08131981327098237
71,3,400039,occupancy,1,400125,flow,1,0.0002751493444231534,0.0035652224592322215,0.08154164492021322
71,3,400039,occupancy,1,400125,flow,2,6.616657258309925e-06,0.000139570114042475,0.10090950715952457
71,3,400039,occupancy,1,400125,flow,10,2.042524221891578e-05,0.00037467960248711754,0.09543775221162037
71,3,400039,occupancy,1,400125,flow,12,3.4097468182770715e-07,9.716428928071866e-06,0.1141220707384566
71,3,400039,occupancy,2,400331,flow,6,0.0006741550430964631,0.007570443946391267,0.07622808188487323
71,3,400039,occupancy,2,400331,flow,7,0.004128080270896697,0.03230086355782237,0.06433449520588112
71,3,400039,occupancy,2,400331,flow,8,0.004305951854294428,0.033348354267751755,0.06403516757883783
71,3,400039,occupancy,3,400039,flow,2,0.0017101385968884537,0.016162324958560754,-0.07033674380765512
71,3,400039,occupancy,3,400039,flow,6,0.0034212017126767544,0.027922900810057775,0.06565308221402545
71,3,400039,occupancy,3,400039,flow,10,0.0008084040186302731,0.008785673862849761,0.07511071256663499
71,3,400039,occupancy,3,400039,flow,11,0.0007623765363022171,0.008384589197621124,0.07547299944015194
71,3,400039,occupancy,3,400039,flow,12,2.5549908132827508e-05,0.0004570418349226287,0.09431587902040686
71,3,400039,occupancy,4,400316,flow,9,0.0033655577411014744,0.027562482353665155,0.06576713603046928
71,3,400039,occupancy,4,400316,flow,10,0.0018690392196641305,0.017341601007192963,0.06975179601406438
71,3,400039,occupancy,4,400316,flow,11,0.007208834624629062,0.04968437392852194,0.060278562115658206
71,3,400039,occupancy,5,400503,flow,1,0.0025735036438574907,0.022414386575532984,0.06760999148263509
71,3,400039,occupancy,5,400503,flow,6,0.0011742680152507518,0.011950147999724966,0.07276627376897297
71,3,400039,occupancy,5,400503,flow,10,0.005238798475650057,0.03887924654665564,0.0626279632054583
71,3,400039,occupancy,5,400503,flow,11,0.0049870755507304704,0.037442068785463384,0.06298382726120533
71,3,400039,occupancy,6,405843,flow,3,2.1875895266064484e-06,5.2212081519004736e-05,0.10602365069912796
71,3,400039,occupancy,6,405843,flow,4,8.851562072803003e-05,0.0013569463504084093,0.08784951162950679
71,3,400039,occupancy,6,405843,flow,6,1.5627015202791033e-05,0.0002963507711855016,0.09676376792322185
71,3,400039,occupancy,6,405843,flow,9,0.0020141400844839005,0.018465800434996713,0.06925624602462953
71,3,400039,occupancy,6,405843,flow,10,1.9816653971304344e-05,0.0003644442109665166,0.09558840381352554
71,3,400039,occupancy,6,405843,flow,11,0.0020948230653215646,0.019075960459926558,0.06899469306189458
71,3,400039,occupancy,6,405843,flow,12,0.00014883756209958029,0.002132597904710404,0.08501191051950058
71,3,400039,occupancy,7,408093,flow,3,0.0025291955061355277,0.022131101046192994,0.06772778454641433
71,3,400039,occupancy,7,408093,flow,4,0.0009220794319427804,0.009818543618419549,0.07429192992404066
71,3,400039,occupancy,7,408093,flow,10,0.00040567928446620606,0.004949264357226801,0.07927866252856133
71,3,400039,occupancy,7,408093,flow,12,0.0013303742476652423,0.01322111053580365,0.07196756574498868
71,3,400039,occupancy,8,401448,flow,1,0.000893241580351525,0.009560960423980644,0.07449039399228496
71,3,400039,occupancy,9,402391,flow,9,0.0011397490308441892,0.011684185603338625,0.07295606958597543
71,3,400039,occupancy,10,400497,flow,3,0.001510815816513286,0.014601172991806253,0.07114562162882541
71,3,400039,occupancy,10,400497,flow,5,0.0011636994715210102,0.011881781415671859,0.07282382942381603
71,3,400039,occupancy,10,400497,flow,9,0.0001619040636209605,0.0022891120785042095,0.0845442925007435
71,3,400039,occupancy,10,400497,flow,10,1.928391053146595e-10,9.114496006119574e-09,0.1422326223387075
71,3,400039,occupancy,10,400497,flow,11,5.76451773077237e-08,1.925964160629284e-06,0.12138094852340685
71,3,400039,occupancy,10,400497,flow,12,0.0013459458409951735,0.013345159589394423,0.0718927060614986
71,3,400039,occupancy,11,405841,flow,1,0.006118035054488895,0.043860939335455255,0.06149545579159242
71,3,400039,occupancy,11,405841,flow,6,0.0005262118186951294,0.006148440291650203,0.07772949068269673
71,3,400039,occupancy,11,405841,flow,10,0.0037025023490415312,0.02974590357166782,0.06510111312836858
71,3,400039,occupancy,12,404520,flow,5,0.005315952644286051,0.03932534701848131,0.06252197955169828
71,3,400039,occupancy,12,404520,flow,6,4.7822524083973475e-06,0.00010524365972631962,0.10243471287034059
71,3,400039,occupancy,12,404520,flow,7,0.0009424597570974343,0.010003504055677927,0.07415510811063214
71,3,400039,occupancy,12,404520,flow,9,1.4963711314158552e-05,0.0002850230726506391,0.09697696415759066
71,3,400039,occupancy,12,404520,flow,10,0.00026046599964695753,0.0034014906846277404,0.08185676577918215
71,3,400039,occupancy,12,404520,flow,11,0.0038138517699795593,0.030460047414146228,0.06489310034839844
71,3,400039,occupancy,13,400183,flow,3,0.0003314802089146126,0.004167620787285001,0.08046315242663292
71,3,400039,occupancy,13,400183,flow,4,0.005567050296507399,0.04073076143625316,0.06218641158799969
71,3,400039,occupancy,13,400183,flow,10,0.0003807971032296403,0.004682731243814535,0.07965152552374428
71,3,400039,occupancy,14,401469,flow,1,0.005015741607582006,0.03760500476354437,0.06294249334867222
71,3,400039,occupancy,14,401469,flow,10,5.881334428335914e-05,0.0009548051383093254,0.09002418804168927
71,3,400039,occupancy,14,401469,flow,12,1.327236498862063e-08,4.917377079832e-07,0.12707487768713477
71,3,400039,occupancy,15,401472,flow,2,1.4653903686262498e-05,0.0002793683315298058,0.09705529740873736
71,3,400039,occupancy,15,401472,flow,3,0.005936649822283701,0.042843847698405595,0.061716502328365334
71,3,400039,occupancy,15,401472,flow,4,9.57741991496749e-06,0.0001930137412395601,0.09914542956918768
71,3,400039,occupancy,15,401472,flow,5,0.00030350106667444767,0.0038676242124885364,0.08097537892278031
71,3,400039,occupancy,15,401472,flow,6,0.00011735804567680191,0.0017303302297740077,0.08631997197523736
71,3,400039,occupancy,15,401472,flow,7,0.007164886888375024,0.049460388874688566,0.06032428437105401
71,3,400039,occupancy,15,401472,flow,11,0.0016178745407492143,0.015421928543770091,0.07069974307260746
71,3,400039,occupancy,15,401472,flow,12,0.0007249870365095846,0.008049200713753292,0.07578255754701624
71,3,400039,occupancy,16,405838,flow,1,5.46909127366873e-06,0.00011819146724486699,0.10180690058691245
71,3,400039,occupancy,17,400260,flow,1,0.0006333159657364364,0.007152745024787987,0.07660923873892425
71,3,400039,occupancy,17,400260,flow,3,0.004051190911094402,0.03182604971072525,0.0644675217434506
71,3,400039,occupancy,17,400260,flow,11,0.00017658938494783443,0.0024600649563838914,0.08405933891368968
71,3,400039,occupancy,17,400260,flow,12,5.209072257208903e-08,1.7512211790772343e-06,0.12178209146502326
71,3,400039,occupancy,18,404528,flow,1,0.004845374014964426,0.03669708230127335,0.06319135694418346
71,3,400039,occupancy,18,404528,flow,9,0.003819918200541204,0.030500355669319097,0.06488192671229252
71,3,400039,occupancy,18,404528,flow,12,6.71537710705091e-06,0.0001413549040264136,0.10083942009074583
71,3,400039,occupancy,19,401795,flow,2,2.9720837140871635e-05,0.0005222434347609807,0.0935510158112655
71,3,400039,occupancy,19,401795,flow,11,6.960991760610261e-05,0.0011092395575741914,0.08913353915978274
71,3,400039,occupancy,19,401795,flow,12,7.73870658254387e-05,0.00121127581291991,0.0885696373546039
71,3,400039,speed,2,400331,flow,8,9.369303561807708e-05,0.0014246881868007495,-0.08754321011269128
71,3,400039,speed,2,400331,flow,10,0.0018527667816520433,0.017213697352991903,0.06980955378513651
71,3,400039,speed,6,405843,flow,3,0.0005291760363945112,0.006175149857440001,-0.07769573541322354
71,3,400039,speed,6,405843,flow,10,0.006563629825773933,0.04629199112093163,-0.06097649463357819
71,3,400039,speed,8,401448,flow,2,0.0002972609686572062,0.003800436178156646,0.08109562939194428
71,3,400039,speed,8,401448,flow,6,0.00606144118464843,0.04353354267278674,0.06156378391269374
71,3,400039,speed,10,400497,flow,3,0.0021185737004538268,0.019239517313349865,-0.06891945859984687
71,3,400039,speed,15,401472,flow,3,0.00023544960202072409,0.003133525202493925,-0.0824341318857749
71,3,400039,speed,15,401472,flow,4,0.00024143509949851186,0.0031944858494136947,-0.08229093223441333
71,3,400039,speed,15,401472,flow,5,0.0026215190269345194,0.022704414988687097,-0.06748441677860634
71,3,400039,speed,15,401472,flow,11,0.0013905831719715584,0.013687216456862914,-0.0716824556276966
71,3,400039,speed,15,401472,flow,12,0.007245095506261827,0.049877390878886464,-0.06024102493123645
71,3,400039,speed,17,400260,flow,12,0.0026000641433699843,0.02259106415800147,-0.06754026583356429
71,4,400316,flow,1,400125,flow,1,0.0051062784776364995,0.03811840854223203,0.06281333424651768
71,4,400316,flow,1,400125,flow,2,0.0006583096955877759,0.007404365591644716,0.07637335310600014
71,4,400316,flow,1,400125,flow,10,0.0002906984113074202,0.0037331068277290584,-0.08122466993932438
71,4,400316,flow,3,400039,flow,4,8.385657151153838e-06,0.00017160605823299184,-0.0997826770866587
71,4,400316,flow,3,400039,flow,7,0.0034071054971953536,0.027813106099553907,-0.06568181481538421
71,4,400316,flow,3,400039,flow,8,0.0003010760483554871,0.0038412537770103495,-0.08102183318749015
71,4,400316,flow,3,400039,flow,9,1.0840891691874272e-14,7.884284866817652e-13,-0.1722441225724668
71,4,400316,flow,3,400039,flow,10,0.006403702286906878,0.04542527730613746,-0.06115900376946527
71,4,400316,flow,3,400039,flow,12,0.004996704998960118,0.03748830426451495,0.06296991856065831
71,4,400316,flow,4,400316,flow,1,1.3629234653909528e-05,0.000262147345079649,0.09741020273858712
71,4,400316,flow,4,400316,flow,3,1.8649560539889479e-06,4.5084555977796615e-05,-0.10674180700190519
71,4,400316,flow,4,400316,flow,4,0.006666986721456149,0.04683913260154588,-0.06086065839853364
71,4,400316,flow,4,400316,flow,7,0.00069564421895287,0.007769345982100305,-0.07603605468171543
71,4,400316,flow,4,400316,flow,8,1.8991961029303503e-06,4.5886617252008465e-05,-0.1066601552808311
71,4,400316,flow,4,400316,flow,11,0.0028078507621279026,0.02388719041432166,0.06699935085753136
71,4,400316,flow,5,400503,flow,1,1.5886323282393087e-05,0.000301004020087448,0.09668275850329593
71,4,400316,flow,5,400503,flow,2,0.00329998687235066,0.027133504546164543,0.06590376035175288
71,4,400316,flow,5,400503,flow,3,0.0069095001040902215,0.04812032959804894,0.06059507192937075
71,4,400316,flow,5,400503,flow,12,0.0025654853427962945,0.0223580727877345,0.0676311700609114
71,4,400316,flow,6,405843,flow,9,0.0007552652639410363,0.008321208722839268,-0.07553077431026915
71,4,400316,flow,6,405843,flow,12,0.0016771817256322524,0.015892575246175326,0.070464293869806
71,4,400316,flow,7,408093,flow,4,0.007141038061749732,0.04933517419919853,0.0603492015580579
71,4,400316,flow,8,401448,flow,2,0.0011415923572163046,0.011700306009903762,0.07294580109759781
71,4,400316,flow,9,402391,flow,1,1.3920959147993497e-08,5.122533519534234e-07,0.1268938171048279
71,4,400316,flow,9,402391,flow,2,1.5490282024022837e-05,0.0002941202917530884,0.09680700128024976
71,4,400316,flow,10,400497,flow,1,4.939541540940989e-11,2.5524903656537167e-09,0.1467811322534689
71,4,400316,flow,10,400497,flow,5,4.270926136165638e-05,0.0007201561634752364,0.09169308374228374
71,4,400316,flow,10,400497,flow,8,2.2224295312406046e-09,9.196260129271466e-08,-0.13368342467308492
71,4,400316,flow,10,400497,flow,9,1.3056371998848515e-06,3.269769683189889e-05,-0.10833018972951552
71,4,400316,flow,10,400497,flow,11,8.828197790512163e-12,5.064782796150405e-10,0.15233690587168838
71,4,400316,flow,10,400497,flow,12,5.808854972832946e-30,9.125183084595755e-28,0.25122082574855403
71,4,400316,flow,12,404520,flow,3,6.326237074706465e-10,2.834994207752275e-08,-0.13810881550027226
71,4,400316,flow,12,404520,flow,10,0.00013839593525304307,0.001996228515169102,0.08541423975301358
71,4,400316,flow,12,404520,flow,11,1.3467827243777726e-08,4.981251172356146e-07,0.12701942445610534
71,4,400316,flow,12,404520,flow,12,6.872168499941215e-17,5.949452488927065e-15,0.18583369486025272
71,4,400316,flow,14,401469,flow,1,1.5095253892527447e-05,0.00028714881909167137,0.09693397804894661
71,4,400316,flow,16,405838,flow,1,0.006182974228728099,0.0442152767225714,0.06141774936376398
71,4,400316,flow,16,405838,flow,10,0.000998061359046562,0.010500791697713462,-0.07379530363172629
71,4,400316,flow,17,400260,flow,1,0.0001577575121694529,0.002241080080802488,0.08468871938205359
71,4,400316,flow,17,400260,flow,2,0.003457591574381978,0.02815076442014728,0.06557940286573456
71,4,400316,flow,17,400260,flow,4,0.006176843619545078,0.044186064640560914,0.061425053797600736
71,4,400316,flow,17,400260,flow,6,0.0003618161223714485,0.004483779829732236,0.07995158681457418
71,4,400316,flow,17,400260,flow,10,4.0342317829562703e-07,1.1309462233855346e-05,-0.11341210955968595
71,4,400316,flow,18,404528,flow,1,1.6386207306088043e-10,7.821924371524901e-09,0.1427840263885732
71,4,400316,flow,18,404528,flow,2,7.20000436655315e-11,3.620956794355019e-09,0.145536966530065
71,4,400316,flow,18,404528,flow,3,0.002963254481546049,0.02492025387686637,0.06664690626067221
71,4,400316,flow,18,404528,flow,4,5.016656638996369e-05,0.0008328961060900966,0.09085717488404631
71,4,400316,flow,18,404528,flow,12,0.00033236350456191505,0.0041738672665914914,0.08044764913532411
71,4,400316,flow,19,401795,flow,10,0.0007954603074769041,0.008673368319788554,-0.07521061957809491
71,4,400316,occupancy,1,400125,flow,1,1.7989885811761577e-11,9.963629064975643e-10,0.15006514763933404
71,4,400316,occupancy,1,400125,flow,2,5.1126701282962234e-08,1.7228342398002874e-06,0.12185590878613933
71,4,400316,occupancy,1,400125,flow,3,0.0023365911444163333,0.020812523183254765,0.06826280217155045
71,4,400316,occupancy,1,400125,flow,10,4.246556668482322e-09,1.6939173414444718e-07,0.13132674100049557
71,4,400316,occupancy,1,400125,flow,11,9.714895014408042e-16,7.602961315623685e-14,0.1788549588492021
71,4,400316,occupancy,1,400125,flow,12,5.183113902928185e-19,5.2315542197779813e-17,0.19803779137139924
71,4,400316,occupancy,2,400331,flow,1,0.00033172024745398436,0.004168212533453207,0.0804589355367413
71,4,400316,occupancy,2,400331,flow,2,0.0020907054736388235,0.019050511803669515,0.0690078157316645
71,4,400316,occupancy,2,400331,flow,3,0.0006013237632446441,0.006841502916030715,0.07692413657868048
71,4,400316,occupancy,2,400331,flow,4,0.00387293861633172,0.030789648182835902,0.06478494939383442
71,4,400316,occupancy,2,400331,flow,5,0.005826587455185818,0.0422258980144317,0.06185361391489318
71,4,400316,occupancy,2,400331,flow,7,0.0001403237347438508,0.0020209126146281437,0.0853378554263733
71,4,400316,occupancy,2,400331,flow,8,0.0005634002754859775,0.006495764218661454,0.07731825876799249
71,4,400316,occupancy,2,400331,flow,9,1.154541611553187e-05,0.0002270195613067714,0.09824270576820178
71,4,400316,occupancy,2,400331,flow,10,9.829667058882368e-05,0.0014861611121010866,0.08728398558625197
71,4,400316,occupancy,2,400331,flow,11,0.0007367393910169284,0.008164992737796641,0.07568369045396274
71,4,400316,occupancy,2,400331,flow,12,0.0017813309144934886,0.01671085678743077,0.07006875113515476
71,4,400316,occupancy,3,400039,flow,1,1.7796235168489617e-12,1.0722417842102532e-10,0.1573269994419393
71,4,400316,occupancy,3,400039,flow,2,2.1818985322420193e-06,5.21338587349863e-05,0.10603541173061412
71,4,400316,occupancy,3,400039,flow,3,0.002275734658820876,0.02040085853103587,0.068440256303552
71,4,400316,occupancy,3,400039,flow,10,9.548969361002295e-05,0.0014484391727363033,0.08744064219368902
71,4,400316,occupancy,3,400039,flow,11,1.687709132193254e-07,5.175588390064597e-06,0.11704600522218155
71,4,400316,occupancy,3,400039,flow,12,1.4586080565774872e-05,0.0002784439595410846,0.09710239891951525
71,4,400316,occupancy,4,400316,flow,8,6.1084478674865085e-06,0.0001303779386736251,0.10128693141136859
71,4,400316,occupancy,4,400316,flow,9,7.395217893335602e-18,6.9150089392229e-16,0.1915017704069249
71,4,400316,occupancy,4,400316,flow,10,2.228953470177556e-25,3.1162067932579424e-23,0.23058717070217594
71,4,400316,occupancy,4,400316,flow,11,1.4608288007698317e-20,1.6140103374234457e-18,0.20647062368019328
71,4,400316,occupancy,4,400316,flow,12,3.075881236508135e-06,7.11719707644089e-05,0.10447416759555957
71,4,400316,occupancy,5,400503,flow,1,9.106360419729999e-08,2.942369260526073e-06,0.11955436907386688
71,4,400316,occupancy,5,400503,flow,2,0.0012010805425274934,0.012168225156609567,0.07262237276654639
71,4,400316,occupancy,5,400503,flow,5,7.689694096286852e-06,0.00015886885937809277,0.10019611730170563
71,4,400316,occupancy,5,400503,flow,6,2.0865275404730464e-07,6.290159787050635e-06,0.11617151256202711
71,4,400316,occupancy,5,400503,flow,7,3.0603900357342256e-09,1.2449044213156173e-07,0.1325241184568628
71,4,400316,occupancy,5,400503,flow,8,1.4248677139030208e-07,4.4379441413562005e-06,0.11773941103807332
71,4,400316,occupancy,5,400503,flow,9,5.6024405191925474e-09,2.1882950310046838e-07,0.13030540934013454
71,4,400316,occupancy,5,400503,flow,10,2.3964966795006863e-09,9.869271358858881e-08,0.13341108250794093
71,4,400316,occupancy,5,400503,flow,11,1.1824585736439332e-09,5.09802498816546e-08,0.13594126598415945
71,4,400316,occupancy,5,400503,flow,12,1.403427026717428e-07,4.377476357703457e-06,0.11780132002533539
71,4,400316,occupancy,6,405843,flow,1,6.93403557700518e-20,7.30610577869814e-18,0.2028364934080685
71,4,400316,occupancy,6,405843,flow,2,7.64235985016713e-09,2.9372770954379004e-07,0.1291515067960422
71,4,400316,occupancy,6,405843,flow,3,1.217720986343758e-07,3.837020175787771e-06,0.1183793569492301
71,4,400316,occupancy,6,405843,flow,4,7.10107241694612e-10,3.1398805364592874e-08,0.13773915140136858
71,4,400316,occupancy,6,405843,flow,5,1.9158574998736515e-09,8.012104936548087e-08,0.13421792650876185
71,4,400316,occupancy,6,405843,flow,6,2.832352136917899e-07,8.278593526038785e-06,0.11490039558701667
71,4,400316,occupancy,6,405843,flow,7,3.6424203921582286e-05,0.0006249526263676671,0.09251304052834006
71,4,400316,occupancy,6,405843,flow,8,3.08052012359299e-06,7.12030333543163e-05,0.10446726732193821
71,4,400316,occupancy,6,405843,flow,9,4.672254135351588e-13,2.9552178425649864e-11,0.16137418872409592
71,4,400316,occupancy,6,405843,flow,10,8.952823938472338e-25,1.2048660253645016e-22,0.22771506088795232
71,4,400316,occupancy,6,405843,flow,11,2.8897243113356785e-27,4.289900008580801e-25,0.23932056145069433
71,4,400316,occupancy,6,405843,flow,12,7.8294691942793e-18,7.289505801570383e-16,0.19135887962043036
71,4,400316,occupancy,7,408093,flow,1,5.7254776086620745e-11,2.9098897964023716e-09,0.14629486558535662
71,4,400316,occupancy,7,408093,flow,2,3.694309867952063e-11,1.961272632511151e-09,0.14773308388846482
71,4,400316,occupancy,7,408093,flow,3,2.0715898097648002e-08,7.457723315153281e-07,0.12537538697591846
71,4,400316,occupancy,7,408093,flow,4,3.6355393694047722e-06,8.240047259091615e-05,0.10370610629822805
71,4,400316,occupancy,7,408093,flow,5,2.050462962845993e-05,0.0003758167161431774,0.09541841620243448
71,4,400316,occupancy,7,408093,flow,6,7.054691123419831e-05,0.0011212754103448737,0.08906253041132653
71,4,400316,occupancy,7,408093,flow,7,6.898156703698e-05,0.001100444496306328,0.08918166576660687
71,4,400316,occupancy,7,408093,flow,8,5.298745297084031e-06,0.00011479729028787871,0.1019552567206946
71,4,400316,occupancy,7,408093,flow,9,6.696957660948097e-07,1.7825543496793455e-05,0.11124624105470145
71,4,400316,occupancy,7,408093,flow,10,1.4571663361607012e-07,4.525491425028202e-06,0.11764782951704784
71,4,400316,occupancy,7,408093,flow,11,3.5994457274502965e-08,1.2550125538809752e-06,0.12323472937081398
71,4,400316,occupancy,7,408093,flow,12,9.332268571388916e-07,2.4011554632757664e-05,0.10980613003879765
71,4,400316,occupancy,9,402391,flow,8,0.002733532538291043,0.023416274904221605,0.06719944501175304
71,4,400316,occupancy,9,402391,flow,9,5.690612258118007e-05,0.000927677168115841,0.09019745269217172
71,4,400316,occupancy,9,402391,flow,10,2.463510268518872e-10,1.1542694533624215e-08,0.1413992646015118
71,4,400316,occupancy,9,402391,flow,11,1.3549693787018225e-11,7.616367366366925e-10,0.15097383292840047
71,4,400316,occupancy,9,402391,flow,12,1.272008875842725e-08,4.733056282205488e-07,0.12723595458244322
71,4,400316,occupancy,10,400497,flow,1,0.0036738815642834216,0.029588307900269166,0.06515549738908619
71,4,400316,occupancy,10,400497,flow,2,0.0006092299230080967,0.006920518715211617,0.07684489279930251
71,4,400316,occupancy,10,400497,flow,3,5.245479773910029e-22,6.294575728692035e-20,0.21401319278524375
71,4,400316,occupancy,10,400497,flow,4,2.90141688021893e-34,4.993673674321027e-32,0.2689918854462173
71,4,400316,occupancy,10,400497,flow,5,4.82190749800115e-15,3.610162979439336e-13,0.17449323283784782
71,4,400316,occupancy,10,400497,flow,8,5.860582843997786e-16,4.697164728398968e-14,0.180208273347828
71,4,400316,occupancy,10,400497,flow,9,3.3139256108786865e-71,9.118572381526068e-69,0.3850725839721274
71,4,400316,occupancy,10,400497,flow,10,3.8160942230507125e-118,1.7537794727211784e-115,0.4858219019932086
71,4,400316,occupancy,10,400497,flow,11,2.4480478156384203e-81,7.44758208701266e-79,0.4099083517967984
71,4,400316,occupancy,10,400497,flow,12,7.1643078431029285e-09,2.7658453871496564e-07,0.12939238816810292
71,4,400316,occupancy,11,405841,flow,9,0.004716506186194541,0.03590362418389501,0.06338491122082059
71,4,400316,occupancy,11,405841,flow,10,0.00498656827321295,0.037442068785463384,0.06298456064158117
71,4,400316,occupancy,12,404520,flow,2,9.25267032133144e-06,0.00018722030814122633,-0.09931122234240944
71,4,400316,occupancy,12,404520,flow,5,2.3331655256916777e-07,6.951224186888309e-06,0.1157083719639371
71,4,400316,occupancy,12,404520,flow,6,8.170801020541451e-09,3.120942564875249e-07,0.1289017119792508
71,4,400316,occupancy,12,404520,flow,7,4.829537332495586e-11,2.498634883398914e-09,0.1468551616179773
71,4,400316,occupancy,12,404520,flow,8,3.3868536445681355e-17,2.979879377705569e-15,0.18765221492162257
71,4,400316,occupancy,12,404520,flow,9,2.409052015357696e-30,3.8544832245723133e-28,0.25285718141160096
71,4,400316,occupancy,12,404520,flow,10,5.430185151220724e-33,9.163437442684972e-31,0.2638769205223809
71,4,400316,occupancy,12,404520,flow,11,4.717304114233043e-17,4.116919954239747e-15,0.1868029643216742
71,4,400316,occupancy,13,400183,flow,1,0.003295392857375727,0.027106049398063867,0.06591342486537768
71,4,400316,occupancy,14,401469,flow,1,3.3047573882466545e-10,1.5139503623781068e-08,0.14039309776896947
71,4,400316,occupancy,14,401469,flow,2,4.4281813388095756e-07,1.227052173422538e-05,0.1130169379310813
71,4,400316,occupancy,14,401469,flow,3,6.0542550009547095e-06,0.0001294130707774584,0.1013289349773373
71,4,400316,occupancy,14,401469,flow,4,2.928744649571966e-07,8.502807047144417e-06,0.11476037494554356
71,4,400316,occupancy,14,401469,flow,5,6.57399188606868e-10,2.9338476185761053e-08,0.13800905018110057
71,4,400316,occupancy,14,401469,flow,6,2.5075253180069622e-12,1.4920811809628205e-10,0.15627216965685234
71,4,400316,occupancy,14,401469,flow,7,1.3947170332633014e-07,4.356599843599033e-06,0.11782673121612612
71,4,400316,occupancy,14,401469,flow,8,2.6516203584379085e-06,6.225543450245525e-05,0.10515165251345213
71,4,400316,occupancy,14,401469,flow,9,3.393898537592516e-07,9.677651275511334e-06,0.11414167731754311
71,4,400316,occupancy,14,401469,flow,10,1.642752081845806e-09,6.984930111785317e-08,0.13476950974814433
71,4,400316,occupancy,14,401469,flow,11,1.1449408470904073e-11,6.499532798200473e-10,0.15151118360870416
71,4,400316,occupancy,14,401469,flow,12,7.745361883158139e-11,3.877168405010795e-09,0.14529465704416283
71,4,400316,occupancy,15,401472,flow,1,3.449530730136431e-43,6.773623979176992e-41,0.3021107335431995
71,4,400316,occupancy,15,401472,flow,2,1.3960090961645762e-40,2.6107183097103764e-38,0.29288779721484726
71,4,400316,occupancy,15,401472,flow,3,2.683384031557981e-40,4.975201294562436e-38,0.29186304249103306
71,4,400316,occupancy,15,401472,flow,4,1.0594827943242641e-45,2.1691780433558395e-43,0.3106930854873153
71,4,400316,occupancy,15,401472,flow,5,2.569024632446506e-48,5.494151689192528e-46,0.3193330185007108
71,4,400316,occupancy,15,401472,flow,6,3.5258597510251285e-44,7.08451819740863e-42,0.30552835454090277
71,4,400316,occupancy,15,401472,flow,7,1.1442010309381933e-34,1.985119860904817e-32,0.27059357115529964
71,4,400316,occupancy,15,401472,flow,8,1.1767917406307163e-30,1.8969180296733935e-28,0.2541804587757819
71,4,400316,occupancy,15,401472,flow,9,6.144482197939154e-40,1.1295388551105167e-37,0.29055772351754666
71,4,400316,occupancy,15,401472,flow,10,9.808876083440557e-61,2.449384085575908e-58,0.35692037316894387
71,4,400316,occupancy,15,401472,flow,11,1.9531133591636355e-80,5.859340077490907e-78,0.4077813955518264
71,4,400316,occupancy,15,401472,flow,12,1.135558579067022e-78,3.314603419979416e-76,0.4035749893301812
71,4,400316,occupancy,16,405838,flow,1,3.422773202019358e-12,2.0144932197171156e-10,0.1553087013418787
71,4,400316,occupancy,16,405838,flow,2,1.1684208721241155e-06,2.9500749079930912e-05,0.10882034850178933
71,4,400316,occupancy,16,405838,flow,3,0.0002538841737680415,0.0033276081027850107,0.08200345691994156
71,4,400316,occupancy,16,405838,flow,4,0.00016304064874791366,0.002302502787155891,0.08450531190563307
71,4,400316,occupancy,16,405838,flow,5,1.4130098225909003e-05,0.0002706963385185228,0.09725805024302665
71,4,400316,occupancy,16,405838,flow,6,0.00015752047267617746,0.0022384488222404165,0.08469708308576929
71,4,400316,occupancy,17,400260,flow,1,8.48442071662245e-25,1.1489873823137613e-22,0.22782679647727572
71,4,400316,occupancy,17,400260,flow,2,4.3584032295890434e-16,3.545819576614815e-14,0.1809963623194969
71,4,400316,occupancy,17,400260,flow,3,1.0761020927416144e-12,6.660116104074175e-11,0.15886167997718428
71,4,400316,occupancy,17,400260,flow,4,1.3757450887802646e-13,9.032247391384108e-12,0.16498590329703314
71,4,400316,occupancy,17,400260,flow,5,4.1118723251367634e-11,2.1557388889066526e-09,0.1473828651469874
71,4,400316,occupancy,17,400260,flow,6,2.3711553420783833e-05,0.000426807961574109,0.0946914619654108
71,4,400316,occupancy,17,400260,flow,10,0.0008082827500340595,0.008785673862849761,0.07511164168347532
71,4,400316,occupancy,17,400260,flow,11,5.954366901180935e-11,3.012045083501363e-09,0.14616549977941648
71,4,400316,occupancy,17,400260,flow,12,2.2857663245716958e-15,1.7446131664575488e-13,0.1765393737311987
71,4,400316,occupancy,18,404528,flow,1,7.882529946273249e-14,5.320707713734443e-12,0.16660459193706864
71,4,400316,occupancy,18,404528,flow,2,7.304010078570524e-06,0.00015184467535815527,0.10044090787682723
71,4,400316,occupancy,18,404528,flow,3,0.0034405303972048886,0.02804356852061343,0.06561385873526894
71,4,400316,occupancy,18,404528,flow,5,0.003962212174119853,0.03134937104798125,0.0646243531848827
71,4,400316,occupancy,18,404528,flow,6,0.0006064438023445055,0.006892494675422952,0.07687270850424428
71,4,400316,occupancy,18,404528,flow,7,0.0019400023706399835,0.01787715495128995,0.06950519353480927
71,4,400316,occupancy,18,404528,flow,8,0.0008945916790200431,0.009566605770897688,0.0744809710008656
71,4,400316,occupancy,18,404528,flow,9,1.2347849837598499e-05,0.00024104252733133988,0.09791622615007366
71,4,400316,occupancy,18,404528,flow,10,3.9175836104028874e-07,1.1011035261509741e-05,0.11353627862910783
71,4,400316,occupancy,18,404528,flow,11,1.0396524935928699e-08,3.925960465315732e-07,0.1279977152032633
71,4,400316,occupancy,18,404528,flow,12,3.506231105892429e-06,8.005770812608505e-05,0.10387295876297375
71,4,400316,occupancy,19,401795,flow,1,2.7489511714512774e-07,8.078550381407836e-06,0.11502530627208843
71,4,400316,occupancy,19,401795,flow,2,0.00100370223217411,0.010552430379635326,0.07375984395179802
71,4,400316,occupancy,19,401795,flow,8,0.006679528882853595,0.046911989552800404,-0.0608467118466888
71,4,400316,occupancy,19,401795,flow,12,6.266465840598875e-05,0.0010093636253313625,0.08968994821812228
71,4,400316,speed,2,400331,flow,5,0.0033115023375029683,0.027219749486196296,-0.06587958876921805
71,4,400316,speed,4,400316,flow,10,0.0040179729908149395,0.031651428374034535,-0.06452570178062092
71,4,400316,speed,4,400316,flow,11,0.0012013305623365695,0.012168225156609567,-0.07262104493787143
71,4,400316,speed,6,405843,flow,1,0.0008204975484664967,0.008888037636347206,-0.075018699118601
71,4,400316,speed,10,400497,flow,11,0.0012293958912900525,0.01239726949200053,-0.07247359049756211
71,4,400316,speed,10,400497,flow,12,0.005123456761887306,0.03820818887551948,-0.06278906159342121
71,4,400316,speed,12,404520,flow,10,0.0009366236389577808,0.009958685996302273,-0.07419400636136256
71,4,400316,speed,12,404520,flow,11,0.0010513286728606572,0.010946589218505758,-0.07346759298084721
71,4,400316,speed,14,401469,flow,8,0.0068017290813379245,0.047569159189541584,-0.06071204584511675
71,4,400316,speed,14,401469,flow,10,0.001727193994222609,0.016268840122119852,-0.07027162034660589
71,4,400316,speed,15,401472,flow,1,0.0005959249724195294,0.006792601268739754,-0.0769788075671974
71,4,400316,speed,15,401472,flow,7,0.002233463576335973,0.020096985315083117,-0.06856609123095785
71,4,400316,speed,15,401472,flow,11,0.0004149516270546114,0.005045288569873125,-0.07914515648231635
71,4,400316,speed,15,401472,flow,12,0.00013723361375247517,0.001984100439794822,-0.08546077929207123
71,4,400316,speed,16,405838,flow,1,0.00443351413746182,0.03410395490355246,-0.06382732500928426
71,4,400316,speed,19,401795,flow,3,0.00230674551823875,0.02061782610390333,-0.06834929490138077
71,5,400503,flow,0,400593,flow,6,0.001877746065621168,0.01739659189351123,0.06972108103702473
71,5,400503,flow,0,400593,flow,10,0.0043107878600049596,0.03337384149681259,0.06402718696613223
71,5,400503,flow,0,400593,flow,11,0.0010833529733589278,0.011220534272142337,0.07327788842061839
71,5,400503,flow,1,400125,flow,1,0.006320897220249337,0.0449708102626435,0.0612551168755067
71,5,400503,flow,2,400331,flow,1,0.003339913019935792,0.027377116739914196,0.06582027883301908
71,5,400503,flow,2,400331,flow,4,0.0005009473182451372,0.005889738781095575,0.0780246020354335
71,5,400503,flow,2,400331,flow,12,0.0028005607323926367,0.02384395420562907,0.06703397773059333
71,5,400503,flow,5,400503,flow,1,6.803942540987474e-125,3.4177943926820805e-122,0.49754934873664197
71,5,400503,flow,5,400503,flow,2,1.7971227797510907e-22,2.199311730460258e-20,0.2162754077488365
71,5,400503,flow,5,400503,flow,3,3.4757847381351794e-06,7.948856574242443e-05,0.1038870594410405
71,5,400503,flow,5,400503,flow,5,0.0008317480126233419,0.008989620751896014,0.07493422213033973
71,5,400503,flow,6,405843,flow,1,0.0072361846149336965,0.04983757314882365,0.06025023382568495
71,5,400503,flow,6,405843,flow,5,0.0004700287552861385,0.00559065039327125,0.07840523655471444
71,5,400503,flow,6,405843,flow,12,0.0013478466433916607,0.013360939649958638,0.07188362278931801
71,5,400503,flow,7,408093,flow,1,8.89736173479741e-11,4.407867281459267e-09,0.14483336287499884
71,5,400503,flow,7,408093,flow,2,0.0005511090817153552,0.006387956085351045,0.0774513052320592
71,5,400503,flow,7,408093,flow,9,0.004233093547766264,0.032878396487504964,0.06415639529985437
71,5,400503,flow,9,402391,flow,1,4.054147033595971e-06,9.037107938665942e-05,0.10320246683421014
71,5,400503,flow,10,400497,flow,4,0.0004089697085135393,0.004983777548035232,0.07923096297054691
71,5,400503,flow,10,400497,flow,5,0.0006504944853006156,0.007324425576068164,0.07644620393997054
71,5,400503,flow,10,400497,flow,10,0.003913531877550679,0.031051732926376523,0.06471151322177882
71,5,400503,flow,10,400497,flow,11,0.0002504443665151669,0.0032935149569117837,0.08208154480488611
71,5,400503,flow,12,404520,flow,11,0.0048214314847596414,0.036547787355960086,0.06322696272747348
71,5,400503,flow,13,400183,flow,4,0.0014136662656027575,0.013878923521371992,0.07157615794489626
71,5,400503,flow,14,401469,flow,1,9.292124084490617e-08,2.993662531305837e-06,0.11947307611764313
71,5,400503,flow,14,401469,flow,2,0.00036286146379106157,0.004495444575788317,0.07993468304170681
71,5,400503,flow,14,401469,flow,6,0.003034006345622871,0.025381307926202176,0.06648459408517221
71,5,400503,flow,14,401469,flow,8,0.0013670006482484826,0.013519786631028948,0.07179274567993421
71,5,400503,flow,15,401472,flow,5,0.003875253643364339,0.030796717695610643,0.06478074259820678
71,5,400503,flow,16,405838,flow,1,0.004577927132920338,0.03504633211805043,0.0635984640249364
71,5,400503,flow,16,405838,flow,7,6.790262052878951e-05,0.0010864419284606322,0.08926527961463059
71,5,400503,flow,17,400260,flow,1,5.137323469889085e-05,0.000851294107783692,0.09073311674010466
71,5,400503,flow,17,400260,flow,5,0.0006330956153371973,0.007152745024787987,0.0766113565792666
71,5,400503,flow,17,400260,flow,11,0.0009894303700864573,0.010422675442022666,0.07384992029272146
71,5,400503,flow,18,404528,flow,1,3.088037902822643e-06,7.133862962670491e-05,0.10445610586235034
71,5,400503,flow,19,401795,flow,5,7.344205715699697e-06,0.00015253350332607065,0.1004148266960861
71,5,400503,occupancy,1,400125,flow,7,0.006430826335420377,0.04558026213128142,0.06112776337910358
71,5,400503,occupancy,2,400331,flow,1,1.1309086959606094e-07,3.5817636118400534e-06,0.11867948004125273
71,5,400503,occupancy,5,400503,flow,6,0.005411530927120399,0.03987346683465824,0.06239259580244574
71,5,400503,occupancy,5,400503,flow,7,0.006765665712423094,0.04738598553448082,-0.0607515605612268
71,5,400503,occupancy,6,405843,flow,5,1.2236369579876363e-06,3.0768985206673974e-05,0.10861677532879455
71,5,400503,occupancy,6,405843,flow,12,0.006620319388258702,0.046581196689316866,0.06091275910181926
71,5,400503,occupancy,7,408093,flow,1,1.9767182175266917e-07,5.992577333133549e-06,0.1163949871683554
71,5,400503,occupancy,7,408093,flow,2,0.005282617345794658,0.03913049885773821,0.06256759945945001
71,5,400503,occupancy,7,408093,flow,9,0.0011292948582313916,0.011599034207226848,0.07301459774748652
71,5,400503,occupancy,8,401448,flow,7,0.0031048134484178706,0.025848514351831182,0.06632557296951197
71,5,400503,occupancy,10,400497,flow,4,0.0010723246039225402,0.01113567857919561,0.0733426257272662
71,5,400503,occupancy,10,400497,flow,5,0.0010046413329240127,0.010559733718325389,0.07375395848007936
71,5,400503,occupancy,10,400497,flow,7,0.006981192965809918,0.048517943391729164,-0.06051816085934499
71,5,400503,occupancy,10,400497,flow,8,0.003785721134266949,0.03027455627551503,-0.06494512545525938
71,5,400503,occupancy,14,401469,flow,1,1.0820905499237706e-05,0.00021513351698217075,0.09855663924295487
71,5,400503,occupancy,14,401469,flow,6,0.0007939746915263904,0.008662273001120437,0.07522218269828654
71,5,400503,occupancy,15,401472,flow,5,0.003989671883640529,0.03149196474470309,0.06457561545399844
71,5,400503,occupancy,16,405838,flow,7,2.630999225646237e-06,6.18721646967433e-05,0.10518717514428942
71,5,400503,occupancy,17,400260,flow,1,0.0001563532539167102,0.0022247893837950856,0.08473844066752394
71,5,400503,occupancy,17,400260,flow,5,0.0003233889100356068,0.004077758585387686,0.08060699372488696
71,5,400503,occupancy,17,400260,flow,11,0.002366384215671392,0.02101290814326909,0.06817746419895086
71,5,400503,occupancy,18,404528,flow,1,0.006051984029992608,0.043516263331504774,0.0615752578809794
71,5,400503,occupancy,19,401795,flow,5,0.0009174641535194313,0.009771807552277967,0.0743233027984303
71,5,400503,speed,1,400125,flow,6,2.7844685869850955e-06,6.512671519098869e-05,-0.10492896261075539
71,5,400503,speed,1,400125,flow,7,0.001923769447795113,0.017764608094923008,-0.06956086513641917
71,5,400503,speed,2,400331,flow,1,8.8418653924608e-06,0.00018008891322692435,-0.09952909524543152
71,5,400503,speed,6,405843,flow,5,0.001667723708408148,0.015816830780072885,-0.07050132389685956
71,5,400503,speed,6,405843,flow,9,0.004232472973319337,0.032878396487504964,-0.06415743596013339
71,5,400503,speed,13,400183,flow,2,0.0026440062662244817,0.022880823457711863,-0.06742632678355691
71,5,400503,speed,14,401469,flow,5,0.007199008511880012,0.04964717697361883,-0.060288763244231984
71,5,400503,speed,14,401469,flow,6,0.001714320156959551,0.016191217923185963,-0.07032072210743626
71,5,400503,speed,14,401469,flow,11,0.0019804543556227786,0.018218830528727435,-0.06936829925340739
71,5,400503,speed,15,401472,flow,10,0.00011345007241764909,0.001679014432491415,-0.08650493124173213
71,5,400503,speed,15,401472,flow,11,0.0002389871227103731,0.0031696853351580183,-0.08234909197872277
71,5,400503,speed,15,401472,flow,12,0.004021776893612606,0.031673071125325566,-0.06451901730202518
71,5,400503,speed,16,405838,flow,7,0.0020354061912074154,0.018625195395077388,-0.06918638747107123
71,6,405843,flow,0,400593,flow,10,0.00416204903927302,0.03249015513129643,0.06427643999083882
71,6,405843,flow,0,400593,flow,11,0.0021769231607371192,0.019667234253203443,0.06873785747864175
71,6,405843,flow,1,400125,flow,1,6.456188824947257e-08,2.147092819381998e-06,0.12093077332958178
71,6,405843,flow,1,400125,flow,2,0.000570244202201693,0.006555228721424464,0.07724534270920144
71,6,405843,flow,1,400125,flow,3,0.0002283148758308169,0.0030498462077585935,0.08260935439608717
71,6,405843,flow,1,400125,flow,12,0.00021284632482726636,0.002882432988256397,0.08300759599278881
71,6,405843,flow,2,400331,flow,1,0.0008614228303147106,0.009273228574531648,0.07471638059498897
71,6,405843,flow,2,400331,flow,8,0.0025529843524093447,0.02228509275087567,0.06766430964678383
71,6,405843,flow,2,400331,flow,12,0.00012118652995507021,0.00178191221717462,0.08614431915330621
71,6,405843,flow,3,400039,flow,1,2.0834128668837481e-07,6.289737159312099e-06,0.11617769315751632
71,6,405843,flow,3,400039,flow,2,4.388442406853494e-05,0.0007370945255679275,0.09155258904142997
71,6,405843,flow,3,400039,flow,3,0.0009951004712556726,0.01047474180269129,0.07381399064056812
71,6,405843,flow,3,400039,flow,4,0.002747971604162239,0.023498094477396817,0.06716348986663419
71,6,405843,flow,3,400039,flow,6,0.002815567684323338,0.02393869788678768,0.06699742691207046
71,6,405843,flow,3,400039,flow,11,0.0019052236573961889,0.0176243387579262,0.0696249988375539
71,6,405843,flow,3,400039,flow,12,5.095447244570911e-05,0.0008450031514988996,0.0907758542324708
71,6,405843,flow,4,400316,flow,10,0.00017427133594865313,0.002434838846371868,0.08413330778590633
71,6,405843,flow,4,400316,flow,12,0.005255093440262177,0.038986782864387094,0.06260546263936143
71,6,405843,flow,5,400503,flow,3,0.006351902853528225,0.045160246804304915,0.06121899628479221
71,6,405843,flow,5,400503,flow,8,0.0018387517457620604,0.017108351371294638,0.06985967357471008
71,6,405843,flow,6,405843,flow,1,9.256772174418703e-105,3.702708869767481e-102,0.46018292975404135
71,6,405843,flow,6,405843,flow,2,5.624888985988295e-16,4.5419664335456885e-14,0.18027303174427606
71,6,405843,flow,6,405843,flow,3,9.843157827492373e-11,4.837592925457003e-09,0.14446032984815352
71,6,405843,flow,6,405843,flow,4,1.8452980287270434e-05,0.0003428682788860571,0.09591855623102086
71,6,405843,flow,6,405843,flow,5,8.528893452158299e-07,2.2182311687732602e-05,0.11017098570246511
71,6,405843,flow,6,405843,flow,6,0.00020756185769550052,0.002823259525329226,0.08314989145598983
71,6,405843,flow,6,405843,flow,7,2.708490699593667e-07,7.975923532545767e-06,0.11508722788265147
71,6,405843,flow,6,405843,flow,10,0.0010760876478710685,0.0111693864459467,0.07332046751057154
71,6,405843,flow,6,405843,flow,12,2.2879170620338902e-07,6.83054713751652e-06,0.11578968440156898
71,6,405843,flow,7,408093,flow,1,1.0811154194030173e-07,3.4366582868440287e-06,0.11886184234439175
71,6,405843,flow,7,408093,flow,2,0.002189453547130478,0.01975446809441033,0.0686994414532449
71,6,405843,flow,7,408093,flow,3,0.0022832327138631115,0.020438386497904356,0.06841815939857794
71,6,405843,flow,7,408093,flow,4,4.9697986116887754e-05,0.0008267966888765699,0.09090611311867665
71,6,405843,flow,7,408093,flow,5,1.0941291494984004e-07,3.4754690631125657e-06,0.11881340916933951
71,6,405843,flow,7,408093,flow,8,0.003552824500544104,0.028779677184231255,0.06538986916961283
71,6,405843,flow,7,408093,flow,9,2.0808601218369243e-05,0.00038025870246766126,0.09534503193876973
71,6,405843,flow,7,408093,flow,10,0.000808739620449503,0.008787110564240074,0.07510814197842677
71,6,405843,flow,7,408093,flow,11,0.000550234013675456,0.006384256429439737,0.07746088244203642
71,6,405843,flow,7,408093,flow,12,0.0006344012562132447,0.007163129709464759,0.07659881773707312
71,6,405843,flow,9,402391,flow,11,1.0260767368456513e-05,0.00020550076509843362,0.09881341332178709
71,6,405843,flow,9,402391,flow,12,0.005607930154545105,0.04090200619219121,0.06213307652664076
71,6,405843,flow,10,400497,flow,1,1.1432394552237695e-05,0.00022536165582164985,0.0982904192873586
71,6,405843,flow,10,400497,flow,5,0.002093166475774652,0.019064893896998725,0.0689999697299054
71,6,405843,flow,10,400497,flow,6,0.0001514044725800798,0.002162206021639487,0.08491707756672298
71,6,405843,flow,10,400497,flow,8,0.00021016071697156944,0.0028514268131820983,-0.08307949208050754
71,6,405843,flow,10,400497,flow,10,1.273855236719897e-05,0.0002474539276988942,0.09776452369132778
71,6,405843,flow,10,400497,flow,11,5.358597786675209e-16,4.335045400456349e-14,0.18044694984620996
71,6,405843,flow,10,400497,flow,12,7.232780404836552e-08,2.37428657666367e-06,0.12047790111181651
71,6,405843,flow,11,405841,flow,5,8.318855169125587e-06,0.00017040044727654118,0.09982091008626648
71,6,405843,flow,11,405841,flow,11,0.0014811921014183356,0.014388913600465954,0.0712741357058958
71,6,405843,flow,12,404520,flow,6,0.006660338408517598,0.04680764913745896,0.06086806070757574
71,6,405843,flow,12,404520,flow,10,3.190855187837271e-07,9.183540580584284e-06,0.11440099843696173
71,6,405843,flow,12,404520,flow,11,0.0001542896654977162,0.00219759760946302,0.08481227460218868
71,6,405843,flow,12,404520,flow,12,0.0028667998873947876,0.024293008068939744,0.06687397135148562
71,6,405843,flow,13,400183,flow,3,0.00016826229882914036,0.0023638743747138556,0.08432944932631108
71,6,405843,flow,13,400183,flow,9,0.000703634631498888,0.00784779925599073,0.07596605497594355
71,6,405843,flow,14,401469,flow,1,0.0004260343539159344,0.005151045085129685,0.07898918913821387
71,6,405843,flow,14,401469,flow,2,5.355325327621093e-06,0.00011590684075813188,0.10190548074620825
71,6,405843,flow,14,401469,flow,5,0.005276607287852922,0.03910609621465881,0.06257585195643064
71,6,405843,flow,14,401469,flow,6,0.0001506363880786077,0.0021533725893434323,0.08494529440237734
71,6,405843,flow,14,401469,flow,7,0.0003472964386619641,0.004336186748611806,0.08019122106730524
71,6,405843,flow,14,401469,flow,8,1.5547770220728326e-08,5.701728977380846e-07,0.1264734242364089
71,6,405843,flow,14,401469,flow,9,6.504314603767762e-06,0.00013746888007963178,0.10099049236476304
71,6,405843,flow,14,401469,flow,11,0.00042031982586200823,0.005094785768024341,0.07906913059863244
71,6,405843,flow,14,401469,flow,12,8.580805959889888e-11,4.260813993876358e-09,0.14495402385743877
71,6,405843,flow,15,401472,flow,1,5.944597109825287e-16,4.755677687860229e-14,0.18017030482354457
71,6,405843,flow,15,401472,flow,2,4.331565926415688e-11,2.262680145358618e-09,0.147212332692628
71,6,405843,flow,15,401472,flow,3,1.6445140520284225e-08,6.01040668761657e-07,0.1262594634939101
71,6,405843,flow,15,401472,flow,4,4.021424617403072e-06,8.97342683222173e-05,0.10323999788161406
71,6,405843,flow,15,401472,flow,5,2.0297085175759397e-06,4.870142748341231e-05,0.1063613681382234
71,6,405843,flow,15,401472,flow,6,3.295984637048628e-11,1.7709768199067254e-09,0.14810529553597448
71,6,405843,flow,15,401472,flow,7,8.085434194511454e-13,5.0548590043834274e-11,0.15972710720231564
71,6,405843,flow,15,401472,flow,8,6.418475156676138e-10,2.8703739831098252e-08,0.1380927245570837
71,6,405843,flow,15,401472,flow,9,1.8258633348877067e-05,0.0003399883451170212,0.09599511958425812
71,6,405843,flow,15,401472,flow,10,5.7434927916175134e-12,3.343920331507771e-10,0.15369240855421856
71,6,405843,flow,15,401472,flow,11,3.271378558247587e-08,1.1555482724145197e-06,0.1236076167250767
71,6,405843,flow,15,401472,flow,12,1.1241150581375871e-10,5.487205707519069e-09,0.14405212813150514
71,6,405843,flow,16,405838,flow,1,0.003217284417420348,0.026600322838767277,0.06607964834165558
71,6,405843,flow,16,405838,flow,2,0.001626500795588764,0.015483656758359323,0.0706650085162137
71,6,405843,flow,16,405838,flow,6,0.003438384878314653,0.028036660389428654,0.06561820270881173
71,6,405843,flow,16,405838,flow,7,0.0002277475361338137,0.0030441502354519655,0.08262350730003667
71,6,405843,flow,16,405838,flow,11,0.0016920965463321303,0.016009323434417,0.07040628758985408
71,6,405843,flow,16,405838,flow,12,0.006061214811786772,0.04353354267278674,0.061564058373072494
71,6,405843,flow,17,400260,flow,1,5.88550305271288e-11,2.9841987309530093e-09,0.14620390232390368
71,6,405843,flow,17,400260,flow,2,1.0235038329458353e-06,2.6147466341372018e-05,0.10940216374286724
71,6,405843,flow,17,400260,flow,5,0.0006780947879819214,0.007604801360544913,0.07619245467437953
71,6,405843,flow,17,400260,flow,6,0.00017595192419174135,0.0024527664166128513,0.08407958888482306
71,6,405843,flow,17,400260,flow,9,0.0007615778296694667,0.008381806800521393,0.07547946347327873
71,6,405843,flow,17,400260,flow,12,0.0006431260286456222,0.007250272556756492,0.07651563910054432
71,6,405843,flow,18,404528,flow,6,0.0004823737324636568,0.005704501845724055,0.07825053810526415
71,6,405843,flow,18,404528,flow,9,0.000522747032116953,0.006111292040317894,0.07776917139705797
71,6,405843,flow,18,404528,flow,12,6.667004636645271e-06,0.0001404949269771101,0.10087363860986219
71,6,405843,flow,19,401795,flow,1,1.2264675114139378e-07,3.851052125038356e-06,0.11835027516294433
71,6,405843,flow,19,401795,flow,2,5.6290016343965465e-05,0.0009186734816997764,0.09025459977056964
71,6,405843,flow,19,401795,flow,4,0.0007724733669524071,0.008458703568685404,0.07539182178538285
71,6,405843,flow,19,401795,flow,5,0.001990862502532311,0.018298991512637412,0.06933349186528603
71,6,405843,occupancy,0,400593,flow,4,0.002515408841428799,0.022041716419822336,0.06776482119349655
71,6,405843,occupancy,0,400593,flow,8,0.0004984726140456411,0.005862787075080777,0.07805425007364364
71,6,405843,occupancy,0,400593,flow,9,0.0005630215303320737,0.006495764218661454,0.07732231799473395
71,6,405843,occupancy,0,400593,flow,10,1.393127828255531e-05,0.00026748054302506194,0.09732742224606185
71,6,405843,occupancy,0,400593,flow,11,0.0015251118259437713,0.014706435464457795,0.07108443021993048
71,6,405843,occupancy,1,400125,flow,1,6.91986892085202e-13,4.3387276833208603e-11,0.160196374675923
71,6,405843,occupancy,1,400125,flow,2,4.1385166648224616e-07,1.1586773812075847e-05,0.11330399748227932
71,6,405843,occupancy,1,400125,flow,3,0.0004347157353633373,0.005242802838552812,0.07886963801215105
71,6,405843,occupancy,1,400125,flow,4,0.006196339862878272,0.04429619097738563,0.0614018471816878
71,6,405843,occupancy,1,400125,flow,6,0.0004738982402240174,0.005632023102524773,0.0783563434490487
71,6,405843,occupancy,1,400125,flow,11,0.002864360009014821,0.024281858789136627,0.06687980496861427
71,6,405843,occupancy,1,400125,flow,12,1.089880518716363e-05,0.00021637333827457207,0.09852193816129977
71,6,405843,occupancy,2,400331,flow,1,0.0001692897681762489,0.002374453891303231,0.08429544969956851
71,6,405843,occupancy,2,400331,flow,2,0.0070114146797093865,0.04869859220300897,0.060485951655527025
71,6,405843,occupancy,2,400331,flow,4,0.0002751487308965828,0.0035652224592322215,0.08154165775492764
71,6,405843,occupancy,2,400331,flow,5,0.000828911234050328,0.00896568986253735,0.07495542247451956
71,6,405843,occupancy,2,400331,flow,6,0.0004811665425099192,0.0056977947291583135,0.0782655019544121
71,6,405843,occupancy,2,400331,flow,7,5.141645867100687e-05,0.0008516836712375372,0.09072872424508423
71,6,405843,occupancy,2,400331,flow,8,7.161170759946982e-05,0.001135326084408498,0.08898291057381245
71,6,405843,occupancy,2,400331,flow,9,0.000801963891996842,0.008733259423812345,0.07516023426103226
71,6,405843,occupancy,2,400331,flow,10,0.00011397162668074753,0.0016861555728110594,0.08647990265259557
71,6,405843,occupancy,2,400331,flow,11,3.8641274135793614e-06,8.685239556016046e-05,0.10342459372987414
71,6,405843,occupancy,2,400331,flow,12,3.7465434003684955e-08,1.300005420850755e-06,0.12307812108197676
71,6,405843,occupancy,3,400039,flow,1,2.3393617997022422e-11,1.276015527110314e-09,0.149218151738601
71,6,405843,occupancy,3,400039,flow,2,4.7873853641648374e-08,1.624627240627816e-06,0.1221153373237845
71,6,405843,occupancy,3,400039,flow,3,2.7105627758314836e-05,0.00048167960475491606,0.09401759163774964
71,6,405843,occupancy,3,400039,flow,4,5.000407580695782e-05,0.0008308369518694531,0.09087409607939637
71,6,405843,occupancy,3,400039,flow,6,0.00557552500878399,0.04075476554515943,0.062175325868169797
71,6,405843,occupancy,3,400039,flow,9,0.006502331111379658,0.04598145424973011,0.06104597126746288
71,6,405843,occupancy,3,400039,flow,10,1.2858313396818956e-05,0.0002494293393545482,0.09771891045519594
71,6,405843,occupancy,3,400039,flow,11,3.36985436402735e-06,7.739378443699176e-05,0.10405544528882102
71,6,405843,occupancy,3,400039,flow,12,1.0764653902399376e-06,2.7403243876467474e-05,0.10918084720665068
71,6,405843,occupancy,4,400316,flow,10,6.88469395076378e-08,2.2651849099238026e-06,0.12067475875554579
71,6,405843,occupancy,4,400316,flow,11,1.4020839138361662e-06,3.497114611877736e-05,0.10801447155176024
71,6,405843,occupancy,4,400316,flow,12,0.0010921256019249717,0.011295146277988694,0.07322682596891315
71,6,405843,occupancy,5,400503,flow,1,0.0001759355627462054,0.0024527664166128513,0.08408010953946614
71,6,405843,occupancy,5,400503,flow,6,0.0023273781624271015,0.020747572558161533,0.06828939302625603
71,6,405843,occupancy,5,400503,flow,7,0.00015168100272760132,0.0021654392986888227,0.08490695173840565
71,6,405843,occupancy,5,400503,flow,8,2.7066352651472722e-05,0.0004812157982293201,0.0940249196562127
71,6,405843,occupancy,5,400503,flow,9,0.0004457611037820807,0.005349133245384968,0.07872071139102543
71,6,405843,occupancy,5,400503,flow,10,0.0018125660802826783,0.016926687131044466,0.06995426453145152
71,6,405843,occupancy,5,400503,flow,11,0.00017153920071085398,0.0024044430469529177,0.08422168660668378
71,6,405843,occupancy,5,400503,flow,12,0.0006766728424099685,0.007594769236713598,0.07620529113435044
71,6,405843,occupancy,6,405843,flow,3,4.6087651452573476e-10,2.0826219066434873e-08,0.13924524463055016
71,6,405843,occupancy,6,405843,flow,4,0.00010121674128718717,0.0015208915560370386,0.08712543381922445
71,6,405843,occupancy,6,405843,flow,6,5.814374556555787e-06,0.0001248414417709791,0.10151928656504407
71,6,405843,occupancy,6,405843,flow,7,7.483058899888245e-05,0.0011785203954618017,0.08874884892005842
71,6,405843,occupancy,6,405843,flow,10,1.9149644285222822e-06,4.621548753808904e-05,0.10662302700362085
71,6,405843,occupancy,6,405843,flow,11,9.108054020630658e-05,0.0013913848558142526,0.08769571407106827
71,6,405843,occupancy,6,405843,flow,12,1.7135271020617127e-06,4.186898801417759e-05,0.10712109202071166
71,6,405843,occupancy,7,408093,flow,1,4.5336717176904564e-10,2.0551376516708048e-08,0.13930216067567172
71,6,405843,occupancy,7,408093,flow,2,5.924772158642169e-07,1.5927203313835824e-05,0.11177345124653244
71,6,405843,occupancy,7,408093,flow,3,4.017671596006107e-10,1.8231450939859646e-08,0.13972008105928574
71,6,405843,occupancy,7,408093,flow,4,4.5856043022845474e-10,2.0743257157978267e-08,0.13926270202520385
71,6,405843,occupancy,7,408093,flow,5,8.363059617616387e-09,3.1915563205037807e-07,0.12881470961798336
71,6,405843,occupancy,7,408093,flow,6,0.0008118137077376156,0.008809432849601857,0.07508464149927963
71,6,405843,occupancy,7,408093,flow,7,3.863899327635886e-05,0.0006579442292229809,0.09220976714355011
71,6,405843,occupancy,7,408093,flow,8,4.420736161819478e-08,1.5180906374451626e-06,0.12242906603390846
71,6,405843,occupancy,7,408093,flow,9,9.12001594506905e-11,4.507833968272117e-09,0.14475098117143878
71,6,405843,occupancy,7,408093,flow,10,1.486561281454874e-07,4.610154153542754e-06,0.11756617070723253
71,6,405843,occupancy,7,408093,flow,11,1.6831745244639324e-06,4.12673890220442e-05,0.10720097628672312
71,6,405843,occupancy,7,408093,flow,12,0.0005754743345718634,0.006597794918658305,0.07719016709769776
71,6,405843,occupancy,9,402391,flow,9,0.0028635697877856694,0.024281858789136627,0.06688169531663975
71,6,405843,occupancy,9,402391,flow,10,1.809112642392316e-05,0.00033701451552974575,0.09604079677869407
71,6,405843,occupancy,9,402391,flow,11,6.173135001910745e-08,2.05930063384204e-06,0.12110907225031185
71,6,405843,occupancy,10,400497,flow,4,6.730288553029809e-09,2.607609555972087e-07,0.12962501460694914
71,6,405843,occupancy,10,400497,flow,5,3.718056709437475e-06,8.378719345211212e-05,0.10360257703436103
71,6,405843,occupancy,10,400497,flow,7,0.0014344725695110314,0.014047187216978013,-0.07148170635751956
71,6,405843,occupancy,10,400497,flow,8,0.0016422419868327054,0.015607695382679887,-0.07060205924688885
71,6,405843,occupancy,10,400497,flow,9,3.0524218348386356e-05,0.0005347308323804909,0.09341550340411363
71,6,405843,occupancy,10,400497,flow,10,1.063275780412914e-22,1.3086471143543557e-20,0.2175322183171856
71,6,405843,occupancy,10,400497,flow,11,5.192145371598231e-27,7.603412883154021e-25,0.23816342750034758
71,6,405843,occupancy,10,400497,flow,12,4.1719988466114425e-05,0.0007054025447108192,0.09181422524479357
71,6,405843,occupancy,11,405841,flow,5,1.7321159266026424e-06,4.226759985627716e-05,0.10707283681811122
71,6,405843,occupancy,11,405841,flow,9,0.0021517720889950485,0.019495921611700103,0.06881558158796539
71,6,405843,occupancy,11,405841,flow,10,4.809902948899348e-06,0.00010574443124297802,0.10240781664752834
71,6,405843,occupancy,11,405841,flow,11,1.1689616688306335e-05,0.00022964594858337136,0.09818247232951045
71,6,405843,occupancy,11,405841,flow,12,0.004025831184696024,0.03169021632268007,0.06451189913496298
71,6,405843,occupancy,12,404520,flow,5,0.0009632402538677529,0.010184037926355097,0.07401839132062275
71,6,405843,occupancy,12,404520,flow,6,0.006294341470159679,0.04484095506446209,0.06128618039937361
71,6,405843,occupancy,12,404520,flow,9,0.00031776010385848046,0.004019688575896444,0.0807090575131471
71,6,405843,occupancy,12,404520,flow,10,3.425922166183233e-13,2.1828884598689623e-11,0.16229849407507668
71,6,405843,occupancy,12,404520,flow,11,1.361973918401546e-09,5.848635514408229e-08,0.1354387633804018
71,6,405843,occupancy,12,404520,flow,12,0.006054361007369097,0.043518279706858426,0.06157237247657401
71,6,405843,occupancy,13,400183,flow,1,1.0657925321964842e-06,2.716356188252986e-05,0.109224591663893
71,6,405843,occupancy,13,400183,flow,2,6.161246611273152e-05,0.0009957570280845498,0.08977929103553678
71,6,405843,occupancy,13,400183,flow,3,3.480069409099377e-06,7.954444363655719e-05,0.10390743244759326
71,6,405843,occupancy,13,400183,flow,7,0.0037028623834622016,0.02974590357166782,0.06510043143864545
71,6,405843,occupancy,13,400183,flow,8,1.23575393486699e-05,0.0002411227189984371,0.09791240887646754
71,6,405843,occupancy,13,400183,flow,9,4.867531740518487e-07,1.3359426378043114e-05,0.11261436233363085
71,6,405843,occupancy,13,400183,flow,10,0.00013531020745558676,0.0019602283575054823,0.08553861406055065
71,6,405843,occupancy,14,401469,flow,1,4.619622984670313e-05,0.0007723208705021576,0.09128631633646732
71,6,405843,occupancy,14,401469,flow,2,8.6169972519688e-05,0.0013261641656040332,0.08799388967323658
71,6,405843,occupancy,14,401469,flow,4,7.976390980037416e-05,0.0012432616864798624,0.08840796693664306
71,6,405843,occupancy,14,401469,flow,5,9.42073249541266e-08,3.0326053934562365e-06,0.11941771102252485
71,6,405843,occupancy,14,401469,flow,6,2.0765437978082706e-11,1.1427604084753794e-09,0.1496030548481826
71,6,405843,occupancy,14,401469,flow,7,1.319616475978707e-11,7.451951864350344e-10,0.1510583078795953
71,6,405843,occupancy,14,401469,flow,8,2.21727549310504e-09,9.183729750924039e-08,0.1336918014519537
71,6,405843,occupancy,14,401469,flow,9,5.250757190099207e-06,0.00011398628673984208,0.10199787416771884
71,6,405843,occupancy,14,401469,flow,10,2.4973310438899308e-05,0.00044728317203998754,0.09443083695860709
71,6,405843,occupancy,14,401469,flow,11,4.720790131801805e-12,2.7708985556227984e-10,0.15430672998833997
71,6,405843,occupancy,14,401469,flow,12,4.7693811804559505e-20,5.0999323513786405e-18,0.20371601120046695
71,6,405843,occupancy,15,401472,flow,1,3.0626132121202617e-27,4.51552528203397e-25,0.23920609391431863
71,6,405843,occupancy,15,401472,flow,2,1.5772562590749464e-17,1.4261897803345252e-15,0.18959580589332753
71,6,405843,occupancy,15,401472,flow,3,1.3049944541627518e-13,8.606986323638302e-12,0.16514004984239494
71,6,405843,occupancy,15,401472,flow,4,3.386936769748527e-14,2.3523419365456007e-12,0.16902944673101153
71,6,405843,occupancy,15,401472,flow,5,4.565272864349567e-18,4.3345008294483803e-16,0.19270522250552105
71,6,405843,occupancy,15,401472,flow,6,2.4926846944451863e-24,3.3235795925935816e-22,0.22557438334352187
71,6,405843,occupancy,15,401472,flow,7,1.170279795874379e-21,1.3813138574254964e-19,0.21222012364310322
71,6,405843,occupancy,15,401472,flow,8,5.350026822779797e-19,5.3874395977642714e-17,0.19796119282079241
71,6,405843,occupancy,15,401472,flow,9,7.96213960960506e-15,5.839803584633932e-13,0.17310446951314393
71,6,405843,occupancy,15,401472,flow,10,3.6942447643951444e-23,4.639284122728786e-21,0.21982972657805078
71,6,405843,occupancy,15,401472,flow,11,1.1751276291841229e-21,1.3832565008379867e-19,0.21221084447386873
71,6,405843,occupancy,15,401472,flow,12,2.492006139212479e-23,3.213572095939674e-21,0.22067871453961385
71,6,405843,occupancy,16,405838,flow,1,8.555029982412749e-06,0.00017490643409381483,0.09968702796905202
71,6,405843,occupancy,16,405838,flow,5,4.2797415189647476e-06,9.495882569043509e-05,0.10295134961684309
71,6,405843,occupancy,16,405838,flow,6,2.9397584668796243e-06,6.842541259116366e-05,0.10468122082833427
71,6,405843,occupancy,16,405838,flow,7,0.0003109487868732824,0.003946236073127439,0.08083484904415698
71,6,405843,occupancy,16,405838,flow,11,6.682413610558932e-06,0.0001407509838986572,0.1008627126672134
71,6,405843,occupancy,16,405838,flow,12,4.758629352910264e-05,0.0007937173283618663,0.09113222527554984
71,6,405843,occupancy,17,400260,flow,1,5.881906912639031e-15,4.3584627551630553e-13,0.17394435621374207
71,6,405843,occupancy,17,400260,flow,2,2.469702316966911e-07,7.327688193198527e-06,0.11547193058100184
71,6,405843,occupancy,17,400260,flow,3,0.0001613835764029102,0.002283580249133875,0.08456222921739259
71,6,405843,occupancy,17,400260,flow,4,4.1437874493468e-05,0.0007009068825833272,0.0918492707180916
71,6,405843,occupancy,17,400260,flow,5,2.1866403795058138e-06,5.2212081519004736e-05,0.10602561016873642
71,6,405843,occupancy,17,400260,flow,6,1.385985776934623e-06,3.458959304654865e-05,0.1080656886237344
71,6,405843,occupancy,17,400260,flow,7,7.465167192498162e-05,0.0011769898639267175,0.08876160684758673
71,6,405843,occupancy,17,400260,flow,8,0.0003458325216702409,0.004320406285758937,0.080215898921749
71,6,405843,occupancy,17,400260,flow,9,0.0014898883713710257,0.014440919372499061,0.07123616583291599
71,6,405843,occupancy,17,400260,flow,11,1.7094934027037005e-05,0.00032080849260121574,0.09632106123431394
71,6,405843,occupancy,17,400260,flow,12,1.8670048029857723e-08,6.783398443144269e-07,0.1257743125252964
71,6,405843,occupancy,18,404528,flow,5,5.7848635644658e-05,0.0009409115436179314,0.09011115290454376
71,6,405843,occupancy,18,404528,flow,6,0.00033218708960836555,0.004172864865100725,0.08045074242654375
71,6,405843,occupancy,18,404528,flow,9,0.003825700884598727,0.03052646439133081,0.06487129069178214
71,6,405843,occupancy,18,404528,flow,11,1.9405331781978695e-07,5.8994393594755785e-06,0.11647126126119783
71,6,405843,occupancy,18,404528,flow,12,2.3662289585394452e-08,8.455011663267496e-07,0.12486338830275942
71,6,405843,occupancy,19,401795,flow,1,6.269518877129043e-09,2.4312676435545303e-07,0.12988850687693448
71,6,405843,occupancy,19,401795,flow,2,1.59473397821829e-06,3.9254990233065603e-05,0.10744188596508954
71,6,405843,occupancy,19,401795,flow,3,0.0007677266986213015,0.008432696003163036,0.07542986120978352
71,6,405843,occupancy,19,401795,flow,4,2.6796399770132954e-05,0.00047775669420955163,0.09407556304549042
71,6,405843,occupancy,19,401795,flow,5,0.0009445632543959421,0.010022731928021644,0.07414114276150555
71,6,405843,occupancy,19,401795,flow,11,0.0018512393106113957,0.017209713410461007,0.0698149993094829
71,6,405843,occupancy,19,401795,flow,12,0.00014140812546626497,0.002034920393118803,0.08529532203238469
71,7,408093,flow,0,400593,flow,3,0.005377363771871136,0.0396555334491009,0.06243860914774981
71,7,408093,flow,0,400593,flow,4,0.00044300493772740076,0.005324934142967088,0.0787575482387371
71,7,408093,flow,0,400593,flow,5,0.006143128013500012,0.04400317197532756,0.06146534188453939
71,7,408093,flow,0,400593,flow,9,0.0001086543563593925,0.0016174597500777932,0.0867402932014938
71,7,408093,flow,0,400593,flow,10,1.3215847121438743e-05,0.000255447246374118,0.09758510760574342
71,7,408093,flow,1,400125,flow,1,9.009274613509918e-06,0.0001832394836646085,0.09943916521693877
71,7,408093,flow,1,400125,flow,12,0.0016602810720941464,0.015756935008957078,0.07053059929261862
71,7,408093,flow,2,400331,flow,1,0.0005588340768973374,0.00645325638117214,0.07736736746978627
71,7,408093,flow,2,400331,flow,3,0.0051706560868581405,0.03849256297643834,0.06272274609624844
71,7,408093,flow,2,400331,flow,11,0.001992530667319101,0.018310428595657343,0.06932792863902759
71,7,408093,flow,3,400039,flow,1,0.0012757663406258073,0.012773994970442869,0.07223663463634557
71,7,408093,flow,4,400316,flow,9,2.376777943680852e-05,0.00042764184576015324,0.09467957037056571
71,7,408093,flow,5,400503,flow,1,4.204625676346918e-06,9.343612614104263e-05,0.10303352636058322
71,7,408093,flow,6,405843,flow,2,1.1013784620718822e-07,3.4959257576418303e-06,0.11878667046179783
71,7,408093,flow,7,408093,flow,1,2.8150914831655837e-25,3.897818976690808e-23,0.22999486191736046
71,7,408093,flow,7,408093,flow,2,2.0841480346325587e-23,2.711903466750799e-21,0.2209543745343372
71,7,408093,flow,7,408093,flow,3,2.413659297503701e-15,1.838978512383772e-13,0.1763472212647906
71,7,408093,flow,7,408093,flow,4,2.6292108257520925e-19,2.7369134378913348e-17,0.19962130140380316
71,7,408093,flow,7,408093,flow,5,0.0002958009997801344,0.0037862527971857206,0.08112410471607948
71,7,408093,flow,7,408093,flow,6,5.2550895309706455e-05,0.0008674813440501792,0.09061467362674515
71,7,408093,flow,7,408093,flow,7,9.102458448515646e-06,0.0001847867504585883,0.09938979693186585
71,7,408093,flow,7,408093,flow,10,0.004085746267301484,0.0320486888298385,0.0644074566182903
71,7,408093,flow,7,408093,flow,11,0.0011276591311122999,0.011584987981938492,0.07302380068941212
71,7,408093,flow,7,408093,flow,12,0.0030028147489983116,0.025198445446139677,0.06655572096000245
71,7,408093,flow,9,402391,flow,1,0.00537209127048041,0.039630181503544006,0.06244573317382854
71,7,408093,flow,10,400497,flow,1,2.6784380040497854e-05,0.0004777395614159815,0.09407782921362427
71,7,408093,flow,10,400497,flow,10,0.0017447940934404674,0.01641086541185025,0.07020503364350959
71,7,408093,flow,10,400497,flow,12,0.002744424651423598,0.023477058404257314,0.06717230623104056
71,7,408093,flow,11,405841,flow,6,0.00011792936076491306,0.0017369752420880477,0.08629342001904086
71,7,408093,flow,11,405841,flow,12,0.004478177582178986,0.03440463659081135,0.06375583173021517
71,7,408093,flow,12,404520,flow,6,0.0029094267368016207,0.02456748143663605,0.06677277685034999
71,7,408093,flow,12,404520,flow,9,5.3392757847870114e-06,0.00011561740045253078,0.10191954893252124
71,7,408093,flow,13,400183,flow,3,0.003402254452603741,0.027778754933373957,0.06569172781274918
71,7,408093,flow,13,400183,flow,11,0.003057214540291141,0.02554577720320644,0.06643210307055743
71,7,408093,flow,14,401469,flow,1,4.4582527190722556e-07,1.2345930606661631e-05,0.11298818159519748
71,7,408093,flow,14,401469,flow,2,0.0005152312340927193,0.006035246559871333,0.07785609539656096
71,7,408093,flow,14,401469,flow,4,3.480548457328359e-05,0.0006021782680765215,0.09274597023074373
71,7,408093,flow,14,401469,flow,7,6.831601511087653e-05,0.0010926515560125384,0.08923309581150117
71,7,408093,flow,14,401469,flow,10,0.0006556654166217361,0.007378157332133107,0.07639791182688117
71,7,408093,flow,14,401469,flow,11,0.0032410157226726516,0.0267606802789485,0.0660287604214707
71,7,408093,flow,15,401472,flow,1,4.82878288479657e-07,1.3286842077911579e-05,0.112648429067244
71,7,408093,flow,15,401472,flow,2,6.853541163440779e-07,1.8197478688422965e-05,0.11114651285928825
71,7,408093,flow,15,401472,flow,3,3.0222837377974955e-06,7.011957973837369e-05,0.10455462466037782
71,7,408093,flow,15,401472,flow,4,6.8350303522552845e-06,0.0001432670117503291,0.10075577963630473
71,7,408093,flow,15,401472,flow,5,0.0042286515407060285,0.03286602770259173,0.06416384728682648
71,7,408093,flow,15,401472,flow,6,0.006590304347235354,0.04642875861066003,0.06094644336454708
71,7,408093,flow,15,401472,flow,7,0.0005082411613261185,0.005964688445881097,0.07793800566755872
71,7,408093,flow,15,401472,flow,8,0.0005967502675448206,0.006798420769497956,0.07697042044299034
71,7,408093,flow,15,401472,flow,9,0.00016355620718312691,0.0023090288072912034,0.08448771435197584
71,7,408093,flow,15,401472,flow,10,0.00031424239223247225,0.003981017989572669,0.08077370422797744
71,7,408093,flow,15,401472,flow,11,1.4048707046490908e-05,0.00026961269259917383,0.0972863359838823
71,7,408093,flow,15,401472,flow,12,0.00466285215546788,0.03553902842558441,0.06346691094507051
71,7,408093,flow,16,405838,flow,1,0.00179526039664492,0.016794120644231386,0.07001746931472586
71,7,408093,flow,16,405838,flow,2,0.00370067206466883,0.02974590357166782,0.06510457952306718
71,7,408093,flow,16,405838,flow,3,0.00614740907484005,0.04402653714076429,0.0614602152659498
71,7,408093,flow,17,400260,flow,2,0.0005864433254496202,0.006700436831373603,0.07707594843788189
71,7,408093,flow,17,400260,flow,4,0.003769588271208956,0.030164502627417513,0.06497512035775749
71,7,408093,flow,17,400260,flow,10,0.00354312741304219,0.02872671872672761,0.06540895578464781
71,7,408093,flow,17,400260,flow,11,0.0005424353510470666,0.006311125010835787,0.07754686696882371
71,7,408093,flow,18,404528,flow,1,0.0009535052924534571,0.01009346450232525,0.07408209507842917
71,7,408093,flow,18,404528,flow,3,3.0478430692073577e-05,0.0005343620965493419,0.09342313522237158
71,7,408093,flow,19,401795,flow,2,4.257198894577163e-05,0.0007184023134598962,0.0917097335109819
71,7,408093,flow,19,401795,flow,3,0.004388804121545516,0.033838361244113206,0.06389954907388552
71,7,408093,occupancy,0,400593,flow,3,0.0004218011728337316,0.005107009715924105,0.0790483108781657
71,7,408093,occupancy,0,400593,flow,4,0.0010181786178696675,0.010660522610753669,0.07366967912456991
71,7,408093,occupancy,1,400125,flow,1,0.0012369370237308476,0.012464585823459906,0.07243449924364778
71,7,408093,occupancy,2,400331,flow,9,0.000622955644788451,0.0070578766994128204,0.07670956322426319
71,7,408093,occupancy,2,400331,flow,11,6.851517748783959e-06,0.00014344759193076723,0.10074436442971806
71,7,408093,occupancy,3,400039,flow,1,0.0030315518493629493,0.02536674266391206,0.0664901669083979
71,7,408093,occupancy,5,400503,flow,1,0.00010048759196782985,0.001511512525421396,0.08716461643264926
71,7,408093,occupancy,5,400503,flow,7,0.001472231007339799,0.014330865145804263,0.07131347719631712
71,7,408093,occupancy,6,405843,flow,2,2.2098362038774266e-05,0.0004006081578157987,0.09504459358236866
71,7,408093,occupancy,7,408093,flow,3,7.188358258330045e-08,2.361498682584471e-06,0.12047236357495256
71,7,408093,occupancy,7,408093,flow,5,0.0007424387554635217,0.008211304207891484,0.0756362703147366
71,7,408093,occupancy,7,408093,flow,6,0.00027089017735239197,0.0035195355373303255,0.08163139715138817
71,7,408093,occupancy,7,408093,flow,7,0.00013904292676421913,0.002004222367772528,0.08538849325780076
71,7,408093,occupancy,7,408093,flow,11,0.006013093580208103,0.043272637458768956,0.061622612331856105
71,7,408093,occupancy,7,408093,flow,12,0.0005338905104448494,0.006225120121786098,0.07764240994804604
71,7,408093,occupancy,8,401448,flow,10,0.0008161343899260435,0.008850779898196439,-0.07505175027364436
71,7,408093,occupancy,9,402391,flow,1,0.0012587025424806073,0.012636753389533404,0.07232289343209312
71,7,408093,occupancy,9,402391,flow,7,0.0024159165575386343,0.021343066520586707,0.06803773769199979
71,7,408093,occupancy,10,400497,flow,1,0.001678377762217673,0.01590042090522006,0.0704596248279531
71,7,408093,occupancy,10,400497,flow,12,0.0018132489351618348,0.016929404365461694,0.06995178195272964
71,7,408093,occupancy,11,405841,flow,6,0.0005539570847022897,0.006414083639544067,0.07742023287561087
71,7,408093,occupancy,12,404520,flow,9,0.003664905818995886,0.029543558757346943,0.06517263209755704
71,7,408093,occupancy,13,400183,flow,1,0.002505833832013002,0.02198010589704806,0.06779065294208637
71,7,408093,occupancy,13,400183,flow,3,0.005736363766683654,0.04167691132202049,0.061967762643877065
71,7,408093,occupancy,14,401469,flow,1,0.0006805706890433629,0.007630587533525377,0.07617016329978493
71,7,408093,occupancy,14,401469,flow,2,1.96151587653505e-05,0.00036150804550475325,0.09563925386814948
71,7,408093,occupancy,14,401469,flow,4,0.002045838786661069,0.018704811763758343,0.06915236103519973
71,7,408093,occupancy,14,401469,flow,5,0.0009466228911316315,0.01003782741700699,0.0741274964735145
71,7,408093,occupancy,14,401469,flow,7,0.0008702503760759291,0.009344970481352258,0.07465291955807526
71,7,408093,occupancy,14,401469,flow,10,0.0010969320965951213,0.011323170029368994,0.07319900953231402
71,7,408093,occupancy,15,401472,flow,1,2.0300807543071296e-12,1.2163590649940084e-10,0.15692278746290592
71,7,408093,occupancy,15,401472,flow,2,1.740441188677323e-12,1.0515672636483965e-10,0.15739523901546684
71,7,408093,occupancy,15,401472,flow,3,1.3635856562447387e-09,5.8497418420826924e-08,0.13543455081225086
71,7,408093,occupancy,15,401472,flow,4,1.427959204471537e-11,7.990652543156786e-10,0.15080604556029112
71,7,408093,occupancy,15,401472,flow,5,4.093412343442468e-08,1.4146833058937168e-06,0.12273122346344165
71,7,408093,occupancy,15,401472,flow,6,3.050974307534953e-07,8.828003354689215e-06,0.1145890832871201
71,7,408093,occupancy,15,401472,flow,7,2.2252458143274723e-08,7.990907662422843e-07,0.12510015820130396
71,7,408093,occupancy,15,401472,flow,8,2.5673642886285745e-10,1.2003261609172557e-08,0.14125827066060206
71,7,408093,occupancy,15,401472,flow,9,7.15480404170443e-10,3.160404239280485e-08,0.13771274317716062
71,7,408093,occupancy,15,401472,flow,10,1.3450186732104019e-08,4.978989432963956e-07,0.12702439693995848
71,7,408093,occupancy,15,401472,flow,11,1.712037260521375e-10,8.13641470346792e-09,0.14263581429361313
71,7,408093,occupancy,15,401472,flow,12,2.6438489562428086e-08,9.415851187938115e-07,0.12443468623409723
71,7,408093,occupancy,16,405838,flow,3,0.002818796299997559,0.02396143253834997,0.06698958656275741
71,7,408093,occupancy,17,400260,flow,2,0.002881704179656728,0.024395379298681297,0.06683843401987626
71,7,408093,occupancy,18,404528,flow,1,0.004393170435354362,0.033859939840732996,0.06389246649146073
71,7,408093,occupancy,18,404528,flow,3,0.0026578211419722216,0.022968168300300053,0.06739086298127973
71,7,408093,occupancy,19,401795,flow,2,7.70501479225257e-05,0.0012068768637610986,0.08859293280819741
71,7,408093,speed,9,402391,flow,7,0.005602291124269566,0.040881583879804936,-0.06214041276415175
71,8,401448,flow,3,400039,flow,11,0.006688234631346346,0.04696549676107967,0.060837045109388546
71,8,401448,flow,4,400316,flow,9,0.005686936914141511,0.04138044040608275,0.062030983929904776
71,8,401448,flow,4,400316,flow,10,0.0005593191790413033,0.0064571321578258435,0.077362132583774
71,8,401448,flow,8,401448,flow,1,1.5877675349684946e-74,4.453997240950582e-72,0.39326446275639215
71,8,401448,flow,8,401448,flow,2,3.676261898656646e-17,3.22793727686925e-15,0.18739603408609987
71,8,401448,flow,8,401448,flow,3,1.4334638389254728e-05,0.00027412854290208245,0.09718764643685619
71,8,401448,flow,8,401448,flow,4,3.1975296289701254e-05,0.0005581142625111492,0.09317910428591988
71,8,401448,flow,8,401448,flow,5,1.2599748011401395e-09,5.421405518850002e-08,0.1357157469779625
71,8,401448,flow,8,401448,flow,6,0.0010763953393388382,0.01116989638708571,0.07331865887654256
71,8,401448,flow,8,401448,flow,7,6.7764403731990425e-09,2.6231382089802747e-07,0.12959959585849218
71,8,401448,flow,8,401448,flow,8,6.20292639903062e-05,0.0010013692841484409,0.08974372889424327
71,8,401448,flow,8,401448,flow,9,2.578702203459892e-06,6.0841035057054796e-05,0.10527847509598516
71,8,401448,flow,8,401448,flow,10,1.0577768873935794e-05,0.00021106679693026618,0.09866650028569351
71,8,401448,flow,8,401448,flow,11,0.00040756595713533803,0.004970877851001299,0.07925126844839056
71,8,401448,flow,8,401448,flow,12,7.087852924203448e-05,0.001125129496446992,0.08903761266097981
71,8,401448,flow,9,402391,flow,5,0.0072556742533251535,0.04993549908294514,0.060230105580555256
71,8,401448,flow,12,404520,flow,10,0.0031898687825144107,0.026419158628186837,0.06613886396123832
71,8,401448,flow,13,400183,flow,4,0.001460016850849594,0.014244066837557016,0.0713674570670221
71,8,401448,flow,15,401472,flow,4,0.004111701959915209,0.03219603492266395,-0.06436264191824782
71,8,401448,flow,17,400260,flow,2,0.004787576380881239,0.03636773336628618,0.06327758367684523
71,8,401448,flow,17,400260,flow,4,0.0052621433345953345,0.03903070697790538,0.06259574745081468
71,8,401448,flow,19,401795,flow,2,0.005124834478345586,0.03821070926208652,0.0627871180863096
71,8,401448,flow,19,401795,flow,3,0.0010789641694465184,0.011188490667328275,0.07330357771715694
71,8,401448,flow,19,401795,flow,4,0.003921871141054645,0.0311042469788068,0.06469651253367852
71,8,401448,flow,19,401795,flow,12,0.0005811678925925209,0.006654241441822662,0.07713063045733919
71,8,401448,occupancy,2,400331,flow,7,0.00041647640335915395,0.005059555856331679,0.07912346929457217
71,8,401448,occupancy,5,400503,flow,8,0.002313836918253072,0.020656610404153064,0.06832865163648984
71,8,401448,occupancy,7,408093,flow,5,0.00018752871680015765,0.002586014991887006,0.08372213176188321
71,8,401448,occupancy,8,401448,flow,2,2.929992866295214e-05,0.0005156079297654931,-0.09362340875349931
71,8,401448,occupancy,9,402391,flow,11,0.0016542735150798652,0.015706508978340698,0.07055431797927725
71,8,401448,occupancy,13,400183,flow,3,0.00028440338063413046,0.003663013051059042,0.08135103849162872
71,8,401448,occupancy,13,400183,flow,12,0.0027922715197821434,0.023782754269437816,0.06705424357223128
71,8,401448,occupancy,14,401469,flow,5,0.0032125630337455453,0.026571457602490436,0.06608981332637834
71,8,401448,occupancy,14,401469,flow,6,0.0019139652646884108,0.0176938368145815,0.06959469820732142
71,8,401448,occupancy,14,401469,flow,10,0.004102711606015686,0.03213146145392995,0.06437813541085913
71,8,401448,occupancy,15,401472,flow,8,0.003865881330643409,0.030761848127425915,0.06479778777568229
71,8,401448,occupancy,17,400260,flow,3,0.00493217629955075,0.03715905408800006,0.06306358999155103
71,8,401448,speed,6,405843,flow,8,0.006113036479132943,0.043838508615296,-0.06150146782448617
71,8,401448,speed,7,408093,flow,5,0.00027885996157508183,0.0036035747352807465,-0.081464506399995
71,8,401448,speed,8,401448,flow,4,0.004523913983010349,0.0346758488406755,0.06368328689683447
71,8,401448,speed,13,400183,flow,3,3.8075647806933595e-05,0.0006496319057107154,-0.09228531151266045
71,8,401448,speed,13,400183,flow,12,0.0011049421822863497,0.01138409307769385,-0.0731529023643572
71,8,401448,speed,14,401469,flow,6,0.003990254093017197,0.03149196474470309,-0.0645745854000574
71,8,401448,speed,15,401472,flow,8,0.0053115713178583275,0.03930453595948608,-0.06252796070775601
71,8,401448,speed,19,401795,flow,8,0.001338691742843971,0.013285833937485284,0.07192747989654939
71,9,402391,flow,4,400316,flow,11,0.004298233045524715,0.03330548288098694,0.06404792237476341
71,9,402391,flow,5,400503,flow,1,7.369308398003753e-16,5.825486334460816e-14,0.17959620209302601
71,9,402391,flow,5,400503,flow,7,0.005123611994349174,0.03820818887551948,0.06278884258761959
71,9,402391,flow,5,400503,flow,10,0.0026453218089479077,0.022883040077402807,0.06742294240705742
71,9,402391,flow,7,408093,flow,1,0.0002720123983009196,0.0035319914657648715,0.0816076213620521
71,9,402391,flow,7,408093,flow,2,0.0004251216870746227,0.005141449294967441,0.07900188919291845
71,9,402391,flow,7,408093,flow,3,0.0069634258771934425,0.04844902526892523,0.06053715483144368
71,9,402391,flow,9,402391,flow,1,1.1166941797849453e-134,5.812191393579474e-132,0.5143117643406737
71,9,402391,flow,9,402391,flow,2,1.1238928373109826e-10,5.487205707519069e-09,0.14401687056356957
71,9,402391,flow,9,402391,flow,5,0.002307096559867331,0.02061782610390333,0.06834827164381366
71,9,402391,flow,9,402391,flow,6,0.00046525248305344423,0.005546056089378806,0.07846610749185497
71,9,402391,flow,9,402391,flow,10,0.0012558316832668125,0.012619662413846546,0.07233751176093152
71,9,402391,flow,10,400497,flow,8,0.0015103928840379684,0.014600351888664183,-0.07114744001723444
71,9,402391,flow,10,400497,flow,10,0.0011879831083923802,0.01206698102105592,0.07269229114676323
71,9,402391,flow,10,400497,flow,11,7.961093348525475e-06,0.00016368539534341038,0.10003079699665135
71,9,402391,flow,10,400497,flow,12,1.4207166116605944e-05,0.0002720521171264968,0.09723140972579054
71,9,402391,flow,12,404520,flow,10,0.0009714956771570516,0.010262406496456825,0.07396483455075095
71,9,402391,flow,12,404520,flow,11,0.0011469805428401152,0.011744384795139364,0.07291587308157517
71,9,402391,flow,14,401469,flow,1,8.592251168538057e-09,3.2761275417550225e-07,0.1287134979973065
71,9,402391,flow,14,401469,flow,2,0.006050493058515639,0.04351278510535635,0.061577068286628255
71,9,402391,flow,15,401472,flow,1,1.588561267530919e-05,0.000301004020087448,0.09668297877517483
71,9,402391,flow,15,401472,flow,2,0.002618758632599155,0.02268960548100351,0.0674915788855514
71,9,402391,flow,15,401472,flow,12,0.0005733755591211704,0.006578970558840521,0.07721225198863348
71,9,402391,flow,16,405838,flow,1,1.9255016952484417e-05,0.00035593356112423053,0.09573139152585508
71,9,402391,flow,17,400260,flow,2,0.00512682195820591,0.03821893159525372,0.06278431523372635
71,9,402391,flow,18,404528,flow,1,1.5435352171320323e-12,9.391650898606168e-11,0.1577234775729114
71,9,402391,flow,18,404528,flow,2,0.0017106425223856183,0.016163551392620015,0.07031713172924928
71,9,402391,occupancy,5,400503,flow,1,0.003893006852626911,0.0309207383771801,0.06474855762463295
71,9,402391,occupancy,5,400503,flow,10,0.0033636618136883545,0.027552178678675945,0.06577105226975065
71,9,402391,occupancy,6,405843,flow,1,0.0002806828353576355,0.0036249621786098216,0.08140651266581465
71,9,402391,occupancy,7,408093,flow,2,0.0039035643608988976,0.030993196175488395,0.06472948092228822
71,9,402391,occupancy,10,400497,flow,12,0.002810212661258004,0.02390257668169832,0.06701044912124518
71,9,402391,occupancy,15,401472,flow,2,0.0020652609675125126,0.018866414420922087,0.06908943618544093
71,9,402391,speed,2,400331,flow,4,0.004226352301624979,0.03286148657850956,-0.06416770731661682
71,9,402391,speed,14,401469,flow,10,0.002373301215942827,0.021048370463709738,-0.06815779211001347
71,10,400497,flow,0,400593,flow,6,0.0027340669124280965,0.023416274904221605,0.06719811126473713
71,10,400497,flow,1,400125,flow,1,5.5167968527188176e-15,4.116159309800569e-13,0.17412156166088805
71,10,400497,flow,1,400125,flow,2,2.779856856175331e-09,1.1382920965571024e-07,0.1328735398736801
71,10,400497,flow,1,400125,flow,3,8.521914423006711e-05,0.0013157494748888131,0.08805347400560647
71,10,400497,flow,1,400125,flow,12,1.1490230507901348e-08,4.316330069055115e-07,0.12762052548233566
71,10,400497,flow,2,400331,flow,3,7.007911203860163e-05,0.0011158929745918136,0.08909786972602016
71,10,400497,flow,2,400331,flow,10,1.3457156220543365e-06,3.366237109018375e-05,0.10819635737316403
71,10,400497,flow,2,400331,flow,12,0.0005981043535239477,0.006810255158733405,0.07695668278476349
71,10,400497,flow,3,400039,flow,1,2.698282994112255e-14,1.8923023595072958e-12,0.16967589405434275
71,10,400497,flow,3,400039,flow,2,6.9902575665631925e-06,0.0001458836361717536,0.10064933352453241
71,10,400497,flow,3,400039,flow,6,1.9059549175967057e-09,7.993908003900745e-08,0.13423654896050607
71,10,400497,flow,3,400039,flow,12,6.96759837290573e-05,0.00110988292665755,0.08912850290985848
71,10,400497,flow,4,400316,flow,1,8.365956696250312e-17,7.22818658556027e-15,0.18532487481939644
71,10,400497,flow,4,400316,flow,3,0.0005843166610026072,0.006683208831165643,-0.07709793691324755
71,10,400497,flow,4,400316,flow,4,6.139621640421075e-06,0.0001309785949956496,-0.10126293054075441
71,10,400497,flow,4,400316,flow,6,1.6749308049554488e-07,5.149965179649494e-06,0.11707721983337196
71,10,400497,flow,4,400316,flow,7,0.0023706273114386753,0.021037967407184992,0.06816539052164643
71,10,400497,flow,4,400316,flow,11,0.0003039066795848007,0.003871635468530361,0.08096764282436189
71,10,400497,flow,4,400316,flow,12,2.1279059517093673e-23,2.7605266400553957e-21,0.2210183408294804
71,10,400497,flow,5,400503,flow,1,8.243080756424657e-06,0.00016900858503917661,0.09986463488419639
71,10,400497,flow,5,400503,flow,2,0.00012485047794250426,0.0018270801650122574,0.08598104423937086
71,10,400497,flow,5,400503,flow,8,2.924492587728592e-05,0.0005152450236128677,0.09363294167621414
71,10,400497,flow,5,400503,flow,11,0.004987036751333084,0.037442068785463384,0.06298388335182237
71,10,400497,flow,6,405843,flow,1,6.483789473044581e-19,6.49883306810965e-17,0.19749602236239758
71,10,400497,flow,6,405843,flow,2,3.1742283728338337e-19,3.272712785356124e-17,0.19921882974090288
71,10,400497,flow,6,405843,flow,6,1.7124402870900388e-06,4.186898801417759e-05,0.10712392884396738
71,10,400497,flow,6,405843,flow,7,3.187410212957207e-09,1.2953539153316213e-07,0.13237604733000521
71,10,400497,flow,6,405843,flow,12,1.0102315996024989e-12,6.279425194651504e-11,0.15905331861450936
71,10,400497,flow,7,408093,flow,5,1.080852131358969e-06,2.7498711469203447e-05,0.10916298826194608
71,10,400497,flow,7,408093,flow,11,1.1136516751262176e-05,0.0002205857513317405,0.09841749159069818
71,10,400497,flow,8,401448,flow,1,0.00010140770108908281,0.0015221725806283453,0.08709334793604855
71,10,400497,flow,9,402391,flow,1,1.6491877443318607e-09,7.005399267958346e-08,0.13475551413902565
71,10,400497,flow,9,402391,flow,2,0.001806806942827269,0.016880203272088674,0.06997523661583653
71,10,400497,flow,9,402391,flow,7,8.58646335350458e-05,0.001322407190272363,0.0880129560034546
71,10,400497,flow,9,402391,flow,12,3.437814102756283e-10,1.573236962278299e-08,0.14025735832962427
71,10,400497,flow,10,400497,flow,1,0.0,0.0,0.869509560584182
71,10,400497,flow,10,400497,flow,2,7.357931045698322e-12,4.2551890384761377e-10,-0.15287473090999482
71,10,400497,flow,10,400497,flow,3,9.597781368931966e-06,0.00019329797442324518,-0.09913521414742568
71,10,400497,flow,10,400497,flow,4,1.6702383027508714e-05,0.0003146720221493138,0.09643579282033513
71,10,400497,flow,10,400497,flow,5,1.1634587175586365e-27,1.7573921887598986e-25,0.2411049039131991
71,10,400497,flow,10,400497,flow,6,2.1984400842812216e-62,5.686982732990944e-60,0.3615460818040388
71,10,400497,flow,10,400497,flow,7,1.4640043932347022e-16,1.2376710330281632e-14,0.18386923427788276
71,10,400497,flow,10,400497,flow,8,1.8074845174742548e-11,9.98508071034371e-10,-0.15004999648866404
71,10,400497,flow,10,400497,flow,9,4.30307453660828e-22,5.2364174642669773e-20,-0.214400444008284
71,10,400497,flow,10,400497,flow,10,0.0002011860002171093,0.0027521327452118814,-0.08330524827828346
71,10,400497,flow,10,400497,flow,11,1.7237647483387788e-29,2.6690550942019803e-27,0.24912114615904812
71,10,400497,flow,10,400497,flow,12,0.0007283015621821573,0.008079770797706522,0.07575452424184861
71,10,400497,flow,11,405841,flow,5,0.0048063611869781815,0.03645914017163432,0.06324945636995216
71,10,400497,flow,11,405841,flow,6,5.249073282170965e-09,2.0614542344525973e-07,0.13054625274879406
71,10,400497,flow,11,405841,flow,7,4.4230732293570714e-05,0.0007423339685634246,0.09151186674829341
71,10,400497,flow,11,405841,flow,9,0.0003096639799128693,0.003932241014766594,-0.0808588655184003
71,10,400497,flow,11,405841,flow,11,0.00015559388246861816,0.0022154435473448596,0.08476550335076144
71,10,400497,flow,11,405841,flow,12,4.0545482073625964e-11,2.130857452044576e-09,0.1474288276695975
71,10,400497,flow,12,404520,flow,1,2.6830545620293602e-19,2.786248968261259e-17,0.19962203487424843
71,10,400497,flow,12,404520,flow,3,1.810826097911832e-14,1.2930196269386967e-12,-0.1708040614722674
71,10,400497,flow,12,404520,flow,4,1.849166927312476e-10,8.768826702513607e-09,-0.14237488616204186
71,10,400497,flow,12,404520,flow,6,2.983653910050106e-16,2.4645095394677742e-14,0.18199966205076598
71,10,400497,flow,12,404520,flow,7,3.699295872094047e-08,1.2846429395053284e-06,0.12312776385350915
71,10,400497,flow,12,404520,flow,11,2.948461018180067e-09,1.2050474549231684e-07,0.13265964010124626
71,10,400497,flow,12,404520,flow,12,3.845130476607601e-28,5.869598466058245e-26,0.24325690669525277
71,10,400497,flow,13,400183,flow,3,3.3054375978455894e-05,0.0005748587126687981,0.0930098224562164
71,10,400497,flow,14,401469,flow,1,2.415246817815244e-12,1.443135028072179e-10,0.1563878641915553
71,10,400497,flow,14,401469,flow,2,6.790523441054806e-08,2.237609554947121e-06,0.12072967264019703
71,10,400497,flow,14,401469,flow,6,0.0010336589421053959,0.01079382796687288,0.07357456385833591
71,10,400497,flow,14,401469,flow,7,2.0171378735567806e-08,7.292080011519073e-07,0.12547769746775983
71,10,400497,flow,14,401469,flow,8,5.940573922486393e-09,2.3078488619731312e-07,0.1300883952769274
71,10,400497,flow,14,401469,flow,12,0.00028447660110730665,0.003663013051059042,0.08134955364856716
71,10,400497,flow,15,401472,flow,1,5.89212063383165e-35,1.0305247424353333e-32,0.2717293796634289
71,10,400497,flow,15,401472,flow,2,1.1923103058393929e-27,1.7946970457234067e-25,0.24105705134016875
71,10,400497,flow,15,401472,flow,3,1.5580854703894372e-18,1.512568366760083e-16,0.19535929886731174
71,10,400497,flow,15,401472,flow,4,2.9501945311626287e-08,1.0455160274505787e-06,0.12400959981335054
71,10,400497,flow,15,401472,flow,5,1.1435960993527258e-06,2.8992577166688825e-05,0.10891490546051777
71,10,400497,flow,15,401472,flow,6,8.771651585982316e-16,6.889733609353383e-14,0.17912929625085242
71,10,400497,flow,15,401472,flow,7,7.272993379751762e-21,8.224955864012464e-19,0.20807607378055915
71,10,400497,flow,15,401472,flow,8,4.2629996722552344e-16,3.4813154223331974e-14,0.18105511818508657
71,10,400497,flow,15,401472,flow,9,2.1599626339292043e-10,1.0186723339054762e-08,0.1418473308733284
71,10,400497,flow,15,401472,flow,10,4.706395290795916e-05,0.0007856115786799984,0.09118962125920044
71,10,400497,flow,15,401472,flow,11,3.4598068289161213e-06,7.91650715090977e-05,0.10393430383876005
71,10,400497,flow,15,401472,flow,12,1.63439597952576e-16,1.3790216077248601e-14,0.18358142380921122
71,10,400497,flow,16,405838,flow,1,2.782078783766357e-11,1.5060877626404338e-09,0.1486565791658634
71,10,400497,flow,16,405838,flow,2,0.0063030398152966564,0.04487332235016736,0.06127599257151178
71,10,400497,flow,16,405838,flow,5,0.007076963811349897,0.049033654635174916,-0.060416517736029504
71,10,400497,flow,16,405838,flow,7,2.3698221379040546e-07,7.050710492937683e-06,0.1156436078749159
71,10,400497,flow,16,405838,flow,10,0.0005784067397854417,0.006627896859079863,-0.07715943529987222
71,10,400497,flow,16,405838,flow,11,4.9496540042620874e-08,1.6744326780275815e-06,-0.12198385664863613
71,10,400497,flow,17,400260,flow,1,2.203319792447279e-19,2.299116305162378e-17,0.20009341805139735
71,10,400497,flow,17,400260,flow,2,1.7536136502956903e-20,1.9276363789509877e-18,0.20604790344600799
71,10,400497,flow,17,400260,flow,3,0.0026968383245886043,0.0232217292450125,0.06729160456193717
71,10,400497,flow,17,400260,flow,6,0.006455107787887672,0.04573735549233188,0.06109989730485832
71,10,400497,flow,17,400260,flow,7,1.5557666634902439e-12,9.452759474371102e-11,0.15773859986471125
71,10,400497,flow,17,400260,flow,8,0.0008061054673145331,0.008769518052880341,0.07512834527963458
71,10,400497,flow,17,400260,flow,10,3.413366640235224e-05,0.0005917232698963149,-0.09284567567271468
71,10,400497,flow,17,400260,flow,12,2.4008277080520647e-06,5.67994287994793e-05,0.10560288211703628
71,10,400497,flow,18,404528,flow,1,1.1812394034400447e-13,7.850698804401528e-12,0.16543054556529777
71,10,400497,flow,18,404528,flow,2,4.74130460426862e-08,1.6131574669530757e-06,0.12215346239982527
71,10,400497,flow,18,404528,flow,7,5.8027954605269546e-05,0.0009434729540638481,0.09009488463695227
71,10,400497,flow,18,404528,flow,8,4.353555195234212e-05,0.0007326590745388311,0.09159392197227233
71,10,400497,flow,18,404528,flow,12,4.559540695659196e-05,0.0007634579769475864,0.09135428292729542
71,10,400497,flow,19,401795,flow,1,2.337939147314549e-08,8.367768944820922e-07,0.12490978106409592
71,10,400497,flow,19,401795,flow,2,7.748205602903915e-10,3.408579246898667e-08,0.13743330627958078
71,10,400497,flow,19,401795,flow,3,0.00047968708373887143,0.005686740399977839,0.07828388853008807
71,10,400497,flow,19,401795,flow,7,0.005409394090042802,0.03986452144146179,0.06239546581390267
71,10,400497,flow,19,401795,flow,10,0.003691993146220095,0.02970648238344349,-0.0651210378496421
71,10,400497,occupancy,1,400125,flow,1,8.99452069925285e-09,3.426484075905848e-07,0.12854203559881652
71,10,400497,occupancy,1,400125,flow,2,5.574098311627455e-07,1.508778490365326e-05,0.11203512095148106
71,10,400497,occupancy,1,400125,flow,3,0.0020739226877722556,0.01893247156855694,0.06906154829287693
71,10,400497,occupancy,1,400125,flow,12,0.004045674760202305,0.031788495751316766,0.064477153057559
71,10,400497,occupancy,2,400331,flow,3,0.004022919936681977,0.031673071125325566,0.06451700978906151
71,10,400497,occupancy,2,400331,flow,10,0.0030279874092300806,0.025350592263321602,0.0664982671360134
71,10,400497,occupancy,2,400331,flow,12,0.0015042985788793733,0.014564162478142812,0.07117369451146649
71,10,400497,occupancy,3,400039,flow,1,1.280025956479662e-10,6.22715330179295e-09,0.143616339451157
71,10,400497,occupancy,3,400039,flow,2,1.429866688491708e-06,3.559452334917366e-05,0.1079273939704012
71,10,400497,occupancy,3,400039,flow,6,0.002590886544590325,0.022538521692771252,0.06756428464228197
71,10,400497,occupancy,3,400039,flow,7,0.001620957412487943,0.015447906512128642,0.0706873100375939
71,10,400497,occupancy,3,400039,flow,12,0.0009411399444498473,0.009996863929243522,0.07416388522990891
71,10,400497,occupancy,4,400316,flow,1,4.868203972360378e-19,4.9367702254922144e-17,0.19818918002056063
71,10,400497,occupancy,4,400316,flow,3,3.44918703404321e-06,7.896390030242007e-05,-0.10394844765438481
71,10,400497,occupancy,4,400316,flow,4,1.7958807396994633e-07,5.47123046227199e-06,-0.11679055784117827
71,10,400497,occupancy,4,400316,flow,6,2.1867126088110634e-05,0.00039758411069292063,0.09509720939155451
71,10,400497,occupancy,4,400316,flow,7,1.934137242802168e-06,4.660051806416824e-05,0.10657827586520431
71,10,400497,occupancy,4,400316,flow,11,3.672353916346925e-05,0.0006295463856594728,0.09247104577421605
71,10,400497,occupancy,4,400316,flow,12,7.336977724712468e-22,8.731609854203268e-20,0.21326536592663853
71,10,400497,occupancy,5,400503,flow,1,8.917854788392972e-06,0.00018155104941497473,0.0994880750188826
71,10,400497,occupancy,5,400503,flow,2,1.4572149505214202e-05,0.00027842408607928063,0.09710708524940671
71,10,400497,occupancy,5,400503,flow,5,0.0025566350908339465,0.022307945046258635,-0.06765461639496527
71,10,400497,occupancy,5,400503,flow,7,0.0017274344824111981,0.016268840122119852,0.07027070631097258
71,10,400497,occupancy,5,400503,flow,8,0.00017294131545988456,0.0024193862784543433,0.08417616722878034
71,10,400497,occupancy,5,400503,flow,9,0.004563067702292086,0.03494890753047423,0.06362170874106111
71,10,400497,occupancy,6,405843,flow,1,7.63775331020721e-27,1.114699131759971e-24,0.23739788674509849
71,10,400497,occupancy,6,405843,flow,2,2.5538177420050743e-17,2.288898889099984e-15,0.1883726516242358
71,10,400497,occupancy,6,405843,flow,4,0.0026584921815390027,0.022969372448496984,-0.06738914466416515
71,10,400497,occupancy,6,405843,flow,6,4.2311878224568955e-07,1.1815598831941685e-05,0.11321010710429544
71,10,400497,occupancy,6,405843,flow,7,1.627112925734328e-09,6.932078736856309e-08,0.1348037439271072
71,10,400497,occupancy,6,405843,flow,8,0.0009890333127445217,0.010421033929405693,0.07385244345182206
71,10,400497,occupancy,6,405843,flow,10,0.00023533836388166102,0.0031330099598421437,-0.08243682536681694
71,10,400497,occupancy,6,405843,flow,12,1.3557839131333717e-11,7.616367366366925e-10,0.1509719121438376
71,10,400497,occupancy,7,408093,flow,5,5.022856694950137e-06,0.00011020183302277599,0.10220549674400027
71,10,400497,occupancy,7,408093,flow,11,4.882488967059574e-06,0.00010728561718055625,0.10233790874991265
71,10,400497,occupancy,9,402391,flow,1,3.2954555201722e-07,9.428058176916494e-06,0.11426548014755511
71,10,400497,occupancy,9,402391,flow,2,0.0018384133947739255,0.017108351371294638,0.0698608878970916
71,10,400497,occupancy,9,402391,flow,7,0.0026839432176471445,0.02313836499747688,0.06732426337440801
71,10,400497,occupancy,9,402391,flow,12,5.774074370706877e-06,0.00012409950886295377,0.10155200085837743
71,10,400497,occupancy,10,400497,flow,1,1.0218540152197553e-76,2.8852348665028386e-74,0.39884447066813533
71,10,400497,occupancy,10,400497,flow,2,9.477824710476809e-08,3.0485958380949247e-06,-0.11939336714143882
71,10,400497,occupancy,10,400497,flow,3,7.451054944381752e-68,2.011784834983073e-65,-0.3763617297856595
71,10,400497,occupancy,10,400497,flow,4,3.7081676980401275e-11,1.9631476048447735e-09,-0.14772085288685433
71,10,400497,occupancy,10,400497,flow,5,2.9767539230910344e-22,3.632648855297534e-20,0.21526942728920603
71,10,400497,occupancy,10,400497,flow,6,8.14998215384745e-86,2.569921379899342e-83,0.4202457969996687
71,10,400497,occupancy,10,400497,flow,7,5.57992861619038e-24,7.349174274982451e-22,0.2238741062373483
71,10,400497,occupancy,10,400497,flow,8,3.4300935626346354e-32,5.765760385440321e-30,-0.2605999090732792
71,10,400497,occupancy,10,400497,flow,9,8.424125158621978e-65,2.219037846661399e-62,-0.3681877682567904
71,10,400497,occupancy,10,400497,flow,10,4.82109436502441e-24,6.3886894653084195e-22,-0.22418357765358332
71,10,400497,occupancy,10,400497,flow,11,3.302789640271039e-30,5.245607075724592e-28,0.2522719147784419
71,10,400497,occupancy,10,400497,flow,12,5.2180963477457065e-157,3.266982061197312e-154,0.549397511194562
71,10,400497,occupancy,11,405841,flow,1,0.0002261209280976377,0.003026748305516199,0.08266426887684507
71,10,400497,occupancy,11,405841,flow,3,2.7876391089755065e-05,0.000493145002079205,-0.09387578647120483
71,10,400497,occupancy,11,405841,flow,4,7.518014215711981e-05,0.0011833011729459018,-0.0887240065064051
71,10,400497,occupancy,11,405841,flow,6,9.987764845083687e-12,5.707294197190678e-10,0.15194551824770036
71,10,400497,occupancy,11,405841,flow,7,4.2811125059304594e-05,0.0007215921196105963,0.09168076145323094
71,10,400497,occupancy,11,405841,flow,9,1.1630874272784286e-06,2.9400454569004162e-05,-0.10884049945389958
71,10,400497,occupancy,11,405841,flow,11,0.00494156935573249,0.03722332975896139,0.06304988617675787
71,10,400497,occupancy,11,405841,flow,12,2.5730108549071177e-09,1.0555941968849715e-07,0.13315390538483338
71,10,400497,occupancy,12,404520,flow,1,2.413321860200747e-23,3.1214222862476724e-21,0.22074774771834926
71,10,400497,occupancy,12,404520,flow,3,1.7367043152559422e-20,1.913919041302467e-18,-0.20607034842813787
71,10,400497,occupancy,12,404520,flow,4,1.2857026308511545e-14,9.257058942128311e-13,-0.171766741403476
71,10,400497,occupancy,12,404520,flow,6,3.182510139627422e-12,1.8807720660999265e-10,0.15553460311311623
71,10,400497,occupancy,12,404520,flow,7,1.2597743316586077e-14,9.085517717471093e-13,0.17182383287547653
71,10,400497,occupancy,12,404520,flow,11,2.5457449225389634e-09,1.045400956784061e-07,0.13319248827168415
71,10,400497,occupancy,12,404520,flow,12,2.606654918468198e-30,4.155258025012035e-28,0.2527110982071404
71,10,400497,occupancy,13,400183,flow,3,0.0006278452640777481,0.007100239635643643,0.07666202270750802
71,10,400497,occupancy,14,401469,flow,1,1.112974294345811e-12,6.849072580589607e-11,0.1587593698351705
71,10,400497,occupancy,14,401469,flow,2,5.5926748360991466e-11,2.859213644017552e-09,0.14637226179313656
71,10,400497,occupancy,14,401469,flow,3,0.0049561744321274005,0.037307324528298255,0.0630286250748227
71,10,400497,occupancy,14,401469,flow,6,0.004158559306207133,0.032480257526898794,0.06428238437122495
71,10,400497,occupancy,14,401469,flow,7,9.552473922408699e-11,4.710809057626207e-09,0.14459644007734876
71,10,400497,occupancy,14,401469,flow,8,2.2354553710430214e-08,8.020902992446721e-07,0.12508252999397074
71,10,400497,occupancy,15,401472,flow,1,9.234273041695765e-21,1.0334730450809768e-18,0.20752795936814022
71,10,400497,occupancy,15,401472,flow,2,2.7176269156347216e-23,3.463170582755752e-21,0.22049211233924584
71,10,400497,occupancy,15,401472,flow,3,1.818449836669304e-09,7.686598135431892e-08,0.13440532621339257
71,10,400497,occupancy,15,401472,flow,6,5.193456153070681e-07,1.4119402505516264e-05,0.11233774543538108
71,10,400497,occupancy,15,401472,flow,7,3.150302437132272e-16,2.5922488625545555e-14,0.18185612296943618
71,10,400497,occupancy,15,401472,flow,8,5.630659916205498e-11,2.871835990319687e-09,0.14634994256868247
71,10,400497,occupancy,15,401472,flow,9,0.00016535483534520944,0.0023283340570120757,0.08442672746298752
71,10,400497,occupancy,15,401472,flow,12,1.1596745444740465e-08,4.3525578037601046e-07,0.12758567478369745
71,10,400497,occupancy,16,405838,flow,1,1.570634690069038e-13,1.0280517971360976e-11,0.16455753968170408
71,10,400497,occupancy,16,405838,flow,2,1.357644093260023e-11,7.616912315432856e-10,0.15092992506558506
71,10,400497,occupancy,16,405838,flow,3,7.322894292515386e-05,0.0011579393610419643,-0.08886409739445593
71,10,400497,occupancy,16,405838,flow,4,2.998450451780765e-09,1.2231639236726066e-07,-0.13259850591511008
71,10,400497,occupancy,16,405838,flow,5,0.0004835172221925806,0.0057148957588835795,-0.0782363960113436
71,10,400497,occupancy,16,405838,flow,7,8.057959361293925e-09,3.0887652565030837e-07,0.1289537069632206
71,10,400497,occupancy,16,405838,flow,10,1.7188620886469943e-07,5.263226237028732e-06,-0.1169708521869388
71,10,400497,occupancy,16,405838,flow,11,3.3994056419978368e-09,1.372470315273893e-07,-0.132141254606189
71,10,400497,occupancy,17,400260,flow,1,1.680999923279556e-17,1.5160583859222716e-15,0.1894345934827505
71,10,400497,occupancy,17,400260,flow,2,4.847024217212623e-24,6.403408140170804e-22,0.22417222956873312
71,10,400497,occupancy,17,400260,flow,6,0.006290575514484131,0.04482578083565981,0.06129059515630717
71,10,400497,occupancy,17,400260,flow,7,2.629421736067456e-09,1.0777136527335304e-07,0.13307532819450968
71,10,400497,occupancy,17,400260,flow,8,6.476782572487119e-06,0.00013702106127886558,0.10101054353322533
71,10,400497,occupancy,17,400260,flow,10,0.00023577414608792844,0.0031359122878689993,-0.08242628030357854
71,10,400497,occupancy,18,404528,flow,1,7.014947141164024e-12,4.0622750200842604e-10,0.15306335441126995
71,10,400497,occupancy,18,404528,flow,2,9.022828503557092e-09,3.434239571397942e-07,0.12853025191374126
71,10,400497,occupancy,18,404528,flow,7,0.000288328393384447,0.0037059763743552843,0.08127194302378969
71,10,400497,occupancy,18,404528,flow,8,7.405633684783512e-06,0.00015351409557708625,0.10037523111689285
71,10,400497,occupancy,18,404528,flow,12,0.002618740685984267,0.02268960548100351,0.06749162547231911
71,10,400497,occupancy,19,401795,flow,1,1.1069637724222077e-05,0.0002194622990759035,0.0984466604633521
71,10,400497,occupancy,19,401795,flow,2,5.486318563940045e-07,1.4859496047787459e-05,0.11210310240327676
71,10,400497,occupancy,19,401795,flow,10,2.2272142769106893e-06,5.304060461000098e-05,-0.1059425667833141
71,10,400497,speed,0,400593,flow,9,0.0065305680016946146,0.046113196742923725,-0.06101389446835521
71,10,400497,speed,1,400125,flow,6,0.005607630345582347,0.04090200619219121,-0.062133466403179634
71,10,400497,speed,1,400125,flow,10,4.4704873197744465e-06,9.888635546044858e-05,0.10274872293455793
71,10,400497,speed,1,400125,flow,11,6.920875418173869e-05,0.0011036611962536402,0.08916421739944716
71,10,400497,speed,1,400125,flow,12,0.001333284971361568,0.013243943610673657,0.07195351140952001
71,10,400497,speed,2,400331,flow,10,0.0050362509032833794,0.03770641924122045,-0.06291305153816548
71,10,400497,speed,3,400039,flow,2,0.0012225782474868392,0.01234581119481801,-0.07250912230540046
71,10,400497,speed,3,400039,flow,3,0.002311878315740795,0.020652014731183277,-0.06833434738951868
71,10,400497,speed,3,400039,flow,6,0.00013596248785809384,0.001968357733066238,-0.08551210207051084
71,10,400497,speed,3,400039,flow,7,0.0003019453902251821,0.0038512078115523667,-0.08100513972549941
71,10,400497,speed,4,400316,flow,1,0.002184595882902263,0.0197271200128298,-0.06871431026191305
71,10,400497,speed,4,400316,flow,2,0.00459206962673961,0.035117261086059684,-0.06357640415357305
71,10,400497,speed,4,400316,flow,12,0.003556283035828854,0.028802292303675762,-0.06538307324856261
71,10,400497,speed,6,405843,flow,1,7.923937690758316e-06,0.00016300671820988535,-0.10005310902472606
71,10,400497,speed,6,405843,flow,2,1.4326821105575068e-07,4.459068240351894e-06,-0.11771707098832411
71,10,400497,speed,6,405843,flow,3,7.556037936748072e-06,0.0001563318193809946,-0.10027959220083876
71,10,400497,speed,6,405843,flow,6,4.1548126162867525e-06,9.242425593387627e-05,-0.10308880068682882
71,10,400497,speed,6,405843,flow,7,0.002968784062687712,0.02496136074505823,-0.06663409424860725
71,10,400497,speed,6,405843,flow,8,0.002021725685268837,0.01852355240797747,-0.06923125027917389
71,10,400497,speed,7,408093,flow,4,0.004616263258702572,0.03524594372794917,-0.06353880838485906
71,10,400497,speed,7,408093,flow,5,0.002711828469734669,0.023304354464399782,-0.0672538184893046
71,10,400497,speed,7,408093,flow,6,0.0001372189581363027,0.001984100439794822,-0.08546136847059942
71,10,400497,speed,8,401448,flow,11,0.00038691187751489157,0.00475521852308487,0.079557831330746
71,10,400497,speed,8,401448,flow,12,0.00011096350456571339,0.0016472932636559512,0.08662576917943222
71,10,400497,speed,9,402391,flow,2,0.001735024462304949,0.016329641998164227,-0.07024191860320361
71,10,400497,speed,9,402391,flow,5,0.0018470040999513462,0.0171740372617086,-0.06983011968836264
71,10,400497,speed,9,402391,flow,12,0.006780698150207516,0.04743986540678676,-0.06073506655009573
71,10,400497,speed,10,400497,flow,1,2.2433771672907554e-09,9.274056806407716e-08,-0.1336495722855534
71,10,400497,speed,10,400497,flow,2,3.514059531601289e-06,8.019406855001358e-05,-0.1038626910216891
71,10,400497,speed,10,400497,flow,3,0.006599580827862786,0.04647137600059859,-0.060936018177826144
71,10,400497,speed,10,400497,flow,5,0.002955490067725012,0.024877898449784552,-0.06666493321164696
71,10,400497,speed,10,400497,flow,6,2.052789953114513e-05,0.00037608365553242986,-0.09541276196219156
71,10,400497,speed,10,400497,flow,9,5.727136095818853e-08,1.9164390343870986e-06,0.12140674520856931
71,10,400497,speed,10,400497,flow,10,2.8634002329939294e-07,8.358033112522822e-06,0.11485479925757934
71,10,400497,speed,10,400497,flow,11,1.671131812787106e-05,0.0003147031138291325,0.09643315290957202
71,10,400497,speed,11,405841,flow,12,0.00039932678862120103,0.004881414054452712,-0.07937178191381235
71,10,400497,speed,12,404520,flow,1,7.709156371862396e-13,4.8266022502094996e-11,-0.15987091571753964
71,10,400497,speed,12,404520,flow,2,1.7734555182428732e-06,4.311383139453693e-05,-0.10696728100724602
71,10,400497,speed,12,404520,flow,8,0.00019927519076296394,0.0027277212423827764,0.08338002442856737
71,10,400497,speed,12,404520,flow,12,7.515428988391831e-06,0.0001555661390984797,-0.10030523406131234
71,10,400497,speed,13,400183,flow,3,0.0029422579558060565,0.0247914070003553,-0.06669575447616653
71,10,400497,speed,14,401469,flow,1,0.002499995692882726,0.0219422620748748,-0.06780644756335615
71,10,400497,speed,14,401469,flow,2,1.656259114506119e-06,4.06305472723818e-05,-0.10727298030686339
71,10,400497,speed,14,401469,flow,3,0.0001335479030952227,0.0019366463288733203,-0.08561084933494142
71,10,400497,speed,14,401469,flow,4,0.0009608684735922692,0.010161448729298906,-0.07403385671676942
71,10,400497,speed,14,401469,flow,5,0.0033250484218495823,0.027301323146455076,-0.06585125253969926
71,10,400497,speed,14,401469,flow,6,1.7516947377177162e-06,4.270497328973213e-05,-0.1070225464874154
71,10,400497,speed,14,401469,flow,8,0.0027815824645000247,0.023710410904972588,-0.06708045786089067
71,10,400497,speed,14,401469,flow,12,0.0040533014825111895,0.03183684073536061,-0.06446383978788388
71,10,400497,speed,15,401472,flow,1,2.467370608784343e-10,1.1548256803844378e-08,-0.14139392077168964
71,10,400497,speed,15,401472,flow,2,3.0026467872447647e-16,2.475464526888814e-14,-0.18198290958271315
71,10,400497,speed,15,401472,flow,3,2.9755652090792726e-14,2.076646478711221e-12,-0.16939801897912116
71,10,400497,speed,15,401472,flow,4,6.174309195207128e-15,4.551709167797746e-13,-0.17381007472595786
71,10,400497,speed,15,401472,flow,5,9.398881401442899e-19,9.291342712639204e-17,-0.1965941442381769
71,10,400497,speed,15,401472,flow,6,3.0304329175539174e-20,3.2728675509582307e-18,-0.20477648542370297
71,10,400497,speed,15,401472,flow,7,4.097300396159164e-18,3.898752799869513e-16,-0.19297396854174087
71,10,400497,speed,15,401472,flow,8,2.534698137852898e-14,1.7921269976308542e-12,-0.16985331145021287
71,10,400497,speed,15,401472,flow,9,1.9486417231774806e-12,1.1708111605183193e-10,-0.15704858719148646
71,10,400497,speed,15,401472,flow,10,3.4347024347246034e-16,2.820896296199674e-14,-0.18162761136264036
71,10,400497,speed,15,401472,flow,11,2.2179134062373532e-13,1.4343392088241565e-11,-0.16358483183260153
71,10,400497,speed,15,401472,flow,12,2.270045281602092e-11,1.241341217281144e-09,-0.14931539224843499
71,10,400497,speed,16,405838,flow,7,0.0010213668724337298,0.010686134388262805,-0.07364998078944207
71,10,400497,speed,17,400260,flow,2,0.0007940416917693733,0.008662273001120437,-0.0752216607777487
71,10,400497,speed,17,400260,flow,4,0.0011716112162224116,0.011931542796041533,-0.07278069738999826
71,10,400497,speed,17,400260,flow,7,5.06960955918691e-10,2.2884757884730878e-08,-0.1389145965969898
71,10,400497,speed,17,400260,flow,8,0.0017540765476746869,0.01649099169957486,-0.07017016338613646
71,10,400497,speed,17,400260,flow,9,0.00023378517520036336,0.0031142521025765333,-0.08247455895373744
71,10,400497,speed,17,400260,flow,12,2.0413615131009965e-06,4.8938300425062734e-05,0.10633559422460696
71,10,400497,speed,19,401795,flow,2,0.0034008928666585912,0.027772886926210046,-0.06569451249311895
71,10,400497,speed,19,401795,flow,3,0.0007190574798394291,0.007993639508250987,-0.07583300615672911
71,10,400497,speed,19,401795,flow,4,0.00015991174097153163,0.002267209455192047,-0.08461324668637786
71,10,400497,speed,19,401795,flow,6,0.0012687398357867153,0.012719786703640311,-0.07227202448162434
71,10,400497,speed,19,401795,flow,7,0.001225720086330214,0.012371754142398423,-0.07249272519113979
71,10,400497,speed,19,401795,flow,8,3.996075329747395e-06,8.935323718689828e-05,-0.1032692738887874
71,10,400497,speed,19,401795,flow,11,2.0422306602738002e-05,0.00037467960248711754,0.0954384685956583
71,11,405841,flow,0,400593,flow,2,4.046041087347507e-06,9.023695145762121e-05,0.10321173686310887
71,11,405841,flow,0,400593,flow,6,0.00025838436310045315,0.0033773689821299776,0.08190278064872634
71,11,405841,flow,0,400593,flow,7,0.0013725295941005632,0.013555847842968524,0.07176673160001903
71,11,405841,flow,1,400125,flow,7,0.006172762976958558,0.04416418691696086,0.06142991937561366
71,11,405841,flow,2,400331,flow,1,0.0002536180198066346,0.0033276081027850107,0.08200946344564014
71,11,405841,flow,2,400331,flow,2,0.0026668674682307114,0.023027918174608582,0.06736773150048513
71,11,405841,flow,2,400331,flow,3,4.77925395332022e-05,0.0007968497521552817,0.09110972671971307
71,11,405841,flow,2,400331,flow,7,2.4329009608840226e-06,5.752672222779955e-05,0.10554271877843956
71,11,405841,flow,2,400331,flow,8,0.0030316780642078234,0.02536674266391206,0.06648988024299743
71,11,405841,flow,2,400331,flow,11,0.0007504067213750402,0.008274009791577778,0.07557053803478697
71,11,405841,flow,5,400503,flow,1,0.0029146789260784092,0.024592603438786578,0.06676040207184032
71,11,405841,flow,5,400503,flow,2,0.0024447620885345678,0.021540661692644483,0.06795756952899401
71,11,405841,flow,7,408093,flow,3,0.00017975298235017599,0.002497693418310583,0.08395984743170795
71,11,405841,flow,7,408093,flow,5,0.0030236948700976683,0.02533403450168075,0.06650803351937654
71,11,405841,flow,7,408093,flow,6,0.003865586365685005,0.030761848127425915,0.06479832482927775
71,11,405841,flow,10,400497,flow,1,6.172351614067999e-06,0.00013141724481406485,0.10123785661649763
71,11,405841,flow,10,400497,flow,5,4.326018192127012e-05,0.0007285925376213914,0.09162676898443321
71,11,405841,flow,10,400497,flow,6,0.000701309695891456,0.007826550984890442,0.07598634602527338
71,11,405841,flow,10,400497,flow,11,0.003874872514402008,0.030796717695610643,0.06478143501709463
71,11,405841,flow,11,405841,flow,1,3.8755027809615695e-46,8.088005803745884e-44,0.31193218121305166
71,11,405841,flow,11,405841,flow,2,1.4210606530153054e-22,1.7440289832460566e-20,0.21679060771815067
71,11,405841,flow,11,405841,flow,3,2.4154408418457674e-13,1.55974655258202e-11,0.16329264432922735
71,11,405841,flow,11,405841,flow,4,2.972677328882527e-05,0.0005222434347609807,0.09355000182017517
71,11,405841,flow,11,405841,flow,5,9.909264796145731e-11,4.8645481726533585e-09,0.14447400070821
71,11,405841,flow,11,405841,flow,6,5.763557555369326e-07,1.552279840348846e-05,0.11189184159669843
71,11,405841,flow,11,405841,flow,12,8.351162833129095e-07,2.1746246798744837e-05,0.11029020279707671
71,11,405841,flow,12,404520,flow,6,0.004146680873123506,0.032417049170998094,0.06430265194103706
71,11,405841,flow,12,404520,flow,12,0.005398481018654872,0.03979088551542236,0.0624101392607623
71,11,405841,flow,13,400183,flow,1,1.8983513773408634e-05,0.0003515164144926074,0.0958019428815747
71,11,405841,flow,13,400183,flow,2,1.0983025610803849e-08,4.1438140295783956e-07,0.12779090380342603
71,11,405841,flow,13,400183,flow,4,0.00419604835745206,0.032684689693820594,0.06421876112105206
71,11,405841,flow,13,400183,flow,8,0.0027335397588253464,0.023416274904221605,0.06719942698839994
71,11,405841,flow,14,401469,flow,7,0.00012849053128593114,0.001871936026991577,0.08582324360496177
71,11,405841,flow,15,401472,flow,1,2.397862182064527e-06,5.6760354117911e-05,0.1056084837642845
71,11,405841,flow,15,401472,flow,2,9.129728536059205e-05,0.0013936546740556807,0.08768290558580749
71,11,405841,flow,15,401472,flow,3,0.006061045844811953,0.04353354267278674,0.061564263239066226
71,11,405841,flow,15,401472,flow,5,0.0025980023088725554,0.022582233348751386,0.06754565513265261
71,11,405841,flow,15,401472,flow,6,0.00024374312310368527,0.0032210776745424303,0.08223660165055334
71,11,405841,flow,15,401472,flow,7,0.0002588649700632319,0.003382627557995045,0.0818921260062202
71,11,405841,flow,15,401472,flow,8,0.00011122361570033367,0.0016505874951062915,0.0866130098594179
71,11,405841,flow,15,401472,flow,12,0.0020158586856974525,0.018473715575335163,0.06925057540991084
71,11,405841,flow,16,405838,flow,1,0.0021474632414309218,0.01947321831020483,0.06882898061251463
71,11,405841,flow,16,405838,flow,2,0.0013809242191836569,0.013611845593815754,0.07172741834471366
71,11,405841,flow,17,400260,flow,8,0.001589475482995181,0.015181370962943141,0.07081531096884773
71,11,405841,flow,17,400260,flow,12,0.004584940689912391,0.03508137403546144,0.06358751637859787
71,11,405841,flow,19,401795,flow,8,0.003047064156258729,0.025475744445592623,0.06645501581075813
71,11,405841,occupancy,0,400593,flow,2,0.00010629325023179948,0.0015850425992453357,0.08685979172037758
71,11,405841,occupancy,0,400593,flow,7,0.0014826549614717745,0.014390180708959931,0.07126773419432582
71,11,405841,occupancy,1,400125,flow,1,0.001042862289794956,0.010876786798440874,0.07351863851620803
71,11,405841,occupancy,1,400125,flow,2,0.002272471650053743,0.020381312200061903,0.06844989326857444
71,11,405841,occupancy,2,400331,flow,1,0.007075311186741419,0.04903006789657191,0.0604182611999028
71,11,405841,occupancy,2,400331,flow,3,0.00020166948959637085,0.0027578733620016527,0.08331262208716957
71,11,405841,occupancy,2,400331,flow,7,8.954012930818106e-06,0.0001822012993930015,0.09946867335863142
71,11,405841,occupancy,2,400331,flow,8,0.0012677486459464035,0.012718754403399207,0.07227703127382168
71,11,405841,occupancy,5,400503,flow,1,0.004355821153476068,0.03363207753890369,0.06395325778265598
71,11,405841,occupancy,5,400503,flow,2,0.0022846585908169012,0.02044691342931223,0.06841396483155655
71,11,405841,occupancy,6,405843,flow,7,0.002735244545255881,0.023417075773891016,0.06719517284511076
71,11,405841,occupancy,7,408093,flow,1,0.002716877133589094,0.023334208714192773,0.06724113510594243
71,11,405841,occupancy,7,408093,flow,3,0.0011688702034347463,0.01190924358216534,0.07279560989042681
71,11,405841,occupancy,9,402391,flow,5,0.002615278405846658,0.022686752436260164,0.06750061850153706
71,11,405841,occupancy,10,400497,flow,1,0.000558600973743014,0.006452337014015582,0.07736988446196957
71,11,405841,occupancy,10,400497,flow,5,0.00041182793585406744,0.0050118087840105045,0.0791898185712908
71,11,405841,occupancy,10,400497,flow,6,0.0005352604205264272,0.006237725968907919,0.07762699708529248
71,11,405841,occupancy,11,405841,flow,2,3.188827718160567e-05,0.0005568203614573019,-0.09316960992231896
71,11,405841,occupancy,11,405841,flow,3,7.161489768548975e-05,0.001135326084408498,-0.0889826737217673
71,11,405841,occupancy,11,405841,flow,4,0.0003145094864298422,0.003983233601222276,0.08076877201795313
71,11,405841,occupancy,11,405841,flow,5,1.8325569664067578e-05,0.0003409408309593968,0.09597697829323507
71,11,405841,occupancy,11,405841,flow,6,0.0003501520583110583,0.004365532155566441,0.08014336124650567
71,11,405841,occupancy,11,405841,flow,12,6.314893226499534e-05,0.0010160275135373553,0.08964930389027334
71,11,405841,occupancy,13,400183,flow,1,0.0004595520341359094,0.005490223416667944,0.07853952379957768
71,11,405841,occupancy,13,400183,flow,2,4.1379930805441944e-05,0.0007002009442989001,0.09185649673954518
71,11,405841,occupancy,13,400183,flow,8,0.001479437206606135,0.01437509836378431,0.07128182285352788
71,11,405841,occupancy,14,401469,flow,5,0.0046231234573569585,0.03527979744882894,0.0635281804056276
71,11,405841,occupancy,14,401469,flow,7,5.273309368454569e-05,0.0008701564733278738,0.09059657393683986
71,11,405841,occupancy,15,401472,flow,1,1.2266314176048098e-07,3.851052125038356e-06,0.11834973209869375
71,11,405841,occupancy,15,401472,flow,2,3.7002991500800544e-06,8.356966731879675e-05,0.10362466913652935
71,11,405841,occupancy,15,401472,flow,3,0.0002570576049231477,0.003361598637899845,0.08193229040959399
71,11,405841,occupancy,15,401472,flow,4,0.0005421462974484251,0.006309461220304948,0.07755007601167761
71,11,405841,occupancy,15,401472,flow,5,0.0001701863407015867,0.0023862544363221503,0.08426593963144058
71,11,405841,occupancy,15,401472,flow,6,1.3387031287142237e-05,0.00025817846053774316,0.09752226112025539
71,11,405841,occupancy,15,401472,flow,7,4.157957400280256e-06,9.24466081791596e-05,0.10308529240578462
71,11,405841,occupancy,15,401472,flow,8,7.004812680934013e-06,0.00014611680725077226,0.10063946858938753
71,11,405841,occupancy,15,401472,flow,9,0.004002550208352792,0.0315587094361819,0.06455286270845906
71,11,405841,occupancy,15,401472,flow,10,0.0041821343197109085,0.032601661032522,0.06424231448990651
71,11,405841,occupancy,15,401472,flow,12,0.0017726250846431756,0.016651063150048804,0.0701009892820847
71,11,405841,occupancy,16,405838,flow,1,0.001575961075354208,0.015068950521315138,0.07087097537592484
71,11,405841,occupancy,16,405838,flow,2,0.00041172349993139854,0.0050118087840105045,0.07919131723655365
71,11,405841,occupancy,17,400260,flow,10,0.006859314920032452,0.047855685488598504,0.06064933725292149
71,11,405841,occupancy,18,404528,flow,1,0.0014979887376848108,0.014509666696857361,0.0712009809151384
71,11,405841,occupancy,19,401795,flow,2,0.0054930504605066755,0.04025441558844586,0.0622838622094239
71,11,405841,occupancy,19,401795,flow,8,0.002546786910493357,0.022247003787072665,0.06768079381546395
71,11,405841,speed,5,400503,flow,7,0.0028938845798164884,0.024479805760004743,0.0668095157293257
71,11,405841,speed,17,400260,flow,6,0.001316224680437446,0.013104610784719443,-0.07203629298062193
71,11,405841,speed,19,401795,flow,2,0.005076593890483745,0.03797555949244983,-0.06285545248826811
71,12,404520,flow,0,400593,flow,10,0.003280119855356749,0.0270077819498636,0.06594564335508124
71,12,404520,flow,1,400125,flow,1,0.003673540957784829,0.029588307900269166,0.06515614691267504
71,12,404520,flow,1,400125,flow,2,6.909201288553688e-06,0.00014433147759454514,0.10070463225758954
71,12,404520,flow,1,400125,flow,3,7.872862090042025e-07,2.061258438120094e-05,0.1105464097834496
71,12,404520,flow,1,400125,flow,4,0.00019482360947065358,0.002675263804555701,0.08350738793248529
71,12,404520,flow,1,400125,flow,5,0.0005877184385624007,0.006711455602933045,0.07706280005305835
71,12,404520,flow,1,400125,flow,6,0.0015687003389256132,0.015032798278967724,0.07090106318199178
71,12,404520,flow,1,400125,flow,7,0.00702664060816907,0.04877886457864435,0.06046977158292946
71,12,404520,flow,1,400125,flow,10,0.0001492214049576835,0.002137388824327562,-0.08499763229889577
71,12,404520,flow,1,400125,flow,12,0.0026817517512149544,0.023136588715662515,0.06732982783443943
71,12,404520,flow,2,400331,flow,3,0.006366046588114794,0.04521012865470312,0.061202571911305424
71,12,404520,flow,2,400331,flow,9,0.004983664073751435,0.037442068785463384,0.06298876059401422
71,12,404520,flow,3,400039,flow,1,5.838328337204029e-16,4.6967557573038e-14,0.18017375374770217
71,12,404520,flow,3,400039,flow,2,0.0030237562856535475,0.02533403450168075,-0.06650789369764235
71,12,404520,flow,3,400039,flow,3,0.006838082446805857,0.0477383907081469,-0.060672403330564825
71,12,404520,flow,3,400039,flow,4,6.35151461415171e-06,0.0001348331357893631,-0.10110281555541714
71,12,404520,flow,3,400039,flow,7,0.0021071768660493794,0.019152122998807742,-0.06895546315879533
71,12,404520,flow,3,400039,flow,8,6.09932008896266e-06,0.0001303118832063239,-0.10129398111138037
71,12,404520,flow,3,400039,flow,9,9.926905327100556e-16,7.754833817915805e-14,-0.17879691575332532
71,12,404520,flow,3,400039,flow,10,0.000531545756130694,0.006201127913812039,-0.07766887644091687
71,12,404520,flow,3,400039,flow,12,9.367887457145781e-05,0.0014246881868007495,0.08754402588894415
71,12,404520,flow,4,400316,flow,1,0.0,0.0,0.7936852385108282
71,12,404520,flow,4,400316,flow,2,0.00064187535471275,0.007238061948209554,-0.07650827074040153
71,12,404520,flow,4,400316,flow,3,1.5105917989001765e-12,9.217170298373958e-11,-0.15782867469453787
71,12,404520,flow,4,400316,flow,4,2.6750903989709383e-06,6.27723548264772e-05,-0.10511154320576191
71,12,404520,flow,4,400316,flow,8,1.9964490872946398e-08,7.229388145107162e-07,-0.1254858958241269
71,12,404520,flow,4,400316,flow,11,0.0006206843282152839,0.007037680571889833,0.07671248657787076
71,12,404520,flow,4,400316,flow,12,6.941977407349053e-12,4.0254150872144843e-10,0.15305818928470752
71,12,404520,flow,5,400503,flow,1,3.7809868760806196e-07,1.069670157476639e-05,0.1136862965340616
71,12,404520,flow,5,400503,flow,2,0.00023573122652522657,0.0031359122878689993,0.08242731806002918
71,12,404520,flow,5,400503,flow,3,0.003132499794629188,0.02603886687088338,0.06626429126451269
71,12,404520,flow,5,400503,flow,12,0.00010471074905986691,0.0015642056486233514,0.08694129314974827
71,12,404520,flow,6,405843,flow,1,5.6164855011775234e-05,0.0009169772246820447,0.09026628145708619
71,12,404520,flow,6,405843,flow,2,2.1055155366563074e-07,6.338555483174389e-06,0.11613402539868208
71,12,404520,flow,6,405843,flow,4,0.007091096937468462,0.04909049499348993,0.06040162266017753
71,12,404520,flow,6,405843,flow,6,0.0008198797272922345,0.008883572665920374,0.07502336922944709
71,12,404520,flow,6,405843,flow,9,0.005089071788338247,0.03803811930683994,-0.06283772108208036
71,12,404520,flow,6,405843,flow,12,7.561088875586059e-05,0.0011882343644071286,0.08869354343715878
71,12,404520,flow,7,408093,flow,3,0.0001509590457530507,0.002157271179798806,0.08493342459886681
71,12,404520,flow,7,408093,flow,4,0.0002953189819006885,0.003784568382708319,0.08113353491141756
71,12,404520,flow,7,408093,flow,9,0.006974973609399846,0.04850558168360837,0.06052480474508715
71,12,404520,flow,7,408093,flow,11,0.003691051085741528,0.029704434967219452,0.06512282644657942
71,12,404520,flow,8,401448,flow,2,0.0033358411081591192,0.027360610570053914,0.06582875107437264
71,12,404520,flow,9,402391,flow,1,5.276720036992992e-09,2.0704296602915283e-07,0.13052684954499028
71,12,404520,flow,9,402391,flow,2,4.4504024052804656e-08,1.527064208960414e-06,0.1224027613084673
71,12,404520,flow,9,402391,flow,12,0.002340152574697332,0.020831360236333144,0.06825254874305521
71,12,404520,flow,10,400497,flow,1,1.6611636191270037e-26,2.4081298102780725e-24,0.23584840570100782
71,12,404520,flow,10,400497,flow,5,1.7491522354199688e-13,1.1431675729219767e-11,0.16428293195999727
71,12,404520,flow,10,400497,flow,6,1.9569023996663034e-09,8.167940450781093e-08,0.13414172507463434
71,12,404520,flow,10,400497,flow,8,4.9962264995953754e-14,3.436894662142042e-12,-0.167917942168986
71,12,404520,flow,10,400497,flow,9,2.4416441131550166e-21,2.820294804499912e-19,-0.21056243844860756
71,12,404520,flow,10,400497,flow,11,8.802881509384367e-17,7.560327658159139e-15,0.18519294207240838
71,12,404520,flow,10,400497,flow,12,5.251958143541781e-53,1.2068329351117283e-50,0.33414860214241543
71,12,404520,flow,11,405841,flow,11,0.00010083122618504274,0.0015161534880591182,0.08714611711678931
71,12,404520,flow,11,405841,flow,12,0.0002110529165754493,0.002862632965795733,0.08305551195241853
71,12,404520,flow,12,404520,flow,1,0.0,0.0,0.831612218593823
71,12,404520,flow,12,404520,flow,2,3.611984455896563e-06,8.19525884951321e-05,-0.10368409432744398
71,12,404520,flow,12,404520,flow,3,5.643433293068316e-19,5.66968182001282e-17,-0.19778322957331573
71,12,404520,flow,12,404520,flow,4,1.953788616134065e-09,8.162830581914082e-08,-0.13411395397760947
71,12,404520,flow,12,404520,flow,8,0.0011023081398693732,0.0113623745269284,-0.07316803009906132
71,12,404520,flow,12,404520,flow,10,4.233599643906126e-06,9.403162191092271e-05,0.10300166355647661
71,12,404520,flow,12,404520,flow,11,1.0697775268959315e-17,9.832848757851966e-16,0.19057523451624167
71,12,404520,flow,12,404520,flow,12,3.199290602634834e-29,4.9360483583508865e-27,0.24801438640362555
71,12,404520,flow,14,401469,flow,1,1.124318717567513e-05,0.0002221892433619239,0.09837131198474504
71,12,404520,flow,14,401469,flow,2,0.0025790235849750282,0.022453614029858487,0.06759544678593814
71,12,404520,flow,14,401469,flow,6,0.003109323792539147,0.025876090895336382,0.06631555579279773
71,12,404520,flow,14,401469,flow,7,0.004828478303965319,0.03658836392410135,0.06321646658254806
71,12,404520,flow,14,401469,flow,12,0.0004668096190285082,0.005561548687818961,0.07844619890964377
71,12,404520,flow,15,401472,flow,1,2.0567234364605676e-05,0.0003766445631839615,0.0954032180345107
71,12,404520,flow,15,401472,flow,2,5.675450131007097e-06,0.00012226834532394587,0.10163299102192667
71,12,404520,flow,15,401472,flow,3,9.243135058032638e-05,0.0014094720596788209,0.0876163527496271
71,12,404520,flow,15,401472,flow,4,0.001043858393314575,0.010882737917209841,0.07351261295945534
71,12,404520,flow,15,401472,flow,5,0.0038608712025136327,0.03074066534238145,0.0648069149552518
71,12,404520,flow,15,401472,flow,6,7.474084991645337e-05,0.001177536366298609,0.08875524428106188
71,12,404520,flow,15,401472,flow,7,0.000914944997794888,0.009755041945516718,0.07434048874690895
71,12,404520,flow,15,401472,flow,12,2.4211340578391714e-05,0.0004350789987464734,0.09458668572765962
71,12,404520,flow,16,405838,flow,1,0.0007487732368878644,0.008262325372555744,0.07558396062163612
71,12,404520,flow,16,405838,flow,2,0.0021127902069964905,0.01919102963461909,0.06893770740820009
71,12,404520,flow,16,405838,flow,10,0.0005528276377213379,0.006404439246329256,-0.07743253756657685
71,12,404520,flow,17,400260,flow,1,0.0008329824858204061,0.008998859082836774,0.07492501735673401
71,12,404520,flow,17,400260,flow,2,2.908262762982366e-05,0.0005128038831054621,0.09366117032296102
71,12,404520,flow,17,400260,flow,3,0.005346829501770563,0.039515357630079836,0.06247995379750721
71,12,404520,flow,17,400260,flow,4,0.00022908524484444137,0.003059190904877857,0.08259018941411418
71,12,404520,flow,17,400260,flow,5,0.0006331659248059296,0.007152745024787987,0.07661068074373663
71,12,404520,flow,17,400260,flow,6,2.4604287963535168e-08,8.777087035711968e-07,0.12471269603658863
71,12,404520,flow,17,400260,flow,7,1.4994694042094308e-06,3.718546398498703e-05,0.10771618503246867
71,12,404520,flow,17,400260,flow,10,2.2579649354588386e-07,6.750455724001511e-06,-0.11584436750287283
71,12,404520,flow,18,404528,flow,1,1.4209733326527333e-11,7.96187392614761e-10,0.15082173686508507
71,12,404520,flow,18,404528,flow,2,5.763077286043853e-16,4.6448682603935524e-14,0.18025301676427918
71,12,404520,flow,18,404528,flow,3,5.7487094923836946e-08,1.9221691181964058e-06,0.121391837803729
71,12,404520,flow,18,404528,flow,4,9.40415645863614e-05,0.0014289819170351082,0.0875231689680929
71,12,404520,flow,18,404528,flow,11,0.006854913928916273,0.0478404332357323,0.06065411303530833
71,12,404520,flow,18,404528,flow,12,1.8359845961614476e-06,4.458377434186314e-05,0.10681202685315734
71,12,404520,flow,19,401795,flow,2,0.0026181068339842816,0.02268960548100351,0.06749327104579238
71,12,404520,flow,19,401795,flow,5,0.001172591056670676,0.01193870696398143,0.07277537437624576
71,12,404520,flow,19,401795,flow,6,2.713649625949363e-05,0.0004818317461611693,0.09401183921589464
71,12,404520,flow,19,401795,flow,10,0.001275211740074168,0.012772814090239755,-0.07223942140529262
71,12,404520,occupancy,1,400125,flow,1,1.7989885811761577e-11,9.963629064975643e-10,0.15006514763933404
71,12,404520,occupancy,1,400125,flow,2,5.1126701282962234e-08,1.7228342398002874e-06,0.12185590878613933
71,12,404520,occupancy,1,400125,flow,3,0.0023365911444163333,0.020812523183254765,0.06826280217155045
71,12,404520,occupancy,1,400125,flow,10,4.246556668482322e-09,1.6939173414444718e-07,0.13132674100049557
71,12,404520,occupancy,1,400125,flow,11,9.714895014408042e-16,7.602961315623685e-14,0.1788549588492021
71,12,404520,occupancy,1,400125,flow,12,5.183113902928185e-19,5.2315542197779813e-17,0.19803779137139924
71,12,404520,occupancy,2,400331,flow,1,0.00033172024745398436,0.004168212533453207,0.0804589355367413
71,12,404520,occupancy,2,400331,flow,2,0.0020907054736388235,0.019050511803669515,0.0690078157316645
71,12,404520,occupancy,2,400331,flow,3,0.0006013237632446441,0.006841502916030715,0.07692413657868048
71,12,404520,occupancy,2,400331,flow,4,0.00387293861633172,0.030789648182835902,0.06478494939383442
71,12,404520,occupancy,2,400331,flow,5,0.005826587455185818,0.0422258980144317,0.06185361391489318
71,12,404520,occupancy,2,400331,flow,7,0.0001403237347438508,0.0020209126146281437,0.0853378554263733
71,12,404520,occupancy,2,400331,flow,8,0.0005634002754859775,0.006495764218661454,0.07731825876799249
71,12,404520,occupancy,2,400331,flow,9,1.154541611553187e-05,0.0002270195613067714,0.09824270576820178
71,12,404520,occupancy,2,400331,flow,10,9.829667058882368e-05,0.0014861611121010866,0.08728398558625197
71,12,404520,occupancy,2,400331,flow,11,0.0007367393910169284,0.008164992737796641,0.07568369045396274
71,12,404520,occupancy,2,400331,flow,12,0.0017813309144934886,0.01671085678743077,0.07006875113515476
71,12,404520,occupancy,3,400039,flow,1,1.7796235168489617e-12,1.0722417842102532e-10,0.1573269994419393
71,12,404520,occupancy,3,400039,flow,2,2.1818985322420193e-06,5.21338587349863e-05,0.10603541173061412
71,12,404520,occupancy,3,400039,flow,3,0.002275734658820876,0.02040085853103587,0.068440256303552
71,12,404520,occupancy,3,400039,flow,10,9.548969361002295e-05,0.0014484391727363033,0.08744064219368902
71,12,404520,occupancy,3,400039,flow,11,1.687709132193254e-07,5.175588390064597e-06,0.11704600522218155
71,12,404520,occupancy,3,400039,flow,12,1.4586080565774872e-05,0.0002784439595410846,0.09710239891951525
71,12,404520,occupancy,4,400316,flow,8,6.1084478674865085e-06,0.0001303779386736251,0.10128693141136859
71,12,404520,occupancy,4,400316,flow,9,7.395217893335602e-18,6.9150089392229e-16,0.1915017704069249
71,12,404520,occupancy,4,400316,flow,10,2.228953470177556e-25,3.1162067932579424e-23,0.23058717070217594
71,12,404520,occupancy,4,400316,flow,11,1.4608288007698317e-20,1.6140103374234457e-18,0.20647062368019328
71,12,404520,occupancy,4,400316,flow,12,3.075881236508135e-06,7.11719707644089e-05,0.10447416759555957
71,12,404520,occupancy,5,400503,flow,1,9.106360419729999e-08,2.942369260526073e-06,0.11955436907386688
71,12,404520,occupancy,5,400503,flow,2,0.0012010805425274934,0.012168225156609567,0.07262237276654639
71,12,404520,occupancy,5,400503,flow,5,7.689694096286852e-06,0.00015886885937809277,0.10019611730170563
71,12,404520,occupancy,5,400503,flow,6,2.0865275404730464e-07,6.290159787050635e-06,0.11617151256202711
71,12,404520,occupancy,5,400503,flow,7,3.0603900357342256e-09,1.2449044213156173e-07,0.1325241184568628
71,12,404520,occupancy,5,400503,flow,8,1.4248677139030208e-07,4.4379441413562005e-06,0.11773941103807332
71,12,404520,occupancy,5,400503,flow,9,5.6024405191925474e-09,2.1882950310046838e-07,0.13030540934013454
71,12,404520,occupancy,5,400503,flow,10,2.3964966795006863e-09,9.869271358858881e-08,0.13341108250794093
71,12,404520,occupancy,5,400503,flow,11,1.1824585736439332e-09,5.09802498816546e-08,0.13594126598415945
71,12,404520,occupancy,5,400503,flow,12,1.403427026717428e-07,4.377476357703457e-06,0.11780132002533539
71,12,404520,occupancy,6,405843,flow,1,6.93403557700518e-20,7.30610577869814e-18,0.2028364934080685
71,12,404520,occupancy,6,405843,flow,2,7.64235985016713e-09,2.9372770954379004e-07,0.1291515067960422
71,12,404520,occupancy,6,405843,flow,3,1.217720986343758e-07,3.837020175787771e-06,0.1183793569492301
71,12,404520,occupancy,6,405843,flow,4,7.10107241694612e-10,3.1398805364592874e-08,0.13773915140136858
71,12,404520,occupancy,6,405843,flow,5,1.9158574998736515e-09,8.012104936548087e-08,0.13421792650876185
71,12,404520,occupancy,6,405843,flow,6,2.832352136917899e-07,8.278593526038785e-06,0.11490039558701667
71,12,404520,occupancy,6,405843,flow,7,3.6424203921582286e-05,0.0006249526263676671,0.09251304052834006
71,12,404520,occupancy,6,405843,flow,8,3.08052012359299e-06,7.12030333543163e-05,0.10446726732193821
71,12,404520,occupancy,6,405843,flow,9,4.672254135351588e-13,2.9552178425649864e-11,0.16137418872409592
71,12,404520,occupancy,6,405843,flow,10,8.952823938472338e-25,1.2048660253645016e-22,0.22771506088795232
71,12,404520,occupancy,6,405843,flow,11,2.8897243113356785e-27,4.289900008580801e-25,0.23932056145069433
71,12,404520,occupancy,6,405843,flow,12,7.8294691942793e-18,7.289505801570383e-16,0.19135887962043036
71,12,404520,occupancy,7,408093,flow,1,5.7254776086620745e-11,2.9098897964023716e-09,0.14629486558535662
71,12,404520,occupancy,7,408093,flow,2,3.694309867952063e-11,1.961272632511151e-09,0.14773308388846482
71,12,404520,occupancy,7,408093,flow,3,2.0715898097648002e-08,7.457723315153281e-07,0.12537538697591846
71,12,404520,occupancy,7,408093,flow,4,3.6355393694047722e-06,8.240047259091615e-05,0.10370610629822805
71,12,404520,occupancy,7,408093,flow,5,2.050462962845993e-05,0.0003758167161431774,0.09541841620243448
71,12,404520,occupancy,7,408093,flow,6,7.054691123419831e-05,0.0011212754103448737,0.08906253041132653
71,12,404520,occupancy,7,408093,flow,7,6.898156703698e-05,0.001100444496306328,0.08918166576660687
71,12,404520,occupancy,7,408093,flow,8,5.298745297084031e-06,0.00011479729028787871,0.1019552567206946
71,12,404520,occupancy,7,408093,flow,9,6.696957660948097e-07,1.7825543496793455e-05,0.11124624105470145
71,12,404520,occupancy,7,408093,flow,10,1.4571663361607012e-07,4.525491425028202e-06,0.11764782951704784
71,12,404520,occupancy,7,408093,flow,11,3.5994457274502965e-08,1.2550125538809752e-06,0.12323472937081398
71,12,404520,occupancy,7,408093,flow,12,9.332268571388916e-07,2.4011554632757664e-05,0.10980613003879765
71,12,404520,occupancy,9,402391,flow,8,0.002733532538291043,0.023416274904221605,0.06719944501175304
71,12,404520,occupancy,9,402391,flow,9,5.690612258118007e-05,0.000927677168115841,0.09019745269217172
71,12,404520,occupancy,9,402391,flow,10,2.463510268518872e-10,1.1542694533624215e-08,0.1413992646015118
71,12,404520,occupancy,9,402391,flow,11,1.3549693787018225e-11,7.616367366366925e-10,0.15097383292840047
71,12,404520,occupancy,9,402391,flow,12,1.272008875842725e-08,4.733056282205488e-07,0.12723595458244322
71,12,404520,occupancy,10,400497,flow,1,0.0036738815642834216,0.029588307900269166,0.06515549738908619
71,12,404520,occupancy,10,400497,flow,2,0.0006092299230080967,0.006920518715211617,0.07684489279930251
71,12,404520,occupancy,10,400497,flow,3,5.245479773910029e-22,6.294575728692035e-20,0.21401319278524375
71,12,404520,occupancy,10,400497,flow,4,2.90141688021893e-34,4.993673674321027e-32,0.2689918854462173
71,12,404520,occupancy,10,400497,flow,5,4.82190749800115e-15,3.610162979439336e-13,0.17449323283784782
71,12,404520,occupancy,10,400497,flow,8,5.860582843997786e-16,4.697164728398968e-14,0.180208273347828
71,12,404520,occupancy,10,400497,flow,9,3.3139256108786865e-71,9.118572381526068e-69,0.3850725839721274
71,12,404520,occupancy,10,400497,flow,10,3.8160942230507125e-118,1.7537794727211784e-115,0.4858219019932086
71,12,404520,occupancy,10,400497,flow,11,2.4480478156384203e-81,7.44758208701266e-79,0.4099083517967984
71,12,404520,occupancy,10,400497,flow,12,7.1643078431029285e-09,2.7658453871496564e-07,0.12939238816810292
71,12,404520,occupancy,11,405841,flow,9,0.004716506186194541,0.03590362418389501,0.06338491122082059
71,12,404520,occupancy,11,405841,flow,10,0.00498656827321295,0.037442068785463384,0.06298456064158117
71,12,404520,occupancy,12,404520,flow,2,9.25267032133144e-06,0.00018722030814122633,-0.09931122234240944
71,12,404520,occupancy,12,404520,flow,5,2.3331655256916777e-07,6.951224186888309e-06,0.1157083719639371
71,12,404520,occupancy,12,404520,flow,6,8.170801020541451e-09,3.120942564875249e-07,0.1289017119792508
71,12,404520,occupancy,12,404520,flow,7,4.829537332495586e-11,2.498634883398914e-09,0.1468551616179773
71,12,404520,occupancy,12,404520,flow,8,3.3868536445681355e-17,2.979879377705569e-15,0.18765221492162257
71,12,404520,occupancy,12,404520,flow,9,2.409052015357696e-30,3.8544832245723133e-28,0.25285718141160096
71,12,404520,occupancy,12,404520,flow,10,5.430185151220724e-33,9.163437442684972e-31,0.2638769205223809
71,12,404520,occupancy,12,404520,flow,11,4.717304114233043e-17,4.116919954239747e-15,0.1868029643216742
71,12,404520,occupancy,13,400183,flow,1,0.003295392857375727,0.027106049398063867,0.06591342486537768
71,12,404520,occupancy,14,401469,flow,1,3.3047573882466545e-10,1.5139503623781068e-08,0.14039309776896947
71,12,404520,occupancy,14,401469,flow,2,4.4281813388095756e-07,1.227052173422538e-05,0.1130169379310813
71,12,404520,occupancy,14,401469,flow,3,6.0542550009547095e-06,0.0001294130707774584,0.1013289349773373
71,12,404520,occupancy,14,401469,flow,4,2.928744649571966e-07,8.502807047144417e-06,0.11476037494554356
71,12,404520,occupancy,14,401469,flow,5,6.57399188606868e-10,2.9338476185761053e-08,0.13800905018110057
71,12,404520,occupancy,14,401469,flow,6,2.5075253180069622e-12,1.4920811809628205e-10,0.15627216965685234
71,12,404520,occupancy,14,401469,flow,7,1.3947170332633014e-07,4.356599843599033e-06,0.11782673121612612
71,12,404520,occupancy,14,401469,flow,8,2.6516203584379085e-06,6.225543450245525e-05,0.10515165251345213
71,12,404520,occupancy,14,401469,flow,9,3.393898537592516e-07,9.677651275511334e-06,0.11414167731754311
71,12,404520,occupancy,14,401469,flow,10,1.642752081845806e-09,6.984930111785317e-08,0.13476950974814433
71,12,404520,occupancy,14,401469,flow,11,1.1449408470904073e-11,6.499532798200473e-10,0.15151118360870416
71,12,404520,occupancy,14,401469,flow,12,7.745361883158139e-11,3.877168405010795e-09,0.14529465704416283
71,12,404520,occupancy,15,401472,flow,1,3.449530730136431e-43,6.773623979176992e-41,0.3021107335431995
71,12,404520,occupancy,15,401472,flow,2,1.3960090961645762e-40,2.6107183097103764e-38,0.29288779721484726
71,12,404520,occupancy,15,401472,flow,3,2.683384031557981e-40,4.975201294562436e-38,0.29186304249103306
71,12,404520,occupancy,15,401472,flow,4,1.0594827943242641e-45,2.1691780433558395e-43,0.3106930854873153
71,12,404520,occupancy,15,401472,flow,5,2.569024632446506e-48,5.494151689192528e-46,0.3193330185007108
71,12,404520,occupancy,15,401472,flow,6,3.5258597510251285e-44,7.08451819740863e-42,0.30552835454090277
71,12,404520,occupancy,15,401472,flow,7,1.1442010309381933e-34,1.985119860904817e-32,0.27059357115529964
71,12,404520,occupancy,15,401472,flow,8,1.1767917406307163e-30,1.8969180296733935e-28,0.2541804587757819
71,12,404520,occupancy,15,401472,flow,9,6.144482197939154e-40,1.1295388551105167e-37,0.29055772351754666
71,12,404520,occupancy,15,401472,flow,10,9.808876083440557e-61,2.449384085575908e-58,0.35692037316894387
71,12,404520,occupancy,15,401472,flow,11,1.9531133591636355e-80,5.859340077490907e-78,0.4077813955518264
71,12,404520,occupancy,15,401472,flow,12,1.135558579067022e-78,3.314603419979416e-76,0.4035749893301812
71,12,404520,occupancy,16,405838,flow,1,3.422773202019358e-12,2.0144932197171156e-10,0.1553087013418787
71,12,404520,occupancy,16,405838,flow,2,1.1684208721241155e-06,2.9500749079930912e-05,0.10882034850178933
71,12,404520,occupancy,16,405838,flow,3,0.0002538841737680415,0.0033276081027850107,0.08200345691994156
71,12,404520,occupancy,16,405838,flow,4,0.00016304064874791366,0.002302502787155891,0.08450531190563307
71,12,404520,occupancy,16,405838,flow,5,1.4130098225909003e-05,0.0002706963385185228,0.09725805024302665
71,12,404520,occupancy,16,405838,flow,6,0.00015752047267617746,0.0022384488222404165,0.08469708308576929
71,12,404520,occupancy,17,400260,flow,1,8.48442071662245e-25,1.1489873823137613e-22,0.22782679647727572
71,12,404520,occupancy,17,400260,flow,2,4.3584032295890434e-16,3.545819576614815e-14,0.1809963623194969
71,12,404520,occupancy,17,400260,flow,3,1.0761020927416144e-12,6.660116104074175e-11,0.15886167997718428
71,12,404520,occupancy,17,400260,flow,4,1.3757450887802646e-13,9.032247391384108e-12,0.16498590329703314
71,12,404520,occupancy,17,400260,flow,5,4.1118723251367634e-11,2.1557388889066526e-09,0.1473828651469874
71,12,404520,occupancy,17,400260,flow,6,2.3711553420783833e-05,0.000426807961574109,0.0946914619654108
71,12,404520,occupancy,17,400260,flow,10,0.0008082827500340595,0.008785673862849761,0.07511164168347532
71,12,404520,occupancy,17,400260,flow,11,5.954366901180935e-11,3.012045083501363e-09,0.14616549977941648
71,12,404520,occupancy,17,400260,flow,12,2.2857663245716958e-15,1.7446131664575488e-13,0.1765393737311987
71,12,404520,occupancy,18,404528,flow,1,7.882529946273249e-14,5.320707713734443e-12,0.16660459193706864
71,12,404520,occupancy,18,404528,flow,2,7.304010078570524e-06,0.00015184467535815527,0.10044090787682723
71,12,404520,occupancy,18,404528,flow,3,0.0034405303972048886,0.02804356852061343,0.06561385873526894
71,12,404520,occupancy,18,404528,flow,5,0.003962212174119853,0.03134937104798125,0.0646243531848827
71,12,404520,occupancy,18,404528,flow,6,0.0006064438023445055,0.006892494675422952,0.07687270850424428
71,12,404520,occupancy,18,404528,flow,7,0.0019400023706399835,0.01787715495128995,0.06950519353480927
71,12,404520,occupancy,18,404528,flow,8,0.0008945916790200431,0.009566605770897688,0.0744809710008656
71,12,404520,occupancy,18,404528,flow,9,1.2347849837598499e-05,0.00024104252733133988,0.09791622615007366
71,12,404520,occupancy,18,404528,flow,10,3.9175836104028874e-07,1.1011035261509741e-05,0.11353627862910783
71,12,404520,occupancy,18,404528,flow,11,1.0396524935928699e-08,3.925960465315732e-07,0.1279977152032633
71,12,404520,occupancy,18,404528,flow,12,3.506231105892429e-06,8.005770812608505e-05,0.10387295876297375
71,12,404520,occupancy,19,401795,flow,1,2.7489511714512774e-07,8.078550381407836e-06,0.11502530627208843
71,12,404520,occupancy,19,401795,flow,2,0.00100370223217411,0.010552430379635326,0.07375984395179802
71,12,404520,occupancy,19,401795,flow,8,0.006679528882853595,0.046911989552800404,-0.0608467118466888
71,12,404520,occupancy,19,401795,flow,12,6.266465840598875e-05,0.0010093636253313625,0.08968994821812228
71,12,404520,speed,1,400125,flow,1,6.180146482929365e-05,0.0009984380256639813,-0.08976313712331407
71,12,404520,speed,1,400125,flow,2,0.0021466296921529987,0.019469746525511138,-0.0688315755052441
71,12,404520,speed,2,400331,flow,5,0.00024621591092709215,0.0032458124357797927,-0.08217892506544835
71,12,404520,speed,3,400039,flow,1,0.005949620646248684,0.04290878329181021,-0.06170049486312189
71,12,404520,speed,4,400316,flow,3,0.005167972584261073,0.03848211473128393,0.06272650175730675
71,12,404520,speed,4,400316,flow,10,0.003742275802140742,0.029993164905152064,-0.0650261676373221
71,12,404520,speed,4,400316,flow,11,1.2054131481998374e-07,3.809352450785148e-06,-0.11842062383352855
71,12,404520,speed,6,405843,flow,1,3.7845579278385033e-05,0.0006467282534913898,-0.09231646890759358
71,12,404520,speed,8,401448,flow,1,0.0002631354102314716,0.0034310730948474634,-0.08179825968318462
71,12,404520,speed,9,402391,flow,12,0.007091985630888209,0.04909049499348993,-0.060400686945524
71,12,404520,speed,10,400497,flow,3,0.0003309590419336829,0.004163491733120297,0.080472317893905
71,12,404520,speed,10,400497,flow,10,0.0006864045711475306,0.007680051145706635,-0.0761179352973454
71,12,404520,speed,10,400497,flow,11,8.281988651846295e-05,0.0012842136028706386,-0.08820666212034386
71,12,404520,speed,10,400497,flow,12,0.00146244763520523,0.014261340370398631,-0.07135668127407742
71,12,404520,speed,11,405841,flow,10,0.0032512288968374586,0.026819379099365704,-0.06600696428094648
71,12,404520,speed,11,405841,flow,11,0.004229218703673782,0.03286602770259173,-0.0641628954095464
71,12,404520,speed,12,404520,flow,1,0.0061676395775948694,0.04413484011132986,0.061436032390433326
71,12,404520,speed,12,404520,flow,3,3.555978183092117e-06,8.097957696867657e-05,0.1038080807647875
71,12,404520,speed,12,404520,flow,11,8.927169774612895e-05,0.0013670816528297662,-0.08780374311426033
71,12,404520,speed,14,401469,flow,6,0.0027517775746286216,0.0235213279034342,-0.06715404122933626
71,12,404520,speed,14,401469,flow,7,0.0003567103636886834,0.004434500060820467,-0.08003481132876933
71,12,404520,speed,14,401469,flow,8,0.0014101600464000935,0.013851503866412925,-0.07159220061498296
71,12,404520,speed,14,401469,flow,10,1.4054809808642117e-05,0.00026961269259917383,-0.09728420969206596
71,12,404520,speed,15,401472,flow,11,0.002820738593266028,0.023971824009218566,-0.06698487385705193
71,12,404520,speed,15,401472,flow,12,0.005055407435889049,0.03783017516549574,-0.06288564933948991
71,12,404520,speed,16,405838,flow,1,0.0007878760647385731,0.008608054121574699,-0.07526986188539628
71,12,404520,speed,16,405838,flow,2,0.000981379131500828,0.010347956670938678,-0.0739012671389019
71,12,404520,speed,16,405838,flow,6,0.00407987271185675,0.032010624982239666,-0.06441763362255996
71,12,404520,speed,17,400260,flow,1,0.007068053915005237,0.04900335887148551,-0.06042592170744641
71,12,404520,speed,17,400260,flow,3,0.000772173338176013,0.008457882405984727,-0.07539421976369186
71,12,404520,speed,17,400260,flow,4,0.004044465631173693,0.03178477629010434,-0.0644792658134901
71,12,404520,speed,17,400260,flow,5,0.003632379386779137,0.029314177005204323,-0.06523504621977447
71,12,404520,speed,17,400260,flow,6,0.0064780615300017875,0.0458530050812158,-0.061073641454708116
71,12,404520,speed,19,401795,flow,3,0.0011099769560048267,0.011430513587463293,-0.07312407932606842
71,12,404520,speed,19,401795,flow,10,0.003427879130027677,0.027966832562265464,0.0656395090695682
71,12,404520,speed,19,401795,flow,12,0.0021715054199450364,0.01963353581867425,0.06875453010006947
71,13,400183,flow,0,400593,flow,1,0.006655494930792651,0.04678122047026399,0.060873457672743846
71,13,400183,flow,0,400593,flow,5,1.9698656671713937e-05,0.0003627275923906308,0.09561812199776903
71,13,400183,flow,0,400593,flow,6,1.9378789163952144e-08,7.023185334586683e-07,0.12563151110430115
71,13,400183,flow,0,400593,flow,10,0.006763828222971684,0.04738079767024108,0.06075357896284028
71,13,400183,flow,2,400331,flow,1,0.004232967523554024,0.032878396487504964,0.06415660662252311
71,13,400183,flow,2,400331,flow,4,0.00016815880783860014,0.0023638743747138556,0.08433288472102465
71,13,400183,flow,2,400331,flow,5,0.0004949265446373266,0.005827426200145137,0.07809697346599255
71,13,400183,flow,2,400331,flow,6,0.000614175141945572,0.00696753312291195,0.07679581140441522
71,13,400183,flow,3,400039,flow,12,0.004837833554560483,0.03665282524675779,0.06320255343717143
71,13,400183,flow,5,400503,flow,1,0.0038253402836669376,0.03052646439133081,0.06487195351381783
71,13,400183,flow,5,400503,flow,11,0.0019024342909245752,0.017602304854988572,0.06963469434310258
71,13,400183,flow,5,400503,flow,12,0.0003498841023454331,0.0043634506989961635,0.08014783661438726
71,13,400183,flow,6,405843,flow,6,0.0027219027304547995,0.023361700060748683,0.06722853102514713
71,13,400183,flow,6,405843,flow,11,0.0008764039071595885,0.009401677831481972,0.07460903378155936
71,13,400183,flow,7,408093,flow,1,0.002896261123036207,0.02448502554112801,0.0668038863685127
71,13,400183,flow,7,408093,flow,2,0.00025710004397271036,0.003361598637899845,0.08193134427288831
71,13,400183,flow,8,401448,flow,1,0.0005920672536779683,0.006753975537071094,0.07701815576699536
71,13,400183,flow,10,400497,flow,2,0.0023794386921915265,0.02108479365335183,0.06814038087241871
71,13,400183,flow,10,400497,flow,11,0.0007962054902647096,0.008679302846186085,0.07520482707416462
71,13,400183,flow,11,405841,flow,2,8.5636393354838e-05,0.001319833104862291,0.08802724989739344
71,13,400183,flow,11,405841,flow,5,0.0003182676811270517,0.0040249308620282885,0.08069978483445159
71,13,400183,flow,11,405841,flow,7,1.1460828609565545e-05,0.0002257673488067631,0.09827837326388213
71,13,400183,flow,11,405841,flow,8,0.0041575304668096036,0.03247835735373868,0.06428413775033076
71,13,400183,flow,13,400183,flow,1,1.0219363261098915e-12,6.343053058613119e-11,0.15893929764557482
71,13,400183,flow,13,400183,flow,2,2.738261339834734e-23,3.479202643554721e-21,0.22036749032610747
71,13,400183,flow,13,400183,flow,3,6.380274032324946e-29,9.808819864641908e-27,0.24664363333864397
71,13,400183,flow,13,400183,flow,4,3.8982982175950184e-16,3.189516723486833e-14,0.18124741114707218
71,13,400183,flow,13,400183,flow,5,3.597480634707815e-11,1.9186563385108345e-09,0.14781981907959454
71,13,400183,flow,13,400183,flow,6,0.0030904340052271976,0.025748649763898734,0.06635759751519585
71,13,400183,flow,13,400183,flow,7,3.995480936463828e-08,1.381943766655223e-06,0.12282618620799451
71,13,400183,flow,13,400183,flow,8,3.0046956991742964e-10,1.3912417385244332e-08,0.14071989147835906
71,13,400183,flow,13,400183,flow,9,2.457181191428892e-10,1.1538068203231319e-08,0.14140804358737225
71,13,400183,flow,14,401469,flow,3,0.006760965458248533,0.047368424877771105,0.06075672456585409
71,13,400183,flow,14,401469,flow,5,0.001292857546823823,0.012916615638942914,0.07215129758981144
71,13,400183,flow,14,401469,flow,7,0.0008673299119566039,0.009318242277176148,0.07467384842799085
71,13,400183,flow,14,401469,flow,8,0.001373640838598011,0.013560622538261902,0.07176151477502943
71,13,400183,flow,14,401469,flow,11,0.0019328223957027204,0.01782620142919674,0.06952976468948173
71,13,400183,flow,15,401472,flow,1,0.0042608506722718285,0.03305238804850835,0.06410998934319537
71,13,400183,flow,16,405838,flow,10,0.0025104718106964286,0.022007382756105056,0.06777812921753719
71,13,400183,flow,17,400260,flow,2,0.0032809489407556306,0.027007811402561595,0.06594389089282213
71,13,400183,flow,17,400260,flow,11,0.0010658160075986498,0.011081408310050944,0.07338112101167568
71,13,400183,flow,18,404528,flow,9,0.0021512998163132485,0.01949573150088784,0.06881704899247311
71,13,400183,flow,19,401795,flow,1,0.003637300462571971,0.029342928101420945,0.06522557077138552
71,13,400183,flow,19,401795,flow,6,0.00034565166160000535,0.004319395944784562,0.08021895452875234
71,13,400183,flow,19,401795,flow,11,0.0009173948838472015,0.009771807552277967,0.07432377477896342
71,13,400183,occupancy,0,400593,flow,1,0.004358849549758297,0.03364343408067865,0.06394831108041656
71,13,400183,occupancy,0,400593,flow,6,6.761812094814721e-05,0.0010832303060633241,0.08928753641708753
71,13,400183,occupancy,2,400331,flow,5,0.00284960691226795,0.024180518289132872,0.06691517570324891
71,13,400183,occupancy,6,405843,flow,6,0.004921276968283138,0.0371179198544849,0.06307952095175925
71,13,400183,occupancy,13,400183,flow,1,6.876361516444279e-18,6.471869662535792e-16,0.19168377120935826
71,13,400183,occupancy,13,400183,flow,3,0.00025680089196597987,0.003359720936683928,-0.08193801669377762
71,13,400183,occupancy,13,400183,flow,4,1.2279984127220493e-16,1.0422304799527019e-14,-0.18432780151132777
71,13,400183,occupancy,13,400183,flow,8,0.006287752748738899,0.04482578083565981,0.06129390578889874
71,13,400183,occupancy,13,400183,flow,9,0.00247114169268961,0.02174202059555828,0.06788500838178631
71,13,400183,occupancy,14,401469,flow,5,0.0035437065367523624,0.02872671872672761,0.06540781457257495
71,13,400183,occupancy,16,405838,flow,1,0.0009955391647556635,0.010476806800839138,0.0738112186771644
71,13,400183,occupancy,17,400260,flow,11,0.002852060243874093,0.0241965833730088,0.06690928224648755
71,13,400183,speed,13,400183,flow,1,0.004405908805958227,0.03393788501327801,-0.06387183999637173
71,14,401469,flow,0,400593,flow,8,0.00031597439775512924,0.004000613711319339,0.08074179017904601
71,14,401469,flow,0,400593,flow,9,0.0004117580747511418,0.0050118087840105045,0.07919082104537277
71,14,401469,flow,0,400593,flow,11,0.0002251348277549096,0.00302206828905532,0.08268911391762171
71,14,401469,flow,2,400331,flow,1,0.0030251047060487063,0.02533403450168075,0.06650482446828128
71,14,401469,flow,2,400331,flow,2,0.006402267289118474,0.0454225565593559,0.061160659853771206
71,14,401469,flow,2,400331,flow,7,0.0013886762136037878,0.013674678009501626,0.0716913097273412
71,14,401469,flow,2,400331,flow,11,8.303880017497313e-05,0.001286437514076799,0.08819251231894529
71,14,401469,flow,4,400316,flow,11,0.001784904478195173,0.01673347948307975,0.07005555991865095
71,14,401469,flow,5,400503,flow,1,0.00016513638854789194,0.0023283340570120757,0.0844341010708833
71,14,401469,flow,5,400503,flow,2,1.2090098638256972e-05,0.00023697471015095338,0.09801883259932133
71,14,401469,flow,7,408093,flow,1,6.929368189526429e-07,1.8387512640512392e-05,0.11109900445134852
71,14,401469,flow,7,408093,flow,5,0.004948087232934248,0.03726592895096923,0.06304039087634222
71,14,401469,flow,7,408093,flow,6,0.0021027120362905986,0.019131668063975118,0.0689696169915889
71,14,401469,flow,7,408093,flow,8,0.002606431516492762,0.022632363118155252,0.06752364717090698
71,14,401469,flow,9,402391,flow,1,3.1798089462412755e-07,9.157849765174875e-06,0.11441555910692348
71,14,401469,flow,9,402391,flow,9,0.0015158702400001384,0.014640195476862503,0.07112392643698327
71,14,401469,flow,9,402391,flow,11,0.00045626948224579563,0.005458554869293373,0.07858218609496634
71,14,401469,flow,10,400497,flow,2,5.430860776410067e-06,0.0001174240167872447,-0.10183980731512685
71,14,401469,flow,10,400497,flow,4,0.0005216078657206529,0.006100016188178724,0.07778227129525113
71,14,401469,flow,10,400497,flow,5,4.235351805048862e-05,0.0007152744252467195,0.09173633708788981
71,14,401469,flow,10,400497,flow,8,0.001810646597036626,0.016912417944212377,-0.06996124758408022
71,14,401469,flow,10,400497,flow,10,1.8632931954018443e-06,4.5069577850705306e-05,0.1067458089467424
71,14,401469,flow,10,400497,flow,11,1.7857949315086373e-07,5.44434305160008e-06,0.11681373805750943
71,14,401469,flow,10,400497,flow,12,0.004687937344492291,0.03571761786279841,0.06342846746205523
71,14,401469,flow,11,405841,flow,3,0.0015171421587086883,0.014648632187819628,0.07111847744471542
71,14,401469,flow,11,405841,flow,11,3.9028054725277735e-05,0.0006640456731516338,0.09215820164643584
71,14,401469,flow,12,404520,flow,11,3.0517588334635885e-05,0.0005347308323804909,0.09341660781154214
71,14,401469,flow,13,400183,flow,1,0.0014773540611738522,0.01436454995334468,0.07129095877720194
71,14,401469,flow,13,400183,flow,3,0.0070129265805392894,0.048699313338578576,0.0604843436010676
71,14,401469,flow,13,400183,flow,8,0.000277613548940371,0.0035896154786662754,0.08149030979554749
71,14,401469,flow,13,400183,flow,12,0.006200804607861082,0.04432077416604876,0.061396541987549354
71,14,401469,flow,14,401469,flow,1,4.0692983372984786e-107,1.674225601631374e-104,0.4648189257402508
71,14,401469,flow,14,401469,flow,2,1.4555118037915534e-25,2.0615773745506592e-23,0.2313462612432427
71,14,401469,flow,14,401469,flow,3,7.289295192467876e-06,0.00015168475545019857,0.10042530617048169
71,14,401469,flow,14,401469,flow,4,3.458597825819532e-10,1.5810732918032148e-08,0.14020163190747162
71,14,401469,flow,14,401469,flow,6,2.2033223433062153e-05,0.00039986869816220004,0.09505936214955246
71,14,401469,flow,15,401472,flow,1,4.1686991357888495e-08,1.436106879314819e-06,0.12265970380913148
71,14,401469,flow,15,401472,flow,2,5.1468368431284046e-05,0.0008522167559338715,0.09072345370445602
71,14,401469,flow,15,401472,flow,3,0.0006115789436376253,0.006941726317694538,0.0768215327123175
71,14,401469,flow,15,401472,flow,4,0.00042119354369409175,0.005101982971950908,0.07905684258885684
71,14,401469,flow,15,401472,flow,5,0.00196898247128583,0.018128738866058793,0.06940685895832678
71,14,401469,flow,15,401472,flow,6,1.9530459423356245e-05,0.00036025441805678473,0.09566077744086085
71,14,401469,flow,15,401472,flow,7,7.039216085448277e-05,0.0011199054895460621,0.08907419625523294
71,14,401469,flow,15,401472,flow,8,0.00018185973575315912,0.0025237200721286456,0.08389450102484153
71,14,401469,flow,15,401472,flow,9,0.00011316130632140277,0.0016770389135796224,0.08651883536643389
71,14,401469,flow,15,401472,flow,10,5.298865255979929e-05,0.0008733726785895953,0.09057128609770004
71,14,401469,flow,15,401472,flow,11,3.4815049851457194e-07,9.907840273932483e-06,0.11403438163537229
71,14,401469,flow,15,401472,flow,12,8.927181834267856e-07,2.316241773215444e-05,0.10999976963501751
71,14,401469,flow,16,405838,flow,1,3.592427657397232e-08,1.2550125538809752e-06,0.12324235534323515
71,14,401469,flow,16,405838,flow,2,0.002280670446098545,0.020428420066248502,0.06842570296750407
71,14,401469,flow,16,405838,flow,3,0.0012684811196328604,0.012719786703640311,0.0722733309851175
71,14,401469,flow,16,405838,flow,5,0.0008641759997041905,0.009295195048907412,0.07469652371138844
71,14,401469,flow,16,405838,flow,7,0.00427183344714891,0.03313163463497898,0.0640917033202426
71,14,401469,flow,17,400260,flow,1,2.9551091790009895e-07,8.573587409861836e-06,0.11472285195377328
71,14,401469,flow,17,400260,flow,11,0.005725169481719852,0.04161657775707515,0.06198203799502257
71,14,401469,flow,18,404528,flow,1,0.00028302213811214907,0.003651898556285794,0.0813791160699703
71,14,401469,flow,18,404528,flow,11,0.0004926278193190319,0.00580352380544919,0.078124821367231
71,14,401469,occupancy,0,400593,flow,10,0.0035480532086674646,0.028746417594605115,-0.0653992544971671
71,14,401469,occupancy,6,405843,flow,6,0.0061488249287416676,0.044029377908443565,0.06145852047209422
71,14,401469,occupancy,6,405843,flow,10,0.005100819897438812,0.038097410022364574,0.06282106257855763
71,14,401469,occupancy,7,408093,flow,3,0.001884496341632563,0.017447544354592098,0.06969735804596772
71,14,401469,occupancy,7,408093,flow,5,0.002644689145529998,0.022882149226295997,-0.06742456981047004
71,14,401469,occupancy,10,400497,flow,2,0.0011552814701444875,0.011812582132601623,-0.07287001975732006
71,14,401469,occupancy,11,405841,flow,5,0.0035398962256247683,0.028707249286087852,0.06541532622603011
71,14,401469,occupancy,15,401472,flow,12,0.001565447015722273,0.015011331722062565,0.07091458623393505
71,14,401469,occupancy,16,405838,flow,1,0.0013027911217886033,0.012996401149555381,0.07210217577581808
71,14,401469,occupancy,17,400260,flow,4,0.005760204011298154,0.04181495770258448,0.061937444182868846
71,14,401469,occupancy,19,401795,flow,8,0.0069178783001064125,0.0481709127280137,-0.0605860470566374
71,14,401469,speed,3,400039,flow,11,1.1117359302620658e-05,0.00022030730361156535,-0.09842582987771382
71,14,401469,speed,6,405843,flow,2,0.0012759210254041893,0.012773994970442869,-0.07223585757220662
71,14,401469,speed,6,405843,flow,5,0.0028047499405753564,0.0238702122602158,-0.06702375657902154
71,14,401469,speed,6,405843,flow,6,0.0015927204686368279,0.015205640717151593,-0.07080201005540339
71,14,401469,speed,7,408093,flow,3,0.005709737072398567,0.04152536052653503,-0.06200175925002966
71,14,401469,speed,14,401469,flow,9,0.0066216465015994175,0.046581196689316866,-0.06091127292393314
71,14,401469,speed,15,401472,flow,1,0.004818048736986183,0.03652855483288928,-0.06323200621417034
71,14,401469,speed,15,401472,flow,5,0.0005930147676136412,0.006762998405731071,-0.0770084692108955
71,14,401469,speed,15,401472,flow,6,1.630797773451199e-05,0.00030831712828486565,-0.09655368220674149
71,14,401469,speed,15,401472,flow,7,2.2619842302861707e-05,0.00040954618083974254,-0.09492783156725636
71,14,401469,speed,15,401472,flow,8,9.543680226890176e-07,2.448544089703429e-05,-0.10970825974354297
71,14,401469,speed,15,401472,flow,9,7.310943039385953e-07,1.9246358275531575e-05,-0.11086728138933365
71,14,401469,speed,15,401472,flow,10,5.640135788827828e-06,0.00012158376550766577,-0.10166231878760972
71,14,401469,speed,15,401472,flow,11,2.517226643355112e-07,7.443134222651665e-06,-0.1153925846143565
71,14,401469,speed,15,401472,flow,12,2.3354759537241617e-06,5.540503086264898e-05,-0.10572789342535563
71,15,401472,flow,0,400593,flow,1,0.005533426940296094,0.0405022100679077,0.062230544580438814
71,15,401472,flow,0,400593,flow,4,0.00010289371375113363,0.0015407308263601291,0.087036318445407
71,15,401472,flow,0,400593,flow,5,0.0014854783890107719,0.01441110855721207,0.07125539523245684
71,15,401472,flow,0,400593,flow,6,5.462396133251839e-05,0.0008965634990747701,0.0904121527370206
71,15,401472,flow,0,400593,flow,7,0.00016830031930036224,0.0023638743747138556,0.08432818773147197
71,15,401472,flow,0,400593,flow,10,0.001556501810248175,0.014939097578920498,0.07095190240310219
71,15,401472,flow,0,400593,flow,11,0.001089457971141433,0.011272954336122132,0.0732423131002333
71,15,401472,flow,0,400593,flow,12,0.0035903082365011858,0.029023449816027547,0.06531653312972012
71,15,401472,flow,1,400125,flow,2,0.0008819134890338041,0.009456108892097378,0.07456998207237536
71,15,401472,flow,1,400125,flow,7,0.0016811218658927768,0.01592292580718438,0.07044892404917406
71,15,401472,flow,1,400125,flow,9,0.0002926250959709142,0.003754250406723928,0.08118650481978669
71,15,401472,flow,1,400125,flow,10,2.2394815816072543e-05,0.00040581209868050915,0.09497789877120671
71,15,401472,flow,1,400125,flow,11,0.00021518930910807298,0.002908691537380711,0.082945564148924
71,15,401472,flow,1,400125,flow,12,5.435987397917452e-07,1.4750920577263436e-05,0.11214255584470963
71,15,401472,flow,2,400331,flow,1,0.0006956267707122598,0.007769345982100305,0.07603620835171203
71,15,401472,flow,2,400331,flow,2,8.935020981403576e-05,0.0013677991013346367,0.08779901143988751
71,15,401472,flow,2,400331,flow,3,3.7126977383299405e-07,1.0517281462023176e-05,0.11376326613353979
71,15,401472,flow,2,400331,flow,4,0.0008097431501503809,0.00879580188244819,0.07510046120133652
71,15,401472,flow,2,400331,flow,5,0.0004182461697786938,0.005075346779336958,0.07909839028301568
71,15,401472,flow,2,400331,flow,6,0.000618706588125351,0.007017097560256015,0.07675115828136007
71,15,401472,flow,2,400331,flow,7,8.052754661318691e-07,2.1032587749030683e-05,0.11044833414575912
71,15,401472,flow,2,400331,flow,8,1.668625548943328e-05,0.0003145053390678524,0.09644056117162099
71,15,401472,flow,2,400331,flow,9,2.858019059271125e-07,8.347966420589088e-06,0.1148626676075516
71,15,401472,flow,2,400331,flow,10,7.449431584523012e-05,0.0011753668533652085,0.08877285124272088
71,15,401472,flow,2,400331,flow,11,7.270266102765253e-06,0.00015143466520706796,0.10046290897693498
71,15,401472,flow,2,400331,flow,12,0.00020798713672743368,0.0028277447956839273,0.08313831484535734
71,15,401472,flow,3,400039,flow,1,1.9800801553660492e-20,2.171052353091709e-18,0.20571559129518913
71,15,401472,flow,3,400039,flow,2,8.973576299690967e-11,4.4405326019089324e-09,0.14480493910343328
71,15,401472,flow,3,400039,flow,3,8.142206412973636e-08,2.654666543701593e-06,0.12000391354512331
71,15,401472,flow,3,400039,flow,4,7.916357897631795e-08,2.5849331910634434e-06,0.12011665380682508
71,15,401472,flow,3,400039,flow,5,3.2017022099240355e-06,7.372789737138504e-05,0.10429045210519211
71,15,401472,flow,3,400039,flow,6,5.551400793484232e-08,1.8590737540970452e-06,0.12153024573067926
71,15,401472,flow,3,400039,flow,7,3.7345113445235725e-05,0.0006389342181521518,0.09238487050835222
71,15,401472,flow,3,400039,flow,8,0.0027222869931900202,0.023361700060748683,0.06722756817766795
71,15,401472,flow,3,400039,flow,9,3.497639505622525e-05,0.0006046339601556346,0.09272089665436303
71,15,401472,flow,3,400039,flow,10,1.8283436717499313e-05,0.00034030351839550634,0.09598838992522829
71,15,401472,flow,3,400039,flow,11,4.801976449392553e-05,0.0008003294082320921,0.0910850458993829
71,15,401472,flow,3,400039,flow,12,7.626758557383078e-05,0.0011967888473626916,0.08864741493646372
71,15,401472,flow,5,400503,flow,5,0.0018166902860242225,0.01695786956703682,0.06993928367132156
71,15,401472,flow,5,400503,flow,9,0.0008466642180938351,0.009134838716696722,0.07482383837120979
71,15,401472,flow,5,400503,flow,12,0.0008657031377219626,0.0093053932693677,0.07468553468267644
71,15,401472,flow,6,405843,flow,1,1.278842744224147e-08,4.7543895482343497e-07,0.1272156587863584
71,15,401472,flow,6,405843,flow,2,1.2512884974437312e-05,0.00024371353962835521,0.09785159558092275
71,15,401472,flow,6,405843,flow,3,9.030532964996328e-07,2.334644069945191e-05,0.10994957455895162
71,15,401472,flow,6,405843,flow,4,1.5096224749201528e-06,3.7372888777392897e-05,0.10768616580580045
71,15,401472,flow,6,405843,flow,5,3.401749834074378e-06,7.800190702336153e-05,0.10401214001042354
71,15,401472,flow,6,405843,flow,6,5.545749246712994e-09,2.1700757921920412e-07,0.13034303580171092
71,15,401472,flow,6,405843,flow,7,3.5409011513819008e-06,8.072133495498581e-05,0.10382765126256033
71,15,401472,flow,6,405843,flow,8,0.0027629424252306424,0.023594810823067337,0.06712639222468696
71,15,401472,flow,6,405843,flow,9,0.0007726399139359399,0.008458703568685404,0.07539049103245019
71,15,401472,flow,6,405843,flow,10,0.00039375720675687465,0.0048260618986051,0.07945456965304162
71,15,401472,flow,6,405843,flow,11,0.000940580533493907,0.009993379008100538,0.07416760890619181
71,15,401472,flow,6,405843,flow,12,9.043277635732316e-06,0.00018384451475935814,0.09942109434950076
71,15,401472,flow,7,408093,flow,1,1.9788676624663813e-07,5.994886607191281e-06,0.11639049890979354
71,15,401472,flow,7,408093,flow,2,2.4486864623178385e-05,0.00043966440221168175,0.09452980035085165
71,15,401472,flow,7,408093,flow,3,0.0002261451186829804,0.003026748305516199,0.08266366066706352
71,15,401472,flow,7,408093,flow,4,3.041789247431041e-07,8.807325434920977e-06,0.11460172298952763
71,15,401472,flow,7,408093,flow,5,2.882185445945729e-07,8.401512231096862e-06,0.11482744293466195
71,15,401472,flow,7,408093,flow,6,0.0005558032120454105,0.0064268465632659885,0.077400170541717
71,15,401472,flow,7,408093,flow,7,0.0007653001583016418,0.008410319724912471,0.07544939167021548
71,15,401472,flow,7,408093,flow,8,0.0013029493837667676,0.012996401149555381,0.07210139596485776
71,15,401472,flow,7,408093,flow,9,3.674592966201056e-05,0.0006296803496227117,0.09246791760324473
71,15,401472,flow,7,408093,flow,10,4.6496912781146034e-08,1.587878760589335e-06,0.12223033702363596
71,15,401472,flow,7,408093,flow,11,3.610360424289336e-08,1.2578029865266072e-06,0.12322289783237991
71,15,401472,flow,7,408093,flow,12,1.6981682225486588e-06,4.156423071620514e-05,0.10716134333366308
71,15,401472,flow,8,401448,flow,1,0.006704547633561115,0.04707239684216482,-0.06081896178066876
71,15,401472,flow,8,401448,flow,3,0.000239461614391616,0.0031742073463386965,-0.08233777536602735
71,15,401472,flow,9,402391,flow,1,0.0029062899415748574,0.02454579188192255,0.06678017723163518
71,15,401472,flow,9,402391,flow,2,0.0034659793296674866,0.028213737901193785,0.06556252005097349
71,15,401472,flow,9,402391,flow,5,0.005918834702013148,0.042746057436762186,0.06173853961581391
71,15,401472,flow,9,402391,flow,6,0.00011754970012323572,0.0017325646691653987,0.08631105125527032
71,15,401472,flow,9,402391,flow,7,0.001252586235417268,0.01259290792879357,0.07235407465886323
71,15,401472,flow,9,402391,flow,8,0.001697504749048149,0.016053459973485125,0.07038537021844389
71,15,401472,flow,9,402391,flow,9,0.0028212998666312826,0.023971824009218566,0.06698351255639666
71,15,401472,flow,9,402391,flow,10,5.089156973346606e-07,1.3879519018218015e-05,0.11242440057513273
71,15,401472,flow,9,402391,flow,11,8.26184539799829e-06,0.00016931296071799154,0.09985377129961046
71,15,401472,flow,9,402391,flow,12,3.8010543076222983e-07,1.0746436262387649e-05,0.11366393303314662
71,15,401472,flow,10,400497,flow,1,0.0023545064931079613,0.020937562886427324,0.0682113677438922
71,15,401472,flow,10,400497,flow,3,1.8389523421708197e-05,0.0003418362357219424,0.09595970417204737
71,15,401472,flow,10,400497,flow,4,1.1268525678448905e-11,6.413706315006492e-10,0.15156189052061866
71,15,401472,flow,10,400497,flow,5,1.0867110713134625e-12,6.716154260478052e-11,0.15883189502936054
71,15,401472,flow,10,400497,flow,6,1.2023328533722125e-05,0.0002358541012611675,0.09804575281899708
71,15,401472,flow,10,400497,flow,9,1.2921636846096304e-05,0.0002503204985432109,0.09769495597547484
71,15,401472,flow,10,400497,flow,10,2.016741815315589e-13,1.306195598525239e-11,0.1638647578419096
71,15,401472,flow,10,400497,flow,11,3.719428708138622e-11,1.9666991455518784e-09,0.14771094672534874
71,15,401472,flow,10,400497,flow,12,0.0008304582329244614,0.008977926842426608,0.07494385283061987
71,15,401472,flow,11,405841,flow,1,0.0037051494648678864,0.02974836246014364,0.06509610248080137
71,15,401472,flow,11,405841,flow,4,0.00422354377889254,0.032845560980766464,0.06417242492985142
71,15,401472,flow,11,405841,flow,5,3.1957308252701057e-06,7.362963821422323e-05,0.10429901343417546
71,15,401472,flow,11,405841,flow,6,3.970247503994065e-06,8.8867716151577e-05,0.10329928605969488
71,15,401472,flow,11,405841,flow,7,0.00012664455754367993,0.0018495756882646965,0.08590273492395469
71,15,401472,flow,11,405841,flow,9,0.00041419343788419883,0.0050374877580510674,0.07915596805247777
71,15,401472,flow,11,405841,flow,10,0.0007417643226482874,0.008208047832583509,0.0756418641063075
71,15,401472,flow,11,405841,flow,11,8.29471096059507e-05,0.0012857248421159204,0.08819843457917087
71,15,401472,flow,12,404520,flow,4,0.00015138306874666133,0.002162206021639487,0.08491786204570265
71,15,401472,flow,12,404520,flow,5,1.2522530298483644e-08,4.6708256252534593e-07,0.1272952281205046
71,15,401472,flow,12,404520,flow,6,4.2401890241485895e-07,1.183308564878676e-05,0.11320109336766128
71,15,401472,flow,12,404520,flow,7,7.463892382582809e-05,0.0011769898639267175,0.08876251697068105
71,15,401472,flow,12,404520,flow,9,0.0003312355721632596,0.004165757414105623,0.0804674530347593
71,15,401472,flow,12,404520,flow,10,0.00030049507826565585,0.0038349741155321517,0.08103301437859194
71,15,401472,flow,12,404520,flow,11,0.0008103025019782158,0.008799665179853927,0.07509618388570374
71,15,401472,flow,13,400183,flow,4,0.0008684432127380155,0.00932788333920494,0.07466586251059883
71,15,401472,flow,13,400183,flow,7,0.0007174476780572836,0.007981905663681342,0.07584676898943184
71,15,401472,flow,13,400183,flow,8,0.0007858704955946261,0.008590487198807653,0.07528561627560955
71,15,401472,flow,13,400183,flow,9,0.007115178710043635,0.04921161067465338,0.060376303828709565
71,15,401472,flow,13,400183,flow,10,9.234447008731014e-05,0.0014086444589589682,0.08762142401427575
71,15,401472,flow,13,400183,flow,11,0.0014864501674985693,0.014417298436447732,0.07125115335418739
71,15,401472,flow,14,401469,flow,1,1.3809442977740128e-08,5.090170107835952e-07,0.12692435693923243
71,15,401472,flow,14,401469,flow,2,5.81700495020591e-07,1.5647236229694603e-05,0.11185224203593574
71,15,401472,flow,14,401469,flow,3,2.9709320146324276e-05,0.0005222434347609807,0.09355298365088201
71,15,401472,flow,14,401469,flow,4,3.039316962333257e-07,8.806069267122515e-06,0.11460513142905615
71,15,401472,flow,14,401469,flow,5,4.11778589933743e-08,1.421969231425875e-06,0.12270793095475889
71,15,401472,flow,14,401469,flow,6,9.065600366626968e-10,3.959898239011982e-08,0.13688094479653434
71,15,401472,flow,14,401469,flow,7,1.762272778817887e-06,4.289024453235646e-05,0.10699559977263406
71,15,401472,flow,14,401469,flow,8,1.2231388278416154e-07,3.848477593791535e-06,0.11836131917444111
71,15,401472,flow,14,401469,flow,9,9.474750872406935e-06,0.00019126599891961665,0.0991972569504082
71,15,401472,flow,14,401469,flow,10,4.52024443327652e-06,9.988468517521517e-05,0.10269722816936487
71,15,401472,flow,14,401469,flow,11,2.3023682218964006e-10,1.08464893332524e-08,0.14162995107834564
71,15,401472,flow,14,401469,flow,12,8.436178204607186e-17,7.274309350080449e-15,0.18530321941200947
71,15,401472,flow,15,401472,flow,1,0.0,0.0,0.7581713102121576
71,15,401472,flow,15,401472,flow,2,2.8822682288273e-280,4.4469281244764054e-277,0.6895139847837458
71,15,401472,flow,15,401472,flow,3,7.250039862841693e-213,7.830043051869028e-210,0.621818127333674
71,15,401472,flow,15,401472,flow,4,2.185669906345408e-190,1.6860882134664576e-187,0.5948395767304693
71,15,401472,flow,15,401472,flow,5,2.0926900050495384e-179,1.5067368036356677e-176,0.5806620843950423
71,15,401472,flow,15,401472,flow,6,4.260046612963713e-169,2.7467763235825735e-166,0.5666864203269638
71,15,401472,flow,15,401472,flow,7,3.511978102884118e-142,1.9204741018303024e-139,0.5267071873431378
71,15,401472,flow,15,401472,flow,8,2.204550027843962e-119,1.0465556176138368e-116,0.48806979442878035
71,15,401472,flow,15,401472,flow,9,5.325352479740911e-110,2.3005522712480732e-107,0.4706031038713526
71,15,401472,flow,15,401472,flow,10,3.431554859428813e-101,1.2670356404044848e-98,0.45322671706284223
71,15,401472,flow,15,401472,flow,11,4.595183696693031e-102,1.7567427937799903e-99,0.4549947233710337
71,15,401472,flow,15,401472,flow,12,1.8707630444668735e-99,6.734746960080745e-97,0.4496793380724235
71,15,401472,flow,16,405838,flow,1,0.002236723285007804,0.020122125346176,0.06855631029204708
71,15,401472,flow,17,400260,flow,1,0.003397961164338606,0.027764691185819517,0.06570051177950008
71,15,401472,flow,17,400260,flow,2,0.005917870721793755,0.042746057436762186,0.06173973376122924
71,15,401472,flow,17,400260,flow,7,4.3135407286620845e-05,0.0007267744129415057,0.0916417177963389
71,15,401472,flow,17,400260,flow,8,0.0016020608987425092,0.015284679952667048,0.07076386311925587
71,15,401472,flow,17,400260,flow,9,0.0014234754563496523,0.013966418286237788,0.07153147004752154
71,15,401472,flow,17,400260,flow,10,0.006827609358252158,0.047688395194259214,0.06068380455098269
71,15,401472,flow,17,400260,flow,11,5.740054961978269e-06,0.00012342975328893043,0.10157978706468157
71,15,401472,flow,17,400260,flow,12,5.291282170493224e-06,0.00011475069767334702,0.10196186029096448
71,15,401472,flow,18,404528,flow,5,0.000882407328832767,0.009456709651594031,0.0745664927994723
71,15,401472,flow,18,404528,flow,6,0.00021364371411204208,0.0028905131380019475,0.08298641304656426
71,15,401472,flow,18,404528,flow,7,0.0035221178812270006,0.02858990839327441,0.06545047193906317
71,15,401472,flow,18,404528,flow,8,0.0004513448555059445,0.005404129090315079,0.07864672974775137
71,15,401472,flow,18,404528,flow,9,0.005576421739292532,0.04075476554515943,0.06217415374942195
71,15,401472,flow,18,404528,flow,11,9.948791460216647e-05,0.0014990854240717097,0.08721877468693656
71,15,401472,flow,18,404528,flow,12,4.4104892075113164e-05,0.0007405096531849548,0.09152662919931609
71,15,401472,occupancy,0,400593,flow,1,0.006356708953425947,0.0451799568658642,0.06121341152868655
71,15,401472,occupancy,0,400593,flow,4,7.992305434487336e-05,0.0012451049216366855,0.0883973053037058
71,15,401472,occupancy,0,400593,flow,5,0.0011310907316385704,0.011607807398674393,0.07300450795974261
71,15,401472,occupancy,0,400593,flow,6,3.9457736804065485e-05,0.0006695106951828865,0.09210181586582256
71,15,401472,occupancy,0,400593,flow,7,0.00013228642966270801,0.0019209323567828526,0.08566310921941844
71,15,401472,occupancy,0,400593,flow,10,0.0015406739869013358,0.01482011049524331,0.07101841653803836
71,15,401472,occupancy,0,400593,flow,11,0.0008843291789922722,0.009470257940621257,0.07455293097679347
71,15,401472,occupancy,0,400593,flow,12,0.0033401982694009976,0.027377116739914196,0.06581968567980624
71,15,401472,occupancy,1,400125,flow,2,0.0008363483751380784,0.009030304875272429,0.07489998389926687
71,15,401472,occupancy,1,400125,flow,7,0.0016820441578759672,0.01592816914078075,0.07044533112728488
71,15,401472,occupancy,1,400125,flow,9,0.0002864180679227223,0.0036825180161492864,0.08131031246474435
71,15,401472,occupancy,1,400125,flow,10,1.6368987493811328e-05,0.0003093351967334424,0.09653526977599308
71,15,401472,occupancy,1,400125,flow,11,0.00023777115078406298,0.003156642198485409,0.0823781893180138
71,15,401472,occupancy,1,400125,flow,12,7.053328574808099e-07,1.8659142341194728e-05,0.11102240629881278
71,15,401472,occupancy,2,400331,flow,1,0.0007619295209640626,0.008381806800521393,0.07547661641680722
71,15,401472,occupancy,2,400331,flow,2,8.83129161135587e-05,0.0013552816966627837,0.0878618449235575
71,15,401472,occupancy,2,400331,flow,3,4.691852699171141e-07,1.2918294238635646e-05,0.11277096117103565
71,15,401472,occupancy,2,400331,flow,4,0.0007235434042022878,0.008039371157803198,0.07579480458434505
71,15,401472,occupancy,2,400331,flow,5,0.00041776359287556,0.005070915204333855,0.07910521895056234
71,15,401472,occupancy,2,400331,flow,6,0.0005114422213385013,0.0059973680678130446,0.07790036597380892
71,15,401472,occupancy,2,400331,flow,7,7.021943520798787e-07,1.8598893936143937e-05,0.11104167661891814
71,15,401472,occupancy,2,400331,flow,8,1.196530130215254e-05,0.00023484825817945924,0.09806926415077626
71,15,401472,occupancy,2,400331,flow,9,3.9722539861235755e-07,1.1157436423962189e-05,0.11347764575044494
71,15,401472,occupancy,2,400331,flow,10,7.18112982691098e-05,0.0011380220415354158,0.08896811088024104
71,15,401472,occupancy,2,400331,flow,11,6.853607170025545e-06,0.00014344759193076723,0.10074291967386757
71,15,401472,occupancy,2,400331,flow,12,0.00021228826639157052,0.0028757770799986973,0.08302246536528109
71,15,401472,occupancy,3,400039,flow,1,2.3884483061146934e-20,2.612176375295057e-18,0.20528019282832155
71,15,401472,occupancy,3,400039,flow,2,1.211013022945809e-10,5.904713610751575e-09,0.14380245691049606
71,15,401472,occupancy,3,400039,flow,3,8.67297317263636e-08,2.8149695045671733e-06,0.1197504423331022
71,15,401472,occupancy,3,400039,flow,4,6.718732881326766e-08,2.2173358324928668e-06,0.12077203351243264
71,15,401472,occupancy,3,400039,flow,5,3.69136587671627e-06,8.344688952074457e-05,0.10363582140889444
71,15,401472,occupancy,3,400039,flow,6,4.252057654978395e-08,1.4636564995622843e-06,0.12258196181229339
71,15,401472,occupancy,3,400039,flow,7,3.578077058320977e-05,0.0006175506548919945,0.09260442961455077
71,15,401472,occupancy,3,400039,flow,8,0.0023196877270833683,0.020691825275655898,0.06831166331437674
71,15,401472,occupancy,3,400039,flow,9,2.6990472141327842e-05,0.0004802258634700835,0.09403910623733573
71,15,401472,occupancy,3,400039,flow,10,1.706401488379345e-05,0.00032042446333908924,0.09633000653145037
71,15,401472,occupancy,3,400039,flow,11,4.5571192135623256e-05,0.0007633483909495637,0.0913570399253735
71,15,401472,occupancy,3,400039,flow,12,5.953588615353298e-05,0.0009654931225579354,0.08995993328495164
71,15,401472,occupancy,5,400503,flow,5,0.002518060500201232,0.02205600438132466,0.06775768336101988
71,15,401472,occupancy,5,400503,flow,9,0.0008110162483213597,0.008803908932274247,0.07509072990209986
71,15,401472,occupancy,5,400503,flow,12,0.0009447352872894477,0.010022731928021644,0.07414000189011948
71,15,401472,occupancy,6,405843,flow,1,9.46693374603292e-09,3.600101565392801e-07,0.12834994109885595
71,15,401472,occupancy,6,405843,flow,2,1.349886099251427e-05,0.0002602190070846124,0.0974816176834102
71,15,401472,occupancy,6,405843,flow,3,7.322567546276494e-07,1.9265220340995405e-05,0.11086040631082152
71,15,401472,occupancy,6,405843,flow,4,1.8405398664900587e-06,4.46689422350133e-05,0.10680091579052468
71,15,401472,occupancy,6,405843,flow,5,2.2582173471265393e-06,5.363111016815091e-05,0.10588008487149478
71,15,401472,occupancy,6,405843,flow,6,4.75303170964674e-09,1.8889693639074438e-07,0.13091238362859386
71,15,401472,occupancy,6,405843,flow,7,3.007261697695645e-06,6.980854666332717e-05,0.10457742020754712
71,15,401472,occupancy,6,405843,flow,8,0.002084351258991583,0.019004637903848962,0.06902811302265238
71,15,401472,occupancy,6,405843,flow,9,0.0006382999657576997,0.007203385193503821,0.07656151836474445
71,15,401472,occupancy,6,405843,flow,10,0.000354945149761011,0.004416368222832856,0.08006384366288888
71,15,401472,occupancy,6,405843,flow,11,0.0012677777427643323,0.012718754403399207,0.0722768842457729
71,15,401472,occupancy,6,405843,flow,12,7.598320342414036e-06,0.00015713137328496235,0.10025303320609227
71,15,401472,occupancy,7,408093,flow,1,1.5660280211396753e-07,4.839228219830756e-06,0.11735298665854728
71,15,401472,occupancy,7,408093,flow,2,2.089345113960362e-05,0.00038164781785660735,0.09532472968638388
71,15,401472,occupancy,7,408093,flow,3,0.0002630417512426642,0.0034309793640347505,0.08180030299762134
71,15,401472,occupancy,7,408093,flow,4,2.9033794225522843e-07,8.457585371157026e-06,0.1147967846046109
71,15,401472,occupancy,7,408093,flow,5,2.6694804825027775e-07,7.866409061672577e-06,0.11514778115874587
71,15,401472,occupancy,7,408093,flow,6,0.0004738280985015622,0.005632023102524773,0.07835722641209435
71,15,401472,occupancy,7,408093,flow,7,0.0006361508730055651,0.0071810080255658255,0.07658205268764727
71,15,401472,occupancy,7,408093,flow,8,0.0009556165948525253,0.010110858902186895,0.0740682281594294
71,15,401472,occupancy,7,408093,flow,9,4.827113866920273e-05,0.0008042087121132115,0.09105787060241659
71,15,401472,occupancy,7,408093,flow,10,2.588847253132612e-08,9.227574367601389e-07,0.12451603693441915
71,15,401472,occupancy,7,408093,flow,11,2.939826809882976e-08,1.0426971936530752e-06,0.12402327159416353
71,15,401472,occupancy,7,408093,flow,12,2.030353493000592e-06,4.870142748341231e-05,0.10635993788307778
71,15,401472,occupancy,8,401448,flow,1,0.005089145575882056,0.03803811930683994,-0.06283761634497458
71,15,401472,occupancy,8,401448,flow,3,0.00023785570752658501,0.0031567946436708056,-0.08237616142727991
71,15,401472,occupancy,9,402391,flow,1,0.003332639983212672,0.027344738323796282,0.06583541811926182
71,15,401472,occupancy,9,402391,flow,2,0.0040313016066046824,0.03172749670346553,0.0645023049495101
71,15,401472,occupancy,9,402391,flow,5,0.006491328943889564,0.045918685177014765,0.061058503513928226
71,15,401472,occupancy,9,402391,flow,6,9.926646711832585e-05,0.0014973154258071497,0.08723084119621166
71,15,401472,occupancy,9,402391,flow,7,0.0010055636288183831,0.010566856911932413,0.07374818327779976
71,15,401472,occupancy,9,402391,flow,8,0.001508474417737404,0.014591602070366291,0.07115569430839752
71,15,401472,occupancy,9,402391,flow,9,0.0027105283764128343,0.023302452907668546,0.06725708810776743
71,15,401472,occupancy,9,402391,flow,10,5.57785223835861e-07,1.5088491966004505e-05,0.11203223675410715
71,15,401472,occupancy,9,402391,flow,11,1.0886377483816961e-05,0.00021622598036822652,0.09852745829190643
71,15,401472,occupancy,9,402391,flow,12,3.681046429691674e-07,1.0434462320385848e-05,0.11379940492070852
71,15,401472,occupancy,10,400497,flow,1,0.0024837553282648643,0.02183076911109708,0.06785056260092728
71,15,401472,occupancy,10,400497,flow,3,1.8486017513230028e-05,0.00034333446112275894,0.09593374872811171
71,15,401472,occupancy,10,400497,flow,4,1.8068209160731015e-11,9.98508071034371e-10,0.15005117740475757
71,15,401472,occupancy,10,400497,flow,5,1.5376238877092772e-12,9.368878977297712e-11,0.15777446295552494
71,15,401472,occupancy,10,400497,flow,6,1.119994019335474e-05,0.00022143588849104107,0.09838998381985213
71,15,401472,occupancy,10,400497,flow,9,1.2551450931729782e-05,0.0002443545201670692,0.09783660969362196
71,15,401472,occupancy,10,400497,flow,10,3.328824603093526e-13,2.1304477459798567e-11,0.16238387395829068
71,15,401472,occupancy,10,400497,flow,11,4.1749495993485266e-11,2.1861554265679556e-09,0.1473330081722374
71,15,401472,occupancy,10,400497,flow,12,0.0009168794361249561,0.009771807552277967,0.07432728790522748
71,15,401472,occupancy,11,405841,flow,1,0.0035442919169781984,0.02872671872672761,0.06540666120380438
71,15,401472,occupancy,11,405841,flow,4,0.004346358879593818,0.03358903463299694,0.06396873393465619
71,15,401472,occupancy,11,405841,flow,5,2.953789054805647e-06,6.864103666896394e-05,0.10465945901904757
71,15,401472,occupancy,11,405841,flow,6,3.5720493560911994e-06,8.121712220165253e-05,0.10378730717937035
71,15,401472,occupancy,11,405841,flow,7,0.00010335491885601535,0.0015471006564725792,0.08701204988240865
71,15,401472,occupancy,11,405841,flow,9,0.0004212678995590021,0.005101982971950908,0.07905579794289942
71,15,401472,occupancy,11,405841,flow,10,0.0007406395685737605,0.008197701604505881,0.07565120340132074
71,15,401472,occupancy,11,405841,flow,11,0.00010362393607745697,0.001549516801158235,0.08699794134299271
71,15,401472,occupancy,12,404520,flow,4,0.00020292974778847613,0.002774102559194921,0.08327744551686096
71,15,401472,occupancy,12,404520,flow,5,1.822916873938167e-08,6.63996702817275e-07,0.12586582159519666
71,15,401472,occupancy,12,404520,flow,6,3.7345991830886287e-07,1.0572390872177508e-05,0.11373843304356573
71,15,401472,occupancy,12,404520,flow,7,8.069089952404802e-05,0.0012552563411735234,0.08834614488990282
71,15,401472,occupancy,12,404520,flow,9,0.0004100718699520804,0.004995799430888289,0.07921506557547817
71,15,401472,occupancy,12,404520,flow,10,0.0002764765593032111,0.0035802719909768343,0.08151394269423741
71,15,401472,occupancy,12,404520,flow,11,0.0009403857560376725,0.009993379008100538,0.07416890590863355
71,15,401472,occupancy,13,400183,flow,4,0.0007473274702055258,0.008252695989999672,0.07559586339062442
71,15,401472,occupancy,13,400183,flow,7,0.0005728733463926392,0.006576701717821422,0.07721754779961273
71,15,401472,occupancy,13,400183,flow,8,0.0008481624480110072,0.009146434786339367,0.07481285089741029
71,15,401472,occupancy,13,400183,flow,9,0.006574795308818051,0.04633727688115518,0.06096390237364095
71,15,401472,occupancy,13,400183,flow,10,8.528995120224933e-05,0.0013163722372051343,0.08804901525809683
71,15,401472,occupancy,13,400183,flow,11,0.0015321453169851288,0.014761078879071715,0.07105451819347071
71,15,401472,occupancy,14,401469,flow,1,1.38755141273063e-08,5.110163770670351e-07,0.1269062339133616
71,15,401472,occupancy,14,401469,flow,2,4.846198844749633e-07,1.330933185589219e-05,0.11263308504799906
71,15,401472,occupancy,14,401469,flow,3,2.883145590613349e-05,0.0005087903983435322,0.09370515314152592
71,15,401472,occupancy,14,401469,flow,4,2.151460147219736e-07,6.458865765107198e-06,0.11604465265964085
71,15,401472,occupancy,14,401469,flow,5,3.492539267130873e-08,1.2236633928633716e-06,0.12335248986415082
71,15,401472,occupancy,14,401469,flow,6,1.081608812163763e-09,4.691315329866924e-08,0.13625726429102322
71,15,401472,occupancy,14,401469,flow,7,1.0232255115786776e-06,2.6147466341372018e-05,0.1094033556398963
71,15,401472,occupancy,14,401469,flow,8,1.1767180769481461e-07,3.724118749022704e-06,0.11851843979055653
71,15,401472,occupancy,14,401469,flow,9,6.6084659742911675e-06,0.00013946542749847506,0.10091536746977603
71,15,401472,occupancy,14,401469,flow,10,3.824048375971299e-06,8.604108845935422e-05,0.10347277872430802
71,15,401472,occupancy,14,401469,flow,11,1.4140509722164466e-10,6.832997986549272e-09,0.14328133755290184
71,15,401472,occupancy,14,401469,flow,12,6.078724670260881e-17,5.283720437731792e-15,0.18615033286649948
71,15,401472,occupancy,15,401472,flow,1,0.0,0.0,0.7587926034482197
71,15,401472,occupancy,15,401472,flow,2,6.541856966111242e-282,1.0466971145777987e-278,0.6909604972492767
71,15,401472,occupancy,15,401472,flow,3,8.031605063427825e-214,8.896547147181592e-211,0.6229089505364572
71,15,401472,occupancy,15,401472,flow,4,2.7590333767600333e-191,2.1670953068369715e-188,0.5959694572306959
71,15,401472,occupancy,15,401472,flow,5,1.8266750492767379e-180,1.3374976631992386e-177,0.5820603334584923
71,15,401472,occupancy,15,401472,flow,6,1.3647802846119755e-170,9.358493380196402e-168,0.5687544933643286
71,15,401472,occupancy,15,401472,flow,7,2.1452381204160373e-143,1.2193985105522738e-140,0.5286314659235078
71,15,401472,occupancy,15,401472,flow,8,8.378628011932476e-121,4.113144660403215e-118,0.49062730153660705
71,15,401472,occupancy,15,401472,flow,9,1.8490519928746883e-111,8.234953205380055e-109,0.4733872610724905
71,15,401472,occupancy,15,401472,flow,10,1.0074687310367454e-101,3.784578189633687e-99,0.4543056608582898
71,15,401472,occupancy,15,401472,flow,11,1.36716503724661e-102,5.27335085795121e-100,0.45605571305772713
71,15,401472,occupancy,15,401472,flow,12,2.661350503845434e-100,9.661373257657374e-98,0.4514146678693256
71,15,401472,occupancy,16,405838,flow,1,0.002507402186603991,0.02198493494241778,0.06778641561562465
71,15,401472,occupancy,17,400260,flow,1,0.0038610844941611515,0.03074066534238145,0.06480652617304263
71,15,401472,occupancy,17,400260,flow,2,0.00586353129353435,0.042429573179344045,0.061807332489289955
71,15,401472,occupancy,17,400260,flow,4,0.007018013310784976,0.04872680408645306,0.06047893564888522
71,15,401472,occupancy,17,400260,flow,7,4.4276785068798525e-05,0.0007428182970765423,0.09150647419578564
71,15,401472,occupancy,17,400260,flow,8,0.001249251852254296,0.012562309128814151,0.07237113271986538
71,15,401472,occupancy,17,400260,flow,9,0.0011144042954896525,0.0114714506587726,0.07309883336610469
71,15,401472,occupancy,17,400260,flow,10,0.0066140148852674606,0.04655025139191175,0.06091982290533034
71,15,401472,occupancy,17,400260,flow,11,5.567795991954208e-06,0.00012008426702567238,0.10172294780358687
71,15,401472,occupancy,17,400260,flow,12,5.171714130636251e-06,0.00011295149162966938,0.10206889019358109
71,15,401472,occupancy,18,404528,flow,5,0.0007543085227417112,0.008312787801643347,0.07553858575344909
71,15,401472,occupancy,18,404528,flow,6,0.00027152763490691093,0.003526757013823978,0.08161788044678105
71,15,401472,occupancy,18,404528,flow,7,0.002550028628322462,0.02226829123580561,0.06767216681633718
71,15,401472,occupancy,18,404528,flow,8,0.0004461036713130672,0.005351757456463344,0.07871614774164434
71,15,401472,occupancy,18,404528,flow,9,0.005431818718758807,0.03998203589203961,0.0623653978424622
71,15,401472,occupancy,18,404528,flow,11,0.00010283671822232699,0.0015404113131777138,0.0870393246633679
71,15,401472,occupancy,18,404528,flow,12,3.823234491835178e-05,0.0006520478880666392,0.09226419262686623
71,15,401472,speed,1,400125,flow,10,0.0005554195381137053,0.006424129597459724,-0.07740433491275979
71,15,401472,speed,4,400316,flow,6,0.0004955477895484523,0.005831562110730901,-0.07808946808288893
71,15,401472,speed,6,405843,flow,8,0.003917124277150602,0.031072304218308117,-0.06470504765111691
71,15,401472,speed,7,408093,flow,10,0.004385827258314123,0.03382748394200502,-0.0639043814930864
71,15,401472,speed,8,401448,flow,8,0.0015705542456895274,0.015041245711708099,-0.07089336860591297
71,15,401472,speed,12,404520,flow,5,0.005827860506004541,0.04222803989590677,-0.061852014707537484
71,15,401472,speed,12,404520,flow,6,2.8574585656552135e-05,0.0005046697057902911,-0.09375051189012557
71,15,401472,speed,18,404528,flow,7,0.0008981295899254535,0.009594262681696239,-0.0744563405503017
71,15,401472,speed,19,401795,flow,9,0.006521764081154823,0.04605855947456079,-0.061023882230006765
71,16,405838,flow,0,400593,flow,5,0.00017913634298382693,0.0024899260028640037,0.08397911024583052
71,16,405838,flow,2,400331,flow,2,0.0050227834189802145,0.037631675979872575,0.06293237234143877
71,16,405838,flow,2,400331,flow,8,0.0021629971217772257,0.01957299448277674,0.0687807907069174
71,16,405838,flow,3,400039,flow,6,0.00037227691538098867,0.00459496078413106,0.07978444751570217
71,16,405838,flow,3,400039,flow,12,0.0005937042577773889,0.006769074672996358,0.07700142950998846
71,16,405838,flow,4,400316,flow,6,0.00010547480111161346,0.0015733810110572172,0.08690179925380614
71,16,405838,flow,4,400316,flow,11,0.0072291495402804625,0.049800551768476475,0.060257511357729235
71,16,405838,flow,5,400503,flow,1,9.627747838815666e-09,3.654821675191887e-07,0.12828666941625966
71,16,405838,flow,6,405843,flow,10,0.0010843317391760379,0.011225436471462477,0.07327217246063172
71,16,405838,flow,7,408093,flow,1,8.846756763368767e-07,2.2967541597207375e-05,0.1100392184510367
71,16,405838,flow,7,408093,flow,2,7.594946777155495e-07,1.9933274652072746e-05,0.11070225003591794
71,16,405838,flow,10,400497,flow,2,0.00012452816487847887,0.0018242172678027424,-0.08599522501570456
71,16,405838,flow,10,400497,flow,4,8.329769244162316e-05,0.0012897707216767457,0.08817582383688169
71,16,405838,flow,10,400497,flow,5,1.943490877768177e-06,4.679978033421697e-05,0.1065565979464933
71,16,405838,flow,10,400497,flow,10,5.228194498214338e-06,0.0001136678421353092,0.10201804067427925
71,16,405838,flow,10,400497,flow,11,9.019047854155289e-07,2.3330710616737036e-05,0.10995512521655955
71,16,405838,flow,12,404520,flow,4,0.0041714766334111164,0.03254022942639224,0.06426040367360719
71,16,405838,flow,12,404520,flow,6,7.877254307980195e-05,0.0012307319569791841,0.08847483793471995
71,16,405838,flow,12,404520,flow,10,0.0021036987415139503,0.01913661521023429,0.06896648669561416
71,16,405838,flow,12,404520,flow,11,1.2163590610387706e-05,0.00023819905456425608,0.09798936569262068
71,16,405838,flow,14,401469,flow,1,7.602305652031893e-09,2.9270909462368786e-07,0.1291711191791857
71,16,405838,flow,14,401469,flow,4,0.0029633181519783,0.02492025387686637,0.0666467586125887
71,16,405838,flow,14,401469,flow,5,2.4428842870497817e-05,0.00043880499459688385,0.09454172891020748
71,16,405838,flow,14,401469,flow,6,0.006786025393188413,0.047467016998986304,0.060729229229970975
71,16,405838,flow,14,401469,flow,7,0.0002986818132360314,0.003815214172618733,0.08106804254842112
71,16,405838,flow,14,401469,flow,8,0.0038841330192816216,0.0308559298332045,-0.06476462839630823
71,16,405838,flow,15,401472,flow,6,0.004811441257317858,0.036491267962803976,0.06324186683635996
71,16,405838,flow,15,401472,flow,12,0.0026212340912485964,0.022704414988687097,0.06748515575253876
71,16,405838,flow,16,405838,flow,1,6.519862452192071e-60,1.618724470889066e-57,0.354417529234407
71,16,405838,flow,16,405838,flow,2,2.471544298498016e-25,3.433141919457051e-23,0.23031863227138813
71,16,405838,flow,16,405838,flow,3,3.270989410980928e-11,1.7597352746497644e-09,0.14813009752098022
71,16,405838,flow,16,405838,flow,4,0.0011260106167968894,0.011573556660867386,0.07303308806023914
71,16,405838,flow,16,405838,flow,5,0.004886859149675062,0.03696591057012129,0.06313003780464073
71,16,405838,flow,16,405838,flow,6,3.517317735874403e-05,0.0006077925047590968,0.09269217112661726
71,16,405838,flow,16,405838,flow,9,0.006486292575045573,0.04589057308253665,0.06106424666539301
71,16,405838,flow,16,405838,flow,12,0.00031132914621102793,0.003949902824175156,0.08082775692160478
71,16,405838,flow,17,400260,flow,5,0.0007929155498921361,0.008654358705240091,0.07523043866301864
71,16,405838,flow,17,400260,flow,6,0.0036642631214789897,0.029543558757346943,0.06517386047020807
71,16,405838,flow,18,404528,flow,1,2.418656357555039e-05,0.0004348146260773104,0.09459183136898697
71,16,405838,occupancy,0,400593,flow,5,8.108750524658446e-05,0.0012596117319857779,0.08831989945233228
71,16,405838,occupancy,0,400593,flow,11,0.0015526404104940703,0.01491086156336592,0.07096807177970062
71,16,405838,occupancy,2,400331,flow,2,0.00025489341641229783,0.0033398227446197353,0.08198073395401118
71,16,405838,occupancy,2,400331,flow,8,5.371717211314922e-07,1.4594854309987712e-05,0.11219345057510088
71,16,405838,occupancy,2,400331,flow,10,0.0014932156625343722,0.014466677869810467,0.07122169208061345
71,16,405838,occupancy,2,400331,flow,12,0.005450650309810136,0.040089620379759106,0.06234023396035908
71,16,405838,occupancy,3,400039,flow,1,7.271854954352016e-05,0.0011507408185930264,0.08890132427616598
71,16,405838,occupancy,3,400039,flow,6,9.748505535487272e-08,3.1241501419365736e-06,0.11927984702305826
71,16,405838,occupancy,3,400039,flow,7,0.003509801482033583,0.028506001884536714,0.06547491472308826
71,16,405838,occupancy,3,400039,flow,11,0.007190337699804833,0.0496043737833869,0.06029777535679538
71,16,405838,occupancy,3,400039,flow,12,0.00029144892066020625,0.003741632502977982,0.08120977525201704
71,16,405838,occupancy,4,400316,flow,6,0.0028875216990980846,0.024435051400790844,0.06682460838367298
71,16,405838,occupancy,5,400503,flow,1,1.784135226323951e-08,6.509682582533334e-07,0.12594810999527373
71,16,405838,occupancy,6,405843,flow,10,1.4229294699938649e-05,0.0002723551311640893,0.09722378585383211
71,16,405838,occupancy,7,408093,flow,1,3.8762163702048295e-05,0.0006597815098220986,0.09219338928964009
71,16,405838,occupancy,7,408093,flow,2,1.3872448983568434e-07,4.3395350911669545e-06,0.11784865351807103
71,16,405838,occupancy,8,401448,flow,5,0.004499697870757787,0.03452085739952697,-0.06372161416004461
71,16,405838,occupancy,8,401448,flow,11,0.0023874018107186276,0.02113870838758859,-0.06811785165141665
71,16,405838,occupancy,9,402391,flow,11,0.002407414148925372,0.021285364558652493,0.06806153484367258
71,16,405838,occupancy,10,400497,flow,2,0.006319698815618485,0.044969690139139935,-0.061256516175243206
71,16,405838,occupancy,10,400497,flow,5,5.527393121699119e-05,0.0009050861927313004,0.09035015317890877
71,16,405838,occupancy,10,400497,flow,6,0.0012568702047809687,0.012624225260762113,0.07233222008466886
71,16,405838,occupancy,10,400497,flow,10,0.0017913726344559195,0.01676501252350427,0.07003174536307037
71,16,405838,occupancy,10,400497,flow,11,1.5555461665318157e-06,3.839976822524254e-05,0.10755276322004899
71,16,405838,occupancy,10,400497,flow,12,2.0698669176390945e-09,8.597908734808547e-08,0.13393977125010587
71,16,405838,occupancy,12,404520,flow,4,0.005006443113866688,0.037541805679403045,0.06295587751159801
71,16,405838,occupancy,12,404520,flow,6,3.9244201736546475e-06,8.788748133845556e-05,0.10335300103898926
71,16,405838,occupancy,12,404520,flow,10,0.0041512762326990915,0.03244710209021182,0.0642948048762458
71,16,405838,occupancy,12,404520,flow,11,1.2704634164797324e-05,0.00024711400086413525,0.0977775163778261
71,16,405838,occupancy,13,400183,flow,7,0.006810217691001804,0.04760540521865339,0.06070277221490239
71,16,405838,occupancy,14,401469,flow,1,4.474525340684238e-07,1.2359302731301732e-05,0.11297269845482244
71,16,405838,occupancy,14,401469,flow,2,0.00686372444376294,0.047878717256670277,0.06064455496950871
71,16,405838,occupancy,14,401469,flow,5,1.9573247689361915e-07,5.946236621515361e-06,0.11643569711182014
71,16,405838,occupancy,14,401469,flow,7,5.945644753736429e-06,0.00012759654911148225,0.10141420959878446
71,16,405838,occupancy,14,401469,flow,11,0.0002649292684233003,0.0034493503302852843,0.08175925484223362
71,16,405838,occupancy,15,401472,flow,1,2.0178824973562353e-09,8.406222168349987e-08,0.1340313388227376
71,16,405838,occupancy,15,401472,flow,2,1.916017087516608e-06,4.621548753808904e-05,0.10662055886288493
71,16,405838,occupancy,15,401472,flow,3,1.7349547967300968e-07,5.308076998494348e-06,0.11693254424736726
71,16,405838,occupancy,15,401472,flow,4,4.8668977912353355e-08,1.6502475277526225e-06,0.12205038064022262
71,16,405838,occupancy,15,401472,flow,5,7.905685825989263e-10,3.474319711930174e-08,0.13736265081148588
71,16,405838,occupancy,15,401472,flow,6,2.4705964954405134e-12,1.4741680746274887e-10,0.15631796036994963
71,16,405838,occupancy,15,401472,flow,7,9.186428398442354e-06,0.00018605424604440211,0.09934572169825177
71,16,405838,occupancy,15,401472,flow,8,0.00022033466393519072,0.0029652515520249964,0.08281153228971731
71,16,405838,occupancy,15,401472,flow,9,4.1484253409466097e-07,1.1606993181923156e-05,0.11329386218784238
71,16,405838,occupancy,15,401472,flow,10,1.986796485808943e-06,4.773615583256193e-05,0.10645752079737349
71,16,405838,occupancy,15,401472,flow,11,3.4833994931212704e-11,1.8670329789434103e-09,0.1479249859467046
71,16,405838,occupancy,15,401472,flow,12,5.632851778169538e-13,3.552397033823709e-11,0.16081457557659048
71,16,405838,occupancy,16,405838,flow,3,1.288284686725823e-09,5.5377013399557764e-08,0.13563674072045295
71,16,405838,occupancy,16,405838,flow,6,0.00046315516828403946,0.005527155599411742,0.07849302087650079
71,16,405838,occupancy,16,405838,flow,12,0.0004881791842567179,0.005763689740336216,0.0781790599766615
71,16,405838,occupancy,17,400260,flow,2,0.004968190458524006,0.037365220718704226,0.06301117535136472
71,16,405838,occupancy,17,400260,flow,6,0.005470840543978908,0.04016156692317666,0.062313341543572175
71,16,405838,occupancy,18,404528,flow,1,7.103133349370202e-05,0.0011269018020300871,0.08902616802955596
71,16,405838,speed,10,400497,flow,4,0.005563632553036709,0.04071640289533895,0.0621908866236455
71,16,405838,speed,10,400497,flow,6,0.0013789140727591134,0.01360024838885701,-0.0717368120583274
71,16,405838,speed,15,401472,flow,6,0.00020377582643544482,0.0027822742421021547,-0.08325394447236167
71,16,405838,speed,15,401472,flow,12,0.006026268263057707,0.04336022467756378,-0.06160653954968997
71,17,400260,flow,0,400593,flow,7,0.0038718584693646085,0.030789648182835902,0.06478691298455468
71,17,400260,flow,0,400593,flow,9,0.00044532209834171515,0.005345349999544899,0.07872656456047127
71,17,400260,flow,1,400125,flow,1,4.200334043533791e-05,0.0007096379768504488,0.0917792514145272
71,17,400260,flow,1,400125,flow,11,0.00013588101946154302,0.0019678377608912698,0.08551540680853294
71,17,400260,flow,1,400125,flow,12,0.00025377533283143177,0.0033276081027850107,0.08200591251365882
71,17,400260,flow,2,400331,flow,2,0.00509351611877566,0.03805939622959264,0.06283141506017041
71,17,400260,flow,2,400331,flow,3,3.1820451960556423e-06,7.335344315347052e-05,0.10431869285631828
71,17,400260,flow,2,400331,flow,11,0.002553882816621253,0.022288431854149117,0.06766192291654873
71,17,400260,flow,3,400039,flow,1,0.0007688382732931719,0.008438388672929283,0.07542093361346215
71,17,400260,flow,3,400039,flow,11,0.0022726106682337543,0.020381312200061903,0.06844948243423357
71,17,400260,flow,4,400316,flow,2,0.0032964974262444237,0.027109973122741122,-0.06591110004431276
71,17,400260,flow,4,400316,flow,10,0.0004651102312231825,0.005545890695236402,0.07846792933159763
71,17,400260,flow,4,400316,flow,11,0.003978304364527971,0.031453650905492014,0.06459575442170756
71,17,400260,flow,5,400503,flow,8,1.6051282637158323e-05,0.0003037299211236266,0.09663187714986943
71,17,400260,flow,6,405843,flow,5,0.004785209879761212,0.03635614963167154,0.06328113421705528
71,17,400260,flow,6,405843,flow,11,0.0011302428731586156,0.01160325383090594,0.07300926965273698
71,17,400260,flow,7,408093,flow,11,0.0004953214922625412,0.005830487320365609,0.07809220100969749
71,17,400260,flow,8,401448,flow,1,0.0011521705646694647,0.011786352922974397,0.072887168267884
71,17,400260,flow,9,402391,flow,7,0.0017977619271369032,0.016810241396604808,0.0700082985805431
71,17,400260,flow,9,402391,flow,12,0.0038002923845552082,0.030359815002156152,0.06491813356861675
71,17,400260,flow,10,400497,flow,2,5.151799645779633e-10,2.320727264835038e-08,-0.13885872344740466
71,17,400260,flow,10,400497,flow,5,8.508560516817244e-08,2.7678449873983806e-06,0.11982731620107373
71,17,400260,flow,10,400497,flow,6,0.0007359333382306978,0.008162341517732001,0.07569042447704552
71,17,400260,flow,10,400497,flow,7,0.0051033780534009135,0.03810334115225016,-0.0628174397770105
71,17,400260,flow,10,400497,flow,10,1.3107430675519305e-08,4.864613446584485e-07,0.12712229031401145
71,17,400260,flow,10,400497,flow,11,1.4459464736829157e-15,1.1134561080766837e-13,0.17778257615721405
71,17,400260,flow,10,400497,flow,12,3.886442745226913e-06,8.71725475564915e-05,0.10339797219677023
71,17,400260,flow,11,405841,flow,3,1.2224025786779465e-07,3.848477593791535e-06,0.11836376584923193
71,17,400260,flow,11,405841,flow,10,0.0018612192992519731,0.017282052203833182,0.06977949436126978
71,17,400260,flow,12,404520,flow,1,0.004608424653501433,0.03519871729689921,-0.06355096964326695
71,17,400260,flow,12,404520,flow,2,1.88872204452167e-05,0.0003498833290022991,-0.09582719603786205
71,17,400260,flow,12,404520,flow,5,0.000214716753368962,0.0029039609698182267,0.08295802414037447
71,17,400260,flow,12,404520,flow,6,2.0354850190519354e-05,0.0003738645953360698,0.09545495716305746
71,17,400260,flow,12,404520,flow,10,0.0005062403676411356,0.005942821707091592,0.0779616443283898
71,17,400260,flow,12,404520,flow,11,0.004405270808793841,0.03393788501327801,0.06387287178209167
71,17,400260,flow,13,400183,flow,2,1.70670530125751e-05,0.00032042446333908924,0.09632912687910172
71,17,400260,flow,13,400183,flow,6,0.00222272634364485,0.020012875791049923,0.0685984015999498
71,17,400260,flow,13,400183,flow,11,0.006891849064547001,0.04804387277528327,0.06061411756977078
71,17,400260,flow,13,400183,flow,12,0.0003940210644225322,0.004826115674242526,0.07945062300462094
71,17,400260,flow,14,401469,flow,1,1.2277797984395384e-05,0.00024010904161425104,0.09794390901062626
71,17,400260,flow,14,401469,flow,2,0.0029268454214921675,0.02468561542531465,0.06673181430627696
71,17,400260,flow,14,401469,flow,3,0.003820704642931976,0.030500355669319097,0.06488047935982816
71,17,400260,flow,14,401469,flow,5,2.7905515757369385e-07,8.184803357638183e-06,0.11496255047858991
71,17,400260,flow,14,401469,flow,6,7.560510167710332e-07,1.9854956793014368e-05,0.11072194123684
71,17,400260,flow,14,401469,flow,7,1.6911133491423716e-10,8.045825625875601e-09,0.14267741295501055
71,17,400260,flow,14,401469,flow,11,9.258409341502494e-06,0.0001872487282551066,0.09930824452087511
71,17,400260,flow,14,401469,flow,12,0.001520281677013404,0.014666406531259278,0.07110504549769672
71,17,400260,flow,15,401472,flow,1,0.0031783700512135497,0.026359298562569657,0.06616383838046093
71,17,400260,flow,15,401472,flow,11,0.0004451631838011955,0.005344927609842036,0.0787286846621096
71,17,400260,flow,15,401472,flow,12,0.0015288159471197277,0.01473886385083067,0.07106866154794989
71,17,400260,flow,16,405838,flow,2,1.0069333703917906e-06,2.5754601303093757e-05,0.10947367496921113
71,17,400260,flow,16,405838,flow,7,4.200267845595644e-05,0.0007096379768504488,0.09177933286095032
71,17,400260,flow,16,405838,flow,10,0.006774665024787115,0.04742594864216551,0.060741682315256375
71,17,400260,flow,17,400260,flow,1,2.8669399718390746e-108,1.2142333998377256e-105,0.46705929341008906
71,17,400260,flow,17,400260,flow,2,1.3307642375074607e-24,1.785373138519326e-22,0.22683336434347898
71,17,400260,flow,17,400260,flow,3,0.004043653992772452,0.031784179855853335,0.0644806843407123
71,17,400260,flow,17,400260,flow,4,0.00489490373551603,0.036998480287456934,0.06311820160878062
71,17,400260,flow,17,400260,flow,6,0.00687209052461326,0.04792933656171986,0.06063548923699074
71,17,400260,flow,17,400260,flow,9,0.00035457681369548415,0.0044130562810846775,0.08004980709737901
71,17,400260,flow,18,404528,flow,1,0.0037990150757324804,0.030358389062457112,0.06492049590310575
71,17,400260,flow,18,404528,flow,7,0.00042674086629303025,0.005158143655248715,0.07897937520887498
71,17,400260,flow,19,401795,flow,1,6.217723276531046e-119,2.9196265820232736e-116,0.4871473857077564
71,17,400260,flow,19,401795,flow,3,3.3292737229256836e-06,7.650246001616464e-05,-0.10411111396775921
71,17,400260,flow,19,401795,flow,11,0.0006493207629801925,0.007314382519098909,0.07645721517517402
71,17,400260,flow,19,401795,flow,12,0.0034531140814638536,0.028130214655711572,0.06558843038675546
71,17,400260,occupancy,0,400593,flow,7,0.0032579731512637294,0.02685962597988418,0.06599260537839596
71,17,400260,occupancy,1,400125,flow,1,0.001466414465170913,0.014288842680051858,0.07133913148133326
71,17,400260,occupancy,1,400125,flow,11,0.0038295446552582993,0.03054706916093796,0.06486422896395712
71,17,400260,occupancy,2,400331,flow,3,0.0005876511414282108,0.006711455602933045,0.07706349332679828
71,17,400260,occupancy,2,400331,flow,11,0.0032009417587992536,0.026497978529513744,0.06611489162018024
71,17,400260,occupancy,3,400039,flow,1,0.005285297877639789,0.039143642776279595,0.0625639215149998
71,17,400260,occupancy,5,400503,flow,8,0.003933518344368172,0.03117944816086331,0.06467560989097114
71,17,400260,occupancy,7,408093,flow,11,0.0014736398876783584,0.014341347859361362,0.07130727726894467
71,17,400260,occupancy,9,402391,flow,7,0.0015657652948984704,0.015011331722062565,0.0709132621059311
71,17,400260,occupancy,10,400497,flow,2,9.152791974979529e-05,0.00139668178494919,-0.08766930779972289
71,17,400260,occupancy,10,400497,flow,10,0.00037239034267236976,0.004595047930147493,0.07978265937180298
71,17,400260,occupancy,10,400497,flow,11,0.00011198903767143295,0.001661375833587192,0.08657562586504683
71,17,400260,occupancy,11,405841,flow,3,4.005571187688791e-06,8.947294483358623e-05,0.10325828630100937
71,17,400260,occupancy,12,404520,flow,2,0.0008146416269775071,0.008837900121905651,-0.07506309565057684
71,17,400260,occupancy,12,404520,flow,6,0.005151653202696126,0.03837755101853296,0.06274937932478548
71,17,400260,occupancy,13,400183,flow,2,0.0004193720143243592,0.005087504822033037,0.07908248764793889
71,17,400260,occupancy,14,401469,flow,1,0.002821683451085102,0.023971824009218566,0.06698258236084385
71,17,400260,occupancy,14,401469,flow,5,2.570022821577712e-06,6.066939119790009e-05,0.10529379912696582
71,17,400260,occupancy,14,401469,flow,7,5.5374103470128037e-05,0.0009057785951948244,0.09034065934708731
71,17,400260,occupancy,16,405838,flow,2,4.3254136760933863e-07,1.2039811263352726e-05,0.11311665266130663
71,17,400260,occupancy,17,400260,flow,9,0.0005883130310860499,0.006716470122335454,-0.07705667795587476
71,17,400260,occupancy,18,404528,flow,7,0.002100566008567452,0.01911616843693152,0.06897642985771961
71,17,400260,occupancy,19,401795,flow,1,0.00012411650515706103,0.0018188036033870542,-0.0860133871293766
71,17,400260,occupancy,19,401795,flow,3,5.976370510666299e-08,1.9952025197896764e-06,-0.1212377427412611
71,17,400260,occupancy,19,401795,flow,12,0.004699915996263373,0.03579110747625155,0.06341017557987881
71,17,400260,speed,2,400331,flow,11,0.0014550669996285306,0.014213853804151444,-0.07138945118590917
71,17,400260,speed,6,405843,flow,12,0.002215609245350502,0.019957114136601686,0.0686198971564611
71,17,400260,speed,9,402391,flow,7,0.0007009410354069722,0.007824458069659224,-0.07598956927340604
71,17,400260,speed,12,404520,flow,3,0.00546312729726107,0.040150918550812896,-0.062323604631886735
71,17,400260,speed,14,401469,flow,1,0.004815411359552361,0.036514967655373355,-0.06323594061729791
71,17,400260,speed,14,401469,flow,5,0.000897979570967132,0.009594262681696239,-0.07445738313579389
71,17,400260,speed,16,405838,flow,2,0.004982532730083309,0.037442068785463384,-0.06299039730253328
71,17,400260,speed,19,401795,flow,3,0.003583248312120979,0.02897722334025202,0.06533029234008
71,17,400260,speed,19,401795,flow,5,6.446553919688395e-05,0.0010364388884649745,0.08954027567475371
71,18,404528,flow,0,400593,flow,1,0.002219904354756791,0.019991633964038646,0.06860691721605928
71,18,404528,flow,1,400125,flow,3,0.0003663546771531113,0.004533521069325239,0.07987852396278197
71,18,404528,flow,1,400125,flow,11,0.0012979573881155865,0.012964568593431985,0.07212603541847284
71,18,404528,flow,1,400125,flow,12,0.000186233140160471,0.0025736633573040135,0.08376108888934632
71,18,404528,flow,2,400331,flow,1,0.0024310538539904117,0.021459241212175274,0.06799555928398396
71,18,404528,flow,2,400331,flow,2,0.00018634094013688933,0.0025743295855176263,0.0837578377221508
71,18,404528,flow,2,400331,flow,10,0.0018528632567456562,0.017213697352991903,0.06980920998413206
71,18,404528,flow,3,400039,flow,1,0.0006858090004463933,0.007675375341783469,0.07612324822528059
71,18,404528,flow,3,400039,flow,3,0.0061323667985051025,0.04393337407884252,0.061478242770989656
71,18,404528,flow,3,400039,flow,5,0.0026158338100221753,0.02268701477473559,0.06749917514611946
71,18,404528,flow,3,400039,flow,11,0.0010066183923130168,0.010567658456360225,0.07374158459707181
71,18,404528,flow,5,400503,flow,1,3.4874384593866785e-10,1.5908906171647786e-08,0.14020804208479115
71,18,404528,flow,5,400503,flow,2,1.6088347612151638e-07,4.957322516725755e-06,0.11724244366623406
71,18,404528,flow,5,400503,flow,4,0.002084247165014444,0.019004637903848962,0.069028446002318
71,18,404528,flow,5,400503,flow,9,0.00037708318459341223,0.004643669776064825,0.07970912065416122
71,18,404528,flow,5,400503,flow,11,0.0016217051185986708,0.015451623538478733,0.0706842978611028
71,18,404528,flow,6,405843,flow,1,5.278465166877053e-06,0.00011453023365599633,0.10197322193291371
71,18,404528,flow,6,405843,flow,4,0.0005024939848312141,0.00590205006653302,0.07800614150765581
71,18,404528,flow,7,408093,flow,1,6.69489814722059e-08,2.2122472780766547e-06,0.12078619440850491
71,18,404528,flow,7,408093,flow,2,0.002711225170502633,0.02330380568358809,0.06725533555492079
71,18,404528,flow,7,408093,flow,3,1.5173193208189191e-06,3.7520431974457533e-05,0.10766353778842087
71,18,404528,flow,7,408093,flow,4,0.0007211101568578255,0.008014396392142542,0.07581549843958245
71,18,404528,flow,7,408093,flow,6,1.8356406573349117e-05,0.0003413675264609048,0.09596864199035213
71,18,404528,flow,7,408093,flow,9,0.007085746937690774,0.04908663689997458,0.060407257955389995
71,18,404528,flow,7,408093,flow,12,0.0005549957957685558,0.006420947610391433,0.0774089372962567
71,18,404528,flow,9,402391,flow,1,7.579800997876194e-14,5.1404615872566964e-12,0.16667638769351076
71,18,404528,flow,10,400497,flow,4,0.0015581855750119882,0.014951936215130586,0.07094486329430154
71,18,404528,flow,10,400497,flow,10,3.528689210790184e-06,8.048541388919534e-05,0.10384356138611793
71,18,404528,flow,10,400497,flow,11,4.072320150920857e-13,2.5871210370556032e-11,0.16178425610485755
71,18,404528,flow,10,400497,flow,12,2.2041571322443203e-05,0.00039986869816220004,0.09505746715403161
71,18,404528,flow,11,405841,flow,9,2.4518807247777126e-05,0.0004400550366032288,0.09452324480278139
71,18,404528,flow,12,404520,flow,9,0.0014471709820641626,0.014147496362338046,0.07142467931033339
71,18,404528,flow,12,404520,flow,10,1.0851609598238396e-06,2.7575854979052867e-05,0.10914551423661503
71,18,404528,flow,12,404520,flow,11,0.0016085665402936107,0.01533997230478675,0.07073741432568649
71,18,404528,flow,12,404520,flow,12,0.0030249082205343696,0.02533403450168075,0.06650527162440914
71,18,404528,flow,13,400183,flow,6,0.00339158628918494,0.02772833605086855,0.06571357326867736
71,18,404528,flow,14,401469,flow,1,2.061884365393108e-05,0.0003774296804448401,0.0953907222248497
71,18,404528,flow,14,401469,flow,2,0.004903612180998842,0.037021329293804604,0.0631054084629562
71,18,404528,flow,14,401469,flow,7,0.00014977304957612832,0.002142099914269103,0.08497717256856764
71,18,404528,flow,14,401469,flow,12,0.002700690562825047,0.023250265506983267,0.06728187584497251
71,18,404528,flow,16,405838,flow,1,8.66385889745655e-08,2.8141255967678417e-06,0.11975466680265916
71,18,404528,flow,16,405838,flow,3,0.0006221082416391308,0.007050124879016383,0.07671783756024285
71,18,404528,flow,16,405838,flow,6,0.00010126336074666288,0.0015210629986981351,0.08712293767332219
71,18,404528,flow,17,400260,flow,1,1.3060818140135624e-05,0.0002526768220572588,0.09764269633011584
71,18,404528,flow,17,400260,flow,2,0.005316204319165066,0.03932534701848131,0.06252163611354324
71,18,404528,flow,17,400260,flow,4,0.0029709249152529422,0.024974500163247152,0.06662913974555437
71,18,404528,flow,17,400260,flow,6,0.00287038762477248,0.024313871645131598,0.0668654014868118
71,18,404528,flow,17,400260,flow,11,0.0005753965908662791,0.006597794918658305,0.07719098383776554
71,18,404528,flow,17,400260,flow,12,6.906772397832222e-06,0.00014433147759454514,0.1007062988621763
71,18,404528,flow,18,404528,flow,1,2.651287205299114e-153,1.636222960984596e-150,0.5435440650114486
71,18,404528,flow,18,404528,flow,2,7.337288698982141e-18,6.89067112600062e-16,0.19142676088440672
71,18,404528,flow,18,404528,flow,3,0.0008057969884343785,0.008768370251981147,0.07511183698983974
71,18,404528,flow,18,404528,flow,11,0.00349928877878232,0.02844736079100418,0.06549583971454512
71,18,404528,flow,19,401795,flow,1,0.0020036345208978615,0.018383089454600553,0.06929100644988205
71,18,404528,flow,19,401795,flow,4,0.0032473922343657356,0.02679284654786092,0.06601514485977274
71,18,404528,occupancy,5,400503,flow,1,9.864347222302552e-05,0.0014905204617120331,0.08726492443529321
71,18,404528,occupancy,5,400503,flow,2,0.005164351531293515,0.038465514853772385,0.06273157234697412
71,18,404528,occupancy,5,400503,flow,8,0.0023575999952591153,0.020956444402303244,0.0682025226663894
71,18,404528,occupancy,5,400503,flow,11,0.006076763198012322,0.04362182953707748,0.06154522851473021
71,18,404528,occupancy,6,405843,flow,3,0.006012690959317182,0.043272637458768956,0.06162310401827973
71,18,404528,occupancy,7,408093,flow,3,8.128208133774372e-07,2.1216833315954857e-05,0.11040782398494123
71,18,404528,occupancy,7,408093,flow,8,0.003761497293724667,0.03011428522774381,-0.06499020736634738
71,18,404528,occupancy,7,408093,flow,9,3.2115420681483104e-05,0.0005598814259241607,0.09315681836038824
71,18,404528,occupancy,7,408093,flow,10,0.0018520612908953758,0.017213650552211756,0.06981206838889743
71,18,404528,occupancy,8,401448,flow,10,0.00646794627665135,0.045807815280841345,-0.06108520155740821
71,18,404528,occupancy,10,400497,flow,11,0.0026853042337841556,0.023145479429264867,0.0673208096396062
71,18,404528,occupancy,10,400497,flow,12,0.001587370093167592,0.015164614777717819,0.07082395414592645
71,18,404528,occupancy,13,400183,flow,1,0.0019959266446524927,0.01833383607250429,0.06931661645189208
71,18,404528,occupancy,14,401469,flow,1,0.0023525577730556645,0.02092885004036341,0.06821694507032597
71,18,404528,occupancy,14,401469,flow,11,0.00726791133204948,0.04998786332503384,0.06021749229895678
71,18,404528,occupancy,15,401472,flow,2,0.006856115637145267,0.047841091184731954,0.06065280871567594
71,18,404528,occupancy,15,401472,flow,6,0.00031200198958663785,0.003956115629628046,0.08081523101547153
71,18,404528,occupancy,15,401472,flow,9,0.0017741387878718589,0.01666147731218789,0.07009537352882221
71,18,404528,occupancy,15,401472,flow,11,0.0002826009942621034,0.0036475539145870532,0.08138770250926909
71,18,404528,occupancy,15,401472,flow,12,1.1430271200849567e-05,0.00022536165582164985,0.098291319986702
71,18,404528,occupancy,16,405838,flow,1,1.2942441117734836e-07,4.060373683995243e-06,0.11813148919202306
71,18,404528,occupancy,17,400260,flow,6,0.002797638830032029,0.023823772414228988,0.06704111507502908
71,18,404528,occupancy,17,400260,flow,7,0.003133657763422488,0.026043481219671316,0.06626173895016538
71,18,404528,occupancy,18,404528,flow,8,0.005361247178818363,0.03957072396243617,-0.06246040519800722
71,18,404528,occupancy,19,401795,flow,10,0.0003524668803138178,0.004389325231927624,-0.08010483208801109
71,18,404528,speed,5,400503,flow,8,0.004999153614090046,0.03749683356486582,-0.06296638566236255
71,18,404528,speed,6,405843,flow,3,0.0010485474219133271,0.010922895738282066,-0.07348431965348996
71,18,404528,speed,7,408093,flow,9,0.00046922732237314214,0.005582847890330932,-0.07841540999439522
71,18,404528,speed,14,401469,flow,11,4.5036944313290155e-05,0.000754984863924771,-0.09141822302300454
71,18,404528,speed,15,401472,flow,6,9.128786369949159e-05,0.0013936546740556807,-0.08768346175889179
71,18,404528,speed,15,401472,flow,9,0.000549340257849953,0.006381150615519756,-0.07747067882711643
71,18,404528,speed,15,401472,flow,11,3.3749313096687355e-05,0.0005855625726718878,-0.09290355890603905
71,18,404528,speed,15,401472,flow,12,2.6252962557257e-05,0.00046845435046406547,-0.09417899967702956
71,18,404528,speed,16,405838,flow,1,0.0032865839345264814,0.027049042859886456,-0.06593199070949732
71,18,404528,speed,17,400260,flow,3,0.00526868062494804,0.03906075218770471,-0.06258674915488584
71,18,404528,speed,17,400260,flow,5,0.0023029207184640014,0.020597551767628335,0.0683604531246002
71,18,404528,speed,19,401795,flow,8,0.002428127715831059,0.021437792218250918,-0.06800369388240021
71,18,404528,speed,19,401795,flow,10,0.0038681802144790965,0.03077447242458508,0.06479360338717936
71,19,401795,flow,0,400593,flow,5,0.0026537085203899337,0.02294180670018914,0.06740140274984258
71,19,401795,flow,0,400593,flow,10,8.535642111699818e-05,0.001316927640090829,0.0880448327965063
71,19,401795,flow,1,400125,flow,1,1.5196271871087248e-06,3.753453086512116e-05,0.10765677436151283
71,19,401795,flow,1,400125,flow,2,0.006505940280767294,0.045991919510578815,0.06104186431992414
71,19,401795,flow,1,400125,flow,11,0.0003758659727177963,0.0046313205993750136,0.07972811238929385
71,19,401795,flow,2,400331,flow,3,3.72642821768991e-05,0.0006378038787805234,0.09239599967946927
71,19,401795,flow,2,400331,flow,9,0.00026684642749668264,0.0034722185746556295,0.08171784155636624
71,19,401795,flow,3,400039,flow,1,0.0017259330276124952,0.016265337432997337,0.07027641488128362
71,19,401795,flow,3,400039,flow,4,0.0005492416500256867,0.006381150615519756,0.07747176056803443
71,19,401795,flow,3,400039,flow,9,0.002595537643871805,0.022569892555407,0.06755210249468212
71,19,401795,flow,3,400039,flow,10,0.003481644783939186,0.028319912383011264,0.06553108799507566
71,19,401795,flow,4,400316,flow,2,0.006089320993123725,0.043697452973911116,-0.06153005203835659
71,19,401795,flow,4,400316,flow,11,0.004537294593985747,0.03476607422138778,0.06366218876046954
71,19,401795,flow,5,400503,flow,6,0.0023798484688366556,0.02108479365335183,0.06813921985195696
71,19,401795,flow,6,405843,flow,5,0.0014121929520739985,0.013868319056512101,0.07158289460539521
71,19,401795,flow,7,408093,flow,1,0.0041570031080710255,0.03247835735373868,0.0642850366434843
71,19,401795,flow,7,408093,flow,4,0.005747996480945784,0.041747385335719214,0.061952954764806244
71,19,401795,flow,7,408093,flow,10,0.001636972029815633,0.015562762255289467,0.07062307186868841
71,19,401795,flow,8,401448,flow,1,0.0015564895665370361,0.014939097578920498,0.07095195361453858
71,19,401795,flow,9,402391,flow,9,0.005357668959710407,0.03956432462555377,0.06246525239402431
71,19,401795,flow,10,400497,flow,2,3.2417319821700574e-07,9.298992140089407e-06,-0.11433455654391879
71,19,401795,flow,10,400497,flow,5,0.0011806776262304733,0.012006891114208204,0.07273159998482848
71,19,401795,flow,10,400497,flow,10,2.385194033835056e-06,5.6522425815509824e-05,0.10563248798619457
71,19,401795,flow,10,400497,flow,11,1.0515507907343998e-07,3.3550217252382623e-06,0.11897400224627383
71,19,401795,flow,11,405841,flow,1,0.005795531608048811,0.04201492959686334,0.06189272412107355
71,19,401795,flow,11,405841,flow,4,0.000578853704199946,0.006629941831177389,0.07715476382015354
71,19,401795,flow,11,405841,flow,10,8.394347436522892e-05,0.001297444755841821,0.08813440854248575
71,19,401795,flow,12,404520,flow,2,0.0015247372673320024,0.014706106262277852,-0.07108602670086513
71,19,401795,flow,12,404520,flow,11,0.002704272041782203,0.023267188250346776,0.06727284228225278
71,19,401795,flow,13,400183,flow,1,0.00042366550945699736,0.0051267086858661865,0.07902220514744261
71,19,401795,flow,13,400183,flow,2,0.000738969491610052,0.008181312669798628,0.07566509504744076
71,19,401795,flow,13,400183,flow,10,0.0034558895356865864,0.02814751658025274,0.06558283326273161
71,19,401795,flow,13,400183,flow,11,0.0008300501115082066,0.008975760905420406,0.07494690313423995
71,19,401795,flow,13,400183,flow,12,7.290718845418735e-05,0.0011532737243577056,0.08888753671702387
71,19,401795,flow,14,401469,flow,6,3.506604463742152e-08,1.227595727987528e-06,0.12333679863006934
71,19,401795,flow,14,401469,flow,7,0.0007266147951247169,0.008065200192545675,0.07576877559978969
71,19,401795,flow,14,401469,flow,8,0.0002964772407882029,0.003793784597763734,0.08111089895444643
71,19,401795,flow,14,401469,flow,10,0.0006141275721634118,0.00696753312291195,0.07679628178240497
71,19,401795,flow,14,401469,flow,11,2.0834754340221327e-07,6.289737159312099e-06,0.1161775689147614
71,19,401795,flow,14,401469,flow,12,0.0019934138409738664,0.018314648645272442,0.06932498503876364
71,19,401795,flow,16,405838,flow,11,0.002024070898672965,0.01853324773689531,0.06922353983532716
71,19,401795,flow,17,400260,flow,1,0.00010251890602123026,0.001536716426133639,0.08703426300360172
71,19,401795,flow,17,400260,flow,8,0.007236830934318767,0.04983757314882365,0.060234411181865066
71,19,401795,flow,17,400260,flow,12,4.7444857367730895e-06,0.00010446574099316895,0.10247169073494147
71,19,401795,flow,18,404528,flow,9,0.0031869515412872714,0.02640569641520616,0.06614519222851947
71,19,401795,flow,19,401795,flow,2,5.370189828038137e-26,7.681860946067798e-24,0.2334298806055056
71,19,401795,flow,19,401795,flow,3,3.3931623027446936e-07,9.677651275511334e-06,0.11414259029000247
71,19,401795,flow,19,401795,flow,4,1.671457629036323e-07,5.142946550880994e-06,0.11708574379848713
71,19,401795,flow,19,401795,flow,5,3.276024504807057e-09,1.3276196867510776e-07,0.13227610873042825
71,19,401795,flow,19,401795,flow,6,0.0004666101057375747,0.0055607052601002,0.07844874630270932
71,19,401795,flow,19,401795,flow,7,3.058805881435495e-06,7.085276894263452e-05,0.10449965315308671
71,19,401795,flow,19,401795,flow,8,1.0498739250251107e-05,0.00020978054376079918,0.09870272907999811
71,19,401795,flow,19,401795,flow,9,5.788384054877628e-07,1.5579949605651936e-05,0.11187340366305437
71,19,401795,flow,19,401795,flow,11,9.057166275957934e-07,2.3401290856542032e-05,0.10993672899622227
71,19,401795,flow,19,401795,flow,12,2.9192367815610913e-09,1.1942332288204463e-07,0.13269584848905502
71,19,401795,occupancy,0,400593,flow,10,0.0027195114186937945,0.02334715685365102,0.06723452572780589
71,19,401795,occupancy,1,400125,flow,1,0.00302542324060581,0.02533403450168075,0.0665040996126649
71,19,401795,occupancy,2,400331,flow,3,0.0013514745881954824,0.013384617654755808,0.07186631883423367
71,19,401795,occupancy,4,400316,flow,11,0.003840089889875567,0.030607358531849538,0.06484488838255478
71,19,401795,occupancy,10,400497,flow,2,2.720275969387531e-06,6.372880795962112e-05,-0.10503526432858909
71,19,401795,occupancy,10,400497,flow,5,0.004329295107806485,0.0334811222086001,0.06399672013343288
71,19,401795,occupancy,10,400497,flow,11,0.0023719615867531275,0.021041906095522957,0.06816159794332566
71,19,401795,occupancy,11,405841,flow,4,0.006479921204185705,0.0458530050812158,0.061071517913068696
71,19,401795,occupancy,12,404520,flow,11,0.0026179016855022537,0.02268960548100351,0.06749380371952929
71,19,401795,occupancy,13,400183,flow,9,0.00419428552670894,0.03267685027120401,-0.06422174128104216
71,19,401795,occupancy,13,400183,flow,12,0.0058650260081227965,0.042433281452169624,0.061805465518366534
71,19,401795,occupancy,14,401469,flow,6,0.00031158341054782446,0.003951968096202589,0.08082302046655446
71,19,401795,occupancy,16,405838,flow,8,0.007175371947957249,0.049524855112917904,-0.06031335314603188
71,19,401795,occupancy,17,400260,flow,1,0.0025338583009314897,0.022167411624188,0.06769827608519528
71,19,401795,occupancy,19,401795,flow,1,1.0115483973717621e-15,7.88788641993865e-14,0.17870198992746578
71,19,401795,occupancy,19,401795,flow,2,1.7615750458650208e-06,4.289024453235646e-05,-0.10699737240073051
71,19,401795,occupancy,19,401795,flow,3,0.0065203719149104665,0.04605625682212756,0.06102546270681872
71,19,401795,occupancy,19,401795,flow,4,0.002887088313082982,0.024435051400790844,0.06682563747169602
71,19,401795,occupancy,19,401795,flow,5,2.3046196634417237e-05,0.0004165672362371651,0.09483425540507695
71,19,401795,occupancy,19,401795,flow,9,0.0031826287852760337,0.026385080200881202,0.06615457913587094
71,19,401795,occupancy,19,401795,flow,12,0.0014522876523028944,0.014191094001240679,0.07140183113537021
71,19,401795,speed,7,408093,flow,10,0.0002678462291068547,0.003483129770444348,-0.08169635490597901
71,19,401795,speed,10,400497,flow,2,0.00014792175436229672,0.002121586915156447,0.08504611724058582
71,19,401795,speed,10,400497,flow,10,0.0016427753328470158,0.015607695382679887,-0.07059993612078483
71,19,401795,speed,13,400183,flow,9,0.00025112677748141335,0.00329947590851492,0.08206597364285845
71,19,401795,speed,14,401469,flow,4,0.0016695509071325664,0.015827210706194177,-0.07049415502880606
71,19,401795,speed,18,404528,flow,10,0.002701994254698221,0.023256854314198674,-0.06727858627811438
