graph_slot,source_node_index,source_node_id,source_feature,target_node_index,target_node_id,target_feature,lag_5min_steps,raw_p_value,fdr_bh_q_value,parcorr_value
243,0,400593,flow,0,400593,flow,1,1.4805633812728375e-13,9.809867802298555e-12,0.1646894065087521
243,0,400593,flow,0,400593,flow,2,4.508058464494813e-24,5.501359482095365e-22,0.224215434475316
243,0,400593,flow,0,400593,flow,3,1.9438904875353237e-18,1.756821528483807e-16,0.19476806866785806
243,0,400593,flow,0,400593,flow,4,1.469161803356109e-22,1.6746118708439027e-20,0.21677093345032727
243,0,400593,flow,0,400593,flow,5,1.739552453256879e-12,1.0510302934363241e-10,0.15739680423476307
243,0,400593,flow,0,400593,flow,6,3.531881213393915e-06,9.147318250516614e-05,0.10383939765229856
243,0,400593,flow,0,400593,flow,7,3.251258471581603e-05,0.0006685119751181593,0.09309414986407126
243,0,400593,flow,0,400593,flow,8,3.894578574415808e-06,0.00010038531886322369,0.10338830279759484
243,0,400593,flow,0,400593,flow,11,0.00015881678962393134,0.002646946493732189,0.08465148764788294
243,0,400593,flow,0,400593,flow,12,5.237964628915447e-05,0.0010124388007568112,0.09063173985489735
243,0,400593,flow,3,400039,flow,7,0.005857057965198746,0.04782175469600942,0.06181542294159001
243,0,400593,flow,3,400039,flow,12,0.004768504260762562,0.04080938924578981,0.06330624347640026
243,0,400593,flow,6,405843,flow,9,2.691846129598838e-05,0.0005685872238389471,0.09405260443888597
243,0,400593,flow,7,408093,flow,6,0.0016681500521927158,0.018211797385576274,0.07049965052550025
243,0,400593,flow,7,408093,flow,8,0.003603604476469889,0.03309432682472347,0.06529068649016505
243,0,400593,flow,11,405841,flow,5,0.0014215546034002102,0.01595924086977367,0.07154019852592047
243,0,400593,flow,13,400183,flow,2,7.789165939579465e-06,0.00018904043179204094,0.10013488711726883
243,0,400593,flow,13,400183,flow,4,0.001231056650873012,0.014156618096953505,0.07246496259255988
243,0,400593,flow,14,401469,flow,4,7.764502158135077e-05,0.001429171253649064,0.08855186624267507
243,0,400593,flow,18,404528,flow,12,0.00016549264664132598,0.002747610428480124,0.08442208039242324
243,0,400593,occupancy,0,400593,flow,1,5.825236107969957e-20,5.771793574869316e-18,0.20324650755623455
243,0,400593,occupancy,0,400593,flow,4,1.3564953899729892e-21,1.4433645528776633e-19,-0.21188840431468164
243,0,400593,occupancy,2,400331,flow,3,0.0038502599825162775,0.03475370481502365,0.0648262814549072
243,0,400593,occupancy,3,400039,flow,11,0.001231166995144776,0.014156618096953505,-0.07246438971748136
243,0,400593,occupancy,6,405843,flow,9,0.00044152137647033185,0.006227137924752967,0.07877746499391475
243,0,400593,occupancy,6,405843,flow,12,0.001723394128963795,0.018696792157517815,-0.07028607823085167
243,0,400593,occupancy,7,408093,flow,6,0.0052538573763340115,0.043917693238705355,0.06260716722365273
243,0,400593,speed,0,400593,flow,1,0.001365075870728611,0.015445593927573598,-0.07180182465341976
243,0,400593,speed,0,400593,flow,4,0.000369962720532589,0.005361418828248187,0.07982104159501824
243,0,400593,speed,3,400039,flow,11,0.002931853699490151,0.028179687733507534,0.06672007776988963
243,1,400125,flow,1,400125,flow,1,9.294620567762284e-101,3.346063404394422e-98,0.45214382820657306
243,1,400125,flow,1,400125,flow,2,7.215751709106245e-27,9.74126480729343e-25,0.23745266467012296
243,1,400125,flow,1,400125,flow,9,0.0008563108642850158,0.010642298428398355,0.07475340646800652
243,1,400125,flow,1,400125,flow,11,0.00010288090425572274,0.0018229922329151855,0.08703699394288252
243,1,400125,flow,3,400039,flow,1,0.0006864222922334484,0.00892369636608034,0.07609865244443882
243,1,400125,flow,3,400039,flow,12,0.003964454978851832,0.035561556288704145,0.06462036099730599
243,1,400125,flow,4,400316,flow,3,3.434820876113668e-05,0.000699595765431921,-0.09281363425413651
243,1,400125,flow,4,400316,flow,4,0.0012233782222944335,0.014085804691662986,-0.07250494358608346
243,1,400125,flow,5,400503,flow,1,0.0014001334563181428,0.01577434480740137,0.07163828082408819
243,1,400125,flow,5,400503,flow,10,0.003507878604359538,0.03247061403649712,0.06547873784910223
243,1,400125,flow,6,405843,flow,7,0.0008053158339268635,0.010122096021425806,0.07513441349812157
243,1,400125,flow,8,401448,flow,3,0.005447815469154472,0.04520469238541335,0.06234401702245021
243,1,400125,flow,9,402391,flow,11,0.0001419320583223599,0.0024038583599823153,0.08527488152372818
243,1,400125,flow,10,400497,flow,3,0.0002920179172856657,0.004390941185778196,-0.0811985067940121
243,1,400125,flow,10,400497,flow,10,0.0006595865136652499,0.008631971339090818,0.07636152746606809
243,1,400125,flow,10,400497,flow,11,4.370586411248201e-05,0.0008664953325650403,0.09157370502187458
243,1,400125,flow,10,400497,flow,12,0.0002026226791172955,0.003244366100024895,0.08328599754182478
243,1,400125,flow,11,405841,flow,11,0.005838612091995215,0.047707214370000625,0.06183852109515521
243,1,400125,flow,12,404520,flow,2,8.841537805889056e-05,0.0015988046597505536,-0.08785560742587771
243,1,400125,flow,12,404520,flow,3,1.0933163722228796e-05,0.00025585735254619933,-0.09850670799958594
243,1,400125,flow,12,404520,flow,9,0.004229070458429327,0.037430002828139096,0.06416314420037666
243,1,400125,flow,12,404520,flow,10,0.003628545384513428,0.03322449355891906,0.06524243661459463
243,1,400125,flow,14,401469,flow,1,5.3789996391404066e-05,0.0010359910138692178,0.09049273432699369
243,1,400125,flow,15,401472,flow,1,0.0016475433486141475,0.018052334262278168,0.07058098387167693
243,1,400125,flow,15,401472,flow,2,0.0017703065369002132,0.01909544129690118,-0.07010959950983846
243,1,400125,flow,15,401472,flow,3,2.6004942837132973e-09,1.1416804172399842e-07,-0.13311541531468815
243,1,400125,flow,15,401472,flow,4,1.9052989860388131e-07,6.365732111127357e-06,-0.11654686273303026
243,1,400125,flow,15,401472,flow,5,0.0005926231603665942,0.007911409310209169,-0.07701247091520423
243,1,400125,flow,15,401472,flow,11,9.080002830001757e-06,0.00021659642311213468,0.09940164951496057
243,1,400125,flow,15,401472,flow,12,1.551894441253188e-10,7.768463483445854e-09,0.1429676988183627
243,1,400125,flow,17,400260,flow,1,0.00016161239388840922,0.0026886294372839015,0.08455433715726546
243,1,400125,flow,17,400260,flow,9,0.0021686348203518125,0.02240679236589448,-0.06876337956748695
243,1,400125,flow,19,401795,flow,1,5.4742971557587325e-06,0.00013685742889396832,0.10180243667992184
243,1,400125,flow,19,401795,flow,2,0.0001422243952493863,0.0024075602957576363,0.08526350725038878
243,1,400125,flow,19,401795,flow,10,0.0012749915740317191,0.014586768007990008,0.07224052801043986
243,1,400125,flow,19,401795,flow,11,0.0012564502307060783,0.014405161880706629,0.07233435953204694
243,1,400125,flow,19,401795,flow,12,4.2174494546326536e-07,1.3298818718257711e-05,0.1132239003063652
243,1,400125,occupancy,1,400125,flow,1,0.0004562528913666667,0.006397314153534567,-0.07858240244738515
243,1,400125,occupancy,1,400125,flow,3,0.0018943737894199402,0.0201966800846351,-0.06966278518608272
243,1,400125,occupancy,5,400503,flow,12,0.003473198709254197,0.03220480451594362,0.06554801866217416
243,1,400125,occupancy,6,405843,flow,3,0.0009361296100375296,0.011388566362608077,0.0741973094009401
243,1,400125,occupancy,8,401448,flow,1,0.002606807951188932,0.025811162844685275,0.0675226658486518
243,1,400125,occupancy,11,405841,flow,11,0.005969046855389292,0.04855259351399312,0.06167657939883692
243,1,400125,occupancy,14,401469,flow,6,0.00308178201691931,0.02932967668523086,0.0663769318933479
243,1,400125,occupancy,16,405838,flow,2,0.0010306518354468899,0.01231309714914426,0.07359293676303745
243,1,400125,occupancy,16,405838,flow,9,0.004926887360226796,0.04176638186076367,0.06307131656864792
243,1,400125,speed,0,400593,flow,12,0.0050493414673341026,0.04259549919719454,-0.06289431615731182
243,1,400125,speed,1,400125,flow,1,0.0005832116364056243,0.007812323315573013,0.07710939163473285
243,1,400125,speed,1,400125,flow,2,0.004764615081804123,0.040799082563714194,0.06331210049290122
243,1,400125,speed,1,400125,flow,3,0.0024139517448643535,0.024408831309193434,0.06804323013751036
243,2,400331,flow,0,400593,flow,6,0.00023707735577023598,0.003708088982358506,0.08239485390852606
243,2,400331,flow,0,400593,flow,7,0.00259288536374924,0.025714565590901555,0.06755904689388086
243,2,400331,flow,0,400593,flow,11,0.000892709509192829,0.010959093718991252,0.07449411119841068
243,2,400331,flow,2,400331,flow,1,2.3258892104488403e-92,7.911686133180308e-90,0.4344375387690409
243,2,400331,flow,2,400331,flow,2,7.362322547636891e-12,4.135921119088605e-10,0.15283479985613221
243,2,400331,flow,2,400331,flow,3,7.414383147313915e-12,4.159757817713781e-10,0.15285061884617587
243,2,400331,flow,2,400331,flow,4,4.829446771999787e-10,2.29771035848448e-08,0.13908307109139292
243,2,400331,flow,2,400331,flow,5,1.2787397145753192e-05,0.00029430770202266266,0.09774587107283844
243,2,400331,flow,3,400039,flow,2,0.0002804483153330684,0.0042629722809248965,0.08143178014648607
243,2,400331,flow,3,400039,flow,3,0.0017443482670647054,0.018886176726114104,0.0702067127110427
243,2,400331,flow,3,400039,flow,11,0.001081348997674249,0.012777427981271213,0.07328960647764896
243,2,400331,flow,5,400503,flow,11,0.00469560349803046,0.04043898864095562,0.06341675607427068
243,2,400331,flow,6,405843,flow,3,1.6894152104150066e-09,7.602368446867529e-08,0.1346692185757644
243,2,400331,flow,6,405843,flow,4,2.2198826317998892e-05,0.0004787764837431613,0.09502189676811358
243,2,400331,flow,7,408093,flow,6,0.0010238389824842552,0.012248641385577352,0.07363474619034645
243,2,400331,flow,7,408093,flow,8,0.00046552653413641534,0.006499776936845045,0.07846259914349818
243,2,400331,flow,7,408093,flow,10,1.0122609180943668e-05,0.0002384387767812249,0.09887880207851406
243,2,400331,flow,9,402391,flow,10,0.0011442950185399986,0.013367643266881541,0.07293077322674833
243,2,400331,flow,11,405841,flow,2,0.0040226958159804965,0.03597194354178378,0.0645174033688026
243,2,400331,flow,11,405841,flow,7,0.00012087110733529234,0.0020970408983472404,0.0861585918191234
243,2,400331,flow,13,400183,flow,2,0.00015146443006662044,0.0025410731568458263,0.08491488060034212
243,2,400331,flow,13,400183,flow,7,0.0029668959643100587,0.028425350556264033,0.06663846651515602
243,2,400331,flow,14,401469,flow,10,9.10549716263527e-05,0.0016362623852988504,0.08769722693465647
243,2,400331,flow,14,401469,flow,11,0.0008036759280604943,0.010112613941807682,0.07514703358499088
243,2,400331,flow,16,405838,flow,4,9.553744056316798e-05,0.0017068723872327779,0.08743794132211695
243,2,400331,flow,16,405838,flow,8,0.0014362486124846036,0.01609075209007647,0.07147370245933372
243,2,400331,flow,18,404528,flow,4,3.1628326107890504e-05,0.0006534403098330319,0.09323468934207142
243,2,400331,flow,19,401795,flow,1,0.0028842426318221874,0.027830976478605874,0.0668323981289851
243,2,400331,flow,19,401795,flow,3,0.0023626718167799247,0.02401861357374694,0.06818804404111041
243,2,400331,occupancy,0,400593,flow,1,0.002679114530926641,0.026357947560016148,0.06733652963775888
243,2,400331,occupancy,0,400593,flow,5,0.004337629384313156,0.03814853204444795,0.06398303867191464
243,2,400331,occupancy,0,400593,flow,11,0.0009800468189524562,0.011832873834193994,0.0739098015365086
243,2,400331,occupancy,2,400331,flow,3,0.0026868019361206176,0.02640937377768522,-0.06731701089470891
243,2,400331,occupancy,3,400039,flow,7,0.00031748280932553455,0.0047107061485944166,0.0807141291237893
243,2,400331,occupancy,6,405843,flow,12,0.000456105202127175,0.006397314153534567,-0.07858432870391358
243,2,400331,occupancy,7,408093,flow,10,0.0033670884218526373,0.03150740389185397,0.06576397571118632
243,2,400331,occupancy,8,401448,flow,5,0.003760539437980884,0.03415078909412953,0.06499199540251735
243,2,400331,occupancy,13,400183,flow,2,0.004385416465840294,0.038474815459849855,0.06390504857639942
243,2,400331,occupancy,13,400183,flow,3,0.006094855556764535,0.04928823662527666,0.06152337229191084
243,2,400331,occupancy,13,400183,flow,6,0.0032022676680085503,0.0302444169781306,0.06611202616948163
243,2,400331,occupancy,17,400260,flow,5,0.005837168357207495,0.04770444060373889,0.06184033173057861
243,2,400331,occupancy,17,400260,flow,12,0.004029266855511059,0.036015793121886554,0.0645058721751115
243,2,400331,speed,2,400331,flow,2,0.00020439481429473992,0.0032654792816319395,-0.08323680914384377
243,2,400331,speed,2,400331,flow,4,3.8481285211106946e-06,9.930654248027599e-05,0.10344377072237067
243,2,400331,speed,2,400331,flow,5,0.00579294032922657,0.04745970457473694,0.06189599597850314
243,2,400331,speed,2,400331,flow,11,0.00040289261858117686,0.005753706156266724,0.07931934264602424
243,2,400331,speed,3,400039,flow,12,0.005856418247609019,0.04782175469600942,0.06181622290642935
243,2,400331,speed,6,405843,flow,3,0.001345371480657296,0.01525861064961806,0.07189545305584481
243,2,400331,speed,17,400260,flow,3,0.0005139556727900024,0.007057496841871616,0.07787096501339721
243,3,400039,flow,1,400125,flow,1,2.0956583003704803e-08,8.192980866606765e-07,0.12529966106484672
243,3,400039,flow,1,400125,flow,11,8.957973001334418e-06,0.00021380355450698721,0.09946655301937685
243,3,400039,flow,2,400331,flow,4,0.0013185980310758208,0.015010127784578513,0.07202471774569973
243,3,400039,flow,2,400331,flow,9,2.7599131333538893e-08,1.0513954793729103e-06,0.12426827408438751
243,3,400039,flow,3,400039,flow,1,2.378802248371583e-117,9.427913498133246e-115,0.4840511206515074
243,3,400039,flow,3,400039,flow,2,7.683997246822664e-22,8.382542451079271e-20,0.21305724482751753
243,3,400039,flow,3,400039,flow,3,5.655102448655726e-07,1.7437575002278897e-05,0.11194525783912176
243,3,400039,flow,3,400039,flow,10,0.004571397676982651,0.039639578411411185,0.06360866967759765
243,3,400039,flow,3,400039,flow,11,1.608151669028764e-08,6.397067412711106e-07,0.12634476356095772
243,3,400039,flow,3,400039,flow,12,1.4749053796488345e-05,0.00033464239706318096,0.09704789020043632
243,3,400039,flow,4,400316,flow,2,0.0021588397574687475,0.02233817425692213,-0.0687936567198644
243,3,400039,flow,4,400316,flow,6,0.005567560917854647,0.04594434224476041,0.0621857432166686
243,3,400039,flow,4,400316,flow,11,1.9513692295498962e-07,6.509586927919344e-06,0.11644827694816155
243,3,400039,flow,5,400503,flow,1,1.2772521954147533e-08,5.148231150450699e-07,0.12722037311374315
243,3,400039,flow,5,400503,flow,2,4.3791373961381096e-05,0.0008677923647392951,0.09156358269346242
243,3,400039,flow,5,400503,flow,5,1.831267478182407e-05,0.0004069483284849793,0.0959804681941841
243,3,400039,flow,5,400503,flow,6,0.00022199666753631417,0.0035116279888571115,0.08276886558337399
243,3,400039,flow,5,400503,flow,8,0.0006116590639731913,0.00811053073113597,0.07682073741933917
243,3,400039,flow,5,400503,flow,9,8.628991069283558e-05,0.0015662706478699567,0.08798641779939835
243,3,400039,flow,5,400503,flow,10,0.00021645790852983972,0.0034328126462882073,0.08291224121978658
243,3,400039,flow,5,400503,flow,11,3.840361616274314e-05,0.0007731573015567558,0.09224120321387042
243,3,400039,flow,5,400503,flow,12,0.0001478050981267922,0.0024864409030675326,0.08505048881507062
243,3,400039,flow,6,405843,flow,2,1.723039983094127e-05,0.0003848775970510149,0.09628205001026871
243,3,400039,flow,6,405843,flow,7,0.005208253514741514,0.04363973578794022,0.06267031133651049
243,3,400039,flow,6,405843,flow,11,0.00011871436553506431,0.002067759985738776,0.08625713380970616
243,3,400039,flow,6,405843,flow,12,3.2782485157272135e-06,8.557119992713934e-05,0.10418204073903521
243,3,400039,flow,7,408093,flow,1,0.00010871292597938331,0.00191221433318785,0.08673736014892632
243,3,400039,flow,7,408093,flow,3,0.0060670492818393155,0.049136957063265554,0.061556987452807986
243,3,400039,flow,7,408093,flow,6,4.808171985675851e-06,0.00012154068448285358,0.10240949604209457
243,3,400039,flow,7,408093,flow,10,0.0008015103484059497,0.010101344019560811,0.075163735692966
243,3,400039,flow,7,408093,flow,11,0.001214880023233879,0.014010362254058615,0.07254946396500894
243,3,400039,flow,7,408093,flow,12,0.0009851783142515809,0.011884865449781708,0.0738769894435682
243,3,400039,flow,8,401448,flow,4,0.002789563053224767,0.02717842216944293,0.06706087725521048
243,3,400039,flow,9,402391,flow,1,3.3076488798562628e-12,1.9493919728484385e-10,0.1553762511509696
243,3,400039,flow,9,402391,flow,8,0.001221436324421942,0.01407469971059693,0.07251509158734741
243,3,400039,flow,9,402391,flow,11,0.00348023987265861,0.032263167918208574,0.0655339016331294
243,3,400039,flow,9,402391,flow,12,1.1141231215734048e-06,3.215104799730868e-05,0.1090297640452361
243,3,400039,flow,10,400497,flow,5,0.005725758947676409,0.04706103244665542,0.061981285659912164
243,3,400039,flow,10,400497,flow,10,3.030475973941577e-09,1.3237266134911639e-07,0.13255985956636027
243,3,400039,flow,10,400497,flow,11,3.977302976725541e-18,3.520891159724249e-16,0.19304776284073596
243,3,400039,flow,10,400497,flow,12,1.6838371333863685e-08,6.685823911975287e-07,0.126169254056348
243,3,400039,flow,11,405841,flow,11,0.003495337683375403,0.03237534046351145,0.06550371894688241
243,3,400039,flow,12,404520,flow,2,4.432837835133843e-05,0.0008776287556268654,-0.09150043918737702
243,3,400039,flow,12,404520,flow,3,0.0005925514306526923,0.007911409310209169,-0.07701320416382434
243,3,400039,flow,12,404520,flow,5,6.229476141728469e-05,0.0011803217952748677,0.0897211937233782
243,3,400039,flow,12,404520,flow,6,6.295427525143362e-09,2.6378513005450363e-07,0.12987319895992758
243,3,400039,flow,12,404520,flow,7,0.005397459430877667,0.044865898210260984,0.06241151423201211
243,3,400039,flow,12,404520,flow,8,0.0007234814328613705,0.009308266392525598,0.07579533082508537
243,3,400039,flow,12,404520,flow,9,5.134643221051023e-05,0.0009946932159166108,0.09073584221377543
243,3,400039,flow,12,404520,flow,10,2.2563835406855637e-07,7.457977732028795e-06,0.11584727405822674
243,3,400039,flow,12,404520,flow,11,2.8067469738423673e-07,9.12351160797519e-06,0.11493836296533592
243,3,400039,flow,13,400183,flow,7,0.0006189769813830751,0.008182315053778717,0.07674850343460524
243,3,400039,flow,14,401469,flow,5,0.0004707570213857056,0.0065559972030504446,0.07839600591268613
243,3,400039,flow,14,401469,flow,7,0.0036069161383938575,0.03311769971915295,0.06528426241458474
243,3,400039,flow,14,401469,flow,11,0.00038529660722163976,0.005542728415576037,0.07958244631751898
243,3,400039,flow,14,401469,flow,12,0.00040019900294812786,0.005726597193560491,0.07935891482276444
243,3,400039,flow,15,401472,flow,1,8.245944543408422e-07,2.4432428276765695e-05,0.11034532990187977
243,3,400039,flow,15,401472,flow,10,3.7111405493553525e-11,1.9480105921282047e-09,0.1477182348541169
243,3,400039,flow,15,401472,flow,11,2.6557531078646566e-25,3.4145397101117013e-23,0.23022743823233888
243,3,400039,flow,15,401472,flow,12,3.054724532037341e-17,2.5824677061450714e-15,0.18791593844972382
243,3,400039,flow,16,405838,flow,1,0.0004691160961566359,0.006539469297827257,0.0784168231867857
243,3,400039,flow,16,405838,flow,2,2.4252321436964063e-05,0.0005191775451322336,0.0945781858776065
243,3,400039,flow,16,405838,flow,3,0.000799160115644618,0.010081621352299959,0.07518190936170331
243,3,400039,flow,16,405838,flow,4,0.000712069929603905,0.009198989521198773,0.07589295427375901
243,3,400039,flow,16,405838,flow,7,1.1987857934598073e-05,0.0002778301838919725,0.09806011181712959
243,3,400039,flow,16,405838,flow,8,0.0003537464306780941,0.005166276472377845,0.08008363592519616
243,3,400039,flow,16,405838,flow,11,0.0010682757904704216,0.012671721237423985,0.07336654707581776
243,3,400039,flow,16,405838,flow,12,3.175426324800251e-05,0.0006557285718516771,0.0932144474242386
243,3,400039,flow,17,400260,flow,1,0.00013127117252644595,0.002253045154208369,0.08570551084840125
243,3,400039,flow,17,400260,flow,12,0.0004756358951260282,0.00661115529904904,0.07833450817637051
243,3,400039,flow,18,404528,flow,1,1.1691454282566399e-05,0.00027168952394129555,0.09818170933796892
243,3,400039,flow,18,404528,flow,2,4.215864251839735e-05,0.0008400615114367,0.09176017742282103
243,3,400039,flow,18,404528,flow,3,0.001369762806659526,0.01548453734178345,0.07177973743298602
243,3,400039,flow,18,404528,flow,10,8.583071412889557e-05,0.001559901914332473,0.08801507798748269
243,3,400039,flow,18,404528,flow,11,0.001331797450276457,0.015132469713819817,0.07196069031892798
243,3,400039,flow,18,404528,flow,12,0.00018617189445811083,0.0030290694121801087,0.08376293680174283
243,3,400039,flow,19,401795,flow,1,2.680518461439068e-08,1.0265815384234728e-06,0.12438135671045684
243,3,400039,flow,19,401795,flow,2,9.782014139073244e-10,4.495563944765576e-08,0.1366126030943542
243,3,400039,flow,19,401795,flow,3,0.004121308111065172,0.036679132756080646,0.06434612110421492
243,3,400039,flow,19,401795,flow,5,7.937635784729746e-05,0.0014579331033177084,0.08843401464023183
243,3,400039,flow,19,401795,flow,10,4.4545248969900604e-07,1.3995307312725136e-05,0.11299173622706217
243,3,400039,flow,19,401795,flow,11,1.8414157406119407e-12,1.1063860917167712e-10,0.15722231950431814
243,3,400039,flow,19,401795,flow,12,3.047673161061524e-08,1.1538955351258355e-06,0.12388328687237926
243,3,400039,occupancy,2,400331,flow,4,0.0012422023677206631,0.014268317544677653,0.07240733525261085
243,3,400039,occupancy,2,400331,flow,9,0.00034735027754889377,0.005091799114391656,0.08019031533777676
243,3,400039,occupancy,3,400039,flow,11,0.001461779516756259,0.016325975988591104,0.07135964143308057
243,3,400039,occupancy,3,400039,flow,12,4.746724697195157e-05,0.000932932242578848,0.09114525367903208
243,3,400039,occupancy,4,400316,flow,2,0.0029079714109930947,0.027997406943370114,-0.06677620937470342
243,3,400039,occupancy,4,400316,flow,11,0.0001399435810809589,0.002374533661703623,0.08535283957382225
243,3,400039,occupancy,5,400503,flow,1,9.923231403630501e-06,0.0002339975964174878,0.0989746827763559
243,3,400039,occupancy,5,400503,flow,2,7.376003348091278e-06,0.000179821300585521,0.10039429106272703
243,3,400039,occupancy,5,400503,flow,4,0.0004469953212808239,0.006287035945444323,0.07870428457986357
243,3,400039,occupancy,5,400503,flow,5,3.25389807521896e-06,8.498693884489666e-05,0.10421626240389033
243,3,400039,occupancy,5,400503,flow,6,0.000492760559380402,0.006809742855161026,0.07812320999742664
243,3,400039,occupancy,5,400503,flow,10,0.00032446281371848097,0.004795345040245767,0.08058771019070121
243,3,400039,occupancy,5,400503,flow,11,0.0002910374063760351,0.004381129825243303,0.08121793775560103
243,3,400039,occupancy,6,405843,flow,2,9.087771044461678e-05,0.0016344367573719587,0.08770772631474093
243,3,400039,occupancy,6,405843,flow,12,0.0019798493489193284,0.020896528676597845,0.06937032769966683
243,3,400039,occupancy,7,408093,flow,1,0.0014361903156411638,0.01609075209007647,0.07147396503458157
243,3,400039,occupancy,7,408093,flow,5,0.005381047197335823,0.04481612472043716,0.06243363596600909
243,3,400039,occupancy,7,408093,flow,6,0.0039044971957241997,0.035133155354152346,0.06472779760532223
243,3,400039,occupancy,7,408093,flow,12,0.0013524713834469255,0.015315010161181438,0.0718615719881123
243,3,400039,occupancy,9,402391,flow,8,0.0020640587946242697,0.021526032557120194,0.06909331525660863
243,3,400039,occupancy,9,402391,flow,11,0.00012574140529294042,0.00216934053860025,0.08594202484328471
243,3,400039,occupancy,9,402391,flow,12,3.052151815612163e-05,0.0006332995121731289,0.09341595316639152
243,3,400039,occupancy,10,400497,flow,5,0.004949602230067271,0.04193426482426086,0.06303818543439285
243,3,400039,occupancy,10,400497,flow,10,0.00034463797324685904,0.005060625575888617,0.08023610837133033
243,3,400039,occupancy,10,400497,flow,11,7.22750992971143e-10,3.3681599672441614e-08,0.1376773155328912
243,3,400039,occupancy,10,400497,flow,12,0.0038354722904748698,0.03466368262521221,0.06485335138998813
243,3,400039,occupancy,11,405841,flow,7,0.002163394194756756,0.022374582047759606,0.06877956304981828
243,3,400039,occupancy,12,404520,flow,2,0.0002496548263712526,0.003870551845329261,-0.08209961012000566
243,3,400039,occupancy,12,404520,flow,5,1.4701339629455317e-05,0.0003337350877522174,0.0970637892264139
243,3,400039,occupancy,12,404520,flow,6,4.649698624995361e-05,0.0009155286262525049,0.09125260800308732
243,3,400039,occupancy,12,404520,flow,8,0.0004086514156257469,0.005826317212881935,0.07923556141644256
243,3,400039,occupancy,12,404520,flow,9,0.003600112405111982,0.03307570357853325,0.06529746634472036
243,3,400039,occupancy,12,404520,flow,10,0.004722753442137812,0.040568455689570425,0.06337541842138618
243,3,400039,occupancy,12,404520,flow,11,0.0002339197640953215,0.0036666668392300035,0.08247127992700405
243,3,400039,occupancy,14,401469,flow,5,0.0038045386120848144,0.03443571220909502,0.06491028550983483
243,3,400039,occupancy,14,401469,flow,11,2.592753995499501e-05,0.0005514868173588303,0.09424191831378619
243,3,400039,occupancy,14,401469,flow,12,7.853143133807484e-06,0.00019027245282135911,0.10009589928579961
243,3,400039,occupancy,15,401472,flow,1,3.271471788904339e-05,0.000672321486372543,0.09306253380803434
243,3,400039,occupancy,15,401472,flow,10,2.0216764963362635e-08,7.9109080291419e-07,0.12546906805123018
243,3,400039,occupancy,15,401472,flow,11,1.044601415602771e-11,5.741320757511413e-10,0.1518029963678646
243,3,400039,occupancy,15,401472,flow,12,4.6209868961164683e-07,1.4476188100959494e-05,0.11283573563673502
243,3,400039,occupancy,16,405838,flow,1,5.49053763340564e-05,0.0010537149078770488,0.09038522375700113
243,3,400039,occupancy,16,405838,flow,2,1.0919680949899873e-07,3.844582045930518e-06,0.11882141325842141
243,3,400039,occupancy,16,405838,flow,3,0.000243026534825056,0.0037887933253130343,0.08225341824094176
243,3,400039,occupancy,16,405838,flow,4,8.285659981366459e-05,0.0015134905335942115,0.08820428664006817
243,3,400039,occupancy,16,405838,flow,5,0.00010590444229323179,0.0018673762885990258,0.08687970941624586
243,3,400039,occupancy,16,405838,flow,6,0.0033044157855320585,0.03104627271313287,0.06589445475244962
243,3,400039,occupancy,16,405838,flow,7,8.272389744464668e-06,0.00019964650109546012,0.09984767710274106
243,3,400039,occupancy,16,405838,flow,12,0.00017526616565258194,0.002882184376167316,0.08410145022951543
243,3,400039,occupancy,17,400260,flow,1,0.0003622628577465823,0.0052692779308593785,0.07994435727001292
243,3,400039,occupancy,17,400260,flow,2,0.0011354909160193958,0.013275563618954777,0.07297984873618278
243,3,400039,occupancy,18,404528,flow,1,0.00020537602309633545,0.003278730302203138,0.0832097460666134
243,3,400039,occupancy,18,404528,flow,3,0.005678894824504124,0.04672919169877679,0.06204131727844497
243,3,400039,occupancy,18,404528,flow,10,0.0013415998948352757,0.015227828548839703,0.07191351833102712
243,3,400039,occupancy,19,401795,flow,1,8.201794341303818e-07,2.4365408692064615e-05,0.11036866343970557
243,3,400039,occupancy,19,401795,flow,2,1.1493528122536721e-07,4.023666247111721e-06,0.11861389539079718
243,3,400039,occupancy,19,401795,flow,5,8.565307371386871e-06,0.00020591056118192142,0.09968128242242377
243,3,400039,occupancy,19,401795,flow,7,0.0005536784957492222,0.007487353164779095,0.07742326577490104
243,3,400039,occupancy,19,401795,flow,10,4.512178463537703e-05,0.0008917022398208086,0.09140846115571105
243,3,400039,occupancy,19,401795,flow,11,2.6850340506296093e-10,1.3181076248545354e-08,0.1411050952611557
243,3,400039,occupancy,19,401795,flow,12,0.0005433693269856124,0.007379300511090367,0.07753650893667205
243,3,400039,speed,4,400316,flow,1,0.005584101135793086,0.046072033817085814,0.06216412294403761
243,3,400039,speed,4,400316,flow,10,0.004646059294479785,0.04013392551920151,0.06349275098507971
243,3,400039,speed,8,401448,flow,9,0.002636976498640134,0.026050168017666082,0.06744443773442806
243,3,400039,speed,8,401448,flow,11,0.002372874909730568,0.02410256197986375,0.0681590030157865
243,4,400316,flow,1,400125,flow,1,0.0019141911951134623,0.020360686787872503,0.06959391675991354
243,4,400316,flow,1,400125,flow,8,0.003731173592979935,0.033976960205888106,-0.06504701456148913
243,4,400316,flow,1,400125,flow,9,6.3460208299541e-06,0.0001567456259885747,-0.1011069019739187
243,4,400316,flow,2,400331,flow,12,0.003074065196164172,0.029263908434176342,0.06639421825161208
243,4,400316,flow,3,400039,flow,1,1.6452016906767726e-10,8.188100580326795e-09,0.14277047897918205
243,4,400316,flow,3,400039,flow,2,8.391493263362501e-08,2.9787387754910437e-06,0.11988293400628555
243,4,400316,flow,3,400039,flow,3,5.722171822036486e-07,1.761923183977022e-05,0.11192274834720937
243,4,400316,flow,3,400039,flow,12,3.840730484122218e-05,0.0007731573015567558,0.09224070916011963
243,4,400316,flow,4,400316,flow,1,1.642698138030842e-05,0.0003680734417164542,0.09649362063267844
243,4,400316,flow,4,400316,flow,3,1.999315283081197e-06,5.47688143494659e-05,-0.10642926568056667
243,4,400316,flow,4,400316,flow,4,0.0058641482484254066,0.047857160498660394,-0.06180656183079906
243,4,400316,flow,4,400316,flow,7,0.0006980548943930266,0.009053128621368582,-0.07601485773520669
243,4,400316,flow,4,400316,flow,8,3.2846756363092634e-06,8.568719051241556e-05,-0.10417304881632837
243,4,400316,flow,4,400316,flow,11,0.002972072092225162,0.028460180413618058,0.06660973468681261
243,4,400316,flow,5,400503,flow,1,0.0002854325665463633,0.0043280754211312365,0.08133020032082296
243,4,400316,flow,5,400503,flow,2,0.0006097389944346649,0.008099760263331316,0.07683982318400835
243,4,400316,flow,5,400503,flow,12,0.0002905462157495691,0.004381129825243303,0.08122769481771784
243,4,400316,flow,6,405843,flow,1,0.001382651194530003,0.015607664385601287,0.07171935798983327
243,4,400316,flow,6,405843,flow,9,0.001394516231932039,0.015721059817187914,-0.07166422951989561
243,4,400316,flow,8,401448,flow,3,0.003035043919127596,0.028949855885694886,0.06648223955679276
243,4,400316,flow,9,402391,flow,1,1.3474989496329793e-11,7.285601329680188e-10,0.15099150212765047
243,4,400316,flow,9,402391,flow,2,0.0039894335893434895,0.03572627094934468,0.06457603708733019
243,4,400316,flow,9,402391,flow,9,0.0003946417631841777,0.005658321994542474,-0.07944134863022169
243,4,400316,flow,9,402391,flow,12,7.579855917427402e-07,2.2723787344404147e-05,0.11071086854083101
243,4,400316,flow,10,400497,flow,1,2.336004246065724e-11,1.2412716289057722e-09,0.1492227965232403
243,4,400316,flow,10,400497,flow,5,4.5688064257831966e-05,0.000901655722219434,0.09134374615190274
243,4,400316,flow,10,400497,flow,8,4.0091911876314324e-09,1.728513565924929e-07,-0.13153777085710183
243,4,400316,flow,10,400497,flow,9,1.063827364582642e-06,3.082316710259567e-05,-0.10923269212641479
243,4,400316,flow,10,400497,flow,11,9.305131096922793e-12,5.140430478095457e-10,0.15217016418094398
243,4,400316,flow,10,400497,flow,12,2.8794484484834983e-30,4.334222054860179e-28,0.25252652815110516
243,4,400316,flow,11,405841,flow,8,0.003907480731492698,0.035145360732976166,-0.0647224162117203
243,4,400316,flow,12,404520,flow,3,5.810985623320806e-10,2.7465490035827004e-08,-0.13840515584434437
243,4,400316,flow,12,404520,flow,10,9.729662378871957e-05,0.0017318558498857378,0.08733930823428479
243,4,400316,flow,12,404520,flow,11,8.619167687055151e-09,3.556332799243386e-07,0.12870178412739558
243,4,400316,flow,12,404520,flow,12,2.3268891358384345e-16,1.8649649474623444e-14,0.182654768295544
243,4,400316,flow,15,401472,flow,1,1.1435885394942794e-31,1.8229898489355303e-29,0.25843359416455025
243,4,400316,flow,15,401472,flow,2,1.9127195002602905e-08,7.511771128294959e-07,0.12568161493810487
243,4,400316,flow,15,401472,flow,4,0.0026110902003552735,0.02584136984411757,-0.06751151161777832
243,4,400316,flow,15,401472,flow,8,1.2727621899951331e-06,3.634059921202231e-05,-0.10844294935148781
243,4,400316,flow,15,401472,flow,9,8.684246470846421e-17,7.091861012108987e-15,-0.1852281153264851
243,4,400316,flow,15,401472,flow,10,0.0008630888412796811,0.010686568628054522,-0.07470435769021418
243,4,400316,flow,15,401472,flow,11,3.075728580469391e-08,1.163498026937633e-06,0.12384765812024018
243,4,400316,flow,15,401472,flow,12,4.474865464065994e-47,9.665709402382548e-45,0.3152689728026231
243,4,400316,flow,16,405838,flow,5,0.0013434893881413385,0.015245269652667672,0.07190446212518974
243,4,400316,flow,16,405838,flow,7,0.0014938736130936429,0.016641397649728048,0.07121883350528797
243,4,400316,flow,17,400260,flow,1,3.0214804228362335e-07,9.762749010211315e-06,0.11462980150850473
243,4,400316,flow,17,400260,flow,8,0.0004922826093149297,0.006805314791169589,-0.07812901386579164
243,4,400316,flow,17,400260,flow,10,2.64640759255207e-07,8.64133091445574e-06,-0.11518399907195521
243,4,400316,flow,18,404528,flow,1,9.898523913673302e-12,5.447340548671168e-10,0.1519740167830092
243,4,400316,flow,18,404528,flow,2,1.1157236580566371e-05,0.0002608185174677853,0.09840848866590012
243,4,400316,flow,18,404528,flow,3,4.570340749370079e-06,0.00011614042374869848,0.10264592764717069
243,4,400316,flow,18,404528,flow,4,0.0049915010828682415,0.042173449399551734,0.0629774320461074
243,4,400316,flow,18,404528,flow,6,0.0025336220644216574,0.025318638256538423,0.06771593212117495
243,4,400316,flow,18,404528,flow,9,0.0022733732041650646,0.023300052768666854,-0.06844722935427687
243,4,400316,flow,18,404528,flow,12,0.00035924726217980547,0.005230698256207481,0.0799933214121178
243,4,400316,flow,19,401795,flow,1,3.6044470172870946e-06,9.32407851178458e-05,0.10374570079728464
243,4,400316,flow,19,401795,flow,2,3.863478736215832e-08,1.433868396946082e-06,0.12295781970614593
243,4,400316,flow,19,401795,flow,5,0.0003096966298539466,0.004605471397483819,0.08085825405027143
243,4,400316,flow,19,401795,flow,8,0.0007327078491686778,0.009400944188917994,-0.07571743993098319
243,4,400316,flow,19,401795,flow,9,0.00010797167377455789,0.0019007238415081097,-0.08677459099905989
243,4,400316,flow,19,401795,flow,10,0.0003084573841193851,0.004591308926303171,-0.08088150505515958
243,4,400316,flow,19,401795,flow,12,0.004357225572259262,0.03825856600032523,0.0639509633622326
243,4,400316,occupancy,0,400593,flow,5,0.0012913341021504525,0.014738608510673592,0.07215886183371972
243,4,400316,occupancy,0,400593,flow,6,0.0008890753540375665,0.010919471988883201,0.07451955549215848
243,4,400316,occupancy,1,400125,flow,1,2.59945641725967e-05,0.0005523685057826747,0.09422889842519416
243,4,400316,occupancy,1,400125,flow,6,0.00017786100957636902,0.002915975564971211,-0.08401914805705817
243,4,400316,occupancy,1,400125,flow,7,6.906921749204605e-05,0.0012888942529833214,-0.08917492763164687
243,4,400316,occupancy,1,400125,flow,10,6.273720397022602e-07,1.9194385350664053e-05,0.11152747796198169
243,4,400316,occupancy,1,400125,flow,11,1.068981266515227e-13,7.2724394824343e-12,0.16572117075114587
243,4,400316,occupancy,1,400125,flow,12,5.420683576931815e-12,3.0934416185396886e-10,0.15387388671744484
243,4,400316,occupancy,2,400331,flow,10,0.005908914927845568,0.048135984326405534,0.06175083627105925
243,4,400316,occupancy,2,400331,flow,11,0.002651385678344053,0.026150653265859154,0.06740736229099153
243,4,400316,occupancy,2,400331,flow,12,0.0011809441920456916,0.013703139698193359,0.07273016172321017
243,4,400316,occupancy,3,400039,flow,1,2.6847324701815345e-23,3.177546375666912e-21,0.22051834174547602
243,4,400316,occupancy,3,400039,flow,2,4.087310657520497e-10,1.957558984533098e-08,0.13966071919444262
243,4,400316,occupancy,3,400039,flow,3,6.646679219350787e-05,0.0012451714756112487,0.0893785201470923
243,4,400316,occupancy,3,400039,flow,4,0.00048633344174748823,0.006736196659381224,0.07820169892308648
243,4,400316,occupancy,3,400039,flow,5,0.0010014399156494918,0.012050753302523132,0.07377404313935221
243,4,400316,occupancy,3,400039,flow,6,0.0020070117704325077,0.021095598170969426,0.06927981373824338
243,4,400316,occupancy,3,400039,flow,8,0.00019032622584115358,0.003078282976689315,0.0836388675623925
243,4,400316,occupancy,3,400039,flow,9,1.3356164072553632e-10,6.701350614800428e-09,0.14347341390418267
243,4,400316,occupancy,3,400039,flow,10,8.590412546736827e-21,8.773187281773782e-19,0.2076940465672186
243,4,400316,occupancy,3,400039,flow,11,8.270812880150094e-30,1.232065918698221e-27,0.2505605185872991
243,4,400316,occupancy,3,400039,flow,12,6.047221214169411e-25,7.638595217898204e-23,0.22852954098820738
243,4,400316,occupancy,4,400316,flow,2,0.0025185830067725825,0.025191661470844076,-0.06775627766898026
243,4,400316,occupancy,4,400316,flow,8,1.9715095050395896e-06,5.407568928108588e-05,0.10649225642294977
243,4,400316,occupancy,4,400316,flow,9,7.682432128076951e-22,8.382542451079271e-20,0.21316261048209023
243,4,400316,occupancy,4,400316,flow,10,5.557248519659808e-32,8.924651897743631e-30,0.25973430882638354
243,4,400316,occupancy,4,400316,flow,11,2.0210341433458496e-21,2.1242986616189952e-19,0.21098992563238075
243,4,400316,occupancy,4,400316,flow,12,0.0005848267038735593,0.00782667707786176,0.07709265658793993
243,4,400316,occupancy,5,400503,flow,1,2.3692049837877484e-08,9.212390215988366e-07,0.12485853919786469
243,4,400316,occupancy,5,400503,flow,2,0.005537676509562347,0.045738691456548186,0.06222495339670763
243,4,400316,occupancy,5,400503,flow,4,0.0025404405859698552,0.025364257449369012,0.0676977120214626
243,4,400316,occupancy,5,400503,flow,5,1.8527831804081218e-05,0.00041046273535195316,0.09592254134781154
243,4,400316,occupancy,5,400503,flow,6,2.92037422170598e-05,0.0006106494016345515,0.09364009066386314
243,4,400316,occupancy,5,400503,flow,7,0.0002869825445014283,0.004345477014532668,0.08129894991316076
243,4,400316,occupancy,5,400503,flow,8,1.576696152270074e-05,0.0003542031917736203,0.09671989016751277
243,4,400316,occupancy,5,400503,flow,9,3.64703351864704e-10,1.7642984099165968e-08,0.1400539548586845
243,4,400316,occupancy,5,400503,flow,10,5.005289117142513e-19,4.630160382453031e-17,0.1981221240358387
243,4,400316,occupancy,5,400503,flow,11,1.1469602886731275e-25,1.4969391078755018e-23,0.23194587980311662
243,4,400316,occupancy,5,400503,flow,12,3.970629262446641e-19,3.696792761588251e-17,0.19868056112464985
243,4,400316,occupancy,6,405843,flow,1,0.001022978287643966,0.012245063741417001,0.07364004643515791
243,4,400316,occupancy,6,405843,flow,3,0.004806499641942497,0.041027619943077624,0.0632492494246006
243,4,400316,occupancy,6,405843,flow,4,2.0964753984402566e-05,0.00045557211877574993,0.09530772943757544
243,4,400316,occupancy,6,405843,flow,5,7.868449634731527e-06,0.00019042970544560332,0.10008661646206157
243,4,400316,occupancy,6,405843,flow,10,5.060402510212678e-09,2.1537870782383023e-07,0.13068138129498696
243,4,400316,occupancy,6,405843,flow,11,2.122885266653194e-15,1.586654732169861e-13,0.17674067749964523
243,4,400316,occupancy,6,405843,flow,12,1.211065985476384e-10,6.106508811037684e-09,0.14380231014432915
243,4,400316,occupancy,7,408093,flow,1,6.260801365904858e-06,0.00015472918707499418,0.1011707273430422
243,4,400316,occupancy,7,408093,flow,2,0.00018696084751602786,0.0030342968596424407,0.08373917599556152
243,4,400316,occupancy,7,408093,flow,8,0.0034003400837225384,0.03171301632487341,0.0656956433199638
243,4,400316,occupancy,7,408093,flow,9,0.001715725753957277,0.018627633217128514,0.07031534460935991
243,4,400316,occupancy,7,408093,flow,10,0.0007136527228657165,0.00921392636814075,0.07587932736101186
243,4,400316,occupancy,7,408093,flow,11,2.6296191600713235e-05,0.0005579545565573732,0.09417069741399149
243,4,400316,occupancy,7,408093,flow,12,7.642398234427454e-06,0.00018579156090448284,0.10022549631343712
243,4,400316,occupancy,9,402391,flow,1,6.423241808692362e-05,0.0012106633775545814,0.08955942607050771
243,4,400316,occupancy,9,402391,flow,9,2.7066938074428362e-08,1.0338565206147704e-06,0.12434372011103625
243,4,400316,occupancy,9,402391,flow,10,4.554122887542097e-18,4.015063443710583e-16,0.19271130336498443
243,4,400316,occupancy,9,402391,flow,11,1.324570222167125e-22,1.5259048959365282e-20,0.21705137913145967
243,4,400316,occupancy,9,402391,flow,12,2.319475694330239e-15,1.7216726803276002e-13,0.17649948023360995
243,4,400316,occupancy,10,400497,flow,1,0.0006630071243776083,0.00866099418600323,0.07632995094565546
243,4,400316,occupancy,10,400497,flow,2,0.0002476824588522873,0.0038451175435138705,0.08214497450689595
243,4,400316,occupancy,10,400497,flow,3,8.694389166608548e-22,9.437125929585157e-20,0.21288598531740383
243,4,400316,occupancy,10,400497,flow,4,2.0462790907877005e-35,3.564486158146317e-33,0.2735281699410591
243,4,400316,occupancy,10,400497,flow,5,4.631586931215312e-16,3.651178018768276e-14,0.180834870413419
243,4,400316,occupancy,10,400497,flow,8,8.631341110564409e-16,6.611239999581249e-14,0.17917256914118002
243,4,400316,occupancy,10,400497,flow,9,2.492199217042311e-78,7.130000409021712e-76,0.4027541375844745
243,4,400316,occupancy,10,400497,flow,10,1.0192180228245704e-130,4.5864811027105666e-128,0.507901593948902
243,4,400316,occupancy,10,400497,flow,11,1.1695413734787632e-87,3.8275899495668616e-85,0.424397901740318
243,4,400316,occupancy,10,400497,flow,12,2.738250174529868e-06,7.261657921405175e-05,0.10500525894502048
243,4,400316,occupancy,11,405841,flow,9,5.112932708890523e-05,0.0009909317766894148,0.09075796884479864
243,4,400316,occupancy,11,405841,flow,10,7.422298148647514e-07,2.2313380655641798e-05,0.11080185072641494
243,4,400316,occupancy,11,405841,flow,11,0.0008586552540578376,0.010662440748024787,0.07473640074242408
243,4,400316,occupancy,12,404520,flow,1,3.8854728747807856e-10,1.8671015371582862e-08,-0.13983558420151632
243,4,400316,occupancy,12,404520,flow,2,1.7773732382317695e-13,1.1633715741153401e-11,-0.16423596884366487
243,4,400316,occupancy,12,404520,flow,4,0.0006730836748702429,0.008774053939165508,0.07623780374314175
243,4,400316,occupancy,12,404520,flow,5,3.7451800574956924e-09,1.6163014833547844e-07,0.13178726399316057
243,4,400316,occupancy,12,404520,flow,6,1.0480797781733892e-09,4.806480511368409e-08,0.13636871381282778
243,4,400316,occupancy,12,404520,flow,7,7.816807865462632e-12,4.3572399972643313e-10,0.15272180014013698
243,4,400316,occupancy,12,404520,flow,8,1.2064589180635625e-22,1.3972929024221418e-20,0.21725590174727294
243,4,400316,occupancy,12,404520,flow,9,4.8462422993103806e-42,9.647818770977347e-40,0.29809244251242606
243,4,400316,occupancy,12,404520,flow,10,5.294836032895531e-46,1.1323609733717175e-43,0.31170303188412596
243,4,400316,occupancy,12,404520,flow,11,2.284009450201172e-19,2.1590636378269285e-17,0.20000743918606168
243,4,400316,occupancy,13,400183,flow,1,0.00470099568803614,0.04044672649336013,0.0634085289197925
243,4,400316,occupancy,14,401469,flow,1,0.0010221930556961398,0.012245063741417001,0.07364488557082756
243,4,400316,occupancy,14,401469,flow,3,0.0037947340889008703,0.03438181892628305,0.06492841868960669
243,4,400316,occupancy,14,401469,flow,4,2.939236593577137e-05,0.0006125181902678839,0.09360742601454382
243,4,400316,occupancy,14,401469,flow,5,6.456636337783771e-07,1.969821255595049e-05,0.11140375677258378
243,4,400316,occupancy,14,401469,flow,6,3.315399606337734e-05,0.0006800819705308172,0.09299445996900148
243,4,400316,occupancy,14,401469,flow,10,0.0005217071556925754,0.00713671599934112,0.0777811284461068
243,4,400316,occupancy,14,401469,flow,11,8.435848600781216e-07,2.49608670927225e-05,0.11024631665256727
243,4,400316,occupancy,14,401469,flow,12,4.470411699972977e-06,0.0001139361566010812,0.10274880161197072
243,4,400316,occupancy,15,401472,flow,1,6.171000154046263e-62,1.549925620086038e-59,0.3602966514925414
243,4,400316,occupancy,15,401472,flow,2,4.165916693983438e-09,1.7889423576549157e-07,0.13139711815534624
243,4,400316,occupancy,15,401472,flow,3,0.00117474375174022,0.013642185504079975,0.0727636942021843
243,4,400316,occupancy,15,401472,flow,4,4.9474455606993994e-08,1.8082034536566333e-06,0.1219856178813581
243,4,400316,occupancy,15,401472,flow,5,9.396666980102572e-09,3.858707353045923e-07,0.12837791567554876
243,4,400316,occupancy,15,401472,flow,8,0.0021386569887770295,0.022139942946361773,0.06885644179577106
243,4,400316,occupancy,15,401472,flow,9,2.4091329176688884e-41,4.730661001967999e-39,0.29562230935473155
243,4,400316,occupancy,15,401472,flow,10,4.075554359791367e-149,2.0713405687410243e-146,0.5375359729686247
243,4,400316,occupancy,15,401472,flow,11,3.290525651650118e-189,2.090451590460075e-186,0.593352332781296
243,4,400316,occupancy,15,401472,flow,12,4.834707607188172e-56,1.1603298257251613e-53,0.343321271100424
243,4,400316,occupancy,16,405838,flow,1,1.8367002532787644e-12,1.1050898459838806e-10,0.1572301855705862
243,4,400316,occupancy,16,405838,flow,2,1.4408911342938902e-11,7.7421016171015e-10,0.15077719576898285
243,4,400316,occupancy,16,405838,flow,3,1.5587831999790986e-10,7.784905692381163e-09,0.14295274755138088
243,4,400316,occupancy,16,405838,flow,4,4.623521216799441e-13,2.8989276714910862e-11,0.16140551198618788
243,4,400316,occupancy,16,405838,flow,5,5.936623454798829e-14,4.08379193068964e-12,0.16742244166204112
243,4,400316,occupancy,16,405838,flow,6,6.430266869516853e-10,3.022715220491056e-08,0.13808631124845014
243,4,400316,occupancy,16,405838,flow,7,0.0004634783071584283,0.006479696721438221,0.07848886686445894
243,4,400316,occupancy,16,405838,flow,11,1.5785604809908133e-07,5.365722872863165e-06,0.11732032386270626
243,4,400316,occupancy,16,405838,flow,12,9.82292399353639e-13,6.044876303714701e-11,0.1591383319080323
243,4,400316,occupancy,17,400260,flow,1,3.879448457712358e-08,1.4373256721541498e-06,0.12294166482462898
243,4,400316,occupancy,17,400260,flow,7,1.4534126837882862e-06,4.103753460108102e-05,-0.10785485891092036
243,4,400316,occupancy,17,400260,flow,8,9.535436203210714e-07,2.7795603507334873e-05,-0.10971203695470406
243,4,400316,occupancy,17,400260,flow,10,0.00016765771273241533,0.00277715229679461,0.08434954678659623
243,4,400316,occupancy,17,400260,flow,11,1.392453323354198e-13,9.254459010600207e-12,0.1649506377554908
243,4,400316,occupancy,17,400260,flow,12,4.841524169612919e-11,2.5078398576412247e-09,0.1468470152684372
243,4,400316,occupancy,18,404528,flow,1,1.109461290757229e-21,1.1892984556008012e-19,0.21233987783019595
243,4,400316,occupancy,18,404528,flow,2,2.8160578247763193e-08,1.0699533687804485e-06,0.12419019486052435
243,4,400316,occupancy,18,404528,flow,3,0.002415820513139995,0.024409447755171204,0.06803800607992228
243,4,400316,occupancy,18,404528,flow,4,0.0034621505312380494,0.032148312797082294,0.0655702220146816
243,4,400316,occupancy,18,404528,flow,5,0.0030099758984932536,0.0287551877078524,0.0665393318788462
243,4,400316,occupancy,18,404528,flow,6,0.0036151028545106834,0.03315763127704066,0.06526840451736497
243,4,400316,occupancy,18,404528,flow,8,0.0028653019946435336,0.027697705564690235,0.06687755219495155
243,4,400316,occupancy,18,404528,flow,9,1.558305165424796e-07,5.317355804027156e-06,0.11737324041103167
243,4,400316,occupancy,18,404528,flow,10,2.1666288448284907e-15,1.6137649326998413e-13,0.17668516058863737
243,4,400316,occupancy,18,404528,flow,11,2.7538883499788885e-22,3.082071935727668e-20,0.21544136925831953
243,4,400316,occupancy,18,404528,flow,12,2.2727400322353152e-18,2.04121350088494e-16,0.19443158058457813
243,4,400316,occupancy,19,401795,flow,1,2.226787114552769e-19,2.11422424942153e-17,0.20006809601747444
243,4,400316,occupancy,19,401795,flow,2,8.696877828811334e-09,3.5781440209966627e-07,0.12866816358467187
243,4,400316,occupancy,19,401795,flow,3,1.9648677971179714e-05,0.0004308745626167328,0.09563076047378669
243,4,400316,occupancy,19,401795,flow,4,2.6942084425887146e-05,0.0005685872238389471,0.09404817258137754
243,4,400316,occupancy,19,401795,flow,5,0.005394493703235645,0.04485394338404253,0.06241550718267493
243,4,400316,occupancy,19,401795,flow,9,2.583011827613529e-07,8.45990227087979e-06,0.11528510427236194
243,4,400316,occupancy,19,401795,flow,10,1.0137695048477649e-28,1.4598280869807814e-26,0.24582039310675566
243,4,400316,occupancy,19,401795,flow,11,3.1456301358643916e-48,6.898031566971661e-46,0.31904710506834544
243,4,400316,occupancy,19,401795,flow,12,9.908296120678838e-44,2.0382780591110753e-41,0.30398571333560614
243,4,400316,speed,4,400316,flow,10,0.000961475396604044,0.011641181931977215,-0.07402989586265758
243,4,400316,speed,4,400316,flow,11,0.0013066487375130193,0.014889798327766404,-0.07208319282165354
243,4,400316,speed,6,405843,flow,6,0.005280565682931467,0.04408124396186268,-0.0625704156741174
243,4,400316,speed,10,400497,flow,11,0.00039090381434986717,0.005615911133992106,-0.07949740770202224
243,4,400316,speed,12,404520,flow,3,0.0026770620070891084,0.026343753691628585,0.06734174975866696
243,4,400316,speed,12,404520,flow,10,0.0002322022771239086,0.003645035745549728,-0.0825132569417417
243,4,400316,speed,12,404520,flow,11,0.0022124210345458913,0.02278888619274738,-0.06862954692723762
243,4,400316,speed,14,401469,flow,2,0.004403798533303738,0.038612562743803834,-0.06387525330115333
243,4,400316,speed,15,401472,flow,11,0.00022833495635387306,0.003598712190619232,-0.08260885407026475
243,4,400316,speed,15,401472,flow,12,1.5153804709685752e-05,0.00034206526627878,-0.0969149592006942
243,4,400316,speed,16,405838,flow,5,0.004146462089928301,0.03685744079936267,-0.06430302573317744
243,4,400316,speed,19,401795,flow,8,0.0016414311495385407,0.018001986712380035,0.07060528821603101
243,5,400503,flow,2,400331,flow,5,0.005927229302465677,0.048257878979743166,0.061728148071734545
243,5,400503,flow,2,400331,flow,7,7.620039966282762e-05,0.0014055752627814488,0.08865211702151057
243,5,400503,flow,3,400039,flow,1,6.1272592383328466e-09,2.5723770563263263e-07,0.1299736713380828
243,5,400503,flow,3,400039,flow,12,0.004463513767596364,0.03890714179987145,0.06377923279465939
243,5,400503,flow,4,400316,flow,1,0.005275905885001855,0.04405085702204873,0.06257681561554677
243,5,400503,flow,4,400316,flow,10,7.473923932964386e-05,0.0013827559481972655,0.08875535912769109
243,5,400503,flow,4,400316,flow,11,7.121455486806404e-05,0.0013254927920294556,0.08901247587920094
243,5,400503,flow,4,400316,flow,12,0.0003788056009907695,0.005463907166210765,0.07968234399754194
243,5,400503,flow,5,400503,flow,1,1.3027454030205315e-86,4.168785289665701e-84,0.42175821261211643
243,5,400503,flow,5,400503,flow,2,7.088133670693982e-29,1.031001261191852e-26,0.2463831063599203
243,5,400503,flow,5,400503,flow,3,3.628912247167992e-08,1.3502929291787878e-06,0.1231720585036495
243,5,400503,flow,5,400503,flow,4,3.3277495124845176e-05,0.0006816442813624048,0.09297547580139495
243,5,400503,flow,5,400503,flow,10,0.0027131403162363094,0.026601829700728226,0.0672505207629506
243,5,400503,flow,5,400503,flow,12,0.0035182430761061846,0.03255260246043846,0.0654581533798159
243,5,400503,flow,6,405843,flow,6,0.0002682422657028708,0.004100518711381464,0.08168786448488055
243,5,400503,flow,6,405843,flow,7,0.001222920906350369,0.014085804691662986,0.07250733209615572
243,5,400503,flow,6,405843,flow,12,0.0001318868036091787,0.0022600198000462196,0.0856797626826149
243,5,400503,flow,7,408093,flow,2,0.0026567699320688212,0.02618582273907668,0.06739355558938466
243,5,400503,flow,7,408093,flow,4,0.003384118529270841,0.03160266330836583,0.06572890240826877
243,5,400503,flow,9,402391,flow,1,0.0007211835182106026,0.00929171726415092,0.0758148735817333
243,5,400503,flow,9,402391,flow,7,0.0032410179195491344,0.030523648163183474,0.06602875572635221
243,5,400503,flow,9,402391,flow,10,6.906055349295912e-06,0.000169127886105206,0.10070679097839134
243,5,400503,flow,10,400497,flow,4,0.00025995753803371524,0.004006480785963788,0.08186797350777227
243,5,400503,flow,10,400497,flow,5,0.0025486621259507938,0.02541015551374897,0.06767580218864595
243,5,400503,flow,10,400497,flow,6,0.0008693977374110757,0.010744476080565866,0.07465902307322785
243,5,400503,flow,10,400497,flow,7,0.0008502629416131333,0.010579308490117326,-0.07479747688787232
243,5,400503,flow,10,400497,flow,8,0.0005939371757336621,0.007926501696538215,-0.07699905313374071
243,5,400503,flow,10,400497,flow,10,3.2394083290038145e-08,1.220073581630033e-06,0.12364587323724516
243,5,400503,flow,10,400497,flow,11,1.0086477672532901e-13,6.8836624874158194e-12,0.1658900112719869
243,5,400503,flow,10,400497,flow,12,0.0005452543619970917,0.007394110237467125,0.07751565380234247
243,5,400503,flow,11,405841,flow,11,0.0025783876315984386,0.025602739614052777,0.06759712103241017
243,5,400503,flow,12,404520,flow,6,0.00049563896183056,0.0068451416723402155,0.07808836735023923
243,5,400503,flow,12,404520,flow,10,1.1240632464292978e-05,0.0002624839580851117,0.09837241307281556
243,5,400503,flow,12,404520,flow,11,0.00016411296445881064,0.002726800024854084,0.08446876903187742
243,5,400503,flow,13,400183,flow,1,0.0005307711079260707,0.007242360032345627,0.07767764420174723
243,5,400503,flow,13,400183,flow,5,0.0011780773072867278,0.013677221089703477,0.07274564581074788
243,5,400503,flow,14,401469,flow,1,0.0005827451092262472,0.00780849526010356,0.07711423373349928
243,5,400503,flow,14,401469,flow,4,0.0011473321443596014,0.01339587800982021,0.07291392467026793
243,5,400503,flow,14,401469,flow,5,0.0011902687828443837,0.013796222312294533,0.0726800383759399
243,5,400503,flow,14,401469,flow,6,5.16144164127389e-05,0.0009989887047626884,0.09070865201225263
243,5,400503,flow,14,401469,flow,7,0.0018725043247097926,0.020028081140465157,0.06973955652609516
243,5,400503,flow,14,401469,flow,9,0.004435556432372722,0.038788671635324214,0.06382404168619314
243,5,400503,flow,15,401472,flow,1,2.759442741051017e-07,8.9832649897064e-06,0.11500939335465553
243,5,400503,flow,15,401472,flow,8,0.00013424375572004878,0.002296575039223734,-0.08558222035158503
243,5,400503,flow,15,401472,flow,9,0.0002554065067334173,0.003943374228335821,-0.08196921409934486
243,5,400503,flow,15,401472,flow,11,1.7948221891329535e-10,8.922476245171875e-09,0.14247595729242082
243,5,400503,flow,15,401472,flow,12,7.800757106477489e-12,4.3572399972643313e-10,0.1527282938416111
243,5,400503,flow,16,405838,flow,1,0.004821448640326284,0.04110648929585464,0.06322693715764345
243,5,400503,flow,16,405838,flow,2,3.814431055984284e-11,1.997374807497225e-09,0.14762852304681756
243,5,400503,flow,16,405838,flow,3,0.0037703506225489447,0.03422321298579741,0.06497370033997543
243,5,400503,flow,16,405838,flow,4,0.003600810970598191,0.03307570357853325,0.06529610960213003
243,5,400503,flow,16,405838,flow,5,0.00036309564853645584,0.005278914314130373,0.0799309023784252
243,5,400503,flow,16,405838,flow,6,3.4430648433566714e-10,1.6768929113078716e-08,0.140252107448581
243,5,400503,flow,16,405838,flow,7,5.460341381160641e-05,0.0010497852588613249,0.09041412409843526
243,5,400503,flow,16,405838,flow,12,0.003994400543129766,0.03576333750532765,0.0645672533767457
243,5,400503,flow,17,400260,flow,2,0.003988050435941651,0.03572297696278265,0.06457848486358855
243,5,400503,flow,18,404528,flow,1,5.439972788117502e-05,0.0010463349262986468,0.0904337041226144
243,5,400503,flow,18,404528,flow,2,0.0022225415912931756,0.022860427796158378,0.06859895880454749
243,5,400503,flow,18,404528,flow,3,0.003392732953568602,0.03167106065260895,0.06571122222016965
243,5,400503,flow,18,404528,flow,7,0.004723066406621667,0.040568455689570425,0.06337494316595303
243,5,400503,flow,18,404528,flow,12,0.0017186015021379692,0.01865416705838198,0.07030435524658314
243,5,400503,flow,19,401795,flow,1,3.412627124691907e-08,1.2753070223762145e-06,0.12344281985556856
243,5,400503,flow,19,401795,flow,2,0.003970510816897354,0.035601093252379756,0.06460959184665149
243,5,400503,flow,19,401795,flow,3,7.984125118252395e-07,2.3803602837025777e-05,0.11048549912989751
243,5,400503,flow,19,401795,flow,4,0.002419732876096283,0.024434890193398652,0.06802708120327598
243,5,400503,flow,19,401795,flow,5,0.0005428697769537244,0.007374834705786444,0.07754204701076785
243,5,400503,flow,19,401795,flow,11,8.577609878430326e-07,2.529139220592929e-05,0.11017379282204719
243,5,400503,flow,19,401795,flow,12,1.6403309188087434e-05,0.00036773376072930835,0.09652494037174889
243,5,400503,occupancy,0,400593,flow,5,0.00195603950272411,0.02069072147837452,-0.06945061151781214
243,5,400503,occupancy,9,402391,flow,9,0.00017914309681651248,0.002932586243703085,-0.08397889892982337
243,5,400503,occupancy,9,402391,flow,10,5.6554803402712786e-05,0.0010824844957896288,0.09022996720023364
243,5,400503,occupancy,10,400497,flow,7,0.0003442329573572594,0.0050563970614871155,-0.08024297532276911
243,5,400503,occupancy,10,400497,flow,11,0.002498094657134346,0.02506216655555126,0.06781159794202608
243,5,400503,occupancy,12,404520,flow,2,0.004504144464774449,0.03916041102526798,-0.06371456248484926
243,5,400503,occupancy,15,401472,flow,1,0.001833966835861604,0.01968870956988601,0.06987686544007336
243,5,400503,occupancy,15,401472,flow,8,0.0001386200797659713,0.002356705016092074,-0.08540530730466035
243,5,400503,occupancy,15,401472,flow,12,0.00013561383578486097,0.002311964366971584,0.0855262581291658
243,5,400503,occupancy,19,401795,flow,11,0.0017594973156517429,0.0190017697832706,0.07014987818250235
243,5,400503,speed,0,400593,flow,1,0.003018444409873881,0.02880424088945254,-0.06651999656112359
243,5,400503,speed,2,400331,flow,3,0.0035774082833710547,0.03290271191007656,-0.06534169270900785
243,5,400503,speed,5,400503,flow,1,0.000715519778400494,0.00922777252828411,-0.07586328914334181
243,5,400503,speed,9,402391,flow,10,0.0009046192428029078,0.01108325334347295,-0.07441139315521741
243,5,400503,speed,11,405841,flow,10,0.00575954896884563,0.04723092548483888,-0.06193827571100952
243,5,400503,speed,16,405838,flow,12,0.004248466923471433,0.037527527312262055,0.06413065925427615
243,6,405843,flow,2,400331,flow,1,0.0001241305752094031,0.002146693694574145,0.08601276543345023
243,6,405843,flow,2,400331,flow,2,1.958325654895518e-08,7.683893577791678e-07,0.12559125504772467
243,6,405843,flow,2,400331,flow,8,2.03895621366547e-05,0.0004441901584989829,0.09544646593857978
243,6,405843,flow,4,400316,flow,6,0.0018697680254925852,0.02001337430656087,0.06974921998814551
243,6,405843,flow,5,400503,flow,1,0.0005441740272128568,0.007385585289222562,0.07752759788855816
243,6,405843,flow,5,400503,flow,5,0.00013473624401582728,0.002302454802802112,0.08556204255474552
243,6,405843,flow,5,400503,flow,7,0.0011657856034548476,0.013568738935093668,0.07281243034548635
243,6,405843,flow,6,405843,flow,1,1.1026541785476184e-95,3.872736627094074e-93,0.44153035950681513
243,6,405843,flow,6,405843,flow,2,6.8639780783528e-11,3.5216609618152133e-09,0.14562275133196562
243,6,405843,flow,6,405843,flow,3,6.685428577698652e-07,2.0281637258186925e-05,0.11122581240709535
243,6,405843,flow,6,405843,flow,4,6.889946838398251e-05,0.0012868383200121247,0.08918798445204741
243,6,405843,flow,6,405843,flow,5,5.853752057974705e-10,2.7637386765519918e-08,0.13841414510810773
243,6,405843,flow,6,405843,flow,6,2.3575061251714525e-12,1.400883969840533e-10,0.15646248119615502
243,6,405843,flow,6,405843,flow,7,0.0018966233407378614,0.020215674394245153,0.06965493448290337
243,6,405843,flow,6,405843,flow,11,2.5080105145546354e-09,1.1055719819261249e-07,0.1332465533872187
243,6,405843,flow,6,405843,flow,12,1.13372143174629e-07,3.985090793445056e-06,0.11866941181036686
243,6,405843,flow,7,408093,flow,1,0.00446542108524023,0.038908065930290024,0.06377618509103018
243,6,405843,flow,7,408093,flow,3,0.00375616145068391,0.0341366052453491,0.06500017309206316
243,6,405843,flow,7,408093,flow,10,0.0028756276574348266,0.027778871824951815,0.06685290240085316
243,6,405843,flow,9,402391,flow,6,0.0015605714426127995,0.017281898569821312,0.07093490096603595
243,6,405843,flow,9,402391,flow,12,0.0013090086106715085,0.014908824672029836,0.07207160557645802
243,6,405843,flow,10,400497,flow,2,1.3545353862930215e-05,0.0003099360629653524,-0.09746481467386021
243,6,405843,flow,10,400497,flow,3,0.0003220215780364116,0.0047674202094492735,-0.08063163305773668
243,6,405843,flow,10,400497,flow,5,3.404528725862304e-10,1.6599959475987756e-08,0.14029082772872886
243,6,405843,flow,10,400497,flow,6,0.00032362101029292174,0.00478617858427053,0.08060282095256714
243,6,405843,flow,10,400497,flow,8,0.003441424234767782,0.03202014364461946,-0.06561204973377216
243,6,405843,flow,10,400497,flow,10,0.0003770328122753199,0.005441970427762719,0.07970990545944509
243,6,405843,flow,10,400497,flow,11,2.4386095345621965e-11,1.2942006375072098e-09,0.1490837202321817
243,6,405843,flow,10,400497,flow,12,1.4079368654616046e-08,5.624953966031245e-07,0.126850840859727
243,6,405843,flow,11,405841,flow,4,0.0024459407034396513,0.02467070707181717,0.06795431232338194
243,6,405843,flow,11,405841,flow,11,0.001382017519233658,0.01560458882145688,0.07172231448013838
243,6,405843,flow,11,405841,flow,12,0.004243304874960288,0.03750870415841881,0.0641392914387665
243,6,405843,flow,12,404520,flow,6,2.3708158350927126e-06,6.401202754750324e-05,0.10565988113110146
243,6,405843,flow,12,404520,flow,11,5.329166966845016e-05,0.0010277679150343959,0.09054145142278519
243,6,405843,flow,13,400183,flow,4,9.897398525108298e-06,0.00023364350616649098,0.09898724010259835
243,6,405843,flow,14,401469,flow,1,3.115986677004492e-07,1.0008224865917773e-05,0.1145006544569007
243,6,405843,flow,14,401469,flow,5,0.0006517649115839785,0.008547736545363654,0.07643430626842254
243,6,405843,flow,14,401469,flow,6,0.006160145177569563,0.049621158245572464,0.06144498261439641
243,6,405843,flow,14,401469,flow,7,4.612813068263974e-06,0.00011702040751078202,0.10260285427583166
243,6,405843,flow,14,401469,flow,11,8.908176399480493e-05,0.001606148666350406,0.0878152060874497
243,6,405843,flow,14,401469,flow,12,0.0028206300018192043,0.02738239280153687,0.066985137261006
243,6,405843,flow,15,401472,flow,3,0.00034087657405001205,0.005015622615449768,-0.08030017444061757
243,6,405843,flow,15,401472,flow,4,0.0026710143069355666,0.026303663749611454,-0.06735715196666076
243,6,405843,flow,15,401472,flow,6,8.528654201013916e-06,0.00020514357543641493,0.09970180349875478
243,6,405843,flow,15,401472,flow,11,3.7295569259720974e-05,0.0007553533014627033,0.09239168923518748
243,6,405843,flow,15,401472,flow,12,2.7859276872202925e-07,9.062656331921434e-06,0.11496948102814945
243,6,405843,flow,16,405838,flow,1,0.0002794346333899222,0.0042505549867762815,0.0814526458255495
243,6,405843,flow,16,405838,flow,2,2.3634268365796343e-05,0.000507203374765227,0.09470785129667339
243,6,405843,flow,16,405838,flow,6,0.0029744622795387513,0.02847258375273079,0.06662096047049339
243,6,405843,flow,16,405838,flow,7,0.0005787025069836357,0.007761548681059628,0.07715634369267374
243,6,405843,flow,16,405838,flow,10,0.0012231758573691379,0.014085804691662986,0.07250600041381583
243,6,405843,flow,16,405838,flow,11,7.648642878858584e-05,0.0014102491351544637,0.08863212602671115
243,6,405843,flow,16,405838,flow,12,0.0011033156500385663,0.012994339171664685,0.07316223986332566
243,6,405843,flow,17,400260,flow,6,0.004177792971793553,0.03708252648068246,0.06424967796606841
243,6,405843,flow,17,400260,flow,9,0.00020194422997107318,0.0032376184826265245,-0.08330493592631648
243,6,405843,flow,17,400260,flow,11,1.3065593821939171e-08,5.260332275002537e-07,0.12713440897805178
243,6,405843,flow,17,400260,flow,12,0.004256225083048476,0.037570274537738896,0.06411770360980101
243,6,405843,flow,18,404528,flow,1,0.0012677886813932712,0.014519743116699183,0.07227682897299886
243,6,405843,flow,18,404528,flow,6,0.006210983500034328,0.04993755577917047,0.06138445984550046
243,6,405843,flow,18,404528,flow,7,0.0015038193096147277,0.01673061915409638,0.07117576337197853
243,6,405843,flow,18,404528,flow,12,0.0020245856766757135,0.021221786042166162,0.06922184847730466
243,6,405843,flow,19,401795,flow,1,0.0001935997493255544,0.003124209626770247,0.08354288251615807
243,6,405843,flow,19,401795,flow,5,0.0013070249584226582,0.014890157754182181,0.07208134424185897
243,6,405843,flow,19,401795,flow,6,0.00019869998787075464,0.003194581122447563,0.08339633030525033
243,6,405843,flow,19,401795,flow,11,9.638684562169054e-06,0.0002285352212325484,0.0991147552229967
243,6,405843,flow,19,401795,flow,12,1.6517815935937485e-06,4.6066471816171686e-05,0.10728506747097122
243,6,405843,occupancy,0,400593,flow,4,0.0012280519521447235,0.01413208426549069,0.0724805803484712
243,6,405843,occupancy,0,400593,flow,11,0.0007559902645363147,0.009642391328009682,0.07552486105730183
243,6,405843,occupancy,0,400593,flow,12,0.004189550806225695,0.03715635286983166,0.06422975120376759
243,6,405843,occupancy,2,400331,flow,1,0.001692922556972056,0.018440306218152503,0.0704030888460364
243,6,405843,occupancy,2,400331,flow,4,0.003713657772945351,0.03383171990536465,0.0650800193499711
243,6,405843,occupancy,2,400331,flow,6,0.001886055270066941,0.02013781207782794,0.06969189047656402
243,6,405843,occupancy,2,400331,flow,7,0.00014257989178885735,0.0024126327165212053,0.08524970516546541
243,6,405843,occupancy,2,400331,flow,10,0.0042470678295927185,0.037527527312262055,0.0641329979357483
243,6,405843,occupancy,2,400331,flow,11,0.0001374464293740326,0.0023395136914728955,0.08545223044151264
243,6,405843,occupancy,3,400039,flow,11,0.0028018873013783033,0.02727797686308302,0.06703073955710201
243,6,405843,occupancy,3,400039,flow,12,0.002081471721742554,0.021656931208882062,0.06903732981887044
243,6,405843,occupancy,5,400503,flow,1,0.002030729102490321,0.021256965647584655,0.06920169397223791
243,6,405843,occupancy,5,400503,flow,5,0.002972507732088997,0.028460180413618058,0.06662547877831305
243,6,405843,occupancy,5,400503,flow,10,0.0020805665656837688,0.021652728411837824,0.06904022944829408
243,6,405843,occupancy,5,400503,flow,12,0.0006110431036040472,0.008107205797203575,0.0768268540763908
243,6,405843,occupancy,6,405843,flow,9,0.00026262313406696415,0.004034608603020217,0.08180944411243027
243,6,405843,occupancy,7,408093,flow,2,0.00013887247917156965,0.002360067309288674,0.08539526512140787
243,6,405843,occupancy,7,408093,flow,3,1.033993724875542e-05,0.00024329264114718633,0.09875155246025397
243,6,405843,occupancy,7,408093,flow,4,2.114943379978233e-17,1.802081933235891e-15,0.1888055129579741
243,6,405843,occupancy,9,402391,flow,5,0.004387069120020665,0.03848149969236401,0.06390236518575891
243,6,405843,occupancy,9,402391,flow,10,0.00024157328262858988,0.003771581427378057,0.0822876657468013
243,6,405843,occupancy,10,400497,flow,4,1.3351181222846808e-05,0.0003058170884554518,0.09753535900861925
243,6,405843,occupancy,10,400497,flow,5,9.446510884953182e-06,0.0002245950854320184,0.09921160652515534
243,6,405843,occupancy,10,400497,flow,9,0.0008262587848501902,0.010322261279794165,0.07497530618414842
243,6,405843,occupancy,10,400497,flow,10,0.0002950590144062113,0.00442896088337329,0.08113862689584025
243,6,405843,occupancy,10,400497,flow,11,8.509866446819303e-07,2.51454330029134e-05,0.11020830471133114
243,6,405843,occupancy,11,405841,flow,9,0.005147524404665173,0.04324641273464322,0.0627551777138304
243,6,405843,occupancy,12,404520,flow,11,0.0012549519872958876,0.01439562555793477,0.07234199731782799
243,6,405843,occupancy,13,400183,flow,2,1.4111912302779334e-06,4.005483649671926e-05,0.10798574585475466
243,6,405843,occupancy,13,400183,flow,6,0.000924029651413649,0.011263566856960958,0.07427871676744471
243,6,405843,occupancy,13,400183,flow,7,1.9896829011543163e-05,0.0004348644004486077,0.09556830727014413
243,6,405843,occupancy,14,401469,flow,3,0.0038981694853349007,0.03509083595883886,0.0647392232382198
243,6,405843,occupancy,14,401469,flow,6,0.005643503436628618,0.046473379424772455,0.06208694929369935
243,6,405843,occupancy,14,401469,flow,11,0.00010336553326277768,0.001830078293832785,0.08701149255663632
243,6,405843,occupancy,14,401469,flow,12,0.00035102161351157084,0.0051316865325549445,0.08012886005708539
243,6,405843,occupancy,15,401472,flow,2,3.6231872076586555e-05,0.0007358800534595859,-0.09254019653890247
243,6,405843,occupancy,15,401472,flow,6,5.3569589360460935e-05,0.001032206182146259,0.09051422868689499
243,6,405843,occupancy,15,401472,flow,10,2.691231420697687e-05,0.0005685872238389471,0.09405375827992715
243,6,405843,occupancy,15,401472,flow,11,1.8993206219238894e-08,7.472736873143172e-07,0.12570855975362033
243,6,405843,occupancy,16,405838,flow,2,3.18784699719869e-05,0.0006576000553274111,0.09319455815425068
243,6,405843,occupancy,16,405838,flow,6,0.003589869151619443,0.03300326608852095,0.06531738815246482
243,6,405843,occupancy,16,405838,flow,11,0.0032112961973592012,0.030296570370368526,0.06609254309834937
243,6,405843,occupancy,16,405838,flow,12,0.004408691025037956,0.0386319375824827,0.0638673420998996
243,6,405843,occupancy,17,400260,flow,1,0.004181440810259814,0.037099659684375424,0.06424349030462927
243,6,405843,occupancy,17,400260,flow,8,0.0015765041192270521,0.017440455301052152,0.07086873018247879
243,6,405843,occupancy,17,400260,flow,12,0.0051175953037065295,0.0430578596249924,0.06279733547216956
243,6,405843,occupancy,18,404528,flow,12,4.75307797542836e-05,0.0009332814536266914,0.09113829683193943
243,6,405843,occupancy,19,401795,flow,4,0.000799295211380263,0.010081621352299959,0.07518086336380402
243,6,405843,occupancy,19,401795,flow,10,0.0006029741269524189,0.00802974176459448,0.0769075152200561
243,6,405843,occupancy,19,401795,flow,12,0.00020200934199000734,0.0032376184826265245,0.08330311578566044
243,6,405843,speed,2,400331,flow,9,0.00017308736683325536,0.0028517827029735437,0.08417144566322855
243,6,405843,speed,2,400331,flow,11,0.0006789352340304361,0.00884232804043257,-0.07618487939048932
243,6,405843,speed,2,400331,flow,12,8.661658157068164e-05,0.0015715398252219433,0.08796611656465533
243,6,405843,speed,6,405843,flow,2,0.0009174467447963621,0.011205456424993735,-0.07432342141258125
243,6,405843,speed,6,405843,flow,11,0.00238813525677759,0.024246167589375298,0.06811578004768093
243,6,405843,speed,10,400497,flow,4,0.00031868361631532305,0.004725913042187097,-0.080692196625735
243,6,405843,speed,13,400183,flow,2,0.0010345920911804573,0.012352751978503934,-0.07356887252605508
243,6,405843,speed,13,400183,flow,4,0.00578436508821633,0.04740757661183479,0.06190683284782996
243,6,405843,speed,13,400183,flow,6,0.0004489402483333766,0.006307063000976217,-0.07867848423690336
243,6,405843,speed,15,401472,flow,5,0.00026565052086168303,0.00407098350522338,-0.08174364195213521
243,6,405843,speed,17,400260,flow,8,0.005432322830388708,0.04510404502648322,-0.06236472319434117
243,7,408093,flow,0,400593,flow,12,4.31211871671274e-06,0.00011009664808628273,0.10291635407654329
243,7,408093,flow,2,400331,flow,4,0.0005713097206284202,0.00767507598600573,0.07723406387050112
243,7,408093,flow,3,400039,flow,9,0.0007554266428454345,0.009638048130810033,0.07552945761539127
243,7,408093,flow,5,400503,flow,2,7.24499232861072e-05,0.0013450093192779679,0.08892101654208609
243,7,408093,flow,5,400503,flow,8,0.00036508650890225224,0.005299642871161726,0.0798988537544876
243,7,408093,flow,6,405843,flow,3,0.0007035531193283484,0.009103608174461068,0.07596676532571497
243,7,408093,flow,6,405843,flow,4,2.193847223887704e-05,0.00047458287467175167,0.09508091894368359
243,7,408093,flow,6,405843,flow,5,0.0013251474311393003,0.01506879942753824,0.07199287457475556
243,7,408093,flow,7,408093,flow,1,9.523740386229634e-18,8.31162797343677e-16,0.19082026672939673
243,7,408093,flow,7,408093,flow,2,3.1820075935810656e-14,2.231537792901007e-12,0.16916517568575176
243,7,408093,flow,7,408093,flow,3,2.0508021883683814e-24,2.5240642318380076e-22,0.22592855001656306
243,7,408093,flow,7,408093,flow,4,2.188128026714823e-14,1.5445609600339926e-12,0.170269654939296
243,7,408093,flow,7,408093,flow,5,1.0343295812553736e-10,5.238339731562971e-09,0.14433073352319656
243,7,408093,flow,7,408093,flow,6,1.3208071147598965e-08,5.312743701827517e-07,0.1270932914411064
243,7,408093,flow,7,408093,flow,7,1.557444903201118e-05,0.0003507905100015031,0.09678034590514968
243,7,408093,flow,7,408093,flow,8,1.1975686086498703e-08,4.844097742853408e-07,0.12746415982836853
243,7,408093,flow,7,408093,flow,9,0.0003615492967542113,0.005260670131283909,0.07995590884854209
243,7,408093,flow,7,408093,flow,10,0.001819755299518817,0.019550715975929594,0.06992817046126894
243,7,408093,flow,7,408093,flow,11,0.004281519773414928,0.03773957441573656,0.0640756111699822
243,7,408093,flow,7,408093,flow,12,0.00013155552038990475,0.002255237492398367,0.08569360417973304
243,7,408093,flow,9,402391,flow,12,0.0010073740256889934,0.01210530122663825,0.07373686122816306
243,7,408093,flow,11,405841,flow,2,0.0019398365148911149,0.020559298975178008,0.06950576018068298
243,7,408093,flow,11,405841,flow,9,0.0006919709452596687,0.008986407020260235,0.07606848512157814
243,7,408093,flow,13,400183,flow,1,0.00027130302810180243,0.004141445517313733,0.08162263963438142
243,7,408093,flow,13,400183,flow,7,0.006212574059404703,0.049939666627358194,0.061382573492807534
243,7,408093,flow,14,401469,flow,4,0.0013038018749507224,0.014861277308145437,0.0720971969507836
243,7,408093,flow,14,401469,flow,8,0.0003664285358910623,0.005315551628775652,0.07987734197286823
243,7,408093,flow,14,401469,flow,10,0.00019055667376024596,0.003080856402111761,0.0836320599171682
243,7,408093,flow,15,401472,flow,1,0.004809481527811972,0.041028752369959946,0.06324479377812936
243,7,408093,flow,15,401472,flow,8,0.003401813814700346,0.03171991297108892,0.06569262888301987
243,7,408093,flow,16,405838,flow,6,0.00016049459543524724,0.00267181754250585,0.08459299090977371
243,7,408093,flow,16,405838,flow,11,0.004348371598786175,0.03821189037175809,0.0639654394503111
243,7,408093,flow,16,405838,flow,12,0.002480284785808923,0.024932036553027264,0.06786002410882618
243,7,408093,flow,18,404528,flow,2,0.00043950904248125916,0.006204833540911894,0.07880458049503108
243,7,408093,flow,19,401795,flow,5,0.0048582511388184715,0.041314551159285305,0.06317227264792705
243,7,408093,flow,19,401795,flow,8,0.0007867474993238721,0.009967146561196918,0.07527872254687862
243,7,408093,occupancy,0,400593,flow,12,0.0005451347752245629,0.007394110237467125,0.07751697485829222
243,7,408093,occupancy,2,400331,flow,2,0.00019988378225091523,0.0032100295142154416,0.08336282008909938
243,7,408093,occupancy,2,400331,flow,4,0.0003209087399198355,0.004754203554367933,0.08065175874212309
243,7,408093,occupancy,2,400331,flow,9,0.003493431444640881,0.03236462329154752,0.06550752324452316
243,7,408093,occupancy,3,400039,flow,1,0.0017005152047827807,0.01850451792022361,0.07037375316499653
243,7,408093,occupancy,3,400039,flow,9,0.000632985740015116,0.008329267124170883,0.07661241287326942
243,7,408093,occupancy,3,400039,flow,12,0.0017935990537784861,0.019298500404291555,0.07002356636729153
243,7,408093,occupancy,5,400503,flow,1,5.465392056052971e-05,0.001050288864864272,0.0904092796592885
243,7,408093,occupancy,5,400503,flow,2,7.587071373778264e-06,0.00018465435681533577,0.10026008524679351
243,7,408093,occupancy,5,400503,flow,4,0.0031839382305484157,0.030097621785490494,0.06615173443725138
243,7,408093,occupancy,5,400503,flow,8,0.0011626381657476855,0.013541647010056623,0.07282963587331076
243,7,408093,occupancy,6,405843,flow,1,0.0007155795826331428,0.00922777252828411,0.07586277606069983
243,7,408093,occupancy,6,405843,flow,2,1.410851168663533e-05,0.00032145975994865306,0.09726553701682664
243,7,408093,occupancy,6,405843,flow,3,2.030158771992244e-05,0.0004424967656410946,0.09546801303746882
243,7,408093,occupancy,6,405843,flow,4,3.123032115013412e-05,0.0006464541800123593,0.09329916768641676
243,7,408093,occupancy,6,405843,flow,5,0.0060783785403619815,0.04916419264999768,0.061543274743356094
243,7,408093,occupancy,6,405843,flow,10,3.094000371510664e-05,0.0006410590697806267,0.09334669425258112
243,7,408093,occupancy,7,408093,flow,2,1.0138790178089081e-07,3.5754753934159045e-06,0.11912142199013939
243,7,408093,occupancy,7,408093,flow,4,1.646803924900345e-07,5.579759180838816e-06,0.11714674609987571
243,7,408093,occupancy,7,408093,flow,5,2.9266976715501233e-06,7.732925957857206e-05,0.10470156813672872
243,7,408093,occupancy,7,408093,flow,6,2.5377946148262406e-05,0.0005408619998050991,0.09434990336345367
243,7,408093,occupancy,7,408093,flow,7,2.4242312580677135e-05,0.0005191775451322336,0.0945802605560808
243,7,408093,occupancy,7,408093,flow,8,2.689341385523771e-08,1.0290482538053755e-06,0.124368630878047
243,7,408093,occupancy,7,408093,flow,9,0.0015515901298998088,0.017186844515813267,0.07097247616682076
243,7,408093,occupancy,7,408093,flow,12,2.2026241936285874e-05,0.0004758407628653365,0.09506094749434858
243,7,408093,occupancy,9,402391,flow,12,7.687110739248904e-05,0.001416737132830856,0.08860535136469098
243,7,408093,occupancy,10,400497,flow,11,0.0020743290200840683,0.021598219731894856,0.06906024265970935
243,7,408093,occupancy,10,400497,flow,12,0.002350620874143498,0.023943722906440177,0.0682224927543617
243,7,408093,occupancy,11,405841,flow,1,8.746957029420123e-06,0.00020969397540008286,0.09958080361377891
243,7,408093,occupancy,11,405841,flow,2,0.0037850950614376332,0.03431607694734643,0.06494628730954781
243,7,408093,occupancy,11,405841,flow,9,0.0004755209366279639,0.00661115529904904,0.07833595043961276
243,7,408093,occupancy,11,405841,flow,12,0.0004070318871985836,0.0058089783703266645,0.07925901099777811
243,7,408093,occupancy,12,404520,flow,8,0.0027957842765234876,0.027226754000409078,0.06704564873140481
243,7,408093,occupancy,13,400183,flow,1,0.006177973455678072,0.049736946195544675,0.06142370714214932
243,7,408093,occupancy,13,400183,flow,7,0.001985628701960601,0.020930172610468763,0.0693509740574535
243,7,408093,occupancy,14,401469,flow,4,0.00023205384248841992,0.0036440298057069218,0.08251689848175596
243,7,408093,occupancy,14,401469,flow,5,0.0023676231580824817,0.024060531740570035,0.06817393675749102
243,7,408093,occupancy,14,401469,flow,7,0.004064677801321045,0.03626478335751118,0.06444402335321232
243,7,408093,occupancy,14,401469,flow,8,0.003893822927785418,0.0350663228018199,0.06474708135862127
243,7,408093,occupancy,14,401469,flow,10,0.0002981620435122107,0.004464679473042461,0.08107812002223945
243,7,408093,occupancy,15,401472,flow,1,0.00226713674695604,0.02325268458416451,0.06846567668277795
243,7,408093,occupancy,16,405838,flow,5,0.0015886841688556657,0.017548237303647345,0.07081855828480611
243,7,408093,occupancy,16,405838,flow,6,0.0014053415561058214,0.01582245379822035,0.0716143076276288
243,7,408093,occupancy,16,405838,flow,8,0.0030823317627534283,0.02932967668523086,0.06637570191976176
243,7,408093,occupancy,16,405838,flow,9,0.004534115200586897,0.03934788603160987,0.06366719682399537
243,7,408093,occupancy,16,405838,flow,12,0.0002779880110988337,0.0042315299786714645,0.08148254625040353
243,7,408093,occupancy,17,400260,flow,2,0.005162255384741502,0.04333646183848287,0.06273450906518659
243,7,408093,occupancy,18,404528,flow,1,3.225468359803371e-05,0.0006641574506363471,0.09313476072371862
243,7,408093,occupancy,18,404528,flow,2,4.754982591278583e-05,0.0009332814536266914,0.09113621299175231
243,7,408093,occupancy,18,404528,flow,3,0.0010614515148791646,0.012625194229840283,0.07340705683605088
243,7,408093,occupancy,18,404528,flow,4,0.003965961688379227,0.035567686306411175,0.06461768020822481
243,7,408093,occupancy,18,404528,flow,8,0.0025467246114191724,0.025408430303304447,0.06768095970670505
243,7,408093,occupancy,19,401795,flow,1,0.000513809558420311,0.007057496841871616,0.07787267050792857
243,7,408093,occupancy,19,401795,flow,4,0.0006171110810925678,0.00816514508520641,0.07676684570912949
243,7,408093,occupancy,19,401795,flow,5,0.0003196338356947074,0.00473694054957508,0.08067489577821865
243,7,408093,occupancy,19,401795,flow,8,0.000822988704732018,0.010287358809150226,0.07499990148006885
243,7,408093,speed,1,400125,flow,8,0.0004125165522623318,0.005871734780142582,0.07917994573218783
243,8,401448,flow,6,405843,flow,5,0.0006062060886395024,0.008060400921595602,0.07687508725809693
243,8,401448,flow,8,401448,flow,1,4.252670463097425e-244,4.480862536727043e-241,0.6552527850208302
243,8,401448,flow,8,401448,flow,4,1.1586987862566422e-08,4.6912640643193016e-07,-0.12758885441366374
243,8,401448,flow,17,400260,flow,3,0.004312943722659358,0.03795460762250647,-0.0640236318701038
243,8,401448,occupancy,8,401448,flow,1,0.0010683814060666297,0.012671721237423985,0.073365922010119
243,8,401448,occupancy,8,401448,flow,4,0.006009890172638568,0.04882129856586013,-0.06162652519976832
243,8,401448,occupancy,9,402391,flow,1,0.0026364711176361075,0.026050168017666082,0.06744574145760429
243,8,401448,occupancy,10,400497,flow,5,2.217897391881828e-05,0.00047858724939707774,-0.0950263740515065
243,8,401448,occupancy,14,401469,flow,7,0.0032179159776493022,0.030339146712014372,0.06607828964327164
243,8,401448,occupancy,16,405838,flow,10,0.0027203211139967226,0.026648043565682178,0.06723249538996301
243,8,401448,speed,3,400039,flow,4,0.005261240899036917,0.04396239977531815,-0.0625969904066436
243,8,401448,speed,6,405843,flow,2,0.006127689406118377,0.04945193019695757,-0.06148385653058415
243,8,401448,speed,8,401448,flow,1,0.0018543583519211326,0.01987798531091636,-0.06980388412606596
243,8,401448,speed,9,402391,flow,1,0.0057913308014728975,0.047455517948336336,-0.06189802889974778
243,8,401448,speed,10,400497,flow,5,0.0030959091607116237,0.029432939203948537,0.06634538778926091
243,8,401448,speed,10,400497,flow,10,0.003852246915461578,0.03476437575682895,0.0648226514268112
243,8,401448,speed,17,400260,flow,8,0.0009821239162880588,0.011851327704928532,-0.07389650093957574
243,9,402391,flow,1,400125,flow,1,0.002174914479010121,0.022461464378015116,0.06874403458202978
243,9,402391,flow,1,400125,flow,12,0.0001594939116747555,0.002657206704338387,0.08462781015639838
243,9,402391,flow,2,400331,flow,1,0.0036954393966755336,0.033694170944783254,0.06511449832590294
243,9,402391,flow,3,400039,flow,1,1.5589656801524272e-06,4.373202427440575e-05,0.10751603999253102
243,9,402391,flow,3,400039,flow,2,0.0037453696817725244,0.034070324331980005,0.06500401873834728
243,9,402391,flow,3,400039,flow,3,0.0017746141838010767,0.01912757802899364,0.07009361074502468
243,9,402391,flow,3,400039,flow,11,0.0024076077842252216,0.02437512450867813,0.06806099202847678
243,9,402391,flow,3,400039,flow,12,0.0034296907675552503,0.03193848699253865,0.06563583071307622
243,9,402391,flow,4,400316,flow,11,3.246042952551803e-05,0.0006677574073820851,0.09310233784508565
243,9,402391,flow,4,400316,flow,12,0.0012137318430667805,0.014004598189232081,0.07255550107958439
243,9,402391,flow,5,400503,flow,1,6.609524329875268e-05,0.0012403625154240295,0.08940820005249014
243,9,402391,flow,5,400503,flow,2,4.774063468834516e-05,0.0009366010075097688,0.09111538013833212
243,9,402391,flow,8,401448,flow,12,0.006021387499438344,0.04888628828711455,-0.06161249026656379
243,9,402391,flow,9,402391,flow,1,1.4578356286231192e-70,3.985980959273339e-68,0.3832428291848893
243,9,402391,flow,9,402391,flow,2,4.820234158532422e-31,7.436932701735738e-29,0.25575596596878897
243,9,402391,flow,9,402391,flow,3,9.156527991338091e-05,0.0016447484791093784,0.08766710815620227
243,9,402391,flow,9,402391,flow,5,0.002404588016570537,0.024352301504993675,0.06806946185007147
243,9,402391,flow,9,402391,flow,9,0.002840568189081863,0.02755170443028997,0.06693692877738035
243,9,402391,flow,9,402391,flow,11,0.001988144925761902,0.020938270503079302,0.06934256397753988
243,9,402391,flow,10,400497,flow,8,0.0008443193842410492,0.010515570507280962,-0.07484107075274431
243,9,402391,flow,10,400497,flow,10,8.67220085421244e-05,0.00157279209446674,0.08795958014486574
243,9,402391,flow,10,400497,flow,11,3.744293236065547e-10,1.809322906018251e-08,0.13996324603455995
243,9,402391,flow,10,400497,flow,12,7.2461493849084384e-09,3.0157384723318356e-07,0.1293500620902335
243,9,402391,flow,12,404520,flow,2,0.0007895160811800351,0.009986820720240219,-0.07525700664831642
243,9,402391,flow,12,404520,flow,4,0.004911657571965097,0.04166999354063083,-0.06309360761447205
243,9,402391,flow,12,404520,flow,11,9.61528751407389e-06,0.0002281056675496936,0.09912644777065295
243,9,402391,flow,12,404520,flow,12,0.003376963046888021,0.03155765388363845,0.06574361943265039
243,9,402391,flow,15,401472,flow,1,2.7574623709858163e-06,7.308121130465476e-05,0.10497339502419502
243,9,402391,flow,15,401472,flow,3,0.0010652258848953277,0.012645715368914031,-0.07338462204617212
243,9,402391,flow,15,401472,flow,8,0.0008773760495025059,0.01082005290850935,-0.0746021267791686
243,9,402391,flow,15,401472,flow,11,7.615200968877354e-12,4.2668830331452877e-10,0.15280432950881712
243,9,402391,flow,15,401472,flow,12,4.424999042435325e-12,2.555614420230027e-10,0.15450890208514742
243,9,402391,flow,16,405838,flow,1,0.0049899555634570865,0.042168638564426084,0.06297966485141909
243,9,402391,flow,17,400260,flow,9,0.003720188628064528,0.033884070995654145,-0.06506769686087809
243,9,402391,flow,17,400260,flow,12,0.00028804526990611494,0.004355260618791694,0.08127761459183473
243,9,402391,flow,18,404528,flow,1,7.735876702364603e-05,0.0014245092648855536,0.0885715903236805
243,9,402391,flow,18,404528,flow,2,0.0007752516535311137,0.00984736002133023,0.07536965729732693
243,9,402391,flow,19,401795,flow,1,0.00015348213040963286,0.002568937634132561,0.08484142082357989
243,9,402391,flow,19,401795,flow,2,0.003619603933841573,0.03317074457826812,0.06525969970067302
243,9,402391,flow,19,401795,flow,5,0.0015005048906283683,0.016698045150733,0.07119008735228936
243,9,402391,flow,19,401795,flow,11,0.004632841948940903,0.04006782226111051,0.0635131486941546
243,9,402391,flow,19,401795,flow,12,1.8467440271919955e-06,5.104244528131427e-05,0.10678582520338094
243,9,402391,occupancy,0,400593,flow,8,0.0016469008817824153,0.018052334262278168,0.070583534652462
243,9,402391,occupancy,1,400125,flow,12,0.001981188320004593,0.020905553352271233,0.06936583920500883
243,9,402391,occupancy,2,400331,flow,2,6.252517495043238e-05,0.0011836492365726026,0.08970170995936225
243,9,402391,occupancy,6,405843,flow,1,0.005674969163644215,0.04670578545807393,0.062046366184348244
243,9,402391,occupancy,10,400497,flow,10,0.0005537521611451206,0.007487353164779095,0.07742246366770927
243,9,402391,occupancy,10,400497,flow,11,0.0004483083243121309,0.006300234095733264,0.07868685554536373
243,9,402391,occupancy,12,404520,flow,11,0.005693521260888431,0.04682279049502764,0.0620225334484426
243,9,402391,occupancy,14,401469,flow,4,0.001786303985635139,0.019229586887475208,0.07005040047891319
243,9,402391,occupancy,14,401469,flow,5,2.4345925252517305e-05,0.0005196363492632152,0.094558822585226
243,9,402391,occupancy,15,401472,flow,1,0.00017699703938078802,0.0029040152302506807,0.08404642508929477
243,9,402391,occupancy,15,401472,flow,4,4.652413219917891e-05,0.0009156457908904459,-0.09124957569809164
243,9,402391,occupancy,15,401472,flow,11,1.8939018170211273e-05,0.0004180713259852463,0.09581359677148128
243,9,402391,occupancy,15,401472,flow,12,0.0002668240767796661,0.004085793372548383,0.08171832275491363
243,9,402391,occupancy,16,405838,flow,1,5.027705306357828e-05,0.0009783642758317934,0.09084569881556448
243,9,402391,occupancy,16,405838,flow,4,0.0020851678393187245,0.021684942382900554,0.06902550144391299
243,9,402391,occupancy,19,401795,flow,3,0.006019476933190179,0.048879963066506715,0.06161482084675621
243,9,402391,occupancy,19,401795,flow,12,5.138388038910055e-05,0.000994972493415125,0.09073203458184619
243,9,402391,speed,0,400593,flow,8,0.0024133460972549058,0.024408831309193434,-0.06804492399179539
243,9,402391,speed,14,401469,flow,4,0.0011244784729396821,0.013175337681311166,-0.07304173109438346
243,9,402391,speed,15,401472,flow,4,0.0007654787840216585,0.009749022249332443,0.0754479520104209
243,9,402391,speed,16,405838,flow,1,0.003652962047030066,0.03340558010831898,-0.06519549199489262
243,9,402391,speed,19,401795,flow,2,0.0017038432679375827,0.018507927879030318,-0.07036093247368824
243,10,400497,flow,0,400593,flow,7,0.0037437344134831933,0.03406334814840683,0.06502343293871334
243,10,400497,flow,0,400593,flow,8,0.004283071489141798,0.03774555045510519,0.06407303632979425
243,10,400497,flow,1,400125,flow,1,5.713413876190398e-07,1.76048130849804e-05,0.11192931635563046
243,10,400497,flow,1,400125,flow,2,1.9726197222851834e-05,0.0004319167359489099,0.09561117065313487
243,10,400497,flow,1,400125,flow,9,0.0002411896128835291,0.003766952739178763,-0.08229673957579584
243,10,400497,flow,1,400125,flow,12,2.7520253995860654e-05,0.0005788096263978482,0.09394083948907508
243,10,400497,flow,2,400331,flow,9,7.027554160145951e-05,0.001309143336430811,0.0890830036175259
243,10,400497,flow,3,400039,flow,1,3.628197778660554e-15,2.6610890329055334e-13,0.17527580257480477
243,10,400497,flow,3,400039,flow,2,2.441774113675806e-10,1.2055387624090838e-08,0.14142950715179642
243,10,400497,flow,3,400039,flow,3,0.00015518399878684753,0.0025954118264002375,0.08478016255917886
243,10,400497,flow,3,400039,flow,12,8.389277762407532e-11,4.273783011037799e-09,0.1450291582759755
243,10,400497,flow,4,400316,flow,1,3.029570378836005e-17,2.5662243208963808e-15,0.1879370493288524
243,10,400497,flow,4,400316,flow,3,0.0005260914714724402,0.007189861299465175,-0.07773086488362338
243,10,400497,flow,4,400316,flow,4,5.955518686830107e-06,0.00014820184750637133,-0.10140639584764322
243,10,400497,flow,4,400316,flow,6,1.948108606060936e-07,6.503731976957684e-06,0.11645518005346782
243,10,400497,flow,4,400316,flow,7,0.0018107617006143035,0.01946861758749077,0.06996082864734694
243,10,400497,flow,4,400316,flow,11,0.00030555686296143415,0.004558030552463383,0.08093626879878764
243,10,400497,flow,4,400316,flow,12,7.886272486568382e-24,9.46352698388206e-22,0.22313983284774855
243,10,400497,flow,5,400503,flow,1,3.504714687561454e-18,3.1153019444990705e-16,0.19336147002776016
243,10,400497,flow,5,400503,flow,2,8.02532536028482e-15,5.812534699687557e-13,0.17308248960404796
243,10,400497,flow,5,400503,flow,6,0.004844484249052435,0.04125654603626428,0.0631926772977856
243,10,400497,flow,5,400503,flow,7,7.660370480657581e-07,2.2933333663507104e-05,0.11066507569744637
243,10,400497,flow,5,400503,flow,8,6.741104216038705e-05,0.0012617664737126172,0.08930379223078769
243,10,400497,flow,5,400503,flow,12,5.904710377158698e-09,2.4854052990996685e-07,0.13011083526908462
243,10,400497,flow,6,405843,flow,1,6.910915610440838e-16,5.3312777566257895e-14,0.17976801607630882
243,10,400497,flow,6,405843,flow,2,1.5655120859826842e-06,4.383028004825143e-05,0.10752431356963285
243,10,400497,flow,6,405843,flow,6,1.8757641156959813e-07,6.2865019238220634e-06,0.11661128300240985
243,10,400497,flow,6,405843,flow,7,1.2514343704149987e-08,5.057246473519921e-07,0.1272977038936992
243,10,400497,flow,6,405843,flow,8,0.00038094434257203907,0.005490890618845611,0.07964925297682338
243,10,400497,flow,6,405843,flow,9,0.00014618758879518504,0.002462106758655748,-0.08511144024121377
243,10,400497,flow,6,405843,flow,12,7.347214489616024e-12,4.132808150409014e-10,0.15291740751694527
243,10,400497,flow,7,408093,flow,2,0.000991318368494433,0.011944158807717003,0.07383793553255372
243,10,400497,flow,7,408093,flow,4,0.0008465993873464876,0.010536759877086795,0.0748243142229695
243,10,400497,flow,7,408093,flow,9,0.001022812312222953,0.012245063741417001,0.0736410690026947
243,10,400497,flow,9,402391,flow,1,2.4941635045861513e-13,1.6202686225281463e-11,0.16323857030100913
243,10,400497,flow,9,402391,flow,2,0.0019426477624255444,0.020574254311542906,0.06949616156124251
243,10,400497,flow,9,402391,flow,4,0.0012888315728116207,0.01471782287746815,-0.07217130533534406
243,10,400497,flow,9,402391,flow,6,0.0016859028320332578,0.018368474739933607,0.07043031871436065
243,10,400497,flow,9,402391,flow,12,2.4578515953795083e-07,8.068327425561912e-06,0.1154919459349849
243,10,400497,flow,10,400497,flow,1,0.0,0.0,0.8695072981773103
243,10,400497,flow,10,400497,flow,2,7.767739728288225e-12,4.346714459352996e-10,-0.1527036568641212
243,10,400497,flow,10,400497,flow,3,1.0485869930599406e-05,0.00024632386133871363,-0.09870865326420825
243,10,400497,flow,10,400497,flow,4,2.2674250221466783e-05,0.00048805561014816397,0.09491579721452031
243,10,400497,flow,10,400497,flow,5,9.612533712578428e-28,1.3395530851077033e-25,0.24147749837871701
243,10,400497,flow,10,400497,flow,6,3.4315680129818703e-62,8.720219891812752e-60,0.36100774368489247
243,10,400497,flow,10,400497,flow,7,1.1480912918110425e-16,9.270568935745239e-15,0.184503006690896
243,10,400497,flow,10,400497,flow,8,9.07858610724305e-12,5.034594606327339e-10,-0.1522482971697137
243,10,400497,flow,10,400497,flow,9,1.4756392387547787e-21,1.5662804696365217e-19,-0.21164689884379018
243,10,400497,flow,10,400497,flow,10,0.0001621500414850568,0.002696259350328889,-0.08451460918302554
243,10,400497,flow,10,400497,flow,11,1.3480513774023604e-29,2.0012309107828857e-27,0.249583507918689
243,10,400497,flow,10,400497,flow,12,0.0007985236498767387,0.010077774371801084,0.07518683949528034
243,10,400497,flow,11,405841,flow,1,5.710825883580202e-05,0.0010921101291308751,0.09017883102828857
243,10,400497,flow,11,405841,flow,12,1.4947674850674963e-07,5.128987716832076e-06,0.11754365254852858
243,10,400497,flow,12,404520,flow,1,1.1612534172011433e-19,1.1273291600694244e-17,0.2016179301158797
243,10,400497,flow,12,404520,flow,3,1.99940221951706e-14,1.4229683012048927e-12,-0.1705245544942966
243,10,400497,flow,12,404520,flow,4,1.584633170250785e-10,7.895750052460658e-09,-0.14289721264330035
243,10,400497,flow,12,404520,flow,6,6.32927166133368e-16,4.900081286193817e-14,0.18000294656583832
243,10,400497,flow,12,404520,flow,7,2.4819275920186574e-08,9.547575420766341e-07,0.12467908918076724
243,10,400497,flow,12,404520,flow,11,3.6512856003453545e-09,1.5821016844024004e-07,0.13188013897495326
243,10,400497,flow,12,404520,flow,12,1.8751803251220657e-28,2.664729935699778e-26,0.24464145827476227
243,10,400497,flow,13,400183,flow,3,0.00034181323967531096,0.005027692187256872,0.08028415911141744
243,10,400497,flow,14,401469,flow,1,7.547852924982328e-10,3.5136556719745326e-08,0.13752524813678085
243,10,400497,flow,14,401469,flow,2,0.001062005216324794,0.012628303150352628,0.07340376103301187
243,10,400497,flow,14,401469,flow,6,0.0003963350720190024,0.0056769479811740395,0.07941611658422838
243,10,400497,flow,14,401469,flow,7,1.5714042980945668e-13,1.0364071095829814e-11,0.16459701469685176
243,10,400497,flow,14,401469,flow,8,0.00025418323035224265,0.003930105780678913,0.08199671488827877
243,10,400497,flow,14,401469,flow,12,2.6208298419654254e-06,7.01051697665055e-05,0.10520479167730817
243,10,400497,flow,15,401472,flow,1,1.001751118027977e-158,5.694164249843238e-156,0.5519157224173685
243,10,400497,flow,15,401472,flow,2,9.449176084750086e-33,1.5700169494661683e-30,0.2628969158930577
243,10,400497,flow,15,401472,flow,3,0.00012901461760542136,0.002219606324394346,-0.08580087140018779
243,10,400497,flow,15,401472,flow,4,1.5971610407197556e-15,1.1999540340711902e-13,-0.17751331970070058
243,10,400497,flow,15,401472,flow,6,5.372416498174214e-19,4.959153690622351e-17,0.19795109779717812
243,10,400497,flow,15,401472,flow,7,7.032424870319164e-27,9.52353462062031e-25,0.23756189602385402
243,10,400497,flow,15,401472,flow,9,4.0026464871794543e-17,3.3316826251667136e-15,-0.1872245397783014
243,10,400497,flow,15,401472,flow,10,3.7661024200635506e-11,1.974461462945939e-09,-0.14767019874786197
243,10,400497,flow,15,401472,flow,11,0.002334386371947324,0.023818018721805476,0.06826915692450031
243,10,400497,flow,15,401472,flow,12,2.103194014812887e-82,6.139052799994373e-80,0.41240241354993584
243,10,400497,flow,16,405838,flow,1,0.0004491862771952017,0.006308467872182286,0.07867522798218918
243,10,400497,flow,16,405838,flow,2,1.3419350592817717e-18,1.2178906420372383e-16,0.19572501225177455
243,10,400497,flow,16,405838,flow,3,0.0002023654857019718,0.0032414493816556107,0.08329316988204652
243,10,400497,flow,16,405838,flow,6,7.821908599929295e-06,0.00018972849607913842,0.10011489561309403
243,10,400497,flow,16,405838,flow,7,3.2460623391060697e-06,8.483357111275391e-05,0.10422732681525458
243,10,400497,flow,16,405838,flow,8,1.614957930677763e-07,5.481560805220368e-06,0.11722686419122309
243,10,400497,flow,17,400260,flow,1,7.405468436034991e-20,7.32073767589729e-18,0.20268148338007647
243,10,400497,flow,17,400260,flow,2,1.5640504167629014e-13,1.033134220247054e-11,0.16461074910667245
243,10,400497,flow,17,400260,flow,7,2.2878123349601187e-08,8.911947057734638e-07,0.12499333794016675
243,10,400497,flow,17,400260,flow,9,6.226318653671391e-07,1.9089919505933576e-05,-0.11156010644658826
243,10,400497,flow,17,400260,flow,10,7.432570404791165e-07,2.2328723330109758e-05,-0.11079586258483572
243,10,400497,flow,17,400260,flow,12,2.631087063576502e-05,0.0005579919545729253,0.09416788121239526
243,10,400497,flow,18,404528,flow,1,1.0528426115730156e-16,8.549398650367344e-15,0.18472827096419492
243,10,400497,flow,18,404528,flow,2,4.7138537428620917e-08,1.7316197422758703e-06,0.12217634492152961
243,10,400497,flow,18,404528,flow,3,0.0010051333198947314,0.012088463090047996,0.07375087716215017
243,10,400497,flow,18,404528,flow,8,0.0014122110232834108,0.015870841884974854,0.07158281193637948
243,10,400497,flow,18,404528,flow,12,0.0026437382797240326,0.026105980489041943,0.06742701639649014
243,10,400497,flow,19,401795,flow,1,1.5429177322545482e-31,2.4415401477434608e-29,0.25789158957006947
243,10,400497,flow,19,401795,flow,2,2.528851572180914e-13,1.6354249688355612e-11,0.16319777939014704
243,10,400497,flow,19,401795,flow,3,0.00016857069340696056,0.0027879992171442177,0.084319223899625
243,10,400497,flow,19,401795,flow,6,1.7413380016046023e-05,0.00038834574228266243,0.09622981677521772
243,10,400497,flow,19,401795,flow,7,1.210002838584337e-09,5.5314415478141124e-08,0.1358595239391896
243,10,400497,flow,19,401795,flow,9,0.004408202568043566,0.0386319375824827,-0.06386813158168261
243,10,400497,flow,19,401795,flow,10,0.0028815300366323363,0.02781722851005965,-0.06683884827211592
243,10,400497,flow,19,401795,flow,12,2.1816962957710113e-20,2.1918437204025043e-18,0.2055412399276931
243,10,400497,occupancy,1,400125,flow,1,3.0033567808499203e-06,7.901645123795162e-05,0.10458336369040812
243,10,400497,occupancy,1,400125,flow,2,0.0003751924161526104,0.005426284692933636,0.07973864636317704
243,10,400497,occupancy,1,400125,flow,9,0.00015087879042196092,0.0025322314476413023,-0.08493637476893211
243,10,400497,occupancy,1,400125,flow,12,0.0006437342525378387,0.008455250747836617,0.07650987970410233
243,10,400497,occupancy,3,400039,flow,1,4.0940982876832445e-13,2.580294929747429e-11,0.1617683611726672
243,10,400497,occupancy,3,400039,flow,2,6.538061719819509e-10,3.066712989101008e-08,0.13802820934287727
243,10,400497,occupancy,3,400039,flow,3,0.0014993279203456419,0.016689246626882693,0.07119518089335361
243,10,400497,occupancy,3,400039,flow,12,3.148233012045291e-05,0.0006507352445950074,0.09325825132342423
243,10,400497,occupancy,4,400316,flow,1,8.403668910248781e-19,7.691493578871765e-17,0.1968664707008148
243,10,400497,occupancy,4,400316,flow,3,8.224991973171668e-07,2.438707297467509e-05,-0.11035638838020526
243,10,400497,occupancy,4,400316,flow,4,3.315122279713001e-08,1.2464167317980995e-06,-0.12355585473352886
243,10,400497,occupancy,4,400316,flow,6,3.383379803665444e-05,0.000691436066200071,0.09289078210195731
243,10,400497,occupancy,4,400316,flow,7,8.328876032826015e-06,0.00020059464679951093,0.09981515615866239
243,10,400497,occupancy,4,400316,flow,11,4.350652044324035e-05,0.0008633356376426197,0.09159737564188727
243,10,400497,occupancy,4,400316,flow,12,3.4040353867726247e-22,3.7998534550019996e-20,0.21497272416312949
243,10,400497,occupancy,5,400503,flow,1,5.886614723849758e-19,5.422212282949031e-17,0.1977300161884389
243,10,400497,occupancy,5,400503,flow,2,2.0855084873573308e-13,1.3609360521727598e-11,0.16376610289401664
243,10,400497,occupancy,5,400503,flow,7,5.183408240514462e-07,1.6086439367113846e-05,0.11234602022596023
243,10,400497,occupancy,5,400503,flow,8,1.0131161995976775e-06,2.945263783487192e-05,0.10944686097452842
243,10,400497,occupancy,5,400503,flow,12,0.00011892824666580053,0.002067759985738776,0.08624728651892752
243,10,400497,occupancy,6,405843,flow,1,1.3311595929388172e-21,1.419903565801405e-19,0.21193079057665515
243,10,400497,occupancy,6,405843,flow,2,3.961763324784178e-05,0.0007940340646054766,0.09208098173864146
243,10,400497,occupancy,6,405843,flow,4,2.3169164816520593e-06,6.267425924068188e-05,-0.10576400794878955
243,10,400497,occupancy,6,405843,flow,6,7.646621434538904e-07,2.2908047570879376e-05,0.11067286259814207
243,10,400497,occupancy,6,405843,flow,7,5.4618258659327524e-14,3.775214038532718e-12,0.16766212922849558
243,10,400497,occupancy,6,405843,flow,8,0.0047504918045156086,0.04072245534115012,0.06333340625501574
243,10,400497,occupancy,6,405843,flow,9,0.00019516205224827642,0.003145895767584157,-0.08349760931637894
243,10,400497,occupancy,6,405843,flow,10,3.236302404409734e-08,1.2199673985209467e-06,-0.12364960936129431
243,10,400497,occupancy,6,405843,flow,12,1.1506708284252121e-07,4.0250186063132924e-06,0.11860924775211601
243,10,400497,occupancy,7,408093,flow,4,0.004000756332937192,0.03581282088331676,0.06455602804818074
243,10,400497,occupancy,9,402391,flow,1,1.0466401663100975e-11,5.745216668944881e-10,0.1517967986764799
243,10,400497,occupancy,9,402391,flow,2,0.0029060395382253324,0.02798725209130331,0.06678076830145442
243,10,400497,occupancy,9,402391,flow,4,9.509840827742252e-05,0.0016997315836097032,-0.08746282391626632
243,10,400497,occupancy,9,402391,flow,12,5.530737702496537e-06,0.00013810859465193665,0.1017542993704762
243,10,400497,occupancy,10,400497,flow,1,3.1717807805239843e-62,8.107747320629356e-60,0.3611029979759611
243,10,400497,occupancy,10,400497,flow,3,2.5041886422032857e-26,3.3596568119000606e-24,-0.23502535911930034
243,10,400497,occupancy,10,400497,flow,4,0.00021345919596808845,0.0033902342889049345,-0.08299130823510997
243,10,400497,occupancy,10,400497,flow,5,5.854505663424945e-28,8.184939956632933e-26,0.24244226502637012
243,10,400497,occupancy,10,400497,flow,6,5.93750926111849e-91,2.0039093756274904e-88,0.4316773486268381
243,10,400497,occupancy,10,400497,flow,7,1.6385713199524325e-28,2.336180891813369e-26,0.24490054689376267
243,10,400497,occupancy,10,400497,flow,8,4.373118826529611e-21,4.541315704473058e-19,-0.2092387760489609
243,10,400497,occupancy,10,400497,flow,9,1.6311239849628754e-53,3.78841699733313e-51,-0.33570477923201447
243,10,400497,occupancy,10,400497,flow,10,2.2895085704584038e-25,2.952440902800091e-23,-0.23053217139372958
243,10,400497,occupancy,10,400497,flow,11,6.992245345949627e-30,1.048836801892444e-27,0.2508745754170249
243,10,400497,occupancy,10,400497,flow,12,1.5658190232453842e-168,9.140997541108189e-166,0.5659002085742105
243,10,400497,occupancy,11,405841,flow,1,2.606213388352508e-06,6.975738437226044e-05,0.10523022708782406
243,10,400497,occupancy,11,405841,flow,12,2.7079545791265665e-06,7.190143688891682e-05,0.10505594317397265
243,10,400497,occupancy,12,404520,flow,1,1.0536787934315798e-23,1.2609120187325276e-21,0.22252281612674843
243,10,400497,occupancy,12,404520,flow,3,4.751294060593684e-22,5.262971882503773e-20,-0.214233175623769
243,10,400497,occupancy,12,404520,flow,4,3.2083232537965514e-16,2.547786113309026e-14,-0.1818078978605042
243,10,400497,occupancy,12,404520,flow,6,2.5869389298263693e-11,1.369555904025725e-09,0.14889246735265826
243,10,400497,occupancy,12,404520,flow,7,5.700647634836045e-12,3.240368129275226e-10,0.15371591191334755
243,10,400497,occupancy,12,404520,flow,11,5.379260051472516e-10,2.55086755459509e-08,0.1387085108358344
243,10,400497,occupancy,12,404520,flow,12,4.180880143882432e-31,6.473620867946991e-29,0.2560783014716632
243,10,400497,occupancy,13,400183,flow,12,0.0017598629838626314,0.0190017697832706,-0.07014851187352986
243,10,400497,occupancy,14,401469,flow,1,1.2569848509955295e-09,5.721996371233601e-08,0.1357241919585355
243,10,400497,occupancy,14,401469,flow,6,4.1978694865162056e-05,0.0008380220047019412,0.09178228449547204
243,10,400497,occupancy,14,401469,flow,7,6.945643151894355e-08,2.506698280382925e-06,0.12063960353109753
243,10,400497,occupancy,14,401469,flow,8,2.053895180918562e-06,5.608613894796579e-05,0.10630802960952127
243,10,400497,occupancy,14,401469,flow,10,0.0029551149944344332,0.02834390936047236,-0.06666580512726823
243,10,400497,occupancy,14,401469,flow,12,0.00019228833412642636,0.0031042062908302015,0.08358115100166866
243,10,400497,occupancy,15,401472,flow,1,7.809038752781394e-208,5.717804646104343e-205,0.6160011442154925
243,10,400497,occupancy,15,401472,flow,2,8.701714939437056e-60,2.1480804879067475e-57,0.3542267075860172
243,10,400497,occupancy,15,401472,flow,3,0.0009124363228364716,0.011153720754537515,-0.07435764679305218
243,10,400497,occupancy,15,401472,flow,4,3.09179726281455e-31,4.8393348461445133e-29,-0.25662875055165074
243,10,400497,occupancy,15,401472,flow,5,4.540331798629133e-06,0.000115445752619646,-0.1026765928987066
243,10,400497,occupancy,15,401472,flow,6,3.309933497440097e-19,3.1017164227638215e-17,0.1991182864877314
243,10,400497,occupancy,15,401472,flow,7,1.003852476057932e-44,2.08492437335109e-42,0.3073915278213513
243,10,400497,occupancy,15,401472,flow,9,6.846610052972209e-29,9.99234980704052e-27,-0.24656950389327903
243,10,400497,occupancy,15,401472,flow,10,1.0045357632108964e-36,1.8081643737796135e-34,-0.27858150528613157
243,10,400497,occupancy,15,401472,flow,12,2.2287046986492875e-97,7.957028345590844e-95,0.4453824994130529
243,10,400497,occupancy,16,405838,flow,1,5.549875554424982e-05,0.0010641572301427395,0.09032886811527001
243,10,400497,occupancy,16,405838,flow,2,7.736650477700595e-10,3.5976673911374136e-08,0.13743854561412724
243,10,400497,occupancy,16,405838,flow,3,4.320396424754292e-05,0.0008585148369336956,0.09163349916131316
243,10,400497,occupancy,16,405838,flow,6,0.000566022613709688,0.007619874388363516,0.07729022314057123
243,10,400497,occupancy,16,405838,flow,7,2.1035949032357673e-09,9.378255915354504e-08,0.13388155122320158
243,10,400497,occupancy,16,405838,flow,8,5.237904336737767e-06,0.00013120458670579666,0.10200935184588615
243,10,400497,occupancy,17,400260,flow,1,3.445508580590649e-24,4.216599736020284e-22,0.22489302994798638
243,10,400497,occupancy,17,400260,flow,2,4.863720053454207e-12,2.786640667231058e-10,0.15421344510911397
243,10,400497,occupancy,17,400260,flow,4,0.005483781295152064,0.04543524203117936,-0.062296152124815936
243,10,400497,occupancy,17,400260,flow,5,0.0020916410544013454,0.021747026125183665,-0.06900483197911003
243,10,400497,occupancy,17,400260,flow,6,0.0052138256057595415,0.043667558388680146,0.06266256938930863
243,10,400497,occupancy,17,400260,flow,7,3.0423765780623364e-06,7.994566190528767e-05,0.10452430351717958
243,10,400497,occupancy,17,400260,flow,9,3.40281541526952e-06,8.85018819624583e-05,-0.10401069997019609
243,10,400497,occupancy,17,400260,flow,10,7.239642201440734e-09,3.0157384723318356e-07,-0.12935341037482226
243,10,400497,occupancy,17,400260,flow,12,0.004269404158726733,0.037654343954530135,0.06409574434722033
243,10,400497,occupancy,18,404528,flow,1,6.712291578118697e-13,4.154312266113578e-11,0.1602880237949491
243,10,400497,occupancy,18,404528,flow,2,8.89089328328866e-10,4.09910981684173e-08,0.1369495164344349
243,10,400497,occupancy,18,404528,flow,3,0.001260656690561412,0.01444955400165906,0.07231296055386677
243,10,400497,occupancy,19,401795,flow,1,3.0699526255581124e-32,5.004602016004168e-30,0.26079844244591843
243,10,400497,occupancy,19,401795,flow,2,1.8979996747459974e-09,8.487948856006945e-08,0.13425157767393986
243,10,400497,occupancy,19,401795,flow,6,0.0021843216965294456,0.022531685121793706,0.0687151504206837
243,10,400497,occupancy,19,401795,flow,7,3.578600222777294e-13,2.2701252514534373e-11,0.16216892948076825
243,10,400497,occupancy,19,401795,flow,9,2.011334656662451e-05,0.00043900479800459545,-0.0955144179347096
243,10,400497,occupancy,19,401795,flow,10,3.461641706494104e-06,8.986954430321231e-05,-0.10393186429973139
243,10,400497,occupancy,19,401795,flow,12,3.127078956350298e-11,1.649448240712245e-09,0.14827660417759222
243,10,400497,speed,1,400125,flow,5,0.0003492506843753806,0.005116185000005576,-0.08015842863368791
243,10,400497,speed,1,400125,flow,7,0.001071480137615567,0.012694749165957097,-0.07334760813537315
243,10,400497,speed,1,400125,flow,10,4.769727616496045e-06,0.00012085174957925464,0.10244694499397076
243,10,400497,speed,1,400125,flow,11,8.422701080372316e-05,0.0015346296359008184,0.08811631975082497
243,10,400497,speed,3,400039,flow,2,0.004342767826062121,0.038178178690656005,-0.06397461532219544
243,10,400497,speed,3,400039,flow,3,0.001544243109351392,0.017127420365591818,-0.07100336308979166
243,10,400497,speed,3,400039,flow,4,0.0010393327240282115,0.012399661330576841,-0.0735400322299904
243,10,400497,speed,3,400039,flow,10,0.00582269565122346,0.047622198434845414,0.06185850475455983
243,10,400497,speed,4,400316,flow,1,0.001115646864064395,0.013103845711686206,-0.07309176453731668
243,10,400497,speed,5,400503,flow,3,0.0035650631097990217,0.03281012491336126,-0.06536584760799657
243,10,400497,speed,5,400503,flow,4,0.00022899378848244265,0.0036077795997233853,-0.08259246147027427
243,10,400497,speed,6,405843,flow,6,0.0006010765064490678,0.008009409339481717,-0.07692663043703514
243,10,400497,speed,6,405843,flow,7,6.070438527193675e-06,0.00015062776816471382,-0.10131635399364863
243,10,400497,speed,6,405843,flow,9,0.005108740509502538,0.04301258819148502,-0.06280985090980386
243,10,400497,speed,8,401448,flow,4,0.0010034527000484027,0.012071611429153717,0.07376140866002172
243,10,400497,speed,9,402391,flow,4,0.0005008387338479991,0.006903711966251933,-0.07802590005877776
243,10,400497,speed,10,400497,flow,1,5.908590838368888e-09,2.4854052990996685e-07,-0.13010840086351358
243,10,400497,speed,10,400497,flow,2,6.951787177620029e-06,0.00017015139154288116,-0.10067550219895752
243,10,400497,speed,10,400497,flow,5,0.0013874882875847712,0.015654085668232467,-0.07169683099042147
243,10,400497,speed,10,400497,flow,6,6.630568814357519e-05,0.001243349688020451,-0.08939137007491728
243,10,400497,speed,10,400497,flow,9,8.516337194882961e-09,3.5240015978826045e-07,0.12874672826906347
243,10,400497,speed,10,400497,flow,10,3.609610587135767e-07,1.1478488481346116e-05,0.11388208281016658
243,10,400497,speed,10,400497,flow,11,6.15957087156631e-05,0.0011675886864926045,0.08978072556896241
243,10,400497,speed,12,404520,flow,1,3.352738040140581e-13,2.12997475491284e-11,-0.1623626217144645
243,10,400497,speed,12,404520,flow,2,1.9539608777114508e-05,0.0004289182414488551,-0.09565844815640664
243,10,400497,speed,12,404520,flow,8,7.224711033822251e-05,0.0013423979211231022,0.0889359299846387
243,10,400497,speed,12,404520,flow,12,8.592113263760685e-06,0.00020644009621493972,-0.09966632758377968
243,10,400497,speed,15,401472,flow,1,1.5334652490075942e-08,6.105594355495674e-07,-0.12652599809793214
243,10,400497,speed,15,401472,flow,2,1.6262271365172137e-13,1.0693000349702227e-11,-0.16449657100284476
243,10,400497,speed,15,401472,flow,3,1.607910054491313e-05,0.00036065272250272447,-0.09662334588748984
243,10,400497,speed,15,401472,flow,9,6.008400971161506e-17,4.9346563109159135e-15,0.1861803357768183
243,10,400497,speed,15,401472,flow,10,1.0338667115502763e-21,1.1137915695504223e-19,0.21249811719662762
243,10,400497,speed,15,401472,flow,11,4.3696581349339434e-10,2.0881552149241856e-08,0.13942973869233186
243,10,400497,speed,16,405838,flow,6,0.005394932634802892,0.04485394338404253,-0.062414916095906575
243,10,400497,speed,16,405838,flow,7,0.0008694688671157831,0.010744476080565866,-0.07465851368749296
243,10,400497,speed,16,405838,flow,9,0.0010057502180061634,0.012092515841320975,-0.07374701549565597
243,10,400497,speed,16,405838,flow,10,0.003251662914515986,0.03061055522054709,-0.06600603941653799
243,10,400497,speed,17,400260,flow,2,0.0006174753787611621,0.008167463674979242,-0.07676326052311414
243,10,400497,speed,17,400260,flow,4,0.004413193890392523,0.0386478767615968,-0.06386006795118002
243,10,400497,speed,17,400260,flow,8,3.2286725654321753e-06,8.448131727841912e-05,-0.10425197367874235
243,10,400497,speed,17,400260,flow,10,3.0615487805799325e-05,0.0006349443462364526,0.09340032312478329
243,10,400497,speed,17,400260,flow,11,1.2657622966648012e-05,0.0002916316331515702,0.09779557925226269
243,10,400497,speed,17,400260,flow,12,3.3154323134959194e-06,8.643734215028589e-05,0.1041302504747625
243,10,400497,speed,19,401795,flow,2,0.00012333862478685899,0.00213727580858095,-0.08604786207461956
243,10,400497,speed,19,401795,flow,3,2.9564397718951234e-06,7.78769500889447e-05,-0.10465535881966621
243,10,400497,speed,19,401795,flow,4,1.7365055541214296e-06,4.833572160956557e-05,-0.10706151427315447
243,10,400497,speed,19,401795,flow,5,0.002529885986146302,0.02529300499919469,-0.06772593448955369
243,10,400497,speed,19,401795,flow,7,0.0007143183050551721,0.009217010387808672,-0.07587360547140226
243,10,400497,speed,19,401795,flow,11,1.2094949481454556e-05,0.0002800116921751537,0.0980168823756016
243,11,405841,flow,0,400593,flow,9,0.00012209677442504778,0.0021174551004263602,0.08610332655530822
243,11,405841,flow,2,400331,flow,1,0.00128731567334583,0.01470439901865147,0.07217885379060066
243,11,405841,flow,3,400039,flow,1,0.0001292004707240978,0.0022219189232806627,0.08579295825146481
243,11,405841,flow,3,400039,flow,10,0.002027353536758645,0.02122677479107452,0.06921276113228013
243,11,405841,flow,5,400503,flow,6,0.005743573040746016,0.047167591164562817,0.06195858240420354
243,11,405841,flow,6,405843,flow,1,3.955505010778206e-07,1.2518521352792563e-05,0.1134955255875764
243,11,405841,flow,6,405843,flow,5,2.7025390392216925e-06,7.184596091961669e-05,0.10506506056996653
243,11,405841,flow,6,405843,flow,7,0.001890107125153743,0.020166576528413322,0.06967769893888269
243,11,405841,flow,6,405843,flow,12,0.0007036330484843867,0.009103608174461068,0.07596606877062813
243,11,405841,flow,7,408093,flow,5,0.003446255770210209,0.03205819321125776,0.06560227877760944
243,11,405841,flow,7,408093,flow,11,0.0001870447346580514,0.0030342968596424407,0.0837366551181767
243,11,405841,flow,10,400497,flow,1,5.867411331075867e-05,0.0011185885679720984,0.09003665546661545
243,11,405841,flow,10,400497,flow,5,0.001407922873047287,0.0158350086216201,0.07160245599451051
243,11,405841,flow,10,400497,flow,6,0.002351140568729612,0.023943722906440177,0.0682210038298094
243,11,405841,flow,10,400497,flow,12,1.9240276862372556e-06,5.294139875506333e-05,0.10660181916512593
243,11,405841,flow,11,405841,flow,1,1.4040627996168358e-49,3.1591412991378804e-47,0.32317237618677647
243,11,405841,flow,11,405841,flow,2,3.260893152836985e-29,4.82433507543006e-27,0.24785727496618326
243,11,405841,flow,11,405841,flow,3,3.079406209152644e-12,1.817354484090085e-10,0.1555979757056773
243,11,405841,flow,11,405841,flow,4,1.8297623940334217e-08,7.225387150113695e-07,0.12585147310214423
243,11,405841,flow,11,405841,flow,5,8.304881215524839e-05,0.0015157197655710733,0.08819186602283458
243,11,405841,flow,11,405841,flow,6,0.0006361584595930915,0.008365919468621478,0.07658198008537555
243,11,405841,flow,11,405841,flow,7,2.328466846456599e-06,6.294728896553509e-05,0.10574149984740332
243,11,405841,flow,11,405841,flow,11,0.0005257380099978974,0.007187304440477584,0.07773490262407291
243,11,405841,flow,12,404520,flow,12,0.003679438295070405,0.03360501783235549,0.0651449086353094
243,11,405841,flow,13,400183,flow,1,0.0009141789297370165,0.011168701856515587,0.07434572363323529
243,11,405841,flow,13,400183,flow,6,0.0026055851984313197,0.025809827367697324,0.06752585389828968
243,11,405841,flow,13,400183,flow,10,0.006065102470525842,0.049136957063265554,0.06155934615480672
243,11,405841,flow,14,401469,flow,11,0.0016151261177369915,0.017772146787121253,0.07071084568113685
243,11,405841,flow,15,401472,flow,1,2.355652295610955e-05,0.0005057861787792906,0.09472438974578005
243,11,405841,flow,15,401472,flow,9,0.002297780431015031,0.023522302042618327,-0.06837547581169219
243,11,405841,flow,15,401472,flow,12,0.0016642752982873347,0.018178683409864185,0.07051487315360594
243,11,405841,flow,16,405838,flow,8,0.001933003069313637,0.020507301717669235,0.06952914536576021
243,11,405841,flow,17,400260,flow,12,8.753025936296323e-06,0.0002097230839977821,0.09957748113018704
243,11,405841,flow,19,401795,flow,1,0.001612178098590276,0.017753273989064473,0.07072277391554953
243,11,405841,occupancy,0,400593,flow,2,6.239545902762765e-05,0.0011817114554991295,0.08971267036316644
243,11,405841,occupancy,0,400593,flow,3,8.264264620050222e-05,0.0015102209457959796,0.0882181442045863
243,11,405841,occupancy,0,400593,flow,7,0.0027411683567700796,0.026797572530542532,0.06718040929350805
243,11,405841,occupancy,0,400593,flow,9,0.00017698321105716683,0.0029040152302506807,0.08404686268978201
243,11,405841,occupancy,1,400125,flow,5,0.002731497263165243,0.02671930633506078,0.06720452704553412
243,11,405841,occupancy,2,400331,flow,5,0.0003090876979763439,0.004597998812871232,0.08086966806679374
243,11,405841,occupancy,3,400039,flow,1,0.003432854934987664,0.031961063187816184,0.065629410411154
243,11,405841,occupancy,3,400039,flow,4,0.006116291723600403,0.04938762662795092,0.06149755207937363
243,11,405841,occupancy,4,400316,flow,1,0.0028047677648031,0.027283487376602997,0.06702371311987466
243,11,405841,occupancy,5,400503,flow,12,0.002552761986226487,0.02543342200299452,0.06766490047115924
243,11,405841,occupancy,6,405843,flow,1,0.0021518375509972042,0.022271054672515386,0.06881537821342283
243,11,405841,occupancy,6,405843,flow,5,0.0022105745607748496,0.022775297168011806,0.06863514148198296
243,11,405841,occupancy,6,405843,flow,7,0.0046704158802537915,0.040289438654037106,0.06345529974372914
243,11,405841,occupancy,7,408093,flow,3,0.00035977615444665297,0.005236634053940501,0.07998470609880767
243,11,405841,occupancy,7,408093,flow,4,0.0012171729623287274,0.014033058973205503,0.07253742346771441
243,11,405841,occupancy,10,400497,flow,5,0.005500348602306548,0.0455463023997782,0.062274198813045335
243,11,405841,occupancy,10,400497,flow,12,0.0015977969828184619,0.01762636099534156,0.07078125178568082
243,11,405841,occupancy,11,405841,flow,1,8.951550990901794e-06,0.00021376838187228166,-0.09946999200571766
243,11,405841,occupancy,11,405841,flow,2,1.5908259221832585e-05,0.0003571916831513345,-0.09667596347811333
243,11,405841,occupancy,11,405841,flow,3,0.00011483564648321618,0.0020103736467048878,-0.08643867623767171
243,11,405841,occupancy,11,405841,flow,4,0.0007214424766115975,0.009292282346339002,0.0758126683662968
243,11,405841,occupancy,11,405841,flow,6,0.003491213146439347,0.032351009851175415,0.06551195269920701
243,11,405841,occupancy,11,405841,flow,7,0.0036085768132823144,0.03312590699825669,0.06528104299817311
243,11,405841,occupancy,11,405841,flow,11,0.0036168041390566602,0.033159155094916744,0.06526511317811798
243,11,405841,occupancy,12,404520,flow,10,0.0037438142826073063,0.03406334814840683,0.0650232832228763
243,11,405841,occupancy,14,401469,flow,1,0.005296026290388976,0.044184692109850085,0.06254921794668793
243,11,405841,occupancy,14,401469,flow,2,0.00027473230921369417,0.004189352544310479,0.08155037530762972
243,11,405841,occupancy,14,401469,flow,11,0.0011493927268183327,0.013409064487861727,0.07290251695963523
243,11,405841,occupancy,15,401472,flow,12,0.0005612845902770643,0.007579710628311716,0.0773409663777829
243,11,405841,occupancy,16,405838,flow,2,0.005097838180668906,0.04292916362668553,0.0628252872888187
243,11,405841,occupancy,16,405838,flow,7,0.00023046670783822607,0.003624376330036901,0.08255597271825064
243,11,405841,occupancy,17,400260,flow,12,0.00016975954338062352,0.0028055134942780936,0.08427996910158514
243,11,405841,occupancy,18,404528,flow,12,0.0028036123688473065,0.02727839061581163,0.06702653073519657
243,11,405841,occupancy,19,401795,flow,4,0.00021527778623893671,0.003417861214818841,0.0829432341048048
243,11,405841,speed,0,400593,flow,3,0.005856786364990935,0.04782175469600942,-0.06181576256718369
243,11,405841,speed,4,400316,flow,4,0.004216469024897145,0.037357183538724116,-0.06418432135492998
243,11,405841,speed,12,404520,flow,4,0.002843186882547173,0.027570297042881678,-0.06693061999964457
243,11,405841,speed,15,401472,flow,1,0.0009205241075604621,0.011233514532941233,0.07430248614117262
243,12,404520,flow,0,400593,flow,2,0.0026873983131181535,0.02640937377768522,0.06731549879322007
243,12,404520,flow,1,400125,flow,1,0.001917280850526855,0.020375530810027093,0.06958323875413522
243,12,404520,flow,1,400125,flow,2,2.053575381026479e-05,0.00044692421390601456,0.09541085486563541
243,12,404520,flow,1,400125,flow,4,0.0008987401973276374,0.011023729847971021,0.07445209868075539
243,12,404520,flow,1,400125,flow,9,1.3792624127346609e-05,0.00031492672426076826,-0.09737636199695122
243,12,404520,flow,1,400125,flow,10,0.0017365478584391266,0.018825311790356403,-0.07023615452643081
243,12,404520,flow,2,400331,flow,2,0.0025185082615155007,0.025191661470844076,0.06775647873874907
243,12,404520,flow,2,400331,flow,12,0.0011677322887174344,0.01358632773299035,0.0728018102111955
243,12,404520,flow,3,400039,flow,1,5.348609582089293e-14,3.703723936302268e-12,0.1677223040643041
243,12,404520,flow,3,400039,flow,2,1.2769954404781341e-11,6.939145035050993e-10,0.1511631452518824
243,12,404520,flow,3,400039,flow,3,2.230848235687073e-12,1.3274468840452005e-10,0.1566326364094812
243,12,404520,flow,3,400039,flow,4,1.238796793643997e-06,3.5488077908103894e-05,0.10856242829405255
243,12,404520,flow,3,400039,flow,5,0.00018555856893605067,0.0030226735211302375,0.08378147368635498
243,12,404520,flow,3,400039,flow,6,0.00010768533908425455,0.0018964560327924163,0.08678903727792835
243,12,404520,flow,3,400039,flow,10,8.601515019912219e-05,0.0015619396757469855,-0.08800354928145954
243,12,404520,flow,3,400039,flow,12,1.6453262500304022e-05,0.00036847119751847265,0.09650994322131237
243,12,404520,flow,4,400316,flow,1,0.0,0.0,0.7938810440939401
243,12,404520,flow,4,400316,flow,2,0.0006633974647593063,0.008663473542201339,-0.07630718030949715
243,12,404520,flow,4,400316,flow,3,1.7199306493406596e-12,1.0406303088447687e-10,-0.15743156287059545
243,12,404520,flow,4,400316,flow,4,1.9808734805329314e-06,5.4298054796334165e-05,-0.10647094871768832
243,12,404520,flow,4,400316,flow,8,3.0196370587978065e-08,1.1462945601060213e-06,-0.12388822535906226
243,12,404520,flow,4,400316,flow,11,0.0007543248578936268,0.009629679036939917,0.07551947219044851
243,12,404520,flow,4,400316,flow,12,5.734374336233466e-12,3.255255864984044e-10,0.1536591278230714
243,12,404520,flow,5,400503,flow,1,3.1923293238223704e-07,1.0238205403795576e-05,0.11439905897461347
243,12,404520,flow,5,400503,flow,2,3.1439863079084355e-07,1.009065442062737e-05,0.11446311695578336
243,12,404520,flow,5,400503,flow,3,0.0001562490818638225,0.0026112032249582715,0.0847421458539627
243,12,404520,flow,5,400503,flow,7,0.002771284160641589,0.027030814120505002,0.0671058009574542
243,12,404520,flow,5,400503,flow,12,1.9607282877166745e-06,5.3848354754838105e-05,0.10651690970763437
243,12,404520,flow,6,405843,flow,1,4.8006266418364706e-05,0.0009413847976728804,0.09108650894508358
243,12,404520,flow,6,405843,flow,6,0.0004016594098243479,0.005741789048448654,0.07933742908944744
243,12,404520,flow,7,408093,flow,2,0.00235048044902042,0.023943722906440177,0.06822289512390887
243,12,404520,flow,7,408093,flow,4,0.00037252633951901455,0.005391335968918402,0.07978051609687885
243,12,404520,flow,9,402391,flow,1,4.908401149216232e-12,2.8085156244522017e-10,0.1541848338350592
243,12,404520,flow,9,402391,flow,2,1.3960597986659225e-05,0.0003184254662215832,0.09731713296690743
243,12,404520,flow,9,402391,flow,3,0.0003276546263243433,0.004840861784272103,0.08053074678556359
243,12,404520,flow,9,402391,flow,6,0.004734874143499374,0.040600746923218134,0.06335703318334021
243,12,404520,flow,9,402391,flow,9,3.36718899651991e-06,8.762805099377116e-05,-0.10405908188745443
243,12,404520,flow,9,402391,flow,12,3.773360220302704e-07,1.1959586318200793e-05,0.11369482584272853
243,12,404520,flow,10,400497,flow,1,6.703781889515622e-27,9.135753237447157e-25,0.23765690080632154
243,12,404520,flow,10,400497,flow,5,2.919954580611102e-13,1.8632501902865526e-11,0.16277246404976367
243,12,404520,flow,10,400497,flow,6,1.7141205574463736e-09,7.70551592941554e-08,0.13461720723090864
243,12,404520,flow,10,400497,flow,8,1.2510893968225056e-13,8.43167893022344e-12,-0.1652631060308058
243,12,404520,flow,10,400497,flow,9,1.1941456153032845e-21,1.2769081827005418e-19,-0.21217480424330634
243,12,404520,flow,10,400497,flow,11,9.679117166766222e-17,7.874536000080993e-15,0.18494676169339394
243,12,404520,flow,10,400497,flow,12,4.264319645010676e-53,9.798862163003257e-51,0.33442649703882343
243,12,404520,flow,11,405841,flow,12,0.003172595807419096,0.030016675181888948,0.06617641067500472
243,12,404520,flow,12,404520,flow,1,0.0,0.0,0.8316971726889572
243,12,404520,flow,12,404520,flow,2,3.1459841966323913e-06,8.246754690201414e-05,-0.10431864573876697
243,12,404520,flow,12,404520,flow,3,8.363203602565279e-19,7.670709036747772e-17,-0.19682956988957873
243,12,404520,flow,12,404520,flow,4,1.574932991947831e-09,7.116852013822835e-08,-0.1348866436638088
243,12,404520,flow,12,404520,flow,8,0.00128122357652946,0.014643371090865182,-0.0722092724380051
243,12,404520,flow,12,404520,flow,10,2.9228477915409e-06,7.72748008534681e-05,0.10470758244740501
243,12,404520,flow,12,404520,flow,11,1.194919608189711e-17,1.034479500476864e-15,0.19029668414407314
243,12,404520,flow,12,404520,flow,12,7.360463425002067e-29,1.0670202012083532e-26,0.24643157570658486
243,12,404520,flow,13,400183,flow,4,0.003118849700645027,0.02958592601402397,0.06629444281129929
243,12,404520,flow,13,400183,flow,8,0.006072534583788634,0.049144528666105095,0.06155034527681842
243,12,404520,flow,14,401469,flow,7,0.00017634228677581727,0.002897674700918717,0.08406718022144692
243,12,404520,flow,15,401472,flow,1,1.7314077457724844e-58,4.249819012350644e-56,0.35049315111020096
243,12,404520,flow,15,401472,flow,2,1.79224628957318e-25,2.3320795093241375e-23,0.2310340651833667
243,12,404520,flow,15,401472,flow,3,0.00017849643832420242,0.0029252830559960336,0.08399916581273935
243,12,404520,flow,15,401472,flow,6,1.638365072313856e-06,4.5721815971549475e-05,0.10732147499732823
243,12,404520,flow,15,401472,flow,8,6.329263746255567e-10,2.9817251236449345e-08,-0.1381416206109756
243,12,404520,flow,15,401472,flow,9,2.3306763432773692e-35,4.0435830533968814e-33,-0.2733075640822717
243,12,404520,flow,15,401472,flow,10,2.2162939207579786e-12,1.3206054810585473e-10,-0.15665279242334212
243,12,404520,flow,15,401472,flow,11,0.00040090265784350685,0.0057328681955774565,0.07934855342149555
243,12,404520,flow,15,401472,flow,12,6.803319728003668e-55,1.6237757582859583e-52,0.3398881074465363
243,12,404520,flow,16,405838,flow,5,0.00017455857356681704,0.0028716414234906686,0.08412409202772128
243,12,404520,flow,16,405838,flow,6,0.0028948610318805627,0.02790850180255307,0.06680720227955833
243,12,404520,flow,16,405838,flow,7,1.674893433339683e-07,5.65276533752143e-06,0.11707731146091106
243,12,404520,flow,16,405838,flow,8,0.0005154649743325805,0.007073725187791448,0.07785337433126403
243,12,404520,flow,16,405838,flow,9,0.0013888316803541626,0.015661062018089228,0.07169058746838597
243,12,404520,flow,17,400260,flow,1,1.8464208340831445e-06,5.104244528131427e-05,0.10678661011414695
243,12,404520,flow,17,400260,flow,2,0.0002500705877069369,0.0038748383747990224,0.08209009050223234
243,12,404520,flow,17,400260,flow,3,0.0003108832937737365,0.004621527285280597,0.08083607103755998
243,12,404520,flow,17,400260,flow,7,0.00011673718851532198,0.0020401241729784522,0.08634896486489843
243,12,404520,flow,17,400260,flow,8,0.001650558171950951,0.01806896766728237,-0.07056902634554753
243,12,404520,flow,17,400260,flow,9,0.0014174978640953484,0.01591783408602003,-0.0715586683689718
243,12,404520,flow,17,400260,flow,10,1.4707022459171172e-10,7.370572740559102e-09,-0.14314897162418497
243,12,404520,flow,17,400260,flow,11,0.0035253170301584764,0.032597553848875326,-0.06544413571217898
243,12,404520,flow,18,404528,flow,1,3.506636731867193e-16,2.774481809828988e-14,0.18157276788523713
243,12,404520,flow,18,404528,flow,2,2.6125030311183004e-10,1.2839605340649666e-08,0.14119871711519727
243,12,404520,flow,18,404528,flow,3,4.520273963986787e-09,1.9391840639943315e-07,0.1310971893229651
243,12,404520,flow,18,404528,flow,4,5.249582759608569e-07,1.6256772416852344e-05,0.11229180515384755
243,12,404520,flow,18,404528,flow,6,6.618658207700791e-07,2.010191924463612e-05,0.11129695524444556
243,12,404520,flow,18,404528,flow,9,0.000332633141841659,0.0049060265372344375,-0.08044292423239693
243,12,404520,flow,18,404528,flow,12,2.3015465883348507e-06,6.233655963389689e-05,0.10579412666004913
243,12,404520,flow,19,401795,flow,1,7.428797529954077e-08,2.6699172487022974e-06,0.12037104385328566
243,12,404520,flow,19,401795,flow,2,2.6700051739908867e-13,1.71643189756557e-11,0.16303726832478985
243,12,404520,flow,19,401795,flow,4,4.9534456835049584e-05,0.000968275355327666,0.09092329494226283
243,12,404520,flow,19,401795,flow,5,9.273970869669166e-12,5.129776460559642e-10,0.15218079984712493
243,12,404520,flow,19,401795,flow,6,7.387400265047518e-05,0.001369681079184776,0.08881739750882373
243,12,404520,flow,19,401795,flow,7,2.5931495308975963e-06,6.949383358236734e-05,0.10525307673776702
243,12,404520,flow,19,401795,flow,9,0.00015064547312369862,0.002529298266204345,-0.08494495985821514
243,12,404520,flow,19,401795,flow,10,8.227309314566649e-06,0.00019866951503034056,-0.09987378387323767
243,12,404520,flow,19,401795,flow,12,0.001520867788673319,0.0168985309852591,0.0711025407374234
243,12,404520,occupancy,0,400593,flow,5,0.0012913341021504525,0.014738608510673592,0.07215886183371972
243,12,404520,occupancy,0,400593,flow,6,0.0008890753540375665,0.010919471988883201,0.07451955549215848
243,12,404520,occupancy,1,400125,flow,1,2.59945641725967e-05,0.0005523685057826747,0.09422889842519416
243,12,404520,occupancy,1,400125,flow,6,0.00017786100957636902,0.002915975564971211,-0.08401914805705817
243,12,404520,occupancy,1,400125,flow,7,6.906921749204605e-05,0.0012888942529833214,-0.08917492763164687
243,12,404520,occupancy,1,400125,flow,10,6.273720397022602e-07,1.9194385350664053e-05,0.11152747796198169
243,12,404520,occupancy,1,400125,flow,11,1.068981266515227e-13,7.2724394824343e-12,0.16572117075114587
243,12,404520,occupancy,1,400125,flow,12,5.420683576931815e-12,3.0934416185396886e-10,0.15387388671744484
243,12,404520,occupancy,2,400331,flow,10,0.005908914927845568,0.048135984326405534,0.06175083627105925
243,12,404520,occupancy,2,400331,flow,11,0.002651385678344053,0.026150653265859154,0.06740736229099153
243,12,404520,occupancy,2,400331,flow,12,0.0011809441920456916,0.013703139698193359,0.07273016172321017
243,12,404520,occupancy,3,400039,flow,1,2.6847324701815345e-23,3.177546375666912e-21,0.22051834174547602
243,12,404520,occupancy,3,400039,flow,2,4.087310657520497e-10,1.957558984533098e-08,0.13966071919444262
243,12,404520,occupancy,3,400039,flow,3,6.646679219350787e-05,0.0012451714756112487,0.0893785201470923
243,12,404520,occupancy,3,400039,flow,4,0.00048633344174748823,0.006736196659381224,0.07820169892308648
243,12,404520,occupancy,3,400039,flow,5,0.0010014399156494918,0.012050753302523132,0.07377404313935221
243,12,404520,occupancy,3,400039,flow,6,0.0020070117704325077,0.021095598170969426,0.06927981373824338
243,12,404520,occupancy,3,400039,flow,8,0.00019032622584115358,0.003078282976689315,0.0836388675623925
243,12,404520,occupancy,3,400039,flow,9,1.3356164072553632e-10,6.701350614800428e-09,0.14347341390418267
243,12,404520,occupancy,3,400039,flow,10,8.590412546736827e-21,8.773187281773782e-19,0.2076940465672186
243,12,404520,occupancy,3,400039,flow,11,8.270812880150094e-30,1.232065918698221e-27,0.2505605185872991
243,12,404520,occupancy,3,400039,flow,12,6.047221214169411e-25,7.638595217898204e-23,0.22852954098820738
243,12,404520,occupancy,4,400316,flow,2,0.0025185830067725825,0.025191661470844076,-0.06775627766898026
243,12,404520,occupancy,4,400316,flow,8,1.9715095050395896e-06,5.407568928108588e-05,0.10649225642294977
243,12,404520,occupancy,4,400316,flow,9,7.682432128076951e-22,8.382542451079271e-20,0.21316261048209023
243,12,404520,occupancy,4,400316,flow,10,5.557248519659808e-32,8.924651897743631e-30,0.25973430882638354
243,12,404520,occupancy,4,400316,flow,11,2.0210341433458496e-21,2.1242986616189952e-19,0.21098992563238075
243,12,404520,occupancy,4,400316,flow,12,0.0005848267038735593,0.00782667707786176,0.07709265658793993
243,12,404520,occupancy,5,400503,flow,1,2.3692049837877484e-08,9.212390215988366e-07,0.12485853919786469
243,12,404520,occupancy,5,400503,flow,2,0.005537676509562347,0.045738691456548186,0.06222495339670763
243,12,404520,occupancy,5,400503,flow,4,0.0025404405859698552,0.025364257449369012,0.0676977120214626
243,12,404520,occupancy,5,400503,flow,5,1.8527831804081218e-05,0.00041046273535195316,0.09592254134781154
243,12,404520,occupancy,5,400503,flow,6,2.92037422170598e-05,0.0006106494016345515,0.09364009066386314
243,12,404520,occupancy,5,400503,flow,7,0.0002869825445014283,0.004345477014532668,0.08129894991316076
243,12,404520,occupancy,5,400503,flow,8,1.576696152270074e-05,0.0003542031917736203,0.09671989016751277
243,12,404520,occupancy,5,400503,flow,9,3.64703351864704e-10,1.7642984099165968e-08,0.1400539548586845
243,12,404520,occupancy,5,400503,flow,10,5.005289117142513e-19,4.630160382453031e-17,0.1981221240358387
243,12,404520,occupancy,5,400503,flow,11,1.1469602886731275e-25,1.4969391078755018e-23,0.23194587980311662
243,12,404520,occupancy,5,400503,flow,12,3.970629262446641e-19,3.696792761588251e-17,0.19868056112464985
243,12,404520,occupancy,6,405843,flow,1,0.001022978287643966,0.012245063741417001,0.07364004643515791
243,12,404520,occupancy,6,405843,flow,3,0.004806499641942497,0.041027619943077624,0.0632492494246006
243,12,404520,occupancy,6,405843,flow,4,2.0964753984402566e-05,0.00045557211877574993,0.09530772943757544
243,12,404520,occupancy,6,405843,flow,5,7.868449634731527e-06,0.00019042970544560332,0.10008661646206157
243,12,404520,occupancy,6,405843,flow,10,5.060402510212678e-09,2.1537870782383023e-07,0.13068138129498696
243,12,404520,occupancy,6,405843,flow,11,2.122885266653194e-15,1.586654732169861e-13,0.17674067749964523
243,12,404520,occupancy,6,405843,flow,12,1.211065985476384e-10,6.106508811037684e-09,0.14380231014432915
243,12,404520,occupancy,7,408093,flow,1,6.260801365904858e-06,0.00015472918707499418,0.1011707273430422
243,12,404520,occupancy,7,408093,flow,2,0.00018696084751602786,0.0030342968596424407,0.08373917599556152
243,12,404520,occupancy,7,408093,flow,8,0.0034003400837225384,0.03171301632487341,0.0656956433199638
243,12,404520,occupancy,7,408093,flow,9,0.001715725753957277,0.018627633217128514,0.07031534460935991
243,12,404520,occupancy,7,408093,flow,10,0.0007136527228657165,0.00921392636814075,0.07587932736101186
243,12,404520,occupancy,7,408093,flow,11,2.6296191600713235e-05,0.0005579545565573732,0.09417069741399149
243,12,404520,occupancy,7,408093,flow,12,7.642398234427454e-06,0.00018579156090448284,0.10022549631343712
243,12,404520,occupancy,9,402391,flow,1,6.423241808692362e-05,0.0012106633775545814,0.08955942607050771
243,12,404520,occupancy,9,402391,flow,9,2.7066938074428362e-08,1.0338565206147704e-06,0.12434372011103625
243,12,404520,occupancy,9,402391,flow,10,4.554122887542097e-18,4.015063443710583e-16,0.19271130336498443
243,12,404520,occupancy,9,402391,flow,11,1.324570222167125e-22,1.5259048959365282e-20,0.21705137913145967
243,12,404520,occupancy,9,402391,flow,12,2.319475694330239e-15,1.7216726803276002e-13,0.17649948023360995
243,12,404520,occupancy,10,400497,flow,1,0.0006630071243776083,0.00866099418600323,0.07632995094565546
243,12,404520,occupancy,10,400497,flow,2,0.0002476824588522873,0.0038451175435138705,0.08214497450689595
243,12,404520,occupancy,10,400497,flow,3,8.694389166608548e-22,9.437125929585157e-20,0.21288598531740383
243,12,404520,occupancy,10,400497,flow,4,2.0462790907877005e-35,3.564486158146317e-33,0.2735281699410591
243,12,404520,occupancy,10,400497,flow,5,4.631586931215312e-16,3.651178018768276e-14,0.180834870413419
243,12,404520,occupancy,10,400497,flow,8,8.631341110564409e-16,6.611239999581249e-14,0.17917256914118002
243,12,404520,occupancy,10,400497,flow,9,2.492199217042311e-78,7.130000409021712e-76,0.4027541375844745
243,12,404520,occupancy,10,400497,flow,10,1.0192180228245704e-130,4.5864811027105666e-128,0.507901593948902
243,12,404520,occupancy,10,400497,flow,11,1.1695413734787632e-87,3.8275899495668616e-85,0.424397901740318
243,12,404520,occupancy,10,400497,flow,12,2.738250174529868e-06,7.261657921405175e-05,0.10500525894502048
243,12,404520,occupancy,11,405841,flow,9,5.112932708890523e-05,0.0009909317766894148,0.09075796884479864
243,12,404520,occupancy,11,405841,flow,10,7.422298148647514e-07,2.2313380655641798e-05,0.11080185072641494
243,12,404520,occupancy,11,405841,flow,11,0.0008586552540578376,0.010662440748024787,0.07473640074242408
243,12,404520,occupancy,12,404520,flow,1,3.8854728747807856e-10,1.8671015371582862e-08,-0.13983558420151632
243,12,404520,occupancy,12,404520,flow,2,1.7773732382317695e-13,1.1633715741153401e-11,-0.16423596884366487
243,12,404520,occupancy,12,404520,flow,4,0.0006730836748702429,0.008774053939165508,0.07623780374314175
243,12,404520,occupancy,12,404520,flow,5,3.7451800574956924e-09,1.6163014833547844e-07,0.13178726399316057
243,12,404520,occupancy,12,404520,flow,6,1.0480797781733892e-09,4.806480511368409e-08,0.13636871381282778
243,12,404520,occupancy,12,404520,flow,7,7.816807865462632e-12,4.3572399972643313e-10,0.15272180014013698
243,12,404520,occupancy,12,404520,flow,8,1.2064589180635625e-22,1.3972929024221418e-20,0.21725590174727294
243,12,404520,occupancy,12,404520,flow,9,4.8462422993103806e-42,9.647818770977347e-40,0.29809244251242606
243,12,404520,occupancy,12,404520,flow,10,5.294836032895531e-46,1.1323609733717175e-43,0.31170303188412596
243,12,404520,occupancy,12,404520,flow,11,2.284009450201172e-19,2.1590636378269285e-17,0.20000743918606168
243,12,404520,occupancy,13,400183,flow,1,0.00470099568803614,0.04044672649336013,0.0634085289197925
243,12,404520,occupancy,14,401469,flow,1,0.0010221930556961398,0.012245063741417001,0.07364488557082756
243,12,404520,occupancy,14,401469,flow,3,0.0037947340889008703,0.03438181892628305,0.06492841868960669
243,12,404520,occupancy,14,401469,flow,4,2.939236593577137e-05,0.0006125181902678839,0.09360742601454382
243,12,404520,occupancy,14,401469,flow,5,6.456636337783771e-07,1.969821255595049e-05,0.11140375677258378
243,12,404520,occupancy,14,401469,flow,6,3.315399606337734e-05,0.0006800819705308172,0.09299445996900148
243,12,404520,occupancy,14,401469,flow,10,0.0005217071556925754,0.00713671599934112,0.0777811284461068
243,12,404520,occupancy,14,401469,flow,11,8.435848600781216e-07,2.49608670927225e-05,0.11024631665256727
243,12,404520,occupancy,14,401469,flow,12,4.470411699972977e-06,0.0001139361566010812,0.10274880161197072
243,12,404520,occupancy,15,401472,flow,1,6.171000154046263e-62,1.549925620086038e-59,0.3602966514925414
243,12,404520,occupancy,15,401472,flow,2,4.165916693983438e-09,1.7889423576549157e-07,0.13139711815534624
243,12,404520,occupancy,15,401472,flow,3,0.00117474375174022,0.013642185504079975,0.0727636942021843
243,12,404520,occupancy,15,401472,flow,4,4.9474455606993994e-08,1.8082034536566333e-06,0.1219856178813581
243,12,404520,occupancy,15,401472,flow,5,9.396666980102572e-09,3.858707353045923e-07,0.12837791567554876
243,12,404520,occupancy,15,401472,flow,8,0.0021386569887770295,0.022139942946361773,0.06885644179577106
243,12,404520,occupancy,15,401472,flow,9,2.4091329176688884e-41,4.730661001967999e-39,0.29562230935473155
243,12,404520,occupancy,15,401472,flow,10,4.075554359791367e-149,2.0713405687410243e-146,0.5375359729686247
243,12,404520,occupancy,15,401472,flow,11,3.290525651650118e-189,2.090451590460075e-186,0.593352332781296
243,12,404520,occupancy,15,401472,flow,12,4.834707607188172e-56,1.1603298257251613e-53,0.343321271100424
243,12,404520,occupancy,16,405838,flow,1,1.8367002532787644e-12,1.1050898459838806e-10,0.1572301855705862
243,12,404520,occupancy,16,405838,flow,2,1.4408911342938902e-11,7.7421016171015e-10,0.15077719576898285
243,12,404520,occupancy,16,405838,flow,3,1.5587831999790986e-10,7.784905692381163e-09,0.14295274755138088
243,12,404520,occupancy,16,405838,flow,4,4.623521216799441e-13,2.8989276714910862e-11,0.16140551198618788
243,12,404520,occupancy,16,405838,flow,5,5.936623454798829e-14,4.08379193068964e-12,0.16742244166204112
243,12,404520,occupancy,16,405838,flow,6,6.430266869516853e-10,3.022715220491056e-08,0.13808631124845014
243,12,404520,occupancy,16,405838,flow,7,0.0004634783071584283,0.006479696721438221,0.07848886686445894
243,12,404520,occupancy,16,405838,flow,11,1.5785604809908133e-07,5.365722872863165e-06,0.11732032386270626
243,12,404520,occupancy,16,405838,flow,12,9.82292399353639e-13,6.044876303714701e-11,0.1591383319080323
243,12,404520,occupancy,17,400260,flow,1,3.879448457712358e-08,1.4373256721541498e-06,0.12294166482462898
243,12,404520,occupancy,17,400260,flow,7,1.4534126837882862e-06,4.103753460108102e-05,-0.10785485891092036
243,12,404520,occupancy,17,400260,flow,8,9.535436203210714e-07,2.7795603507334873e-05,-0.10971203695470406
243,12,404520,occupancy,17,400260,flow,10,0.00016765771273241533,0.00277715229679461,0.08434954678659623
243,12,404520,occupancy,17,400260,flow,11,1.392453323354198e-13,9.254459010600207e-12,0.1649506377554908
243,12,404520,occupancy,17,400260,flow,12,4.841524169612919e-11,2.5078398576412247e-09,0.1468470152684372
243,12,404520,occupancy,18,404528,flow,1,1.109461290757229e-21,1.1892984556008012e-19,0.21233987783019595
243,12,404520,occupancy,18,404528,flow,2,2.8160578247763193e-08,1.0699533687804485e-06,0.12419019486052435
243,12,404520,occupancy,18,404528,flow,3,0.002415820513139995,0.024409447755171204,0.06803800607992228
243,12,404520,occupancy,18,404528,flow,4,0.0034621505312380494,0.032148312797082294,0.0655702220146816
243,12,404520,occupancy,18,404528,flow,5,0.0030099758984932536,0.0287551877078524,0.0665393318788462
243,12,404520,occupancy,18,404528,flow,6,0.0036151028545106834,0.03315763127704066,0.06526840451736497
243,12,404520,occupancy,18,404528,flow,8,0.0028653019946435336,0.027697705564690235,0.06687755219495155
243,12,404520,occupancy,18,404528,flow,9,1.558305165424796e-07,5.317355804027156e-06,0.11737324041103167
243,12,404520,occupancy,18,404528,flow,10,2.1666288448284907e-15,1.6137649326998413e-13,0.17668516058863737
243,12,404520,occupancy,18,404528,flow,11,2.7538883499788885e-22,3.082071935727668e-20,0.21544136925831953
243,12,404520,occupancy,18,404528,flow,12,2.2727400322353152e-18,2.04121350088494e-16,0.19443158058457813
243,12,404520,occupancy,19,401795,flow,1,2.226787114552769e-19,2.11422424942153e-17,0.20006809601747444
243,12,404520,occupancy,19,401795,flow,2,8.696877828811334e-09,3.5781440209966627e-07,0.12866816358467187
243,12,404520,occupancy,19,401795,flow,3,1.9648677971179714e-05,0.0004308745626167328,0.09563076047378669
243,12,404520,occupancy,19,401795,flow,4,2.6942084425887146e-05,0.0005685872238389471,0.09404817258137754
243,12,404520,occupancy,19,401795,flow,5,0.005394493703235645,0.04485394338404253,0.06241550718267493
243,12,404520,occupancy,19,401795,flow,9,2.583011827613529e-07,8.45990227087979e-06,0.11528510427236194
243,12,404520,occupancy,19,401795,flow,10,1.0137695048477649e-28,1.4598280869807814e-26,0.24582039310675566
243,12,404520,occupancy,19,401795,flow,11,3.1456301358643916e-48,6.898031566971661e-46,0.31904710506834544
243,12,404520,occupancy,19,401795,flow,12,9.908296120678838e-44,2.0382780591110753e-41,0.30398571333560614
243,12,404520,speed,0,400593,flow,11,0.002618816598818016,0.025906314877247146,-0.06749142841578125
243,12,404520,speed,3,400039,flow,1,0.0016344115938914505,0.017934107405666918,-0.07063330342235659
243,12,404520,speed,4,400316,flow,3,0.0008156892681137405,0.010216809620908549,0.07505513129780012
243,12,404520,speed,4,400316,flow,10,0.0034626411908524057,0.032148312797082294,-0.06556923457723514
243,12,404520,speed,4,400316,flow,11,3.225507757441422e-07,1.0329276139471419e-05,-0.1143556344552049
243,12,404520,speed,5,400503,flow,1,0.00011005359567492078,0.0019342210468497063,-0.08667062616504512
243,12,404520,speed,6,405843,flow,1,0.004180607842666139,0.037099659684375424,-0.06424490279819249
243,12,404520,speed,6,405843,flow,6,0.0011208994184332558,0.013137131866039228,-0.07306196349976382
243,12,404520,speed,10,400497,flow,3,0.00016728111209450157,0.0027730406916663345,0.08436210008852156
243,12,404520,speed,10,400497,flow,10,0.00013519803805398187,0.0023076077613322864,-0.08554318531517022
243,12,404520,speed,10,400497,flow,11,2.940679589828944e-05,0.000612523424689539,-0.09360493533081791
243,12,404520,speed,10,400497,flow,12,0.0008844858459722259,0.010880113243148385,-0.07455182663670121
243,12,404520,speed,12,404520,flow,1,0.0028522505004865122,0.02763337555977065,0.06690882540038659
243,12,404520,speed,12,404520,flow,3,2.626883014426831e-06,7.018017700880588e-05,0.10519429782125377
243,12,404520,speed,12,404520,flow,10,0.0042389701273768945,0.037494576065250175,-0.06414654753193583
243,12,404520,speed,12,404520,flow,11,4.9124704124324255e-05,0.0009620068985361777,-0.09096658427972773
243,12,404520,speed,14,401469,flow,2,0.00018849802892650558,0.0030544316765285227,-0.08369315015889289
243,12,404520,speed,15,401472,flow,1,0.00021139508439480968,0.003361158500498998,-0.0830463405543485
243,12,404520,speed,15,401472,flow,3,0.00012982419805671186,0.0022311711128834406,0.08576647967050688
243,12,404520,speed,15,401472,flow,4,1.2798388265243366e-05,0.0002944038195199752,0.09774168319852566
243,12,404520,speed,15,401472,flow,10,0.0013780985388853093,0.015568477217532784,-0.07174062676857482
243,12,404520,speed,15,401472,flow,11,2.5062600753376037e-08,9.632601001297551e-07,-0.12464139161764931
243,12,404520,speed,15,401472,flow,12,2.480128350239601e-08,9.547575420766341e-07,-0.12468189090431304
243,12,404520,speed,16,405838,flow,2,0.00551037224806797,0.04561181856994373,-0.0622609454348543
243,12,404520,speed,16,405838,flow,3,0.0009861580043702466,0.011893362866776842,-0.0738707430365847
243,12,404520,speed,16,405838,flow,4,0.00017649770750737814,0.0028991258419462872,-0.08406224696269352
243,12,404520,speed,16,405838,flow,5,0.00023694090149523203,0.003708088982358506,-0.08239813684830281
243,12,404520,speed,16,405838,flow,6,0.002654460962742212,0.026175008808597022,-0.067399473286691
243,12,404520,speed,17,400260,flow,3,0.0002753610070328087,0.004197457834797931,-0.08153721862738122
243,12,404520,speed,17,400260,flow,11,0.0016337109512731944,0.017934107405666918,-0.07063610577288734
243,12,404520,speed,19,401795,flow,8,0.002231164673572682,0.022938199404650136,0.06857299708064242
243,12,404520,speed,19,401795,flow,11,0.005393656956606087,0.04485394338404253,-0.06241663410692493
243,12,404520,speed,19,401795,flow,12,7.669821144568583e-06,0.00018635335964306118,-0.10020844079649015
243,13,400183,flow,0,400593,flow,3,0.0028614210019619153,0.02769117098672821,0.06688683799728902
243,13,400183,flow,0,400593,flow,4,0.0005954495502337592,0.007944231182859295,0.07698364398674304
243,13,400183,flow,0,400593,flow,5,6.592323192027131e-07,2.0041404778013516e-05,0.11131414221610086
243,13,400183,flow,0,400593,flow,8,0.0007876518195930168,0.009972613894026473,0.07527162155499063
243,13,400183,flow,0,400593,flow,9,0.000393395526825926,0.00564232628116866,0.07945998349104949
243,13,400183,flow,0,400593,flow,10,0.0037572970867016504,0.0341366052453491,0.06499805099416651
243,13,400183,flow,2,400331,flow,4,0.0005127831974404108,0.007045875995364422,0.07788466327493486
243,13,400183,flow,2,400331,flow,10,0.0012119288684654375,0.013987530621882687,0.07256499173976319
243,13,400183,flow,3,400039,flow,4,2.857125438269489e-05,0.0005985830210147523,0.09375110267456797
243,13,400183,flow,5,400503,flow,5,0.0005580043427878973,0.0075424867360566845,0.07737633119622622
243,13,400183,flow,6,405843,flow,2,6.239906664681595e-06,0.0001543894432498539,0.10118650326879822
243,13,400183,flow,6,405843,flow,7,0.00600727286385151,0.048817567290892636,0.06162972355932676
243,13,400183,flow,7,408093,flow,4,0.00010824593545425555,0.0019047757277490184,0.08676078766065694
243,13,400183,flow,7,408093,flow,5,0.001096769436811912,0.012924287962431696,0.07319994904384855
243,13,400183,flow,7,408093,flow,12,1.4566600265878347e-06,4.110235999255027e-05,0.10784494396493224
243,13,400183,flow,9,402391,flow,6,0.0021671216619552967,0.02239704684126048,0.06876804864299876
243,13,400183,flow,10,400497,flow,8,0.00029067091822414026,0.004381129825243303,0.08122521625312625
243,13,400183,flow,11,405841,flow,1,2.2864792614792576e-05,0.0004919118729875694,0.09487386701663883
243,13,400183,flow,12,404520,flow,8,0.00587933164900759,0.04794019011648318,0.06178761872651588
243,13,400183,flow,13,400183,flow,1,4.069954746658364e-32,6.609851317881253e-30,0.2601036280490393
243,13,400183,flow,13,400183,flow,2,4.612701199613099e-19,4.2853482112534595e-17,0.1982213713249416
243,13,400183,flow,13,400183,flow,3,3.4789899244263385e-15,2.5603469290497074e-13,0.1753475273139709
243,13,400183,flow,13,400183,flow,4,3.4094285195127543e-12,2.0011863049313993e-10,0.1553208347484149
243,13,400183,flow,13,400183,flow,5,1.88695754295864e-08,7.430862885671216e-07,0.1257335856962549
243,13,400183,flow,13,400183,flow,6,6.407852641288926e-11,3.303332149208611e-09,0.14592295560985152
243,13,400183,flow,13,400183,flow,7,1.5155391658740392e-05,0.00034206526627878,0.09691444469290651
243,13,400183,flow,13,400183,flow,8,0.00031136139768252186,0.004627042442340882,0.08082715593842289
243,13,400183,flow,13,400183,flow,11,5.08408414288336e-08,1.8550036737547395e-06,0.12187805697634747
243,13,400183,flow,14,401469,flow,5,0.003696587543460174,0.03369752730058652,0.06511232085993585
243,13,400183,flow,14,401469,flow,9,2.3840620176245193e-05,0.0005113777515460737,0.09466420452947817
243,13,400183,flow,15,401472,flow,9,0.0018823312248014213,0.020103018272292064,0.06970495856709115
243,13,400183,flow,16,405838,flow,6,0.00036316975327767287,0.005278914314130373,0.07992970651083155
243,13,400183,flow,17,400260,flow,10,0.001204914184209612,0.013928898249359176,0.07260204068200235
243,13,400183,flow,18,404528,flow,8,0.003557042294642973,0.03277009534553348,0.06538158213141185
243,13,400183,occupancy,0,400593,flow,5,0.0005855671306349266,0.007834159195859038,0.07708499878392006
243,13,400183,occupancy,0,400593,flow,8,0.003156848003901095,0.02991354107666754,0.06621080468353935
243,13,400183,occupancy,0,400593,flow,9,0.003157835513362794,0.029916336442384363,0.06620864332496311
243,13,400183,occupancy,3,400039,flow,4,0.0003707398323903555,0.005369078363816077,0.07980872943261513
243,13,400183,occupancy,6,405843,flow,2,6.913881153163757e-05,0.0012896358627662967,0.08916958334003955
243,13,400183,occupancy,7,408093,flow,5,0.0007305410658691897,0.009378714426611886,0.0757356501252977
243,13,400183,occupancy,7,408093,flow,12,5.406638177474399e-05,0.0010403865000752517,0.09046589842610918
243,13,400183,occupancy,10,400497,flow,8,0.0018710082052499854,0.0200216880026751,0.06974483858565819
243,13,400183,occupancy,11,405841,flow,1,0.00012499251663445693,0.002158144172105731,0.08597480592023095
243,13,400183,occupancy,13,400183,flow,1,0.0002216436926037775,0.003507328762081754,0.08277790198168236
243,13,400183,occupancy,13,400183,flow,2,0.00046832619985790884,0.00653056547251829,-0.07842686826398447
243,13,400183,occupancy,13,400183,flow,3,1.1074940223897148e-20,1.1204623364692198e-18,-0.20710964197143047
243,13,400183,occupancy,13,400183,flow,11,0.0023099539580129923,0.023607762239451446,0.06833994785897488
243,13,400183,occupancy,14,401469,flow,9,0.001605865816796632,0.017692783291408953,0.07074838219597614
243,13,400183,occupancy,15,401472,flow,9,0.0026593823623312666,0.02620559262151248,0.06738686580783637
243,13,400183,occupancy,16,405838,flow,6,0.0005883898089316722,0.007867050370117066,0.07705588784852632
243,13,400183,speed,1,400125,flow,6,0.005497785356992995,0.045539032974924946,-0.06227759146225531
243,13,400183,speed,1,400125,flow,8,0.0028704356772286336,0.027741123323551897,0.06686528677242809
243,13,400183,speed,5,400503,flow,12,0.0027503720285064932,0.026881464170018216,-0.06715752922409346
243,13,400183,speed,13,400183,flow,1,1.161977136288192e-07,4.0612793112985355e-06,-0.11856958918141769
243,13,400183,speed,16,405838,flow,12,0.005801728305973217,0.04751368015507924,-0.061884905251358806
243,14,401469,flow,0,400593,flow,4,0.004232345990817662,0.03745132052505592,0.06415764891801937
243,14,401469,flow,2,400331,flow,2,0.0008616243003919247,0.010679868084712139,0.07471492552501996
243,14,401469,flow,2,400331,flow,3,5.177541276929992e-07,1.6079783117424562e-05,0.11235085901587412
243,14,401469,flow,3,400039,flow,12,0.0027775524331134205,0.027073876592764938,0.06709036515026456
243,14,401469,flow,4,400316,flow,5,8.327330150895021e-05,0.0015185338223666733,0.08817739401185336
243,14,401469,flow,4,400316,flow,11,0.002911998711296816,0.028029934119434594,0.06676671443118218
243,14,401469,flow,5,400503,flow,6,2.264719707096092e-06,6.137759808441104e-05,0.10586708483864406
243,14,401469,flow,5,400503,flow,12,6.573981585903738e-06,0.00016147446428379229,0.10094011511429145
243,14,401469,flow,6,405843,flow,6,0.001194685185271523,0.013832859824103403,0.07265642486254102
243,14,401469,flow,10,400497,flow,2,0.00015645611854199007,0.0026136520962931056,-0.08473478426103641
243,14,401469,flow,10,400497,flow,5,4.9369533091718814e-05,0.0009663633119901463,0.09094067778373363
243,14,401469,flow,10,400497,flow,11,2.9228039453253502e-05,0.0006108617824772865,0.09363587179886072
243,14,401469,flow,12,404520,flow,5,3.594268337700846e-06,9.30331888488176e-05,0.10375873393640195
243,14,401469,flow,12,404520,flow,11,0.00046581734714056157,0.006499776936845045,0.07845887831739211
243,14,401469,flow,14,401469,flow,1,2.751823578859388e-118,1.1321788438735768e-115,0.4857605690396137
243,14,401469,flow,14,401469,flow,2,1.1246104266835369e-17,9.775285801353882e-16,0.19035524387857355
243,14,401469,flow,14,401469,flow,3,1.0398990168097762e-05,0.0002444158733742238,0.09872406794808394
243,14,401469,flow,14,401469,flow,4,0.0009353773043607764,0.011382619591094519,0.07420234236015098
243,14,401469,flow,14,401469,flow,7,0.0015463284614101091,0.01713734980321106,0.0709945825354871
243,14,401469,flow,15,401472,flow,3,0.004339417404907197,0.038156489292080376,-0.06398010657880904
243,14,401469,flow,15,401472,flow,5,0.005341624386653501,0.044522124928310106,0.06248702298189629
243,14,401469,flow,15,401472,flow,6,0.0012405630359454507,0.01425706920799241,0.07241578118213328
243,14,401469,flow,15,401472,flow,8,0.002589558843637499,0.02569337208202571,-0.06756776581921307
243,14,401469,flow,15,401472,flow,9,0.0028449292062839287,0.027581001281747244,-0.06692642544844786
243,14,401469,flow,15,401472,flow,11,0.0014804923741723688,0.016509362561756925,0.07127719978793402
243,14,401469,flow,15,401472,flow,12,0.0009204649569384127,0.011233514532941233,0.07430288793110185
243,14,401469,flow,16,405838,flow,1,1.5319720456915167e-06,4.300272408958643e-05,0.10762076327244072
243,14,401469,flow,16,405838,flow,8,3.295705797882851e-08,1.2401959100046966e-06,0.12357874806208964
243,14,401469,flow,17,400260,flow,6,6.693216802264176e-06,0.00016419475630767314,0.10085506686899436
243,14,401469,flow,17,400260,flow,7,0.0013672430578622326,0.015462015732892263,0.0717916030947196
243,14,401469,flow,17,400260,flow,12,0.00026498595960764717,0.004062240402785791,0.08175802621205296
243,14,401469,flow,18,404528,flow,6,0.0017007899671187883,0.01850451792022361,0.07037269382561424
243,14,401469,occupancy,13,400183,flow,12,0.00014484489008507358,0.002444257520185617,-0.08516252011293979
243,14,401469,occupancy,14,401469,flow,1,2.7919253957535368e-05,0.0005857755079968568,-0.09386801031734328
243,14,401469,occupancy,14,401469,flow,4,0.0016755533009933773,0.018269536245056513,0.07047065577461188
243,14,401469,occupancy,14,401469,flow,8,5.226659129896512e-06,0.00013112176214374527,0.102019416008875
243,14,401469,occupancy,14,401469,flow,9,0.005750152140389006,0.047171859580326284,0.06195021368137618
243,14,401469,occupancy,15,401472,flow,6,0.0026116532578568824,0.02584136984411757,0.06751004623152682
243,14,401469,occupancy,15,401472,flow,12,0.004450168775946741,0.03886138894701823,0.06380058981123561
243,14,401469,occupancy,16,405838,flow,2,0.0004467494089278531,0.006287035945444323,0.07870755417164417
243,14,401469,occupancy,18,404528,flow,6,0.0011964793779546089,0.013849922059924732,0.07264685472916424
243,14,401469,speed,3,400039,flow,2,0.004661573857841148,0.0402438030892761,0.06346887496436267
243,14,401469,speed,5,400503,flow,11,0.0029449419404065287,0.028290302829789202,-0.06668949252627904
243,14,401469,speed,9,402391,flow,6,0.002358476094623027,0.02399796317908116,-0.06820001961402075
243,14,401469,speed,13,400183,flow,10,0.006204844177379202,0.0498974810988052,-0.06139174496503041
243,14,401469,speed,13,400183,flow,12,9.06987093266273e-05,0.0016318968108747604,0.08771834838663975
243,14,401469,speed,14,401469,flow,8,1.3179327546393895e-05,0.00030268312068273056,-0.09759861534952066
243,14,401469,speed,14,401469,flow,10,0.0036111123261647563,0.03314213989596717,-0.06527613020033349
243,14,401469,speed,16,405838,flow,2,0.0020145005073433585,0.021158867473190637,-0.06925505642294766
243,14,401469,speed,18,404528,flow,6,0.0008646243294246806,0.010702513189440172,-0.07469329574144536
243,15,401472,flow,0,400593,flow,7,0.0007294114241113096,0.009369781005533326,0.07574516381080743
243,15,401472,flow,0,400593,flow,8,0.0037984335210418225,0.03440575086132736,0.06492157170551685
243,15,401472,flow,1,400125,flow,1,4.6828493892590484e-08,1.7216944137531139e-06,0.12220234530789015
243,15,401472,flow,1,400125,flow,8,0.0006622023501302762,0.008655716044062914,-0.07633736637962667
243,15,401472,flow,1,400125,flow,9,2.134497670509572e-05,0.00046243881326987714,-0.09521799395714611
243,15,401472,flow,1,400125,flow,11,0.0019402838407824245,0.020559298975178008,0.06950423199427325
243,15,401472,flow,1,400125,flow,12,1.0744056598757997e-08,4.3663522583851874e-07,0.1278738428941492
243,15,401472,flow,3,400039,flow,1,6.789997352543426e-15,4.938179892758855e-13,0.17354667697558482
243,15,401472,flow,3,400039,flow,2,7.969395617977565e-08,2.8382348779606827e-06,0.1200899010936443
243,15,401472,flow,3,400039,flow,11,0.0028535487316575917,0.027637070427174035,0.06690570881644642
243,15,401472,flow,3,400039,flow,12,4.4662947285393247e-11,2.319037647510803e-09,0.14711188756532315
243,15,401472,flow,4,400316,flow,1,9.917646844523409e-11,5.028666005673841e-09,0.14447117632549897
243,15,401472,flow,4,400316,flow,3,6.47693011667345e-09,2.711273072095863e-07,-0.12976764590442286
243,15,401472,flow,4,400316,flow,4,0.0023446516334320678,0.02390017710341324,-0.06823961625639659
243,15,401472,flow,4,400316,flow,8,0.002321330443983342,0.023707204534297963,-0.06830690059637975
243,15,401472,flow,4,400316,flow,10,0.00021100819461283222,0.0033562422707195698,0.083056711701887
243,15,401472,flow,4,400316,flow,11,5.025306694124694e-24,6.0981249771400785e-22,0.22409579460923731
243,15,401472,flow,4,400316,flow,12,3.795947425549821e-21,3.9514440670783684e-19,0.20956106906465446
243,15,401472,flow,5,400503,flow,1,1.1015821176165586e-19,1.0718096279512461e-17,0.2017429533251081
243,15,401472,flow,5,400503,flow,2,0.00015328346952570647,0.0025671850026446398,0.0848486131605142
243,15,401472,flow,5,400503,flow,6,0.0002019920331776024,0.0032376184826265245,0.08330359958226363
243,15,401472,flow,5,400503,flow,7,0.0014404703110370179,0.016125503352370868,0.07145471352282905
243,15,401472,flow,5,400503,flow,11,1.1181049911728701e-05,0.000261233832442769,0.09839816126891955
243,15,401472,flow,5,400503,flow,12,3.17708788801908e-15,2.3421535283690146e-13,0.17563986640237816
243,15,401472,flow,6,405843,flow,1,7.128152628026236e-08,2.5704189777189765e-06,0.12053609111801956
243,15,401472,flow,6,405843,flow,5,0.0006408770504040463,0.00842028241406776,0.07653697919369332
243,15,401472,flow,6,405843,flow,6,0.00017925999298778211,0.002933345339800071,0.08397524263170303
243,15,401472,flow,6,405843,flow,7,0.0011706684581903833,0.013611026986829025,0.07278582283401872
243,15,401472,flow,6,405843,flow,9,0.0010996140000914057,0.012954274557935293,-0.07318353757681482
243,15,401472,flow,6,405843,flow,11,0.004768652706313587,0.04080938924578981,0.06330602000632518
243,15,401472,flow,6,405843,flow,12,3.493378822825941e-16,2.7690635806620303e-14,0.18158279206784994
243,15,401472,flow,7,408093,flow,3,0.00046706473277025685,0.006515077964376847,0.07844294308625112
243,15,401472,flow,9,402391,flow,1,2.0615905294691752e-09,9.210001124412448e-08,0.13395419874391576
243,15,401472,flow,9,402391,flow,11,1.0613504313109007e-06,3.0772039350759e-05,0.109242922622251
243,15,401472,flow,9,402391,flow,12,3.2667982645193593e-14,2.287288250036245e-12,0.16913232509812587
243,15,401472,flow,10,400497,flow,1,2.781002053020214e-15,2.0571796008642676e-13,0.176004198072141
243,15,401472,flow,10,400497,flow,2,6.379420479224111e-07,1.9490167234970407e-05,-0.11145556722500748
243,15,401472,flow,10,400497,flow,3,2.8971195631330147e-07,9.403122849537658e-06,-0.11480581732568569
243,15,401472,flow,10,400497,flow,4,2.434212582373838e-05,0.0005196363492632152,0.09455960717244877
243,15,401472,flow,10,400497,flow,5,1.3423158502005735e-43,2.7352851287106026e-41,0.3035306447413136
243,15,401472,flow,10,400497,flow,6,3.0486672014514624e-19,2.8693338366601996e-17,0.19931571129140807
243,15,401472,flow,10,400497,flow,7,0.00020640000695630793,0.003293860473037496,-0.08318163229928029
243,15,401472,flow,10,400497,flow,8,4.400036743954746e-28,6.19158264947378e-26,-0.24299601627625386
243,15,401472,flow,10,400497,flow,9,6.813819858908529e-08,2.461179079471977e-06,-0.12071601943502096
243,15,401472,flow,10,400497,flow,10,1.76537915026113e-30,2.675943133027397e-28,0.25343231096164764
243,15,401472,flow,10,400497,flow,11,4.764831266190595e-112,1.8504344879826982e-109,0.47450347865549464
243,15,401472,flow,10,400497,flow,12,3.4435965461760805e-90,1.1532044247659432e-87,0.43000632419165524
243,15,401472,flow,11,405841,flow,3,0.0028778636402690167,0.027789034004764655,-0.0668475752188024
243,15,401472,flow,11,405841,flow,11,4.1827763672806285e-05,0.0008353950026191546,0.09180089620430185
243,15,401472,flow,11,405841,flow,12,4.20787048307211e-05,0.0008392428664298944,0.09176998692642238
243,15,401472,flow,12,404520,flow,1,0.0001720922831204698,0.0028386355978634193,0.0842036892806073
243,15,401472,flow,12,404520,flow,2,1.1769749367594121e-11,6.411767625221514e-10,-0.1514232766715141
243,15,401472,flow,12,404520,flow,3,6.846733697684237e-26,9.072972261961934e-24,-0.23299495060647266
243,15,401472,flow,12,404520,flow,4,1.3384063219919945e-05,0.00030640780662455835,-0.09752334423892632
243,15,401472,flow,12,404520,flow,6,0.0003361958626456371,0.004950123130978706,0.08038082803522091
243,15,401472,flow,12,404520,flow,10,4.645113157881646e-10,2.212446399343849e-08,0.1392180192205898
243,15,401472,flow,12,404520,flow,11,1.417411591426616e-32,2.346060565119916e-30,0.2621769251746804
243,15,401472,flow,12,404520,flow,12,1.2175734378295625e-19,1.1741879099047174e-17,0.20150561715788493
243,15,401472,flow,13,400183,flow,8,0.0016307527974811602,0.017916714356863202,0.07064794965613
243,15,401472,flow,14,401469,flow,1,0.0020389340870540563,0.02132218653128425,0.06917486320390319
243,15,401472,flow,14,401469,flow,6,5.927060013505999e-08,2.146261463398652e-06,0.12127063105918488
243,15,401472,flow,14,401469,flow,7,7.843809909496921e-08,2.805071093462475e-06,0.12015352993504132
243,15,401472,flow,14,401469,flow,12,8.267237715430426e-09,3.4307845274408686e-07,0.12885782597641082
243,15,401472,flow,15,401472,flow,1,0.0,0.0,0.8744126563708748
243,15,401472,flow,15,401472,flow,2,5.797936108001286e-09,2.443617949908835e-07,-0.13017843743828483
243,15,401472,flow,15,401472,flow,3,6.759124998817277e-23,7.934624998611586e-21,-0.21852000828562723
243,15,401472,flow,15,401472,flow,4,5.05483988787913e-08,1.8458925034351515e-06,-0.12190084034912685
243,15,401472,flow,15,401472,flow,6,1.891662498223883e-09,8.468375121582565e-08,0.13426359355384337
243,15,401472,flow,15,401472,flow,8,1.1548115744656103e-17,1.0017642573677585e-15,-0.19038269507756006
243,15,401472,flow,15,401472,flow,9,6.511444479991903e-37,1.1819092501497909e-34,-0.27929971640920725
243,15,401472,flow,15,401472,flow,11,6.872849539748626e-43,1.393930047498313e-40,0.3009963338666856
243,15,401472,flow,15,401472,flow,12,1.5895434603436295e-12,9.671588378428844e-11,0.15767291168758452
243,15,401472,flow,16,405838,flow,1,4.185622056788037e-06,0.00010712018533959905,0.10305453909584132
243,15,401472,flow,16,405838,flow,2,1.8396163425770748e-07,6.179737636028743e-06,0.11669147385982064
243,15,401472,flow,16,405838,flow,3,0.0011915910890612415,0.013804434177378824,0.0726729598293313
243,15,401472,flow,16,405838,flow,4,0.00573360230959133,0.0471075731788409,0.06197128181829942
243,15,401472,flow,16,405838,flow,6,2.43961403392454e-08,9.443667228094994e-07,0.12474550605547512
243,15,401472,flow,16,405838,flow,7,1.4957697570823813e-14,1.0733763040856956e-12,0.17134203423914007
243,15,401472,flow,16,405838,flow,8,8.76483893438775e-05,0.0015882594042179144,0.08790246542829745
243,15,401472,flow,16,405838,flow,12,0.00011744385811428671,0.002050757748802419,0.08631597606609573
243,15,401472,flow,17,400260,flow,1,1.2567709865297127e-24,1.5646255509534175e-22,0.22700846104394803
243,15,401472,flow,17,400260,flow,2,4.596818509465265e-07,1.4410925951298942e-05,0.11285804572477257
243,15,401472,flow,17,400260,flow,6,0.00192401472980979,0.020432014829838478,0.06956002072768218
243,15,401472,flow,17,400260,flow,9,2.9061936429275708e-06,7.68815464632401e-05,-0.10473368747604332
243,15,401472,flow,17,400260,flow,10,1.0026862628595083e-05,0.0002363123107230265,-0.09892461943559616
243,15,401472,flow,17,400260,flow,12,6.492226652873684e-16,5.017248504546389e-14,0.1799350512620414
243,15,401472,flow,18,404528,flow,1,1.5035271275288077e-16,1.2117979833814271e-14,0.18379964116715045
243,15,401472,flow,18,404528,flow,2,9.835574979820346e-07,2.8631862474948716e-05,0.10957650437203655
243,15,401472,flow,18,404528,flow,11,0.00033443872614589363,0.004929291357728627,0.0804113766251549
243,15,401472,flow,18,404528,flow,12,1.818406644874715e-10,9.00862007552611e-09,0.14243173261664968
243,15,401472,flow,19,401795,flow,1,8.270622199439649e-34,1.3902368833299332e-31,0.26717563592081606
243,15,401472,flow,19,401795,flow,2,6.826962150460142e-12,3.8501927532621166e-10,0.15314895405113504
243,15,401472,flow,19,401795,flow,5,0.00544863039932517,0.04520469238541335,0.06234292932572861
243,15,401472,flow,19,401795,flow,6,0.0004381467839934197,0.006189647177408677,0.07882300226369283
243,15,401472,flow,19,401795,flow,8,0.0010965995686187428,0.012924287962431696,-0.07320093032811084
243,15,401472,flow,19,401795,flow,9,7.45837189022115e-08,2.678318085266448e-06,-0.12035515899715438
243,15,401472,flow,19,401795,flow,11,0.0011150643040424664,0.013101144373827084,0.07309507774764637
243,15,401472,flow,19,401795,flow,12,1.8746380468501948e-23,2.230974204515934e-21,0.22129041434912736
243,15,401472,occupancy,0,400593,flow,1,0.0014408517563256377,0.01612559478582061,0.07145300033162834
243,15,401472,occupancy,0,400593,flow,8,0.0007909667399399169,0.009999930689319406,0.07524565631305588
243,15,401472,occupancy,1,400125,flow,1,0.0006795310970436856,0.008845358781908699,0.07617951390877482
243,15,401472,occupancy,1,400125,flow,2,4.448000428729062e-07,1.3984979513907969e-05,0.11299796448299099
243,15,401472,occupancy,1,400125,flow,9,0.0013514535776239201,0.015311511815723407,-0.07186641892355862
243,15,401472,occupancy,1,400125,flow,10,0.0039396962554485975,0.03537619585021397,-0.06466454549557488
243,15,401472,occupancy,2,400331,flow,8,0.003854433075276656,0.03477683977693223,0.06481865938447265
243,15,401472,occupancy,3,400039,flow,1,2.1441263704307155e-08,8.374887812170607e-07,0.125243076420316
243,15,401472,occupancy,3,400039,flow,2,5.464703361809481e-11,2.8238658520355215e-09,0.14644856103291318
243,15,401472,occupancy,3,400039,flow,3,0.0028035385375431913,0.02727839061581163,0.06702671082049669
243,15,401472,occupancy,4,400316,flow,1,2.68612152298627e-15,1.9904022262951436e-13,0.17609905076946697
243,15,401472,occupancy,4,400316,flow,3,0.0004961527030605223,0.0068478583936787745,-0.07808216842212409
243,15,401472,occupancy,4,400316,flow,4,2.103016913216812e-05,0.0004567638544543302,-0.09529218126238505
243,15,401472,occupancy,4,400316,flow,6,0.00037632644553370077,0.0054390439769340495,0.0797209210452923
243,15,401472,occupancy,4,400316,flow,9,4.156824448829009e-06,0.00010650938089526287,-0.10308655601913518
243,15,401472,occupancy,4,400316,flow,11,2.2457171164032233e-05,0.00048386523405795134,0.09496397728640033
243,15,401472,occupancy,4,400316,flow,12,3.1704435611182386e-18,2.829817393394791e-16,0.1936096794703122
243,15,401472,occupancy,5,400503,flow,1,1.4308872790709496e-20,1.444260057380024e-18,0.20651848783512622
243,15,401472,occupancy,5,400503,flow,2,9.875541775803461e-09,4.039994362828689e-07,0.12819115762783445
243,15,401472,occupancy,5,400503,flow,7,4.802697674078157e-08,1.761260946690801e-06,0.1221027472797565
243,15,401472,occupancy,5,400503,flow,12,0.00016704013291489266,0.0027701089220435174,0.08437014663982337
243,15,401472,occupancy,6,405843,flow,1,4.988986080188017e-13,3.114511541389051e-11,0.16117810008426672
243,15,401472,occupancy,6,405843,flow,2,0.000721865371616717,0.009294957989222705,0.07580906869312107
243,15,401472,occupancy,6,405843,flow,3,5.007222564621913e-05,0.0009756969544053523,-0.09086699286420157
243,15,401472,occupancy,6,405843,flow,6,1.6394333945874878e-09,7.385143133073981e-08,0.13477674776246484
243,15,401472,occupancy,6,405843,flow,7,5.077770047603866e-07,1.5781270939315614e-05,0.11243396460432982
243,15,401472,occupancy,6,405843,flow,9,0.0010898134490884732,0.012856346532119619,-0.07324024732371667
243,15,401472,occupancy,6,405843,flow,10,1.6012366937705547e-05,0.0003593424684201972,-0.09664383557027119
243,15,401472,occupancy,6,405843,flow,12,9.496549245888127e-07,2.7719657258268047e-05,0.1097298964785893
243,15,401472,occupancy,7,408093,flow,2,0.0037787872190423975,0.03428047204171179,0.06495800303267234
243,15,401472,occupancy,7,408093,flow,3,0.0025177742813624563,0.025191661470844076,0.06775845348454135
243,15,401472,occupancy,9,402391,flow,1,1.0031944242588226e-06,2.91838377966203e-05,0.10948996715780378
243,15,401472,occupancy,9,402391,flow,2,0.0018376775582761207,0.019718745781800398,0.06986352948081109
243,15,401472,occupancy,9,402391,flow,10,0.0028824145632181286,0.027819550744196415,-0.06683674439267495
243,15,401472,occupancy,9,402391,flow,12,0.00023526860375941801,0.003683799812398281,0.08243851512291557
243,15,401472,occupancy,10,400497,flow,1,2.8559515031152357e-31,4.4864401794392064e-29,0.25677326557875063
243,15,401472,occupancy,10,400497,flow,2,0.0037827147907116797,0.034301695835168886,-0.06495070616519015
243,15,401472,occupancy,10,400497,flow,3,1.937467851700439e-30,2.9265248669041597e-28,-0.2532603770178593
243,15,401472,occupancy,10,400497,flow,4,0.0002573781140971388,0.003970976617498713,-0.08192514859225156
243,15,401472,occupancy,10,400497,flow,5,3.1886636180316546e-19,2.9945710499775536e-17,0.19920793507268966
243,15,401472,occupancy,10,400497,flow,6,2.464710445674132e-48,5.460281602724231e-46,0.31939151036828506
243,15,401472,occupancy,10,400497,flow,7,0.0024927454098217037,0.025031753069339285,0.06782610963266941
243,15,401472,occupancy,10,400497,flow,8,2.1840477221170348e-18,1.9697465886316473e-16,-0.1945296182928511
243,15,401472,occupancy,10,400497,flow,9,1.2824444527575592e-42,2.5768186213547236e-40,-0.3001219795029332
243,15,401472,occupancy,10,400497,flow,10,1.2680344126270117e-07,4.407006164560491e-06,-0.1182147517287711
243,15,401472,occupancy,10,400497,flow,11,2.1076652363664393e-36,3.7316040250422202e-34,0.27734890574277077
243,15,401472,occupancy,10,400497,flow,12,1.0735761727536295e-94,3.74020085991587e-92,0.4397367631392465
243,15,401472,occupancy,11,405841,flow,1,0.003060104520338143,0.02915094009816428,0.06642559211862355
243,15,401472,occupancy,11,405841,flow,3,0.002239456365164522,0.023007019019050497,-0.06854811958555197
243,15,401472,occupancy,11,405841,flow,12,2.267563041818074e-07,7.489199037197309e-06,0.11582676852924433
243,15,401472,occupancy,12,404520,flow,1,4.7857374013911093e-17,3.960610263220228e-15,0.18676595719341751
243,15,401472,occupancy,12,404520,flow,3,1.7206804146419263e-13,1.1296868375764623e-11,-0.16433107242858602
243,15,401472,occupancy,12,404520,flow,4,1.5765546487246568e-12,9.606087563456302e-11,-0.15769800856502694
243,15,401472,occupancy,12,404520,flow,6,2.3571607083128206e-07,7.767303020527372e-06,0.11566586779376063
243,15,401472,occupancy,12,404520,flow,9,1.2458945383731344e-06,3.5644135137562524e-05,-0.10853720271697724
243,15,401472,occupancy,12,404520,flow,11,3.166872554804632e-09,1.3791219190278236e-07,0.13239959521988756
243,15,401472,occupancy,12,404520,flow,12,1.2003742557149615e-24,1.498733174765501e-22,0.22710425375158214
243,15,401472,occupancy,13,400183,flow,3,1.94986624103869e-05,0.00042823701887580786,0.09566888055358971
243,15,401472,occupancy,14,401469,flow,1,0.00017078741805647758,0.0028203426835014646,0.08424623729252553
243,15,401472,occupancy,14,401469,flow,2,0.0016554699308031608,0.018100810177346636,0.07054958805212308
243,15,401472,occupancy,14,401469,flow,7,7.205968618120685e-06,0.0001761730867588079,0.10050510245283999
243,15,401472,occupancy,14,401469,flow,8,1.2038707170871228e-06,3.455628902203569e-05,0.10868861647127355
243,15,401472,occupancy,14,401469,flow,12,0.002331751504881144,0.02379675525888623,0.06827675853454798
243,15,401472,occupancy,15,401472,flow,1,1.1746279909421818e-151,6.264682618358303e-149,0.5414057208226734
243,15,401472,occupancy,15,401472,flow,2,1.3518362400078902e-31,2.1470340282478255e-29,0.25813100733492456
243,15,401472,occupancy,15,401472,flow,4,7.495830293682586e-20,7.393147686919812e-18,-0.2026528881982603
243,15,401472,occupancy,15,401472,flow,5,0.0035759207870602453,0.032896784680652734,-0.06534459916600187
243,15,401472,occupancy,15,401472,flow,6,5.968331006889908e-07,1.832493955207136e-05,0.11174199560067628
243,15,401472,occupancy,15,401472,flow,7,7.128406844083932e-07,2.153476752898083e-05,0.11097664138118675
243,15,401472,occupancy,15,401472,flow,8,0.0008341859474042434,0.010406246874924434,-0.07491605598332195
243,15,401472,occupancy,15,401472,flow,9,1.266754430831458e-40,2.443026402317812e-38,-0.2929692254378911
243,15,401472,occupancy,15,401472,flow,10,1.1654087196306098e-36,2.0890313978440807e-34,-0.2782675857204297
243,15,401472,occupancy,15,401472,flow,12,1.8613439347071266e-07,6.2430169238624115e-06,0.11664309251166181
243,15,401472,occupancy,16,405838,flow,1,4.594031294046734e-05,0.0009062198717023695,0.09131516328359299
243,15,401472,occupancy,16,405838,flow,2,0.00027411194584498876,0.004181368665432032,0.08156338524065435
243,15,401472,occupancy,16,405838,flow,3,0.0031290041884152586,0.02967573675950366,0.06627200125360386
243,15,401472,occupancy,16,405838,flow,6,1.885338735302027e-05,0.0004166068202815732,0.09583609794688197
243,15,401472,occupancy,16,405838,flow,7,8.913208979377516e-07,2.6211751389319858e-05,0.11000659876798974
243,15,401472,occupancy,16,405838,flow,8,2.2275431968702859e-07,7.368289900826673e-06,0.11590062962123493
243,15,401472,occupancy,17,400260,flow,1,4.0974127819600375e-13,2.580294929747429e-11,0.1617659493417431
243,15,401472,occupancy,17,400260,flow,2,3.911516934502701e-12,2.2742601826449084e-10,0.15489355008213943
243,15,401472,occupancy,17,400260,flow,7,1.445396041665359e-05,0.0003282918454255705,0.09714701601844224
243,15,401472,occupancy,17,400260,flow,10,1.3640577118407414e-08,5.466353724630801e-07,-0.1269710613680097
243,15,401472,occupancy,17,400260,flow,12,2.6681639996381514e-05,0.0005647461282918576,0.09409723907745124
243,15,401472,occupancy,18,404528,flow,1,2.3711926060553256e-12,1.4070813266701932e-10,0.1564446337880633
243,15,401472,occupancy,18,404528,flow,2,9.278534698245003e-10,4.268718838809203e-08,0.13679908961997667
243,15,401472,occupancy,18,404528,flow,12,1.7996864308054777e-06,4.9965587282002977e-05,0.10690152190248958
243,15,401472,occupancy,19,401795,flow,1,8.170874034266696e-21,8.384364804758224e-19,0.20780902558872685
243,15,401472,occupancy,19,401795,flow,2,1.6954612866282843e-11,9.064842522567064e-10,0.15025561488290592
243,15,401472,occupancy,19,401795,flow,6,1.4159077627852096e-06,4.0162321308155645e-05,0.10797093922059818
243,15,401472,occupancy,19,401795,flow,7,0.0034698467104523046,0.032194454014505915,0.06555474832657995
243,15,401472,occupancy,19,401795,flow,9,8.913929106971346e-05,0.0016065153834841975,-0.08781173175202987
243,15,401472,occupancy,19,401795,flow,10,4.7750174532783584e-06,0.00012085864782482175,-0.10244177501977367
243,15,401472,occupancy,19,401795,flow,12,8.532116265758219e-09,3.5271523701507664e-07,0.12873979757761292
243,15,401472,speed,0,400593,flow,3,0.0019385243761530881,0.020559298975178008,0.06951024466788501
243,15,401472,speed,3,400039,flow,12,1.1699599989960827e-05,0.0002717326449281224,-0.09817832851763295
243,15,401472,speed,4,400316,flow,11,2.7121212074344607e-05,0.0005718088636465041,-0.09401468668421238
243,15,401472,speed,5,400503,flow,1,0.0006043840789381193,0.008043558906385322,-0.07689334860616383
243,15,401472,speed,9,402391,flow,11,0.0010676830887300776,0.012671403690422899,-0.07337005592781694
243,15,401472,speed,10,400497,flow,2,1.4421991049071228e-06,4.0791712199870235e-05,0.10788926117954967
243,15,401472,speed,10,400497,flow,3,0.0029603267931114854,0.028378683079057002,0.06665369852872834
243,15,401472,speed,10,400497,flow,6,0.001604138530251244,0.017678261353789217,-0.07075540575387167
243,15,401472,speed,10,400497,flow,8,0.004216519142009694,0.037357183538724116,0.06418423701779555
243,15,401472,speed,10,400497,flow,9,0.002895572229792135,0.027909129925707325,0.06680551772861236
243,15,401472,speed,10,400497,flow,11,1.426100887731374e-07,4.9089687928283154e-06,-0.11773587774386306
243,15,401472,speed,10,400497,flow,12,0.0002565872303148056,0.0039601887637011795,-0.0819427867593242
243,15,401472,speed,12,404520,flow,3,0.002116520679245707,0.02197397100298355,0.06892593131932367
243,15,401472,speed,12,404520,flow,11,5.2734805148774916e-05,0.001018392303275403,-0.0905964041999028
243,15,401472,speed,15,401472,flow,1,4.520745919718957e-10,2.1579693230039663e-08,-0.13931205027466675
243,15,401472,speed,15,401472,flow,3,8.263907453968233e-05,0.0015102209457959796,0.08821837582493189
243,15,401472,speed,15,401472,flow,4,6.368055755902612e-05,0.0012013100814628507,0.08960502352878989
243,15,401472,speed,15,401472,flow,8,0.002350204315530551,0.023943722906440177,0.06822368641191856
243,15,401472,speed,15,401472,flow,9,1.1411222002008019e-07,4.0045880624431065e-06,0.1186430355886909
243,15,401472,speed,15,401472,flow,11,1.0916949962936622e-07,3.844582045930518e-06,-0.11882242584830138
243,15,401472,speed,15,401472,flow,12,1.30366058472008e-07,4.516290076977342e-06,-0.11810197260974212
243,15,401472,speed,16,405838,flow,1,0.00475095312313418,0.04072245534115012,-0.06333270942531753
243,15,401472,speed,16,405838,flow,5,0.0023418439209392985,0.023882827522327125,-0.06824768432340501
243,15,401472,speed,16,405838,flow,6,7.67546606190169e-06,0.0001863856851456734,-0.1002049372053341
243,15,401472,speed,19,401795,flow,8,0.00423661080182331,0.03748138165856379,0.06415049972023927
243,16,405838,flow,0,400593,flow,12,0.00020690284552833777,0.0033006657780000706,0.08316787461682987
243,16,405838,flow,2,400331,flow,10,0.0040031561716851695,0.03582687934882936,0.06455179376123366
243,16,405838,flow,3,400039,flow,3,0.000833943051745794,0.010406221789548904,0.07491786369914326
243,16,405838,flow,3,400039,flow,6,0.0004642626005256553,0.0064864632414968655,0.07847879584226282
243,16,405838,flow,4,400316,flow,7,0.0030128665851156707,0.02876372076839712,0.06653272629093529
243,16,405838,flow,4,400316,flow,10,0.00015331799321349933,0.0025671850026446398,0.08484736263253145
243,16,405838,flow,5,400503,flow,2,0.0002472925246411292,0.0038442018943853113,0.08215398305032784
243,16,405838,flow,5,400503,flow,5,0.0038347967205501036,0.03466368262521221,0.06485459033129203
243,16,405838,flow,5,400503,flow,6,1.2425365768547404e-06,3.55716236713882e-05,0.10854911973806754
243,16,405838,flow,5,400503,flow,10,8.227731054203052e-05,0.0015054552373637096,0.08824188514533565
243,16,405838,flow,6,405843,flow,1,0.0011178922254960887,0.013114039505148011,0.07307900936404843
243,16,405838,flow,7,408093,flow,9,0.0016186397677700624,0.017806273992275707,0.0706966549267509
243,16,405838,flow,7,408093,flow,11,0.0007764814056200128,0.009860081341206512,0.07535987015357595
243,16,405838,flow,7,408093,flow,12,0.0027172488804463753,0.02663606799076093,-0.06724020204469304
243,16,405838,flow,9,402391,flow,6,0.0029062688167033946,0.02798725209130331,0.06678022709448553
243,16,405838,flow,9,402391,flow,7,0.006054757271382543,0.04908341417221352,0.06157189155226421
243,16,405838,flow,9,402391,flow,12,0.0009287414285584259,0.011308238363507327,0.07424689970429547
243,16,405838,flow,10,400497,flow,4,0.0004090918388920527,0.005830672200638956,0.07922919941338437
243,16,405838,flow,10,400497,flow,5,0.002930071440028925,0.028172509728299478,0.0667242522688198
243,16,405838,flow,10,400497,flow,6,0.005077561164124955,0.042783429352486455,0.06285407656139243
243,16,405838,flow,10,400497,flow,9,4.99408991247782e-05,0.0009742474938986459,0.09088068914031126
243,16,405838,flow,10,400497,flow,10,0.00014419004741163783,0.002436061810004988,0.08518759393718929
243,16,405838,flow,10,400497,flow,11,0.0019144701326930115,0.020360686787872503,0.06959295208827851
243,16,405838,flow,11,405841,flow,3,1.3776351363583768e-05,0.00031472151184919027,0.09738213639139068
243,16,405838,flow,12,404520,flow,4,0.00015215074188812966,0.002550606150394723,0.08488979082512167
243,16,405838,flow,12,404520,flow,5,0.00011485190185341813,0.0020103736467048878,0.08643790342330156
243,16,405838,flow,12,404520,flow,10,0.0014713126643750806,0.016423955323256714,0.0713175214037693
243,16,405838,flow,14,401469,flow,1,0.0009778873585097945,0.011810101729835931,0.07392365722504089
243,16,405838,flow,14,401469,flow,2,0.006070487261683739,0.049144528666105095,0.06155282375615288
243,16,405838,flow,14,401469,flow,4,7.274261122248952e-07,2.1944698357622533e-05,0.11088904537186689
243,16,405838,flow,14,401469,flow,5,0.001079604525497335,0.012767291404731691,0.07329982346472598
243,16,405838,flow,14,401469,flow,6,2.7588857404015944e-05,0.0005799701410479264,0.09392824623969365
243,16,405838,flow,14,401469,flow,7,0.0002700642046388089,0.004126909671169631,0.0816489555253143
243,16,405838,flow,14,401469,flow,9,0.004303063374346533,0.03788309308574898,0.0640399381640879
243,16,405838,flow,14,401469,flow,10,0.0005858603670545112,0.007835655683205846,0.07708196849978727
243,16,405838,flow,14,401469,flow,11,0.00018201800648784782,0.00297397045396181,0.08388962061260263
243,16,405838,flow,15,401472,flow,2,4.265141009340236e-08,1.5748212957563947e-06,-0.12256989423740088
243,16,405838,flow,15,401472,flow,4,0.004269714118230841,0.037654343954530135,0.06409522862567049
243,16,405838,flow,15,401472,flow,5,0.0018794568709455638,0.020082250018513076,0.06971506123195885
243,16,405838,flow,15,401472,flow,6,0.0024678540238383226,0.024839537239006417,0.06789401287715996
243,16,405838,flow,15,401472,flow,11,0.00012560865094212012,0.002167915989092924,0.08594782246176032
243,16,405838,flow,16,405838,flow,1,2.311108673345496e-73,6.399993249264451e-71,0.39035929079566284
243,16,405838,flow,16,405838,flow,2,2.233434836333502e-28,3.1634224567084357e-26,0.2442454782218965
243,16,405838,flow,16,405838,flow,3,6.631198336109073e-05,0.001243349688020451,0.08936843251304899
243,16,405838,flow,16,405838,flow,4,2.8521817510382e-10,1.3954048883901501e-08,0.14086326437452462
243,16,405838,flow,16,405838,flow,5,3.306925364892158e-13,2.1039642969564245e-11,0.1623630891794975
243,16,405838,flow,16,405838,flow,8,0.0003187803380771574,0.004725913042187097,0.0806904333877709
243,16,405838,flow,16,405838,flow,12,0.0012087621952987775,0.013962172951044703,0.07258169234924121
243,16,405838,flow,17,400260,flow,6,0.005304798988812586,0.044249336998784264,0.06253721470086165
243,16,405838,flow,18,404528,flow,5,0.0034880443455750742,0.032328580933027935,0.0655182845403049
243,16,405838,flow,18,404528,flow,6,0.00011956507910467454,0.0020770399396283354,0.0862180646443504
243,16,405838,flow,19,401795,flow,2,0.005378471648094853,0.044803311839124116,0.06243711302408327
243,16,405838,flow,19,401795,flow,6,0.0024047897736181253,0.024352301504993675,0.06806889566021482
243,16,405838,flow,19,401795,flow,10,0.00365622099939811,0.03342830628021129,0.06518924776225146
243,16,405838,flow,19,401795,flow,11,3.493623951415903e-05,0.000710902283095464,0.09272677724306524
243,16,405838,occupancy,1,400125,flow,9,0.001264673169445667,0.014491745602136024,-0.07229258943124514
243,16,405838,occupancy,2,400331,flow,1,0.0013514018592647322,0.015311511815723407,0.07186666530353164
243,16,405838,occupancy,2,400331,flow,5,0.0005797187038731123,0.007772764744667426,0.07714573273972385
243,16,405838,occupancy,5,400503,flow,5,0.004756951938483631,0.0407415392035077,0.06332365367896098
243,16,405838,occupancy,5,400503,flow,11,0.0038371240650964785,0.03467135737547958,0.06485032300140806
243,16,405838,occupancy,6,405843,flow,6,0.0011335241395926626,0.013263337711376768,0.07299085988565493
243,16,405838,occupancy,6,405843,flow,8,0.005168843237626376,0.04337490828777378,0.0627252830528043
243,16,405838,occupancy,6,405843,flow,12,0.001275984326506833,0.014594260763858932,0.07223553960206498
243,16,405838,occupancy,7,408093,flow,4,0.00029157807552670085,0.0043858540608473105,0.08120721565248001
243,16,405838,occupancy,7,408093,flow,9,0.0057287714257391485,0.04707683576030649,0.0619774419251092
243,16,405838,occupancy,7,408093,flow,11,2.77492284858838e-05,0.0005827742686388819,0.09389892324889797
243,16,405838,occupancy,7,408093,flow,12,0.0009221066842706751,0.01124647339370219,-0.07429174510546202
243,16,405838,occupancy,10,400497,flow,6,0.0061229588783879825,0.04943222267732403,0.06148953798627693
243,16,405838,occupancy,11,405841,flow,8,0.001926442040023741,0.02045027038620441,0.06955166978203134
243,16,405838,occupancy,12,404520,flow,5,0.0031036474977017246,0.029480556706401605,0.06632816462567899
243,16,405838,occupancy,13,400183,flow,6,0.0055496810773732015,0.04582305476730166,0.0622091797916406
243,16,405838,occupancy,13,400183,flow,9,0.0017303950103803685,0.018763319389666647,-0.07025946365213245
243,16,405838,occupancy,13,400183,flow,11,0.002271349677113491,0.0232903645979831,0.06845320982847772
243,16,405838,occupancy,14,401469,flow,3,0.00581028350066784,0.04755669708769433,0.06187412283240244
243,16,405838,occupancy,14,401469,flow,8,0.004221276983451998,0.037376340579037985,0.0641762346511929
243,16,405838,occupancy,16,405838,flow,4,0.0003306227090067605,0.004879706535391887,0.08047823995754766
243,16,405838,occupancy,16,405838,flow,10,0.0022170385702421453,0.02282012538347884,0.06861557514058503
243,16,405838,occupancy,17,400260,flow,8,0.0025775322841708644,0.025602739614052777,0.06759937346307214
243,16,405838,speed,6,405843,flow,6,0.006052296232270479,0.049072672153544425,-0.061574878841554014
243,16,405838,speed,7,408093,flow,11,0.00042468970121410887,0.0060291143912091704,-0.07900790928863365
243,16,405838,speed,13,400183,flow,9,0.001357199369185622,0.015364521160591949,0.07183910064335189
243,16,405838,speed,13,400183,flow,11,0.0015992382841643598,0.01763325520058712,-0.0707753692472648
243,16,405838,speed,17,400260,flow,3,0.0007043871654315779,0.00911063639121083,-0.07595950051524374
243,16,405838,speed,17,400260,flow,4,0.0003821767570406004,0.005505180361505148,-0.07963026353692464
243,17,400260,flow,0,400593,flow,3,0.0025725062610592675,0.025569358458260086,0.0676126225636307
243,17,400260,flow,1,400125,flow,5,0.0052084832806161985,0.04363973578794022,-0.06266999194855666
243,17,400260,flow,1,400125,flow,8,0.0024403398386368,0.024619962874616944,-0.06796980361956516
243,17,400260,flow,2,400331,flow,3,0.0024561040022350648,0.024750103311535994,0.06792628455162886
243,17,400260,flow,3,400039,flow,1,0.0024088617061550593,0.024382105366892823,0.06805747789244541
243,17,400260,flow,3,400039,flow,11,0.005881077093022931,0.04794537279082668,0.06178544390140943
243,17,400260,flow,4,400316,flow,2,0.000441847737687971,0.0062276744757325765,-0.0787730782570074
243,17,400260,flow,4,400316,flow,3,0.0006795774490082169,0.008845358781908699,-0.07617909671315218
243,17,400260,flow,4,400316,flow,12,1.8522625287722936e-05,0.00041046273535195316,0.09592393552440479
243,17,400260,flow,5,400503,flow,2,0.0005010926092994769,0.006905008204700925,0.07802286562882034
243,17,400260,flow,5,400503,flow,3,3.406661856447541e-05,0.0006951714322084731,-0.09285572832323892
243,17,400260,flow,6,405843,flow,1,0.001457121548437574,0.016290488756552923,0.07138031367271931
243,17,400260,flow,6,405843,flow,12,0.0004295508951058832,0.006090120993952791,0.0789404914899176
243,17,400260,flow,8,401448,flow,1,0.005042759581989798,0.042548283973038926,0.062903730742942
243,17,400260,flow,9,402391,flow,1,2.0803368715061795e-06,5.6664913524001865e-05,0.10625040354975286
243,17,400260,flow,9,402391,flow,3,0.0019907933225891215,0.020955719185148644,-0.06933372266842487
243,17,400260,flow,9,402391,flow,9,0.001132716187766956,0.013257474752514901,0.07299538838109731
243,17,400260,flow,10,400497,flow,2,6.789762916124527e-10,3.1710027889359954e-08,-0.13789609778026127
243,17,400260,flow,10,400497,flow,3,1.0256593629900745e-06,2.9777207312615066e-05,-0.10939294333771804
243,17,400260,flow,10,400497,flow,5,1.411728758971007e-05,0.00032149015491590667,0.09726249198912679
243,17,400260,flow,10,400497,flow,8,0.003309591213932142,0.031067870587107464,-0.06588359502072183
243,17,400260,flow,10,400497,flow,10,3.906364776379446e-10,1.8750550926621343e-08,0.13981707808298627
243,17,400260,flow,10,400497,flow,11,3.1298841073203317e-14,2.1985527388006233e-12,0.16925420269407548
243,17,400260,flow,10,400497,flow,12,7.728483852446967e-09,3.210293292554894e-07,0.12910967258162773
243,17,400260,flow,11,405841,flow,9,0.0014964830198920553,0.016666168202974167,0.07120750790683275
243,17,400260,flow,12,404520,flow,2,2.6632712585785594e-07,8.689827671494998e-06,-0.11515749808183741
243,17,400260,flow,12,404520,flow,3,1.0798976411257856e-05,0.0002531284758363209,-0.098566450736154
243,17,400260,flow,12,404520,flow,6,0.003006044304215757,0.02874941641401831,0.06654832536060938
243,17,400260,flow,12,404520,flow,10,0.0057050616874089665,0.046908767585852176,0.06200774346006817
243,17,400260,flow,12,404520,flow,11,0.0024719111509119217,0.024862994579603028,0.06788290251807927
243,17,400260,flow,12,404520,flow,12,0.00064039817829563,0.008416550441853124,0.0765415320995646
243,17,400260,flow,14,401469,flow,1,3.1077043848508024e-06,8.151355763543088e-05,0.10442703025677848
243,17,400260,flow,14,401469,flow,5,0.0022646287106658945,0.023237995320847183,0.06847310850939275
243,17,400260,flow,14,401469,flow,6,5.453354214446219e-07,1.685156667125012e-05,0.11212890277614695
243,17,400260,flow,14,401469,flow,7,3.7705904225939356e-05,0.0007624284276664716,0.09233547238858729
243,17,400260,flow,14,401469,flow,11,6.407442830063811e-06,0.00015808197045046068,0.10106140595108556
243,17,400260,flow,15,401472,flow,1,0.0025618600845967745,0.025500542777553148,0.06764076524509473
243,17,400260,flow,15,401472,flow,2,6.240964081260907e-07,1.9121251653224906e-05,-0.11154999995610763
243,17,400260,flow,15,401472,flow,3,4.103818514859568e-09,1.765786452608898e-07,-0.13145222215737185
243,17,400260,flow,15,401472,flow,4,5.784424022218413e-09,2.440303884373393e-07,-0.13018707849096792
243,17,400260,flow,15,401472,flow,10,0.003345404408398836,0.03134955974898693,0.06580886802452851
243,17,400260,flow,15,401472,flow,11,9.020779191152654e-19,8.238851185154221e-17,0.19669409653740616
243,17,400260,flow,15,401472,flow,12,5.7618546627757686e-24,6.933485276654964e-22,0.22380611925338856
243,17,400260,flow,16,405838,flow,1,0.0007869892805611732,0.009967146561196918,0.07527682326751442
243,17,400260,flow,16,405838,flow,2,6.088245792737333e-12,3.447080186713667e-10,0.15350930930631304
243,17,400260,flow,16,405838,flow,6,0.00024802914351489493,0.0038487280890242316,0.08213697630192797
243,17,400260,flow,17,400260,flow,1,5.602484337023892e-109,2.1418347199949746e-106,0.4684298306057498
243,17,400260,flow,17,400260,flow,2,9.028279364163165e-20,8.84402876489453e-18,0.20216387585298073
243,17,400260,flow,17,400260,flow,4,3.7160822829517027e-06,9.60710679973151e-05,0.10360502840949659
243,17,400260,flow,17,400260,flow,5,0.0025772653080336555,0.025602739614052777,0.06760007664501166
243,17,400260,flow,17,400260,flow,6,0.002453440452199844,0.024729031156097356,0.06793361967005586
243,17,400260,flow,17,400260,flow,7,8.463393881903648e-07,2.5025230369489227e-05,0.11023213338564958
243,17,400260,flow,17,400260,flow,11,1.6828642387963186e-05,0.00037648749412740013,0.09639861313949794
243,17,400260,flow,17,400260,flow,12,1.952534444161947e-12,1.1715206664971681e-10,0.15704245775914372
243,17,400260,flow,18,404528,flow,12,0.00038347365986862123,0.005520322115870298,0.07961034209637838
243,17,400260,flow,19,401795,flow,2,7.11657645886138e-15,5.166993328114481e-13,-0.17341635137844044
243,17,400260,flow,19,401795,flow,3,1.580116541104563e-10,7.882336556087427e-09,-0.14290685188894406
243,17,400260,flow,19,401795,flow,4,3.024803879737931e-05,0.0006288331453545651,-0.09346170259390296
243,17,400260,flow,19,401795,flow,7,0.0002954409705113007,0.004433153847199789,-0.08113114696603616
243,17,400260,flow,19,401795,flow,8,0.002181821876917627,0.022511274201777287,-0.06872281479779754
243,17,400260,flow,19,401795,flow,9,0.0007918685661090078,0.010008403176099806,-0.07523860991595033
243,17,400260,flow,19,401795,flow,12,4.801723200270149e-07,1.4977216047052018e-05,0.11267237565099651
243,17,400260,occupancy,0,400593,flow,3,0.0006582504221442317,0.00861709643534267,0.07637390260256628
243,17,400260,occupancy,1,400125,flow,1,2.462758245302021e-06,6.632865099566541e-05,-0.10548739211571057
243,17,400260,occupancy,1,400125,flow,2,8.510232336659721e-09,3.5240015978826045e-07,-0.12874941307281745
243,17,400260,occupancy,1,400125,flow,3,5.8153919416201705e-08,2.1131435373649086e-06,-0.12134609976936145
243,17,400260,occupancy,1,400125,flow,4,3.976121868194836e-12,2.3087159234679693e-10,-0.15484251980444777
243,17,400260,occupancy,1,400125,flow,5,2.7639139650488697e-10,1.3552903892180609e-08,-0.14100603953832627
243,17,400260,occupancy,1,400125,flow,6,7.843486894974674e-08,2.805071093462475e-06,-0.12015369486014395
243,17,400260,occupancy,1,400125,flow,7,6.63752354063237e-11,3.4135835351823613e-09,-0.14580644709055077
243,17,400260,occupancy,1,400125,flow,8,3.94672275279996e-13,2.4963165874225222e-11,-0.16187758430455976
243,17,400260,occupancy,1,400125,flow,9,1.0781535573146856e-11,5.903198184536682e-10,-0.15170247407157472
243,17,400260,occupancy,1,400125,flow,10,1.1450433181782721e-08,4.6403256421483444e-07,-0.1276336273561516
243,17,400260,occupancy,1,400125,flow,11,9.454419491644144e-07,2.7615342937053892e-05,-0.10974932488703733
243,17,400260,occupancy,1,400125,flow,12,7.332287078355453e-05,0.0013600463794974477,-0.08885727324651058
243,17,400260,occupancy,4,400316,flow,10,0.005959455250096208,0.048499912580782914,0.06168837878091063
243,17,400260,occupancy,4,400316,flow,11,0.00047928382680054345,0.006653297338619369,0.0782889093360574
243,17,400260,occupancy,4,400316,flow,12,1.8416207935687282e-05,0.0004088284598261514,0.09595251349901092
243,17,400260,occupancy,5,400503,flow,3,8.098256088948385e-06,0.00019588167023660148,-0.09994928310573824
243,17,400260,occupancy,10,400497,flow,10,0.0017716984294910763,0.01910568451173602,0.0701044292943861
243,17,400260,occupancy,10,400497,flow,11,0.0028604352006400377,0.027687833445585848,0.0668891984906953
243,17,400260,occupancy,12,404520,flow,12,0.0026274259053582234,0.02597958322533194,0.06746911393258072
243,17,400260,occupancy,14,401469,flow,1,2.148574809457306e-09,9.568910491603672e-08,0.13380530675091662
243,17,400260,occupancy,14,401469,flow,2,5.942560364632854e-06,0.00014804994680054167,0.10141665297834271
243,17,400260,occupancy,14,401469,flow,3,9.762704148574669e-05,0.0017370214959572723,0.08732097040332458
243,17,400260,occupancy,14,401469,flow,4,1.5252620056630566e-05,0.0003439004104626516,0.09688301958919375
243,17,400260,occupancy,14,401469,flow,5,6.034416149115404e-08,2.1833063454085883e-06,0.12119936341364167
243,17,400260,occupancy,14,401469,flow,6,3.4515203079111056e-07,1.1020375262509961e-05,0.11407080916849677
243,17,400260,occupancy,14,401469,flow,7,0.0006476144982232122,0.008498464861252358,0.07647325547396058
243,17,400260,occupancy,15,401472,flow,5,0.0024726376431381,0.024864512612561895,0.06788091479429
243,17,400260,occupancy,15,401472,flow,6,0.00100645079141416,0.012097572117165195,0.07374263269353479
243,17,400260,occupancy,15,401472,flow,7,0.00018623167497107334,0.0030290694121801087,0.08376113309054485
243,17,400260,occupancy,15,401472,flow,8,0.002449061418767366,0.024690654210210085,0.0679456948791084
243,17,400260,occupancy,15,401472,flow,9,0.00013238182632180215,0.0022676030519832883,0.0856591407949296
243,17,400260,occupancy,15,401472,flow,10,3.4244868334161883e-06,8.895840721802727e-05,0.10398150630926288
243,17,400260,occupancy,15,401472,flow,11,1.222853271292522e-10,6.15702346385046e-09,0.1437698009794884
243,17,400260,occupancy,15,401472,flow,12,2.418108558452102e-09,1.0670305385610911e-07,0.13337862185575433
243,17,400260,occupancy,16,405838,flow,1,1.1950804348642604e-09,5.4690121595483105e-08,0.1359035808330826
243,17,400260,occupancy,16,405838,flow,2,1.173060620149685e-11,6.411767625221514e-10,0.15143389174976662
243,17,400260,occupancy,16,405838,flow,3,0.001190562888431343,0.013796222312294533,0.07267846334746873
243,17,400260,occupancy,16,405838,flow,4,0.0002907058272315763,0.004381129825243303,0.08122452258611669
243,17,400260,occupancy,16,405838,flow,6,0.002111567411484804,0.0219330878038335,0.0689415715884897
243,17,400260,occupancy,17,400260,flow,3,3.5707322918116523e-10,1.7351589989455946e-08,0.14012678425306488
243,17,400260,occupancy,17,400260,flow,4,5.56207863782182e-14,3.838367366675761e-12,0.16760985886869678
243,17,400260,occupancy,17,400260,flow,5,2.493601040107337e-10,1.2269198739480291e-08,0.1413578248978576
243,17,400260,occupancy,17,400260,flow,6,1.3968265611120132e-11,7.542863430004871e-10,0.15087656167347555
243,17,400260,occupancy,17,400260,flow,7,1.6142102828803952e-13,1.0630165277505041e-11,0.16451830012820193
243,17,400260,occupancy,17,400260,flow,8,1.5209209855839762e-06,4.272027735840557e-05,0.10765298707443854
243,17,400260,occupancy,17,400260,flow,9,1.8561592789308458e-06,5.1269872666120545e-05,0.10676301690183039
243,17,400260,occupancy,17,400260,flow,10,9.312564525137855e-13,5.755404685063739e-11,0.15929993358899558
243,17,400260,occupancy,17,400260,flow,11,2.352403400209946e-13,1.530479320618519e-11,0.1634112713374597
243,17,400260,occupancy,17,400260,flow,12,2.5983621170793353e-13,1.6753618426541384e-11,0.16311766678541198
243,17,400260,occupancy,19,401795,flow,1,2.700725554735104e-13,1.7336009504391753e-11,0.16292242274438082
243,17,400260,occupancy,19,401795,flow,2,7.937821897681115e-32,1.2700515036289784e-29,-0.25909260695493014
243,17,400260,occupancy,19,401795,flow,3,3.335756977713995e-24,4.093883563558085e-22,-0.22496126793253643
243,17,400260,occupancy,19,401795,flow,4,4.759248072425242e-16,3.7449820897772394e-14,-0.18076259437697384
243,17,400260,occupancy,19,401795,flow,5,5.424137921997043e-13,3.381280782543611e-11,-0.16092774132727422
243,17,400260,occupancy,19,401795,flow,6,1.5596233444749307e-13,1.0317875724550843e-11,-0.1646190478945744
243,17,400260,occupancy,19,401795,flow,7,6.186802359771361e-18,5.410321091945805e-16,-0.19194783140361438
243,17,400260,occupancy,19,401795,flow,8,3.299209066683916e-14,2.306243231080019e-12,-0.16910420909708504
243,17,400260,occupancy,19,401795,flow,9,1.3529824689861404e-13,9.090022186656495e-12,-0.16503463045793323
243,17,400260,occupancy,19,401795,flow,10,7.71521749708616e-11,3.949021278129409e-09,-0.14530760874391552
243,17,400260,occupancy,19,401795,flow,11,3.210458948661903e-05,0.0006613821010118943,-0.09315853770027599
243,17,400260,occupancy,19,401795,flow,12,0.00013529950227137404,0.00230842752690496,-0.08553905017633606
243,17,400260,speed,0,400593,flow,3,0.0002229668955047132,0.0035256844384347033,-0.08274409635044094
243,17,400260,speed,3,400039,flow,12,0.005527942045800103,0.045722208764802694,-0.06223776681592146
243,17,400260,speed,8,401448,flow,1,0.0010350182805017498,0.012352751978503934,-0.07356627475067938
243,17,400260,speed,9,402391,flow,9,0.005498416574009456,0.045539032974924946,-0.06227675586637658
243,17,400260,speed,14,401469,flow,11,0.004937324725195893,0.04183845196713664,-0.06305607587904091
243,17,400260,speed,16,405838,flow,2,0.000179789815265859,0.0029397880467392536,-0.0839586987970577
243,17,400260,speed,17,400260,flow,10,0.002731925372267673,0.02671930633506078,-0.06720345778021664
243,17,400260,speed,19,401795,flow,3,1.0958888881962716e-06,3.166715717062136e-05,0.10910229638790801
243,18,404528,flow,1,400125,flow,12,4.863113055389541e-06,0.0001227140677528202,0.10235647194790497
243,18,404528,flow,2,400331,flow,5,0.0007848289264127266,0.009954377457730415,0.07529381285419888
243,18,404528,flow,2,400331,flow,9,0.0011179321163505237,0.013114039505148011,0.0730787829710504
243,18,404528,flow,3,400039,flow,1,2.2022753776825774e-11,1.1730985982230252e-09,0.14941331301964972
243,18,404528,flow,3,400039,flow,2,6.562573516466347e-09,2.7418102119085705e-07,0.12971883436959974
243,18,404528,flow,3,400039,flow,3,0.00010404262335543742,0.0018390512802597778,0.08697605196160739
243,18,404528,flow,3,400039,flow,5,0.0020652634482493997,0.021529773398738915,0.06908942818294635
243,18,404528,flow,3,400039,flow,10,5.995330584176172e-06,0.00014910666737847473,0.10137501581602229
243,18,404528,flow,3,400039,flow,11,2.9149223073984054e-05,0.0006101000178275732,0.0936495692737544
243,18,404528,flow,3,400039,flow,12,1.3212766424009384e-09,5.99570913358409e-08,0.13554677431403853
243,18,404528,flow,4,400316,flow,10,0.001654103439281179,0.01809146587706924,0.07055499061470319
243,18,404528,flow,4,400316,flow,11,0.0010790598012312286,0.01276434376045703,0.07330301692037708
243,18,404528,flow,4,400316,flow,12,0.00040673961549288705,0.005806725508688936,0.07926325215147342
243,18,404528,flow,5,400503,flow,1,5.99426772573711e-05,0.0011399779856349284,0.08992408177320425
243,18,404528,flow,5,400503,flow,5,0.0042677970584478996,0.037654343954530135,0.06409841884144954
243,18,404528,flow,5,400503,flow,7,0.000247195104506521,0.003844070739626245,0.08215623579965844
243,18,404528,flow,5,400503,flow,8,0.00027851844745473457,0.004238110929920582,0.08147156571085103
243,18,404528,flow,5,400503,flow,10,0.00010108666970386956,0.0017926700046006425,0.08713240398040668
243,18,404528,flow,5,400503,flow,11,8.677036594511226e-06,0.00020813324868566627,0.09961924184257952
243,18,404528,flow,5,400503,flow,12,7.883509148705567e-08,2.810499917663671e-06,0.12013331013090899
243,18,404528,flow,6,405843,flow,1,0.00010899936922450547,0.001916472425925371,0.08672303705356353
243,18,404528,flow,6,405843,flow,5,1.9787017127750368e-05,0.00043302894626079836,0.0955958521270135
243,18,404528,flow,6,405843,flow,7,0.0026852961109481662,0.026404583853396682,0.0673208302474937
243,18,404528,flow,6,405843,flow,11,7.007123839054494e-07,2.119802169797998e-05,0.11105080469530976
243,18,404528,flow,7,408093,flow,1,0.000570957433331667,0.00767435006842813,0.07723779077187602
243,18,404528,flow,7,408093,flow,3,0.00037337101511683845,0.005401750788026597,0.07976722057374808
243,18,404528,flow,7,408093,flow,4,4.77559518141136e-06,0.00012085864782482175,0.10244121071446834
243,18,404528,flow,7,408093,flow,10,8.170973030562083e-05,0.0014963375791449004,0.08827896694857561
243,18,404528,flow,7,408093,flow,12,4.005974334434833e-06,0.00010307212105276046,0.10325782037506642
243,18,404528,flow,9,402391,flow,1,7.614035359526079e-05,0.0014055001251701508,0.08865632273233204
243,18,404528,flow,9,402391,flow,10,0.0010650240054291319,0.012645715368914031,0.07338582015270692
243,18,404528,flow,9,402391,flow,11,8.194080873069399e-05,0.0014999334479516868,0.08826384059723266
243,18,404528,flow,9,402391,flow,12,0.0003654137415067413,0.005302611230463965,0.07989360163552238
243,18,404528,flow,10,400497,flow,9,0.0015317219472002052,0.017010382549884028,0.0710563151220027
243,18,404528,flow,10,400497,flow,10,1.0757218201541379e-11,5.897358201860248e-10,0.15170965592725374
243,18,404528,flow,10,400497,flow,11,1.2831911767755084e-11,6.964052617676125e-10,0.15114769437899553
243,18,404528,flow,10,400497,flow,12,6.378449941064705e-06,0.00015745659283085444,0.10108282913744783
243,18,404528,flow,11,405841,flow,8,0.0028646161129622723,0.027697705564690235,0.06687919242505026
243,18,404528,flow,12,404520,flow,6,0.003522501573964068,0.03258502526664834,0.06544971172203637
243,18,404528,flow,12,404520,flow,7,0.00026689953229065737,0.004085793372548383,0.08171669839098973
243,18,404528,flow,12,404520,flow,8,0.001149371513688288,0.013409064487861727,0.0729026343026228
243,18,404528,flow,12,404520,flow,9,0.00038694044773552574,0.00556452308328053,0.07955739681550922
243,18,404528,flow,12,404520,flow,10,1.1930563265327634e-06,3.426863916636661e-05,0.10872840316878561
243,18,404528,flow,12,404520,flow,11,1.3712129228230488e-06,3.902266025425277e-05,0.10811319475451112
243,18,404528,flow,13,400183,flow,4,7.47305367218658e-05,0.0013827559481972655,0.08875597972779198
243,18,404528,flow,14,401469,flow,1,0.0003678230423099642,0.005332199807983374,0.07985506682163497
243,18,404528,flow,14,401469,flow,5,0.002011145424390566,0.02113390472723728,0.06926613767249415
243,18,404528,flow,14,401469,flow,6,0.0002185580661736634,0.003464847140808168,0.08285747600695577
243,18,404528,flow,14,401469,flow,7,3.1073187299982495e-05,0.0006435099191559174,0.09332483902698967
243,18,404528,flow,14,401469,flow,10,0.003770891060472122,0.03422321298579741,0.06497269383415892
243,18,404528,flow,15,401472,flow,1,2.5874329312641944e-07,8.467962320501e-06,0.11527797610381388
243,18,404528,flow,15,401472,flow,10,6.319456804884815e-10,2.980355174356157e-08,0.1381470366508793
243,18,404528,flow,15,401472,flow,11,9.490394536941793e-16,7.205361054409235e-14,0.17891779680412861
243,18,404528,flow,15,401472,flow,12,5.216948419525069e-16,4.0902390512428854e-14,0.180518291020691
243,18,404528,flow,16,405838,flow,1,0.0031128225376498564,0.02954821657360444,0.06630779442427652
243,18,404528,flow,16,405838,flow,4,1.79691792864292e-05,0.0003999322746902325,0.0960743043002554
243,18,404528,flow,16,405838,flow,5,0.00020951178251755686,0.003336125692870791,0.08309699393011664
243,18,404528,flow,16,405838,flow,6,0.0034391754495798187,0.03200611361952783,0.06561660177396386
243,18,404528,flow,16,405838,flow,8,2.8594636515845427e-05,0.0005987824999924976,0.09374695735381783
243,18,404528,flow,16,405838,flow,12,8.894373483683398e-05,0.0016043295803554187,0.0878235509740452
243,18,404528,flow,17,400260,flow,1,1.7896895938618632e-09,8.036859714639551e-08,0.1344289543894931
243,18,404528,flow,17,400260,flow,8,0.00046024682943306535,0.006438686214866717,-0.07853053020964693
243,18,404528,flow,18,404528,flow,1,2.8236958396789645e-93,9.758692821930501e-91,0.43640845169922565
243,18,404528,flow,18,404528,flow,2,1.2048672679981477e-38,2.2729373789310034e-36,0.28567321859430794
243,18,404528,flow,18,404528,flow,3,2.6716397743454205e-06,7.106825015500133e-05,0.10509107786087848
243,18,404528,flow,18,404528,flow,4,0.00256594898509917,0.02553535963056534,0.0676299438052921
243,18,404528,flow,18,404528,flow,11,0.00010752247044018978,0.0018943600012300973,0.08679727056270947
243,18,404528,flow,18,404528,flow,12,0.0005456891587222518,0.007396853359523464,0.07751085294442762
243,18,404528,flow,19,401795,flow,1,2.5931357134658004e-09,1.1399166848142484e-07,0.13312568191602836
243,18,404528,flow,19,401795,flow,2,0.00036476719628713753,0.0052978950561885525,0.07990398299830559
243,18,404528,flow,19,401795,flow,4,0.0002935199860910509,0.004408923295943463,0.08116885814069275
243,18,404528,flow,19,401795,flow,10,0.0012415940507303303,0.014265123136050602,0.07241046813515785
243,18,404528,flow,19,401795,flow,11,3.1044088351227206e-08,1.1732011036829802e-06,0.12381156004385171
243,18,404528,flow,19,401795,flow,12,9.206109705364169e-12,5.098768452201693e-10,0.15220408392306758
243,18,404528,occupancy,2,400331,flow,2,0.006044238326487862,0.049046740614615,0.06158466744651665
243,18,404528,occupancy,5,400503,flow,11,0.006134453286798067,0.04949084254179891,0.06147573983130694
243,18,404528,occupancy,6,405843,flow,2,0.0007270396586769984,0.009344871542649905,0.07576518307103096
243,18,404528,occupancy,8,401448,flow,8,0.00010475526886532518,0.0018478675438881372,-0.08693898447414358
243,18,404528,occupancy,10,400497,flow,5,0.005314188811883966,0.04431910360490103,-0.06252438690759572
243,18,404528,occupancy,10,400497,flow,9,9.03944707616873e-05,0.0016271004737103713,0.0877364476285773
243,18,404528,occupancy,11,405841,flow,11,0.00023424663238319824,0.003670458657582214,0.08246332370340281
243,18,404528,occupancy,14,401469,flow,9,0.004972896063463291,0.04207032092913668,0.06300435224263241
243,18,404528,occupancy,15,401472,flow,5,0.004725473820137,0.040568455689570425,-0.06337128831541207
243,18,404528,occupancy,15,401472,flow,9,0.00482702056835709,0.04113807653958611,0.06321863672392852
243,18,404528,occupancy,15,401472,flow,10,4.313525879880787e-05,0.0008575440313430741,0.09164173561054968
243,18,404528,occupancy,15,401472,flow,11,0.002770030095600608,0.027024683859518124,0.06710889295478308
243,18,404528,occupancy,16,405838,flow,3,0.001284381413600471,0.014674762514557087,0.07219348832544423
243,18,404528,occupancy,16,405838,flow,4,0.005024050555077604,0.04242356997250831,0.06293055248170419
243,18,404528,occupancy,17,400260,flow,2,0.001374834226407552,0.01553566272058756,0.07175591665133661
243,18,404528,occupancy,17,400260,flow,5,0.002409699411183174,0.024383263617953604,-0.06805513114299577
243,18,404528,occupancy,17,400260,flow,6,0.005468983597874202,0.045324551431145416,-0.062315811164685285
243,18,404528,occupancy,19,401795,flow,1,0.0017378649721952915,0.018830139653583294,0.07023117470452564
243,18,404528,occupancy,19,401795,flow,3,0.005833893800725187,0.047686700509239,0.06184443995549302
243,18,404528,speed,6,405843,flow,2,0.001985007104254546,0.020930172610468763,-0.06935305315498796
243,18,404528,speed,10,400497,flow,5,0.005294037735898193,0.04417663322209811,0.06255194128136542
243,18,404528,speed,10,400497,flow,9,0.0030585032271531446,0.029147879861684503,-0.06642919904365009
243,18,404528,speed,11,405841,flow,11,0.0020542920317439483,0.02143609076602381,-0.06912490681939273
243,18,404528,speed,17,400260,flow,2,0.004980671932305879,0.042106658997184736,-0.06299309003874015
243,18,404528,speed,18,404528,flow,2,0.0006878715258285536,0.008939846545064235,0.07610486722329123
243,19,401795,flow,1,400125,flow,1,0.0008748907132299645,0.010800521628906616,0.07461979905250009
243,19,401795,flow,1,400125,flow,11,0.0004986150281344563,0.006879645230088954,0.0780525401757818
243,19,401795,flow,1,400125,flow,12,9.120511472661303e-07,2.673039997414982e-05,0.10990632227582253
243,19,401795,flow,2,400331,flow,2,0.001513616743114563,0.0168309506570268,0.07113359092320826
243,19,401795,flow,2,400331,flow,8,4.7415155164042425e-06,0.00012020743562714981,0.10247461085622842
243,19,401795,flow,2,400331,flow,12,0.0004005453715934519,0.005729655646634808,0.07935381238009727
243,19,401795,flow,3,400039,flow,1,2.2120387563261396e-07,7.328226554700095e-06,0.11592958965175318
243,19,401795,flow,3,400039,flow,2,8.263605863035224e-05,0.0015102209457959796,0.08821857141244459
243,19,401795,flow,3,400039,flow,10,1.0362542421398487e-05,0.00024369179782493994,0.09876577955654865
243,19,401795,flow,3,400039,flow,12,1.5149783079107546e-05,0.00034206526627878,0.09691626329114811
243,19,401795,flow,4,400316,flow,2,1.717784270763303e-05,0.00038390212362635637,-0.09629715053608803
243,19,401795,flow,4,400316,flow,3,0.0006961424597656677,0.009031037315878933,-0.07603166808922295
243,19,401795,flow,4,400316,flow,8,0.002489982506542316,0.025009821967595453,0.0678336161200131
243,19,401795,flow,4,400316,flow,10,7.566914619335313e-05,0.0013981638646504942,0.08868943597607241
243,19,401795,flow,4,400316,flow,11,8.773737497345104e-06,0.00020998640436859197,0.0995661589196009
243,19,401795,flow,5,400503,flow,1,5.051708272880796e-10,2.4008118524582e-08,0.1389268830626896
243,19,401795,flow,5,400503,flow,2,0.0008119311793002602,0.010190420379364103,0.07508374510196428
243,19,401795,flow,5,400503,flow,3,0.0004328952944989831,0.0061254755068313365,0.07889452154243275
243,19,401795,flow,5,400503,flow,5,0.004331267913183053,0.03810034083679656,0.06399347944250737
243,19,401795,flow,5,400503,flow,6,1.8764035242687314e-06,5.1729822749463426e-05,0.10671434938197834
243,19,401795,flow,5,400503,flow,7,0.00048111384121766847,0.006676555714938412,0.07826615601557282
243,19,401795,flow,5,400503,flow,8,1.560594182724124e-05,0.00035127881349884,0.09677040752061826
243,19,401795,flow,5,400503,flow,10,0.0007982490084679733,0.010077252240156764,0.07518896802330001
243,19,401795,flow,5,400503,flow,11,0.0023306266801993328,0.023790896168386384,0.06828000605595823
243,19,401795,flow,5,400503,flow,12,1.0651677406902323e-05,0.0002498113268068297,0.09863285205948288
243,19,401795,flow,6,405843,flow,2,1.8697768005867825e-06,5.160455782145075e-05,0.10673022440890599
243,19,401795,flow,6,405843,flow,5,0.0005648900947976198,0.007606998782810841,0.07730231613092192
243,19,401795,flow,6,405843,flow,6,0.003556738158782815,0.03277009534553348,0.06538217939259897
243,19,401795,flow,6,405843,flow,11,3.941056702071395e-05,0.0007907740340431224,0.0921079772716034
243,19,401795,flow,6,405843,flow,12,0.00012381923981138795,0.0021430253044278686,0.08602653756546597
243,19,401795,flow,7,408093,flow,1,1.8286432428664413e-08,7.225387150113695e-07,0.1258538153239236
243,19,401795,flow,7,408093,flow,4,0.002196059375101958,0.02264194868840205,0.06867927010394202
243,19,401795,flow,7,408093,flow,11,0.0026471173779496456,0.02613242018451204,0.06741832559098154
243,19,401795,flow,9,402391,flow,1,1.1438500343694258e-05,0.00026667199937808523,0.0982878301751632
243,19,401795,flow,9,402391,flow,6,0.003863548370398615,0.034844528100463505,0.06480203649935364
243,19,401795,flow,9,402391,flow,10,0.003053948433197753,0.029110894155812653,0.0664394681690436
243,19,401795,flow,9,402391,flow,11,3.0269722343198867e-07,9.773183895561967e-06,0.11462219073421025
243,19,401795,flow,9,402391,flow,12,1.7909158266848494e-05,0.00039880187480817263,0.09609087590321422
243,19,401795,flow,10,400497,flow,2,3.537866875075417e-08,1.3209667156720658e-06,-0.12330213940592233
243,19,401795,flow,10,400497,flow,3,0.0004555081096118397,0.00639101992050389,-0.07859212229585416
243,19,401795,flow,10,400497,flow,5,0.00020982831811190342,0.0033399349087819556,0.08308845057679692
243,19,401795,flow,10,400497,flow,6,0.0019221560773828494,0.020417295928925275,0.06956642179435278
243,19,401795,flow,10,400497,flow,8,0.0006276934655321185,0.00827222626936776,-0.07666349342095609
243,19,401795,flow,10,400497,flow,10,2.5550931150420928e-08,9.80284392271922e-07,0.12456679526997566
243,19,401795,flow,10,400497,flow,11,2.202608649459112e-25,2.848883043611785e-23,0.23061156188455828
243,19,401795,flow,10,400497,flow,12,1.84878302150018e-10,9.148617013609138e-09,0.14237558993200547
243,19,401795,flow,11,405841,flow,6,0.0001419500619517335,0.0024038583599823153,0.08527418039997364
243,19,401795,flow,12,404520,flow,2,2.7806078447010216e-10,1.361930372914786e-08,-0.140985429758581
243,19,401795,flow,12,404520,flow,3,0.0002669741557072402,0.004085793372548383,-0.08171509236294641
243,19,401795,flow,12,404520,flow,5,0.0016128336988050797,0.017755967326294458,0.07072011950143674
243,19,401795,flow,12,404520,flow,6,1.0715800459913877e-06,3.102698256489809e-05,0.10920081858273332
243,19,401795,flow,12,404520,flow,8,6.059514814708103e-06,0.00015051843622733874,0.10132484250339664
243,19,401795,flow,12,404520,flow,10,1.4078134346018654e-05,0.0003209368885213751,0.09727609118106627
243,19,401795,flow,12,404520,flow,11,2.9947558234109203e-05,0.0006228861414123821,0.09351242407889326
243,19,401795,flow,13,400183,flow,3,0.0004355140705012927,0.006156316367852398,0.07885875625109612
243,19,401795,flow,14,401469,flow,1,0.0004902486347608547,0.006783709488042575,0.07815377179660038
243,19,401795,flow,14,401469,flow,5,2.1150021002199538e-06,5.74642080059761e-05,0.106175911195468
243,19,401795,flow,14,401469,flow,6,0.00032400498830990844,0.004790217486306655,0.08059592381499277
243,19,401795,flow,14,401469,flow,7,0.0007691266846334924,0.009792594393211574,0.07541861919838407
243,19,401795,flow,14,401469,flow,8,0.00023917723730229343,0.0037382259954627625,0.08234455522431469
243,19,401795,flow,14,401469,flow,10,0.0015326763920245924,0.017016607590712517,0.07105226477244368
243,19,401795,flow,14,401469,flow,11,0.0029168367847929692,0.02806743175490124,0.06675532379497294
243,19,401795,flow,14,401469,flow,12,0.0012554248368845215,0.014397226693233695,0.07233958590423929
243,19,401795,flow,15,401472,flow,1,0.00022601040999673154,0.003565978711416655,0.08266704834555169
243,19,401795,flow,15,401472,flow,3,3.5178051006722376e-15,2.5845098698816436e-13,-0.17536059812385701
243,19,401795,flow,15,401472,flow,4,2.977885744822209e-10,1.4552563820850614e-08,-0.14075062330295396
243,19,401795,flow,15,401472,flow,6,0.002510342741323363,0.02515000149006709,0.06777847745154479
243,19,401795,flow,15,401472,flow,10,4.99737485146927e-05,0.0009742474938986459,0.09087726002270123
243,19,401795,flow,15,401472,flow,11,3.486504593245796e-18,3.1055051222313067e-16,0.1933743779352095
243,19,401795,flow,15,401472,flow,12,4.341325334413133e-14,3.0249234588168923e-12,0.16832052709365003
243,19,401795,flow,16,405838,flow,1,9.226329541641218e-07,2.700389134138893e-05,0.10985597822451673
243,19,401795,flow,16,405838,flow,2,7.17321707680604e-11,3.675954658576761e-09,0.14554932593873154
243,19,401795,flow,16,405838,flow,3,2.5808327699448823e-06,6.920668880299126e-05,0.10527472100032438
243,19,401795,flow,16,405838,flow,4,0.0022392263146395063,0.023007019019050497,0.06854880866592064
243,19,401795,flow,16,405838,flow,6,3.040735882084387e-08,1.1522788605793465e-06,0.12389214584003466
243,19,401795,flow,16,405838,flow,7,0.002496225827817023,0.025060877471925494,0.06781666455904675
243,19,401795,flow,16,405838,flow,12,7.408717301862227e-06,0.00018051696979156693,0.10037325174418935
243,19,401795,flow,17,400260,flow,1,0.0026916328296509263,0.026438958217580723,0.06730477106784222
243,19,401795,flow,17,400260,flow,9,2.2017912347288466e-05,0.0004758407628653365,-0.09506283958670451
243,19,401795,flow,17,400260,flow,12,3.8034108909689013e-06,9.82112077046363e-05,0.10349777911637978
243,19,401795,flow,18,404528,flow,1,0.0004717721557987688,0.006568017122303194,0.07838316145092615
243,19,401795,flow,18,404528,flow,10,0.003500910994303762,0.0324200117800477,0.06549260705197972
243,19,401795,flow,18,404528,flow,11,1.015859755910696e-05,0.00023915608422529736,0.09886168752383662
243,19,401795,flow,19,401795,flow,1,2.8640895584960053e-118,1.1672515936512022e-115,0.48583554422747594
243,19,401795,flow,19,401795,flow,2,1.63074302211986e-36,2.899098705990862e-34,0.2777091093151826
243,19,401795,flow,19,401795,flow,3,1.6595042313076282e-08,6.595269806116793e-07,0.12622483071789606
243,19,401795,flow,19,401795,flow,5,0.00013347821714621371,0.0022845717039288557,0.08561372410778184
243,19,401795,flow,19,401795,flow,6,5.587406164449115e-05,0.0010699288400008943,0.09029351749608344
243,19,401795,flow,19,401795,flow,7,1.944817661223702e-05,0.00042734548812240045,0.09568177216375871
243,19,401795,flow,19,401795,flow,9,0.0008165639795585566,0.010224801135341927,0.0750484888485047
243,19,401795,flow,19,401795,flow,10,0.00013820691863225169,0.0023506058602020758,0.08542178289907308
243,19,401795,flow,19,401795,flow,11,1.5218917588009945e-14,1.0903105137678768e-12,0.1712933775946297
243,19,401795,flow,19,401795,flow,12,3.4280287116299554e-19,3.205429444640997e-17,0.19903404837426397
243,19,401795,occupancy,0,400593,flow,9,0.004509485902723707,0.03917349507292663,0.06370610004011383
243,19,401795,occupancy,2,400331,flow,8,0.0003381142213652795,0.004976672696074983,0.08034764650810453
243,19,401795,occupancy,3,400039,flow,2,0.0015740586600584525,0.017417862221958284,0.07087884645521912
243,19,401795,occupancy,4,400316,flow,10,0.005252651955573546,0.043917693238705355,0.0626088298984151
243,19,401795,occupancy,5,400503,flow,1,4.437719549990933e-05,0.0008781927831406702,0.09149473503743859
243,19,401795,occupancy,5,400503,flow,10,0.0018663744967372371,0.019982002046852205,0.06976122255839103
243,19,401795,occupancy,6,405843,flow,5,4.9407010052486215e-08,1.8082034536566333e-06,0.12199100137886609
243,19,401795,occupancy,10,400497,flow,10,0.00011527844121036542,0.0020170225436564543,0.08641766160092554
243,19,401795,occupancy,10,400497,flow,11,0.0036139094620485446,0.03315763127704066,0.06527071411852808
243,19,401795,occupancy,12,404520,flow,3,0.0057471093941671575,0.047171859580326284,-0.061954083031529134
243,19,401795,occupancy,14,401469,flow,5,0.0006109943256784235,0.008107205797203575,0.07682733869966411
243,19,401795,occupancy,14,401469,flow,6,0.00106272328937256,0.012633364364582992,0.07339948920415094
243,19,401795,occupancy,14,401469,flow,12,0.005684638590069785,0.04675864186805307,0.06203393572100333
243,19,401795,occupancy,15,401472,flow,3,0.0046281641417250646,0.04004339894302479,-0.06352038035138985
243,19,401795,occupancy,15,401472,flow,11,5.2537785043422595e-11,2.7181225315878518e-09,0.146578214623575
243,19,401795,occupancy,15,401472,flow,12,0.0005413918630902315,0.007359385929986783,0.07755845917303086
243,19,401795,occupancy,16,405838,flow,2,0.0026743625251780126,0.026323185483638677,0.06734862083550988
243,19,401795,occupancy,16,405838,flow,4,0.003087868415916833,0.029375889796874523,0.06636332562289655
243,19,401795,occupancy,16,405838,flow,11,0.001344975221037145,0.015258122255463408,0.07189734887781175
243,19,401795,speed,1,400125,flow,3,0.0010688831525271529,0.012671721237423985,-0.07336295329969313
243,19,401795,speed,10,400497,flow,1,0.0016956218725039504,0.018465007505866646,-0.07039264568354937
243,19,401795,speed,10,400497,flow,11,0.003635519482253545,0.03327424610876126,0.06522899867305867
243,19,401795,speed,12,404520,flow,1,0.00020771620509798662,0.003311195594181927,-0.08314568736123876
243,19,401795,speed,12,404520,flow,6,0.003093961601085644,0.029420898341822543,0.06634972863708907
243,19,401795,speed,12,404520,flow,12,0.0019686203791285275,0.02079325192624753,-0.0694080793870239
243,19,401795,speed,13,400183,flow,8,0.002177487234034289,0.022477287577128142,0.06873612377785342
243,19,401795,speed,15,401472,flow,2,4.042079806319614e-05,0.0008087904012645082,-0.09197752268556682
243,19,401795,speed,15,401472,flow,3,0.0002881327511228394,0.004355260618791694,-0.0812758615992773
243,19,401795,speed,15,401472,flow,10,0.00013341959024410011,0.002284473364464972,0.0856161437535195
243,19,401795,speed,19,401795,flow,11,0.0008192665495772458,0.010246761708667347,0.0750280074673596
243,19,401795,speed,19,401795,flow,12,4.487442701271852e-06,0.00011430278578711323,0.10273111406832242
