graph_slot,source_node_index,source_node_id,source_feature,target_node_index,target_node_id,target_feature,lag_5min_steps,raw_p_value,fdr_bh_q_value,parcorr_value
92,0,400593,flow,0,400593,flow,1,2.3943640196161046e-12,1.1971820098080524e-10,0.15637571870203631
92,0,400593,flow,0,400593,flow,2,1.6637355765110026e-22,1.765930636493251e-20,0.2164980148116574
92,0,400593,flow,0,400593,flow,3,8.769541760944649e-26,1.1012912909093279e-23,0.23243534225714757
92,0,400593,flow,0,400593,flow,4,8.286664495782059e-13,4.3182618361614586e-11,0.1596528712508622
92,0,400593,flow,0,400593,flow,5,3.5982825181970254e-14,2.1500111312048614e-12,0.16885687511389658
92,0,400593,flow,0,400593,flow,6,0.00021023567704691655,0.0026966096343309957,0.08307747366574847
92,0,400593,flow,0,400593,flow,7,6.276996301085356e-06,0.00012562584256601837,0.10115853442832363
92,0,400593,flow,0,400593,flow,8,1.3930546867193398e-08,4.647101348747141e-07,0.1268912025076522
92,0,400593,flow,0,400593,flow,9,5.682666427098498e-13,3.004788123019034e-11,0.16078817422314162
92,0,400593,flow,0,400593,flow,10,8.946888892611048e-08,2.6150581878267747e-06,0.11962544630564248
92,0,400593,flow,0,400593,flow,12,8.972511024643445e-07,2.1534026459144267e-05,0.10997768590183647
92,0,400593,flow,2,400331,flow,11,0.00444216529542731,0.033103595094438464,0.06381342623257516
92,0,400593,flow,4,400316,flow,11,0.003015744922535982,0.02436054238099372,0.06652615466001875
92,0,400593,flow,7,408093,flow,7,0.0028497280313712595,0.023256395683094382,0.06691488463919648
92,0,400593,flow,7,408093,flow,8,0.0020826972260980484,0.018172595469084164,0.06903340580825709
92,0,400593,flow,13,400183,flow,2,2.8221731410372383e-06,6.16372413468992e-05,0.1048413356598272
92,0,400593,flow,13,400183,flow,6,9.098963939412575e-05,0.0013116421130629058,0.08770109438993565
92,0,400593,flow,19,401795,flow,4,0.0009466553590115477,0.00965297017527459,0.07412728157509678
92,0,400593,flow,19,401795,flow,6,0.005552873485589236,0.039591373919368705,0.06220499025188959
92,0,400593,occupancy,0,400593,flow,1,4.027026347360502e-19,3.500352881407921e-17,0.19864659741265678
92,0,400593,occupancy,0,400593,flow,2,0.002466754253411687,0.020744361251194252,-0.06789702745285871
92,0,400593,occupancy,0,400593,flow,3,5.409220335804853e-19,4.6642378943467e-17,-0.1979345936299621
92,0,400593,occupancy,0,400593,flow,4,0.006121577154774178,0.042598603912088355,0.06149119820858166
92,0,400593,occupancy,0,400593,flow,5,8.562205736241153e-05,0.0012454117434532587,0.08802814891125753
92,0,400593,occupancy,0,400593,flow,9,0.00021519513026680285,0.0027512647689037035,0.08294541082116043
92,0,400593,occupancy,0,400593,flow,10,0.0001582726424470628,0.002112257693454777,0.08467058419331802
92,0,400593,occupancy,4,400316,flow,11,0.0023468463102325164,0.01995350533399817,0.06823331592382667
92,0,400593,occupancy,7,408093,flow,8,0.00018382835362306996,0.002410863654073049,0.08383407885142766
92,0,400593,occupancy,11,405841,flow,3,0.00505203201922812,0.03669263336090362,0.0628904708422857
92,0,400593,occupancy,15,401472,flow,2,0.0025325343946023906,0.021177987968800476,0.06771884267970771
92,0,400593,occupancy,17,400260,flow,6,0.0004976394829021568,0.005629229028901067,0.07806426220991082
92,0,400593,occupancy,17,400260,flow,12,0.0019646234697527827,0.017341997117556233,0.06942156463621849
92,0,400593,speed,0,400593,flow,1,0.0012848798042539844,0.012343074837396514,-0.0721910004439435
92,0,400593,speed,3,400039,flow,5,0.0070497011686158255,0.047309939217060434,0.060445325723169505
92,0,400593,speed,4,400316,flow,2,0.002650693156404684,0.021945179064139966,-0.06740913996522212
92,0,400593,speed,5,400503,flow,11,0.0048729406077890796,0.03569193527576946,-0.0631505581567251
92,0,400593,speed,9,402391,flow,1,0.0018225105294255176,0.01634065263186691,0.06991819513338798
92,1,400125,flow,1,400125,flow,1,2.0713857832205828e-111,7.583378460604167e-109,0.472979467210716
92,1,400125,flow,1,400125,flow,2,5.125707356420221e-20,4.699141148214876e-18,0.20344659639702575
92,1,400125,flow,1,400125,flow,3,1.339009818623629e-07,3.763509260534599e-06,0.11796345270242724
92,1,400125,flow,1,400125,flow,5,0.006104253247723292,0.04249858828390753,0.06151204257496329
92,1,400125,flow,1,400125,flow,10,0.004785074937904324,0.035167614378609525,0.06328133672265235
92,1,400125,flow,1,400125,flow,11,0.00565175954028426,0.04009129920201643,0.06207628123617436
92,1,400125,flow,2,400331,flow,12,0.007373150525399049,0.04889777443924454,0.060109796891365856
92,1,400125,flow,3,400039,flow,9,0.002026911102884132,0.017779199927836446,0.0692142129521253
92,1,400125,flow,4,400316,flow,12,0.0019054922591460993,0.01692821866014457,0.06962406589758352
92,1,400125,flow,5,400503,flow,11,0.0006966517504212915,0.007473393498435507,0.0760271872243972
92,1,400125,flow,6,405843,flow,12,0.005784556374087516,0.04085886778295956,0.06190659095455924
92,1,400125,flow,8,401448,flow,2,0.0018615447027307218,0.016622309044639766,0.06977833964594077
92,1,400125,flow,8,401448,flow,3,8.290094110589801e-05,0.0012126850289526643,0.08820141892627857
92,1,400125,flow,8,401448,flow,9,0.0011297293546345905,0.011183388661827293,0.07301215525003696
92,1,400125,flow,8,401448,flow,11,0.004518051466537514,0.03353605212275268,0.06369254853435544
92,1,400125,flow,8,401448,flow,12,0.0007790411109854476,0.008198435077849288,0.0753395444288258
92,1,400125,flow,9,402391,flow,2,0.001571900682849983,0.014472742859999844,0.0708877855016786
92,1,400125,flow,9,402391,flow,10,4.416739732881722e-05,0.000694082053330267,0.0915192916580815
92,1,400125,flow,9,402391,flow,12,0.00180310455922511,0.01621780490496039,0.06998875140729235
92,1,400125,flow,10,400497,flow,10,0.006482753081861815,0.044382715235567416,0.061068285274890985
92,1,400125,flow,10,400497,flow,11,1.8511622787597963e-06,4.180356008490496e-05,0.10677510818833065
92,1,400125,flow,10,400497,flow,12,0.004300422456889048,0.03224756989022858,0.06404430241732013
92,1,400125,flow,12,404520,flow,2,0.00010336350818966996,0.0014664379487007364,-0.08701159888205179
92,1,400125,flow,12,404520,flow,9,0.00251708465472488,0.02108961541584849,0.06776030937839808
92,1,400125,flow,12,404520,flow,10,0.000659295504279835,0.007132873975679657,0.07636422086553515
92,1,400125,flow,13,400183,flow,5,0.004329171880615795,0.03241813576748177,0.06399692260085124
92,1,400125,flow,13,400183,flow,11,0.0043581390267704604,0.032589857357881925,0.06394947139717097
92,1,400125,flow,17,400260,flow,1,0.0007173357410959282,0.007661039311580741,0.07584772704855473
92,1,400125,flow,17,400260,flow,3,0.001365809729771542,0.012967687983764969,0.07179836172651019
92,1,400125,flow,17,400260,flow,12,4.08422467026451e-06,8.602560007578101e-05,0.10316822422133133
92,1,400125,flow,18,404528,flow,1,1.5332620377876103e-05,0.0002779560219573007,0.09685730554509465
92,1,400125,occupancy,0,400593,flow,6,0.0019475365497195194,0.017219316198911837,0.06947949977626112
92,1,400125,occupancy,0,400593,flow,10,0.0025098406757207547,0.021049333564577093,-0.06777983219903451
92,1,400125,occupancy,1,400125,flow,1,6.764238417815116e-06,0.00013429002741250598,-0.10080509413237695
92,1,400125,occupancy,5,400503,flow,1,0.0022621914042426786,0.019386365535267548,0.06848033797153241
92,1,400125,occupancy,5,400503,flow,8,0.001598156314116525,0.014667591410629673,0.07077978475153969
92,1,400125,occupancy,5,400503,flow,12,0.006456092535369774,0.044268568585144906,0.06109876917057357
92,1,400125,occupancy,6,405843,flow,2,0.006857620219135505,0.046310644593818014,0.060651175949849936
92,1,400125,occupancy,6,405843,flow,11,0.003501892372727239,0.027391227684558525,0.0654906520757837
92,1,400125,occupancy,7,408093,flow,12,0.00011730960289499863,0.001630366429149991,0.08632222895928553
92,1,400125,occupancy,8,401448,flow,9,0.0020363065277649735,0.017843497362970966,0.06918344468134899
92,1,400125,occupancy,9,402391,flow,7,0.0002909508622614603,0.0035714314653021496,-0.08121965575772792
92,1,400125,occupancy,10,400497,flow,7,0.0001849907255606871,0.0024231653560405344,-0.08379868731808682
92,1,400125,occupancy,10,400497,flow,11,0.00017378179444473352,0.002295131005812439,0.08414904722590909
92,1,400125,occupancy,14,401469,flow,2,0.005076505458349279,0.03684560413318025,0.06285557829297626
92,1,400125,occupancy,14,401469,flow,4,0.007404285980701841,0.049066598307458124,0.06007819890110199
92,1,400125,occupancy,15,401472,flow,1,0.005215267334003633,0.037637746212655684,0.06266056744681603
92,1,400125,occupancy,16,405838,flow,5,0.000627119430927533,0.006837849423540996,0.07666905799620462
92,1,400125,occupancy,16,405838,flow,7,0.0017143887119572415,0.015562427475636234,0.07032045973745253
92,1,400125,occupancy,17,400260,flow,2,0.0017308267036242168,0.015675411655464606,0.070257825765952
92,1,400125,occupancy,18,404528,flow,4,5.591392499038757e-07,1.4042497997525616e-05,0.11202184908588908
92,1,400125,speed,0,400593,flow,2,0.002583812504088196,0.021531770867401635,0.0675828513110555
92,1,400125,speed,0,400593,flow,3,0.003047052637345883,0.02457208772322982,0.06645504185220613
92,1,400125,speed,1,400125,flow,1,4.747127844228773e-09,1.699054870511044e-07,0.13091696139882272
92,1,400125,speed,1,400125,flow,2,0.0016560907092582249,0.015122197979276117,0.07054713509593855
92,1,400125,speed,13,400183,flow,4,0.0028750422931319774,0.023421049795078527,0.06685429764304927
92,1,400125,speed,16,405838,flow,6,0.00088496556803774,0.009146055631394825,-0.07454844621907573
92,1,400125,speed,16,405838,flow,7,0.006421447126169158,0.044109797400303324,-0.061138552553441756
92,1,400125,speed,16,405838,flow,9,9.951078087680677e-05,0.00142111263929853,-0.08721753016407663
92,1,400125,speed,17,400260,flow,2,0.001150166095316739,0.011341514566921508,-0.07289824034361861
92,1,400125,speed,18,404528,flow,3,0.004509301862029188,0.03348836865044884,-0.06370639146496557
92,1,400125,speed,19,401795,flow,4,0.006928640994015297,0.04668808156940584,0.06057446802292538
92,2,400331,flow,0,400593,flow,3,0.0015452033239679204,0.014272564377894838,0.0709993186689667
92,2,400331,flow,0,400593,flow,4,0.003734307176686352,0.02880236922564728,0.06504112484410193
92,2,400331,flow,1,400125,flow,1,0.00025696614911477464,0.0032074364755152454,0.08193432982419104
92,2,400331,flow,2,400331,flow,1,1.29134916151768e-63,2.8033308430936572e-61,0.3647781174542389
92,2,400331,flow,2,400331,flow,2,7.200080181233995e-20,6.480072163110596e-18,0.20269775722101066
92,2,400331,flow,2,400331,flow,3,4.4180700243176204e-11,1.931787702940498e-09,0.1471474961663394
92,2,400331,flow,2,400331,flow,4,1.0483653018902372e-07,3.0092611987812793e-06,0.11898626858533005
92,2,400331,flow,2,400331,flow,5,2.2225796537525366e-06,4.9620382967498496e-05,0.10595197878240688
92,2,400331,flow,2,400331,flow,6,2.551855219070002e-09,9.4222346550277e-08,0.13318380700038995
92,2,400331,flow,2,400331,flow,7,0.006709166865151205,0.045550213511634775,0.0608138484389979
92,2,400331,flow,2,400331,flow,9,0.001155866314404098,0.011382134666573293,0.07286680063333309
92,2,400331,flow,2,400331,flow,10,6.287241806516665e-10,2.446926540914594e-08,0.13816488574596106
92,2,400331,flow,6,405843,flow,1,0.0022271502512455905,0.01915446761971123,0.06858507194833798
92,2,400331,flow,6,405843,flow,4,0.0003291198671116094,0.003953831551507654,0.08050477062315561
92,2,400331,flow,6,405843,flow,5,0.003983753207753564,0.030293634672584748,0.06458609461523049
92,2,400331,flow,7,408093,flow,2,0.003564890954986729,0.027768353634227676,0.0653661849879491
92,2,400331,flow,7,408093,flow,9,0.001129423683416678,0.011182925309099355,0.07301387347332187
92,2,400331,flow,10,400497,flow,4,0.00547197286037003,0.03909198405291637,0.062311836005299465
92,2,400331,flow,11,405841,flow,4,7.698819067280026e-05,0.0011343416906770024,0.08859722718088486
92,2,400331,flow,11,405841,flow,11,0.0002378829948972239,0.002995204132777637,0.08237550714937238
92,2,400331,flow,13,400183,flow,1,0.001241906451744137,0.012020263465304487,0.07240885906736451
92,2,400331,flow,13,400183,flow,2,0.006039114731847709,0.04215378193824867,0.06159089761201638
92,2,400331,flow,14,401469,flow,6,0.0033363271583752444,0.026397313780551386,0.06582773927734525
92,2,400331,flow,14,401469,flow,10,0.005117534688091027,0.03709354002106247,0.06279742108026538
92,2,400331,flow,14,401469,flow,11,0.0030766962877539876,0.024755686278817704,0.06638831993658874
92,2,400331,flow,17,400260,flow,11,0.0007489907391666053,0.007926604588926345,0.07558217180555436
92,2,400331,flow,18,404528,flow,5,0.00017471999292162276,0.0023061117305878715,0.08411891928686381
92,2,400331,flow,18,404528,flow,11,0.006406423012852186,0.04402759690665199,0.06115586478390767
92,2,400331,flow,19,401795,flow,5,0.004082209627494961,0.0309117363554395,0.06441358290010454
92,2,400331,flow,19,401795,flow,12,0.0023457306131159906,0.019948187384729275,0.06823651811908918
92,2,400331,occupancy,0,400593,flow,8,0.0038766411658980263,0.02966186651909223,0.06477822232833302
92,2,400331,occupancy,1,400125,flow,1,0.005322952203477537,0.03825512147566621,0.0625124333469046
92,2,400331,occupancy,2,400331,flow,1,6.590937971785525e-06,0.00013115086152977186,0.10092793093384445
92,2,400331,occupancy,2,400331,flow,3,0.0004721705096381989,0.005391955066447315,0.07837812813057007
92,2,400331,occupancy,2,400331,flow,5,0.0005371849023839548,0.0059872001504094035,0.07760540665754838
92,2,400331,occupancy,2,400331,flow,7,0.00032438631103934556,0.0039045159628158118,0.08058908193370426
92,2,400331,occupancy,2,400331,flow,10,0.0020497047963285095,0.017939069530265726,0.06913979223601537
92,2,400331,occupancy,6,405843,flow,1,0.0001804621731306671,0.0023710358513518307,0.0839377700742838
92,2,400331,occupancy,6,405843,flow,5,0.00010415925103143746,0.0014753048014944585,0.08696996934480761
92,2,400331,occupancy,6,405843,flow,12,0.004582108355729275,0.033924092710797715,0.06359193561818995
92,2,400331,occupancy,7,408093,flow,2,0.0006121581169229106,0.006701781715932524,0.07681578588408007
92,2,400331,occupancy,7,408093,flow,7,0.00011798139445344084,0.0016386648511501132,0.08629100777118028
92,2,400331,occupancy,8,401448,flow,9,0.0012762688570307171,0.01227673449648786,0.07223411054579466
92,2,400331,occupancy,10,400497,flow,4,0.00035811161575637545,0.004248948585738923,0.08001186047608445
92,2,400331,occupancy,10,400497,flow,9,0.0013960925055797307,0.013197198302197892,0.07165693823711557
92,2,400331,occupancy,10,400497,flow,10,0.0015249183083943826,0.01413961599541475,0.07108525500459412
92,2,400331,occupancy,11,405841,flow,4,0.0006189313341779305,0.006763934641155224,0.07674895154443369
92,2,400331,occupancy,11,405841,flow,7,0.0011278316532262918,0.011169722012695048,0.07302282946248398
92,2,400331,occupancy,11,405841,flow,8,0.0038991049209876243,0.029785789164738365,0.0647375331086075
92,2,400331,occupancy,11,405841,flow,11,0.0036864011791125084,0.028504122236917912,0.065131660843897
92,2,400331,occupancy,13,400183,flow,8,0.006935438985084085,0.04671931454165484,0.060567162727331945
92,2,400331,occupancy,14,401469,flow,1,0.0007269964816816748,0.007737434838297205,0.07576554807479738
92,2,400331,occupancy,14,401469,flow,5,0.0063260515457902846,0.04361101857628649,0.06124910122087185
92,2,400331,occupancy,14,401469,flow,6,0.00027424858152437135,0.003387914990521259,0.081560517423226
92,2,400331,occupancy,14,401469,flow,11,3.647169855444769e-05,0.0005905462434603224,0.09250635554117147
92,2,400331,occupancy,15,401472,flow,1,3.725507054514361e-05,0.0006018769811332102,0.09239726942692784
92,2,400331,occupancy,15,401472,flow,2,1.1477145710298438e-06,2.706401171860767e-05,0.10889908258163022
92,2,400331,occupancy,15,401472,flow,3,6.680155603893633e-06,0.00013274274245087623,0.10086431223064528
92,2,400331,occupancy,15,401472,flow,4,3.597953943666619e-07,9.431529755242593e-06,0.11389572345598692
92,2,400331,occupancy,15,401472,flow,5,2.8103596120511136e-06,6.156568724168768e-05,0.10488675126952907
92,2,400331,occupancy,15,401472,flow,6,0.00010197881664232628,0.0014496495159422491,0.0870847653643021
92,2,400331,occupancy,15,401472,flow,7,3.644281111894184e-05,0.0005905211704194627,0.09251042053447019
92,2,400331,occupancy,15,401472,flow,8,0.0005115151114166158,0.005754545003436928,0.07789951145306719
92,2,400331,occupancy,15,401472,flow,9,2.1915929582730385e-06,4.897921148339124e-05,0.10601539477022268
92,2,400331,occupancy,15,401472,flow,10,1.064817934567072e-09,4.081644611650178e-08,0.1363126492671818
92,2,400331,occupancy,15,401472,flow,11,1.4777304632543828e-06,3.397443108706191e-05,0.10778112199387344
92,2,400331,occupancy,15,401472,flow,12,4.448429720237918e-07,1.1391355300194314e-05,0.11299755441084618
92,2,400331,occupancy,17,400260,flow,5,0.0028153030500373388,0.02303429768212368,0.0669980699119641
92,2,400331,occupancy,17,400260,flow,8,0.0012861232167402739,0.012346416467374423,0.07218479741828768
92,2,400331,occupancy,17,400260,flow,10,0.0026378693146138234,0.02184738389404087,0.0674421351091766
92,2,400331,occupancy,17,400260,flow,11,0.0016916673018138205,0.015391749671094577,0.07040795041516189
92,2,400331,occupancy,18,404528,flow,5,0.0015099313691645335,0.014024733422469975,0.07114942482463893
92,2,400331,occupancy,18,404528,flow,10,0.0012782873181741857,0.012293413211292258,0.07222398124146585
92,2,400331,occupancy,19,401795,flow,5,0.001884461744541631,0.016781848559925473,0.06969747943408734
92,2,400331,speed,2,400331,flow,2,0.004425554768687117,0.03299136056651395,-0.06384013408057418
92,3,400039,flow,3,400039,flow,1,1.1304785195630793e-108,4.036088598770663e-106,0.4679451688740877
92,3,400039,flow,3,400039,flow,2,1.878424933999931e-17,1.4835092714588121e-15,0.1891064241734148
92,3,400039,flow,3,400039,flow,3,3.617129955341091e-16,2.6000002341220487e-14,0.18149064810375734
92,3,400039,flow,3,400039,flow,4,3.0008933522038156e-12,1.4815839178880552e-10,0.15571674482843556
92,3,400039,flow,3,400039,flow,5,1.4426787248182643e-08,4.805221350204242e-07,0.12675820723142306
92,3,400039,flow,3,400039,flow,6,2.283096855583836e-13,1.2661076272300604e-11,0.16349945893546217
92,3,400039,flow,3,400039,flow,7,5.728731529988201e-11,2.4723396812736294e-09,0.14629299133368834
92,3,400039,flow,3,400039,flow,8,3.0758261727868164e-05,0.0005094926789278775,0.09337666240526223
92,3,400039,flow,3,400039,flow,9,0.006425043720352624,0.04411172445165012,0.061134413613918644
92,3,400039,flow,3,400039,flow,10,1.222413528672364e-05,0.00022771998464271722,0.09796521732861015
92,3,400039,flow,3,400039,flow,11,0.001982283196691357,0.017462201080152246,0.06936217103009372
92,3,400039,flow,3,400039,flow,12,1.9830991077467717e-06,4.4526965413025225e-05,0.106465898530648
92,3,400039,flow,4,400316,flow,2,0.0006854404587079774,0.007369593782027033,-0.07612653803496017
92,3,400039,flow,9,402391,flow,1,0.00042281250247082277,0.004921988711058891,0.07903413621114479
92,3,400039,flow,9,402391,flow,3,0.0014320635822719831,0.013457721721590096,0.0714925772758674
92,3,400039,flow,9,402391,flow,6,0.00010987868591853559,0.0015436615387579634,0.08667928896872175
92,3,400039,flow,9,402391,flow,9,0.00036227314769275243,0.004288901063394602,0.07994419084538103
92,3,400039,flow,9,402391,flow,12,5.624246791555373e-06,0.0001150959078139233,0.10167557157669273
92,3,400039,flow,10,400497,flow,11,3.921726874195254e-07,1.020593981718283e-05,0.11353180751668851
92,3,400039,flow,10,400497,flow,12,2.927830031248921e-07,7.865812024250832e-06,0.11476168250654112
92,3,400039,flow,12,404520,flow,2,0.0067968790827793914,0.04600833224319488,-0.06071734903433215
92,3,400039,flow,12,404520,flow,6,9.558007258015131e-05,0.0013704207647304114,0.08743553085995079
92,3,400039,flow,12,404520,flow,11,0.0011722049715157214,0.011501079893136309,0.07277747130536164
92,3,400039,flow,12,404520,flow,12,0.003921266622889611,0.029918530220563615,0.0646975989688356
92,3,400039,flow,13,400183,flow,3,0.002094665682868908,0.018254903671562805,0.068995194201451
92,3,400039,flow,13,400183,flow,10,0.00489695781862561,0.03582533069680379,0.06311518220417303
92,3,400039,flow,15,401472,flow,1,1.4073267277143649e-08,4.6910890923812156e-07,0.1268207810966471
92,3,400039,flow,17,400260,flow,12,0.00745712633148327,0.04935113359800797,0.06002484512219137
92,3,400039,flow,19,401795,flow,7,0.001078434052448917,0.0107420684956867,0.07330668722314217
92,3,400039,flow,19,401795,flow,12,0.0016693754684590884,0.015220983587469952,0.07049484303530405
92,3,400039,occupancy,1,400125,flow,2,0.005450287175340982,0.038973386210634176,0.062340718459985435
92,3,400039,occupancy,3,400039,flow,1,5.638210303029198e-10,2.205397057545305e-08,-0.1385448641349138
92,3,400039,occupancy,3,400039,flow,12,0.006664855978906106,0.04534915392797981,0.060863030069752806
92,3,400039,occupancy,4,400316,flow,11,0.007178589032390972,0.04791641628542799,0.060310002038923574
92,3,400039,occupancy,5,400503,flow,1,0.0074472816617699375,0.049313698312149185,0.06003475971071978
92,3,400039,occupancy,5,400503,flow,2,6.604304021877523e-05,0.0009878032886497462,0.08941238275109137
92,3,400039,occupancy,5,400503,flow,4,0.001069519368491525,0.01067295835500898,0.07335919081797695
92,3,400039,occupancy,5,400503,flow,6,7.041047511292236e-05,0.0010441924218600228,0.0890728143723571
92,3,400039,occupancy,5,400503,flow,10,0.00755838823058651,0.049815806513640336,0.05992353920186346
92,3,400039,occupancy,5,400503,flow,12,2.377031664181085e-07,6.454290879486039e-06,0.11563098413325694
92,3,400039,occupancy,6,405843,flow,1,0.006659357353017023,0.045318878016751,0.06086915358817517
92,3,400039,occupancy,6,405843,flow,2,0.0009958397556435166,0.010075006427119419,0.07380931999216968
92,3,400039,occupancy,6,405843,flow,3,0.004743196160691305,0.034937097040386084,0.06334443459546366
92,3,400039,occupancy,6,405843,flow,11,4.866902738899608e-07,1.2396827731159379e-05,0.11261491324150265
92,3,400039,occupancy,7,408093,flow,2,0.0006539949114890637,0.007086175113199787,0.0764134741107398
92,3,400039,occupancy,7,408093,flow,3,0.0006894192453369177,0.007408684427501205,0.07609110770281474
92,3,400039,occupancy,7,408093,flow,6,0.0014350162356713794,0.013479604562079493,0.07147925530786477
92,3,400039,occupancy,8,401448,flow,3,0.004489572898087834,0.03338202223707305,0.06373769451494755
92,3,400039,occupancy,9,402391,flow,1,0.00017635734099465542,0.002323463595903969,0.08406670220204544
92,3,400039,occupancy,9,402391,flow,6,0.00230829013315642,0.01970714105777813,0.06834479354113142
92,3,400039,occupancy,10,400497,flow,6,0.0017487450912202192,0.015807865231369213,0.07019017063087196
92,3,400039,occupancy,10,400497,flow,10,1.452487951071024e-05,0.0002649809099926868,0.09712301848847454
92,3,400039,occupancy,10,400497,flow,11,4.14162394620132e-05,0.0006575455879305293,0.0918519676507568
92,3,400039,occupancy,10,400497,flow,12,0.0003315169768895168,0.003975994836653838,0.08046250631811797
92,3,400039,occupancy,11,405841,flow,11,0.007544364691268063,0.04974306389847075,0.059937496027567094
92,3,400039,occupancy,12,404520,flow,2,0.0034183775834096455,0.026874233230809223,-0.06565883005635532
92,3,400039,occupancy,12,404520,flow,6,0.0005093036341795311,0.005743126336871768,0.07792548814717509
92,3,400039,occupancy,12,404520,flow,11,0.002402299866681988,0.020301101745339417,0.06807588611703244
92,3,400039,occupancy,14,401469,flow,1,0.004982839990024092,0.03629382693796001,0.0629899527580923
92,3,400039,occupancy,14,401469,flow,6,0.0001902847147613973,0.0024804766679820045,0.08364009466091737
92,3,400039,occupancy,15,401472,flow,2,2.932598521470357e-07,7.873726297546267e-06,0.11475486967930015
92,3,400039,occupancy,15,401472,flow,3,2.9379120470223054e-06,6.393843850446528e-05,0.10468409208483327
92,3,400039,occupancy,15,401472,flow,4,0.00035546214733754523,0.0042233126416342005,0.08005532669824415
92,3,400039,occupancy,15,401472,flow,5,0.0001492413804499654,0.0020084821294200955,0.0849968901949825
92,3,400039,occupancy,15,401472,flow,6,4.8051383340067146e-05,0.0007502059126457899,0.09108162028239998
92,3,400039,occupancy,15,401472,flow,7,1.2322308628710245e-05,0.0002293510266093419,0.09792630205307835
92,3,400039,occupancy,15,401472,flow,8,0.0001650355626111106,0.002191680388810322,0.08443750751438982
92,3,400039,occupancy,15,401472,flow,9,0.0011521786895750672,0.0113587675467008,0.07288712342460263
92,3,400039,occupancy,15,401472,flow,10,0.00030912940767974283,0.003753341880765849,0.08086888557570857
92,3,400039,occupancy,15,401472,flow,11,0.0007738973524364306,0.008155329511635136,0.07538045235788003
92,3,400039,occupancy,15,401472,flow,12,0.00029140056875035387,0.0035742488841610694,0.08121073376646332
92,3,400039,occupancy,16,405838,flow,6,0.0017247952775672236,0.015633897606148566,0.07028074367662235
92,3,400039,occupancy,16,405838,flow,9,0.006808783648903588,0.04607447581964833,0.060704338147296755
92,3,400039,occupancy,17,400260,flow,1,6.471799201501273e-07,1.6021875387097707e-05,0.11139365289264871
92,3,400039,occupancy,17,400260,flow,2,0.0030282412426145193,0.024438636592741873,0.06649769000964638
92,3,400039,occupancy,17,400260,flow,5,0.0009629997501408609,0.00978860922496122,0.07401995793915685
92,3,400039,occupancy,17,400260,flow,11,4.252990963149753e-05,0.0006734941701175562,0.09171484750259581
92,3,400039,occupancy,17,400260,flow,12,0.0022020599105861136,0.018984032755402138,0.0686609951660663
92,3,400039,occupancy,18,404528,flow,1,0.005361880491743781,0.03848720812750943,0.06245954759153618
92,3,400039,occupancy,18,404528,flow,2,0.0024760066550208394,0.02081001702274324,0.06787170396121964
92,3,400039,occupancy,19,401795,flow,1,0.00024990672672617353,0.003127453822297421,0.08209384062742722
92,3,400039,speed,3,400039,flow,1,0.001715260215709858,0.015562603694236418,-0.0703171252054795
92,3,400039,speed,7,408093,flow,6,0.0005205104955556983,0.005837500884736804,-0.07779491577547791
92,3,400039,speed,14,401469,flow,6,0.004486878360939695,0.0333677302793243,-0.06374197947637211
92,3,400039,speed,14,401469,flow,8,0.0010574594777504641,0.010569701397228147,-0.07343086582760329
92,3,400039,speed,15,401472,flow,1,0.00015493002745956537,0.0020714878323284504,-0.08478926395257129
92,3,400039,speed,15,401472,flow,2,8.615192012825577e-05,0.0012526970547090707,-0.08799501514602372
92,3,400039,speed,15,401472,flow,3,7.535471107026425e-07,1.84020549363223e-05,-0.110736313108996
92,3,400039,speed,15,401472,flow,4,5.0892274745179e-06,0.00010524395734761765,-0.10214411617107491
92,3,400039,speed,15,401472,flow,5,3.496700810589721e-07,9.210821647407069e-06,-0.11401603603807525
92,3,400039,speed,15,401472,flow,6,1.0303562055829085e-07,2.9694054757292627e-06,-0.11905630141082293
92,3,400039,speed,15,401472,flow,7,1.2293606963075688e-08,4.1458534020676793e-07,-0.1273650583468418
92,3,400039,speed,15,401472,flow,8,6.459095106394288e-06,0.0001290623999057508,-0.10102346808643567
92,3,400039,speed,15,401472,flow,9,4.051891540865619e-05,0.0006449584177059496,-0.0919650176531794
92,3,400039,speed,15,401472,flow,10,7.757692279654576e-07,1.8891336329260296e-05,-0.11061033817497336
92,3,400039,speed,15,401472,flow,11,8.312919606316937e-05,0.0012140572244519665,-0.0881866797239479
92,3,400039,speed,15,401472,flow,12,0.006378055633435773,0.04388151033037512,-0.06118865217793201
92,4,400316,flow,1,400125,flow,2,0.004633141431504882,0.034243235216597244,0.06351268593407833
92,4,400316,flow,1,400125,flow,3,0.00011530104719565944,0.0016077938299400105,0.08641659078343379
92,4,400316,flow,1,400125,flow,9,0.0020967357435009507,0.018265574535035505,-0.06898860543977371
92,4,400316,flow,3,400039,flow,2,6.687347174264897e-05,0.0009985945313800329,-0.08932378948411364
92,4,400316,flow,4,400316,flow,1,1.3629234653909528e-05,0.0002508661853638226,0.09741020273858712
92,4,400316,flow,4,400316,flow,3,1.8649560539889479e-06,4.207107129625198e-05,-0.10674180700190519
92,4,400316,flow,4,400316,flow,4,0.006666986721456149,0.0453493664567636,-0.06086065839853364
92,4,400316,flow,4,400316,flow,7,0.00069564421895287,0.007466127105883978,-0.07603605468171543
92,4,400316,flow,4,400316,flow,8,1.8991961029303503e-06,4.2776471140037084e-05,-0.1066601552808311
92,4,400316,flow,4,400316,flow,11,0.0028078507621279026,0.022982029731702422,0.06699935085753136
92,4,400316,flow,5,400503,flow,1,0.00022769700222281873,0.0028846071835852694,0.08262476952654395
92,4,400316,flow,5,400503,flow,2,5.535126650920361e-07,1.391026592901452e-05,0.11206517450317734
92,4,400316,flow,5,400503,flow,12,0.0003204059331170389,0.0038598818490396206,0.08066087342435709
92,4,400316,flow,6,405843,flow,1,0.0013208728996161605,0.012604751328345069,0.0720136408421632
92,4,400316,flow,6,405843,flow,12,8.357691257255255e-05,0.0012189475432593754,0.08815787981138958
92,4,400316,flow,7,408093,flow,12,0.002341775886790906,0.019926081999087478,0.06824787993189063
92,4,400316,flow,8,401448,flow,1,2.0169569296799123e-06,4.526365681151803e-05,0.10638973515720052
92,4,400316,flow,9,402391,flow,1,3.2040028258561926e-07,8.528214545717038e-06,0.11438373105070877
92,4,400316,flow,9,402391,flow,2,5.6323804280234275e-06,0.00011520778148229738,0.10166878295735844
92,4,400316,flow,9,402391,flow,3,0.00019574299628115588,0.0025393686004041844,0.08348086118293678
92,4,400316,flow,9,402391,flow,11,0.0009418860818235437,0.009612795085704364,0.07415892181107037
92,4,400316,flow,9,402391,flow,12,1.1482311869026985e-07,3.269847546090743e-06,0.1186178545693319
92,4,400316,flow,10,400497,flow,1,4.939541540940989e-11,2.1360179636501572e-09,0.1467811322534689
92,4,400316,flow,10,400497,flow,5,4.270926136165638e-05,0.0006758388611075295,0.09169308374228374
92,4,400316,flow,10,400497,flow,8,2.2224295312406046e-09,8.255284243301299e-08,-0.13368342467308492
92,4,400316,flow,10,400497,flow,9,1.3056371998848515e-06,3.0455468161460898e-05,-0.10833018972951552
92,4,400316,flow,10,400497,flow,11,8.828197790512163e-12,4.1409136216083107e-10,0.15233690587168838
92,4,400316,flow,10,400497,flow,12,5.808854972832946e-30,8.068891795060554e-28,0.25122082574855403
92,4,400316,flow,12,404520,flow,3,6.326237074706465e-10,2.459886963342208e-08,-0.13810881550027226
92,4,400316,flow,12,404520,flow,10,0.00013839593525304307,0.0018806871352411011,0.08541423975301358
92,4,400316,flow,12,404520,flow,11,1.3467827243777726e-08,4.5136550576508754e-07,0.12701942445610534
92,4,400316,flow,12,404520,flow,12,6.872168499941215e-17,5.208380336797553e-15,0.18583369486025272
92,4,400316,flow,14,401469,flow,1,0.00022723578417907872,0.002879608646681197,0.08263630190110453
92,4,400316,flow,14,401469,flow,5,0.002676539972141892,0.022112550544373635,0.06734307801712637
92,4,400316,flow,15,401472,flow,9,0.0021977820965275933,0.018962290107847418,-0.0686740187922147
92,4,400316,flow,15,401472,flow,10,0.0007760995068061282,0.008173451656271268,-0.0753629080053175
92,4,400316,flow,16,405838,flow,1,0.0003782471896375591,0.004453605503500287,0.07969101257167636
92,4,400316,flow,16,405838,flow,7,0.003900030547911791,0.029785789164738365,0.0647358610634603
92,4,400316,flow,17,400260,flow,1,0.0003324081242016449,0.003985576176938957,0.08044686700986717
92,4,400316,flow,17,400260,flow,2,0.0011204712967790684,0.011107012395790674,0.07306438766797489
92,4,400316,flow,17,400260,flow,3,0.0004446641752829864,0.005130164799073091,0.0787353465974968
92,4,400316,flow,17,400260,flow,6,8.350628624855382e-07,2.013097972063351e-05,0.11029048099328558
92,4,400316,flow,17,400260,flow,9,2.106758905162021e-05,0.00036433941034026945,-0.0952833077969572
92,4,400316,flow,17,400260,flow,10,6.5690444597754245e-06,0.0001308357402776848,-0.10094366838303977
92,4,400316,flow,18,404528,flow,1,3.598254392544349e-13,1.9406315824958288e-11,0.16215264627007486
92,4,400316,flow,18,404528,flow,2,1.7918389436561444e-14,1.1218469908108035e-12,0.1708337738697469
92,4,400316,flow,18,404528,flow,3,2.2969037087100424e-11,1.0390182221599354e-09,0.14927737368659008
92,4,400316,flow,18,404528,flow,4,0.0022414025243930337,0.019250216511685698,0.06854229276193845
92,4,400316,flow,18,404528,flow,5,2.640326714560453e-08,8.405461611570491e-07,0.12443984643082544
92,4,400316,flow,18,404528,flow,7,0.0025176080708389824,0.021089910541059537,0.06775890074072662
92,4,400316,flow,19,401795,flow,6,9.846355722472453e-05,0.0014070875527979157,0.0872748051422825
92,4,400316,occupancy,1,400125,flow,1,1.0288169337047107e-07,2.9669487006704604e-06,0.119062342057587
92,4,400316,occupancy,1,400125,flow,2,0.0001249747393971996,0.001723789508926891,0.08597558632829522
92,4,400316,occupancy,1,400125,flow,9,0.00037331155578224307,0.0044014899590046124,0.07976815556709145
92,4,400316,occupancy,1,400125,flow,10,1.0086936974428695e-05,0.0001923017110747218,0.09889582367715155
92,4,400316,occupancy,1,400125,flow,11,1.3432726054047825e-09,5.085834930191639e-08,0.13548800083741586
92,4,400316,occupancy,1,400125,flow,12,1.865158651481585e-09,6.994344943055943e-08,0.1343142757420566
92,4,400316,occupancy,4,400316,flow,8,1.5690685895966655e-06,3.5858372312845946e-05,0.10751420294511503
92,4,400316,occupancy,4,400316,flow,9,2.0863537811497634e-18,1.7135072879404901e-16,0.1946422598687469
92,4,400316,occupancy,4,400316,flow,10,2.4155744788885895e-25,2.931258918201884e-23,0.23042215040792782
92,4,400316,occupancy,4,400316,flow,11,5.1578843484492536e-20,4.699141148214876e-18,0.20353229876940943
92,4,400316,occupancy,4,400316,flow,12,3.95221433287506e-06,8.336702108408331e-05,0.10332035182770606
92,4,400316,occupancy,5,400503,flow,1,7.824095511641266e-12,3.689966442171427e-10,0.15271885606475688
92,4,400316,occupancy,5,400503,flow,2,2.0892874297051653e-05,0.0003618974216650487,0.09532486744393556
92,4,400316,occupancy,5,400503,flow,3,0.003056454423818721,0.024615740326056817,0.0664338164990523
92,4,400316,occupancy,5,400503,flow,4,6.036241892521745e-05,0.0009143255601575714,0.08988732941113058
92,4,400316,occupancy,5,400503,flow,5,5.967151288532964e-07,1.4935164291113791e-05,0.11174284460667291
92,4,400316,occupancy,5,400503,flow,6,2.936843822170173e-06,6.393843850446528e-05,0.10468575400712658
92,4,400316,occupancy,5,400503,flow,7,6.540244964390865e-07,1.6154292879455993e-05,0.11134832545726825
92,4,400316,occupancy,5,400503,flow,8,9.41554966729947e-10,3.62847230711273e-08,0.13674738138228662
92,4,400316,occupancy,5,400503,flow,9,2.0095924547839706e-11,9.147986727783722e-10,0.14970872976196237
92,4,400316,occupancy,5,400503,flow,10,1.9380483351871262e-18,1.6008353361392705e-16,0.1948236154263339
92,4,400316,occupancy,5,400503,flow,11,2.489662898771607e-22,2.616871951993514e-20,0.21566401379582104
92,4,400316,occupancy,5,400503,flow,12,9.218318446948154e-20,8.160478625167219e-18,0.20216453747532684
92,4,400316,occupancy,6,405843,flow,1,7.784888163802317e-13,4.066592124259494e-11,0.15984142663839498
92,4,400316,occupancy,6,405843,flow,2,1.981385048250262e-05,0.00034472748322356557,0.09558910793054093
92,4,400316,occupancy,6,405843,flow,3,0.00029491136469852347,0.003610136286476683,0.0811415207812961
92,4,400316,occupancy,6,405843,flow,4,5.7897069893840435e-06,0.00011789224096070175,0.10153928499233042
92,4,400316,occupancy,6,405843,flow,5,3.6786353585570137e-09,1.3365605339752984e-07,0.13185284859398055
92,4,400316,occupancy,6,405843,flow,6,6.73435875530239e-08,2.0233942393647065e-06,0.12076277610071405
92,4,400316,occupancy,6,405843,flow,7,9.008078236160472e-05,0.0013031984989905466,0.08775516934814909
92,4,400316,occupancy,6,405843,flow,8,6.724584999453858e-05,0.0010031148894212936,0.08931679381095806
92,4,400316,occupancy,6,405843,flow,9,1.1673624968501295e-08,3.9521990488969904e-07,0.1275607131176307
92,4,400316,occupancy,6,405843,flow,10,6.121542972395835e-16,4.293030136485391e-14,0.18009203675955762
92,4,400316,occupancy,6,405843,flow,11,2.325718503007283e-21,2.315000906219231e-19,0.21067251263578401
92,4,400316,occupancy,6,405843,flow,12,3.274146519319352e-11,1.447729064837216e-09,0.14812695461374484
92,4,400316,occupancy,7,408093,flow,1,1.2574807430555236e-09,4.781969022887202e-08,0.1357227899809331
92,4,400316,occupancy,7,408093,flow,2,5.544069589352481e-10,2.171385369537871e-08,0.13860349327159052
92,4,400316,occupancy,7,408093,flow,3,6.580629458242819e-09,2.315009711694542e-07,0.1297086226337957
92,4,400316,occupancy,7,408093,flow,4,3.708349996024383e-08,1.1500410612222064e-06,0.12311820331416357
92,4,400316,occupancy,7,408093,flow,5,8.650232093246e-08,2.538655070843935e-06,0.11976099085758242
92,4,400316,occupancy,7,408093,flow,6,9.930884489622715e-07,2.3676280902411773e-05,0.10953429724463341
92,4,400316,occupancy,7,408093,flow,7,5.140706035432688e-07,1.3009871161727717e-05,0.11238136021258295
92,4,400316,occupancy,7,408093,flow,8,1.036781399235283e-07,2.9799704888199753e-06,0.11903118057282709
92,4,400316,occupancy,7,408093,flow,9,2.7582844523441135e-09,1.0158387752878576e-07,0.13290181406671184
92,4,400316,occupancy,7,408093,flow,10,1.9503009394050857e-09,7.300953256698415e-08,0.13415387531881315
92,4,400316,occupancy,7,408093,flow,11,5.735804435174795e-09,2.0377199967068352e-07,0.13021833413960604
92,4,400316,occupancy,7,408093,flow,12,6.264620759014941e-07,1.559836408008331e-05,0.11153372314453869
92,4,400316,occupancy,8,401448,flow,1,2.0215491779994635e-11,9.183062512048036e-10,0.1496896072137879
92,4,400316,occupancy,8,401448,flow,2,1.3318707047784312e-08,4.4671439787599557e-07,0.12706165894754878
92,4,400316,occupancy,8,401448,flow,3,2.8403771043612905e-05,0.00047467810796289267,0.09378088965473817
92,4,400316,occupancy,8,401448,flow,4,0.0002658983668542313,0.0033027054192359957,0.08173828601700553
92,4,400316,occupancy,8,401448,flow,5,0.0005199769700361277,0.005833031707494344,0.0778010723110213
92,4,400316,occupancy,8,401448,flow,6,0.0004623125709380676,0.00529197219515753,0.07850386534881854
92,4,400316,occupancy,8,401448,flow,7,0.0021130539257188667,0.01835959967639884,0.06893687429411399
92,4,400316,occupancy,8,401448,flow,8,0.0009230216915569645,0.009462396078609603,0.07428554268500577
92,4,400316,occupancy,8,401448,flow,9,5.8077210871250105e-06,0.00011801201832728149,0.10152467264522509
92,4,400316,occupancy,8,401448,flow,10,5.460956520035593e-10,2.1427186345643742e-08,0.13865606711243533
92,4,400316,occupancy,8,401448,flow,11,6.59145413883522e-15,4.293081748536781e-13,0.1736289563550265
92,4,400316,occupancy,8,401448,flow,12,6.8439244495225885e-18,5.465019153777742e-16,0.19169559495961083
92,4,400316,occupancy,9,402391,flow,1,2.540841583567859e-20,2.396601668343483e-18,0.20513635508868008
92,4,400316,occupancy,9,402391,flow,2,1.0738090415668144e-15,7.39849291797231e-14,-0.17858556436657205
92,4,400316,occupancy,9,402391,flow,3,4.439901427661869e-12,2.1550982210673342e-10,-0.1544984038602861
92,4,400316,occupancy,9,402391,flow,4,2.1152395393452004e-07,5.779781663485937e-06,-0.1161149539449794
92,4,400316,occupancy,9,402391,flow,5,3.609650634360617e-06,7.694168071732323e-05,-0.10373905151758442
92,4,400316,occupancy,9,402391,flow,6,2.7848982750877345e-05,0.00046594734889151873,-0.09388076483068501
92,4,400316,occupancy,9,402391,flow,7,1.7330920612661616e-05,0.00030859513388441066,-0.09625329049709548
92,4,400316,occupancy,9,402391,flow,8,0.0014495292958272533,0.013580495679838938,-0.07141413917820649
92,4,400316,occupancy,9,402391,flow,10,0.0033800714370595146,0.026660413744928068,0.06573722277516987
92,4,400316,occupancy,9,402391,flow,11,0.000673196728372264,0.007257823475338609,0.07623677718974627
92,4,400316,occupancy,10,400497,flow,3,3.0630780919672077e-15,2.051549977875711e-13,0.17573993676127872
92,4,400316,occupancy,10,400497,flow,4,6.920985643412619e-27,8.898410112959082e-25,0.23759360891005485
92,4,400316,occupancy,10,400497,flow,5,1.1107304302952662e-10,4.663124838557386e-09,0.14409225142250917
92,4,400316,occupancy,10,400497,flow,8,2.0852995246245373e-12,1.0474992960904652e-10,0.1568402739734067
92,4,400316,occupancy,10,400497,flow,9,2.3197477236094757e-66,5.1656237969035745e-64,0.3723937154519719
92,4,400316,occupancy,10,400497,flow,10,1.2330046814640069e-111,4.552632670020949e-109,0.4737212599197781
92,4,400316,occupancy,10,400497,flow,11,2.856464000187025e-78,7.345193143338065e-76,0.4026114415784667
92,4,400316,occupancy,10,400497,flow,12,2.438390316002055e-08,7.820227294082314e-07,0.12474744342488005
92,4,400316,occupancy,11,405841,flow,4,0.00012114490380283962,0.0016779287734154124,0.08614620070333281
92,4,400316,occupancy,11,405841,flow,5,5.185376421313685e-05,0.0008003153319069353,0.09068448010351121
92,4,400316,occupancy,11,405841,flow,6,0.00013686065589205756,0.0018633407924793213,0.08547579123470456
92,4,400316,occupancy,11,405841,flow,7,1.6303633904108583e-05,0.00029285529507587976,0.09655499565292447
92,4,400316,occupancy,11,405841,flow,8,0.0005452181886254711,0.006062657850352729,0.07751605337533733
92,4,400316,occupancy,11,405841,flow,9,2.3344095970306523e-05,0.0003984452571778909,0.09476984447062353
92,4,400316,occupancy,11,405841,flow,10,2.7129275244687055e-06,5.9734184024999016e-05,0.10504758630019123
92,4,400316,occupancy,11,405841,flow,11,0.0022041881869650686,0.018994799456790536,0.06865452434689275
92,4,400316,occupancy,12,404520,flow,2,2.9473481869473625e-05,0.0004902789436893572,-0.0935934400555055
92,4,400316,occupancy,12,404520,flow,4,0.0031127106908206224,0.024979905466172875,0.06630804241436528
92,4,400316,occupancy,12,404520,flow,5,1.340750174065451e-07,3.763509260534599e-06,0.11798768312840688
92,4,400316,occupancy,12,404520,flow,6,6.536050289959887e-09,2.303078079333337e-07,0.1297338844954745
92,4,400316,occupancy,12,404520,flow,7,4.9093876334348914e-11,2.1251056689818365e-09,0.14680126327431828
92,4,400316,occupancy,12,404520,flow,8,5.166879734727005e-20,4.699141148214876e-18,0.20352820894570597
92,4,400316,occupancy,12,404520,flow,9,2.468009115874198e-33,3.702013673811297e-31,0.2652648811413734
92,4,400316,occupancy,12,404520,flow,10,3.251287393374735e-36,5.202059829399577e-34,0.27662497349121784
92,4,400316,occupancy,12,404520,flow,11,5.473781951177352e-19,4.701140761249734e-17,0.1979059078474406
92,4,400316,occupancy,13,400183,flow,4,0.0011636535824154305,0.011435358225738535,0.0728240803839148
92,4,400316,occupancy,13,400183,flow,5,0.006283827668587817,0.04340603698161076,0.061298511474582915
92,4,400316,occupancy,14,401469,flow,1,7.663835280604803e-21,7.423266460137387e-19,0.20795603683132405
92,4,400316,occupancy,14,401469,flow,2,1.5111197120675028e-16,1.1139995146982274e-14,0.18378647846918447
92,4,400316,occupancy,14,401469,flow,3,2.1705841405370813e-15,1.474359038855376e-13,0.17668019524565134
92,4,400316,occupancy,14,401469,flow,4,4.3939792727513406e-13,2.3492562448373503e-11,0.16155754741951306
92,4,400316,occupancy,14,401469,flow,5,3.2182166266309627e-15,2.1454777510873084e-13,0.17560463141710084
92,4,400316,occupancy,14,401469,flow,6,4.16218760726451e-15,2.7451374753256007e-13,0.1748984836666703
92,4,400316,occupancy,14,401469,flow,7,2.222836648617303e-13,1.2342743344507391e-11,0.16357829826204504
92,4,400316,occupancy,14,401469,flow,8,3.5511857622310345e-10,1.4364346903406431e-08,0.14014568566394395
92,4,400316,occupancy,14,401469,flow,9,1.2348633777904203e-13,6.982473549809707e-12,0.16530116819665058
92,4,400316,occupancy,14,401469,flow,10,7.46043523826673e-13,3.906555179310579e-11,0.15996980399876284
92,4,400316,occupancy,14,401469,flow,11,4.0207629105449847e-16,2.8757774459527045e-14,0.18121032703763326
92,4,400316,occupancy,14,401469,flow,12,5.664620092109886e-14,3.3158751758692015e-12,0.1675573441354433
92,4,400316,occupancy,15,401472,flow,1,2.0795236776173303e-98,7.244792167182958e-96,0.44742158374630353
92,4,400316,occupancy,15,401472,flow,2,3.5109733817004167e-85,1.01116033392972e-82,0.41880334973618183
92,4,400316,occupancy,15,401472,flow,3,4.709907934307347e-76,1.1829536207097523e-73,0.3972203685109351
92,4,400316,occupancy,15,401472,flow,4,7.322391106310041e-73,1.787159863234993e-70,0.3892796329641866
92,4,400316,occupancy,15,401472,flow,5,1.897264150095245e-68,4.4303681775197075e-66,0.37792515686282196
92,4,400316,occupancy,15,401472,flow,6,5.108417446963773e-60,1.0360733976940611e-57,0.35488640730767795
92,4,400316,occupancy,15,401472,flow,7,6.936185272228258e-53,1.2696745922044947e-50,0.3337771028343015
92,4,400316,occupancy,15,401472,flow,8,7.009891546042741e-54,1.3281899771449404e-51,0.3368231428338807
92,4,400316,occupancy,15,401472,flow,9,1.8064187580984563e-62,3.8824522562116074e-60,0.3617832057922025
92,4,400316,occupancy,15,401472,flow,10,1.0187085457125628e-81,2.8210390496655587e-79,0.41080170359636814
92,4,400316,occupancy,15,401472,flow,11,1.0566304267457367e-95,3.484460643924872e-93,0.4418682727213636
92,4,400316,occupancy,15,401472,flow,12,1.2540502815256632e-91,3.925722620428163e-89,0.4331476978397455
92,4,400316,occupancy,16,405838,flow,1,3.024428371600768e-11,1.3455747235134212e-09,0.14838519319276627
92,4,400316,occupancy,16,405838,flow,2,3.1186034372126106e-05,0.000515195672992676,0.09330639049117159
92,4,400316,occupancy,16,405838,flow,3,0.0001918286062745327,0.0024975876404640784,0.08359462438591822
92,4,400316,occupancy,16,405838,flow,4,2.330328178654197e-05,0.0003980631764249163,0.09477862283382348
92,4,400316,occupancy,16,405838,flow,5,6.46062332818907e-05,0.0009697669484981507,0.0895287496283665
92,4,400316,occupancy,16,405838,flow,6,0.004652929464288304,0.03435422198893433,0.06348216930362553
92,4,400316,occupancy,17,400260,flow,1,5.04491073079471e-19,4.367537947301232e-17,0.19810308041313865
92,4,400316,occupancy,17,400260,flow,2,6.285982338806646e-13,3.307605810431755e-11,0.16048530075387962
92,4,400316,occupancy,17,400260,flow,3,1.3757669883045032e-12,7.016898925000536e-11,0.15811411147011897
92,4,400316,occupancy,17,400260,flow,4,1.1651092189472481e-08,3.9507628146405904e-07,0.12756801260799336
92,4,400316,occupancy,17,400260,flow,5,9.817929363978162e-06,0.00018775323086492104,0.09902606702921504
92,4,400316,occupancy,17,400260,flow,10,1.498614030332877e-06,3.4381373399033605e-05,0.10771872299816623
92,4,400316,occupancy,17,400260,flow,11,6.845913219722175e-14,3.969710752912725e-12,0.16701184530371876
92,4,400316,occupancy,17,400260,flow,12,1.234865727447735e-18,1.0258884504950413e-16,0.19592831723299947
92,4,400316,occupancy,18,404528,flow,1,2.574018078427372e-34,3.971342178145088e-32,0.2691332781057229
92,4,400316,occupancy,18,404528,flow,2,1.5716947731327728e-20,1.4922464659194677e-18,0.20625059693569303
92,4,400316,occupancy,18,404528,flow,3,4.548491046293007e-15,2.990788633178963e-13,0.17465413421679962
92,4,400316,occupancy,18,404528,flow,4,2.007879407769772e-11,9.147986727783722e-10,0.14971147857338848
92,4,400316,occupancy,18,404528,flow,5,1.830073366274686e-08,5.980270001744814e-07,0.12585082252892849
92,4,400316,occupancy,18,404528,flow,6,9.970752683556274e-05,0.0014227095261894894,0.08720683317502365
92,4,400316,occupancy,18,404528,flow,8,0.0006360958303798749,0.006921748078692846,0.07658257945973142
92,4,400316,occupancy,18,404528,flow,9,6.9686252105986e-07,1.7173109475063292e-05,0.11107460479229758
92,4,400316,occupancy,18,404528,flow,10,2.3604620490928767e-13,1.3023238891546905e-11,0.16340118326138292
92,4,400316,occupancy,18,404528,flow,11,3.3834967151688415e-15,2.2487239706968302e-13,0.17546736666925378
92,4,400316,occupancy,18,404528,flow,12,1.1610647662525778e-10,4.8649852475374745e-09,0.1439437392689738
92,4,400316,occupancy,19,401795,flow,1,0.0002393375203958154,0.0030100089901307784,0.08234073297271477
92,4,400316,occupancy,19,401795,flow,3,0.0033551333893005737,0.02651212043493411,0.06578869351124142
92,4,400316,occupancy,19,401795,flow,4,0.0026226187216392698,0.02177116233182484,0.06748156543437446
92,4,400316,occupancy,19,401795,flow,5,3.615415764784533e-05,0.0005867241211070317,0.09255120812782272
92,4,400316,occupancy,19,401795,flow,10,0.004767158799947482,0.035072220746963964,0.0633082692213792
92,4,400316,occupancy,19,401795,flow,11,1.2452758988971989e-06,2.9157679583934413e-05,0.10853939587575961
92,4,400316,occupancy,19,401795,flow,12,1.5185519894536524e-06,3.478337536818546e-05,0.1076599241043082
92,4,400316,speed,4,400316,flow,10,0.0040179729908149395,0.030505524288788295,-0.06452570178062092
92,4,400316,speed,4,400316,flow,11,0.0012013305623365695,0.01173354743227217,-0.07262104493787143
92,4,400316,speed,5,400503,flow,2,0.004452725842136769,0.03315941327017901,-0.06379649305430639
92,4,400316,speed,6,405843,flow,1,0.006776277877594631,0.045912045845685076,-0.06073991318570093
92,4,400316,speed,6,405843,flow,5,0.007514642079413046,0.049615243440416255,-0.05996715424690498
92,4,400316,speed,10,400497,flow,11,0.0012293958912900525,0.01193749213390206,-0.07247359049756211
92,4,400316,speed,10,400497,flow,12,0.005123456761887306,0.03713023521448274,-0.06278906159342121
92,4,400316,speed,11,405841,flow,5,0.007339646509900769,0.048727943634195976,-0.06014393251201023
92,4,400316,speed,12,404520,flow,10,0.0009366236389577808,0.009574571983666857,-0.07419400636136256
92,4,400316,speed,12,404520,flow,11,0.0010513286728606572,0.010527908824195733,-0.07346759298084721
92,4,400316,speed,14,401469,flow,2,0.0014596064619224471,0.01364531468406183,-0.0713692779723209
92,4,400316,speed,14,401469,flow,8,0.0012212423443231466,0.011893072424427397,-0.07251610610952348
92,4,400316,speed,14,401469,flow,9,0.0041297442816929895,0.031211503318603423,-0.06433164121300135
92,4,400316,speed,15,401472,flow,1,0.0007150791383031762,0.007638827590182297,-0.07586707078564334
92,4,400316,speed,15,401472,flow,3,0.0002936647434790067,0.0035979344634977568,-0.08116600834752252
92,4,400316,speed,15,401472,flow,4,0.001046950801376792,0.010491365024235077,-0.07349394040375369
92,4,400316,speed,15,401472,flow,5,0.003515757665024327,0.02747480664418432,-0.06546308452637396
92,4,400316,speed,15,401472,flow,6,0.004400989889193017,0.03285910183427901,-0.06387979850004837
92,4,400316,speed,15,401472,flow,7,5.9263284602527754e-05,0.0009008352902284304,-0.0899840882777254
92,4,400316,speed,15,401472,flow,8,0.000305538045806749,0.0037170497265140968,-0.08093662566443453
92,4,400316,speed,15,401472,flow,9,0.0030217975173744967,0.024395748972262803,-0.06651235440350353
92,4,400316,speed,15,401472,flow,10,0.0005235833227439394,0.005865871250658243,-0.07775957134474021
92,4,400316,speed,15,401472,flow,11,0.00024279054416929464,0.003047225888469939,-0.08225896654515005
92,4,400316,speed,15,401472,flow,12,4.943924591017721e-06,0.0001026321683478931,-0.10227951269351689
92,4,400316,speed,17,400260,flow,5,0.0051331308588024455,0.03718786736546464,-0.0627754245744151
92,5,400503,flow,1,400125,flow,2,0.0005703406242892228,0.006309530081765537,0.07724432124525347
92,5,400503,flow,1,400125,flow,5,0.0032907226778375455,0.02611300875874026,0.06592326218581875
92,5,400503,flow,1,400125,flow,11,0.005890645249286424,0.041405121179494554,0.061773532286623876
92,5,400503,flow,1,400125,flow,12,0.00015358726861090991,0.002057355039997305,0.0848376179330776
92,5,400503,flow,2,400331,flow,11,0.0018488430008257236,0.01652738028727843,0.06982355061256419
92,5,400503,flow,4,400316,flow,9,0.0004120369474583314,0.0048059985809221556,0.07918682030020162
92,5,400503,flow,4,400316,flow,11,0.004571235530709039,0.033861003931178066,0.06360892328286763
92,5,400503,flow,5,400503,flow,1,1.3426318479683911e-78,3.494078062182801e-76,0.4031217702153808
92,5,400503,flow,5,400503,flow,2,5.29330806605645e-30,7.37648091785931e-28,0.2512716208040744
92,5,400503,flow,5,400503,flow,3,2.130122676974595e-12,1.0687723536039781e-10,0.1567358390142526
92,5,400503,flow,5,400503,flow,11,0.0007294928723373803,0.007756623119649568,0.07574447740786941
92,5,400503,flow,6,405843,flow,1,0.0009380809730496776,0.009584933310252147,0.07418427212478904
92,5,400503,flow,6,405843,flow,5,4.43274082536363e-05,0.0006963432860207593,0.09150055260095395
92,5,400503,flow,6,405843,flow,12,0.00040482521705184334,0.0047304434343088,0.07929110252484137
92,5,400503,flow,7,408093,flow,1,0.005890043650238203,0.041405121179494554,0.061774280717357306
92,5,400503,flow,7,408093,flow,2,0.002541085282017654,0.021228946854218264,0.06769599161155096
92,5,400503,flow,7,408093,flow,4,0.00011304352979470608,0.0015824628927839607,0.0865245159247556
92,5,400503,flow,7,408093,flow,9,3.7582073754740325e-05,0.0006061887237300018,0.09235237606206666
92,5,400503,flow,8,401448,flow,1,0.0007872807604651737,0.008269032057402263,0.07527453430644086
92,5,400503,flow,8,401448,flow,2,3.85992454595911e-05,0.0006195829851171321,0.0922150629420689
92,5,400503,flow,8,401448,flow,3,0.0028135649564279166,0.02302443760516878,0.0670022944472159
92,5,400503,flow,8,401448,flow,4,1.7597325249471522e-05,0.0003124555901262514,0.09617783216501695
92,5,400503,flow,8,401448,flow,6,0.0023573063751235403,0.020020990392808895,0.0682033617417498
92,5,400503,flow,8,401448,flow,8,0.0014511251438861876,0.01359226673442964,0.07140701572889725
92,5,400503,flow,8,401448,flow,12,0.0002910055268023974,0.0035714314653021496,0.08121857054686943
92,5,400503,flow,9,402391,flow,1,0.0011703557523748244,0.011488154624538154,0.07278752374740205
92,5,400503,flow,9,402391,flow,2,4.7773302893455934e-05,0.0007464038643751524,0.09111182127463423
92,5,400503,flow,10,400497,flow,4,0.006834048169432265,0.046209040811687106,0.06067679327046908
92,5,400503,flow,10,400497,flow,7,4.234368309636119e-05,0.0006710370908887761,-0.09173753776489442
92,5,400503,flow,10,400497,flow,10,3.3044687130066426e-06,7.09508192852321e-05,0.10414546267009987
92,5,400503,flow,10,400497,flow,11,1.1253915504487602e-05,0.000212115684901337,0.09836669064776352
92,5,400503,flow,11,405841,flow,1,0.002542207915529624,0.02123105339244707,0.06769299674886063
92,5,400503,flow,11,405841,flow,6,0.004266234407259375,0.032030122765659544,0.06410102023992953
92,5,400503,flow,11,405841,flow,11,0.00011733354694970654,0.001630366429149991,0.08632111327881051
92,5,400503,flow,12,404520,flow,9,0.00022104259119377096,0.002816825940876373,0.08279332170176235
92,5,400503,flow,12,404520,flow,11,0.002356871804025973,0.020020990392808895,0.06820460378679377
92,5,400503,flow,13,400183,flow,5,0.006280010530740013,0.04340603698161076,0.061302992983379684
92,5,400503,flow,14,401469,flow,2,0.0006729904732580057,0.007257823475338609,0.07623865015699631
92,5,400503,flow,14,401469,flow,3,0.0019683444970656516,0.017365758295971374,0.06940900938350773
92,5,400503,flow,14,401469,flow,4,0.00021112626598740244,0.0027072290562943856,0.0830535447350277
92,5,400503,flow,14,401469,flow,5,0.00028651628679807184,0.0035220878077412464,0.08130833387608846
92,5,400503,flow,14,401469,flow,6,0.004574434470649222,0.03387308349880809,0.06360392147658372
92,5,400503,flow,14,401469,flow,9,1.4016295211884136e-05,0.00025689603443079963,0.09729764351597261
92,5,400503,flow,14,401469,flow,10,0.0002075316562095229,0.002669853349687728,0.08315071442340825
92,5,400503,flow,14,401469,flow,11,2.8728450465862606e-05,0.00047936232527047684,0.09372329580030073
92,5,400503,flow,14,401469,flow,12,0.0031839482491802973,0.02540571931374009,0.06615171267642612
92,5,400503,flow,15,401472,flow,1,2.547237968071632e-12,1.2706776007008604e-10,0.15622365877725106
92,5,400503,flow,15,401472,flow,2,3.122142260565539e-08,9.803690881779435e-07,0.12378940146791362
92,5,400503,flow,15,401472,flow,3,5.384516458946233e-06,0.00011066180353305294,0.1018799964189194
92,5,400503,flow,15,401472,flow,4,2.982247346787699e-06,6.483798962316487e-05,0.10461562215522474
92,5,400503,flow,15,401472,flow,5,1.1317469921652194e-05,0.00021312759399100907,0.09833939982177502
92,5,400503,flow,15,401472,flow,6,0.002712277096205512,0.022343701479038542,0.0672526905659715
92,5,400503,flow,15,401472,flow,12,0.0011751427369657533,0.01152205316316853,0.07276153154427623
92,5,400503,flow,17,400260,flow,2,1.5623424003773744e-05,0.00028251649935664535,0.09676489880069282
92,5,400503,flow,17,400260,flow,3,0.0001544811240475545,0.0020674053775880897,0.08480538536678293
92,5,400503,flow,17,400260,flow,4,0.006638727795057644,0.04519984881741375,0.060892168159757884
92,5,400503,flow,17,400260,flow,5,0.001963875625018184,0.017341997117556233,0.06942409059843925
92,5,400503,flow,18,404528,flow,1,9.846135341046846e-10,3.787649570197896e-08,0.13658952746019518
92,5,400503,flow,18,404528,flow,12,0.0007810146553421296,0.008213201828330087,0.07532391545338671
92,5,400503,flow,19,401795,flow,2,0.006166331174258795,0.042799727944726855,0.06143759425217764
92,5,400503,flow,19,401795,flow,3,0.0006075248906545847,0.006657807020872161,0.07686190119519885
92,5,400503,flow,19,401795,flow,12,0.0014303883320087338,0.01344490338180533,0.07150014702986378
92,5,400503,occupancy,5,400503,flow,3,0.004451473559959531,0.033155803067284786,-0.0637984991090911
92,5,400503,occupancy,7,408093,flow,2,0.0024205087134086304,0.02041506763359095,0.0680249166759364
92,5,400503,occupancy,7,408093,flow,9,0.003086937001181578,0.02481959397934937,0.0663654062352118
92,5,400503,occupancy,10,400497,flow,5,0.006894595838265228,0.04650219207073503,0.060611150899882005
92,5,400503,occupancy,10,400497,flow,11,0.0020383643591588884,0.01785501807632966,0.0691767230455179
92,5,400503,occupancy,14,401469,flow,6,0.005426648361267948,0.03883883518998929,0.06237232054837558
92,5,400503,occupancy,17,400260,flow,11,0.0011542411705734068,0.011371948851789465,0.07287574953857894
92,5,400503,occupancy,18,404528,flow,1,0.0004760976335456569,0.005433290935384487,0.07832871850206324
92,5,400503,speed,16,405838,flow,5,0.0026852727961169955,0.02216774026223088,-0.06732088939826159
92,6,405843,flow,0,400593,flow,7,0.004831470133665886,0.03545430775851304,0.06321201447921877
92,6,405843,flow,1,400125,flow,1,0.00041027165457489594,0.0047889044792314255,0.07921218818530466
92,6,405843,flow,1,400125,flow,9,0.0019325359251688445,0.017118218570287898,-0.06953074677905952
92,6,405843,flow,1,400125,flow,12,7.605461191978909e-05,0.0011217341191310647,0.08866233363524106
92,6,405843,flow,2,400331,flow,9,0.007331737953892269,0.04869672846398134,0.06015201053218683
92,6,405843,flow,3,400039,flow,3,0.0013348112728003513,0.012729326045248382,-0.07194615301405295
92,6,405843,flow,3,400039,flow,5,0.0030590189869310423,0.024631802466993667,-0.06642803710300317
92,6,405843,flow,3,400039,flow,7,0.00019328843125096057,0.002512807773109087,-0.0835519450238926
92,6,405843,flow,3,400039,flow,9,0.004628900961597778,0.03421774838142095,-0.06351924082581956
92,6,405843,flow,4,400316,flow,11,1.737289783001652e-05,0.0003089786686935832,0.09624132758442278
92,6,405843,flow,4,400316,flow,12,0.0009004466082784745,0.009281625740307827,0.07444025843686096
92,6,405843,flow,5,400503,flow,2,0.002100979410333425,0.018284763182413597,0.06897511695992496
92,6,405843,flow,5,400503,flow,4,0.0014721219140546601,0.013732599155076942,0.07131395750075757
92,6,405843,flow,5,400503,flow,6,4.425478121025817e-06,9.25366189875679e-05,0.10279577882781614
92,6,405843,flow,5,400503,flow,8,0.0036903037614667714,0.028529191570394512,0.06512424561218624
92,6,405843,flow,5,400503,flow,10,2.8136002201737387e-06,6.1574229742404e-05,0.10488149423386471
92,6,405843,flow,5,400503,flow,12,5.560453741284372e-05,0.0008503065544194154,0.0903188815230913
92,6,405843,flow,6,405843,flow,1,1.6462684162487732e-68,3.886272982620055e-66,0.37799873213250784
92,6,405843,flow,6,405843,flow,2,5.001815303737025e-41,8.507024453599979e-39,0.29441804015334916
92,6,405843,flow,6,405843,flow,3,0.004132254652274438,0.031225013289882055,0.0643111616671704
92,6,405843,flow,6,405843,flow,4,2.1616809201139326e-18,1.7720040939074362e-16,0.1945549620967244
92,6,405843,flow,6,405843,flow,5,1.1501068643141786e-06,2.7105628226062475e-05,0.10888991660572678
92,6,405843,flow,6,405843,flow,6,9.253997710012745e-14,5.3161263440498756e-12,0.16614003333813798
92,6,405843,flow,6,405843,flow,7,0.001663739718220117,0.015182415679575213,0.07051697983332687
92,6,405843,flow,6,405843,flow,9,0.0005234943369673863,0.005865871250658243,0.07776059216228819
92,6,405843,flow,6,405843,flow,11,1.3019981431435085e-06,3.038699069897329e-05,0.10834253635270955
92,6,405843,flow,7,408093,flow,1,1.7020051411599465e-16,1.252582999967797e-14,0.18347534475270638
92,6,405843,flow,7,408093,flow,2,1.1283808404103609e-05,0.00021258635981564583,0.0983538361105681
92,6,405843,flow,7,408093,flow,3,2.521599010039176e-09,9.318483937869325e-08,0.13322699340504845
92,6,405843,flow,7,408093,flow,4,4.280194684588466e-12,2.082256873583578e-10,0.15461275397734064
92,6,405843,flow,7,408093,flow,5,1.0507818873367663e-06,2.4941636007114454e-05,0.10928683353976672
92,6,405843,flow,7,408093,flow,6,6.629019654093472e-08,1.9984204400337613e-06,0.12082559005011248
92,6,405843,flow,7,408093,flow,8,2.7353601590290812e-08,8.676032222471094e-07,0.12430290455066383
92,6,405843,flow,7,408093,flow,9,4.123881341320342e-05,0.000655210275634567,0.09187413537125991
92,6,405843,flow,7,408093,flow,10,4.612395766171992e-13,2.4599444086250626e-11,0.16141270831908106
92,6,405843,flow,7,408093,flow,12,5.323239162772012e-05,0.0008189598711956942,0.09054727520328759
92,6,405843,flow,8,401448,flow,1,9.354948245804655e-07,2.2426956948876865e-05,0.10979552919863879
92,6,405843,flow,8,401448,flow,2,1.5042303433530795e-05,0.0002733813665664831,0.09695123837133185
92,6,405843,flow,8,401448,flow,6,2.5139315266199074e-06,5.566470627882112e-05,0.10539404563429842
92,6,405843,flow,8,401448,flow,8,0.0004183325911199838,0.004875092510489155,0.07909716816074998
92,6,405843,flow,8,401448,flow,12,2.415448803490315e-05,0.0004103318455005175,0.09459850020499569
92,6,405843,flow,9,402391,flow,1,1.648689343387358e-05,0.00029590103711812986,0.09649987083544276
92,6,405843,flow,9,402391,flow,4,0.006613519431152251,0.04507083758097133,0.06092037828721884
92,6,405843,flow,9,402391,flow,5,0.0025615662714671508,0.021371120688949575,0.06764154344103712
92,6,405843,flow,9,402391,flow,11,0.003002721415534655,0.024291678867246647,0.06655593479904229
92,6,405843,flow,10,400497,flow,2,0.0024427205845176385,0.02056871910281556,-0.06796321480354081
92,6,405843,flow,10,400497,flow,4,0.006084808442423434,0.042376870016555275,0.06153550234745803
92,6,405843,flow,10,400497,flow,5,8.788276375051564e-12,4.1266689065459515e-10,0.15235126047880584
92,6,405843,flow,10,400497,flow,6,0.0059520316718784496,0.041727972772662936,0.06169752284855047
92,6,405843,flow,10,400497,flow,8,0.00038621986137176275,0.004541289605677776,-0.07956836514269874
92,6,405843,flow,10,400497,flow,10,4.8998376827646876e-11,2.1251056689818365e-09,0.14680766411608656
92,6,405843,flow,10,400497,flow,11,1.103751746959454e-16,8.235246194930642e-15,0.18460548428225507
92,6,405843,flow,10,400497,flow,12,2.161655513959432e-08,7.000263733361878e-07,0.12521175409835522
92,6,405843,flow,11,405841,flow,5,0.0006069167905077499,0.00665283058866653,0.07686797798358555
92,6,405843,flow,11,405841,flow,6,0.003914114689993948,0.0298797940639227,0.06471046391488236
92,6,405843,flow,11,405841,flow,9,0.0015725033552755438,0.014475206679715214,0.07088528789990949
92,6,405843,flow,11,405841,flow,10,4.403845944404645e-05,0.0006923076593823896,0.09153443859066998
92,6,405843,flow,11,405841,flow,11,0.00018901346372244597,0.0024676281755242266,0.08367779605571439
92,6,405843,flow,11,405841,flow,12,0.00012464456729746737,0.0017203339639778243,0.08599009968584928
92,6,405843,flow,12,404520,flow,6,0.001979777255319646,0.017447241417749632,0.06937056945058816
92,6,405843,flow,12,404520,flow,11,9.506237734801699e-09,3.280107589005059e-07,0.12833438124061244
92,6,405843,flow,12,404520,flow,12,0.0011622194998953167,0.011426463904296242,0.07283192775854926
92,6,405843,flow,13,400183,flow,7,0.00020317149139909355,0.0026215676309560457,0.08327072137107129
92,6,405843,flow,13,400183,flow,9,0.0002908063432422632,0.0035710159261130667,0.08122252569630443
92,6,405843,flow,13,400183,flow,10,9.015218084014942e-06,0.00017409808727288578,0.09943600187495834
92,6,405843,flow,14,401469,flow,2,7.580102959477201e-05,0.0011184586955482235,0.088680148518487
92,6,405843,flow,14,401469,flow,4,5.69048204746063e-05,0.0008671210738987626,0.09019757285066475
92,6,405843,flow,14,401469,flow,5,0.0002951664183532289,0.0036119581804688453,0.08113652266542806
92,6,405843,flow,14,401469,flow,6,7.288113968259571e-05,0.0010786109058883641,0.08888943860580488
92,6,405843,flow,14,401469,flow,7,3.6106618929198876e-09,1.314254164988269e-07,0.13192104373386426
92,6,405843,flow,14,401469,flow,8,1.047346109892764e-07,3.0083345709685774e-06,0.11899020079295997
92,6,405843,flow,14,401469,flow,9,1.5926978487309274e-05,0.0002869247167021521,0.0966701719255857
92,6,405843,flow,14,401469,flow,10,0.0019060690246469915,0.01692890252153578,0.06962206301386609
92,6,405843,flow,14,401469,flow,11,0.0004572905571148244,0.005248393216620726,0.0785688849239275
92,6,405843,flow,14,401469,flow,12,1.5477162909913838e-05,0.00028022356986935365,0.09681116847827714
92,6,405843,flow,15,401472,flow,1,6.0716096532915795e-12,2.8918802317772463e-10,0.15351790889400582
92,6,405843,flow,15,401472,flow,2,9.416455712173442e-12,4.412048663404476e-10,0.1521324493987783
92,6,405843,flow,15,401472,flow,3,1.2560169458855245e-09,4.781969022887202e-08,0.13572692995615926
92,6,405843,flow,15,401472,flow,4,5.305506678433233e-10,2.087412463645862e-08,0.13875652701604693
92,6,405843,flow,15,401472,flow,5,8.175181570445067e-08,2.417302148139814e-06,0.11998770654010714
92,6,405843,flow,15,401472,flow,6,1.6494478407099832e-08,5.435251465955093e-07,0.12624803094045517
92,6,405843,flow,15,401472,flow,7,1.141080769229636e-08,3.8845302782285475e-07,0.1276467166648616
92,6,405843,flow,15,401472,flow,8,8.021673661132263e-11,3.410790375599545e-09,0.1451781820082824
92,6,405843,flow,15,401472,flow,9,5.500034258027706e-06,0.00011282121554928627,0.10178042728411639
92,6,405843,flow,15,401472,flow,10,2.7074098532512322e-08,8.600007769150973e-07,0.12434269550085092
92,6,405843,flow,15,401472,flow,11,2.0557825043994388e-10,8.433979505228468e-09,0.14201541143262714
92,6,405843,flow,15,401472,flow,12,5.03126334704515e-10,1.994041987085784e-08,0.1389409673868195
92,6,405843,flow,16,405838,flow,1,0.004194788385851634,0.03158704170625599,0.06422089105494486
92,6,405843,flow,16,405838,flow,6,0.0016263472678270422,0.014882059303140908,0.07066562523021337
92,6,405843,flow,16,405838,flow,7,0.006603693929033476,0.04501808075339217,0.060931399964350104
92,6,405843,flow,17,400260,flow,1,0.001263455223003505,0.012177881667503661,0.07229876040376021
92,6,405843,flow,17,400260,flow,2,0.000986138669488917,0.00998621437457131,0.07387086625832208
92,6,405843,flow,17,400260,flow,3,7.943543421942902e-05,0.0011664210599181962,0.08843003631573922
92,6,405843,flow,17,400260,flow,4,0.00020774771491984009,0.0026708495078803366,0.08314482946113357
92,6,405843,flow,17,400260,flow,5,5.386650131101037e-05,0.0008257746120069724,0.09048529296626576
92,6,405843,flow,17,400260,flow,6,0.0012866433611519834,0.012346416467374423,0.0721822042088675
92,6,405843,flow,17,400260,flow,10,9.482347380958778e-05,0.0013604696341993332,0.08747846135360661
92,6,405843,flow,17,400260,flow,11,0.002952709792370836,0.023958877353572522,0.06667139878927737
92,6,405843,flow,17,400260,flow,12,3.8133860623508883e-07,9.953974495079056e-06,0.11365024671874095
92,6,405843,flow,18,404528,flow,2,2.1110531788002068e-05,0.00036493596368214855,0.09527314315146405
92,6,405843,flow,18,404528,flow,4,1.5790164449749455e-05,0.00028481632744433257,0.09671265116433539
92,6,405843,flow,18,404528,flow,7,0.001704970565198515,0.015486696471105099,0.07035659500660124
92,6,405843,flow,18,404528,flow,12,0.0001749826602033631,0.0023088732195434593,0.08411051161187856
92,6,405843,flow,19,401795,flow,1,1.1789782195583557e-05,0.0002211544033214111,0.09814104829102577
92,6,405843,flow,19,401795,flow,5,0.005651602134665669,0.04009129920201643,0.06207648449517705
92,6,405843,flow,19,401795,flow,6,0.00752636672237651,0.04964712817325778,0.059955442473419725
92,6,405843,flow,19,401795,flow,7,3.1847882395971004e-06,6.872270327202534e-05,0.10431474197075581
92,6,405843,occupancy,0,400593,flow,3,0.0023669073409705384,0.020076653667765024,0.0681759745823788
92,6,405843,occupancy,0,400593,flow,5,0.0022532684306822257,0.019332908878941835,0.06850686599893191
92,6,405843,occupancy,0,400593,flow,12,0.005928181335831475,0.04157425871881814,0.061726970401488494
92,6,405843,occupancy,2,400331,flow,1,3.925275991923386e-08,1.2120938016518245e-06,0.12286492842550212
92,6,405843,occupancy,3,400039,flow,3,1.651407955969413e-06,3.7528050340809385e-05,-0.10728607753589689
92,6,405843,occupancy,3,400039,flow,5,0.0001790356419135243,0.0023544413183148403,-0.08398226190027269
92,6,405843,occupancy,3,400039,flow,7,1.2944426377874495e-05,0.0002394857471195624,-0.09768636235574817
92,6,405843,occupancy,3,400039,flow,9,0.0003244725070951103,0.0039045159628158118,-0.08058753640371903
92,6,405843,occupancy,3,400039,flow,11,0.0057818468593800534,0.04084822020473895,-0.06191001798210427
92,6,405843,occupancy,4,400316,flow,1,0.00693876120085742,0.04673440659136897,0.06056359492677345
92,6,405843,occupancy,4,400316,flow,2,0.0019369909123025672,0.01715064714315862,0.06951548910688717
92,6,405843,occupancy,4,400316,flow,4,0.0005357063418264964,0.005973803295535531,0.07762198794608079
92,6,405843,occupancy,4,400316,flow,5,6.944717621387063e-05,0.0010320323400203684,0.08914596430976915
92,6,405843,occupancy,4,400316,flow,6,0.0003390902049113667,0.004055563912561196,0.08033083257925382
92,6,405843,occupancy,4,400316,flow,7,0.001690555212039697,0.015384871531517783,0.07041226027951616
92,6,405843,occupancy,4,400316,flow,8,0.0032472195917477844,0.025848514163166445,0.06601551317732703
92,6,405843,occupancy,4,400316,flow,9,3.429912723573884e-05,0.0005593515653393424,0.09282094767960594
92,6,405843,occupancy,4,400316,flow,10,0.0002424783710977871,0.0030441922788213903,0.08226631372274529
92,6,405843,occupancy,4,400316,flow,11,1.0224826087406223e-05,0.0001947585921410709,0.098830342701481
92,6,405843,occupancy,4,400316,flow,12,0.006773731363667124,0.045912045845685076,0.060742706615969415
92,6,405843,occupancy,5,400503,flow,6,0.00519407205758201,0.03749731164564552,0.06269004905412302
92,6,405843,occupancy,6,405843,flow,2,3.7871773389333096e-39,6.365994593070777e-37,0.2876679379061588
92,6,405843,occupancy,6,405843,flow,4,5.046317624963539e-20,4.6581393461201895e-18,0.2035836173781771
92,6,405843,occupancy,6,405843,flow,5,1.0395430274997854e-09,3.995396689323019e-08,0.13639764452284803
92,6,405843,occupancy,6,405843,flow,6,2.2406973695826452e-11,1.0146554126411977e-09,0.14935744114040728
92,6,405843,occupancy,7,408093,flow,1,1.4161444652664985e-49,2.538483024876047e-47,0.3232374404461215
92,6,405843,occupancy,7,408093,flow,2,2.6449586916460286e-24,3.079844082994836e-22,0.22539440406110256
92,6,405843,occupancy,7,408093,flow,3,1.0762710886467468e-20,1.030929291120609e-18,0.20717551718245325
92,6,405843,occupancy,7,408093,flow,4,9.446294193008689e-18,7.515283777863266e-16,0.19088798478150304
92,6,405843,occupancy,7,408093,flow,5,8.470601157212019e-12,3.986165250452715e-10,0.1524678166813449
92,6,405843,occupancy,7,408093,flow,6,6.149678987080029e-09,2.172249650383134e-07,0.12996012287268444
92,6,405843,occupancy,7,408093,flow,7,4.356595930968097e-05,0.0006864405104174149,0.09159030696774466
92,6,405843,occupancy,7,408093,flow,8,5.2371778390195095e-09,1.8698023359144035e-07,0.13055463186605545
92,6,405843,occupancy,7,408093,flow,9,1.0328014504134896e-07,2.972486519511176e-06,0.1190467233278954
92,6,405843,occupancy,7,408093,flow,10,4.672444009710071e-06,9.732380965259165e-05,0.1025430157782661
92,6,405843,occupancy,8,401448,flow,1,1.5848451029537752e-06,3.6167622000846846e-05,0.10746961639463383
92,6,405843,occupancy,8,401448,flow,2,0.0009609214998294246,0.009769783194311871,0.07403351056873762
92,6,405843,occupancy,8,401448,flow,6,5.6881586620369874e-05,0.0008671210738987626,0.09019971731008694
92,6,405843,occupancy,8,401448,flow,8,0.004103695206213524,0.03104178478522574,0.06437643882808584
92,6,405843,occupancy,8,401448,flow,10,0.00010058915040001943,0.0014322515811736453,0.08715914289922379
92,6,405843,occupancy,8,401448,flow,11,0.00013063483962530832,0.0017932713923779217,0.08573224462493387
92,6,405843,occupancy,8,401448,flow,12,0.0014049091196828981,0.013254632734927076,0.07161629503962395
92,6,405843,occupancy,9,402391,flow,1,0.00020285047405829297,0.002618207493073874,0.0832796521683779
92,6,405843,occupancy,10,400497,flow,3,0.003286568602181439,0.02609477194990996,0.06593202306369131
92,6,405843,occupancy,10,400497,flow,4,0.0011476018611381947,0.01132746274945701,0.07291243039967496
92,6,405843,occupancy,10,400497,flow,5,6.503799626563605e-05,0.0009745547827525069,0.08949352604430885
92,6,405843,occupancy,10,400497,flow,10,9.319449700607103e-09,3.2208018165298146e-07,0.12840889269606703
92,6,405843,occupancy,10,400497,flow,11,1.1891750641780288e-05,0.00022248749576652595,0.09809922199015311
92,6,405843,occupancy,11,405841,flow,5,0.0023666636653477536,0.020076653667765024,0.06817666841928643
92,6,405843,occupancy,11,405841,flow,9,0.0021316660956109965,0.018491561311324307,0.06887831587754097
92,6,405843,occupancy,12,404520,flow,5,0.0017008438930224065,0.015462217209294605,0.07037248593409301
92,6,405843,occupancy,12,404520,flow,6,0.0013047993766724323,0.012484459152214635,0.07209228688898352
92,6,405843,occupancy,12,404520,flow,11,0.00652252817257754,0.044584369787238884,0.06102301491307408
92,6,405843,occupancy,13,400183,flow,1,0.0001121779477703136,0.0015728943017453904,0.08656643636266445
92,6,405843,occupancy,13,400183,flow,2,0.007333083280306684,0.04869672846398134,0.06015063582695688
92,6,405843,occupancy,13,400183,flow,6,5.94450693136089e-06,0.00012039507709085346,0.10141511081342498
92,6,405843,occupancy,13,400183,flow,7,0.00013319955738692828,0.0018221092080795763,0.08562523387298693
92,6,405843,occupancy,13,400183,flow,9,0.006314295960998057,0.04354686869653832,0.06126282770456739
92,6,405843,occupancy,13,400183,flow,10,0.0008287399622421707,0.008635206553029854,0.07495670460684198
92,6,405843,occupancy,14,401469,flow,1,0.0037494678212743444,0.028890405255231982,0.06501269294552446
92,6,405843,occupancy,14,401469,flow,2,5.8449471309919e-07,1.4663282001094661e-05,0.11183167877005054
92,6,405843,occupancy,14,401469,flow,3,2.1181444671908654e-09,7.881467784896244e-08,0.13385671633600577
92,6,405843,occupancy,14,401469,flow,4,1.3285381740693437e-15,9.124459319522361e-14,0.17801149296784513
92,6,405843,occupancy,14,401469,flow,5,8.04008415908308e-10,3.109504348007064e-08,0.13730342792725156
92,6,405843,occupancy,14,401469,flow,6,7.593844679281432e-10,2.9395527790766837e-08,0.1375039339381277
92,6,405843,occupancy,14,401469,flow,7,1.0760604583294054e-11,5.014650679593346e-10,0.15170865484650642
92,6,405843,occupancy,14,401469,flow,8,5.311145591303263e-10,2.087729659183812e-08,0.13875283296540902
92,6,405843,occupancy,14,401469,flow,9,1.1024740452387328e-08,3.7560629932423705e-07,0.127776605697328
92,6,405843,occupancy,14,401469,flow,10,6.278384122685965e-06,0.00012562584256601837,0.10115749095867933
92,6,405843,occupancy,14,401469,flow,11,0.00011525279646749231,0.0016076592855652787,0.08641887660020615
92,6,405843,occupancy,14,401469,flow,12,5.235792474413928e-07,1.3227265198519399e-05,0.11230304865000965
92,6,405843,occupancy,15,401472,flow,1,0.0018788734576929093,0.016742436751718996,-0.06971711352091159
92,6,405843,occupancy,15,401472,flow,2,3.6851516822906794e-05,0.0005962739004502272,-0.09245319037507314
92,6,405843,occupancy,15,401472,flow,3,3.1734457968876686e-06,6.858071957255991e-05,-0.10433110001340426
92,6,405843,occupancy,15,401472,flow,4,4.0427839054606906e-05,0.0006439832769760392,-0.09197662435474908
92,6,405843,occupancy,15,401472,flow,5,3.113974449096961e-06,6.749809142046597e-05,-0.10441779744765269
92,6,405843,occupancy,15,401472,flow,6,1.3319484965330082e-07,3.7534360763356787e-06,-0.11801452588804842
92,6,405843,occupancy,15,401472,flow,7,6.653587821343945e-07,1.642485679326048e-05,-0.11127426051149691
92,6,405843,occupancy,15,401472,flow,8,6.418435609074648e-07,1.591713078714264e-05,-0.1114293137494495
92,6,405843,occupancy,15,401472,flow,9,1.2639801648663316e-09,4.796866465714112e-08,-0.13570446454664897
92,6,405843,occupancy,15,401472,flow,10,6.443642997962296e-09,2.2742269404572812e-07,-0.12978678701492705
92,6,405843,occupancy,15,401472,flow,11,1.9856172375324827e-10,8.161623659505543e-09,-0.14213336652425257
92,6,405843,occupancy,15,401472,flow,12,1.0439872200191214e-10,4.3957356632384055e-09,-0.14429965475731268
92,6,405843,occupancy,16,405838,flow,4,0.002237982417820483,0.019234611651680333,0.06855253568747288
92,6,405843,occupancy,17,400260,flow,1,2.7958751607960843e-10,1.1416049805897055e-08,0.14096668660868023
92,6,405843,occupancy,17,400260,flow,2,3.8620644976927886e-10,1.5578075284811248e-08,0.13985643508327508
92,6,405843,occupancy,17,400260,flow,3,6.735279898626038e-08,2.0233942393647065e-06,0.12076223102663619
92,6,405843,occupancy,17,400260,flow,4,3.300794709650364e-07,8.753488732774446e-06,0.11425867459970879
92,6,405843,occupancy,17,400260,flow,5,3.2385110391583956e-07,8.60416217045773e-06,0.11433873296519236
92,6,405843,occupancy,17,400260,flow,6,0.00011246838717642542,0.0015764550051984355,0.0865523363965809
92,6,405843,occupancy,17,400260,flow,7,0.002756059954357848,0.022635321298148103,0.06714342411817875
92,6,405843,occupancy,17,400260,flow,8,0.0012605612311713628,0.01215541187200957,0.07231344544107579
92,6,405843,occupancy,17,400260,flow,9,0.0001529261028949355,0.0020510424231795134,0.08486157339550415
92,6,405843,occupancy,17,400260,flow,10,1.2020301979524379e-05,0.00022440667481220966,0.0980469764332366
92,6,405843,occupancy,17,400260,flow,11,0.0007231437361603245,0.007709766189015416,0.0757981991725869
92,6,405843,occupancy,17,400260,flow,12,0.00022280989610751222,0.0028343308338764804,0.08274809756898786
92,6,405843,occupancy,18,404528,flow,4,0.0043944221517576675,0.03282141026209046,0.06389043726248567
92,6,405843,occupancy,19,401795,flow,1,1.1866916978940868e-07,3.3638504822194584e-06,0.11848418266990585
92,6,405843,occupancy,19,401795,flow,2,0.0005230869643896278,0.005863351546868688,0.07776526747979812
92,6,405843,occupancy,19,401795,flow,3,7.928038924321188e-05,0.0011645402296180732,0.08844048332977539
92,6,405843,occupancy,19,401795,flow,4,0.0004861004755734357,0.005527155452419016,0.07820456205735625
92,6,405843,occupancy,19,401795,flow,5,0.0005059743751943672,0.005711547689677727,0.07796479348565623
92,6,405843,occupancy,19,401795,flow,6,0.00019157771346451656,0.002495825458886344,0.08360199017311934
92,6,405843,occupancy,19,401795,flow,7,1.4102441009911708e-05,0.0002581463778085533,0.09726764445231717
92,6,405843,speed,13,400183,flow,9,0.0050558060390905315,0.03671387138825197,-0.06288508015987132
92,7,408093,flow,0,400593,flow,6,0.0008748173996623483,0.009060683688663017,-0.07462032106305172
92,7,408093,flow,0,400593,flow,9,0.0032573620124020635,0.025914924297563376,0.06599390541240456
92,7,408093,flow,0,400593,flow,11,0.0044842159356274,0.03335367224846826,0.06374621566114284
92,7,408093,flow,1,400125,flow,2,0.0011477833982434292,0.01132746274945701,0.0729114248400511
92,7,408093,flow,1,400125,flow,5,0.004228465149883949,0.03178522611362217,-0.06416416013432628
92,7,408093,flow,5,400503,flow,3,3.422905048801613e-05,0.0005586085190334816,0.09283140674455324
92,7,408093,flow,5,400503,flow,4,0.0014267748407971739,0.013416776909542428,0.07151650272700366
92,7,408093,flow,5,400503,flow,7,0.002585973446422459,0.02154522952366654,0.06757717473667287
92,7,408093,flow,6,405843,flow,1,2.489389609737723e-06,5.523453063208507e-05,0.10543858343561967
92,7,408093,flow,6,405843,flow,2,8.452505523100076e-08,2.4917215977140383e-06,0.11985385451610536
92,7,408093,flow,6,405843,flow,3,0.0011673394919456252,0.011463756774733122,0.07280395179527607
92,7,408093,flow,6,405843,flow,4,2.9627213900180678e-09,1.0837388996509783e-07,0.1326420983002894
92,7,408093,flow,6,405843,flow,5,3.870535616665011e-05,0.0006208954275526494,0.09220093679128426
92,7,408093,flow,6,405843,flow,6,0.0005890045292779376,0.006486106465665793,0.07704956532483298
92,7,408093,flow,6,405843,flow,7,0.00012211340311800732,0.0016902592165004538,0.08610258036798414
92,7,408093,flow,6,405843,flow,9,0.0007714146597469571,0.008134028142804136,0.07540028735518724
92,7,408093,flow,6,405843,flow,10,0.0008254528189702269,0.008608205929140028,0.0749813597151203
92,7,408093,flow,6,405843,flow,12,0.0001374572393034754,0.0018691069367044813,0.08545179653685123
92,7,408093,flow,7,408093,flow,1,2.0171293914771547e-30,2.820064391968061e-28,0.2530008635062634
92,7,408093,flow,7,408093,flow,2,3.6439798982118196e-22,3.8208721262803545e-20,0.21471619154124993
92,7,408093,flow,7,408093,flow,3,9.080240223161585e-19,7.713136305243742e-17,0.19662951800664066
92,7,408093,flow,7,408093,flow,4,0.0008396330771185471,0.008738171267531014,0.07487564413222268
92,7,408093,flow,7,408093,flow,5,4.952173303746903e-07,1.2584346277756837e-05,0.11254084820146615
92,7,408093,flow,7,408093,flow,6,6.35302924810183e-05,0.0009556486127203359,0.08961750391662138
92,7,408093,flow,7,408093,flow,7,1.5618590059438856e-07,4.344643210352598e-06,0.11736390818594536
92,7,408093,flow,7,408093,flow,8,8.143957780793003e-09,2.832680967232349e-07,0.12891401723258417
92,7,408093,flow,7,408093,flow,9,6.209243557349877e-05,0.0009356097721573584,0.0897383586890747
92,7,408093,flow,7,408093,flow,11,0.0036121910031081087,0.028049986883666736,0.06527404111144709
92,7,408093,flow,8,401448,flow,1,0.0033897054493920785,0.026712016675253157,0.0657174311906037
92,7,408093,flow,8,401448,flow,6,1.4065240162486383e-05,0.00025768378923639177,0.09728057764007349
92,7,408093,flow,8,401448,flow,8,0.0010482836342662076,0.010499849988476737,0.07348590822326943
92,7,408093,flow,8,401448,flow,9,6.754256334235457e-05,0.001007193212423099,0.08929346227501521
92,7,408093,flow,8,401448,flow,10,0.0009301895762251702,0.009520241736747074,0.07423715086673156
92,7,408093,flow,9,402391,flow,1,3.6338034816960176e-06,7.733020217205318e-05,0.10370830829554292
92,7,408093,flow,10,400497,flow,1,4.7971145512960905e-05,0.000749223964627589,0.09109031749913067
92,7,408093,flow,10,400497,flow,2,0.0005714407775236587,0.006320082332058898,0.07723267794520015
92,7,408093,flow,10,400497,flow,7,1.1965831190111268e-06,2.810896723288781e-05,0.1087153899535762
92,7,408093,flow,11,405841,flow,2,2.9417387663666735e-05,0.0004898083031208188,0.09360310787774208
92,7,408093,flow,11,405841,flow,5,2.4548539401854735e-05,0.0004162075754160614,0.09451715019839023
92,7,408093,flow,11,405841,flow,7,0.0023023593517099614,0.01967594935585961,0.06836209224681078
92,7,408093,flow,11,405841,flow,8,0.004839172439014439,0.035493169981683725,0.0632005642359319
92,7,408093,flow,11,405841,flow,12,1.5040101006900016e-07,4.191821699987617e-06,0.11751843304529293
92,7,408093,flow,13,400183,flow,5,0.0002943618850815511,0.003605453199751349,0.08115230232723893
92,7,408093,flow,13,400183,flow,6,0.0007717358619153521,0.008135429291054956,0.07539771783969813
92,7,408093,flow,13,400183,flow,10,2.1166237969469383e-05,0.0003657525921124309,0.0952599866369126
92,7,408093,flow,14,401469,flow,2,5.062674689754595e-07,1.28424865882207e-05,0.1124466753034197
92,7,408093,flow,14,401469,flow,3,1.0762986736026579e-10,4.52737124631303e-09,0.1441976789429926
92,7,408093,flow,14,401469,flow,4,0.006916001473912868,0.04662472903761484,0.060588067893841566
92,7,408093,flow,14,401469,flow,7,0.00029851998929196624,0.003646045670741572,0.0810711782859851
92,7,408093,flow,14,401469,flow,8,8.461641983969363e-05,0.0012320287620744066,0.08809157008925794
92,7,408093,flow,14,401469,flow,9,3.3436033575757974e-05,0.0005475499054104414,0.09295120319708271
92,7,408093,flow,14,401469,flow,11,0.004375804698175014,0.0326936636044899,0.06392067324267837
92,7,408093,flow,14,401469,flow,12,0.002530538809681327,0.021173596083330103,0.06772418575300479
92,7,408093,flow,15,401472,flow,1,1.5237719030609933e-05,0.0002763515793964522,0.09688782333176653
92,7,408093,flow,15,401472,flow,2,3.610424876939978e-06,7.694168071732323e-05,0.10373806296078343
92,7,408093,flow,15,401472,flow,3,5.269109797331919e-10,2.0824781603452757e-08,0.1387804631139403
92,7,408093,flow,15,401472,flow,4,3.092926441238021e-08,9.731567535432084e-07,0.1238259732653125
92,7,408093,flow,15,401472,flow,5,6.871921399829289e-08,2.0601457631688082e-06,0.12068216407335845
92,7,408093,flow,15,401472,flow,6,0.0012995641826378127,0.012445394078907893,0.07211809509076748
92,7,408093,flow,15,401472,flow,7,5.108347726502367e-05,0.0007898375869180468,0.0907626530839769
92,7,408093,flow,15,401472,flow,8,5.689355953648615e-05,0.0008671210738987626,0.09019861211946816
92,7,408093,flow,15,401472,flow,9,0.00043545254115191935,0.005046276121307264,0.07885959426897478
92,7,408093,flow,15,401472,flow,10,0.002925143420132793,0.023779863709020823,0.06673580699282443
92,7,408093,flow,15,401472,flow,11,0.005170381583576895,0.03738378342348836,0.06272313019291521
92,7,408093,flow,15,401472,flow,12,0.001896523182162261,0.01687187015432654,0.06965528384423121
92,7,408093,flow,16,405838,flow,3,0.005394422644742775,0.03867868186769923,0.062415602877606204
92,7,408093,flow,17,400260,flow,1,0.002499387469471748,0.020973880862699985,0.06780809500225281
92,7,408093,flow,17,400260,flow,5,4.9173822919875314e-05,0.0007646901188403937,0.09096137699858946
92,7,408093,flow,17,400260,flow,8,0.0039004215116880767,0.029785789164738365,0.06473515493778308
92,7,408093,flow,17,400260,flow,9,2.1260504049300684e-05,0.0003670878397001557,0.0952377980126765
92,7,408093,flow,17,400260,flow,12,8.716844073953841e-05,0.0012661992736879824,0.08793198445728624
92,7,408093,flow,18,404528,flow,2,0.001937867764900311,0.017154894967969965,0.06951248980907938
92,7,408093,flow,19,401795,flow,3,0.002679213717189568,0.02213040775957731,0.06733627747289544
92,7,408093,occupancy,5,400503,flow,1,0.000374153232812983,0.004410210002052078,0.07975493319559011
92,7,408093,occupancy,5,400503,flow,2,0.004727686133739839,0.03483473323854017,0.06336793114335416
92,7,408093,occupancy,5,400503,flow,3,0.00018396245028160004,0.002411890091704134,0.0838299852089048
92,7,408093,occupancy,5,400503,flow,6,0.004069669531911696,0.030832992595332388,0.06443534412104038
92,7,408093,occupancy,5,400503,flow,7,2.373805996019627e-05,0.00040373393318129095,0.09468585259369748
92,7,408093,occupancy,5,400503,flow,10,0.002629901627133844,0.02179811018652764,0.0674627094679151
92,7,408093,occupancy,5,400503,flow,11,0.001971797434059341,0.0173911084424997,0.06939737816412508
92,7,408093,occupancy,5,400503,flow,12,0.006150533703512976,0.04273814637152333,0.06145647551609708
92,7,408093,occupancy,6,405843,flow,1,0.0007110794573888137,0.0076017403017066935,0.07590149596567793
92,7,408093,occupancy,6,405843,flow,2,6.737758856797967e-06,0.00013382583108674582,0.10082366697436755
92,7,408093,occupancy,6,405843,flow,3,0.00021886161699458709,0.002793152689561643,0.08284960126928574
92,7,408093,occupancy,6,405843,flow,4,1.441594016851298e-07,4.030864823817221e-06,0.11769173663244732
92,7,408093,occupancy,6,405843,flow,5,4.8437948371371944e-08,1.476725031505482e-06,0.12206914773380438
92,7,408093,occupancy,6,405843,flow,6,8.6709742840481e-05,0.0012603838797808813,0.0879603402265052
92,7,408093,occupancy,6,405843,flow,7,0.0003522302637115261,0.004188369774934745,0.08010875959503057
92,7,408093,occupancy,7,408093,flow,4,1.8205852773452977e-06,4.115608790231128e-05,0.10684978533649415
92,7,408093,occupancy,7,408093,flow,5,6.122378509502019e-06,0.00012330384690465606,0.10127619168756052
92,7,408093,occupancy,7,408093,flow,6,0.00018152835105913494,0.0023835941537248117,0.08390473248971646
92,7,408093,occupancy,7,408093,flow,7,4.6364051047976906e-05,0.0007262244399102982,0.09126748163028485
92,7,408093,occupancy,7,408093,flow,8,8.086015689466465e-06,0.0001578472109285817,0.09995650359719914
92,7,408093,occupancy,7,408093,flow,9,0.0004620709999194858,0.00529197219515753,0.07850697783683187
92,7,408093,occupancy,7,408093,flow,11,1.5145703250474674e-06,3.472900108389097e-05,0.10767160689717784
92,7,408093,occupancy,8,401448,flow,1,0.0004890255378785484,0.005549630781469019,0.07816870569158287
92,7,408093,occupancy,8,401448,flow,3,0.000893570187999484,0.009228360535878008,0.07448809926658657
92,7,408093,occupancy,8,401448,flow,6,1.1102914374758172e-05,0.00020963544623669276,0.0984321261073966
92,7,408093,occupancy,8,401448,flow,8,0.0001625853986693535,0.002163131882511879,0.08452089450458065
92,7,408093,occupancy,8,401448,flow,9,5.2722638553197624e-05,0.0008122746025314328,0.09059761095286989
92,7,408093,occupancy,8,401448,flow,10,0.0020467748317022326,0.017919065407492617,0.06914931585895039
92,7,408093,occupancy,8,401448,flow,11,0.0057624530609317335,0.040742712312970684,0.06193458982836676
92,7,408093,occupancy,8,401448,flow,12,0.00015408784145309637,0.0020627811437166914,0.08481954552915294
92,7,408093,occupancy,9,402391,flow,1,0.001866252393306496,0.01665311469023369,0.06976165479922274
92,7,408093,occupancy,10,400497,flow,2,0.00018659441148272511,0.0024412109558006436,0.08375020016979651
92,7,408093,occupancy,10,400497,flow,4,0.0065751023962084265,0.044886919013306575,0.06096355631681129
92,7,408093,occupancy,10,400497,flow,5,3.175622008413809e-05,0.0005234142341223828,0.09321413350307418
92,7,408093,occupancy,10,400497,flow,7,0.0015218020915091458,0.014119342675558888,0.07109854981135721
92,7,408093,occupancy,10,400497,flow,10,0.002371619767964332,0.020104782962334998,0.06816256935181146
92,7,408093,occupancy,11,405841,flow,2,0.007234625820326764,0.048178793808866374,0.06025184579536326
92,7,408093,occupancy,11,405841,flow,5,0.0007058466283905502,0.0075514052368677,0.07594680731803667
92,7,408093,occupancy,11,405841,flow,6,0.0031132363664322857,0.024979905466172875,0.06630687694147219
92,7,408093,occupancy,11,405841,flow,10,0.0009234715875424687,0.009464762178371208,0.07428249513107331
92,7,408093,occupancy,11,405841,flow,12,4.3064520855222836e-05,0.0006803417574202981,0.09165022871955229
92,7,408093,occupancy,12,404520,flow,3,0.005799686911771055,0.040938966436030975,0.061887480210425304
92,7,408093,occupancy,13,400183,flow,4,0.0006046088735998394,0.006632580837865176,0.07689109280368527
92,7,408093,occupancy,13,400183,flow,5,0.0003778691819247938,0.004450377499323371,0.0796968874124223
92,7,408093,occupancy,14,401469,flow,2,1.0320203639399285e-07,2.972218648146994e-06,0.11904978047631595
92,7,408093,occupancy,14,401469,flow,3,5.536930812531311e-08,1.6773871746237914e-06,0.12154058279304306
92,7,408093,occupancy,14,401469,flow,4,0.0074406698746158455,0.04928502584842143,0.060041425051503935
92,7,408093,occupancy,14,401469,flow,6,1.3457034176280787e-05,0.000247802163859902,0.09749678153684675
92,7,408093,occupancy,14,401469,flow,7,1.1635327955500763e-05,0.00021854181203375344,0.09820506544235728
92,7,408093,occupancy,14,401469,flow,8,0.0005395606835009061,0.00600902849374559,0.07757885228826511
92,7,408093,occupancy,14,401469,flow,9,0.00013093336849090298,0.001796798449430435,0.08571968752234763
92,7,408093,occupancy,14,401469,flow,10,0.0021992097339391947,0.018968190025829324,0.06866966983061445
92,7,408093,occupancy,14,401469,flow,11,6.992059990749266e-08,2.087470570838758e-06,0.12061303022893285
92,7,408093,occupancy,14,401469,flow,12,5.591785223945214e-05,0.0008544928251660178,0.09028940744987456
92,7,408093,occupancy,15,401472,flow,1,3.819627228474205e-21,3.7501794606837646e-19,0.20954691994824773
92,7,408093,occupancy,15,401472,flow,2,1.2328110190818725e-19,1.0846728314528899e-17,0.2014761119757717
92,7,408093,occupancy,15,401472,flow,3,3.09577954358242e-24,3.5950988248053915e-22,0.225118560691829
92,7,408093,occupancy,15,401472,flow,4,1.411258422556311e-21,1.431135301747245e-19,0.21179939973350612
92,7,408093,occupancy,15,401472,flow,5,1.9949977914065062e-23,2.2327436421958827e-21,0.2211568576841969
92,7,408093,occupancy,15,401472,flow,6,3.197551501916344e-16,2.30608054896137e-14,0.18181678573166696
92,7,408093,occupancy,15,401472,flow,7,8.799220800026242e-21,8.48496291431102e-19,0.20763887294428698
92,7,408093,occupancy,15,401472,flow,8,2.610899927636478e-19,2.278603573210017e-17,0.1996873384456038
92,7,408093,occupancy,15,401472,flow,9,2.3493850948500586e-16,1.7115250606664846e-14,0.18262946133893312
92,7,408093,occupancy,15,401472,flow,10,4.5253669443833016e-13,2.4165123856286602e-11,0.16146959649924186
92,7,408093,occupancy,15,401472,flow,11,5.99404132385343e-13,3.1616921268677436e-11,0.16062812147191446
92,7,408093,occupancy,15,401472,flow,12,2.0108514955944067e-14,1.2392123339469096e-12,0.17050842962599627
92,7,408093,occupancy,17,400260,flow,1,0.002557077462352509,0.021337791457142822,0.06765344269233266
92,7,408093,occupancy,17,400260,flow,3,0.0034424828046013545,0.027014578957089648,0.06560990789000098
92,7,408093,occupancy,17,400260,flow,5,0.0012323320739752285,0.011952569734110883,0.07245834385969335
92,7,408093,occupancy,17,400260,flow,8,0.0001412219275730798,0.0019130722079514103,0.08530260345255682
92,7,408093,occupancy,17,400260,flow,9,0.0003049277100268947,0.0037131007675101154,0.08094821179291868
92,7,408093,occupancy,17,400260,flow,11,4.331853441380105e-05,0.0006834772412988332,0.0916197919976352
92,7,408093,occupancy,17,400260,flow,12,0.001229692329689849,0.011937687335416064,0.0724720496655636
92,7,408093,occupancy,18,404528,flow,4,0.002494970836865776,0.020940885982630955,0.06782006893429543
92,7,408093,speed,17,400260,flow,11,0.0034632544875423687,0.02713814508649199,-0.06556800051535057
92,8,401448,flow,1,400125,flow,1,0.0011169215608808258,0.011076908041793313,0.0730845204891453
92,8,401448,flow,2,400331,flow,1,0.003425991468914992,0.0269242916967669,0.06564334366631333
92,8,401448,flow,3,400039,flow,11,0.004860075808374623,0.035606567072015184,0.06316957213111829
92,8,401448,flow,4,400316,flow,9,0.005955747687632014,0.04174047698015947,0.061692944325646044
92,8,401448,flow,4,400316,flow,11,0.0006388114591131777,0.006947798346850271,0.07655664057538382
92,8,401448,flow,5,400503,flow,1,0.0011795298883877242,0.011554578498491992,0.07273779605568095
92,8,401448,flow,5,400503,flow,4,0.0012365892979911855,0.011980412126759186,0.0724362969198711
92,8,401448,flow,5,400503,flow,7,0.002962149368686709,0.024021935935285496,0.06664946941496855
92,8,401448,flow,6,405843,flow,1,0.0031425722276310812,0.025149892596084238,0.06624211902309111
92,8,401448,flow,6,405843,flow,3,0.005350330934788829,0.038413544354807615,0.06247520191518174
92,8,401448,flow,7,408093,flow,3,0.001227300113556367,0.011922501665310333,0.07248449375394117
92,8,401448,flow,7,408093,flow,5,0.00042527760357888067,0.0049433948648327985,0.07899971776363066
92,8,401448,flow,7,408093,flow,10,0.007484376176136644,0.049475906780275906,0.05999746278620377
92,8,401448,flow,8,401448,flow,1,2.796658725255621e-80,7.366808349453831e-78,0.4071314450821299
92,8,401448,flow,8,401448,flow,2,8.394005714613698e-33,1.2461204359838893e-30,0.26297889044686146
92,8,401448,flow,8,401448,flow,3,1.0088036954552316e-12,5.21919995732527e-11,0.15901803835986913
92,8,401448,flow,8,401448,flow,6,0.00522071736319347,0.037670785049266395,0.06265300420406941
92,8,401448,flow,8,401448,flow,11,0.00046032051754939127,0.0052761598190856195,0.07852957711633535
92,8,401448,flow,8,401448,flow,12,0.0031527686972477754,0.025217479674338805,0.06621973957934896
92,8,401448,flow,9,402391,flow,3,0.0018677481843652308,0.016653606102080075,0.06975636155187982
92,8,401448,flow,10,400497,flow,10,0.0005270203804042871,0.005896731528999016,0.0777202655935659
92,8,401448,flow,10,400497,flow,11,0.0015981162396842994,0.014667591410629673,0.07077994834752699
92,8,401448,flow,11,405841,flow,1,0.00043213194555337723,0.005014262704245473,0.07890498478762999
92,8,401448,flow,12,404520,flow,9,0.00382949515486879,0.029363541123594558,0.0648643198645482
92,8,401448,flow,12,404520,flow,11,0.004056766168519506,0.030751412261807803,0.06445779930717543
92,8,401448,flow,13,400183,flow,4,0.0038494214903233726,0.029479703666365837,0.06482781384890277
92,8,401448,flow,13,400183,flow,8,0.0012125265610519792,0.011820158137607806,0.07256184410850329
92,8,401448,flow,14,401469,flow,2,0.003072439699044595,0.024730649338313114,0.06639786454954956
92,8,401448,flow,14,401469,flow,3,0.00092049926806618,0.009441018134012104,0.07430265486444346
92,8,401448,flow,14,401469,flow,4,0.005451228959445054,0.038973386210634176,0.06233946197722556
92,8,401448,flow,14,401469,flow,5,0.0023350174191161064,0.019890077657555048,0.06826733751438234
92,8,401448,flow,14,401469,flow,8,0.0024257994964073898,0.020451705356127878,0.06801017268715637
92,8,401448,flow,14,401469,flow,9,3.3524054286574726e-05,0.0005487833062448004,0.09293777414254742
92,8,401448,flow,14,401469,flow,12,0.0003331301689846001,0.003993125222012965,0.08043422411283345
92,8,401448,flow,15,401472,flow,1,0.0005088923695783737,0.005740675183865905,0.07793033057162152
92,8,401448,flow,15,401472,flow,2,0.00014061585142971657,0.0019066556126063263,0.08532636728302113
92,8,401448,flow,15,401472,flow,3,0.007354072540879119,0.0487862306151686,0.06012921743840571
92,8,401448,flow,17,400260,flow,1,0.0001286129797362285,0.0017688143496446126,0.08581800884053851
92,8,401448,flow,17,400260,flow,2,0.00348539718575732,0.02727702145375294,0.06552357805898738
92,8,401448,flow,17,400260,flow,4,0.001268420590172785,0.012212117115102363,0.07227363669131356
92,8,401448,flow,17,400260,flow,6,4.810602595759109e-05,0.0007507876883554678,0.0910757052782636
92,8,401448,flow,18,404528,flow,1,0.003971686610474939,0.030228481601923426,0.06460750265034317
92,8,401448,flow,19,401795,flow,1,1.3592411315313278e-08,4.548351423869354e-07,0.12698448582599545
92,8,401448,flow,19,401795,flow,4,6.491587777336578e-06,0.00012950593203387432,0.1009997510178343
92,8,401448,flow,19,401795,flow,5,0.0009278829383155856,0.009503210748040137,0.07425268565230823
92,8,401448,flow,19,401795,flow,12,6.572660744916169e-05,0.0009835086393501162,0.08943780359739437
92,8,401448,occupancy,0,400593,flow,1,0.0042142530951983755,0.031700458595258545,0.06418805123248511
92,8,401448,occupancy,6,405843,flow,8,0.0016203423850972563,0.014836539007249145,0.07068978866831291
92,8,401448,occupancy,6,405843,flow,10,0.007158992783452238,0.04782255887507912,0.06033043558638272
92,8,401448,occupancy,7,408093,flow,3,0.00027830827255657166,0.003434138067536103,0.08147591418783104
92,8,401448,occupancy,8,401448,flow,1,0.0014523041701602242,0.01359226673442964,0.07140175749602663
92,8,401448,occupancy,14,401469,flow,5,0.0025725764869249166,0.021446411469540023,0.06761243727833931
92,8,401448,occupancy,15,401472,flow,1,0.007333817485802374,0.04869672846398134,0.060149885683476775
92,8,401448,occupancy,17,400260,flow,1,0.001282201658869685,0.012325570018506983,0.07220437976516864
92,8,401448,occupancy,17,400260,flow,5,0.0024099418703196662,0.020349782798633614,0.06805445205646202
92,8,401448,occupancy,18,404528,flow,2,0.00500735355473743,0.03643551853876654,0.06295456604027705
92,8,401448,occupancy,19,401795,flow,1,2.622158804800492e-05,0.00044076755006763126,0.0941850333824758
92,8,401448,occupancy,19,401795,flow,5,0.0007851920166835822,0.008251105599788556,0.07529095438785494
92,8,401448,speed,3,400039,flow,11,0.006705494075729022,0.04553243383707855,0.060817913841747714
92,8,401448,speed,6,405843,flow,8,0.0020924460726215563,0.018239239373940928,-0.06900226559527824
92,8,401448,speed,6,405843,flow,10,0.006032778425482275,0.04213206365158774,-0.06159860898932888
92,8,401448,speed,8,401448,flow,1,0.005406359412866988,0.038725704963663385,-0.062399543483375626
92,8,401448,speed,16,405838,flow,5,0.004787476868168189,0.035179282310744305,-0.06327773294710472
92,8,401448,speed,19,401795,flow,1,0.007531172504328967,0.04967124460870403,-0.059950646689409415
92,9,402391,flow,1,400125,flow,1,0.0002514888851846147,0.0031436110648076837,0.08205772721417656
92,9,402391,flow,1,400125,flow,3,0.006229530919256691,0.04312061139431005,0.06136249015939187
92,9,402391,flow,4,400316,flow,11,1.8175674709550855e-05,0.0003206162300745598,0.09601769135433505
92,9,402391,flow,5,400503,flow,1,0.00012129712257032412,0.0016794986202044878,0.08613932319587099
92,9,402391,flow,5,400503,flow,2,0.0007509884744275238,0.007945800170283866,0.07556576422958904
92,9,402391,flow,5,400503,flow,4,3.113648564157034e-08,9.789637406956614e-07,0.1237999993921647
92,9,402391,flow,5,400503,flow,6,0.0006674430775403978,0.007208385237436297,0.07628922620947975
92,9,402391,flow,5,400503,flow,8,0.005257090449290661,0.03786998622800676,0.06260270944423833
92,9,402391,flow,5,400503,flow,9,0.002124081131472487,0.018440575739471752,0.06890212324240612
92,9,402391,flow,5,400503,flow,10,0.0006499102603831854,0.007050759228667405,0.07645168251576893
92,9,402391,flow,5,400503,flow,11,2.4777232680936645e-05,0.0004194265093324699,0.09447050502106895
92,9,402391,flow,6,405843,flow,1,1.356060680269659e-06,3.1444885339586296e-05,0.1081624346263118
92,9,402391,flow,6,405843,flow,2,0.0013095257801335658,0.012518591215262236,0.07206906878922698
92,9,402391,flow,6,405843,flow,5,0.0003049555908130993,0.0037131007675101154,0.08094768205348438
92,9,402391,flow,6,405843,flow,7,0.006161042077969229,0.04278960523805192,0.06144391097073668
92,9,402391,flow,6,405843,flow,11,0.0001482375155347326,0.0019968383757718888,0.08503430066167578
92,9,402391,flow,7,408093,flow,1,8.44162122585048e-05,0.0012295281084178716,0.08810428121321966
92,9,402391,flow,7,408093,flow,5,0.0072883620210721905,0.048454484350618436,0.06019645533944348
92,9,402391,flow,7,408093,flow,6,0.001680686094470467,0.015307956837681675,0.0704506222901657
92,9,402391,flow,7,408093,flow,8,0.006131050591842442,0.042643919750055305,0.06147982207937189
92,9,402391,flow,7,408093,flow,9,0.005889365191563259,0.041405121179494554,0.061775124849379595
92,9,402391,flow,8,401448,flow,1,0.00017280304810025633,0.0022836010027320504,0.08418064060621352
92,9,402391,flow,8,401448,flow,2,0.0023535443898271653,0.02000651665496528,0.06821412079966498
92,9,402391,flow,8,401448,flow,3,0.0033264570478763545,0.026338516214856767,0.06584831195403683
92,9,402391,flow,8,401448,flow,4,0.0025346043005864817,0.021187094772704335,0.06771330467978237
92,9,402391,flow,8,401448,flow,7,1.0808816634678392e-05,0.00020488849434756757,0.09856204568314411
92,9,402391,flow,8,401448,flow,11,0.0007045743326311415,0.007543398059396608,0.0759578713259861
92,9,402391,flow,8,401448,flow,12,0.003758145425656554,0.028924261961226282,0.06499646613189258
92,9,402391,flow,9,402391,flow,1,5.826411997884422e-92,1.8507426346221104e-89,0.43367331683343147
92,9,402391,flow,9,402391,flow,2,4.9273687149772e-20,4.558079839122378e-18,0.20358934565967954
92,9,402391,flow,9,402391,flow,5,0.00017996490890139654,0.002365221802415677,0.08395324152295436
92,9,402391,flow,9,402391,flow,6,6.32791954025205e-07,1.5746896551779294e-05,0.11149046024187292
92,9,402391,flow,9,402391,flow,7,3.1230308020457045e-05,0.0005157298572185567,0.0932991698263162
92,9,402391,flow,9,402391,flow,9,0.0010099678309766628,0.010198833636790985,0.07372067257310314
92,9,402391,flow,9,402391,flow,10,0.0005855037128085136,0.006453600023145186,0.07708565432484864
92,9,402391,flow,9,402391,flow,11,0.0001652983740030268,0.002194495930218426,0.08442863242113455
92,9,402391,flow,9,402391,flow,12,1.7478899938892946e-05,0.00031060817661874755,0.09621124055138164
92,9,402391,flow,10,400497,flow,10,0.0002658276711614558,0.0033027054192359957,0.08173981326926195
92,9,402391,flow,10,400497,flow,11,9.796544880778646e-14,5.6128745205522215e-12,0.1659747087075713
92,9,402391,flow,10,400497,flow,12,5.300570641019845e-07,1.338308893583035e-05,0.11225047939627693
92,9,402391,flow,11,405841,flow,3,0.004768035936271281,0.035072220746963964,0.06330694853377457
92,9,402391,flow,11,405841,flow,8,0.0004344608940407789,0.005038580032902456,0.07887311556942922
92,9,402391,flow,11,405841,flow,10,0.00022194583301671068,0.0028258355397353086,0.0827701661505301
92,9,402391,flow,12,404520,flow,5,0.006283157150248787,0.04340603698161076,0.06129929851899045
92,9,402391,flow,12,404520,flow,10,0.0010566559654714264,0.010569701397228147,0.07343566811558316
92,9,402391,flow,12,404520,flow,11,4.653809698770084e-06,9.702923696277394e-05,0.10256163604622966
92,9,402391,flow,13,400183,flow,2,0.006462371218751184,0.04427826116574958,0.06109157989780541
92,9,402391,flow,13,400183,flow,4,0.006195733995232394,0.04293482653096558,0.061402567363617204
92,9,402391,flow,13,400183,flow,11,5.412336395941091e-07,1.363340713146677e-05,0.11216121701910796
92,9,402391,flow,14,401469,flow,5,0.0072602924030463695,0.04831248179476327,0.06022534321623327
92,9,402391,flow,14,401469,flow,11,0.003579093735265428,0.027838827757195983,0.06533840078875351
92,9,402391,flow,14,401469,flow,12,4.0899827089305096e-08,1.2584562181324644e-06,0.12273451176197041
92,9,402391,flow,15,401472,flow,1,4.0790708235123995e-08,1.2559932970472963e-06,0.12274499176743063
92,9,402391,flow,15,401472,flow,2,3.317869467001021e-06,7.12031599475629e-05,0.10412687542969593
92,9,402391,flow,15,401472,flow,3,0.0013646054028365886,0.012959101649272506,0.07180404559544525
92,9,402391,flow,15,401472,flow,6,0.0072152168847132445,0.04810887010643806,0.06027194295347043
92,9,402391,flow,15,401472,flow,11,0.0035814031625682743,0.027851776169747877,0.06533389244576268
92,9,402391,flow,15,401472,flow,12,9.318970235169581e-05,0.0013388078289302491,0.08757227734347171
92,9,402391,flow,16,405838,flow,2,4.984955054271356e-06,0.00010333496081790909,0.10224089775870498
92,9,402391,flow,17,400260,flow,1,0.00058271591446996,0.006434625259695826,0.0771145368665848
92,9,402391,flow,17,400260,flow,5,0.004187299643457429,0.03155650801264694,0.06423356246765147
92,9,402391,flow,17,400260,flow,6,0.000398943111152504,0.004669288106688749,0.07937745031644344
92,9,402391,flow,17,400260,flow,11,0.005813178822280684,0.041020797961863045,0.061870476993848164
92,9,402391,flow,17,400260,flow,12,0.0009469742500651323,0.00965297017527459,0.07412517126134416
92,9,402391,flow,18,404528,flow,1,3.5741376099954847e-10,1.4443661810271743e-08,0.1401235016525952
92,9,402391,flow,18,404528,flow,2,0.00025385952404412916,0.0031704918874548653,0.08200401296349431
92,9,402391,flow,19,401795,flow,1,0.0019404010849507056,0.01717356697853574,0.06950383150990054
92,9,402391,flow,19,401795,flow,2,0.0004282080877634978,0.004972739083705136,0.0789590428588577
92,9,402391,flow,19,401795,flow,5,0.00043530010442113836,0.005046276121307264,0.0788616709037813
92,9,402391,flow,19,401795,flow,6,1.7275951140324575e-05,0.0003081424811156159,0.09626899780609523
92,9,402391,flow,19,401795,flow,12,1.4756341371447475e-06,3.394429964039035e-05,0.1077874324269045
92,9,402391,occupancy,0,400593,flow,7,0.005900299869458805,0.04144600883912526,-0.06176153068049215
92,9,402391,occupancy,1,400125,flow,1,0.00449761856799514,0.03342458663984002,0.06372491380793609
92,9,402391,occupancy,5,400503,flow,4,0.0021893831781770764,0.01889737328616378,0.06869965662957336
92,9,402391,occupancy,5,400503,flow,9,0.004422139902315147,0.03297711786294051,0.06384563604680085
92,9,402391,occupancy,6,405843,flow,5,0.0033148220807507544,0.02626083144845637,0.06587263465513674
92,9,402391,occupancy,6,405843,flow,11,0.0061705313799133,0.042822000901567,0.06143258145766225
92,9,402391,occupancy,7,408093,flow,2,0.002823589963200927,0.02309772512976331,0.06697796076401051
92,9,402391,occupancy,8,401448,flow,7,0.00714234367322166,0.04773348494479822,0.060347835528914644
92,9,402391,occupancy,9,402391,flow,2,0.001904468768790184,0.01692512874135691,-0.0696276214540888
92,9,402391,occupancy,10,400497,flow,2,0.004101908723137574,0.031033705225839436,0.06437952055313388
92,9,402391,occupancy,10,400497,flow,11,0.0017754834304053184,0.016006027586291684,0.07009038867132038
92,9,402391,occupancy,10,400497,flow,12,0.00032402812799749316,0.003901342009334366,0.08059550841668513
92,9,402391,occupancy,11,405841,flow,8,6.894127430404428e-06,0.00013668026846877984,0.10071498437675594
92,9,402391,occupancy,11,405841,flow,10,0.0027536970102706145,0.02262270713034528,0.0671492805953557
92,9,402391,occupancy,12,404520,flow,11,0.0002968457898221203,0.0036286751896761737,0.08110371372361157
92,9,402391,occupancy,14,401469,flow,6,0.001452721974641161,0.01359226673442964,0.0713998951109146
92,9,402391,occupancy,14,401469,flow,7,0.00038742513326679284,0.004552983067770797,0.07955002995187342
92,9,402391,occupancy,14,401469,flow,11,0.0005838152528659105,0.006443745253910918,0.07710313202684119
92,9,402391,occupancy,14,401469,flow,12,2.4961980177833935e-05,0.0004217276275644998,0.09443312108608086
92,9,402391,occupancy,15,401472,flow,1,2.61443771875771e-11,1.1789531257863577e-09,0.14885819312923462
92,9,402391,occupancy,15,401472,flow,2,1.288135555373931e-10,5.376565796343364e-09,0.14359511593310184
92,9,402391,occupancy,15,401472,flow,3,4.651761007156482e-10,1.8504242680401475e-08,0.1392130623287086
92,9,402391,occupancy,15,401472,flow,4,4.881292346045723e-07,1.2426153762473497e-05,0.11260232731402028
92,9,402391,occupancy,15,401472,flow,5,4.909952918198531e-08,1.4947848207623435e-06,0.12201563501651937
92,9,402391,occupancy,15,401472,flow,6,4.513590933524937e-08,1.3838689022588878e-06,0.12234729440605137
92,9,402391,occupancy,15,401472,flow,7,1.0872949442531258e-05,0.0002057430643527597,0.09853342951374197
92,9,402391,occupancy,15,401472,flow,8,5.933298373972527e-06,0.00012022443234315815,0.10142399740243639
92,9,402391,occupancy,15,401472,flow,9,3.9581014632795516e-07,1.0288205969535297e-05,0.11349274905150497
92,9,402391,occupancy,15,401472,flow,10,6.362732065541465e-06,0.0001272546413108293,0.10109448220957405
92,9,402391,occupancy,15,401472,flow,11,3.377657383825764e-07,8.929914258339842e-06,0.11416186177437641
92,9,402391,occupancy,15,401472,flow,12,3.557267987587213e-08,1.1095594011824375e-06,0.12328077922078796
92,9,402391,occupancy,17,400260,flow,1,0.0034703560293884534,0.02718393118215434,0.06555372540795244
92,9,402391,occupancy,18,404528,flow,1,0.00026867466511526375,0.003332398947166062,0.08167860789817158
92,9,402391,occupancy,18,404528,flow,2,0.0007269001200114774,0.007737434838297205,0.07576636275645386
92,9,402391,occupancy,18,404528,flow,10,0.0019106353703469434,0.01695203286074922,0.06960622546320823
92,9,402391,speed,3,400039,flow,10,0.003697609567476513,0.028560116809401997,0.06511038310322402
92,9,402391,speed,7,408093,flow,2,0.007593557486633925,0.04994544510088087,-0.05988863903439082
92,9,402391,speed,10,400497,flow,2,0.0008556520972656435,0.008892030455106038,-0.074758192794459
92,9,402391,speed,11,405841,flow,8,0.00021482067879094905,0.002748076198924785,-0.0829552817081066
92,9,402391,speed,14,401469,flow,6,0.0035315754145033114,0.027543610382116456,-0.06543175547302707
92,9,402391,speed,14,401469,flow,7,9.753826041223824e-06,0.00018685821950371138,-0.0990576057342468
92,9,402391,speed,15,401472,flow,1,1.0641121359000823e-07,3.0504077153870972e-06,-0.11892598008106413
92,9,402391,speed,15,401472,flow,2,4.223757284932761e-07,1.086755894634278e-05,-0.11321756192934135
92,9,402391,speed,15,401472,flow,3,5.477540094099294e-07,1.3789611425704518e-05,-0.11210995847131838
92,9,402391,speed,15,401472,flow,4,9.810053212273015e-06,0.00018775323086492104,-0.09902993147126478
92,9,402391,speed,15,401472,flow,5,8.966345412920732e-08,2.6189731023541287e-06,-0.11961670908781587
92,9,402391,speed,15,401472,flow,6,1.4438293474447343e-06,3.326582816512668e-05,-0.1078842438064396
92,9,402391,speed,15,401472,flow,7,1.6337853595253386e-06,3.714711975341822e-05,-0.1073339682442928
92,9,402391,speed,15,401472,flow,8,2.3511452875027614e-07,6.3920375343058085e-06,-0.11567648391710929
92,9,402391,speed,15,401472,flow,9,1.3179575745600335e-07,3.72129197522833e-06,-0.11805754939565585
92,9,402391,speed,15,401472,flow,10,2.5815655717223296e-05,0.0004342820587944106,-0.09426372398537994
92,9,402391,speed,15,401472,flow,11,1.381538830728768e-05,0.00025353643792473565,-0.09736829500762545
92,9,402391,speed,15,401472,flow,12,0.00013428302354203024,0.0018340267521390157,-0.08558060895029153
92,10,400497,flow,1,400125,flow,1,6.464188527959433e-05,0.0009699650726219087,0.08952583268877766
92,10,400497,flow,1,400125,flow,2,5.978694189867262e-09,2.1170458114939813e-07,0.13006468715632036
92,10,400497,flow,1,400125,flow,12,0.0018813026699016607,0.016757170173144688,0.06970857206313903
92,10,400497,flow,2,400331,flow,2,0.006211481306768847,0.04302324714645089,0.061383869415867126
92,10,400497,flow,2,400331,flow,8,0.001639812805261915,0.014989401859355633,0.07061173727953413
92,10,400497,flow,3,400039,flow,1,5.041139372909434e-07,1.2795371381297741e-05,0.11246487198062402
92,10,400497,flow,3,400039,flow,4,0.0006209265633682677,0.006778359187891122,-0.07672939338489948
92,10,400497,flow,3,400039,flow,12,0.002861606561014907,0.02332919483597735,0.06688639376058242
92,10,400497,flow,4,400316,flow,1,8.365956696250312e-17,6.329410320105315e-15,0.18532487481939644
92,10,400497,flow,4,400316,flow,3,0.0005843166610026072,0.00644763212140808,-0.07709793691324755
92,10,400497,flow,4,400316,flow,4,6.139621640421075e-06,0.0001234784240531613,-0.10126293054075441
92,10,400497,flow,4,400316,flow,6,1.6749308049554488e-07,4.635298576173952e-06,0.11707721983337196
92,10,400497,flow,4,400316,flow,7,0.0023706273114386753,0.020100314004740095,0.06816539052164643
92,10,400497,flow,4,400316,flow,11,0.0003039066795848007,0.0037024164010331048,0.08096764282436189
92,10,400497,flow,4,400316,flow,12,2.1279059517093673e-23,2.3753368763267357e-21,0.2210183408294804
92,10,400497,flow,5,400503,flow,1,1.3453863276256279e-12,6.886337601116958e-11,0.15818221095409776
92,10,400497,flow,5,400503,flow,2,4.739265330203145e-13,2.5244915199109232e-11,0.16133163649067492
92,10,400497,flow,5,400503,flow,3,0.0007999491057365368,0.008373755721660709,0.07517580281004363
92,10,400497,flow,5,400503,flow,7,1.425275961502745e-05,0.0002606770598514758,0.09721571391379949
92,10,400497,flow,5,400503,flow,8,0.00012948485107159752,0.0017797472371279073,0.08578087079164201
92,10,400497,flow,5,400503,flow,11,2.555204037826818e-05,0.00043035015373925356,0.09431545850266207
92,10,400497,flow,5,400503,flow,12,3.5862239750408074e-05,0.0005826433836847043,0.09259277244304102
92,10,400497,flow,6,405843,flow,1,7.809938708364861e-32,1.1359910848530708e-29,0.25912187837926426
92,10,400497,flow,6,405843,flow,2,1.7262065570670488e-10,7.1360883507460774e-09,0.14260792537068295
92,10,400497,flow,6,405843,flow,6,0.00010223730967077007,0.0014518907882239537,0.0870710358630913
92,10,400497,flow,6,405843,flow,7,3.2204564292042736e-09,1.1760246639190586e-07,0.13233846558026335
92,10,400497,flow,6,405843,flow,8,1.0288720213946268e-06,2.4475369671942663e-05,0.10937923553521318
92,10,400497,flow,6,405843,flow,10,0.002853023472503315,0.023272396905616163,-0.06690696961804085
92,10,400497,flow,6,405843,flow,12,8.357757693678047e-11,3.5467105340559103e-09,0.14504168363644795
92,10,400497,flow,7,408093,flow,3,0.0011934464633521734,0.011667093735418396,0.07266303988836005
92,10,400497,flow,7,408093,flow,4,8.498147759395847e-05,0.0012365105530680383,0.08806846560124153
92,10,400497,flow,7,408093,flow,5,5.002811030222031e-06,0.00010365536523049965,0.10222418788979859
92,10,400497,flow,7,408093,flow,6,0.0011108448946621464,0.01102423603248443,0.0731191227678176
92,10,400497,flow,7,408093,flow,8,0.0033320023048786125,0.02636792444967138,0.0658367469203269
92,10,400497,flow,7,408093,flow,10,2.072988931533704e-06,4.6448714648473035e-05,0.10626634652948987
92,10,400497,flow,7,408093,flow,11,2.7412137457735273e-06,6.029553656691262e-05,0.10500032982895886
92,10,400497,flow,7,408093,flow,12,0.0020084141382553217,0.017645615369662374,0.06927517115516
92,10,400497,flow,8,401448,flow,1,3.994300966462192e-08,1.231647407217464e-06,0.12282734410480829
92,10,400497,flow,8,401448,flow,2,1.7822976152370996e-08,5.838991508290929e-07,0.125952052047585
92,10,400497,flow,8,401448,flow,3,0.00367119100326092,0.028417031238285564,0.0651606296778327
92,10,400497,flow,8,401448,flow,7,0.001485305994350637,0.01383467420352469,0.07125614801352473
92,10,400497,flow,8,401448,flow,12,0.0035239413336936023,0.027513874139809078,0.06544685977243057
92,10,400497,flow,9,402391,flow,1,4.766210495252693e-11,2.069349682360968e-09,0.14689852981007298
92,10,400497,flow,9,402391,flow,2,2.8291119232246162e-09,1.0392656044498591e-07,0.13280977510032121
92,10,400497,flow,9,402391,flow,6,0.0044905654796526095,0.033383656637582644,0.06373611665858799
92,10,400497,flow,9,402391,flow,7,0.00018297579367201216,0.002400411262262656,0.0838601712196031
92,10,400497,flow,9,402391,flow,12,1.8079652209753683e-06,4.0913618410757416e-05,0.10688095852163369
92,10,400497,flow,10,400497,flow,1,0.0,0.0,0.869509560584182
92,10,400497,flow,10,400497,flow,2,7.357931045698322e-12,3.4777092032184625e-10,-0.15287473090999482
92,10,400497,flow,10,400497,flow,3,9.597781368931966e-06,0.00018427740228349376,-0.09913521414742568
92,10,400497,flow,10,400497,flow,4,1.6702383027508714e-05,0.0002993954136051355,0.09643579282033513
92,10,400497,flow,10,400497,flow,5,1.1634587175586365e-27,1.5230732302585787e-25,0.2411049039131991
92,10,400497,flow,10,400497,flow,6,2.1984400842812216e-62,4.701614437670731e-60,0.3615460818040388
92,10,400497,flow,10,400497,flow,7,1.4640043932347022e-16,1.0829621538996427e-14,0.18386923427788276
92,10,400497,flow,10,400497,flow,8,1.8074845174742548e-11,8.289100971856456e-10,-0.15004999648866404
92,10,400497,flow,10,400497,flow,9,4.30307453660828e-22,4.45786139044311e-20,-0.214400444008284
92,10,400497,flow,10,400497,flow,10,0.0002011860002171093,0.002601675663958987,-0.08330524827828346
92,10,400497,flow,10,400497,flow,11,1.7237647483387788e-29,2.3640202262931826e-27,0.24912114615904812
92,10,400497,flow,10,400497,flow,12,0.0007283015621821573,0.00774750738396188,0.07575452424184861
92,10,400497,flow,11,405841,flow,7,1.571222827768407e-05,0.000283647413955684,0.09673700649046292
92,10,400497,flow,11,405841,flow,12,0.00014814716737177673,0.0019962438023895055,0.08503767929725228
92,10,400497,flow,12,404520,flow,1,2.6830545620293602e-19,2.3368539733804107e-17,0.19962203487424843
92,10,400497,flow,12,404520,flow,3,1.810826097911832e-14,1.1320938846568907e-12,-0.1708040614722674
92,10,400497,flow,12,404520,flow,4,1.849166927312476e-10,7.622520158387305e-09,-0.14237488616204186
92,10,400497,flow,12,404520,flow,6,2.983653910050106e-16,2.155415533681682e-14,0.18199966205076598
92,10,400497,flow,12,404520,flow,7,3.699295872094047e-08,1.149709220679589e-06,0.12312776385350915
92,10,400497,flow,12,404520,flow,11,2.948461018180067e-09,1.0794365761472788e-07,0.13265964010124626
92,10,400497,flow,12,404520,flow,12,3.845130476607601e-28,5.111065741213796e-26,0.24325690669525277
92,10,400497,flow,13,400183,flow,5,3.756069085721936e-08,1.1640041929927378e-06,0.12306818601071658
92,10,400497,flow,13,400183,flow,11,0.007123742699129346,0.047631277604455624,0.060367318443145385
92,10,400497,flow,13,400183,flow,12,0.0033276351674574795,0.026343016168987193,0.06584585343359489
92,10,400497,flow,14,401469,flow,1,2.3137147424280188e-08,7.464710744801374e-07,0.12494994170487912
92,10,400497,flow,14,401469,flow,2,0.00017584028272325138,0.002318065368826506,0.08408314244883389
92,10,400497,flow,14,401469,flow,3,0.000934200789725427,0.009554326258555504,0.07421022081433293
92,10,400497,flow,14,401469,flow,6,0.0013765767325966162,0.013055568572595789,0.0717477506783024
92,10,400497,flow,14,401469,flow,7,1.5544771115629449e-06,3.558739333307855e-05,0.10755582543647368
92,10,400497,flow,14,401469,flow,8,0.00014767818924734297,0.001990545327764498,0.08505524828520442
92,10,400497,flow,14,401469,flow,12,0.0019426953795704492,0.017187065410084662,0.06949599908880974
92,10,400497,flow,15,401472,flow,1,2.491993318491382e-34,3.872450048878694e-32,0.2692544729168982
92,10,400497,flow,15,401472,flow,2,2.4126233443091813e-31,3.462635497480287e-29,0.25708019611856764
92,10,400497,flow,15,401472,flow,3,9.55828050305454e-21,9.175949282932359e-19,0.2074486611046072
92,10,400497,flow,15,401472,flow,4,4.8265974772718316e-14,2.860205912457382e-12,0.16801700488444488
92,10,400497,flow,15,401472,flow,5,7.715881300851801e-11,3.290484424450126e-09,0.1453073230049507
92,10,400497,flow,15,401472,flow,6,1.6930685829486424e-17,1.3420286749244286e-15,0.18941648017754162
92,10,400497,flow,15,401472,flow,7,3.1260301014105197e-20,2.9357500082811836e-18,0.20470404612164786
92,10,400497,flow,15,401472,flow,8,4.6277833648748346e-14,2.749934544189723e-12,0.16813756132662197
92,10,400497,flow,15,401472,flow,9,4.322806833207885e-08,1.3263157329160556e-06,0.12251712939252
92,10,400497,flow,15,401472,flow,10,1.780570538923713e-06,4.034655120527313e-05,0.10694935230483746
92,10,400497,flow,15,401472,flow,11,9.635551184015053e-09,3.319424331335329e-07,0.1282836253956492
92,10,400497,flow,15,401472,flow,12,5.73222445982381e-20,5.180587796326122e-18,0.20328433877567167
92,10,400497,flow,16,405838,flow,1,9.692172117796117e-08,2.8100794328106863e-06,0.1193032191258782
92,10,400497,flow,16,405838,flow,2,0.0021663560203272264,0.018739803780163433,0.06877041228218629
92,10,400497,flow,16,405838,flow,6,0.004782326492045604,0.03516135941125263,0.06328546240594994
92,10,400497,flow,16,405838,flow,7,0.00020542512563374607,0.002646694132829654,0.08320839494244639
92,10,400497,flow,16,405838,flow,8,0.0038985292085983603,0.029785789164738365,0.06473857325264101
92,10,400497,flow,16,405838,flow,9,0.0011019210530661201,0.010950081496073584,-0.07317025601608246
92,10,400497,flow,16,405838,flow,10,0.006038236850740779,0.04215378193824867,-0.061591965571366696
92,10,400497,flow,16,405838,flow,11,1.4277094815416485e-05,0.0002610116360668608,-0.09720735596176897
92,10,400497,flow,17,400260,flow,1,2.2330853462921542e-24,2.6072780259411097e-22,0.22580535411150002
92,10,400497,flow,17,400260,flow,2,5.420834508739623e-13,2.8733748561662786e-11,0.160929566590936
92,10,400497,flow,17,400260,flow,3,6.475379098865653e-05,0.0009713068648298478,0.08951668677230414
92,10,400497,flow,17,400260,flow,6,3.0298998495663926e-07,8.10976911408105e-06,0.11461813896908099
92,10,400497,flow,17,400260,flow,7,6.641592434392205e-08,2.0008144572227563e-06,0.12081804229330596
92,10,400497,flow,17,400260,flow,9,0.0001928365069496022,0.0025084423668240937,-0.08356512501662203
92,10,400497,flow,17,400260,flow,10,0.00011505647006710154,0.001606015662920842,-0.08642818662311967
92,10,400497,flow,17,400260,flow,12,1.098326651765381e-07,3.1422325401499643e-06,0.11879790609922294
92,10,400497,flow,18,404528,flow,1,6.117356738345117e-20,5.51711505420687e-18,0.20313145667682786
92,10,400497,flow,18,404528,flow,2,2.618959867956046e-07,7.080041695600825e-06,0.11522748327795262
92,10,400497,flow,18,404528,flow,3,0.007013338726261351,0.04713554568954587,0.060483905297729325
92,10,400497,flow,18,404528,flow,7,9.856902629218148e-06,0.00018841512990363894,0.09900698819604722
92,10,400497,flow,18,404528,flow,12,0.00026499395530158316,0.003294313343605293,0.08175785294653139
92,10,400497,flow,19,401795,flow,1,2.4485109838040375e-16,1.777742428577049e-14,0.18252071967001063
92,10,400497,flow,19,401795,flow,2,1.2600241724493005e-05,0.00023371852404383762,0.09781771344177556
92,10,400497,flow,19,401795,flow,4,0.0037739984688011435,0.02902558907819288,-0.06496690917087775
92,10,400497,flow,19,401795,flow,6,0.00043324980620266075,0.005025883895798857,0.07888966809244408
92,10,400497,flow,19,401795,flow,7,0.00010666262149385073,0.0015048416879602715,0.08684093324865394
92,10,400497,flow,19,401795,flow,8,0.0020596246732731164,0.017996720446075774,0.06910764083942653
92,10,400497,flow,19,401795,flow,12,2.3122402408913025e-05,0.0003955947887796511,0.09481770338518616
92,10,400497,occupancy,1,400125,flow,1,1.9092425176720728e-05,0.00033466069073185666,0.09577352711533842
92,10,400497,occupancy,1,400125,flow,2,3.097133870824242e-05,0.0005121554775911321,0.09334154420257136
92,10,400497,occupancy,1,400125,flow,3,0.003999534414155624,0.030376210740422457,0.06455818489290814
92,10,400497,occupancy,1,400125,flow,12,0.0006516300813631574,0.007065868352130622,0.07643556794444362
92,10,400497,occupancy,3,400039,flow,1,3.411033819828625e-06,7.309358185347053e-05,0.10399960800780331
92,10,400497,occupancy,3,400039,flow,4,0.00022301916240493496,0.002836157732085131,-0.08274276488523644
92,10,400497,occupancy,3,400039,flow,10,0.0048183607767522925,0.03536592100713311,-0.06323154084640269
92,10,400497,occupancy,4,400316,flow,1,8.617782241459714e-19,7.342962383255615e-17,0.19680528820129498
92,10,400497,occupancy,4,400316,flow,3,7.161960019487866e-07,1.7609372387130098e-05,-0.11095633846655255
92,10,400497,occupancy,4,400316,flow,4,4.7655694084445573e-08,1.4539025313898648e-06,-0.12213334231614907
92,10,400497,occupancy,4,400316,flow,6,3.392032823892566e-05,0.0005544298826793752,0.09287772734035009
92,10,400497,occupancy,4,400316,flow,7,9.056849869217365e-06,0.0001746678189063349,0.09941389951081157
92,10,400497,occupancy,4,400316,flow,11,4.601900685115922e-05,0.0007218667741358309,0.09130627672912123
92,10,400497,occupancy,4,400316,flow,12,4.677138271771332e-22,4.8107707938219415e-20,0.2142681251227894
92,10,400497,occupancy,5,400503,flow,1,6.598625650528756e-15,4.293081748536781e-13,0.17362594218039448
92,10,400497,occupancy,5,400503,flow,2,1.0845951708370044e-11,5.048977519413641e-10,0.1516835258701292
92,10,400497,occupancy,5,400503,flow,7,5.062525232061917e-05,0.0007841559341164389,0.09080968754823954
92,10,400497,occupancy,5,400503,flow,8,0.0015306701165138008,0.014183815751479235,0.07106078143638819
92,10,400497,occupancy,5,400503,flow,12,3.050211879915627e-05,0.0005054436256707139,0.09341918556575649
92,10,400497,occupancy,6,405843,flow,1,1.3727312913173907e-29,1.8946323253965264e-27,0.2496103181704731
92,10,400497,occupancy,6,405843,flow,2,1.8479845220899956e-16,1.3553978158622718e-14,0.18325979433179804
92,10,400497,occupancy,6,405843,flow,4,9.634775794096452e-06,0.0001849055150177551,-0.09911670672232444
92,10,400497,occupancy,6,405843,flow,6,0.0007522402444893561,0.007957095632208663,0.07555550395914569
92,10,400497,occupancy,6,405843,flow,7,4.7076289939744013e-14,2.7935380843364578e-12,0.16808854443568877
92,10,400497,occupancy,6,405843,flow,8,4.0824639777024457e-05,0.000649346258603629,0.09192623645564318
92,10,400497,occupancy,6,405843,flow,10,5.987149889054723e-06,0.00012120190965659047,-0.10138144760029347
92,10,400497,occupancy,6,405843,flow,12,1.5970186758329112e-08,5.274557094494019e-07,0.12637125424322052
92,10,400497,occupancy,7,408093,flow,5,1.9687633856662144e-05,0.000343361236418169,0.09562090679193357
92,10,400497,occupancy,7,408093,flow,6,0.0009284800466509507,0.009507072295643772,0.07424866080977423
92,10,400497,occupancy,7,408093,flow,10,0.0006844758686337015,0.007362887829924279,0.07613515628902609
92,10,400497,occupancy,7,408093,flow,11,0.0010031465555331112,0.010137059929597755,0.07376332885185458
92,10,400497,occupancy,7,408093,flow,12,0.0002413566703183374,0.003033636356634325,0.0822927869882675
92,10,400497,occupancy,8,401448,flow,1,1.0791302545399216e-07,3.091407625737706e-06,0.1188692800479124
92,10,400497,occupancy,8,401448,flow,2,2.870931124755134e-07,7.732183577894127e-06,0.11484381151537874
92,10,400497,occupancy,8,401448,flow,8,0.004371967963223975,0.032670647986728196,0.0639269188323112
92,10,400497,occupancy,9,402391,flow,1,1.842121373480274e-08,6.010547079633523e-07,0.12582569957731782
92,10,400497,occupancy,9,402391,flow,2,0.0007763361524220892,0.008173951202689314,0.07536102542109194
92,10,400497,occupancy,9,402391,flow,4,0.00646039096708586,0.044271714749065535,-0.06109384666468862
92,10,400497,occupancy,9,402391,flow,9,0.0053464132825831265,0.038391797507910747,-0.06248051884569936
92,10,400497,occupancy,9,402391,flow,10,0.0016675736236461327,0.015207764522168658,-0.07050191306328717
92,10,400497,occupancy,9,402391,flow,12,0.002211047995146722,0.019042518618488515,0.0686337066348531
92,10,400497,occupancy,10,400497,flow,1,6.9736399211747765e-62,1.4553683313756055e-59,0.3601482580570704
92,10,400497,occupancy,10,400497,flow,3,1.6343239179305065e-26,2.082678267097283e-24,-0.235881004240397
92,10,400497,occupancy,10,400497,flow,4,0.00024225314808946726,0.003042248836472379,-0.08227161998765406
92,10,400497,occupancy,10,400497,flow,5,6.054096087400626e-28,8.022605858150522e-26,0.2423771738213478
92,10,400497,occupancy,10,400497,flow,6,3.3459566465075023e-91,1.0251441640363412e-88,0.43222054152735956
92,10,400497,occupancy,10,400497,flow,7,2.2938377302667353e-28,3.0679191934217637e-26,0.24425379058055594
92,10,400497,occupancy,10,400497,flow,8,5.6156842974968905e-21,5.488632616558046e-19,-0.20866802455540379
92,10,400497,occupancy,10,400497,flow,9,6.397016403140261e-54,1.2227925159984924e-51,-0.3369440205709501
92,10,400497,occupancy,10,400497,flow,10,5.307871400210633e-25,6.334255372627053e-23,-0.2287995406577018
92,10,400497,occupancy,10,400497,flow,11,7.294087883010583e-30,1.0099506299553114e-27,0.25079557965683197
92,10,400497,occupancy,10,400497,flow,12,1.1320582315053344e-168,5.892158506148247e-166,0.5660963214416239
92,10,400497,occupancy,11,405841,flow,1,0.003261380400906177,0.025942116243628587,0.06598536143532105
92,10,400497,occupancy,11,405841,flow,3,0.001206182999477811,0.01177561707964778,-0.0725953245500645
92,10,400497,occupancy,11,405841,flow,7,4.6240040585233505e-06,9.654759561537397e-05,0.10259156810854496
92,10,400497,occupancy,11,405841,flow,12,3.5195936815037834e-05,0.0005726796498718021,0.09268885863288216
92,10,400497,occupancy,12,404520,flow,1,9.016966420487614e-24,1.0277914231268205e-21,0.22285474543902187
92,10,400497,occupancy,12,404520,flow,3,4.0407477479744966e-22,4.196161122896593e-20,-0.21459277880652378
92,10,400497,occupancy,12,404520,flow,4,4.648146174134497e-16,3.2972071383023035e-14,-0.18082538535139914
92,10,400497,occupancy,12,404520,flow,6,2.5079245529080348e-11,1.1321038734130313e-09,0.14899297042078338
92,10,400497,occupancy,12,404520,flow,7,5.561574450770483e-12,2.657743542846072e-10,0.15379341280287148
92,10,400497,occupancy,12,404520,flow,11,6.090441616396549e-10,2.372471396107583e-08,0.13827590042019708
92,10,400497,occupancy,12,404520,flow,12,4.620175435664585e-31,6.608992676182453e-29,0.2558957629748585
92,10,400497,occupancy,13,400183,flow,3,0.007585912660816131,0.049926400316472025,-0.059896213032296544
92,10,400497,occupancy,13,400183,flow,5,1.275744745501237e-06,2.9806475395161404e-05,0.10843260455438845
92,10,400497,occupancy,13,400183,flow,11,0.005142902533383344,0.03724616755107468,0.06276167354792105
92,10,400497,occupancy,13,400183,flow,12,0.0004848519925873012,0.005514904181087786,0.07821992762924532
92,10,400497,occupancy,14,401469,flow,1,0.00016990446291336911,0.002249742924170209,0.0842752016648611
92,10,400497,occupancy,14,401469,flow,2,0.00035070065252639654,0.0041736276003141405,0.0801342086690571
92,10,400497,occupancy,14,401469,flow,3,0.0017927960596391722,0.016138526729821263,0.07002651517877832
92,10,400497,occupancy,14,401469,flow,6,0.004988660458682198,0.03633009639498836,0.0629815363650314
92,10,400497,occupancy,14,401469,flow,8,3.930305860346642e-06,8.30671297294398e-05,0.10334606880493982
92,10,400497,occupancy,14,401469,flow,12,0.002333869986222172,0.019890077657555048,0.06827064608215822
92,10,400497,occupancy,15,401472,flow,1,1.8391897034957326e-23,2.0744907360578497e-21,0.22133137021758384
92,10,400497,occupancy,15,401472,flow,2,2.4456529348443023e-22,2.583183539982246e-20,0.21570335597097698
92,10,400497,occupancy,15,401472,flow,3,1.3197836952588147e-11,6.110895566471683e-10,0.1510579031233524
92,10,400497,occupancy,15,401472,flow,4,2.693569870868475e-06,5.9398784288676934e-05,0.10508019932660799
92,10,400497,occupancy,15,401472,flow,5,1.652153358066699e-05,0.0002963996057661187,0.09648951662905518
92,10,400497,occupancy,15,401472,flow,6,1.9159432691709513e-10,7.890252547968074e-09,0.14225459283604852
92,10,400497,occupancy,15,401472,flow,7,5.686920314060531e-16,4.0208667359642375e-14,0.18028848526532743
92,10,400497,occupancy,15,401472,flow,8,4.1318081970164567e-10,1.6604103638242877e-08,0.13962330292320618
92,10,400497,occupancy,15,401472,flow,9,0.0002151973068084633,0.0027512647689037035,0.08294535349263496
92,10,400497,occupancy,15,401472,flow,11,0.0023584912062269555,0.020020990392808895,0.06819997644700282
92,10,400497,occupancy,15,401472,flow,12,1.4336392664526057e-12,7.303445319664218e-11,0.15798837272371688
92,10,400497,occupancy,16,405838,flow,1,8.818793369098156e-14,5.100025080924234e-12,0.1662383657334326
92,10,400497,occupancy,16,405838,flow,3,0.002410777694115047,0.020352862299349236,-0.06805211153601383
92,10,400497,occupancy,16,405838,flow,4,0.0003195697084148113,0.003853031371342408,-0.08067606184257048
92,10,400497,occupancy,16,405838,flow,9,0.0012485449041130577,0.012071784747107479,-0.07237475472702057
92,10,400497,occupancy,16,405838,flow,10,3.237508250549759e-11,1.4344651940897393e-09,-0.14816361183820886
92,10,400497,occupancy,16,405838,flow,11,0.0045107153635324925,0.03349310823386106,-0.06370415348906261
92,10,400497,occupancy,17,400260,flow,1,1.299858070729368e-19,1.1413387938111523e-17,0.20135042475455564
92,10,400497,occupancy,17,400260,flow,2,1.4332555810708433e-13,8.030692749968927e-12,0.16486623436592068
92,10,400497,occupancy,17,400260,flow,6,3.4797957595707976e-05,0.000566630896394491,0.09274707716698316
92,10,400497,occupancy,17,400260,flow,7,1.535076333482773e-10,6.3887569948416e-09,0.14300447459563045
92,10,400497,occupancy,17,400260,flow,9,0.002596253385726003,0.021606269748288064,-0.06755022959642536
92,10,400497,occupancy,17,400260,flow,10,3.5692815414824504e-07,9.379133977618118e-06,-0.11392945821101817
92,10,400497,occupancy,17,400260,flow,12,8.243504961714721e-06,0.00016055879817226148,0.09986438903433056
92,10,400497,occupancy,18,404528,flow,1,6.3417837539364e-16,4.4402764695308344e-14,0.1799976727332133
92,10,400497,occupancy,18,404528,flow,2,4.203146121749318e-05,0.000666333623704846,0.09177579270636999
92,10,400497,occupancy,18,404528,flow,6,0.004247661623234111,0.031923970446018364,0.06413200528364223
92,10,400497,occupancy,18,404528,flow,7,0.0001198497143800758,0.0016621212395567493,0.086205051180243
92,10,400497,occupancy,18,404528,flow,12,0.0027906970680469097,0.022860289320964833,0.06705809906643048
92,10,400497,occupancy,19,401795,flow,1,4.491503022716411e-12,2.1728211711237285e-10,0.15446231709899477
92,10,400497,occupancy,19,401795,flow,2,3.374422979948366e-08,1.0548123931531796e-06,0.12348673133196493
92,10,400497,occupancy,19,401795,flow,4,0.0012257586770902731,0.011916289561826835,-0.07249252402896907
92,10,400497,occupancy,19,401795,flow,7,4.209535767534286e-06,8.84063904508902e-05,0.10302811194469375
92,10,400497,occupancy,19,401795,flow,8,0.005178855829598064,0.037418727519424044,0.06271128114851567
92,10,400497,occupancy,19,401795,flow,10,4.293691525484043e-05,0.0006786954771346896,-0.09166558310926903
92,10,400497,occupancy,19,401795,flow,12,0.0010009090659497432,0.010116816015215,0.07377737925860457
92,10,400497,speed,1,400125,flow,5,0.003508685150852774,0.027429460462692696,-0.06547713401598564
92,10,400497,speed,1,400125,flow,10,0.0016074225953095996,0.014730728917559334,0.07074205791534276
92,10,400497,speed,4,400316,flow,1,0.0020515169604332227,0.017946112762135594,-0.06913390818181303
92,10,400497,speed,4,400316,flow,2,0.007310914500203391,0.048596938976578935,-0.060173317613183695
92,10,400497,speed,4,400316,flow,8,0.0058841617836092935,0.04137974752595173,0.061781601794826044
92,10,400497,speed,4,400316,flow,12,0.006587689667742348,0.044944439931533395,-0.06094938420170738
92,10,400497,speed,5,400503,flow,1,0.001448197400535405,0.013579797634714456,-0.07142008994306599
92,10,400497,speed,5,400503,flow,5,0.007466177754467152,0.04940096170822193,-0.06001573975903521
92,10,400497,speed,6,405843,flow,1,5.9475093974380905e-05,0.0009031016027041318,-0.08996531094817668
92,10,400497,speed,6,405843,flow,2,0.007248618062158951,0.04825709666901937,-0.06023738737289238
92,10,400497,speed,6,405843,flow,3,6.822955221608937e-05,0.0010167273285727372,-0.0892398119067909
92,10,400497,speed,6,405843,flow,4,0.0045952820187745635,0.03400414237942123,-0.06357140194153642
92,10,400497,speed,6,405843,flow,5,1.9766698543589726e-05,0.0003441843519077292,-0.09560096471761852
92,10,400497,speed,7,408093,flow,5,0.00030982071500518737,0.0037606785299871015,-0.08085593073347026
92,10,400497,speed,7,408093,flow,6,0.0013431594942106182,0.012797637880436415,-0.07190604243674077
92,10,400497,speed,8,401448,flow,2,0.0072433947516756195,0.04822975543655776,-0.06024278177886164
92,10,400497,speed,8,401448,flow,4,0.0013741213978757476,0.013043736406994572,-0.07175925995617338
92,10,400497,speed,8,401448,flow,6,0.006067900993664152,0.04230686296421746,-0.061555955756855414
92,10,400497,speed,9,402391,flow,1,0.0012488149545097991,0.012071784747107479,-0.07237337091641707
92,10,400497,speed,9,402391,flow,4,0.001782450251877366,0.01606212992930793,-0.07006461667481947
92,10,400497,speed,9,402391,flow,11,0.003587698186396874,0.027895709440666838,0.0653216170345591
92,10,400497,speed,10,400497,flow,1,6.627524324212075e-09,2.3296098519606318e-07,-0.12968222739867222
92,10,400497,speed,10,400497,flow,2,8.726962285125175e-06,0.00016921219511553302,-0.09959176553049741
92,10,400497,speed,10,400497,flow,5,0.0018067165796678256,0.016240149030722024,-0.06997556616509153
92,10,400497,speed,10,400497,flow,6,6.503529495260091e-05,0.0009745547827525069,-0.08949374573136348
92,10,400497,speed,10,400497,flow,9,9.71606339277989e-09,3.344493534407102e-07,0.1282523573047028
92,10,400497,speed,10,400497,flow,10,3.944770790578493e-07,1.025972896766953e-05,0.1135070229884793
92,10,400497,speed,10,400497,flow,11,6.353293554937048e-05,0.0009556486127203359,0.08961728415330285
92,10,400497,speed,11,405841,flow,12,0.0008151347831752845,0.008513980327169317,-0.07505934540794132
92,10,400497,speed,12,404520,flow,1,1.4379893603773017e-12,7.316977664110652e-11,-0.15797912338869669
92,10,400497,speed,12,404520,flow,2,8.801699452864696e-06,0.00017058475386440324,-0.09955091361838808
92,10,400497,speed,12,404520,flow,8,3.643612967421744e-05,0.0005905211704194627,0.09251136117189254
92,10,400497,speed,12,404520,flow,12,1.0768952445959821e-05,0.00020422245200415464,-0.09857991490710936
92,10,400497,speed,14,401469,flow,2,0.0044058504389156965,0.03288402539066311,-0.06387193438345774
92,10,400497,speed,14,401469,flow,3,0.0026822689859793063,0.0221471751135906,-0.06732851412398771
92,10,400497,speed,14,401469,flow,4,0.007481922078690989,0.049474825317534166,-0.05999992515184152
92,10,400497,speed,14,401469,flow,6,0.0014965066563360425,0.013923990427248985,-0.07120740540077798
92,10,400497,speed,14,401469,flow,8,0.0001040123755128185,0.0014737076491156968,-0.08697763056206462
92,10,400497,speed,15,401472,flow,1,1.236593089101129e-05,0.00022986584100330795,-0.09790910525531253
92,10,400497,speed,15,401472,flow,2,2.443554485710877e-08,7.829237129122232e-07,-0.12473927399641563
92,10,400497,speed,15,401472,flow,3,9.212340968365384e-11,3.897875904342651e-09,-0.14471739596624295
92,10,400497,speed,15,401472,flow,4,1.8785663869414003e-12,9.458516074110548e-11,-0.15716102903158044
92,10,400497,speed,15,401472,flow,5,6.464442511258708e-14,3.7585991451733e-12,-0.1671771604128758
92,10,400497,speed,15,401472,flow,6,6.41212399845791e-14,3.733204268643958e-12,-0.16720057727157275
92,10,400497,speed,15,401472,flow,7,3.443963695496574e-14,2.0635122280922605e-12,-0.16898186167430343
92,10,400497,speed,15,401472,flow,8,1.505107690157502e-09,5.683623445350008e-08,-0.1350823697240873
92,10,400497,speed,15,401472,flow,9,8.687513392807432e-12,4.0837930203403813e-10,-0.15238777785331037
92,10,400497,speed,15,401472,flow,10,1.890632559335845e-07,5.198938673666996e-06,-0.11657873105044077
92,10,400497,speed,15,401472,flow,11,6.072534749451389e-07,1.5181336873628474e-05,-0.11166763399543048
92,10,400497,speed,15,401472,flow,12,7.75649589174506e-09,2.700085596481761e-07,-0.12909616348106923
92,10,400497,speed,16,405838,flow,8,0.0008080472867666716,0.00844812264964187,-0.07511344608844675
92,10,400497,speed,17,400260,flow,2,0.007000494748307115,0.047076801545278234,-0.060497575319830924
92,10,400497,speed,17,400260,flow,5,0.0006619579194781984,0.007156301832196739,-0.07633962029562176
92,10,400497,speed,17,400260,flow,6,0.00047111658224285624,0.0053841895113469285,-0.07839145345082757
92,10,400497,speed,17,400260,flow,7,0.0001756568492816251,0.00231635405646099,-0.08408898576770699
92,10,400497,speed,17,400260,flow,8,7.074863436514882e-09,2.480796269946777e-07,-0.12943918696999762
92,10,400497,speed,17,400260,flow,11,2.409404606404224e-06,5.359746601269953e-05,0.10558671830702218
92,10,400497,speed,17,400260,flow,12,1.0550780991691012e-05,0.00020052518206821457,0.09867884295614376
92,10,400497,speed,18,404528,flow,7,0.006720642545374227,0.04559945939377519,-0.06080115890112583
92,10,400497,speed,19,401795,flow,2,0.0007317696686975526,0.007776740390586537,-0.07572531849258594
92,10,400497,speed,19,401795,flow,7,0.00553786534723948,0.03952019180581651,-0.062224705031641625
92,10,400497,speed,19,401795,flow,8,2.4630840369136e-05,0.0004172858611818134,-0.09450031637165977
92,11,405841,flow,0,400593,flow,7,0.0012833771051359633,0.01233138143724947,0.07219850436897346
92,11,405841,flow,2,400331,flow,1,0.0017651762733960606,0.015926402466731375,0.07012868828802488
92,11,405841,flow,2,400331,flow,3,0.00029522741516748824,0.0036119581804688453,0.08113532795062972
92,11,405841,flow,2,400331,flow,8,0.00489136480897591,0.03579653731115692,0.06312340635012065
92,11,405841,flow,4,400316,flow,2,0.0023940325903125583,0.020255034841657367,0.06809914426790127
92,11,405841,flow,4,400316,flow,12,0.0051572334312287955,0.03731363524045819,0.06274154924509005
92,11,405841,flow,6,405843,flow,1,3.7910137672338666e-05,0.0006102558817986504,0.09230770788992644
92,11,405841,flow,6,405843,flow,3,0.0023885511134191847,0.02022123094019008,0.06811460572743779
92,11,405841,flow,6,405843,flow,5,0.0006210357792979875,0.006778359187891122,0.07672832448735119
92,11,405841,flow,6,405843,flow,11,0.0015196075076515942,0.014108541657113446,0.07110792767377119
92,11,405841,flow,7,408093,flow,3,0.0018089236580366298,0.01624646611791734,0.06996752140365868
92,11,405841,flow,7,408093,flow,5,0.0006648778614149959,0.007182476522412559,0.07631274567070057
92,11,405841,flow,7,408093,flow,6,0.00019366419656482772,0.0025169354066186997,0.08354100815880423
92,11,405841,flow,8,401448,flow,2,0.0002322376958892524,0.002934386798015708,0.08251238833740379
92,11,405841,flow,8,401448,flow,3,0.0069596510615543014,0.04686049343191175,0.06054119591363703
92,11,405841,flow,8,401448,flow,7,0.0057821033924069145,0.04084822020473895,0.06190969345396916
92,11,405841,flow,8,401448,flow,11,0.00261940694600829,0.02175286045127992,0.06748989615500992
92,11,405841,flow,9,402391,flow,4,0.0018540862981078579,0.01656598305651695,0.0698048529481589
92,11,405841,flow,10,400497,flow,1,0.0030479289301056393,0.02457456696165801,0.06645306102450227
92,11,405841,flow,10,400497,flow,5,0.006305723901334502,0.04352102504908403,0.0612728514223047
92,11,405841,flow,10,400497,flow,6,7.047717034994271e-05,0.001044822841152205,0.08906778482438478
92,11,405841,flow,10,400497,flow,12,8.329165143942871e-05,0.0012156078858727435,0.08817621268809236
92,11,405841,flow,11,405841,flow,1,9.429200068275782e-45,1.6626181344878113e-42,0.3073367000670375
92,11,405841,flow,11,405841,flow,2,1.508759452087744e-21,1.5264264245946264e-19,0.21154486908814146
92,11,405841,flow,11,405841,flow,3,9.155136675728187e-13,4.753628658551174e-11,0.1593118983448626
92,11,405841,flow,11,405841,flow,4,1.2128725794667504e-22,1.3033854585314331e-20,0.21719086706453103
92,11,405841,flow,11,405841,flow,5,0.0012261017834358828,0.011916289561826835,0.0724907357744408
92,11,405841,flow,11,405841,flow,6,3.7519143486117835e-05,0.0006056902087445032,0.09236098671530744
92,11,405841,flow,11,405841,flow,7,0.0009962614103239107,0.010076912415357749,0.07380665749996271
92,11,405841,flow,11,405841,flow,10,0.0003589272373606072,0.004253952442792381,0.07999854016678226
92,11,405841,flow,12,404520,flow,2,0.00040059659081850536,0.0046861014685511595,0.07935305820656544
92,11,405841,flow,12,404520,flow,12,0.00044488502614881993,0.005130548085859323,0.07873239730281681
92,11,405841,flow,13,400183,flow,1,4.661341994696561e-09,1.6697344458614547e-07,0.1309513892284674
92,11,405841,flow,14,401469,flow,2,0.0010070891058343477,0.010172141541277489,0.07373864184121856
92,11,405841,flow,14,401469,flow,3,4.984479521509783e-07,1.2658995610183575e-05,0.11251310800053664
92,11,405841,flow,14,401469,flow,7,0.005966161092317411,0.041806676267333684,0.061680127604556725
92,11,405841,flow,14,401469,flow,8,0.00013347550696070755,0.0018253060780951459,0.0856138359403236
92,11,405841,flow,14,401469,flow,9,0.0071731590032578585,0.04788757053635288,0.060315659063678445
92,11,405841,flow,14,401469,flow,12,0.003743467340588349,0.028852415542090396,0.06502393359181684
92,11,405841,flow,15,401472,flow,1,4.771918594514876e-05,0.000745828087131124,0.09111771801237581
92,11,405841,flow,15,401472,flow,2,4.308831130328555e-05,0.0006803417574202981,0.09164737085867225
92,11,405841,flow,15,401472,flow,3,8.260727858348831e-07,1.996997445331111e-05,0.11033754373053506
92,11,405841,flow,15,401472,flow,4,0.00010763181993621434,0.0015170292402102643,0.08679174146528272
92,11,405841,flow,15,401472,flow,5,3.3727017821397215e-05,0.0005518966552592272,0.09290693572177422
92,11,405841,flow,15,401472,flow,6,4.517607905619939e-09,1.6222831381777337e-07,0.13109935928891778
92,11,405841,flow,15,401472,flow,7,3.662312589027916e-06,7.782189072602359e-05,0.10367227107261791
92,11,405841,flow,15,401472,flow,8,0.0001611709207574818,0.002146295862121829,0.08456957328386984
92,11,405841,flow,15,401472,flow,9,6.1327335208584105e-06,0.00012341041748611177,0.10126822369881333
92,11,405841,flow,15,401472,flow,10,0.0015855879399157052,0.014580118987730624,0.07083127859755835
92,11,405841,flow,15,401472,flow,11,0.0037247754846222443,0.0287391142946385,0.06505905407106069
92,11,405841,flow,15,401472,flow,12,0.002513368055338274,0.021067347754734088,0.06777031934158083
92,11,405841,flow,17,400260,flow,4,0.0002315170640302507,0.00292870780852323,0.08253008550002557
92,11,405841,flow,17,400260,flow,5,0.0018333597310308983,0.016421550980828283,0.06987904967104633
92,11,405841,flow,17,400260,flow,9,0.00018120681496876294,0.002380095593387218,0.0839146766665238
92,11,405841,flow,18,404528,flow,6,0.0005604951700464945,0.006216531796151108,0.07734945962110391
92,11,405841,flow,18,404528,flow,7,0.005766587542046977,0.040758603045881775,0.06192934521877411
92,11,405841,flow,18,404528,flow,12,0.0038152927324583913,0.029275090170715747,0.06489044480812638
92,11,405841,flow,19,401795,flow,8,0.006655523845469924,0.04529992596885154,0.06087342544337986
92,11,405841,occupancy,0,400593,flow,7,0.0013849909686150835,0.013123845107298006,0.07170845229130603
92,11,405841,occupancy,2,400331,flow,3,0.006466481891674637,0.044292376362826125,0.06108687645964505
92,11,405841,occupancy,5,400503,flow,8,0.0012504973202777739,0.012085343229530162,0.07236475623615393
92,11,405841,occupancy,6,405843,flow,5,0.0003588722882433852,0.004253952442792381,0.07999943667826061
92,11,405841,occupancy,7,408093,flow,1,4.829791155912205e-05,0.000753238187492445,0.09105498417093363
92,11,405841,occupancy,7,408093,flow,3,0.00380353898111186,0.02922156926623375,0.0649121323543613
92,11,405841,occupancy,7,408093,flow,6,0.0063704698107206964,0.043843284343338236,0.061197442191359024
92,11,405841,occupancy,8,401448,flow,2,0.0013871979642339806,0.013128432542544463,0.07169818102267914
92,11,405841,occupancy,8,401448,flow,3,0.0009373076303579936,0.00957929728683826,0.07418943590849235
92,11,405841,occupancy,8,401448,flow,11,0.00048288066588642704,0.005498139435604968,0.07824426476191133
92,11,405841,occupancy,10,400497,flow,6,0.003200749051074087,0.025530346936189174,0.0661153081749185
92,11,405841,occupancy,11,405841,flow,1,0.0027801355936231697,0.02278540270243235,-0.0670840132898029
92,11,405841,occupancy,11,405841,flow,3,2.3726455281068043e-05,0.0004036954974959195,0.0946883076679562
92,11,405841,occupancy,11,405841,flow,11,0.004834420252606629,0.03546993120118994,0.06320762688517276
92,11,405841,occupancy,12,404520,flow,6,0.0010460514512551783,0.010489652435985075,0.07349936558862535
92,11,405841,occupancy,13,400183,flow,2,0.003474679818938706,0.027203002569436772,0.06554504698303688
92,11,405841,occupancy,14,401469,flow,3,5.5274033206718295e-08,1.6756759540563022e-06,0.1215474033333419
92,11,405841,occupancy,14,401469,flow,5,0.0018404995204901995,0.016471841575549328,0.06985340417608193
92,11,405841,occupancy,14,401469,flow,8,0.0003174636250477487,0.003832987311923629,0.08071448015009854
92,11,405841,occupancy,15,401472,flow,1,8.488771274330242e-05,0.0012355623957246175,0.08807439101673016
92,11,405841,occupancy,15,401472,flow,2,0.00011125939827937853,0.001561535414447418,0.0866112568057088
92,11,405841,occupancy,15,401472,flow,3,6.172216243036398e-06,0.0001239608283120281,0.10123796006006838
92,11,405841,occupancy,15,401472,flow,4,0.0014031053027090546,0.013243204954562193,0.07162459119153738
92,11,405841,occupancy,15,401472,flow,5,0.0001263997139214351,0.0017401107843868695,0.08591336024032281
92,11,405841,occupancy,15,401472,flow,6,2.9909162194751737e-06,6.499375285781062e-05,0.10460234837768108
92,11,405841,occupancy,15,401472,flow,7,0.0002306163083704304,0.002918167698184708,0.08255227889498411
92,11,405841,occupancy,15,401472,flow,8,0.0026267532071360218,0.021792920788991,0.0674708550934425
92,11,405841,occupancy,15,401472,flow,9,0.001448005354258648,0.013579797634714456,0.07142094840092689
92,11,405841,occupancy,17,400260,flow,2,0.0010279386469653929,0.010348857969914933,0.07360955646909577
92,11,405841,occupancy,17,400260,flow,4,0.000258616849836575,0.0032261761227086456,0.08189762430147991
92,11,405841,occupancy,17,400260,flow,7,0.006009102444363038,0.04203938876056409,0.0616274876742621
92,11,405841,occupancy,17,400260,flow,12,0.005595642403896975,0.03980701968016568,0.06214907114023839
92,11,405841,occupancy,18,404528,flow,6,0.00639332397614053,0.04395855415713367,0.06117098856850832
92,11,405841,speed,0,400593,flow,8,0.005716308330771115,0.04047607275681236,-0.06199335589756094
92,11,405841,speed,3,400039,flow,1,0.002085281867592432,0.018191473481420247,-0.06902513683446032
92,12,404520,flow,1,400125,flow,1,0.0023143479977230886,0.019754838781541138,0.06832716610757811
92,12,404520,flow,1,400125,flow,2,0.0012354415713129111,0.011971977541659434,0.07244223376204614
92,12,404520,flow,1,400125,flow,3,3.872373490844522e-06,8.192288677986453e-05,0.10341473929064605
92,12,404520,flow,1,400125,flow,4,0.0003510298102221076,0.004176394327071068,0.0801287235239479
92,12,404520,flow,1,400125,flow,6,0.00011102389745838453,0.0015587365519019213,0.0866228041951375
92,12,404520,flow,1,400125,flow,9,0.0025119974516676006,0.02106333266926249,-0.0677740142205286
92,12,404520,flow,3,400039,flow,1,3.272866229899788e-17,2.529299125790176e-15,0.18764684094249726
92,12,404520,flow,3,400039,flow,2,0.00075809056177241,0.008012791105205466,-0.07548878780950553
92,12,404520,flow,3,400039,flow,3,0.001850796347917024,0.016540008736039603,-0.06979902951650951
92,12,404520,flow,3,400039,flow,8,0.0014528677292449464,0.01359226673442964,-0.0713992455182796
92,12,404520,flow,3,400039,flow,11,0.004970086740964076,0.036219255602167356,0.06300842504705623
92,12,404520,flow,4,400316,flow,1,0.0,0.0,0.7936852385108282
92,12,404520,flow,4,400316,flow,2,0.00064187535471275,0.00697585291159517,-0.07650827074040153
92,12,404520,flow,4,400316,flow,3,1.5105917989001765e-12,7.677360672057368e-11,-0.15782867469453787
92,12,404520,flow,4,400316,flow,4,2.6750903989709383e-06,5.905156118321131e-05,-0.10511154320576191
92,12,404520,flow,4,400316,flow,8,1.9964490872946398e-08,6.470112570977377e-07,-0.1254858958241269
92,12,404520,flow,4,400316,flow,11,0.0006206843282152839,0.006777948174646174,0.07671248657787076
92,12,404520,flow,4,400316,flow,12,6.941977407349053e-12,3.2883050876916563e-10,0.15305818928470752
92,12,404520,flow,5,400503,flow,1,1.4504030823131355e-05,0.00026471234962369014,0.09713006163816815
92,12,404520,flow,5,400503,flow,2,5.489741191244984e-13,2.9063335718355798e-11,0.1608917170992761
92,12,404520,flow,5,400503,flow,3,7.124159219814094e-06,0.00014098198730919323,0.10055931082267185
92,12,404520,flow,5,400503,flow,4,0.0004941344521093073,0.005601314177675695,0.07810655563431369
92,12,404520,flow,5,400503,flow,12,1.2243991986292642e-05,0.00022799157491717334,0.0979573222770783
92,12,404520,flow,6,405843,flow,1,7.325893312184005e-08,2.1826109730093038e-06,0.12042679634831113
92,12,404520,flow,6,405843,flow,2,0.000286581843406772,0.0035220878077412464,0.0813070136119426
92,12,404520,flow,6,405843,flow,3,2.6397086846477694e-05,0.00044354498318468935,0.09415137054093539
92,12,404520,flow,6,405843,flow,7,0.001360898081163686,0.01292957930641549,0.07182157151618877
92,12,404520,flow,6,405843,flow,12,1.2744106217481649e-05,0.00023618420789155178,0.09776239937991825
92,12,404520,flow,7,408093,flow,5,0.005299032130561493,0.038108571340145905,0.06254510318586148
92,12,404520,flow,7,408093,flow,6,0.00011473325465143538,0.0016024819272363428,0.08644354653127262
92,12,404520,flow,8,401448,flow,1,5.9933468708308045e-06,0.00012125879267353935,0.10137657466981716
92,12,404520,flow,8,401448,flow,2,0.0002365634133729866,0.00298032646769117,0.08240722804092267
92,12,404520,flow,8,401448,flow,3,0.00023850673041915063,0.003002182620660637,0.08236057080035708
92,12,404520,flow,8,401448,flow,4,3.223646491184779e-05,0.0005307222881828599,0.09313764120698557
92,12,404520,flow,8,401448,flow,5,0.0005304887206208303,0.00592939527317461,0.07768084333155281
92,12,404520,flow,9,402391,flow,1,3.4898134791669966e-14,2.088087843490502e-12,0.16894416138314605
92,12,404520,flow,9,402391,flow,2,3.6480535763420715e-12,1.784778193635079e-10,0.15511057957300992
92,12,404520,flow,9,402391,flow,3,8.497882786403285e-09,2.9486629427519835e-07,0.12875484990218236
92,12,404520,flow,9,402391,flow,4,0.0021161265489927474,0.018382599420166235,0.06892717458262657
92,12,404520,flow,9,402391,flow,5,0.00037212418282401915,0.004391085686423826,0.07978685609836808
92,12,404520,flow,9,402391,flow,6,0.000568017659271441,0.006288662962718157,0.0772689747900108
92,12,404520,flow,9,402391,flow,7,0.0008059678286235532,0.008428421737239773,0.07512940261633409
92,12,404520,flow,9,402391,flow,11,0.005676666126338898,0.040234942847881934,0.06204418328542863
92,12,404520,flow,9,402391,flow,12,5.698147467268303e-09,2.0293484796866506e-07,0.13024271983684502
92,12,404520,flow,10,400497,flow,1,1.6611636191270037e-26,2.1106549513613697e-24,0.23584840570100782
92,12,404520,flow,10,400497,flow,5,1.7491522354199688e-13,9.762710151181221e-12,0.16428293195999727
92,12,404520,flow,10,400497,flow,6,1.9569023996663034e-09,7.312991666573037e-08,0.13414172507463434
92,12,404520,flow,10,400497,flow,8,4.9962264995953754e-14,2.95262633081423e-12,-0.167917942168986
92,12,404520,flow,10,400497,flow,9,2.4416441131550166e-21,2.424805188236706e-19,-0.21056243844860756
92,12,404520,flow,10,400497,flow,11,8.802881509384367e-17,6.648330091003578e-15,0.18519294207240838
92,12,404520,flow,10,400497,flow,12,5.251958143541781e-53,9.695922726538672e-51,0.33414860214241543
92,12,404520,flow,11,405841,flow,12,0.000318566769342701,0.0038430841763766217,0.08069432741408983
92,12,404520,flow,12,404520,flow,1,0.0,0.0,0.831612218593823
92,12,404520,flow,12,404520,flow,2,3.611984455896563e-06,7.694168071732323e-05,-0.10368409432744398
92,12,404520,flow,12,404520,flow,3,5.643433293068316e-19,4.8372285369156994e-17,-0.19778322957331573
92,12,404520,flow,12,404520,flow,4,1.953788616134065e-09,7.307676901904034e-08,-0.13411395397760947
92,12,404520,flow,12,404520,flow,8,0.0011023081398693732,0.010950081496073584,-0.07316803009906132
92,12,404520,flow,12,404520,flow,10,4.233599643906126e-06,8.886856395371461e-05,0.10300166355647661
92,12,404520,flow,12,404520,flow,11,1.0697775268959315e-17,8.495292125350044e-16,0.19057523451624167
92,12,404520,flow,12,404520,flow,12,3.199290602634834e-29,4.319042313557025e-27,0.24801438640362555
92,12,404520,flow,13,400183,flow,11,0.0006993721334302091,0.007498852361425921,0.07600330402287689
92,12,404520,flow,14,401469,flow,1,4.091148886259846e-06,8.604558514431615e-05,0.1031603753821368
92,12,404520,flow,14,401469,flow,5,8.760481557836744e-05,0.0012712556375497055,0.08790513910727006
92,12,404520,flow,14,401469,flow,7,0.000952937186246686,0.009706881972614202,0.07408583122122983
92,12,404520,flow,15,401472,flow,1,3.6935143438567404e-08,1.1487388024090077e-06,0.12313388062461654
92,12,404520,flow,15,401472,flow,2,8.031014593104222e-07,1.9480057856378573e-05,0.11046007395786239
92,12,404520,flow,15,401472,flow,3,6.519727954635258e-06,0.00012991339835804574,0.100979302449999
92,12,404520,flow,15,401472,flow,4,0.0014360849675884475,0.013483779743495095,0.07147443955843351
92,12,404520,flow,15,401472,flow,5,0.00039950406557068356,0.004674587116103339,0.07936916456362594
92,12,404520,flow,15,401472,flow,6,0.0023988947837256845,0.020280284668678976,0.06808545668275472
92,12,404520,flow,15,401472,flow,7,0.005024558890660283,0.0365299468321313,0.06292982252713847
92,12,404520,flow,16,405838,flow,1,0.00011583538385836098,0.001612661483300417,0.0863913373571469
92,12,404520,flow,16,405838,flow,7,1.3152245354014006e-05,0.00024291449307114367,0.09760865548572746
92,12,404520,flow,17,400260,flow,1,0.006369269052035147,0.04384200494708706,0.06119883442392779
92,12,404520,flow,17,400260,flow,2,0.0005783367699952985,0.006389807791252403,0.0771601668980231
92,12,404520,flow,17,400260,flow,3,0.0004396616552106968,0.005082521676505781,0.07880252003763899
92,12,404520,flow,17,400260,flow,4,0.002129854751241273,0.01847955919936192,0.0688839941854901
92,12,404520,flow,17,400260,flow,5,4.345253568670262e-06,9.103538029415874e-05,0.10288079912772216
92,12,404520,flow,17,400260,flow,6,1.1133098785485672e-16,8.292239095396225e-15,0.18458305479341983
92,12,404520,flow,17,400260,flow,7,6.495218937350343e-07,1.607064479344415e-05,0.11137809169816344
92,12,404520,flow,17,400260,flow,9,2.8788014981525494e-05,0.00047998542925584766,-0.09371279700288773
92,12,404520,flow,17,400260,flow,10,2.766714386488647e-08,8.76261447920158e-07,-0.12425873416234985
92,12,404520,flow,18,404528,flow,1,3.698115235173216e-18,3.008636123530752e-16,0.19322832432476586
92,12,404520,flow,18,404528,flow,2,3.420546729968155e-17,2.634003899012911e-15,0.1876269008624518
92,12,404520,flow,18,404528,flow,3,3.1607717559805217e-15,2.113704951367779e-13,0.1756539689140166
92,12,404520,flow,18,404528,flow,4,6.186961380355998e-07,1.544059685912069e-05,0.11158737990464523
92,12,404520,flow,18,404528,flow,5,7.89818619665467e-12,3.720846714236442e-10,0.15268907627499
92,12,404520,flow,18,404528,flow,6,0.0035348394020672286,0.02756409064427875,0.06542530661534857
92,12,404520,flow,18,404528,flow,7,0.000593569357510354,0.006528054033718761,0.07700280624438718
92,12,404520,flow,18,404528,flow,9,0.003789280873622955,0.02912358158179362,-0.06493852267186935
92,12,404520,flow,18,404528,flow,12,0.001736378179454331,0.01570995858555782,0.07023679631113731
92,12,404520,flow,19,401795,flow,1,0.004650450425124924,0.03434765914949508,0.06348598597733639
92,12,404520,flow,19,401795,flow,5,0.0055383157683428965,0.03952019180581651,0.06222411265491554
92,12,404520,flow,19,401795,flow,6,1.1361524179032375e-06,2.6820647242305935e-05,0.10894364307112049
92,12,404520,flow,19,401795,flow,7,1.4549273660379655e-05,0.0002653138970571554,0.09711478982265298
92,12,404520,occupancy,1,400125,flow,1,1.0288169337047107e-07,2.9669487006704604e-06,0.119062342057587
92,12,404520,occupancy,1,400125,flow,2,0.0001249747393971996,0.001723789508926891,0.08597558632829522
92,12,404520,occupancy,1,400125,flow,9,0.00037331155578224307,0.0044014899590046124,0.07976815556709145
92,12,404520,occupancy,1,400125,flow,10,1.0086936974428695e-05,0.0001923017110747218,0.09889582367715155
92,12,404520,occupancy,1,400125,flow,11,1.3432726054047825e-09,5.085834930191639e-08,0.13548800083741586
92,12,404520,occupancy,1,400125,flow,12,1.865158651481585e-09,6.994344943055943e-08,0.1343142757420566
92,12,404520,occupancy,4,400316,flow,8,1.5690685895966655e-06,3.5858372312845946e-05,0.10751420294511503
92,12,404520,occupancy,4,400316,flow,9,2.0863537811497634e-18,1.7135072879404901e-16,0.1946422598687469
92,12,404520,occupancy,4,400316,flow,10,2.4155744788885895e-25,2.931258918201884e-23,0.23042215040792782
92,12,404520,occupancy,4,400316,flow,11,5.1578843484492536e-20,4.699141148214876e-18,0.20353229876940943
92,12,404520,occupancy,4,400316,flow,12,3.95221433287506e-06,8.336702108408331e-05,0.10332035182770606
92,12,404520,occupancy,5,400503,flow,1,7.824095511641266e-12,3.689966442171427e-10,0.15271885606475688
92,12,404520,occupancy,5,400503,flow,2,2.0892874297051653e-05,0.0003618974216650487,0.09532486744393556
92,12,404520,occupancy,5,400503,flow,3,0.003056454423818721,0.024615740326056817,0.0664338164990523
92,12,404520,occupancy,5,400503,flow,4,6.036241892521745e-05,0.0009143255601575714,0.08988732941113058
92,12,404520,occupancy,5,400503,flow,5,5.967151288532964e-07,1.4935164291113791e-05,0.11174284460667291
92,12,404520,occupancy,5,400503,flow,6,2.936843822170173e-06,6.393843850446528e-05,0.10468575400712658
92,12,404520,occupancy,5,400503,flow,7,6.540244964390865e-07,1.6154292879455993e-05,0.11134832545726825
92,12,404520,occupancy,5,400503,flow,8,9.41554966729947e-10,3.62847230711273e-08,0.13674738138228662
92,12,404520,occupancy,5,400503,flow,9,2.0095924547839706e-11,9.147986727783722e-10,0.14970872976196237
92,12,404520,occupancy,5,400503,flow,10,1.9380483351871262e-18,1.6008353361392705e-16,0.1948236154263339
92,12,404520,occupancy,5,400503,flow,11,2.489662898771607e-22,2.616871951993514e-20,0.21566401379582104
92,12,404520,occupancy,5,400503,flow,12,9.218318446948154e-20,8.160478625167219e-18,0.20216453747532684
92,12,404520,occupancy,6,405843,flow,1,7.784888163802317e-13,4.066592124259494e-11,0.15984142663839498
92,12,404520,occupancy,6,405843,flow,2,1.981385048250262e-05,0.00034472748322356557,0.09558910793054093
92,12,404520,occupancy,6,405843,flow,3,0.00029491136469852347,0.003610136286476683,0.0811415207812961
92,12,404520,occupancy,6,405843,flow,4,5.7897069893840435e-06,0.00011789224096070175,0.10153928499233042
92,12,404520,occupancy,6,405843,flow,5,3.6786353585570137e-09,1.3365605339752984e-07,0.13185284859398055
92,12,404520,occupancy,6,405843,flow,6,6.73435875530239e-08,2.0233942393647065e-06,0.12076277610071405
92,12,404520,occupancy,6,405843,flow,7,9.008078236160472e-05,0.0013031984989905466,0.08775516934814909
92,12,404520,occupancy,6,405843,flow,8,6.724584999453858e-05,0.0010031148894212936,0.08931679381095806
92,12,404520,occupancy,6,405843,flow,9,1.1673624968501295e-08,3.9521990488969904e-07,0.1275607131176307
92,12,404520,occupancy,6,405843,flow,10,6.121542972395835e-16,4.293030136485391e-14,0.18009203675955762
92,12,404520,occupancy,6,405843,flow,11,2.325718503007283e-21,2.315000906219231e-19,0.21067251263578401
92,12,404520,occupancy,6,405843,flow,12,3.274146519319352e-11,1.447729064837216e-09,0.14812695461374484
92,12,404520,occupancy,7,408093,flow,1,1.2574807430555236e-09,4.781969022887202e-08,0.1357227899809331
92,12,404520,occupancy,7,408093,flow,2,5.544069589352481e-10,2.171385369537871e-08,0.13860349327159052
92,12,404520,occupancy,7,408093,flow,3,6.580629458242819e-09,2.315009711694542e-07,0.1297086226337957
92,12,404520,occupancy,7,408093,flow,4,3.708349996024383e-08,1.1500410612222064e-06,0.12311820331416357
92,12,404520,occupancy,7,408093,flow,5,8.650232093246e-08,2.538655070843935e-06,0.11976099085758242
92,12,404520,occupancy,7,408093,flow,6,9.930884489622715e-07,2.3676280902411773e-05,0.10953429724463341
92,12,404520,occupancy,7,408093,flow,7,5.140706035432688e-07,1.3009871161727717e-05,0.11238136021258295
92,12,404520,occupancy,7,408093,flow,8,1.036781399235283e-07,2.9799704888199753e-06,0.11903118057282709
92,12,404520,occupancy,7,408093,flow,9,2.7582844523441135e-09,1.0158387752878576e-07,0.13290181406671184
92,12,404520,occupancy,7,408093,flow,10,1.9503009394050857e-09,7.300953256698415e-08,0.13415387531881315
92,12,404520,occupancy,7,408093,flow,11,5.735804435174795e-09,2.0377199967068352e-07,0.13021833413960604
92,12,404520,occupancy,7,408093,flow,12,6.264620759014941e-07,1.559836408008331e-05,0.11153372314453869
92,12,404520,occupancy,8,401448,flow,1,2.0215491779994635e-11,9.183062512048036e-10,0.1496896072137879
92,12,404520,occupancy,8,401448,flow,2,1.3318707047784312e-08,4.4671439787599557e-07,0.12706165894754878
92,12,404520,occupancy,8,401448,flow,3,2.8403771043612905e-05,0.00047467810796289267,0.09378088965473817
92,12,404520,occupancy,8,401448,flow,4,0.0002658983668542313,0.0033027054192359957,0.08173828601700553
92,12,404520,occupancy,8,401448,flow,5,0.0005199769700361277,0.005833031707494344,0.0778010723110213
92,12,404520,occupancy,8,401448,flow,6,0.0004623125709380676,0.00529197219515753,0.07850386534881854
92,12,404520,occupancy,8,401448,flow,7,0.0021130539257188667,0.01835959967639884,0.06893687429411399
92,12,404520,occupancy,8,401448,flow,8,0.0009230216915569645,0.009462396078609603,0.07428554268500577
92,12,404520,occupancy,8,401448,flow,9,5.8077210871250105e-06,0.00011801201832728149,0.10152467264522509
92,12,404520,occupancy,8,401448,flow,10,5.460956520035593e-10,2.1427186345643742e-08,0.13865606711243533
92,12,404520,occupancy,8,401448,flow,11,6.59145413883522e-15,4.293081748536781e-13,0.1736289563550265
92,12,404520,occupancy,8,401448,flow,12,6.8439244495225885e-18,5.465019153777742e-16,0.19169559495961083
92,12,404520,occupancy,9,402391,flow,2,1.0738090415668144e-15,7.39849291797231e-14,-0.17858556436657205
92,12,404520,occupancy,9,402391,flow,3,4.439901427661869e-12,2.1550982210673342e-10,-0.1544984038602861
92,12,404520,occupancy,9,402391,flow,4,2.1152395393452004e-07,5.779781663485937e-06,-0.1161149539449794
92,12,404520,occupancy,9,402391,flow,5,3.609650634360617e-06,7.694168071732323e-05,-0.10373905151758442
92,12,404520,occupancy,9,402391,flow,6,2.7848982750877345e-05,0.00046594734889151873,-0.09388076483068501
92,12,404520,occupancy,9,402391,flow,7,1.7330920612661616e-05,0.00030859513388441066,-0.09625329049709548
92,12,404520,occupancy,9,402391,flow,8,0.0014495292958272533,0.013580495679838938,-0.07141413917820649
92,12,404520,occupancy,9,402391,flow,10,0.0033800714370595146,0.026660413744928068,0.06573722277516987
92,12,404520,occupancy,9,402391,flow,11,0.000673196728372264,0.007257823475338609,0.07623677718974627
92,12,404520,occupancy,10,400497,flow,3,3.0630780919672077e-15,2.051549977875711e-13,0.17573993676127872
92,12,404520,occupancy,10,400497,flow,4,6.920985643412619e-27,8.898410112959082e-25,0.23759360891005485
92,12,404520,occupancy,10,400497,flow,5,1.1107304302952662e-10,4.663124838557386e-09,0.14409225142250917
92,12,404520,occupancy,10,400497,flow,8,2.0852995246245373e-12,1.0474992960904652e-10,0.1568402739734067
92,12,404520,occupancy,10,400497,flow,9,2.3197477236094757e-66,5.1656237969035745e-64,0.3723937154519719
92,12,404520,occupancy,10,400497,flow,10,1.2330046814640069e-111,4.552632670020949e-109,0.4737212599197781
92,12,404520,occupancy,10,400497,flow,11,2.856464000187025e-78,7.345193143338065e-76,0.4026114415784667
92,12,404520,occupancy,10,400497,flow,12,2.438390316002055e-08,7.820227294082314e-07,0.12474744342488005
92,12,404520,occupancy,11,405841,flow,4,0.00012114490380283962,0.0016779287734154124,0.08614620070333281
92,12,404520,occupancy,11,405841,flow,5,5.185376421313685e-05,0.0008003153319069353,0.09068448010351121
92,12,404520,occupancy,11,405841,flow,6,0.00013686065589205756,0.0018633407924793213,0.08547579123470456
92,12,404520,occupancy,11,405841,flow,7,1.6303633904108583e-05,0.00029285529507587976,0.09655499565292447
92,12,404520,occupancy,11,405841,flow,8,0.0005452181886254711,0.006062657850352729,0.07751605337533733
92,12,404520,occupancy,11,405841,flow,9,2.3344095970306523e-05,0.0003984452571778909,0.09476984447062353
92,12,404520,occupancy,11,405841,flow,10,2.7129275244687055e-06,5.9734184024999016e-05,0.10504758630019123
92,12,404520,occupancy,11,405841,flow,11,0.0022041881869650686,0.018994799456790536,0.06865452434689275
92,12,404520,occupancy,12,404520,flow,2,2.9473481869473625e-05,0.0004902789436893572,-0.0935934400555055
92,12,404520,occupancy,12,404520,flow,4,0.0031127106908206224,0.024979905466172875,0.06630804241436528
92,12,404520,occupancy,12,404520,flow,5,1.340750174065451e-07,3.763509260534599e-06,0.11798768312840688
92,12,404520,occupancy,12,404520,flow,6,6.536050289959887e-09,2.303078079333337e-07,0.1297338844954745
92,12,404520,occupancy,12,404520,flow,7,4.9093876334348914e-11,2.1251056689818365e-09,0.14680126327431828
92,12,404520,occupancy,12,404520,flow,8,5.166879734727005e-20,4.699141148214876e-18,0.20352820894570597
92,12,404520,occupancy,12,404520,flow,9,2.468009115874198e-33,3.702013673811297e-31,0.2652648811413734
92,12,404520,occupancy,12,404520,flow,10,3.251287393374735e-36,5.202059829399577e-34,0.27662497349121784
92,12,404520,occupancy,12,404520,flow,11,5.473781951177352e-19,4.701140761249734e-17,0.1979059078474406
92,12,404520,occupancy,13,400183,flow,4,0.0011636535824154305,0.011435358225738535,0.0728240803839148
92,12,404520,occupancy,13,400183,flow,5,0.006283827668587817,0.04340603698161076,0.061298511474582915
92,12,404520,occupancy,14,401469,flow,1,7.663835280604803e-21,7.423266460137387e-19,0.20795603683132405
92,12,404520,occupancy,14,401469,flow,2,1.5111197120675028e-16,1.1139995146982274e-14,0.18378647846918447
92,12,404520,occupancy,14,401469,flow,3,2.1705841405370813e-15,1.474359038855376e-13,0.17668019524565134
92,12,404520,occupancy,14,401469,flow,4,4.3939792727513406e-13,2.3492562448373503e-11,0.16155754741951306
92,12,404520,occupancy,14,401469,flow,5,3.2182166266309627e-15,2.1454777510873084e-13,0.17560463141710084
92,12,404520,occupancy,14,401469,flow,6,4.16218760726451e-15,2.7451374753256007e-13,0.1748984836666703
92,12,404520,occupancy,14,401469,flow,7,2.222836648617303e-13,1.2342743344507391e-11,0.16357829826204504
92,12,404520,occupancy,14,401469,flow,8,3.5511857622310345e-10,1.4364346903406431e-08,0.14014568566394395
92,12,404520,occupancy,14,401469,flow,9,1.2348633777904203e-13,6.982473549809707e-12,0.16530116819665058
92,12,404520,occupancy,14,401469,flow,10,7.46043523826673e-13,3.906555179310579e-11,0.15996980399876284
92,12,404520,occupancy,14,401469,flow,11,4.0207629105449847e-16,2.8757774459527045e-14,0.18121032703763326
92,12,404520,occupancy,14,401469,flow,12,5.664620092109886e-14,3.3158751758692015e-12,0.1675573441354433
92,12,404520,occupancy,15,401472,flow,1,2.0795236776173303e-98,7.244792167182958e-96,0.44742158374630353
92,12,404520,occupancy,15,401472,flow,2,3.5109733817004167e-85,1.01116033392972e-82,0.41880334973618183
92,12,404520,occupancy,15,401472,flow,3,4.709907934307347e-76,1.1829536207097523e-73,0.3972203685109351
92,12,404520,occupancy,15,401472,flow,4,7.322391106310041e-73,1.787159863234993e-70,0.3892796329641866
92,12,404520,occupancy,15,401472,flow,5,1.897264150095245e-68,4.4303681775197075e-66,0.37792515686282196
92,12,404520,occupancy,15,401472,flow,6,5.108417446963773e-60,1.0360733976940611e-57,0.35488640730767795
92,12,404520,occupancy,15,401472,flow,7,6.936185272228258e-53,1.2696745922044947e-50,0.3337771028343015
92,12,404520,occupancy,15,401472,flow,8,7.009891546042741e-54,1.3281899771449404e-51,0.3368231428338807
92,12,404520,occupancy,15,401472,flow,9,1.8064187580984563e-62,3.8824522562116074e-60,0.3617832057922025
92,12,404520,occupancy,15,401472,flow,10,1.0187085457125628e-81,2.8210390496655587e-79,0.41080170359636814
92,12,404520,occupancy,15,401472,flow,11,1.0566304267457367e-95,3.484460643924872e-93,0.4418682727213636
92,12,404520,occupancy,15,401472,flow,12,1.2540502815256632e-91,3.925722620428163e-89,0.4331476978397455
92,12,404520,occupancy,16,405838,flow,1,3.024428371600768e-11,1.3455747235134212e-09,0.14838519319276627
92,12,404520,occupancy,16,405838,flow,2,3.1186034372126106e-05,0.000515195672992676,0.09330639049117159
92,12,404520,occupancy,16,405838,flow,3,0.0001918286062745327,0.0024975876404640784,0.08359462438591822
92,12,404520,occupancy,16,405838,flow,4,2.330328178654197e-05,0.0003980631764249163,0.09477862283382348
92,12,404520,occupancy,16,405838,flow,5,6.46062332818907e-05,0.0009697669484981507,0.0895287496283665
92,12,404520,occupancy,16,405838,flow,6,0.004652929464288304,0.03435422198893433,0.06348216930362553
92,12,404520,occupancy,17,400260,flow,1,5.04491073079471e-19,4.367537947301232e-17,0.19810308041313865
92,12,404520,occupancy,17,400260,flow,2,6.285982338806646e-13,3.307605810431755e-11,0.16048530075387962
92,12,404520,occupancy,17,400260,flow,3,1.3757669883045032e-12,7.016898925000536e-11,0.15811411147011897
92,12,404520,occupancy,17,400260,flow,4,1.1651092189472481e-08,3.9507628146405904e-07,0.12756801260799336
92,12,404520,occupancy,17,400260,flow,5,9.817929363978162e-06,0.00018775323086492104,0.09902606702921504
92,12,404520,occupancy,17,400260,flow,10,1.498614030332877e-06,3.4381373399033605e-05,0.10771872299816623
92,12,404520,occupancy,17,400260,flow,11,6.845913219722175e-14,3.969710752912725e-12,0.16701184530371876
92,12,404520,occupancy,17,400260,flow,12,1.234865727447735e-18,1.0258884504950413e-16,0.19592831723299947
92,12,404520,occupancy,18,404528,flow,1,2.574018078427372e-34,3.971342178145088e-32,0.2691332781057229
92,12,404520,occupancy,18,404528,flow,2,1.5716947731327728e-20,1.4922464659194677e-18,0.20625059693569303
92,12,404520,occupancy,18,404528,flow,3,4.548491046293007e-15,2.990788633178963e-13,0.17465413421679962
92,12,404520,occupancy,18,404528,flow,4,2.007879407769772e-11,9.147986727783722e-10,0.14971147857338848
92,12,404520,occupancy,18,404528,flow,5,1.830073366274686e-08,5.980270001744814e-07,0.12585082252892849
92,12,404520,occupancy,18,404528,flow,6,9.970752683556274e-05,0.0014227095261894894,0.08720683317502365
92,12,404520,occupancy,18,404528,flow,8,0.0006360958303798749,0.006921748078692846,0.07658257945973142
92,12,404520,occupancy,18,404528,flow,9,6.9686252105986e-07,1.7173109475063292e-05,0.11107460479229758
92,12,404520,occupancy,18,404528,flow,10,2.3604620490928767e-13,1.3023238891546905e-11,0.16340118326138292
92,12,404520,occupancy,18,404528,flow,11,3.3834967151688415e-15,2.2487239706968302e-13,0.17546736666925378
92,12,404520,occupancy,18,404528,flow,12,1.1610647662525778e-10,4.8649852475374745e-09,0.1439437392689738
92,12,404520,occupancy,19,401795,flow,1,0.0002393375203958154,0.0030100089901307784,0.08234073297271477
92,12,404520,occupancy,19,401795,flow,3,0.0033551333893005737,0.02651212043493411,0.06578869351124142
92,12,404520,occupancy,19,401795,flow,4,0.0026226187216392698,0.02177116233182484,0.06748156543437446
92,12,404520,occupancy,19,401795,flow,5,3.615415764784533e-05,0.0005867241211070317,0.09255120812782272
92,12,404520,occupancy,19,401795,flow,10,0.004767158799947482,0.035072220746963964,0.0633082692213792
92,12,404520,occupancy,19,401795,flow,11,1.2452758988971989e-06,2.9157679583934413e-05,0.10853939587575961
92,12,404520,occupancy,19,401795,flow,12,1.5185519894536524e-06,3.478337536818546e-05,0.1076599241043082
92,12,404520,speed,4,400316,flow,1,0.001842855764326363,0.016484120311490342,0.06984496079946312
92,12,404520,speed,4,400316,flow,3,0.005428663878862739,0.03884682451000005,0.06236962121996781
92,12,404520,speed,4,400316,flow,10,0.003424744663990235,0.026919390371975646,-0.06564587748117655
92,12,404520,speed,4,400316,flow,11,8.541046935950645e-07,2.0567069544764094e-05,-0.11019238709747778
92,12,404520,speed,5,400503,flow,2,0.0007889951336955062,0.00827898707205389,-0.07526108739890744
92,12,404520,speed,6,405843,flow,1,6.471313229569303e-07,1.6021875387097707e-05,-0.11139397636966086
92,12,404520,speed,6,405843,flow,2,3.0118457878487037e-05,0.0004996610523619969,-0.09343662834044418
92,12,404520,speed,6,405843,flow,3,0.00012558651269840114,0.0017311223192632192,-0.08594878983963514
92,12,404520,speed,6,405843,flow,4,0.00048088828874534654,0.0054784741755798975,-0.07826895603956577
92,12,404520,speed,6,405843,flow,5,7.242018931998325e-09,2.5291448493316706e-07,-0.12935218708436402
92,12,404520,speed,6,405843,flow,6,6.044941284167176e-06,0.00012202872125047757,-0.1013361899965475
92,12,404520,speed,6,405843,flow,7,0.0025021726543768778,0.020989098770695363,-0.0678005540287173
92,12,404520,speed,6,405843,flow,9,7.082849853473423e-05,0.0010493110894034701,-0.08904136489632736
92,12,404520,speed,6,405843,flow,11,0.00044063833396458996,0.005091087463832651,-0.07878934946153018
92,12,404520,speed,7,408093,flow,3,0.001041129469954763,0.01045242693517215,-0.07352913325578554
92,12,404520,speed,7,408093,flow,5,1.6261478655295096e-05,0.0002923411893086759,-0.09656775949710086
92,12,404520,speed,7,408093,flow,6,0.0013342165492449746,0.012726463883281719,-0.07194901929093643
92,12,404520,speed,7,408093,flow,7,0.0008469383600979118,0.008809953565188969,-0.07482182656718496
92,12,404520,speed,7,408093,flow,10,0.00463595407411907,0.034258162162494665,-0.06350834116253642
92,12,404520,speed,7,408093,flow,12,0.003170131621968391,0.02531885488427334,-0.06618178230583226
92,12,404520,speed,10,400497,flow,3,0.0008385732071834128,0.008729243988029742,0.07488348815010346
92,12,404520,speed,10,400497,flow,10,0.0028790270018738367,0.023449088703044824,-0.0668448050272897
92,12,404520,speed,10,400497,flow,11,0.000290590498185263,0.003569380017515883,-0.08122681455376352
92,12,404520,speed,10,400497,flow,12,0.002283682601160492,0.019539530277309022,-0.06841683568581665
92,12,404520,speed,12,404520,flow,1,0.004966382771395339,0.036198369449009386,0.06301379804331514
92,12,404520,speed,12,404520,flow,3,0.0005272077356565052,0.00589730040920793,0.07771812989000733
92,12,404520,speed,12,404520,flow,7,0.0014789593271463976,0.013784475282141181,-0.07128391761287202
92,12,404520,speed,12,404520,flow,8,0.0055874615120978435,0.03976444732000737,-0.0621597375417206
92,12,404520,speed,12,404520,flow,11,3.631402663587467e-05,0.0005890972402064535,-0.0925285801542649
92,12,404520,speed,14,401469,flow,2,1.5114842746638978e-05,0.0002743534481742873,-0.09692760726135838
92,12,404520,speed,14,401469,flow,4,0.004773928900317725,0.03510958946096795,-0.06329808130150191
92,12,404520,speed,14,401469,flow,5,0.0008369072405193396,0.00871610240849457,-0.07489583643750797
92,12,404520,speed,14,401469,flow,6,2.7798648237025175e-06,6.099043188621065e-05,-0.10493650772862907
92,12,404520,speed,14,401469,flow,7,2.5465176946331093e-08,8.130788204593519e-07,-0.12457979427664684
92,12,404520,speed,14,401469,flow,8,6.484837764653921e-12,3.081903096073151e-10,-0.15331083916869892
92,12,404520,speed,14,401469,flow,9,2.878387031773437e-10,1.1734846332823307e-08,-0.14086708685278304
92,12,404520,speed,14,401469,flow,10,1.058763744156081e-08,3.621424683099185e-07,-0.12792910712191546
92,12,404520,speed,14,401469,flow,11,1.2178683167950453e-06,2.8562383976952202e-05,-0.10863762570539032
92,12,404520,speed,14,401469,flow,12,1.4796697647315772e-07,4.1293109713439366e-06,-0.11758517430916715
92,12,404520,speed,15,401472,flow,1,1.0620519735633849e-16,7.93782789929727e-15,-0.18470563160805192
92,12,404520,speed,15,401472,flow,2,3.9798900241017504e-16,2.856000814637801e-14,-0.1812374206448208
92,12,404520,speed,15,401472,flow,3,2.0657171893643353e-22,2.1872299652092962e-20,-0.21607540185276622
92,12,404520,speed,15,401472,flow,4,1.6725574130642998e-23,1.9014336906415197e-21,-0.22153499517690103
92,12,404520,speed,15,401472,flow,5,1.754073980798095e-25,2.1527271582522074e-23,-0.23107813447643072
92,12,404520,speed,15,401472,flow,6,3.0255179844842534e-25,3.6407347334183775e-23,-0.22995938113346936
92,12,404520,speed,15,401472,flow,7,1.3483576418097762e-33,2.0571531783147494e-31,-0.2663233475147206
92,12,404520,speed,15,401472,flow,8,1.4118780579700916e-31,2.033104403476932e-29,-0.25805234010191974
92,12,404520,speed,15,401472,flow,9,1.6401731024577834e-27,2.1406488829660495e-25,-0.24043309637421934
92,12,404520,speed,15,401472,flow,10,1.3838053184903617e-30,1.9472439660841571e-28,-0.25388183620557897
92,12,404520,speed,15,401472,flow,11,2.573282284781038e-32,3.768332023814943e-30,-0.2611139526405661
92,12,404520,speed,15,401472,flow,12,2.027598117489936e-35,3.220302892484016e-33,-0.2735437092147092
92,12,404520,speed,16,405838,flow,1,4.3394521367865883e-07,1.1132086241637805e-05,-0.11310289739368218
92,12,404520,speed,16,405838,flow,2,0.001311439635224267,0.012534113327807154,-0.07205968909557614
92,12,404520,speed,16,405838,flow,3,0.00017272349189703656,0.002283248118100361,-0.08418321602066149
92,12,404520,speed,16,405838,flow,4,2.6053318800457734e-10,1.064809245203192e-08,-0.1412081109172173
92,12,404520,speed,16,405838,flow,5,7.545321268388118e-06,0.0001485678572444698,-0.10028634625406914
92,12,404520,speed,16,405838,flow,6,0.002515458861153828,0.02108008201781675,-0.06776468648493074
92,12,404520,speed,16,405838,flow,7,0.00023494064033901383,0.00296247392371436,-0.0824464654784626
92,12,404520,speed,16,405838,flow,8,0.0065866190367578304,0.04494423351570657,-0.060950588686912985
92,12,404520,speed,16,405838,flow,11,0.0006158075686484972,0.006733203484083797,-0.07677969018788186
92,12,404520,speed,17,400260,flow,2,0.001880692736482175,0.016755192042901622,-0.06971071572413252
92,12,404520,speed,17,400260,flow,5,0.007259062473644797,0.04831248179476327,-0.060226611288168495
92,12,404520,speed,19,401795,flow,1,0.00020770185250215627,0.0026708495078803366,-0.0831460781717397
92,13,400183,flow,0,400593,flow,1,0.00025781447198133486,0.003217095664238494,0.08189486671258352
92,13,400183,flow,0,400593,flow,2,7.364236658687026e-05,0.0010891305157661058,0.08883412257903871
92,13,400183,flow,0,400593,flow,6,0.0011323126604036243,0.01119880015367469,0.07299765123212092
92,13,400183,flow,0,400593,flow,7,0.0019040815529911283,0.01692512874135691,0.06962896708045851
92,13,400183,flow,3,400039,flow,9,0.002975267374423043,0.02409538430681427,0.0666191001277774
92,13,400183,flow,5,400503,flow,3,0.0012039744776437982,0.01175671280158501,0.07260701897484532
92,13,400183,flow,6,405843,flow,12,0.00716685026752342,0.04785761337313543,0.06032223635388097
92,13,400183,flow,7,408093,flow,1,2.036063493173916e-05,0.000353813125121131,0.09545354114539588
92,13,400183,flow,7,408093,flow,7,0.0011535939594992343,0.011370125268164938,0.0728793166667899
92,13,400183,flow,7,408093,flow,8,0.0005748453869459379,0.006354483294796448,0.07719677748221145
92,13,400183,flow,8,401448,flow,11,0.0047938168237266765,0.03520790322764237,0.06326822853800909
92,13,400183,flow,8,401448,flow,12,0.0014680088126596672,0.013706068879813621,0.07133209018609288
92,13,400183,flow,9,402391,flow,5,0.0007193092345567146,0.007676422661277191,0.0758308563929422
92,13,400183,flow,10,400497,flow,1,0.007281367830914763,0.0484343983648307,0.060203644073647325
92,13,400183,flow,10,400497,flow,6,0.007352573633489663,0.0487862306151686,0.06013074517292963
92,13,400183,flow,10,400497,flow,7,0.0008563966326806435,0.00889548798552628,0.0747527835616655
92,13,400183,flow,11,405841,flow,1,0.00033438918219953165,0.004004882914061482,0.08039204314736166
92,13,400183,flow,11,405841,flow,2,0.0024467884696838583,0.020596504655171995,0.06795197033438947
92,13,400183,flow,11,405841,flow,3,0.0029562999928141828,0.02398314861151099,0.06664629008303215
92,13,400183,flow,11,405841,flow,7,0.0012073785080546733,0.011784625293258447,0.07258900241172658
92,13,400183,flow,11,405841,flow,8,0.00011261307255734024,0.0015774593821261667,0.08654532515564203
92,13,400183,flow,13,400183,flow,1,2.073278019640149e-11,9.40815235803093e-10,0.14957085770388842
92,13,400183,flow,13,400183,flow,2,4.676250628120698e-22,4.8107707938219415e-20,0.21421581292539688
92,13,400183,flow,13,400183,flow,3,7.696765329783982e-33,1.1505199385697855e-30,0.2631963066956861
92,13,400183,flow,13,400183,flow,4,4.5678755716731414e-11,1.9912434379039325e-09,0.1470380952470356
92,13,400183,flow,13,400183,flow,5,6.482990808148258e-06,0.0001294600155629667,0.10100601506177628
92,13,400183,flow,13,400183,flow,6,2.388357574485867e-08,7.688304561683267e-07,0.12482747279346151
92,13,400183,flow,13,400183,flow,7,1.3335084619433465e-07,3.755058745543255e-06,0.11800975593355426
92,13,400183,flow,13,400183,flow,8,6.485502242276173e-05,0.000972487667012602,0.08950842611989523
92,13,400183,flow,13,400183,flow,10,0.003278219139560435,0.026052072632268358,0.06594966247638245
92,13,400183,flow,13,400183,flow,11,0.0003724339658553842,0.004393541049959748,0.07978197180214702
92,13,400183,flow,13,400183,flow,12,1.2924491849482477e-08,4.341664447104534e-07,0.12717556087843754
92,13,400183,flow,14,401469,flow,4,0.00030659764011558145,0.003726791798816297,0.08091656250615117
92,13,400183,flow,14,401469,flow,5,0.0015461136687075256,0.014277920155657355,0.07099548643509125
92,13,400183,flow,14,401469,flow,8,0.0002717287865756867,0.003363993485921674,0.08161362137808384
92,13,400183,flow,14,401469,flow,9,0.0002219045110803791,0.0028258355397353086,0.08277122355051669
92,13,400183,flow,17,400260,flow,1,0.001992289337171127,0.017528900074499528,0.06932873319578207
92,13,400183,flow,17,400260,flow,8,0.006409040156150959,0.04403857718239565,0.06115284643563941
92,13,400183,flow,18,404528,flow,3,0.0016922554516866498,0.015393858815090181,0.07040567211400035
92,13,400183,flow,18,404528,flow,4,3.75921201590897e-05,0.0006061887237300018,0.09235100269397771
92,13,400183,flow,19,401795,flow,1,9.094561692238589e-06,0.0001753168518985752,0.099393961832672
92,13,400183,flow,19,401795,flow,4,0.0024164548515886826,0.020385939674920757,0.0680362336555421
92,13,400183,flow,19,401795,flow,5,0.002358285962649288,0.020020990392808895,0.0682005627567021
92,13,400183,flow,19,401795,flow,7,4.861799289123392e-10,1.92864765188366e-08,0.139059905588299
92,13,400183,flow,19,401795,flow,8,0.001015311930093904,0.010241590002194276,0.07368743945754949
92,13,400183,flow,19,401795,flow,9,0.0004271729160756112,0.004962051619915677,0.0789733812155912
92,13,400183,flow,19,401795,flow,11,0.006077129484973681,0.04235367154841101,0.061544785446315954
92,13,400183,occupancy,0,400593,flow,1,1.1542808616497804e-06,2.7189167515414673e-05,-0.1088739679081922
92,13,400183,occupancy,2,400331,flow,9,0.005437780674131682,0.03889917620839355,0.06235742262397466
92,13,400183,occupancy,3,400039,flow,10,0.0026519903649267567,0.02194723686469212,-0.06740581043313905
92,13,400183,occupancy,5,400503,flow,3,0.00042529187813351805,0.0049433948648327985,0.07899951900084383
92,13,400183,occupancy,7,408093,flow,3,0.006077851090084628,0.04235367154841101,0.06154391264790944
92,13,400183,occupancy,7,408093,flow,9,0.005829274263944875,0.041107516846624,0.061850239112542435
92,13,400183,occupancy,10,400497,flow,4,0.004791756650193376,0.03519875655302735,0.06327131575589662
92,13,400183,occupancy,13,400183,flow,1,2.8945064853742994e-13,1.582818736305946e-11,0.16279838585594966
92,13,400183,occupancy,13,400183,flow,2,0.00016990259969350637,0.002249742924170209,-0.08427526293518957
92,13,400183,occupancy,13,400183,flow,3,5.5969087061488e-17,4.286993902582059e-15,-0.18636314900076717
92,13,400183,occupancy,14,401469,flow,5,2.0462213268643012e-05,0.00035500707357645706,0.09542873847156376
92,13,400183,occupancy,14,401469,flow,8,0.003529963571435243,0.02754185328034411,0.06543494208782302
92,13,400183,occupancy,17,400260,flow,9,0.004189904798220758,0.031566774901139995,0.06422915205711
92,13,400183,occupancy,18,404528,flow,4,0.001407778621425907,0.013277931693662311,0.071603117770476
92,13,400183,occupancy,19,401795,flow,3,0.0014358003837162971,0.013483779743495095,-0.07147572158235939
92,13,400183,occupancy,19,401795,flow,7,0.006847903685103273,0.046273962020406914,0.06066172596385537
92,13,400183,speed,1,400125,flow,1,0.0009533697835335717,0.009708999209959995,0.0740829860638643
92,13,400183,speed,1,400125,flow,12,0.004586652653814643,0.033951918205070694,0.06358484643024698
92,13,400183,speed,4,400316,flow,12,0.004456752718910241,0.03317796268428785,-0.06379004578410333
92,13,400183,speed,10,400497,flow,11,0.007085308642368067,0.04746734372897983,-0.0604077197925185
92,13,400183,speed,13,400183,flow,1,0.003836834172963071,0.02940415757885483,-0.0648508544083894
92,13,400183,speed,14,401469,flow,5,0.002098998037370812,0.018277910746708138,-0.06898141163637286
92,14,401469,flow,2,400331,flow,4,0.0070146857231039444,0.04713554568954587,0.06048247297235529
92,14,401469,flow,2,400331,flow,10,0.00434244993133551,0.03248280101643216,-0.06397513617888818
92,14,401469,flow,2,400331,flow,12,0.004472390510311039,0.03327160818222643,0.06376505865701702
92,14,401469,flow,4,400316,flow,6,0.0016005128130106509,0.014682980149089003,0.07077017143683537
92,14,401469,flow,4,400316,flow,11,0.003980078834360608,0.030276352464232836,0.064592607292563
92,14,401469,flow,5,400503,flow,1,7.138077264171922e-06,0.00014119273709351058,0.10055004661978541
92,14,401469,flow,5,400503,flow,4,0.00657814323144077,0.04490058265100984,0.060960130382828305
92,14,401469,flow,5,400503,flow,6,0.002345759072093165,0.019948187384729275,0.06823643642081907
92,14,401469,flow,5,400503,flow,8,0.005684248612089395,0.040282076778586265,0.062034436685535814
92,14,401469,flow,5,400503,flow,10,0.007352932986763483,0.0487862306151686,0.06013037888309604
92,14,401469,flow,6,405843,flow,2,6.169885016441152e-05,0.0009309781093617106,0.08977190189470768
92,14,401469,flow,6,405843,flow,12,0.004261948098046329,0.03200906777392236,0.06410816023945361
92,14,401469,flow,7,408093,flow,1,0.0030791229542692085,0.02477059806786402,0.06638288396957624
92,14,401469,flow,7,408093,flow,8,0.003804431857222042,0.029223231904692785,0.0649104827212365
92,14,401469,flow,7,408093,flow,12,0.0035010584834338013,0.027389664339793594,0.06549231321124095
92,14,401469,flow,8,401448,flow,2,0.0003392138261523713,0.004055919537720022,0.08032870610165316
92,14,401469,flow,9,402391,flow,8,0.005289699406813871,0.038065934642486345,-0.06255788584907299
92,14,401469,flow,10,400497,flow,10,0.0022303397255251417,0.01917808044241364,0.06857547679370096
92,14,401469,flow,10,400497,flow,11,7.229643977140579e-06,0.00014280778226450526,0.10048952444854808
92,14,401469,flow,11,405841,flow,2,0.00023389893498791054,0.002952786087515411,0.08247178727662503
92,14,401469,flow,11,405841,flow,5,0.0016350134097947772,0.014955024201383523,0.0706308972294833
92,14,401469,flow,11,405841,flow,7,0.003677589410155681,0.028446170549458444,0.06514843020589488
92,14,401469,flow,11,405841,flow,8,0.007430007442169743,0.049221947784347936,0.06005218503724125
92,14,401469,flow,11,405841,flow,9,0.0005285262968188674,0.005910519291373304,0.07770311928121712
92,14,401469,flow,11,405841,flow,12,0.00030610628651767894,0.0037218664727170646,0.08092585808565714
92,14,401469,flow,12,404520,flow,6,0.0003618775002750431,0.004286566496265934,0.07995059303831979
92,14,401469,flow,12,404520,flow,11,0.0016210531427609232,0.01483990162476624,0.07068692431143793
92,14,401469,flow,13,400183,flow,2,0.0020346947954903126,0.017832991512514,0.06918871354352046
92,14,401469,flow,14,401469,flow,1,8.209414727684445e-81,2.175746725374037e-78,0.40838958569286893
92,14,401469,flow,14,401469,flow,2,7.72470263901559e-43,1.3401893735159577e-40,0.30074708370595943
92,14,401469,flow,14,401469,flow,3,6.871552616715395e-12,3.258518913744293e-10,0.15309031252535546
92,14,401469,flow,14,401469,flow,5,0.0005848669601696172,0.006450409159899786,0.07709224000865744
92,14,401469,flow,15,401472,flow,1,5.421447850036198e-12,2.602294968017375e-10,0.15387344467911473
92,14,401469,flow,15,401472,flow,2,3.977454020305304e-09,1.43427390381627e-07,0.1315669034340298
92,14,401469,flow,15,401472,flow,3,5.528737978275048e-07,1.3909837228403025e-05,0.1120701206584918
92,14,401469,flow,15,401472,flow,4,1.0277157260093238e-05,0.00019566910252799818,0.09880571198915648
92,14,401469,flow,15,401472,flow,5,9.898046923206256e-07,2.3624067794613828e-05,0.10954879495846889
92,14,401469,flow,15,401472,flow,6,0.00012217140404356027,0.001690520389071686,0.08609997841362478
92,14,401469,flow,15,401472,flow,7,0.0006968756908750616,0.007473939882274743,0.07602521790386266
92,14,401469,flow,15,401472,flow,8,0.00012055633569262839,0.0016713843716051175,0.0861728700529348
92,14,401469,flow,15,401472,flow,9,4.824107481706553e-05,0.0007526234857700364,0.0910611136464758
92,14,401469,flow,15,401472,flow,10,1.0336989040042707e-08,3.5384938710764254e-07,0.12801933855541914
92,14,401469,flow,15,401472,flow,11,2.879383590924237e-10,1.1734846332823307e-08,0.14086590101869542
92,14,401469,flow,15,401472,flow,12,7.226790686244435e-07,1.775866653275083e-05,0.11091736773269853
92,14,401469,flow,16,405838,flow,3,0.003667715656644927,0.02839521798692847,0.06516726401824322
92,14,401469,flow,16,405838,flow,7,0.004674963117314937,0.03448832173253092,0.06344832738903314
92,14,401469,flow,17,400260,flow,1,5.911665608023385e-06,0.00011989857007822078,0.10144119420516398
92,14,401469,flow,17,400260,flow,6,4.9801417391676485e-05,0.0007733361722934666,0.0908952733450826
92,14,401469,flow,17,400260,flow,11,0.0066839776038403005,0.04542202807706481,0.060841770638106064
92,14,401469,flow,17,400260,flow,12,4.9096676801718344e-06,0.00010206816351464064,0.10231198849077408
92,14,401469,flow,18,404528,flow,2,9.245868072613975e-05,0.0013305179904627706,0.08761475840332143
92,14,401469,flow,18,404528,flow,3,0.0007698657615440793,0.008119677953785211,0.07541269199952226
92,14,401469,flow,18,404528,flow,12,0.0025134516279606365,0.021067347754734088,0.06777009410574517
92,14,401469,occupancy,3,400039,flow,8,0.00027205201602395663,0.0033646284260621033,-0.08160678368622405
92,14,401469,occupancy,5,400503,flow,1,0.0004818164489030666,0.005487600999897832,0.0782574416296814
92,14,401469,occupancy,7,408093,flow,1,0.005841282259438078,0.04115860277405398,0.06183517341256234
92,14,401469,occupancy,10,400497,flow,2,0.002687807440646625,0.022180187475823152,-0.06731446163606697
92,14,401469,occupancy,10,400497,flow,3,0.0013020054485272487,0.012460486348333438,-0.07210604835085112
92,14,401469,occupancy,10,400497,flow,5,0.003610936881381499,0.028046111700050478,0.0652764700403475
92,14,401469,occupancy,10,400497,flow,6,0.0016648477299937778,0.015189318254642281,0.07051262220861693
92,14,401469,occupancy,10,400497,flow,12,0.004035969899515411,0.030631394880369953,0.06449412689588929
92,14,401469,occupancy,12,404520,flow,6,0.0035781814567534542,0.027838827757195983,0.06534018241966325
92,14,401469,occupancy,14,401469,flow,4,0.0011992265680850357,0.011718296254529187,0.07263222699667307
92,14,401469,occupancy,15,401472,flow,6,0.002246159922625948,0.019283407920795102,0.06852806853457201
92,14,401469,occupancy,15,401472,flow,7,0.0010769212736510142,0.010735216686605513,0.07331556850054038
92,14,401469,occupancy,15,401472,flow,9,0.0016025097665773413,0.014691940135004487,0.07076203506960171
92,14,401469,occupancy,15,401472,flow,10,0.004261391219679808,0.03200906777392236,0.06410908834756276
92,14,401469,occupancy,15,401472,flow,11,0.0048982430900046045,0.03582866601561106,0.06311329349850867
92,14,401469,occupancy,15,401472,flow,12,0.0014152408923479936,0.013334439814489273,0.07156896518114418
92,14,401469,occupancy,16,405838,flow,5,0.000302348824956669,0.003685166712427038,0.08099740807876704
92,14,401469,occupancy,16,405838,flow,11,0.0037121167403827023,0.02866192014022033,0.06508292985741915
92,14,401469,occupancy,18,404528,flow,2,0.003403347998932532,0.026795085393454595,0.06568949205407743
92,14,401469,occupancy,18,404528,flow,7,0.0067888037306037905,0.04597528157424107,0.06072618650261687
92,14,401469,occupancy,19,401795,flow,12,0.0002771069582780213,0.0034212691047757985,0.08150082831925871
92,14,401469,speed,5,400503,flow,2,0.005032143293298402,0.03657277763635447,-0.06291893947012366
92,14,401469,speed,5,400503,flow,8,0.0023361632878341272,0.019890077657555048,-0.06826403494120145
92,14,401469,speed,6,405843,flow,4,0.0032280348879424017,0.025714753302436246,-0.06605655351069867
92,14,401469,speed,6,405843,flow,6,0.0023223140789738654,0.019803388908738846,-0.06830405022628223
92,14,401469,speed,6,405843,flow,8,0.006843455827475199,0.04625114076140935,-0.06066655984172069
92,14,401469,speed,10,400497,flow,6,0.0061001379187903375,0.04247678241324026,-0.061517002021133485
92,14,401469,speed,10,400497,flow,12,0.0004719261089819298,0.005390738567988258,-0.07838121573672335
92,14,401469,speed,15,401472,flow,5,0.00025062696739968455,0.003135558931846618,-0.08207737434967521
92,14,401469,speed,15,401472,flow,6,7.424548083604872e-08,2.2059180000806773e-06,-0.12037333132524423
92,14,401469,speed,15,401472,flow,7,3.5368155943975676e-07,9.305142124115402e-06,-0.11396797326753776
92,14,401469,speed,15,401472,flow,8,1.165510515348958e-05,0.00021881814108246406,-0.09819682322933228
92,14,401469,speed,15,401472,flow,9,5.1313723771364e-07,1.3001483090457036e-05,-0.11238912233153414
92,14,401469,speed,15,401472,flow,10,1.1834489173776747e-05,0.00022189667200831403,-0.09812266769072614
92,14,401469,speed,15,401472,flow,11,1.1625518982702469e-08,3.94828946582348e-07,-0.12757631366983366
92,14,401469,speed,15,401472,flow,12,1.7193433472871812e-06,3.898983338729986e-05,-0.10710593966234402
92,14,401469,speed,16,405838,flow,1,0.00021336188337393,0.002731032107186304,-0.08299389149661732
92,14,401469,speed,16,405838,flow,3,0.002903246538820842,0.023628532493794343,-0.06678736424571291
92,14,401469,speed,16,405838,flow,5,0.00020834697448578402,0.00267635721016529,-0.08312853696347001
92,14,401469,speed,16,405838,flow,11,0.0009521371524961441,0.009701020044300337,-0.07409109612969832
92,14,401469,speed,17,400260,flow,1,0.0009013147879004218,0.00928835850126389,0.07443424238786356
92,14,401469,speed,18,404528,flow,12,0.0015645969673889982,0.014414712943315148,-0.07091812388095411
92,15,401472,flow,0,400593,flow,6,0.006216278745157737,0.043047413314896116,0.061378181537660045
92,15,401472,flow,1,400125,flow,12,0.007353481478371031,0.0487862306151686,0.06012981983494941
92,15,401472,flow,3,400039,flow,1,0.0050796661096965835,0.036856159882245956,0.06285108313761605
92,15,401472,flow,4,400316,flow,6,0.0023631969922982272,0.020053056387209472,0.06818654643766471
92,15,401472,flow,5,400503,flow,1,3.828801564194894e-12,1.8647601755718085e-10,0.15496010449028824
92,15,401472,flow,5,400503,flow,2,5.594245151329071e-07,1.4042497997525616e-05,0.112019663710343
92,15,401472,flow,5,400503,flow,3,0.0005633902058872692,0.00624223054483971,0.07731836665673128
92,15,401472,flow,5,400503,flow,4,4.7083827687856585e-06,9.80251255959231e-05,0.10250730397562194
92,15,401472,flow,5,400503,flow,5,8.538163980342053e-08,2.512593214923547e-06,0.11981336910819979
92,15,401472,flow,5,400503,flow,6,1.6265444286695145e-10,6.736981717979197e-09,0.1428090251451605
92,15,401472,flow,5,400503,flow,7,1.3486585671723645e-08,4.516437992391174e-07,0.12701414378723608
92,15,401472,flow,5,400503,flow,8,1.4040660041386035e-09,5.309123560570381e-08,0.13533030853490963
92,15,401472,flow,5,400503,flow,9,3.0408955114528567e-06,6.604659934377244e-05,0.1045265319609989
92,15,401472,flow,5,400503,flow,10,1.9095800987361727e-05,0.00033466069073185666,0.09577264880934794
92,15,401472,flow,5,400503,flow,11,1.5470383932495736e-05,0.00028021827500369635,0.09681332309348567
92,15,401472,flow,5,400503,flow,12,6.050117636415432e-05,0.0009161061405297816,0.08987523304821815
92,15,401472,flow,6,405843,flow,1,4.052399125191924e-10,1.630015290579992e-08,0.13969035417066158
92,15,401472,flow,6,405843,flow,2,1.932131693367167e-07,5.309674882535726e-06,0.11648916709742275
92,15,401472,flow,6,405843,flow,3,8.471936094092432e-07,2.0412026729770948e-05,0.11022774396112797
92,15,401472,flow,6,405843,flow,4,1.7909912412763762e-05,0.00031683383138058746,0.09609066735825506
92,15,401472,flow,6,405843,flow,5,2.071471669098627e-05,0.0003592435813129694,0.09536758791259425
92,15,401472,flow,6,405843,flow,6,6.775641885448031e-05,0.0010100335729860419,0.08927670614078542
92,15,401472,flow,6,405843,flow,7,3.903929667653051e-06,8.255005464640811e-05,0.10337721293070617
92,15,401472,flow,6,405843,flow,8,2.4980849256151637e-06,5.537058429275274e-05,0.10542275549987523
92,15,401472,flow,6,405843,flow,9,0.006668197935441156,0.04535046454834035,0.060859310532926765
92,15,401472,flow,6,405843,flow,10,2.5418850070442483e-05,0.00042844101562353307,0.09434179030841566
92,15,401472,flow,6,405843,flow,11,1.186767807477834e-05,0.00022232597260642855,0.09810906535338929
92,15,401472,flow,6,405843,flow,12,0.0005175974170737059,0.005812375465969352,0.07782860262830786
92,15,401472,flow,7,408093,flow,1,4.278727306456967e-06,8.97286503101655e-05,0.10295244993851066
92,15,401472,flow,7,408093,flow,2,4.684715858320615e-07,1.195391169990848e-05,0.11277744170262924
92,15,401472,flow,7,408093,flow,3,2.3128204032148847e-08,7.464710744801374e-07,0.12495143218701685
92,15,401472,flow,7,408093,flow,4,4.039443960724869e-09,1.4554126697524131e-07,0.13151020890776963
92,15,401472,flow,7,408093,flow,5,7.591796038092624e-06,0.00014934680730674014,0.10025712211263076
92,15,401472,flow,7,408093,flow,6,8.70324453447343e-06,0.00016882809334946213,0.09960479968783234
92,15,401472,flow,7,408093,flow,7,0.00037787001545180844,0.004450377499323371,0.07969687445204997
92,15,401472,flow,7,408093,flow,8,1.1865938888163204e-05,0.00022232597260642855,0.0981097772507285
92,15,401472,flow,7,408093,flow,9,9.667153153717559e-08,2.804707966693073e-06,0.11931364138040544
92,15,401472,flow,7,408093,flow,10,0.00012981618287283918,0.0017837338104664925,0.08576681917199043
92,15,401472,flow,7,408093,flow,11,8.733708256145148e-05,0.0012677963597630055,0.08792159476898162
92,15,401472,flow,7,408093,flow,12,1.2906788472485412e-05,0.00023889171465782768,0.09770056287114569
92,15,401472,flow,8,401448,flow,1,0.0012959611374838813,0.012413641050843386,0.07213591296622841
92,15,401472,flow,8,401448,flow,2,0.0010260539498195454,0.010335625230747278,0.07362112512405003
92,15,401472,flow,8,401448,flow,3,0.0032089008800659214,0.025585920638399373,0.06609770719565185
92,15,401472,flow,8,401448,flow,4,0.0001342175439753427,0.0018337121757542076,0.08558329622836937
92,15,401472,flow,8,401448,flow,5,0.007286012957805478,0.048446322883976704,0.0601988690520005
92,15,401472,flow,8,401448,flow,6,0.006619064994007317,0.04510151541657982,0.060914164090780584
92,15,401472,flow,8,401448,flow,9,0.0008151137517660767,0.008513980327169317,0.07505950529989423
92,15,401472,flow,8,401448,flow,10,0.0005019141058302908,0.005673126470923224,0.07801305655074828
92,15,401472,flow,8,401448,flow,11,5.058450167082445e-05,0.000784018816061537,0.09081388989752477
92,15,401472,flow,8,401448,flow,12,1.1204204165309546e-07,3.1969723906299363e-06,0.11871723770012999
92,15,401472,flow,9,402391,flow,1,6.817468940995394e-06,0.00013528463860863622,0.10076796743042823
92,15,401472,flow,9,402391,flow,2,0.0003102542284437687,0.003764882772126632,0.08084782064298161
92,15,401472,flow,9,402391,flow,3,3.226255260568572e-05,0.0005309494371678565,0.09313351706415413
92,15,401472,flow,9,402391,flow,5,0.001256444213010686,0.012133119856572502,0.07233439019240645
92,15,401472,flow,9,402391,flow,6,0.0014137060132619174,0.013322883894614928,0.07157597629011517
92,15,401472,flow,9,402391,flow,7,0.0022949433017338387,0.01962421825710646,0.06838378060968944
92,15,401472,flow,9,402391,flow,9,0.006608217272323775,0.045041809113977135,0.06092632411182025
92,15,401472,flow,10,400497,flow,1,3.0004174105799613e-07,8.040820852174585e-06,0.11465911577334757
92,15,401472,flow,10,400497,flow,3,2.959178208432907e-07,7.940155192813763e-06,0.11471708955038644
92,15,401472,flow,10,400497,flow,4,2.065245300784382e-09,7.691258361541836e-08,0.1339478207661772
92,15,401472,flow,10,400497,flow,5,1.222887277049334e-12,6.26675330587559e-11,0.15847301667885422
92,15,401472,flow,10,400497,flow,6,6.526722316748866e-07,1.613934768652267e-05,0.11135724435328768
92,15,401472,flow,10,400497,flow,7,0.000898167326654714,0.009264763254891032,0.07445607831706096
92,15,401472,flow,10,400497,flow,9,3.7609724575427765e-08,1.1646882449164729e-06,0.12306308142151316
92,15,401472,flow,10,400497,flow,10,6.822028529885313e-11,2.9208288651243364e-09,0.1457156698255726
92,15,401472,flow,10,400497,flow,11,4.735859355999477e-11,2.058240685907217e-09,0.14691951529324457
92,15,401472,flow,11,405841,flow,1,2.2077026183762815e-05,0.00037981980531204843,0.09504942639457237
92,15,401472,flow,11,405841,flow,2,0.00029209865657445823,0.0035817944831156956,0.08119690949155248
92,15,401472,flow,11,405841,flow,3,2.8745664319133493e-05,0.0004794643623886359,0.09372025957654681
92,15,401472,flow,11,405841,flow,4,0.0012450162630880492,0.012040452779360583,0.07239286185452619
92,15,401472,flow,11,405841,flow,5,1.9738479398721363e-05,0.0003441090839486533,0.09560807356032272
92,15,401472,flow,11,405841,flow,6,9.533073960941313e-06,0.00018319786259460172,0.09916775004302401
92,15,401472,flow,11,405841,flow,7,2.8688058349105336e-07,7.731279604999067e-06,0.11484690954192492
92,15,401472,flow,11,405841,flow,8,0.0018998203518897755,0.016897722709828762,0.06964379193201711
92,15,401472,flow,11,405841,flow,9,1.2833263378348879e-05,0.0002376326523551957,0.09772841762721238
92,15,401472,flow,11,405841,flow,10,3.1528983518799944e-05,0.000520065707526597,0.09325071077198546
92,15,401472,flow,11,405841,flow,11,1.2129652144951424e-05,0.00022615492993608178,0.09800295229939185
92,15,401472,flow,11,405841,flow,12,0.003666030896123278,0.028387262002603622,0.06517048223522645
92,15,401472,flow,12,404520,flow,4,0.0004599633682264661,0.005273465368201523,0.07853419786685209
92,15,401472,flow,12,404520,flow,5,1.0862216508356917e-07,3.109660392054465e-06,0.11884277162854837
92,15,401472,flow,12,404520,flow,6,1.6805830480643205e-08,5.525204541581328e-07,0.12617664111382662
92,15,401472,flow,12,404520,flow,7,0.0001395493711326534,0.0018951690766836299,0.0853684182800069
92,15,401472,flow,12,404520,flow,8,0.0001409786386002628,0.0019103755293385675,0.08531213109335362
92,15,401472,flow,12,404520,flow,10,0.002529340516029158,0.02117177103128456,0.06772739597182399
92,15,401472,flow,14,401469,flow,1,1.9097487405190743e-14,1.1870668430276834e-12,0.1706540513148684
92,15,401472,flow,14,401469,flow,2,6.140205006349593e-11,2.64200056050102e-09,0.1460639924704342
92,15,401472,flow,14,401469,flow,3,1.5498168736755804e-08,5.138303065447818e-07,0.12648559766196485
92,15,401472,flow,14,401469,flow,4,6.274879720453942e-11,2.697261730583187e-09,0.14599229067271313
92,15,401472,flow,14,401469,flow,5,2.927591349950402e-11,1.3051800445599314e-09,0.1484909884479191
92,15,401472,flow,14,401469,flow,6,2.986119301192724e-15,2.009351305475478e-13,0.17580957989270685
92,15,401472,flow,14,401469,flow,7,3.022068613998978e-13,1.6401176397582394e-11,0.16267063204558718
92,15,401472,flow,14,401469,flow,8,2.6774188772510636e-11,1.1984409507058327e-09,0.14878100425765106
92,15,401472,flow,14,401469,flow,9,2.8956509874775684e-14,1.749540177049384e-12,0.1694754020153969
92,15,401472,flow,14,401469,flow,10,1.3253032342115947e-13,7.464550158792816e-12,0.1650949787434812
92,15,401472,flow,14,401469,flow,11,1.443822717478326e-13,8.079422460500477e-12,0.16484475986929006
92,15,401472,flow,14,401469,flow,12,8.543566503024195e-14,4.947480870383984e-12,0.16637153366797303
92,15,401472,flow,15,401472,flow,1,0.0,0.0,0.7942887016419287
92,15,401472,flow,15,401472,flow,2,0.0,0.0,0.7351445457559904
92,15,401472,flow,15,401472,flow,3,6.341767587074446e-272,8.301950295806548e-269,0.6820399822818106
92,15,401472,flow,15,401472,flow,4,4.148883609941206e-242,4.2674231416538116e-239,0.6533598690450776
92,15,401472,flow,15,401472,flow,5,2.0949171894181478e-227,1.7745180898600783e-224,0.6379623774333334
92,15,401472,flow,15,401472,flow,6,1.084561229442331e-210,8.219832475773455e-208,0.6193190686495489
92,15,401472,flow,15,401472,flow,7,9.963175718788443e-191,6.329546927230305e-188,0.5952689983066448
92,15,401472,flow,15,401472,flow,8,1.5197946553828986e-174,8.417324245197592e-172,0.5741556904777095
92,15,401472,flow,15,401472,flow,9,2.9142149358029913e-160,1.3988231691854359e-157,0.5541510489682607
92,15,401472,flow,15,401472,flow,10,1.0589619227874409e-162,5.2582936855652234e-160,0.5576663475795087
92,15,401472,flow,15,401472,flow,11,1.6587666997527376e-152,7.464450148887319e-150,0.5426895521023438
92,15,401472,flow,15,401472,flow,12,1.0738809835924138e-148,4.593233513979433e-146,0.5368900966175671
92,15,401472,flow,17,400260,flow,1,5.4715258407881316e-05,0.0008375971520979704,0.09040340203295077
92,15,401472,flow,17,400260,flow,2,2.6707033620983354e-05,0.0004482299348976227,0.0940924350619098
92,15,401472,flow,17,400260,flow,3,2.4446135968522533e-05,0.00041479696537320243,0.0945381708468046
92,15,401472,flow,17,400260,flow,4,6.108962752512382e-06,0.00012317283574717796,0.10128653404799574
92,15,401472,flow,17,400260,flow,5,0.0009757093041585822,0.009899164382257103,0.07393766092532564
92,15,401472,flow,17,400260,flow,6,4.3081124679342896e-05,0.0006803417574202981,0.09164823400423057
92,15,401472,flow,17,400260,flow,7,0.0023172869273101297,0.019768324498380254,0.06831862949176866
92,15,401472,flow,17,400260,flow,8,0.0008967234144457061,0.009252078219263077,0.07446611937231402
92,15,401472,flow,17,400260,flow,9,0.0006579533107676164,0.007121920076462297,0.07637665767716763
92,15,401472,flow,17,400260,flow,10,0.0002248367856221486,0.002855909773265751,0.0826966432512118
92,15,401472,flow,17,400260,flow,11,1.1093559198727335e-09,4.2485971399381284e-08,0.13616755029493124
92,15,401472,flow,17,400260,flow,12,2.347115292642717e-13,1.2982763206423223e-11,0.16341790961092198
92,15,401472,flow,18,404528,flow,1,1.3378403868795636e-06,3.108913647832014e-05,0.10816814992602979
92,15,401472,flow,18,404528,flow,2,4.175281997980003e-05,0.0006624967676388294,0.09178712439453933
92,15,401472,flow,18,404528,flow,3,0.002388632904809953,0.02022123094019008,0.06811437478214726
92,15,401472,flow,18,404528,flow,5,0.00441634670649034,0.03295098060801083,0.06385497873772684
92,15,401472,flow,18,404528,flow,7,8.299899597916876e-05,0.0012126850289526643,0.08819508249842967
92,15,401472,occupancy,0,400593,flow,6,0.006195011977975899,0.04293482653096558,0.0614034256928603
92,15,401472,occupancy,1,400125,flow,12,0.006859230097461749,0.04631427636923219,0.06064942927303421
92,15,401472,occupancy,3,400039,flow,1,0.004199518606866279,0.031606133069098125,0.06421289779272736
92,15,401472,occupancy,4,400316,flow,6,0.00279086032126779,0.022860289320964833,0.06705769920211746
92,15,401472,occupancy,5,400503,flow,1,5.472163595830559e-12,2.6179121521581413e-10,0.1538442474033246
92,15,401472,occupancy,5,400503,flow,2,7.282556930322085e-07,1.7875193957715456e-05,0.11088411410258801
92,15,401472,occupancy,5,400503,flow,3,0.0005415876460256327,0.006028494281965301,0.07755628261800206
92,15,401472,occupancy,5,400503,flow,4,5.419901955661584e-06,0.00011123029191666528,0.10184928094027285
92,15,401472,occupancy,5,400503,flow,5,7.344940044684223e-08,2.1852714182531573e-06,0.12041642008920712
92,15,401472,occupancy,5,400503,flow,6,1.7685812785750628e-10,7.297298112172178e-09,0.14252583504386124
92,15,401472,occupancy,5,400503,flow,7,1.3769843632568076e-08,4.6041582424685826e-07,0.1269352592505704
92,15,401472,occupancy,5,400503,flow,8,1.0605274258680136e-09,4.068808596580656e-08,0.13632693806850915
92,15,401472,occupancy,5,400503,flow,9,3.07084523126444e-06,6.659664356959026e-05,0.10448166987825556
92,15,401472,occupancy,5,400503,flow,10,1.205715511883875e-05,0.0002249974518936648,0.09803209692459712
92,15,401472,occupancy,5,400503,flow,11,1.6146936464979537e-05,0.0002904028539913056,0.09660260060185269
92,15,401472,occupancy,5,400503,flow,12,6.708764383391171e-05,0.0010014465147287442,0.08932927389463996
92,15,401472,occupancy,6,405843,flow,1,3.89654472136561e-10,1.57024936532644e-08,0.13982576466569396
92,15,401472,occupancy,6,405843,flow,2,1.3559641634937178e-07,3.801275266899975e-06,0.11794168369885741
92,15,401472,occupancy,6,405843,flow,3,5.963787695192459e-07,1.4935164291113791e-05,0.11174526616636572
92,15,401472,occupancy,6,405843,flow,4,1.4368858612795117e-05,0.0002624671002421772,0.0971759612248647
92,15,401472,occupancy,6,405843,flow,5,1.5636143020288094e-05,0.0002826281918311488,0.09676089466477739
92,15,401472,occupancy,6,405843,flow,6,5.939221142261981e-05,0.000902160173508149,0.08997265110674446
92,15,401472,occupancy,6,405843,flow,7,2.8221866524112643e-06,6.16372413468992e-05,0.10486759302291741
92,15,401472,occupancy,6,405843,flow,8,1.925539699028554e-06,4.332464322814247e-05,0.10659829042332242
92,15,401472,occupancy,6,405843,flow,9,0.006125099959218145,0.04261625354134706,0.06148696601745118
92,15,401472,occupancy,6,405843,flow,10,1.9751145158958358e-05,0.0003441550554886813,0.09560488166234374
92,15,401472,occupancy,6,405843,flow,11,1.1597431274484757e-05,0.00021796057379698866,0.0982208964127371
92,15,401472,occupancy,6,405843,flow,12,0.00044569329413745933,0.005134386748463532,0.0787216151319296
92,15,401472,occupancy,7,408093,flow,1,3.5006297973868865e-06,7.479090368304328e-05,0.10388031891299959
92,15,401472,occupancy,7,408093,flow,2,4.4695237099052254e-07,1.1431819080397025e-05,0.11297745164147921
92,15,401472,occupancy,7,408093,flow,3,1.73644543083826e-08,5.704520350738617e-07,0.1260517130820964
92,15,401472,occupancy,7,408093,flow,4,3.3487996084103247e-09,1.2218593165821455e-07,0.1321959810256618
92,15,401472,occupancy,7,408093,flow,5,6.57482678174444e-06,0.00013089056081629487,0.10093950707933053
92,15,401472,occupancy,7,408093,flow,6,8.1896872242359e-06,0.00015958253860486732,0.09989567621070061
92,15,401472,occupancy,7,408093,flow,7,0.0003143189526934691,0.0038056554810420025,0.08077229004775598
92,15,401472,occupancy,7,408093,flow,8,9.741025412853768e-06,0.0001866957843102408,0.0990639273083773
92,15,401472,occupancy,7,408093,flow,9,8.93186411825315e-08,2.612434190308301e-06,0.11963220597447226
92,15,401472,occupancy,7,408093,flow,10,0.00010612517487874894,0.0014997080650186307,0.08686839337276156
92,15,401472,occupancy,7,408093,flow,11,8.119325171405031e-05,0.001190613874421919,0.08831292213946572
92,15,401472,occupancy,7,408093,flow,12,1.083455096321239e-05,0.00020510631096002423,0.09855054357195744
92,15,401472,occupancy,8,401448,flow,1,0.0012900214087879533,0.012373207118037207,0.07216538625446578
92,15,401472,occupancy,8,401448,flow,2,0.000989370660993549,0.010011902683279766,0.07385029966305696
92,15,401472,occupancy,8,401448,flow,3,0.0030045092514280084,0.024301591398930907,0.06655183968887912
92,15,401472,occupancy,8,401448,flow,4,0.00014079811220138447,0.0019085279093504263,0.08531921084350258
92,15,401472,occupancy,8,401448,flow,6,0.00682210855942446,0.04614296066496582,0.06068979912535812
92,15,401472,occupancy,8,401448,flow,9,0.0008249232763506897,0.008606436074140337,0.07498534004135864
92,15,401472,occupancy,8,401448,flow,10,0.0005103567399942724,0.00574915852543398,0.07791310496523116
92,15,401472,occupancy,8,401448,flow,11,4.375241358870872e-05,0.0006890646252395978,0.09156819234764714
92,15,401472,occupancy,8,401448,flow,12,1.1116692193666866e-07,3.178299819764451e-06,0.11874900437193106
92,15,401472,occupancy,9,402391,flow,1,6.493283536698421e-06,0.00012950593203387432,0.1009985163664378
92,15,401472,occupancy,9,402391,flow,2,0.00018624391886965682,0.002438102210657326,0.08376076373196033
92,15,401472,occupancy,9,402391,flow,3,3.758308471602073e-05,0.0006061887237300018,0.09235223784542455
92,15,401472,occupancy,9,402391,flow,5,0.0012812063846211177,0.012318743782691361,0.07220935846809755
92,15,401472,occupancy,9,402391,flow,6,0.0010006699773157368,0.010116766445129845,0.07377888234319437
92,15,401472,occupancy,9,402391,flow,7,0.001824417751386254,0.01635031546868531,0.06991129813106767
92,15,401472,occupancy,9,402391,flow,9,0.0055713580832289925,0.03968098583623151,0.062180774698249626
92,15,401472,occupancy,10,400497,flow,1,3.851345236384395e-07,1.0041771828047414e-05,0.11360838428127784
92,15,401472,occupancy,10,400497,flow,3,4.529585527400602e-07,1.157858549016012e-05,0.11292070912334884
92,15,401472,occupancy,10,400497,flow,4,2.6937412173352942e-09,9.93762771894831e-08,0.1329877120160573
92,15,401472,occupancy,10,400497,flow,5,1.7401665464821407e-12,8.802716019675466e-11,0.15739572262498436
92,15,401472,occupancy,10,400497,flow,6,6.402632600976641e-07,1.5905332280747033e-05,0.11143992910516659
92,15,401472,occupancy,10,400497,flow,7,0.0009568062647113164,0.009737109690348378,0.07406042695813961
92,15,401472,occupancy,10,400497,flow,9,4.7423262051113506e-08,1.4478338661541367e-06,0.12215261329150393
92,15,401472,occupancy,10,400497,flow,10,7.928356581324127e-11,3.37443354003155e-09,0.14521707395197322
92,15,401472,occupancy,10,400497,flow,11,4.478854207786839e-11,1.9563852555752422e-09,0.14710267547681558
92,15,401472,occupancy,11,405841,flow,1,1.9158986734764523e-05,0.00033563188440463397,0.09575623658458558
92,15,401472,occupancy,11,405841,flow,2,0.00022451006676176008,0.002853437741720516,0.08270490779863847
92,15,401472,occupancy,11,405841,flow,3,2.302230555463424e-05,0.0003945115430226891,0.09483945530385578
92,15,401472,occupancy,11,405841,flow,4,0.0011362047181582007,0.011234617492431738,0.07297585681671293
92,15,401472,occupancy,11,405841,flow,5,1.580708317967849e-05,0.0002850025014032182,0.09670737913169357
92,15,401472,occupancy,11,405841,flow,6,9.113409929818354e-06,0.00017560183272442143,0.09938402661640336
92,15,401472,occupancy,11,405841,flow,7,2.565788634717595e-07,6.949346020050163e-06,0.1153129860733208
92,15,401472,occupancy,11,405841,flow,8,0.0014323880622018857,0.013457843472623198,0.07149111203004066
92,15,401472,occupancy,11,405841,flow,9,1.2578142350464169e-05,0.00023350913173186597,0.09782626367877303
92,15,401472,occupancy,11,405841,flow,10,2.491879961156249e-05,0.0004211628103362674,0.09444183512983252
92,15,401472,occupancy,11,405841,flow,11,1.082897160012548e-05,0.00020510631096002423,0.09855303508683545
92,15,401472,occupancy,11,405841,flow,12,0.002643264036249423,0.021887867810230992,0.06742823692949822
92,15,401472,occupancy,12,404520,flow,4,0.0006018852703090433,0.0066060578448553535,0.07691847669884802
92,15,401472,occupancy,12,404520,flow,5,1.1620275502495086e-07,3.2998765120114577e-06,0.11856941318384165
92,15,401472,occupancy,12,404520,flow,6,1.9395730538883122e-08,6.311665550766706e-07,0.12562816002338145
92,15,401472,occupancy,12,404520,flow,7,0.00014330800482807908,0.0019382923633603684,0.08522153711887262
92,15,401472,occupancy,12,404520,flow,8,0.00013418210293363077,0.0018337121757542076,0.08558475124177695
92,15,401472,occupancy,12,404520,flow,10,0.0028042288784370763,0.022956734422679877,0.06702502714747072
92,15,401472,occupancy,14,401469,flow,1,1.677564412678235e-14,1.051825582404931e-12,0.1710194123745917
92,15,401472,occupancy,14,401469,flow,2,7.757588898739575e-11,3.3050082882204106e-09,0.14528941767597334
92,15,401472,occupancy,14,401469,flow,3,1.5437843652947284e-08,5.122233838765919e-07,0.1265004539856322
92,15,401472,occupancy,14,401469,flow,4,6.288191983346767e-11,2.700297153882508e-09,0.14598528499718566
92,15,401472,occupancy,14,401469,flow,5,2.6209785907605763e-11,1.1806702306658696e-09,0.14885009256925932
92,15,401472,occupancy,14,401469,flow,6,3.0175487581711417e-15,2.02734224499212e-13,0.1757809271485847
92,15,401472,occupancy,14,401469,flow,7,2.9423536354719154e-13,1.6069491409909827e-11,0.1627498308545289
92,15,401472,occupancy,14,401469,flow,8,2.6836399009607008e-11,1.1988960053929916e-09,0.1487734764721495
92,15,401472,occupancy,14,401469,flow,9,2.937499775100989e-14,1.7723462330218256e-12,0.16943462063551104
92,15,401472,occupancy,14,401469,flow,10,1.1191026619033307e-13,6.377999339607372e-12,0.16558787875701345
92,15,401472,occupancy,14,401469,flow,11,1.2281678149925898e-13,6.962841155863501e-12,0.16531701764203635
92,15,401472,occupancy,14,401469,flow,12,5.76858953165106e-14,3.372166004970579e-12,0.16750504308881095
92,15,401472,occupancy,15,401472,flow,1,0.0,0.0,0.79530063528963
92,15,401472,occupancy,15,401472,flow,2,0.0,0.0,0.7362835395352371
92,15,401472,occupancy,15,401472,flow,3,4.07431102041142e-273,5.677749551024947e-270,0.6831219420350049
92,15,401472,occupancy,15,401472,flow,4,5.599818639913725e-244,6.047804131106823e-241,0.6552552237296418
92,15,401472,occupancy,15,401472,flow,5,5.7000319663323425e-229,5.025334305011371e-226,0.6396444871746152
92,15,401472,occupancy,15,401472,flow,6,1.6672222535901606e-212,1.3095272973653626e-209,0.6214041411227751
92,15,401472,occupancy,15,401472,flow,7,2.180885496751355e-192,1.4720977103071647e-189,0.5973487848585025
92,15,401472,occupancy,15,401472,flow,8,2.635685330882105e-176,1.4981790301856175e-173,0.5765295302734214
92,15,401472,occupancy,15,401472,flow,9,3.281503331307691e-162,1.610919817187412e-159,0.556961957230646
92,15,401472,occupancy,15,401472,flow,10,1.7853996460504447e-164,9.074031142279906e-162,0.560195134633392
92,15,401472,occupancy,15,401472,flow,11,1.3372510907460271e-154,6.145664587258338e-152,0.5458277098812664
92,15,401472,occupancy,15,401472,flow,12,5.193045130092994e-151,2.2891790777552793e-148,0.540427136557222
92,15,401472,occupancy,17,400260,flow,1,6.107149685604156e-05,0.0009228012116757593,0.08982578869920407
92,15,401472,occupancy,17,400260,flow,2,3.089329385785451e-05,0.0005115332674048735,0.09335438043339085
92,15,401472,occupancy,17,400260,flow,3,1.900718487800363e-05,0.0003335135608163106,0.09579575374776143
92,15,401472,occupancy,17,400260,flow,4,8.439686830579637e-06,0.00016401010844851115,0.09975196628576168
92,15,401472,occupancy,17,400260,flow,5,0.0010789563068630732,0.0107447930973916,0.07330362382637622
92,15,401472,occupancy,17,400260,flow,6,5.41541958916705e-05,0.0008298904797872173,0.09045739921531694
92,15,401472,occupancy,17,400260,flow,7,0.0021719131532646056,0.018780353927348073,0.06875327401145247
92,15,401472,occupancy,17,400260,flow,8,0.0008700928477541684,0.009021640523020446,0.07465404678895587
92,15,401472,occupancy,17,400260,flow,9,0.0006452403058757785,0.007005373514409056,0.07649564031390456
92,15,401472,occupancy,17,400260,flow,10,0.00022022854732357586,0.0028089380703804185,0.08281426674279005
92,15,401472,occupancy,17,400260,flow,11,1.0496107948527734e-09,4.03050545223465e-08,0.1363635495490752
92,15,401472,occupancy,17,400260,flow,12,2.3359713811737163e-13,1.2937687649577505e-11,0.16343194699894661
92,15,401472,occupancy,18,404528,flow,1,1.2332353238305398e-06,2.8907089522235117e-05,0.1085279132983843
92,15,401472,occupancy,18,404528,flow,2,3.6910408465433065e-05,0.0005967551069261634,0.09242179869028413
92,15,401472,occupancy,18,404528,flow,3,0.002733035751092293,0.02250183808789538,0.06720068515886289
92,15,401472,occupancy,18,404528,flow,5,0.00437708020861915,0.032697538476975145,0.06391859801466221
92,15,401472,occupancy,18,404528,flow,7,8.197674163208832e-05,0.0012012873943372507,0.08826149205635654
92,15,401472,speed,4,400316,flow,2,0.002101607471483062,0.018284763182413597,0.06897312279130438
92,15,401472,speed,4,400316,flow,9,0.007213489758689237,0.04810477887856978,-0.060273733670029986
92,15,401472,speed,5,400503,flow,8,0.0017497960032583906,0.015814055929029805,-0.0701862224649703
92,15,401472,speed,5,400503,flow,10,0.00377557489890989,0.02903254461247904,-0.06496397618685107
92,15,401472,speed,9,402391,flow,2,8.395849695691933e-06,0.00016330513590900113,-0.09977686914692321
92,15,401472,speed,9,402391,flow,6,0.0008522845642904508,0.008859165827080719,-0.07478271335657134
92,15,401472,speed,9,402391,flow,7,0.006294904659361982,0.04347560052508995,-0.061285520387794286
92,15,401472,speed,10,400497,flow,11,0.00328661236526528,0.02609477194990996,-0.06593193071553938
92,15,401472,speed,11,405841,flow,12,0.0013940970751624845,0.013181219883348508,-0.07166616966860799
92,15,401472,speed,12,404520,flow,5,0.00034610059590039626,0.004126841220783085,-0.08021137258967188
92,15,401472,speed,12,404520,flow,9,8.342504597121996e-05,0.0012171435278475861,-0.08816763245351444
92,15,401472,speed,14,401469,flow,1,0.005465346575244192,0.039057563614648315,-0.06232065036741933
92,15,401472,speed,15,401472,flow,1,1.3303304624114998e-05,0.0002454086200484128,-0.09755290319382819
92,15,401472,speed,15,401472,flow,2,0.0016991377434579361,0.015453210635238492,-0.07037906630543765
92,15,401472,speed,15,401472,flow,12,0.002401074071568037,0.020294736820923344,-0.0680793299927709
92,15,401472,speed,16,405838,flow,4,0.006514319840855735,0.04454940907471391,-0.06103233693819811
92,15,401472,speed,17,400260,flow,3,0.0010553798467714047,0.010561132587566524,-0.07344330193582232
92,15,401472,speed,19,401795,flow,3,0.00023267495309879592,0.0029390520391426853,-0.0825016753299262
92,16,405838,flow,1,400125,flow,10,0.0009071944331379564,0.009337812606995406,0.07439364007879198
92,16,405838,flow,3,400039,flow,3,0.004924644320902794,0.03595481403802614,-0.06307459567418465
92,16,405838,flow,4,400316,flow,5,0.0010781428204477937,0.010741644336564734,0.07330839610329429
92,16,405838,flow,5,400503,flow,1,0.0031752696677684964,0.025350517399297553,0.06617058627481047
92,16,405838,flow,5,400503,flow,4,0.005953505352298613,0.041731531919406144,0.06169570681112273
92,16,405838,flow,5,400503,flow,9,0.002737091877641646,0.022518066866143424,0.06719056572273226
92,16,405838,flow,5,400503,flow,10,4.1932319467278496e-05,0.0006650059474986897,0.09178799640271175
92,16,405838,flow,6,405843,flow,12,4.394094741153782e-05,0.0006910281054923097,0.09154592172284412
92,16,405838,flow,7,408093,flow,7,7.696360981149222e-05,0.0011343416906770024,0.08859893183103924
92,16,405838,flow,7,408093,flow,8,0.0023573882658931,0.020020990392808895,0.0682031277136916
92,16,405838,flow,7,408093,flow,11,0.006942507216917658,0.04675234789880636,0.06055957383643825
92,16,405838,flow,8,401448,flow,8,0.007167251388675779,0.04785761337313543,0.06032181800296996
92,16,405838,flow,10,400497,flow,2,0.00046293522506128226,0.005297695820568846,-0.07849584983446002
92,16,405838,flow,10,400497,flow,4,0.0010522626042194236,0.010532378244272266,0.07346198541513574
92,16,405838,flow,10,400497,flow,5,4.843843348547484e-05,0.0007551571008922818,0.09103985907128558
92,16,405838,flow,10,400497,flow,10,0.00033345792255658413,0.003994837008997347,0.08042849364928292
92,16,405838,flow,10,400497,flow,11,0.00010066748960870303,0.0014328947450069098,0.08715492433545527
92,16,405838,flow,10,400497,flow,12,0.001235104797099687,0.011971399424434929,0.07244397675877007
92,16,405838,flow,11,405841,flow,5,0.0024229717496379952,0.020431852349084793,0.06801804919367435
92,16,405838,flow,11,405841,flow,6,0.004494918033572448,0.03341026480563141,0.06372920135125743
92,16,405838,flow,11,405841,flow,12,0.0016889560982291483,0.015373557404867089,0.07041846215816012
92,16,405838,flow,12,404520,flow,5,0.0004883986229850016,0.005545025101958494,0.07817637375922769
92,16,405838,flow,12,404520,flow,10,0.001768870277297306,0.015956399243943122,0.07011493844362328
92,16,405838,flow,12,404520,flow,11,0.00038417526837170897,0.004518478517195161,0.07959959105349894
92,16,405838,flow,14,401469,flow,1,2.664637085679014e-05,0.0004473856280658119,0.09410391857474491
92,16,405838,flow,14,401469,flow,4,0.0008249826801623874,0.008606436074140337,0.0749848934125287
92,16,405838,flow,14,401469,flow,5,5.9955736377472235e-06,0.00012125879267353935,0.10137482485209423
92,16,405838,flow,14,401469,flow,7,0.006395196488121561,0.043964431617894886,0.061168824912369746
92,16,405838,flow,14,401469,flow,10,1.8956723274034081e-06,4.271937639218948e-05,0.10666849285038758
92,16,405838,flow,16,405838,flow,1,2.7836411770162615e-43,4.868554609194433e-41,0.3022889171698602
92,16,405838,flow,16,405838,flow,2,6.359527718127774e-21,6.187648590610807e-19,0.2083321634271787
92,16,405838,flow,16,405838,flow,3,1.0671707653244437e-14,6.789657888367594e-13,0.172288077058437
92,16,405838,flow,16,405838,flow,4,5.5486158812391505e-06,0.00011370977517529947,0.10173914930337245
92,16,405838,flow,16,405838,flow,5,0.00022068275082586612,0.002813070178718624,0.08280257131960278
92,16,405838,flow,16,405838,flow,6,1.8469707906592163e-08,6.021821747658727e-07,0.12581563236574697
92,16,405838,flow,16,405838,flow,7,0.00023406111365893394,0.0029539702337323826,0.0824678380922573
92,16,405838,flow,16,405838,flow,11,0.0058827194613481106,0.041376340073304846,0.06178339803952966
92,16,405838,flow,17,400260,flow,1,3.1255880624466027e-06,6.771584969794045e-05,0.10440074311490535
92,16,405838,flow,17,400260,flow,5,0.0027397397792782337,0.022531269458370397,0.06718396698254195
92,16,405838,flow,18,404528,flow,3,0.0004527918694703346,0.005205058212112415,0.0786276968841077
92,16,405838,flow,18,404528,flow,6,0.0004920086782389722,0.005578681076095433,0.07813234264749302
92,16,405838,flow,18,404528,flow,12,0.007137980186229341,0.04771908759596217,0.06035240181497065
92,16,405838,flow,19,401795,flow,2,0.004049316995981825,0.03070033243706824,-0.06447079230339867
92,16,405838,occupancy,1,400125,flow,10,0.0021652364129481415,0.018733870025908216,0.06877387003954176
92,16,405838,occupancy,1,400125,flow,12,0.005876520143923527,0.04135702750344783,0.06179112308792605
92,16,405838,occupancy,3,400039,flow,10,0.006633424187825222,0.04517085827775057,-0.06089809530662259
92,16,405838,occupancy,4,400316,flow,12,4.7258369034780965e-05,0.0007391605873651476,0.09116818818161829
92,16,405838,occupancy,5,400503,flow,10,0.0009869291287200762,0.009991876812914762,0.07386583046098283
92,16,405838,occupancy,6,405843,flow,7,0.004975777819472356,0.03625461322334387,0.06300017658764887
92,16,405838,occupancy,6,405843,flow,12,0.0004513356463865203,0.005191080916905665,0.07864685105925931
92,16,405838,occupancy,7,408093,flow,7,0.0021696425764021207,0.018764476336450776,0.06876027164148393
92,16,405838,occupancy,7,408093,flow,9,0.0043418938266371315,0.03248280101643216,-0.06397604741533694
92,16,405838,occupancy,7,408093,flow,11,8.017917735542403e-07,1.945921607727145e-05,0.11046716113866203
92,16,405838,occupancy,10,400497,flow,4,1.1885486947479464e-05,0.00022248749576652595,0.09810178140798093
92,16,405838,occupancy,10,400497,flow,5,0.00010026396289831065,0.0014285630597648481,0.08717668743150508
92,16,405838,occupancy,10,400497,flow,8,0.006078536194447877,0.04235367154841101,-0.0615430840843266
92,16,405838,occupancy,12,404520,flow,12,0.0001233012039447845,0.0017045158433327012,0.08604952569073658
92,16,405838,occupancy,14,401469,flow,1,1.8434158169476015e-05,0.00032464559026553765,0.09594768202907565
92,16,405838,occupancy,14,401469,flow,5,1.3376298497373073e-05,0.0002466308557774293,0.09752617885512364
92,16,405838,occupancy,14,401469,flow,10,4.86728896499043e-05,0.0007581340560386625,0.09101471563539178
92,16,405838,occupancy,15,401472,flow,1,3.869418182710606e-06,8.19004730490437e-05,0.10341826870606927
92,16,405838,occupancy,15,401472,flow,2,1.1379750523305734e-05,0.0002142070686739903,0.09831279744032824
92,16,405838,occupancy,15,401472,flow,3,0.0005173386603663491,0.00581098027244573,0.07783160342509995
92,16,405838,occupancy,15,401472,flow,4,2.6321320169816335e-06,5.816459916943055e-05,0.1051852168415105
92,16,405838,occupancy,15,401472,flow,5,7.970882120304492e-07,1.9355936346101973e-05,0.11049270599109311
92,16,405838,occupancy,15,401472,flow,6,3.3906987231534228e-06,7.26938882581776e-05,0.10402710016438212
92,16,405838,occupancy,15,401472,flow,7,3.5917273298563577e-07,9.426647670096881e-06,0.1139030273360152
92,16,405838,occupancy,15,401472,flow,8,5.361409449630468e-05,0.0008225420614629244,0.09050988175421833
92,16,405838,occupancy,15,401472,flow,9,0.0001438525691701226,0.0019450488225819394,0.08520055779759386
92,16,405838,occupancy,15,401472,flow,10,8.837942354370872e-05,0.0012813241232416425,0.08785779542398033
92,16,405838,occupancy,15,401472,flow,11,2.2220623382628506e-08,7.190493858648325e-07,0.12510567095871594
92,16,405838,occupancy,15,401472,flow,12,2.0328509780414922e-06,4.557299545998571e-05,0.1063544037349513
92,16,405838,occupancy,16,405838,flow,1,0.0007008296182790952,0.00750888876727602,-0.07599054371809735
92,16,405838,occupancy,16,405838,flow,2,0.00415947180491074,0.03138675667635703,-0.06428082959248749
92,16,405838,occupancy,16,405838,flow,3,2.6985510915470037e-06,5.9478268956546205e-05,0.10507178573438884
92,16,405838,occupancy,17,400260,flow,1,6.38750620726253e-05,0.0009604603834101681,0.08958891009789965
92,16,405838,occupancy,18,404528,flow,10,0.0037894363905384707,0.02912358158179362,0.0649382343397143
92,16,405838,occupancy,19,401795,flow,9,0.0014623604397544625,0.013668102768799822,-0.07135706753071265
92,16,405838,speed,1,400125,flow,12,0.006464517467204546,0.0442859426868437,-0.06108912382167531
92,16,405838,speed,3,400039,flow,2,0.006390867732211666,0.043948660622659015,0.0611738275811767
92,16,405838,speed,7,408093,flow,11,3.554870957979352e-05,0.000577984288237516,-0.09263777307391068
92,16,405838,speed,14,401469,flow,11,0.007151439004735979,0.04778687780426826,0.060338325517985146
92,17,400260,flow,0,400593,flow,12,0.0066230510579284385,0.04511444429241699,0.06090970031240453
92,17,400260,flow,1,400125,flow,11,0.005066382195133885,0.036778307986856634,0.06286999287973614
92,17,400260,flow,4,400316,flow,2,0.006679268800412211,0.045411459266258655,-0.06084700081254426
92,17,400260,flow,4,400316,flow,11,0.0003561197303761614,0.0042299621534919365,0.08004451045340039
92,17,400260,flow,5,400503,flow,2,0.005392852659868577,0.038673843775949956,0.062417717476582
92,17,400260,flow,5,400503,flow,7,0.003980836936299518,0.030276787966221685,0.06459126314121005
92,17,400260,flow,5,400503,flow,11,0.001562592433166125,0.014402388118791678,0.0709264731602449
92,17,400260,flow,5,400503,flow,12,0.0013452950928055489,0.01281515942870997,0.07189581847762475
92,17,400260,flow,7,408093,flow,2,0.0013604665229580138,0.012928322435500702,0.0718236145147047
92,17,400260,flow,7,408093,flow,3,0.0022384394826955294,0.019234611651680333,0.06855116598804087
92,17,400260,flow,7,408093,flow,10,0.0009847203089330663,0.009974204207840866,0.07387991161168836
92,17,400260,flow,8,401448,flow,1,0.00014050776983730578,0.0019057882753443045,0.08533061521373939
92,17,400260,flow,8,401448,flow,8,0.006755992411224507,0.045810527729539904,0.06076219178986268
92,17,400260,flow,8,401448,flow,11,0.0009356900152775407,0.00956729199053012,0.07420024985495559
92,17,400260,flow,10,400497,flow,2,2.700557429040391e-07,7.286950714212673e-06,-0.11509947374982496
92,17,400260,flow,10,400497,flow,3,7.409112072791917e-11,3.16591139015441e-09,-0.14544200263815127
92,17,400260,flow,10,400497,flow,5,8.809457457429499e-07,2.1189786311857145e-05,0.11005763117465281
92,17,400260,flow,10,400497,flow,6,3.6702103041146276e-07,9.603457609797209e-06,0.11381184626778763
92,17,400260,flow,10,400497,flow,10,1.7827846757953093e-08,5.838991508290929e-07,0.1259510068189004
92,17,400260,flow,10,400497,flow,11,1.7213241627028118e-15,1.1803365687104994e-13,0.1773103713686897
92,17,400260,flow,10,400497,flow,12,1.2333316758344898e-05,0.0002293582797935857,0.09792195695104526
92,17,400260,flow,11,405841,flow,4,0.0033951846520660946,0.026745437084109282,0.06570619783605644
92,17,400260,flow,12,404520,flow,1,0.00030606910561266,0.0037218664727170646,-0.08092656205360767
92,17,400260,flow,12,404520,flow,2,1.2550309811098068e-05,0.00023317110621037037,-0.09783705247743356
92,17,400260,flow,12,404520,flow,5,2.2433988220510157e-05,0.0003855005135743989,0.09496914882341548
92,17,400260,flow,12,404520,flow,6,3.205410446686888e-05,0.0005279700674386544,0.09316655894616159
92,17,400260,flow,12,404520,flow,7,0.0004362493119655314,0.005052509890793476,0.07884875093991227
92,17,400260,flow,13,400183,flow,6,0.0003574683050997147,0.004244813298600241,0.08002238670534957
92,17,400260,flow,14,401469,flow,1,1.3342627718539113e-07,3.755058745543255e-06,0.11800745139111782
92,17,400260,flow,14,401469,flow,2,5.97764131575259e-05,0.0009067208737377524,0.08993870714072699
92,17,400260,flow,14,401469,flow,3,1.9670258327160776e-05,0.00034319675271944486,0.09562529954440209
92,17,400260,flow,14,401469,flow,4,0.005866562884910636,0.04130978266147342,0.06180354633163035
92,17,400260,flow,14,401469,flow,5,5.884354865792961e-06,0.00011945682810256386,0.10146299082562633
92,17,400260,flow,14,401469,flow,6,0.0007869892670426109,0.008267980626517702,0.07527682337369251
92,17,400260,flow,14,401469,flow,8,0.00652540553614463,0.04458992710557545,0.06101974964908824
92,17,400260,flow,14,401469,flow,10,0.005567584919778905,0.039670075628310854,0.06218571180101458
92,17,400260,flow,14,401469,flow,11,0.005896225419635431,0.04142412394344619,0.06176659344838121
92,17,400260,flow,14,401469,flow,12,0.0007993371512139946,0.008371239983622925,0.07518053867203958
92,17,400260,flow,15,401472,flow,1,0.0006086236999621595,0.00666815719968686,0.07685093504536424
92,17,400260,flow,15,401472,flow,11,0.0007429236280691443,0.00787203844311676,0.07563225166155924
92,17,400260,flow,15,401472,flow,12,0.002864132584971894,0.02334353241787215,0.06688034895812256
92,17,400260,flow,16,405838,flow,1,0.003952910514867078,0.030107932831236677,0.06464093203522946
92,17,400260,flow,16,405838,flow,2,6.88266471710164e-09,2.4153624352460674e-07,0.12954172480725712
92,17,400260,flow,16,405838,flow,8,0.0020028524013476017,0.017611077496074982,0.06929360097855661
92,17,400260,flow,16,405838,flow,12,8.722320454091341e-05,0.001266568886106709,0.08792860848898663
92,17,400260,flow,17,400260,flow,1,1.2245622667312916e-89,3.7254288678022395e-87,0.4285996099888733
92,17,400260,flow,17,400260,flow,2,1.1238574902706701e-26,1.4406719163113635e-24,0.236571106832851
92,17,400260,flow,17,400260,flow,11,0.0006016876297747062,0.006605566863092073,0.07692046831598277
92,17,400260,flow,17,400260,flow,12,2.8265183803970518e-08,8.938916107844263e-07,0.12417581455962451
92,17,400260,flow,18,404528,flow,12,0.00322919760684182,0.025719272974846354,0.06605405988381073
92,17,400260,flow,19,401795,flow,1,1.1571912599796458e-84,3.246146911111733e-82,0.41752464594852856
92,17,400260,flow,19,401795,flow,7,0.0021576569108198063,0.01869075166380903,0.0687973214849541
92,17,400260,flow,19,401795,flow,11,0.0010716996043237841,0.010692245475008655,0.0733463129180263
92,17,400260,occupancy,0,400593,flow,6,2.4141771313062052e-06,5.367599180258779e-05,0.105577748011519
92,17,400260,occupancy,6,405843,flow,1,0.0028564991219544905,0.02329634926721427,0.06688181116135135
92,17,400260,occupancy,6,405843,flow,11,4.175876616390121e-05,0.0006624967676388294,0.09180942567813
92,17,400260,occupancy,9,402391,flow,8,0.004646960222166985,0.0343277499311925,-0.0634913625377924
92,17,400260,occupancy,10,400497,flow,2,0.0004945218692353722,0.005604235244220377,-0.07810186715255996
92,17,400260,occupancy,10,400497,flow,3,0.0006948775531839381,0.007459918065990587,-0.07604281023311231
92,17,400260,occupancy,10,400497,flow,5,0.005325360072582329,0.0382660604017892,0.0625091520428852
92,17,400260,occupancy,10,400497,flow,6,0.0012956369020530778,0.012413287684340866,0.07213751862382868
92,17,400260,occupancy,10,400497,flow,7,0.0003520567874494099,0.004187459586402673,-0.08011164062697032
92,17,400260,occupancy,10,400497,flow,10,0.006915854879691741,0.04662472903761484,0.06058822575713001
92,17,400260,occupancy,10,400497,flow,11,2.016377107515007e-07,5.5306343520411625e-06,0.11631292424077384
92,17,400260,occupancy,10,400497,flow,12,0.0028505234986570542,0.023256395683094382,0.0669129733142184
92,17,400260,occupancy,11,405841,flow,12,0.005610227555351166,0.039875260018290615,0.06213008957213744
92,17,400260,occupancy,12,404520,flow,2,0.002318744061266519,0.0197768496439711,-0.0683144006743193
92,17,400260,occupancy,16,405838,flow,2,6.88701252889624e-05,0.0010245142604969615,0.08919024455685058
92,17,400260,occupancy,17,400260,flow,12,0.003676805746069558,0.028446170549458444,0.06514992333606526
92,17,400260,occupancy,19,401795,flow,2,1.8153608283081447e-08,5.941180892644837e-07,0.12585025257024668
92,17,400260,occupancy,19,401795,flow,4,0.003131416854068508,0.0250931567604822,0.06626667898471418
92,17,400260,occupancy,19,401795,flow,8,0.0024087937927782725,0.02034804298944493,-0.06805766817789753
92,17,400260,occupancy,19,401795,flow,12,0.003089492154574688,0.024835515645259862,0.06635969985095655
92,17,400260,speed,0,400593,flow,6,4.633840863340224e-09,1.6612607908406446e-07,-0.131005891614653
92,17,400260,speed,2,400331,flow,9,1.4600361120433411e-05,0.0002661331647268875,0.09709759944651371
92,17,400260,speed,6,405843,flow,1,0.003676896896792251,0.028446170549458444,-0.06514974964999155
92,17,400260,speed,7,408093,flow,2,0.00017190073791974728,0.0022744599933026285,-0.08420991600874461
92,17,400260,speed,7,408093,flow,10,0.007069201940039126,0.04739129792205001,-0.06042470942494923
92,17,400260,speed,9,402391,flow,3,0.005985212457929644,0.041926573404015025,0.061656731407983924
92,17,400260,speed,9,402391,flow,4,0.00044819358336621747,0.005157688545929834,0.07868837673735483
92,17,400260,speed,9,402391,flow,7,0.007050466404315023,0.047309939217060434,0.06044451574872833
92,17,400260,speed,9,402391,flow,11,0.00017941736984270943,0.002358743267560879,0.08397032370845875
92,17,400260,speed,9,402391,flow,12,0.00012764818362461192,0.0017561788320328772,0.08585938245198879
92,17,400260,speed,13,400183,flow,8,0.0015201198723685345,0.014110266112230487,-0.0711057371297405
92,17,400260,speed,17,400260,flow,9,0.004573585096040105,0.03387260005982043,0.0636052492350409
92,17,400260,speed,19,401795,flow,2,1.275569562437599e-07,3.6063223231220073e-06,0.11819064504819832
92,17,400260,speed,19,401795,flow,9,0.0024157083569971323,0.020385939674920757,0.06803831950309913
92,18,404528,flow,1,400125,flow,9,0.0013753219505225206,0.013046532336972528,0.07175363005045797
92,18,404528,flow,1,400125,flow,11,0.0004010965295899474,0.0046894100347187355,0.07934570162036923
92,18,404528,flow,3,400039,flow,11,0.004993045952885858,0.03634977842343597,0.06297520080316778
92,18,404528,flow,4,400316,flow,1,0.005225737626716873,0.03768432230039097,0.06264604367020694
92,18,404528,flow,4,400316,flow,11,0.00045579944523090835,0.0052340606150917705,0.07858831842795924
92,18,404528,flow,5,400503,flow,1,0.00023445574034387982,0.002958086443591007,0.08245823931432127
92,18,404528,flow,5,400503,flow,4,0.0012078704266164204,0.011786763593817338,0.07258640270528582
92,18,404528,flow,5,400503,flow,7,0.001423180997696949,0.013388810779727393,0.07153280738201018
92,18,404528,flow,5,400503,flow,8,9.282732497722713e-05,0.0013344893307874251,0.08759329632135128
92,18,404528,flow,5,400503,flow,10,6.648539368099474e-06,0.00013217528794380918,0.10088676350022964
92,18,404528,flow,5,400503,flow,11,3.0908629524330336e-07,8.262702942147714e-06,0.11453461443837798
92,18,404528,flow,5,400503,flow,12,3.254711631472325e-07,8.641889519336474e-06,0.11431776700975628
92,18,404528,flow,6,405843,flow,1,0.0005504733487714493,0.006111654758912005,0.07745826162374156
92,18,404528,flow,6,405843,flow,5,0.0009094686257957454,0.009354534436756238,0.07437800080961157
92,18,404528,flow,6,405843,flow,6,0.0006345892039219626,0.006913602682080486,0.07659701473935154
92,18,404528,flow,6,405843,flow,7,0.0005581003630286453,0.006191560267806234,0.07737529324249466
92,18,404528,flow,6,405843,flow,8,0.0029407761548951895,0.02388447638493555,0.06669921386777225
92,18,404528,flow,6,405843,flow,11,0.0026349339731528087,0.02183563162098625,0.06744970820777563
92,18,404528,flow,7,408093,flow,1,0.0006747269254378348,0.007272505783162291,0.0762228983579125
92,18,404528,flow,7,408093,flow,4,0.0031014686516138753,0.024927152697622215,0.06633301010767398
92,18,404528,flow,7,408093,flow,5,3.0047646019108063e-05,0.0004986777979352549,0.0934954756674637
92,18,404528,flow,7,408093,flow,9,0.002874659709034272,0.023421049795078527,0.06685520968952241
92,18,404528,flow,7,408093,flow,11,0.0005049685179023289,0.005701683213115685,0.077976716064399
92,18,404528,flow,8,401448,flow,2,0.006108315122253812,0.042513164698141565,0.06150715049741795
92,18,404528,flow,8,401448,flow,6,0.006336147029715321,0.04366271361998754,0.06123733146168439
92,18,404528,flow,8,401448,flow,10,0.0036939831212582756,0.02854467622014246,0.06511726104363359
92,18,404528,flow,8,401448,flow,11,0.00030528519034170293,0.0037150197810595963,0.08094142304147278
92,18,404528,flow,8,401448,flow,12,5.530196137754171e-05,0.0008459790125742924,0.09034749497857598
92,18,404528,flow,9,402391,flow,1,3.861792390435073e-08,1.1933435712932414e-06,0.12295952937974128
92,18,404528,flow,9,402391,flow,2,0.0004197217301463617,0.004889961904617806,0.07907755599577482
92,18,404528,flow,9,402391,flow,5,0.007509468542270144,0.04959624537931054,0.05997232731238002
92,18,404528,flow,9,402391,flow,6,1.770635100443324e-05,0.0003135583861154522,0.09614726415069699
92,18,404528,flow,9,402391,flow,8,0.0011961213244447136,0.011690597560183626,0.07264876350994283
92,18,404528,flow,9,402391,flow,9,0.00044473303640112793,0.005130164799073091,0.07873442686329278
92,18,404528,flow,9,402391,flow,10,0.00026468351062145385,0.00329234887959885,0.0817645838365478
92,18,404528,flow,9,402391,flow,11,2.313130639947682e-05,0.0003955947887796511,0.09481577280937005
92,18,404528,flow,9,402391,flow,12,1.2674007337004339e-08,4.266856730940041e-07,0.1272497000771084
92,18,404528,flow,10,400497,flow,6,0.002330695769204448,0.019867019974276277,0.06827980654529282
92,18,404528,flow,10,400497,flow,10,3.8516703516376307e-07,1.0041771828047414e-05,0.11360802745636288
92,18,404528,flow,10,400497,flow,11,3.393492149905991e-13,1.832485760949235e-11,0.1623267433709218
92,18,404528,flow,10,400497,flow,12,4.218210523866911e-07,1.0859755341540556e-05,0.11322313506688059
92,18,404528,flow,11,405841,flow,7,0.002269720421922459,0.019427763468803295,0.06845802858939849
92,18,404528,flow,11,405841,flow,12,0.005468109781711562,0.039070847265950955,0.06231697354673254
92,18,404528,flow,12,404520,flow,5,0.0027527029478906775,0.022620651959078805,0.06715174571633352
92,18,404528,flow,12,404520,flow,6,1.5049901657617108e-05,0.0002734044371779054,0.0969487580154701
92,18,404528,flow,12,404520,flow,7,1.8893344541173576e-05,0.00033178556267426766,0.09582558633416736
92,18,404528,flow,12,404520,flow,8,3.532801978490615e-05,0.0005746123699954614,0.09266967483277
92,18,404528,flow,12,404520,flow,10,0.001520846024900124,0.014113973850845406,0.07110263372947287
92,18,404528,flow,12,404520,flow,11,0.00017239050592975785,0.002279543880062914,0.08419400764284896
92,18,404528,flow,13,400183,flow,3,0.005294153573295698,0.03808498178648381,0.06255178261618542
92,18,404528,flow,13,400183,flow,4,3.595099625049755e-07,9.429769508327226e-06,0.11389907008563244
92,18,404528,flow,14,401469,flow,1,0.006681319575432664,0.04541825423425509,0.06084472256334778
92,18,404528,flow,14,401469,flow,5,0.0026570672172602844,0.021981099920651913,0.06739279401338674
92,18,404528,flow,14,401469,flow,9,0.0004644444459361137,0.005313559339099606,0.0784764630512448
92,18,404528,flow,14,401469,flow,11,0.0007631139549915517,0.008058304291282091,0.07546703699401522
92,18,404528,flow,15,401472,flow,1,1.1626407437485882e-07,3.2998765120114577e-06,0.1185079630215073
92,18,404528,flow,16,405838,flow,1,3.125562356343739e-05,0.0005159506832023291,0.09329504543766094
92,18,404528,flow,16,405838,flow,3,0.005647800469109828,0.04007815107194984,0.06208139516371824
92,18,404528,flow,16,405838,flow,6,0.0017954468764456962,0.016155656126318283,0.07001678526587068
92,18,404528,flow,17,400260,flow,1,1.8468152278210086e-07,5.0979180729627845e-06,0.11667538306597498
92,18,404528,flow,17,400260,flow,2,0.0005844840879175102,0.0064478326348407665,0.07709620311857786
92,18,404528,flow,17,400260,flow,3,0.00012370109235173256,0.001707857842631782,0.0860317724378629
92,18,404528,flow,17,400260,flow,5,0.007230673448832136,0.048159897161509146,0.06025593439036673
92,18,404528,flow,17,400260,flow,11,0.00019273019040057918,0.0025078145256942834,0.0835682298636801
92,18,404528,flow,17,400260,flow,12,8.79959628779442e-09,3.043575337331617e-07,0.128624168497331
92,18,404528,flow,18,404528,flow,1,4.258803612802457e-144,1.7862166609035545e-141,0.5294008498673275
92,18,404528,flow,18,404528,flow,2,6.161613451390076e-15,4.026954630863106e-13,0.1737295446835504
92,18,404528,flow,18,404528,flow,3,8.832445562302362e-08,2.5868586324844885e-06,0.11964727386813115
92,18,404528,flow,19,401795,flow,3,6.0290049932995456e-05,0.0009138702305632996,0.08989364871646315
92,18,404528,flow,19,401795,flow,5,0.00011190962143917481,0.0015696414435624518,0.08657949341843824
92,18,404528,flow,19,401795,flow,11,0.0004120698783272144,0.0048059985809221556,0.07918634803639259
92,18,404528,occupancy,1,400125,flow,4,0.006001780109055716,0.04200176586930292,0.0616364398040577
92,18,404528,occupancy,2,400331,flow,1,0.0021782901107412697,0.018820426556804572,-0.06873365681502869
92,18,404528,occupancy,5,400503,flow,12,0.004529994935895516,0.033584311177395965,0.06367369164450885
92,18,404528,occupancy,6,405843,flow,3,0.0013318825924590804,0.012707007065864018,0.07196027921575467
92,18,404528,occupancy,7,408093,flow,3,0.0014028129660546966,0.013243204954562193,0.07162593663750204
92,18,404528,occupancy,15,401472,flow,1,0.0020796024723346443,0.018150543583495094,0.0690433191527625
92,18,404528,occupancy,15,401472,flow,2,0.0019644226786368463,0.017341997117556233,0.06942224275289953
92,18,404528,occupancy,15,401472,flow,3,6.215503350212606e-05,0.0009362264460571289,0.08973304234608723
92,18,404528,occupancy,15,401472,flow,4,4.06384605587502e-08,1.2521979287717607e-06,0.12275965943640918
92,18,404528,occupancy,15,401472,flow,5,3.7484580703823007e-07,9.796333251089861e-06,0.11372279150753542
92,18,404528,occupancy,15,401472,flow,6,2.8946819681242215e-07,7.781596827813713e-06,0.11480933977112039
92,18,404528,occupancy,15,401472,flow,7,2.974406751575461e-05,0.0004938292531439658,0.0935470487794346
92,18,404528,occupancy,15,401472,flow,8,5.2772451823236156e-05,0.0008127521992027814,0.09059267185525481
92,18,404528,occupancy,15,401472,flow,9,2.7964129560422664e-05,0.00046769275919870663,0.09385988115801178
92,18,404528,occupancy,15,401472,flow,10,1.3266949263906035e-06,3.084672810552964e-05,0.10825938786580487
92,18,404528,occupancy,15,401472,flow,11,5.122009684838389e-09,1.8301970089745113e-07,0.13063672643960503
92,18,404528,occupancy,15,401472,flow,12,1.1781744462420463e-06,2.7736858897905394e-05,0.10878372498863258
92,18,404528,occupancy,16,405838,flow,7,0.006349416751202857,0.04374020150724979,0.061221886662250834
92,18,404528,occupancy,18,404528,flow,6,0.0003481137677463472,0.004148555797694399,0.0801774852762432
92,18,404528,speed,0,400593,flow,2,0.0046258500321267335,0.034201047644681654,-0.06352396029520828
92,18,404528,speed,1,400125,flow,4,0.00045161820130575737,0.0051929481757808675,-0.07864313002077954
92,18,404528,speed,10,400497,flow,9,0.0015049454122089108,0.013987444450822922,-0.07117090328941239
92,18,404528,speed,11,405841,flow,11,0.00617903318869737,0.04285878430215096,-0.061422444244214475
92,18,404528,speed,13,400183,flow,10,0.007049931909712714,0.047309939217060434,-0.06044508148371739
92,18,404528,speed,14,401469,flow,6,0.0049062094711673065,0.035844452757386715,-0.06310159688836227
92,18,404528,speed,15,401472,flow,1,4.636769951319948e-06,9.676737289711196e-05,-0.10257872552430472
92,18,404528,speed,15,401472,flow,2,2.2048139197067307e-05,0.0003794739495272142,-0.09505597670684807
92,18,404528,speed,15,401472,flow,3,9.979432413343343e-06,0.0001905886296447535,-0.09894747097139261
92,18,404528,speed,15,401472,flow,4,1.5809570117873557e-08,5.225504430697305e-07,-0.12640979010027503
92,18,404528,speed,15,401472,flow,5,8.057192342901646e-10,3.113333713894017e-08,-0.13729595850418191
92,18,404528,speed,15,401472,flow,6,5.809393947497466e-08,1.7574637152093174e-06,-0.1213501930025422
92,18,404528,speed,15,401472,flow,7,1.7350167247666056e-05,0.0003087014930391983,-0.09624780205766317
92,18,404528,speed,15,401472,flow,8,2.2259682007007765e-05,0.00038265748615309804,-0.09500819576106671
92,18,404528,speed,15,401472,flow,9,8.058015610766031e-06,0.00015737173344714854,-0.09997305990487165
92,18,404528,speed,15,401472,flow,10,4.102037961292595e-06,8.623262283593191e-05,-0.1031480579332311
92,18,404528,speed,15,401472,flow,11,4.961192060875676e-08,1.5093204016185154e-06,-0.12197466741180205
92,18,404528,speed,15,401472,flow,12,2.5306256931949232e-05,0.0004267097187588629,-0.09436415252955468
92,19,401795,flow,0,400593,flow,1,0.001358434497326602,0.012917536932535594,0.07183324216853679
92,19,401795,flow,0,400593,flow,2,0.0017506804764296584,0.015818740134231592,0.0701829012803512
92,19,401795,flow,0,400593,flow,5,0.0039955998566034105,0.03036234191825283,0.06456513395996372
92,19,401795,flow,0,400593,flow,6,0.0013867334914165366,0.013128432542544463,0.07170034140872669
92,19,401795,flow,0,400593,flow,8,7.979250346051542e-05,0.0011708682573010414,0.08840604987041956
92,19,401795,flow,2,400331,flow,2,0.00016048790421063295,0.0021391784825360517,0.08459322305527124
92,19,401795,flow,4,400316,flow,5,0.00178091987279899,0.016051687566224986,0.0700702699856504
92,19,401795,flow,5,400503,flow,3,0.0032709291371121312,0.026008492310554774,0.06596509710380155
92,19,401795,flow,5,400503,flow,7,0.00011719702868864922,0.0016295177468135327,0.08632747726626205
92,19,401795,flow,5,400503,flow,12,0.0003531426058876553,0.004198062898829584,0.08009362953301698
92,19,401795,flow,6,405843,flow,5,0.003428059738986415,0.026934481479550812,0.06563914228102881
92,19,401795,flow,6,405843,flow,6,0.00042482273176448743,0.0049413952644657665,0.07900605478453229
92,19,401795,flow,6,405843,flow,10,0.0035180424042495135,0.027477749387738018,0.06545855140256486
92,19,401795,flow,6,405843,flow,12,6.268120029416386e-06,0.00012553675719554375,0.10116521350502525
92,19,401795,flow,7,408093,flow,2,0.006137451443472855,0.04267469859295467,0.061472144600342234
92,19,401795,flow,7,408093,flow,3,0.00505791107668353,0.036722984623987986,0.0628820749743417
92,19,401795,flow,7,408093,flow,8,0.007400365340070356,0.04905566713074104,0.060082171223498626
92,19,401795,flow,7,408093,flow,9,0.0005792905794928359,0.006398709545919333,0.07715020102961746
92,19,401795,flow,7,408093,flow,10,0.0003502250931343204,0.00416986701624641,0.08014214198291095
92,19,401795,flow,8,401448,flow,4,0.0052948703844819854,0.03808498178648381,0.06255080085289666
92,19,401795,flow,8,401448,flow,6,0.0008514708675118817,0.008852837900484545,0.0747886517251968
92,19,401795,flow,8,401448,flow,7,0.0050110179105466845,0.036449902969458964,0.06294928978884581
92,19,401795,flow,8,401448,flow,9,0.0003883315301855247,0.004562393827580818,0.07953627645139413
92,19,401795,flow,9,402391,flow,1,0.006223624741890361,0.04308663282847173,0.06136947971861593
92,19,401795,flow,9,402391,flow,6,8.9976265367544e-05,0.0013026054503612267,0.08776142085682334
92,19,401795,flow,9,402391,flow,9,0.0029176149764125548,0.02373652862166146,0.0667534932494244
92,19,401795,flow,9,402391,flow,10,0.001962473216021337,0.017333641981623748,0.06942882983323806
92,19,401795,flow,10,400497,flow,2,0.0032016654512364824,0.025532942125422932,-0.06611332749905946
92,19,401795,flow,10,400497,flow,3,0.0014766096901837709,0.01376554566593416,-0.07129422619626277
92,19,401795,flow,10,400497,flow,4,0.002337299933517844,0.01989583391684155,0.06826076041436197
92,19,401795,flow,10,400497,flow,5,4.6010091435442175e-07,1.1754204317037858e-05,0.11285416921701805
92,19,401795,flow,10,400497,flow,6,0.001555255868390911,0.014350075505016522,0.07095711567147292
92,19,401795,flow,10,400497,flow,10,1.034206781761782e-05,0.00019681820692559024,0.09877532630264181
92,19,401795,flow,10,400497,flow,11,3.54891509970928e-07,9.331292288949538e-06,0.11395357965433052
92,19,401795,flow,10,400497,flow,12,0.001933524295811596,0.017123462398331474,0.0695273589722319
92,19,401795,flow,11,405841,flow,1,0.0020959071041639467,0.018262038503405104,0.06899124218630207
92,19,401795,flow,11,405841,flow,5,0.005254224636721611,0.037855654487387196,0.06260666071829067
92,19,401795,flow,11,405841,flow,8,0.0013829985041911735,0.013113594245184086,0.07171773810343439
92,19,401795,flow,11,405841,flow,12,0.0041761537960814535,0.03149063431501463,0.0642524600198381
92,19,401795,flow,12,404520,flow,5,1.78103873028833e-06,4.034655120527313e-05,0.10694817495184387
92,19,401795,flow,12,404520,flow,12,0.007322302193435222,0.04864269641033394,0.06016165870814268
92,19,401795,flow,13,400183,flow,2,0.0022617034754854786,0.019386029789875532,0.06848178610716162
92,19,401795,flow,13,400183,flow,3,0.00032530105841540566,0.003913396191463527,0.08057269969828551
92,19,401795,flow,13,400183,flow,4,1.1359249291277258e-07,3.2369364735038096e-06,0.11866154121630584
92,19,401795,flow,13,400183,flow,5,0.0001311438118075744,0.001797431100479256,0.08571085177678285
92,19,401795,flow,13,400183,flow,6,1.0998210180379061e-05,0.0002077493134203653,0.09847799939230197
92,19,401795,flow,13,400183,flow,9,0.00016194909648371836,0.0021559941350066665,0.08454274315474276
92,19,401795,flow,13,400183,flow,10,0.0004236245015646157,0.004930112733726131,0.07902277821438324
92,19,401795,flow,13,400183,flow,12,0.00734392487606882,0.04874885596898786,0.06013956572116748
92,19,401795,flow,14,401469,flow,6,0.00441620805747605,0.03295098060801083,0.06385520247304997
92,19,401795,flow,14,401469,flow,7,0.0036348299156014085,0.02817596489394955,0.06523032631072066
92,19,401795,flow,14,401469,flow,8,0.0011883080819350543,0.011624752975451617,0.07269054774084649
92,19,401795,flow,14,401469,flow,10,0.0005146954506224761,0.005784298508556444,0.07786233701095226
92,19,401795,flow,14,401469,flow,12,5.643516174289366e-05,0.0008611794374048061,0.09024108365819128
92,19,401795,flow,17,400260,flow,1,0.006014651564905155,0.04206178888260367,0.06160521203072353
92,19,401795,flow,17,400260,flow,6,6.995554337946022e-05,0.0010388722839438575,0.08908487752131843
92,19,401795,flow,19,401795,flow,1,5.740883557997746e-18,4.618364426545673e-16,0.19208702011722664
92,19,401795,flow,19,401795,flow,2,1.1149144272213711e-18,9.370487014778839e-17,0.1961778568545832
92,19,401795,flow,19,401795,flow,3,3.699747784265295e-12,1.808021541631909e-10,0.15506681063406083
92,19,401795,flow,19,401795,flow,4,6.670276951408235e-11,2.8586901220321006e-09,0.1457901536620924
92,19,401795,flow,19,401795,flow,5,5.5208537467956364e-08,1.674865743409912e-06,0.12155209864814062
92,19,401795,flow,19,401795,flow,6,7.547260208709581e-07,1.8420431695833557e-05,0.11072954070545792
92,19,401795,flow,19,401795,flow,7,3.7844213609780034e-08,1.1711103352023621e-06,0.12303875907825505
92,19,401795,flow,19,401795,flow,8,1.2229456050691885e-11,5.668589070706969e-10,0.15130113323903338
92,19,401795,flow,19,401795,flow,10,5.545835407752929e-09,1.9767334126644103e-07,0.13034297833271322
92,19,401795,flow,19,401795,flow,11,1.0492792809270283e-18,8.836036049911818e-17,0.1963258675793895
92,19,401795,flow,19,401795,flow,12,9.628374606856632e-08,2.7953345632809577e-06,0.1193298471950396
92,19,401795,occupancy,0,400593,flow,8,0.004646007361359554,0.03432658081250774,0.0634928310282295
92,19,401795,occupancy,0,400593,flow,10,0.007474229397802307,0.04944034248685858,0.06000764844331902
92,19,401795,occupancy,1,400125,flow,3,0.001824649788762312,0.01635031546868531,-0.06991045947636121
92,19,401795,occupancy,2,400331,flow,2,0.0001865299696130627,0.0024411071454966096,0.08375214099620508
92,19,401795,occupancy,4,400316,flow,5,0.0024553973725728847,0.020664945742284942,0.06792822982142521
92,19,401795,occupancy,4,400316,flow,12,0.0064780635850153106,0.04436467134950245,0.06107363910780819
92,19,401795,occupancy,5,400503,flow,7,0.00047616758058716824,0.005433290935384487,0.0783278419022709
92,19,401795,occupancy,5,400503,flow,12,0.006209555999854643,0.04301680872253377,0.06138615318528891
92,19,401795,occupancy,6,405843,flow,6,0.00531801929980736,0.03822602891042894,0.06251915980647167
92,19,401795,occupancy,6,405843,flow,12,2.568736173290977e-05,0.00043229218031231095,0.09428883865031706
92,19,401795,occupancy,7,408093,flow,10,0.003376391016140767,0.026643097104650147,0.06574479718016936
92,19,401795,occupancy,8,401448,flow,9,0.0023429331158684183,0.01993200287623389,0.06824455343072812
92,19,401795,occupancy,9,402391,flow,6,0.003456006197859266,0.027086260476690906,0.06558259808532663
92,19,401795,occupancy,10,400497,flow,3,7.730320210371734e-05,0.0011382066567418505,-0.08857542695839603
92,19,401795,occupancy,10,400497,flow,5,2.9606051035981577e-05,0.0004920087487545689,0.09357066106769421
92,19,401795,occupancy,10,400497,flow,6,0.004949835048630425,0.03610212292771135,0.06303784656517457
92,19,401795,occupancy,10,400497,flow,8,0.0024590274685077178,0.020691466038085977,-0.06791824202116808
92,19,401795,occupancy,10,400497,flow,10,0.0005415723179090035,0.006028494281965301,0.07755645299707231
92,19,401795,occupancy,10,400497,flow,11,6.023530545446703e-06,0.00012165335182949865,0.10135290873435576
92,19,401795,occupancy,10,400497,flow,12,0.0009605170014797516,0.009769412558640342,0.07403615152574602
92,19,401795,occupancy,12,404520,flow,5,3.713140987958379e-05,0.0006001035940134754,0.09241434392692138
92,19,401795,occupancy,12,404520,flow,12,0.0008813790163835863,0.009117713962588824,0.0745737604806961
92,19,401795,occupancy,13,400183,flow,4,0.0004501847280558106,0.005179222437286556,0.07866203027933719
92,19,401795,occupancy,13,400183,flow,5,0.002849358365182705,0.023256395683094382,0.066915773027709
92,19,401795,occupancy,13,400183,flow,6,0.0017037581393081996,0.01548176106902871,0.07036126012760154
92,19,401795,occupancy,14,401469,flow,8,0.000733770284384858,0.007794166777827851,0.07570852921255403
92,19,401795,occupancy,14,401469,flow,12,0.002838752774670337,0.023208576810325236,0.06694130546514461
92,19,401795,occupancy,19,401795,flow,1,8.470593320246744e-11,3.5910660592213872e-09,0.14496090611999926
92,19,401795,occupancy,19,401795,flow,2,4.1313339578202214e-11,1.8137563717259507e-09,0.14736740314504912
92,19,401795,occupancy,19,401795,flow,3,2.452966798434437e-06,5.445435030440271e-05,0.10550546479221266
92,19,401795,occupancy,19,401795,flow,4,1.8641111410064728e-06,4.207107129625198e-05,0.10674383999674139
92,19,401795,occupancy,19,401795,flow,5,3.172356491726704e-05,0.0005230755742083725,0.09321937454254142
92,19,401795,occupancy,19,401795,flow,7,0.006721783656698393,0.04560003988212477,0.06079989815106539
92,19,401795,occupancy,19,401795,flow,8,8.986288911264969e-08,2.6230248713962613e-06,0.11960777220145735
92,19,401795,occupancy,19,401795,flow,10,0.0015633752678184398,0.01440652977170576,0.07092321132777822
92,19,401795,occupancy,19,401795,flow,11,4.248717704884883e-08,1.306367294313359e-06,0.122585048215692
92,19,401795,speed,2,400331,flow,9,0.007228500038858075,0.04815284528583945,0.060258183563827755
92,19,401795,speed,2,400331,flow,10,0.002337864826623093,0.019896721928707176,-0.06825913357356754
