graph_slot,source_node_index,source_node_id,source_feature,target_node_index,target_node_id,target_feature,lag_5min_steps,raw_p_value,fdr_bh_q_value,parcorr_value
87,0,400593,flow,0,400593,flow,1,5.071849877171515e-10,2.4130387080816018e-08,0.13884375969455942
87,0,400593,flow,0,400593,flow,2,7.659517646085528e-19,8.011892549900601e-17,0.19699443423569793
87,0,400593,flow,0,400593,flow,3,6.577586703065178e-32,1.3216360259182124e-29,0.259368023050455
87,0,400593,flow,0,400593,flow,4,4.820978260157246e-22,5.984662667781409e-20,0.2141481037245379
87,0,400593,flow,0,400593,flow,5,2.5537110115712796e-09,1.1087468914560732e-07,0.13318117436747307
87,0,400593,flow,0,400593,flow,6,3.5380503495468633e-09,1.4999389116822814e-07,0.1319952856331506
87,0,400593,flow,0,400593,flow,10,0.00010852428456851625,0.0017389647972403197,0.08674681227813391
87,0,400593,flow,0,400593,flow,11,1.4496818751149049e-05,0.0003047506423599216,0.09713250028224928
87,0,400593,flow,0,400593,flow,12,0.0018476585085372699,0.017981267755983344,0.0698277812672638
87,0,400593,flow,2,400331,flow,3,0.0027674663521569673,0.024691149610322385,0.06711521804650342
87,0,400593,flow,2,400331,flow,4,0.002468532500291015,0.02257899725017401,0.06789215372102361
87,0,400593,flow,2,400331,flow,6,0.003692134774984349,0.030821298991173696,-0.06512076898898596
87,0,400593,flow,5,400503,flow,5,0.0040647154017133995,0.033294597147140476,0.06444395794045384
87,0,400593,flow,5,400503,flow,12,0.002286134595864435,0.021261789998136403,0.06840962532380547
87,0,400593,flow,11,405841,flow,1,6.580315471936956e-06,0.00015299764714083773,0.10093556032586834
87,0,400593,flow,11,405841,flow,7,0.0005037983058402183,0.00627568823884009,0.07799061463850951
87,0,400593,flow,12,404520,flow,11,0.0053482047982857505,0.041034443256621374,0.06247808701344075
87,0,400593,flow,13,400183,flow,2,0.002597874551973982,0.023529676797704267,0.06754598919689705
87,0,400593,flow,13,400183,flow,6,5.168073931753877e-05,0.0009233283451272436,0.09070194339980066
87,0,400593,flow,13,400183,flow,7,0.0029509923923529808,0.025990391712466622,0.06667539540631318
87,0,400593,flow,14,401469,flow,3,0.004514910589023343,0.0361059121521304,0.06369751498732636
87,0,400593,flow,14,401469,flow,7,0.0003642701358653006,0.004775863389796961,0.07991197582876809
87,0,400593,flow,14,401469,flow,8,0.004288025364822614,0.03470264064449923,0.06406482176697266
87,0,400593,flow,15,401472,flow,1,0.003103220499772033,0.026951975390058672,0.06632911397160483
87,0,400593,flow,17,400260,flow,3,0.005792083347842912,0.043561629635587365,0.061897078329329336
87,0,400593,flow,17,400260,flow,4,6.041909723777779e-05,0.0010570742026781198,0.0898823852292081
87,0,400593,flow,17,400260,flow,12,0.005260763664598218,0.04053988297392888,0.06259764779600356
87,0,400593,flow,18,404528,flow,1,0.0055755148912597545,0.04230849170954179,0.06217533909378133
87,0,400593,flow,18,404528,flow,6,0.0009077286842322286,0.010182778280662757,0.07438996285711033
87,0,400593,flow,18,404528,flow,12,0.004063428349003427,0.03329036690251243,0.06444619731618663
87,0,400593,flow,19,401795,flow,1,0.0002759374669201411,0.0038109010776694674,0.08152517982241261
87,0,400593,flow,19,401795,flow,4,0.001205456618196178,0.012839182915698936,0.07259916865527415
87,0,400593,occupancy,0,400593,flow,1,2.2271985188817255e-14,1.6307623053506872e-12,0.17021959406958168
87,0,400593,occupancy,0,400593,flow,3,6.654394637849904e-11,3.501459785080583e-09,-0.1457980446491749
87,0,400593,occupancy,0,400593,flow,4,6.1800517723665525e-12,3.5549698610683763e-10,-0.15346226279195213
87,0,400593,occupancy,0,400593,flow,6,0.0036756704946979417,0.030707934098561127,0.06515208686511009
87,0,400593,occupancy,2,400331,flow,6,0.0047412038035392935,0.03750438059095394,-0.06334744897638822
87,0,400593,occupancy,3,400039,flow,2,0.0026009469970581477,0.02355080911190777,0.06753795939178353
87,0,400593,occupancy,4,400316,flow,2,0.0004631243954688841,0.0058295378450628765,0.07849341660782663
87,0,400593,occupancy,4,400316,flow,11,0.0032780271571501195,0.028141867675423954,0.06595006854696152
87,0,400593,occupancy,11,405841,flow,1,0.0009288585176307457,0.010384753613262996,0.0742461109453842
87,0,400593,occupancy,11,405841,flow,7,0.0010016606131866533,0.011044343667601689,0.07377265664945355
87,0,400593,occupancy,13,400183,flow,6,0.001351264471348437,0.01407298126812369,0.07186731984506954
87,0,400593,occupancy,14,401469,flow,7,0.005321406718468656,0.0408836024476003,0.0625145401498975
87,0,400593,occupancy,17,400260,flow,4,0.0004963435613765745,0.0061971219223896,0.07807986700221352
87,0,400593,speed,0,400593,flow,1,1.643756866374675e-05,0.0003400876275257948,-0.09651465020023837
87,0,400593,speed,3,400039,flow,2,0.003951471243343601,0.032502581438012865,-0.06464350048858418
87,0,400593,speed,4,400316,flow,2,9.244506489904814e-05,0.001520802286229581,-0.08761555264804013
87,0,400593,speed,6,405843,flow,11,0.00106392221298244,0.011591788045609435,0.07339236273022899
87,0,400593,speed,8,401448,flow,11,0.001901792556160925,0.01838669376469252,0.06963692678254507
87,0,400593,speed,12,404520,flow,2,0.005198134329531945,0.040171628450050095,-0.06268439022634617
87,0,400593,speed,13,400183,flow,12,0.0019911911948065596,0.0190266444626506,0.06933239535879371
87,0,400593,speed,14,401469,flow,12,0.005164091270007865,0.04000001479453725,0.06273193691660306
87,0,400593,speed,19,401795,flow,9,0.004057642635082561,0.03324927197184497,0.06445627197972544
87,1,400125,flow,0,400593,flow,3,0.005390366196249704,0.04128059203651608,0.06242106760947217
87,1,400125,flow,1,400125,flow,1,2.417500263642351e-161,1.7406001898224928e-158,0.5554826230451145
87,1,400125,flow,1,400125,flow,2,4.873432000139418e-09,2.0360953811027355e-07,0.130754876046812
87,1,400125,flow,1,400125,flow,4,0.004374644624955309,0.03519922663402298,0.06390648659026024
87,1,400125,flow,1,400125,flow,10,3.3898682290615444e-05,0.0006375372550955974,0.0928809900850676
87,1,400125,flow,1,400125,flow,11,0.0011797095519977601,0.012624090326059757,0.07273682577302179
87,1,400125,flow,2,400331,flow,12,5.289190216140008e-05,0.0009410750302193096,0.09058084604735635
87,1,400125,flow,3,400039,flow,10,0.0007157060587547008,0.00838354168606374,0.0758616911063614
87,1,400125,flow,3,400039,flow,11,0.004458019312037699,0.03573032175881793,0.0637880189833177
87,1,400125,flow,4,400316,flow,3,0.0002810482840946469,0.0038728184602515934,-0.08141946360306528
87,1,400125,flow,4,400316,flow,9,0.0054819120675778585,0.041797213825507065,0.06229863278927276
87,1,400125,flow,4,400316,flow,11,0.0005519886553635595,0.006745660512505169,0.07744169296396902
87,1,400125,flow,5,400503,flow,1,0.005571275346911814,0.04230604587565308,0.062180882924598196
87,1,400125,flow,5,400503,flow,10,5.637278367976148e-05,0.0009956272505992215,0.0902468883412631
87,1,400125,flow,9,402391,flow,1,0.00019734096321850716,0.0028713808053349643,0.08343503273300656
87,1,400125,flow,10,400497,flow,11,8.766199497575503e-08,3.015125941841256e-06,0.11970747687293656
87,1,400125,flow,10,400497,flow,12,0.002386594535096821,0.02201599058641526,0.06812013245842145
87,1,400125,flow,11,405841,flow,9,0.0019318967704745349,0.018587514584521136,0.0695329384359382
87,1,400125,flow,12,404520,flow,3,0.000532590827949709,0.006551231141067035,-0.07765706675722246
87,1,400125,flow,12,404520,flow,9,0.00023378699748033817,0.0033189609895335555,0.08247451454520326
87,1,400125,flow,12,404520,flow,11,0.0012590649886357968,0.013311700320378468,0.07232105005458724
87,1,400125,flow,13,400183,flow,12,0.006223612208482524,0.046006168276256844,0.06136949455739558
87,1,400125,flow,16,405838,flow,10,0.006680894062987615,0.04859650168733204,-0.060845195222439266
87,1,400125,flow,17,400260,flow,1,0.0018318891188833211,0.017859988701367516,0.06988434336730572
87,1,400125,flow,17,400260,flow,12,1.997310490859579e-05,0.00040297786082905333,0.09554925947868857
87,1,400125,flow,19,401795,flow,1,0.0057658155199696685,0.04340941625351859,0.061930324275253815
87,1,400125,flow,19,401795,flow,2,0.0003109310934806508,0.004202823291102664,0.08083517914999067
87,1,400125,flow,19,401795,flow,11,0.0009227702707039268,0.010322028921390378,0.07428724638580332
87,1,400125,occupancy,0,400593,flow,3,0.0059391687817385965,0.04435893695904346,-0.061713391184662486
87,1,400125,occupancy,0,400593,flow,7,0.00012082764851221992,0.0019074630893802156,0.08616056105200345
87,1,400125,occupancy,2,400331,flow,1,5.7048900293976766e-05,0.0010067452993054722,0.09018429291504695
87,1,400125,occupancy,3,400039,flow,12,0.0002612253263475152,0.0036438276067848425,0.08184006647953139
87,1,400125,occupancy,6,405843,flow,5,0.0026612910025462892,0.02401666415500307,0.06738198205008859
87,1,400125,occupancy,8,401448,flow,5,0.0003358900540126479,0.004457895647725465,0.08038613390704093
87,1,400125,occupancy,9,402391,flow,1,0.003204923076913833,0.02764078197697696,0.06610629075569144
87,1,400125,occupancy,11,405841,flow,2,0.0017076357426535499,0.016896441613063067,-0.07034635075784959
87,1,400125,occupancy,14,401469,flow,2,0.0003851827959190187,0.004998467042265428,0.07958418431184652
87,1,400125,speed,0,400593,flow,7,0.00559324986503415,0.04241031493980966,-0.06215218912223869
87,1,400125,speed,0,400593,flow,8,0.004006729738897105,0.03290072699493536,0.06454549280795562
87,1,400125,speed,1,400125,flow,1,4.891766361355445e-06,0.00011753298487795062,0.10232904543768305
87,1,400125,speed,2,400331,flow,1,0.0005647648029165945,0.006868761116553176,-0.07730365537824915
87,1,400125,speed,3,400039,flow,12,1.1946689797745469e-05,0.00025740498716339365,-0.09807682815013485
87,1,400125,speed,8,401448,flow,5,0.0001439700756494531,0.0022109872975671434,-0.08519604066917516
87,1,400125,speed,14,401469,flow,2,0.003198349601393548,0.02761165123505221,-0.06612049671038665
87,1,400125,speed,14,401469,flow,5,0.005511295305135331,0.04192427490435752,-0.06225972605186821
87,1,400125,speed,15,401472,flow,10,0.00442646216769409,0.0355367339982131,-0.0638386727434942
87,1,400125,speed,15,401472,flow,12,0.005169194629084321,0.04000705137652511,-0.06272479124210437
87,1,400125,speed,16,405838,flow,2,0.0009122613475800058,0.010225659111431305,-0.07435884516288022
87,1,400125,speed,16,405838,flow,6,4.115052379266337e-05,0.0007580821440695341,-0.09188520004764121
87,1,400125,speed,16,405838,flow,9,5.336124199354963e-07,1.5865145589272844e-05,-0.11222188922195885
87,1,400125,speed,16,405838,flow,12,0.0005672469588464278,0.0068970077743218915,-0.07727717493594669
87,1,400125,speed,18,404528,flow,3,0.004928641239226147,0.03865600971942076,-0.06306875350780042
87,2,400331,flow,0,400593,flow,7,0.001139680586792744,0.012277855698116345,0.07295645115771922
87,2,400331,flow,1,400125,flow,1,0.004517474859111407,0.03611304846661968,0.06369346004963601
87,2,400331,flow,1,400125,flow,4,0.00362902336523585,0.030406037018017033,0.06524151487535199
87,2,400331,flow,2,400331,flow,1,2.4475713367184134e-106,1.149294366806907e-103,0.463191038576004
87,2,400331,flow,2,400331,flow,2,8.007727389619704e-23,1.023472849797548e-20,0.21804373429129026
87,2,400331,flow,2,400331,flow,3,1.3591661753297355e-05,0.0002871197006075529,0.09742369459735674
87,2,400331,flow,2,400331,flow,4,0.0032280027663638155,0.027786825989588926,0.06605662241189982
87,2,400331,flow,2,400331,flow,7,0.0007588279041941636,0.008788569828736693,0.07550176717608344
87,2,400331,flow,3,400039,flow,1,2.1521675916930068e-05,0.0004298365231675353,0.09517680795228689
87,2,400331,flow,3,400039,flow,11,0.002424370145490646,0.02227883222403657,0.06801415300195342
87,2,400331,flow,5,400503,flow,1,0.0020273643401877437,0.019316748896363152,0.0692127256851183
87,2,400331,flow,5,400503,flow,5,0.0008743984979603991,0.009862667131041577,0.07462330452333611
87,2,400331,flow,5,400503,flow,11,6.440259897215434e-06,0.00015030752434343962,0.10103726857028761
87,2,400331,flow,5,400503,flow,12,0.0034962947351549756,0.02955193358612697,0.06550180966142784
87,2,400331,flow,6,405843,flow,3,0.004595706072327097,0.03656252344834818,0.06357074185828158
87,2,400331,flow,6,405843,flow,10,0.00012817782820748696,0.002003358241158986,0.08583663324752792
87,2,400331,flow,6,405843,flow,12,0.002667738785958007,0.024054751733121667,0.06736550732362591
87,2,400331,flow,7,408093,flow,1,0.0008093056505910114,0.009246761202203567,0.07510380863288955
87,2,400331,flow,7,408093,flow,5,0.000918019523806354,0.010279534325669906,0.07431951988214484
87,2,400331,flow,8,401448,flow,5,0.0050421898136985294,0.039367901672108525,0.06290454624909825
87,2,400331,flow,8,401448,flow,11,0.003289130750929464,0.02819814416355484,0.06592661834340377
87,2,400331,flow,9,402391,flow,1,4.07597840986658e-05,0.0007513368214555845,0.09193444034452061
87,2,400331,flow,9,402391,flow,7,0.0010009799729158038,0.011044343667601689,0.07377693354983703
87,2,400331,flow,9,402391,flow,12,9.818677754227428e-08,3.3584075928948923e-06,0.11925091539980448
87,2,400331,flow,10,400497,flow,10,4.827504378465494e-05,0.000867144237628729,0.09105744949071841
87,2,400331,flow,10,400497,flow,11,0.00010881269441045137,0.0017427724274497259,0.08673236736860072
87,2,400331,flow,11,405841,flow,11,0.0012772627019169743,0.013457987493369095,0.07222912125881359
87,2,400331,flow,12,404520,flow,10,0.000952695031095221,0.010607326119410707,0.07408742437800023
87,2,400331,flow,12,404520,flow,11,0.0037689106021546338,0.031343900916472496,0.06497638285838302
87,2,400331,flow,13,400183,flow,5,0.0028022280143082633,0.024971464766663128,0.06702990809787816
87,2,400331,flow,14,401469,flow,5,0.00026907694089749304,0.0037364589671397296,0.08167000870381468
87,2,400331,flow,14,401469,flow,10,4.966905822463469e-05,0.0008899640461651673,0.09090914863494048
87,2,400331,flow,14,401469,flow,11,3.166928482838687e-05,0.000602162458004539,0.09322809764967444
87,2,400331,flow,15,401472,flow,10,0.0003303771652260646,0.004402311393512027,0.08048256698784652
87,2,400331,flow,15,401472,flow,11,0.0025187070442281526,0.022928249380647123,0.06775594401191762
87,2,400331,flow,16,405838,flow,6,0.000696945756391362,0.008215022285431606,0.07602460187210978
87,2,400331,flow,16,405838,flow,12,0.0006372710333933227,0.00761552106295755,0.07657134165835613
87,2,400331,flow,17,400260,flow,6,0.005659171057373073,0.04277798594549724,0.062066716462839816
87,2,400331,flow,17,400260,flow,11,0.0004052972276643229,0.005224959783676141,0.07928422438663953
87,2,400331,flow,18,404528,flow,5,0.0010462986708509902,0.011434379605555977,0.07349787384652832
87,2,400331,flow,19,401795,flow,4,0.006228819281354319,0.046028907450309034,0.06136333201848931
87,2,400331,flow,19,401795,flow,12,0.00034979241543114177,0.004612647236454616,0.0801493686936575
87,2,400331,occupancy,0,400593,flow,7,0.005311216805978865,0.040826435234570635,0.06252844486339242
87,2,400331,occupancy,1,400125,flow,2,0.0004412292022520317,0.005622743816309076,0.07878139477778416
87,2,400331,occupancy,2,400331,flow,1,0.00011028518172152791,0.0017619526073853573,0.08665917628632991
87,2,400331,occupancy,2,400331,flow,5,1.6556717462521482e-06,4.461947563199801e-05,0.10727456413040196
87,2,400331,occupancy,2,400331,flow,6,0.0015018372061711158,0.01530895877928084,-0.07118432596425159
87,2,400331,occupancy,2,400331,flow,11,0.0036422788688743137,0.030493497506854716,0.06521599678048813
87,2,400331,occupancy,3,400039,flow,1,2.1991777210006576e-07,7.001066878940928e-06,0.11595376129339915
87,2,400331,occupancy,3,400039,flow,5,0.001899483467424594,0.018373866053009957,0.06964496526482367
87,2,400331,occupancy,3,400039,flow,12,4.0766979386386344e-05,0.0007513368214555845,0.09193352956975953
87,2,400331,occupancy,5,400503,flow,1,0.0008901013111138408,0.01000842702762049,0.07451236257749703
87,2,400331,occupancy,5,400503,flow,6,0.0051915303043176654,0.04013495152944223,0.06269359180098208
87,2,400331,occupancy,5,400503,flow,11,3.6500035340327486e-05,0.0006808296747418598,0.09250237100119593
87,2,400331,occupancy,5,400503,flow,12,0.005515604360014276,0.0419422827587778,0.062254036111175255
87,2,400331,occupancy,6,405843,flow,6,0.0004619715066454582,0.005821811285613709,0.07850826018512125
87,2,400331,occupancy,6,405843,flow,10,0.0009251377657957681,0.010345832638461604,0.07427122055312717
87,2,400331,occupancy,6,405843,flow,11,0.004490634477192239,0.03595170671139821,0.06373600698845118
87,2,400331,occupancy,6,405843,flow,12,0.0005145774556193508,0.0063860230056753675,0.07786371240791128
87,2,400331,occupancy,7,408093,flow,5,0.0005820783470307259,0.0070517223155587986,0.07712116034103564
87,2,400331,occupancy,7,408093,flow,6,0.0006896991734296552,0.008142936401246543,0.07608862215297235
87,2,400331,occupancy,8,401448,flow,5,0.001149805879723794,0.01237151033725228,0.0729002319532526
87,2,400331,occupancy,8,401448,flow,11,0.002690911340594586,0.024205528020130363,0.06730659779873772
87,2,400331,occupancy,8,401448,flow,12,0.0004535932887158331,0.005748087436938688,0.07861718004894547
87,2,400331,occupancy,9,402391,flow,1,4.189239078119652e-07,1.2708927540362988e-05,0.11325235959592436
87,2,400331,occupancy,9,402391,flow,8,0.002936156243124339,0.025886112184279886,0.06671000966147432
87,2,400331,occupancy,10,400497,flow,5,0.006315424282287704,0.046501845746519305,0.06126150921634198
87,2,400331,occupancy,10,400497,flow,10,1.0626240172144848e-05,0.00023196239284318214,0.09864440761948975
87,2,400331,occupancy,10,400497,flow,11,1.5634834341905524e-09,7.021048269961732e-08,0.13494641496098597
87,2,400331,occupancy,11,405841,flow,2,0.00014960407684977355,0.002283708876293363,0.0849834319893539
87,2,400331,occupancy,11,405841,flow,4,0.006914704779177321,0.04985303208971609,0.0605894643730042
87,2,400331,occupancy,11,405841,flow,6,0.001386406466499087,0.014355886709674151,0.07170186288824885
87,2,400331,occupancy,11,405841,flow,7,0.0013413460690397967,0.013983144349063519,0.07191473579559365
87,2,400331,occupancy,12,404520,flow,10,0.003951087341730635,0.032502581438012865,0.06464418572398384
87,2,400331,occupancy,12,404520,flow,11,0.0016031057720949356,0.016131881983345264,0.07075960851786009
87,2,400331,occupancy,13,400183,flow,5,6.167628862552352e-07,1.808836163355476e-05,0.11160083803945543
87,2,400331,occupancy,13,400183,flow,9,0.0005838089999243507,0.007064742607084092,0.07710319684006713
87,2,400331,occupancy,14,401469,flow,5,0.004172696463273426,0.03394736105713974,0.06425833114682443
87,2,400331,occupancy,14,401469,flow,6,0.005072814044016895,0.03952842112220957,0.06286083151393908
87,2,400331,occupancy,15,401472,flow,4,0.005341521981536653,0.0409937377158258,0.06248716212293857
87,2,400331,occupancy,16,405838,flow,6,0.0012904841013099127,0.013557943952424819,0.07216308585615366
87,2,400331,occupancy,17,400260,flow,6,0.001827618415957257,0.017830423570314703,0.06989973857344287
87,2,400331,occupancy,17,400260,flow,10,0.001777516714468233,0.017432173000006282,0.07008285746525128
87,2,400331,occupancy,17,400260,flow,11,0.00014944126921181213,0.002282836927139421,0.08498946932535696
87,2,400331,occupancy,18,404528,flow,1,0.0061531922271670005,0.04557920168271853,0.061453294975570984
87,2,400331,occupancy,18,404528,flow,2,0.006489372251648479,0.047547639292946794,0.06106073432413356
87,2,400331,occupancy,18,404528,flow,5,0.0001045980452839439,0.0016866697329441962,0.08694714180023691
87,2,400331,occupancy,19,401795,flow,2,0.0011972972557863241,0.012774324882679476,0.07264249660530066
87,2,400331,occupancy,19,401795,flow,4,0.002029185796226126,0.01932557901167739,0.06920675177534263
87,2,400331,occupancy,19,401795,flow,12,0.00015395393806733764,0.002338540831402597,0.08482437448633867
87,2,400331,speed,13,400183,flow,6,0.0066579443099763795,0.048486715136712676,0.06087072795041143
87,2,400331,speed,19,401795,flow,8,0.003090656187682806,0.02686445619877208,-0.06635710165954496
87,3,400039,flow,0,400593,flow,9,0.004694922761583482,0.03720797345448659,0.06341779531800126
87,3,400039,flow,0,400593,flow,12,0.000283641912980995,0.0039048217465834875,0.0813665015980339
87,3,400039,flow,1,400125,flow,1,6.77989604540209e-06,0.00015721498076294701,0.10079414449616159
87,3,400039,flow,1,400125,flow,2,0.000730097149208135,0.008510576590877342,0.07573938709982347
87,3,400039,flow,1,400125,flow,3,0.002697068024028837,0.024228184370564725,0.0672910241069645
87,3,400039,flow,1,400125,flow,11,0.00031512400133525733,0.004246798375934887,0.08075743913559155
87,3,400039,flow,1,400125,flow,12,1.1653810793643054e-07,3.927025166032605e-06,0.11855772240028518
87,3,400039,flow,2,400331,flow,1,0.004857838873070451,0.0382144565715972,0.06317288292954641
87,3,400039,flow,2,400331,flow,6,0.004934069003103963,0.03868549950955386,0.06306082677249698
87,3,400039,flow,3,400039,flow,1,1.128352048077811e-128,6.587136280670464e-126,0.5042017668592498
87,3,400039,flow,3,400039,flow,2,5.666749028190914e-12,3.272774839810796e-10,0.15369635299588832
87,3,400039,flow,3,400039,flow,3,0.00012043121361309928,0.0019022407415304897,0.08617855542446551
87,3,400039,flow,3,400039,flow,6,1.4790860484156345e-05,0.000310629641670177,0.09703399985996944
87,3,400039,flow,3,400039,flow,7,0.0017258838944184205,0.017037976288591355,0.07027660176406783
87,3,400039,flow,3,400039,flow,10,0.0002327393947568202,0.003308115996465695,0.08250009807538736
87,3,400039,flow,3,400039,flow,11,1.7474985953985062e-06,4.6831227866758976e-05,0.10703327913479399
87,3,400039,flow,3,400039,flow,12,1.1063768951079063e-08,4.364884188918863e-07,0.12776327584857472
87,3,400039,flow,4,400316,flow,3,0.00032816016340919484,0.004386299213885277,-0.0805217722431921
87,3,400039,flow,4,400316,flow,9,1.4238506693937503e-05,0.00029961202590263035,0.09722061541287312
87,3,400039,flow,4,400316,flow,10,0.00016345154687669357,0.0024628904168375173,0.08449128249868908
87,3,400039,flow,4,400316,flow,11,6.186439727956464e-06,0.00014580152550339293,0.10122710304822505
87,3,400039,flow,4,400316,flow,12,0.00014860092484092951,0.002271606494383636,0.08502073024470326
87,3,400039,flow,5,400503,flow,2,0.0007042572073185826,0.00828312315713661,0.07596063196680711
87,3,400039,flow,5,400503,flow,7,0.004131019764204265,0.033686897964277054,0.06432945430202387
87,3,400039,flow,5,400503,flow,8,8.258590179450154e-05,0.0013838743648514915,0.08822182516829295
87,3,400039,flow,5,400503,flow,9,0.0003482766065242995,0.004596868133776272,0.08017475225728524
87,3,400039,flow,5,400503,flow,10,0.0020504621018110633,0.01949382984116152,0.0691373327030954
87,3,400039,flow,5,400503,flow,11,3.891859187581238e-06,9.585422856528476e-05,0.10339153262320114
87,3,400039,flow,5,400503,flow,12,0.0037055987187500153,0.030909802017764172,0.0650952524241692
87,3,400039,flow,6,405843,flow,1,1.9872346824965298e-07,6.37804890667534e-06,0.11637307244600775
87,3,400039,flow,6,405843,flow,9,0.0019495576929918147,0.018741619008040004,0.06947262259881107
87,3,400039,flow,6,405843,flow,10,0.004673163687507251,0.0370831504960164,0.06345108575099324
87,3,400039,flow,6,405843,flow,11,4.679466533659407e-05,0.0008451210462127358,0.09121944739482489
87,3,400039,flow,6,405843,flow,12,0.00020777247233545295,0.003000064320290514,0.08314415549064215
87,3,400039,flow,7,408093,flow,10,0.005984001605889651,0.04460895071172268,0.06165821640861728
87,3,400039,flow,8,401448,flow,12,0.001610680784623494,0.01619679001297368,0.07072884001086045
87,3,400039,flow,9,402391,flow,1,5.337145039024623e-09,2.2191016909130288e-07,0.13048478352535559
87,3,400039,flow,9,402391,flow,2,0.0016144066105674055,0.01622670208853232,0.07071375509277149
87,3,400039,flow,9,402391,flow,3,0.00346181909924355,0.029340903489762874,0.0655708890834422
87,3,400039,flow,9,402391,flow,5,0.00047434299526926386,0.005956865521986105,0.07835074758522695
87,3,400039,flow,9,402391,flow,6,0.004888320706643234,0.0384095042791902,0.06312788607153383
87,3,400039,flow,9,402391,flow,7,0.0013674113273105387,0.014210288510900957,0.07179081007513123
87,3,400039,flow,9,402391,flow,8,0.006746854827663204,0.048983928848707094,0.06077224681325312
87,3,400039,flow,9,402391,flow,9,0.000452115605077633,0.005732725018888684,0.07863658485407449
87,3,400039,flow,9,402391,flow,10,0.004245840877838857,0.03443219934721956,0.06413504944454113
87,3,400039,flow,9,402391,flow,12,2.540191730557321e-09,1.1039867480892985e-07,0.13320039563781597
87,3,400039,flow,10,400497,flow,1,0.001042813046536426,0.011407830744586884,0.07351893653295702
87,3,400039,flow,10,400497,flow,5,7.508584226627152e-05,0.0012707445102870267,0.08873069754246067
87,3,400039,flow,10,400497,flow,6,1.3045628945750118e-05,0.00027721159392838426,0.09764837367628862
87,3,400039,flow,10,400497,flow,10,3.815448168564638e-08,1.3701360006815657e-06,0.12300680006121066
87,3,400039,flow,10,400497,flow,11,2.3601629245067255e-19,2.5747231903709735e-17,0.19992900156484797
87,3,400039,flow,10,400497,flow,12,4.4255366736082223e-14,3.144460268090053e-12,0.16826553746344977
87,3,400039,flow,11,405841,flow,7,0.00612985330891226,0.04542968998885051,0.06148125895691596
87,3,400039,flow,11,405841,flow,11,0.0009214629834215272,0.010312746342955953,0.07429611187783405
87,3,400039,flow,12,404520,flow,2,0.0004864554855701288,0.006096570054142607,-0.07820019952511542
87,3,400039,flow,12,404520,flow,3,5.056624621322929e-08,1.7803274950379018e-06,-0.12189944626043751
87,3,400039,flow,12,404520,flow,5,6.682489452285082e-07,1.9466186401801454e-05,0.11125556889363498
87,3,400039,flow,12,404520,flow,6,5.853904829725216e-13,3.713490288460049e-11,0.1606991197542564
87,3,400039,flow,12,404520,flow,7,6.146952406937278e-05,0.0010714801210041564,0.08979153960247735
87,3,400039,flow,12,404520,flow,9,2.2259452527566335e-08,8.311221687042918e-07,0.12509894802377347
87,3,400039,flow,12,404520,flow,10,3.388271414643473e-07,1.0415222411814524e-05,0.11414866012053235
87,3,400039,flow,12,404520,flow,11,2.9584067169203625e-09,1.2716733350344246e-07,0.1326473971318118
87,3,400039,flow,12,404520,flow,12,0.0008716570432958074,0.009836881993306918,0.07464286219327566
87,3,400039,flow,14,401469,flow,2,0.0020029540405926737,0.01913058026831826,0.06929326375771384
87,3,400039,flow,15,401472,flow,1,1.869108561793258e-15,1.4707739502635473e-13,0.1770428932186366
87,3,400039,flow,15,401472,flow,2,7.81594450776961e-07,2.246499020197253e-05,0.11055019733791477
87,3,400039,flow,15,401472,flow,3,0.0004417974604934729,0.005628325064381607,0.07875396579586261
87,3,400039,flow,15,401472,flow,4,0.0008372686863016739,0.009523435294426622,0.07487433654195577
87,3,400039,flow,16,405838,flow,1,6.124669272744839e-05,0.0010686014240007151,0.08981068765719467
87,3,400039,flow,16,405838,flow,7,0.00665700334844751,0.048486715136712676,0.06087177650274648
87,3,400039,flow,17,400260,flow,1,6.377442063447445e-05,0.0011042304494626439,0.08959724178168435
87,3,400039,flow,17,400260,flow,11,2.6888666197149834e-06,6.922469485797812e-05,0.10508815711736187
87,3,400039,flow,17,400260,flow,12,7.118725841641324e-13,4.4894738154584697e-11,0.1601110706628375
87,3,400039,flow,18,404528,flow,1,2.314773789929788e-16,1.941713159708094e-14,0.18257802477706836
87,3,400039,flow,19,401795,flow,1,4.762502875897084e-07,1.4327306701863093e-05,0.11270731572322594
87,3,400039,flow,19,401795,flow,2,0.001389295964295304,0.01437546961857656,0.07168843096673987
87,3,400039,flow,19,401795,flow,11,0.0001675861007201836,0.002511175702779026,0.08435193180136635
87,3,400039,flow,19,401795,flow,12,0.0008577474344301501,0.009702720389469097,0.07474298077052627
87,3,400039,occupancy,0,400593,flow,7,0.004228900035102403,0.034307696059422306,0.06416343022107841
87,3,400039,occupancy,0,400593,flow,8,0.0068292874986758565,0.0494362730549028,0.060681976636664525
87,3,400039,occupancy,0,400593,flow,9,0.0005516401649358096,0.006744311022816774,0.0774454996746933
87,3,400039,occupancy,1,400125,flow,1,0.0017430612956725311,0.01716440573810197,0.07021156190471049
87,3,400039,occupancy,1,400125,flow,12,2.4623942460220303e-05,0.0004835246883097805,0.09450172521433148
87,3,400039,occupancy,2,400331,flow,1,3.188572946498455e-05,0.0006057447286223977,0.09319339796581162
87,3,400039,occupancy,2,400331,flow,6,3.430995131708857e-07,1.0534398698637003e-05,0.1140959210300796
87,3,400039,occupancy,2,400331,flow,12,0.0012159212406548032,0.012928328229457912,0.07254399381044999
87,3,400039,occupancy,3,400039,flow,2,0.0031543185815038582,0.027329836085231984,-0.06621634363181034
87,3,400039,occupancy,3,400039,flow,10,0.00037379380877821555,0.004885897893863514,0.07976057618465358
87,3,400039,occupancy,3,400039,flow,11,0.005845513880240911,0.04382613669323279,0.061829870903394105
87,3,400039,occupancy,3,400039,flow,12,1.77145804086988e-05,0.0003618297274968266,0.0961449641168669
87,3,400039,occupancy,4,400316,flow,7,0.0027570433026541242,0.024628175026840032,0.06714098827305585
87,3,400039,occupancy,4,400316,flow,9,6.003342111135082e-05,0.0010513140219655342,0.08991611570306055
87,3,400039,occupancy,4,400316,flow,10,4.669404677808871e-05,0.0008436565540834096,0.0912306335993028
87,3,400039,occupancy,4,400316,flow,11,0.00013460781061327734,0.002086493512197195,0.08556729791385616
87,3,400039,occupancy,4,400316,flow,12,0.0010506466791091948,0.011476090148550496,0.07347169075817457
87,3,400039,occupancy,5,400503,flow,2,0.00027001213052669793,0.0037482403723500483,0.08165006419185795
87,3,400039,occupancy,5,400503,flow,6,0.00020718642585976964,0.0029944642345741215,0.08316012968113069
87,3,400039,occupancy,5,400503,flow,8,0.0011982431791031285,0.012778105489324896,0.07263745960737995
87,3,400039,occupancy,5,400503,flow,9,0.002875565434887294,0.02547670770859949,0.06685305069879283
87,3,400039,occupancy,5,400503,flow,10,0.0011756528731224779,0.012591017660465442,0.07275876739169763
87,3,400039,occupancy,5,400503,flow,11,0.00030416454712937734,0.004138553838106803,0.08096272963830853
87,3,400039,occupancy,5,400503,flow,12,0.00014078808686658907,0.0021681111554339846,0.08531960425997889
87,3,400039,occupancy,6,405843,flow,1,3.2312889904726506e-08,1.1700895589976405e-06,0.12365564734792965
87,3,400039,occupancy,6,405843,flow,10,0.00017766070790371484,0.002642886563856915,0.0840254608234228
87,3,400039,occupancy,6,405843,flow,11,2.3892324191400472e-08,8.859642961961376e-07,0.12482605953105799
87,3,400039,occupancy,7,408093,flow,1,0.0015155108071148522,0.01541923383593067,0.07112546703628138
87,3,400039,occupancy,7,408093,flow,3,0.006566053320548434,0.04795494563781781,0.06097375981873628
87,3,400039,occupancy,7,408093,flow,6,0.0014340092297224734,0.01473577514843265,0.07148379594141706
87,3,400039,occupancy,8,401448,flow,1,0.0036288229006355937,0.030406037018017033,0.06524190143836481
87,3,400039,occupancy,9,402391,flow,1,4.1325504019563625e-08,1.4766433198057474e-06,0.12269388618799805
87,3,400039,occupancy,9,402391,flow,2,0.0008385907426101488,0.009533149262186609,0.07488335829698693
87,3,400039,occupancy,9,402391,flow,5,0.003066416089410814,0.02671612652649584,0.06641139199152608
87,3,400039,occupancy,9,402391,flow,8,0.0002603354209387201,0.003632806359106127,0.08185964209352012
87,3,400039,occupancy,9,402391,flow,10,0.0008696913212132792,0.0098223960984088,0.07465692086179025
87,3,400039,occupancy,9,402391,flow,12,7.406710559945023e-06,0.00017010627123318714,0.10037453978163541
87,3,400039,occupancy,10,400497,flow,1,0.0007099333502054334,0.008334000198063784,0.07591139362910386
87,3,400039,occupancy,10,400497,flow,6,3.0690576834888688e-06,7.753408884603458e-05,0.10448433567614533
87,3,400039,occupancy,10,400497,flow,10,1.719631555411093e-08,6.52795107150784e-07,0.12608889962685238
87,3,400039,occupancy,10,400497,flow,11,7.643114088451099e-09,3.1090633580140065e-07,0.12915113844504908
87,3,400039,occupancy,10,400497,flow,12,4.67185088970927e-07,1.4064387347417453e-05,0.11278914767195615
87,3,400039,occupancy,11,405841,flow,7,0.00015427500777152794,0.0023417710245010564,0.08481280236110421
87,3,400039,occupancy,11,405841,flow,11,0.005697516092938368,0.04300012145613862,0.06201741069359388
87,3,400039,occupancy,12,404520,flow,3,0.001906083300721551,0.018409050380969287,-0.06962201344562947
87,3,400039,occupancy,12,404520,flow,6,0.00016517531131608689,0.002481572966063474,0.08443278657309027
87,3,400039,occupancy,12,404520,flow,7,2.7751623297584186e-05,0.0005349710515196951,0.09389848659169314
87,3,400039,occupancy,12,404520,flow,9,4.980423836218406e-06,0.0001193312865915891,0.10224514724653402
87,3,400039,occupancy,12,404520,flow,10,3.5863242967015383e-07,1.09800999020203e-05,0.11390937505031845
87,3,400039,occupancy,12,404520,flow,11,0.00011414435478083925,0.001812214673477492,0.08647163748692549
87,3,400039,occupancy,14,401469,flow,11,2.3406636626216753e-05,0.00046256482262239875,0.094756421425161
87,3,400039,occupancy,15,401472,flow,2,2.776519015141703e-06,7.105783261500093e-05,0.10494199870350218
87,3,400039,occupancy,15,401472,flow,3,0.003186694680073078,0.02756612138148918,0.06614574968105207
87,3,400039,occupancy,15,401472,flow,7,0.004046799102484663,0.03319820000519132,0.06447518896649358
87,3,400039,occupancy,15,401472,flow,8,0.0010122774114610755,0.011138661277411732,0.07370629017704454
87,3,400039,occupancy,15,401472,flow,11,0.004293788703035433,0.034729764458178373,0.06405527576035125
87,3,400039,occupancy,15,401472,flow,12,0.00011999592550124917,0.0018960585156013036,0.08619837775542372
87,3,400039,occupancy,16,405838,flow,1,0.0001930118393037607,0.002815027500986652,0.08356000815557031
87,3,400039,occupancy,16,405838,flow,4,0.0006720545156854027,0.007967276365974038,0.07624715613286755
87,3,400039,occupancy,17,400260,flow,1,1.108107550226246e-09,5.076378172828613e-08,0.13617153941107357
87,3,400039,occupancy,17,400260,flow,11,1.2737625492147286e-08,4.97296400868382e-07,0.12723073629705584
87,3,400039,occupancy,17,400260,flow,12,1.7325533716465238e-07,5.6275417785811904e-06,0.11693823888205153
87,3,400039,occupancy,18,404528,flow,2,0.003937101718343083,0.03242142474884124,0.06466919029028201
87,3,400039,occupancy,18,404528,flow,3,0.0028685144058245094,0.025419450734691037,0.0668698747396784
87,3,400039,occupancy,18,404528,flow,9,0.0014328425120716424,0.01472728920330596,0.0714890603961216
87,3,400039,occupancy,19,401795,flow,1,6.423611233997184e-08,2.236099962197247e-06,0.12095090469810116
87,3,400039,occupancy,19,401795,flow,2,0.0020642623337982927,0.019607768869851855,0.06909265834777026
87,3,400039,speed,0,400593,flow,7,0.0006264391544260517,0.007505505334551649,-0.07667565859298166
87,3,400039,speed,2,400331,flow,1,0.006244821648968004,0.04609797240179797,-0.06134442227827628
87,3,400039,speed,2,400331,flow,10,0.004280231975169629,0.03465255272251274,-0.06407774872074372
87,3,400039,speed,8,401448,flow,1,0.0001272967707086871,0.001993916060411633,-0.08587452538928762
87,3,400039,speed,10,400497,flow,6,0.00511248953383425,0.039780177928969665,-0.06280454961893393
87,3,400039,speed,11,405841,flow,7,0.00018958585887875635,0.002773899953772347,-0.08366079119545058
87,3,400039,speed,14,401469,flow,8,0.002173137029067604,0.02045305439122451,-0.06874950496039471
87,3,400039,speed,14,401469,flow,11,0.0007614986041893847,0.008811038527399055,-0.07548010499788917
87,3,400039,speed,15,401472,flow,3,0.0028032459254800184,0.024974267680085954,-0.06702742458648933
87,3,400039,speed,15,401472,flow,4,0.0032428655518449345,0.027901173439494355,-0.06602480803081832
87,3,400039,speed,15,401472,flow,6,0.002097334414611398,0.01986512754027897,-0.06898670105079377
87,3,400039,speed,15,401472,flow,7,1.5619990797908555e-05,0.00032535371382336046,-0.09676598015727123
87,3,400039,speed,15,401472,flow,8,5.6998169378267595e-05,0.0010062611022236044,-0.09018896519381056
87,3,400039,speed,15,401472,flow,9,0.0012364278001348594,0.013110869161960217,-0.07243713199184343
87,3,400039,speed,15,401472,flow,10,0.0006320735498185,0.0075617771675877046,-0.07662118886379075
87,3,400039,speed,15,401472,flow,11,0.006012224416588865,0.04476526969952412,-0.061623673804045216
87,3,400039,speed,15,401472,flow,12,0.0017046154956987807,0.0168704214007302,-0.07035796091219775
87,3,400039,speed,16,405838,flow,12,0.003463244942898858,0.029341475099672613,-0.06556801971934625
87,3,400039,speed,17,400260,flow,1,0.0036574911269971603,0.03057937230235675,-0.06518681553611907
87,3,400039,speed,18,404528,flow,3,0.001382186271628554,0.014329695386109169,-0.07172152702298987
87,4,400316,flow,1,400125,flow,2,0.0002179397784171112,0.0031185817911954967,0.0828735474584621
87,4,400316,flow,1,400125,flow,3,0.00031674916672853946,0.004264120910773731,0.08072756717512534
87,4,400316,flow,2,400331,flow,2,0.0032129881497790537,0.027699279199851348,0.06608889750837454
87,4,400316,flow,3,400039,flow,1,4.221539632419753e-12,2.4846118817511354e-10,0.15465580340909385
87,4,400316,flow,3,400039,flow,2,3.7676562258453845e-10,1.8349802588108298e-08,0.13994179916146976
87,4,400316,flow,3,400039,flow,3,5.044338838200864e-05,0.0009030892573985798,0.09082846680932334
87,4,400316,flow,3,400039,flow,9,3.82013821458946e-05,0.0007074391974159543,-0.0922683591241931
87,4,400316,flow,3,400039,flow,12,2.2219463102546896e-05,0.000441527509673425,0.09501724661838226
87,4,400316,flow,4,400316,flow,1,1.3871940643710818e-05,0.0002924684410972705,0.09732389545548402
87,4,400316,flow,4,400316,flow,3,2.5811742654841044e-06,6.685055651613508e-05,-0.10527411955558261
87,4,400316,flow,4,400316,flow,4,0.005337765045327005,0.04098674901495318,-0.06249226845478466
87,4,400316,flow,4,400316,flow,7,0.0005540121331694133,0.006764647866850948,-0.07741963375042056
87,4,400316,flow,4,400316,flow,8,4.891608259956897e-06,0.00011753298487795062,-0.10232919634768702
87,4,400316,flow,4,400316,flow,11,0.0034915276356437598,0.029528972956110105,0.06549485221206512
87,4,400316,flow,5,400503,flow,1,3.463435877150827e-06,8.638592949937399e-05,0.10392948007987898
87,4,400316,flow,5,400503,flow,2,0.005967985995674691,0.0445356702389267,0.061677883605111665
87,4,400316,flow,6,405843,flow,1,0.0003771550316228199,0.004919413455949826,0.07970800144034904
87,4,400316,flow,6,405843,flow,12,0.0006226775749752487,0.007467982020802538,0.07671227723949596
87,4,400316,flow,9,402391,flow,1,2.0974167880657332e-09,9.255199718533164e-08,0.1338921473617061
87,4,400316,flow,9,402391,flow,2,3.075195128183358e-09,1.316634584118147e-07,0.13250655499113495
87,4,400316,flow,9,402391,flow,3,0.0012380868492595368,0.013118801051756682,0.07242855818214756
87,4,400316,flow,9,402391,flow,12,5.3919647673598186e-08,1.8891555389289873e-06,0.12164561209994935
87,4,400316,flow,10,400497,flow,1,2.9135899976054065e-11,1.5792608268074474e-09,0.14850656756135924
87,4,400316,flow,10,400497,flow,5,5.3944423055824216e-05,0.0009570427416885446,0.09047772407469126
87,4,400316,flow,10,400497,flow,8,3.083928851088115e-09,1.319066597693134e-07,-0.13249623260712637
87,4,400316,flow,10,400497,flow,9,1.4969982166660418e-06,4.0673159094322645e-05,-0.10772352105210609
87,4,400316,flow,10,400497,flow,11,5.638457225572821e-12,3.2607945400903057e-10,0.15375033705428168
87,4,400316,flow,10,400497,flow,12,5.795912895365273e-30,1.0700146883751273e-27,0.251224987693446
87,4,400316,flow,12,404520,flow,3,1.0779652822190592e-09,4.948788543237339e-08,-0.13623519401906653
87,4,400316,flow,12,404520,flow,10,8.865599674785747e-05,0.0014713557662341308,0.08784098625188516
87,4,400316,flow,12,404520,flow,11,2.085988369803263e-08,7.823614658204789e-07,0.1253487694507098
87,4,400316,flow,12,404520,flow,12,3.841069908407196e-17,3.4933520009092812e-15,0.18733012289995427
87,4,400316,flow,14,401469,flow,2,0.005459607916188869,0.04167050565006345,0.06232829179130909
87,4,400316,flow,15,401472,flow,6,0.0025026977573347612,0.022799777122914738,-0.06779913315611302
87,4,400316,flow,15,401472,flow,8,0.00029739092519341095,0.004063025922946032,-0.08109310105934955
87,4,400316,flow,15,401472,flow,9,1.9275324274962945e-05,0.00039002061296412145,-0.09572615269809161
87,4,400316,flow,15,401472,flow,10,0.0015583561931255916,0.015773427259378057,-0.07094415040267535
87,4,400316,flow,15,401472,flow,11,0.00232784245184458,0.021589264473955743,-0.06828805067385707
87,4,400316,flow,16,405838,flow,6,0.00018905086709313448,0.0027694124986176365,0.08367668339095014
87,4,400316,flow,16,405838,flow,10,0.00028177547854651183,0.003881600979977459,-0.08140456824936392
87,4,400316,flow,17,400260,flow,1,2.86703077482889e-06,7.318208565148393e-05,0.10479564408780073
87,4,400316,flow,17,400260,flow,2,0.00013191869034272547,0.00204922237425593,0.08567843213591468
87,4,400316,flow,17,400260,flow,3,0.002434691145833667,0.022349905971103784,0.06798546016808489
87,4,400316,flow,17,400260,flow,4,0.00477419951319378,0.037697938031433245,0.06329767434396882
87,4,400316,flow,17,400260,flow,6,2.5664971536813004e-06,6.659019641983915e-05,0.10530003811107425
87,4,400316,flow,17,400260,flow,9,0.00014543450818771145,0.002227932891386218,-0.08514003481984599
87,4,400316,flow,17,400260,flow,10,0.0012367727535113604,0.013111308699801417,-0.07243534843145107
87,4,400316,flow,17,400260,flow,12,1.0582468045471644e-05,0.00023124057641091302,0.09866435423290419
87,4,400316,flow,18,404528,flow,1,1.1691731146029325e-13,8.004481545300584e-12,0.16546045189047848
87,4,400316,flow,18,404528,flow,2,2.480256750704594e-08,9.138239664423231e-07,0.12468169089778386
87,4,400316,flow,18,404528,flow,3,1.2257397036036248e-07,4.10798721455986e-06,0.11835268742916803
87,4,400316,flow,18,404528,flow,5,0.0012880527575136241,0.013548546171070992,0.07217518244008408
87,4,400316,flow,18,404528,flow,11,0.0032170386314818527,0.027728664980051086,0.06608017717549225
87,4,400316,flow,19,401795,flow,2,8.985717781439817e-07,2.5555168410678085e-05,0.10997127195071948
87,4,400316,flow,19,401795,flow,9,0.00012894053226665826,0.002012366688554782,-0.08580402875656269
87,4,400316,occupancy,0,400593,flow,8,0.000449104846495771,0.005705626840176984,0.07867630555406657
87,4,400316,occupancy,0,400593,flow,9,0.0001247060324029756,0.001956883617801869,0.08598739512647778
87,4,400316,occupancy,0,400593,flow,10,3.0239635949744813e-05,0.0005765014444081976,0.09346311448881868
87,4,400316,occupancy,0,400593,flow,11,8.883549083633783e-05,0.0014732027655008806,0.08783010368365977
87,4,400316,occupancy,0,400593,flow,12,0.0016673482999945523,0.01657567117588715,0.07050279767587213
87,4,400316,occupancy,1,400125,flow,1,9.513691450398683e-08,3.2566677548115937e-06,0.11937814615839198
87,4,400316,occupancy,1,400125,flow,2,4.149931945865821e-05,0.0007633497436171034,0.09184161851896155
87,4,400316,occupancy,1,400125,flow,3,0.002826544614950529,0.025145536936956932,0.06697080398306765
87,4,400316,occupancy,1,400125,flow,10,1.1071283408033405e-05,0.0002402207148302577,0.0984459406933325
87,4,400316,occupancy,1,400125,flow,11,2.3000121812056817e-10,1.147350187391287e-08,0.14163343953434637
87,4,400316,occupancy,1,400125,flow,12,1.1464395676024806e-11,6.440336712669332e-10,0.1515070174837704
87,4,400316,occupancy,2,400331,flow,1,7.626008126811367e-07,2.1962903405216738e-05,0.11068456242405887
87,4,400316,occupancy,2,400331,flow,2,0.0010850886350139424,0.011789695430734987,0.07326775548262657
87,4,400316,occupancy,2,400331,flow,3,0.0012473302433078605,0.013196559176730405,0.072380982391156
87,4,400316,occupancy,2,400331,flow,6,0.0013238958895712026,0.013837963326754405,0.07199894833537009
87,4,400316,occupancy,2,400331,flow,7,0.0019724940515421087,0.01889814660160104,0.06939503387294599
87,4,400316,occupancy,2,400331,flow,8,0.0002441473678389173,0.0034456603367008258,0.08222713544107167
87,4,400316,occupancy,2,400331,flow,9,0.0005675843154237017,0.006897227124136122,0.07727358423359038
87,4,400316,occupancy,2,400331,flow,10,2.4685156219329053e-05,0.0004840666131071335,0.09448923588015315
87,4,400316,occupancy,2,400331,flow,11,1.0971247467064561e-05,0.00023876971817490632,0.09848987982400202
87,4,400316,occupancy,2,400331,flow,12,1.2758853906685075e-05,0.0002720342403889464,0.09775676276612552
87,4,400316,occupancy,3,400039,flow,1,3.887376357364312e-23,5.2153620695074e-21,0.2197195755052149
87,4,400316,occupancy,3,400039,flow,2,1.2656264218595077e-11,7.073099796161803e-10,0.15119168902213637
87,4,400316,occupancy,3,400039,flow,3,1.8287414048528199e-06,4.885691322797886e-05,0.10682974882446158
87,4,400316,occupancy,3,400039,flow,4,6.229060152313525e-06,0.0001465735631410588,0.10119471253340012
87,4,400316,occupancy,3,400039,flow,5,2.9007273038895982e-05,0.0005561980449535315,0.09367432769946633
87,4,400316,occupancy,3,400039,flow,6,0.000909622191104428,0.01019872272403615,0.0743769460705955
87,4,400316,occupancy,3,400039,flow,7,0.00472891499522615,0.03742930153788378,0.06336606696753508
87,4,400316,occupancy,3,400039,flow,8,0.0002889935148677344,0.003970903257724595,0.08125863970288122
87,4,400316,occupancy,3,400039,flow,9,1.3515647045616811e-09,6.13959991977546e-08,0.13546608725167214
87,4,400316,occupancy,3,400039,flow,10,9.68147104103421e-19,1.0029725395028248e-16,0.19652199919680746
87,4,400316,occupancy,3,400039,flow,11,1.0305840015068567e-23,1.4315507673664376e-21,0.2225700753880651
87,4,400316,occupancy,3,400039,flow,12,2.5751405050899135e-17,2.397544608187161e-15,0.18835147441052544
87,4,400316,occupancy,4,400316,flow,8,2.98438906555931e-06,7.570499567361256e-05,0.10461233931851666
87,4,400316,occupancy,4,400316,flow,9,7.986117340156142e-17,7.055220226886407e-15,0.18544520921081636
87,4,400316,occupancy,4,400316,flow,10,1.6095771019912274e-24,2.3100907244525256e-22,0.2264914651770126
87,4,400316,occupancy,4,400316,flow,11,1.5091821712623088e-18,1.5486144845256944e-16,0.19543745083341493
87,4,400316,occupancy,4,400316,flow,12,3.2372204228216005e-05,0.0006136372192448141,0.09311621704159048
87,4,400316,occupancy,5,400503,flow,1,2.7294076293563025e-08,9.98394662050739e-07,0.12431134561710488
87,4,400316,occupancy,5,400503,flow,2,1.5195069662135351e-05,0.00031819050383143343,0.09690159726848163
87,4,400316,occupancy,5,400503,flow,3,3.922344527172797e-06,9.64401158644649e-05,0.10335544813610001
87,4,400316,occupancy,5,400503,flow,4,1.8918311240935447e-07,6.1218804914487736e-06,0.11657611777472075
87,4,400316,occupancy,5,400503,flow,5,2.3452657212937563e-08,8.719060168665257e-07,0.12489771410919669
87,4,400316,occupancy,5,400503,flow,6,1.6637124110849033e-06,4.478029667219179e-05,0.10725292940211356
87,4,400316,occupancy,5,400503,flow,7,2.5455908185920547e-05,0.0004971497439564953,0.09433445075319351
87,4,400316,occupancy,5,400503,flow,8,1.3558069801661884e-06,3.711714926690706e-05,0.10816326356177465
87,4,400316,occupancy,5,400503,flow,9,1.5689069547647424e-11,8.65603837111582e-10,0.15050454307735142
87,4,400316,occupancy,5,400503,flow,10,8.269435368190263e-18,7.956338706142969e-16,0.19122186770549088
87,4,400316,occupancy,5,400503,flow,11,4.413512843072692e-22,5.494632703767732e-20,0.21439696848047665
87,4,400316,occupancy,5,400503,flow,12,1.3008370886153361e-17,1.2323719786882132e-15,0.19008255097234122
87,4,400316,occupancy,6,405843,flow,1,5.2102848566237686e-12,3.0293984630706166e-10,0.15399795923239154
87,4,400316,occupancy,6,405843,flow,2,3.306805758305074e-05,0.0006243619263932656,0.09300771000445056
87,4,400316,occupancy,6,405843,flow,3,3.3272310508857304e-05,0.0006273958157933809,0.0929762714302079
87,4,400316,occupancy,6,405843,flow,4,5.397525623860585e-07,1.60256430894005e-05,0.11217294309898028
87,4,400316,occupancy,6,405843,flow,5,3.834352113297143e-08,1.3734992644646483e-06,0.12298745137857815
87,4,400316,occupancy,6,405843,flow,6,3.932903938161023e-06,9.653491484577057e-05,0.10334301191954873
87,4,400316,occupancy,6,405843,flow,7,0.00024792625918976653,0.0034921468526240345,0.08213934880569686
87,4,400316,occupancy,6,405843,flow,8,1.5417469142491384e-05,0.00032206705365359176,0.09683017239072984
87,4,400316,occupancy,6,405843,flow,9,1.316780953532946e-10,6.747916630204421e-09,0.14352117905400055
87,4,400316,occupancy,6,405843,flow,10,7.1608076492599e-16,5.825741816347038e-14,0.17967300789413276
87,4,400316,occupancy,6,405843,flow,11,1.6032104997342807e-18,1.6373213614307549e-16,0.19528930304781866
87,4,400316,occupancy,6,405843,flow,12,8.601511996298251e-11,4.487745389373001e-09,0.14494599947303413
87,4,400316,occupancy,7,408093,flow,1,1.425518099934814e-08,5.508263141071911e-07,0.1268036893904826
87,4,400316,occupancy,7,408093,flow,2,6.195649444705594e-07,1.8145902102459772e-05,0.11158134498316212
87,4,400316,occupancy,7,408093,flow,3,8.344981793099048e-07,2.3906048638055627e-05,0.11029342270535471
87,4,400316,occupancy,7,408093,flow,4,1.9012814571152838e-06,5.045169468512301e-05,0.10665522813779894
87,4,400316,occupancy,7,408093,flow,5,6.852669500180718e-05,0.0011752096959420683,0.08921676462117613
87,4,400316,occupancy,7,408093,flow,6,0.0003215107229406507,0.004315060346151277,0.08064086378542608
87,4,400316,occupancy,7,408093,flow,7,0.0004580012212835001,0.0057821394868412266,0.07855964369492249
87,4,400316,occupancy,7,408093,flow,8,0.0011715340916493878,0.012555264886939607,0.07278111654613457
87,4,400316,occupancy,7,408093,flow,9,0.00011306372454703199,0.001799025009367139,0.08652354150204497
87,4,400316,occupancy,7,408093,flow,10,2.9068913978631762e-06,7.408714359155706e-05,0.10473259088453941
87,4,400316,occupancy,7,408093,flow,11,1.8572553182685909e-06,4.946573967275162e-05,0.10676036898512625
87,4,400316,occupancy,7,408093,flow,12,2.673398867152972e-05,0.0005176639671044751,0.09408734039940188
87,4,400316,occupancy,8,401448,flow,1,1.0990671756990594e-05,0.00023895169597483326,0.09848131820543868
87,4,400316,occupancy,8,401448,flow,2,0.0009803263847809147,0.010855706048436282,0.07390800983145523
87,4,400316,occupancy,8,401448,flow,3,6.361333387286134e-05,0.0011018829283510865,0.08961060339937858
87,4,400316,occupancy,8,401448,flow,4,9.619390353880496e-05,0.0015752754483989288,0.08740093616735695
87,4,400316,occupancy,8,401448,flow,5,0.004087364124456626,0.033423079722984333,0.06440465571685786
87,4,400316,occupancy,8,401448,flow,6,0.0049713075478991665,0.03888475214000434,0.06300665493140926
87,4,400316,occupancy,8,401448,flow,9,0.001399469612121856,0.014442686871396125,0.07164134244049301
87,4,400316,occupancy,8,401448,flow,10,7.383843625954549e-06,0.00016967130034108326,0.10038924063433777
87,4,400316,occupancy,8,401448,flow,11,1.1704719243014567e-07,3.938036380827331e-06,0.11854003716036328
87,4,400316,occupancy,8,401448,flow,12,5.859195112557893e-06,0.0001386943719794526,0.1014831565375308
87,4,400316,occupancy,9,402391,flow,1,1.9588837115591402e-20,2.2626678165602905e-18,0.2057912952281523
87,4,400316,occupancy,9,402391,flow,2,2.0437887297254224e-10,1.0278425276383963e-08,0.14203529300651824
87,4,400316,occupancy,9,402391,flow,3,7.029009779266547e-07,2.035209265846614e-05,0.11103733073635641
87,4,400316,occupancy,9,402391,flow,4,2.2547812048122648e-06,5.88559202706283e-05,0.10588696919157496
87,4,400316,occupancy,9,402391,flow,5,2.3173124664608856e-07,7.332506983173852e-06,0.11573668561838653
87,4,400316,occupancy,9,402391,flow,6,4.160313446109518e-09,1.7517109246776917e-07,0.13140205740246186
87,4,400316,occupancy,9,402391,flow,7,8.704037514753686e-11,4.530294224546496e-09,0.14490654292606361
87,4,400316,occupancy,9,402391,flow,8,1.9633684364376797e-11,1.0722821296347378e-09,0.14978371852202846
87,4,400316,occupancy,9,402391,flow,9,5.962771463469063e-16,4.9065090899402576e-14,0.18016216083466394
87,4,400316,occupancy,9,402391,flow,10,4.1009424195610224e-23,5.467923226081363e-21,0.21960390430085894
87,4,400316,occupancy,9,402391,flow,11,3.697069236978055e-28,6.312782254444742e-26,0.24333284248635428
87,4,400316,occupancy,9,402391,flow,12,1.6297972846755455e-26,2.560263370835766e-24,0.2358865543453997
87,4,400316,occupancy,10,400497,flow,3,2.2085969641411069e-16,1.859871127697774e-14,0.18279193909630023
87,4,400316,occupancy,10,400497,flow,4,4.0156356850660063e-28,6.80295927822947e-26,0.24317297101892876
87,4,400316,occupancy,10,400497,flow,5,8.921361323654881e-13,5.5613680978627825e-11,0.1594297984109414
87,4,400316,occupancy,10,400497,flow,8,8.520537319978624e-14,5.870609445344124e-12,0.1663793505739498
87,4,400316,occupancy,10,400497,flow,9,5.378626009662878e-70,1.904562652601937e-67,0.3819577088725437
87,4,400316,occupancy,10,400497,flow,10,1.6974440445025544e-115,8.62700973206004e-113,0.48095757412171275
87,4,400316,occupancy,10,400497,flow,11,2.141806896322739e-81,8.261255171530564e-79,0.41004469854729425
87,4,400316,occupancy,10,400497,flow,12,6.359574729577118e-09,2.6165107458831573e-07,0.12983556000779323
87,4,400316,occupancy,11,405841,flow,4,0.0001020708115755672,0.001653340479964193,0.0870798754219592
87,4,400316,occupancy,11,405841,flow,5,2.124375294005154e-05,0.0004249002095431994,0.09524173409108304
87,4,400316,occupancy,11,405841,flow,6,0.005663177367772109,0.042791347605523423,0.06206155090577684
87,4,400316,occupancy,11,405841,flow,9,0.0015102610489877246,0.015379175714483006,0.07114800693481056
87,4,400316,occupancy,11,405841,flow,10,7.491325460392343e-07,2.1603822422493273e-05,0.11076176408018705
87,4,400316,occupancy,11,405841,flow,11,0.0002261721530320417,0.0032246326768924755,0.0826629810303879
87,4,400316,occupancy,12,404520,flow,2,0.00045642006406104176,0.005775438420456064,-0.07858022277670186
87,4,400316,occupancy,12,404520,flow,4,0.00019214704204968957,0.0028043081812657395,0.08358528866889148
87,4,400316,occupancy,12,404520,flow,5,2.5385558466664954e-10,1.2605242824826735e-08,0.14129681548176998
87,4,400316,occupancy,12,404520,flow,6,9.161644674624202e-11,4.751297118172455e-09,0.14473579690263505
87,4,400316,occupancy,12,404520,flow,7,2.018305472816551e-12,1.222872320135694e-10,0.15694066764556902
87,4,400316,occupancy,12,404520,flow,8,2.2177962274392144e-20,2.541347401203556e-18,0.20550311792369066
87,4,400316,occupancy,12,404520,flow,9,1.0629234373761649e-32,2.1659571931438833e-30,0.2626881918534752
87,4,400316,occupancy,12,404520,flow,10,1.032630154572953e-34,2.241689581786511e-32,0.2707695121972374
87,4,400316,occupancy,12,404520,flow,11,3.596913520260625e-17,3.2781996640350002e-15,0.18749827939235172
87,4,400316,occupancy,13,400183,flow,3,0.006849554549880738,0.049523139172359475,0.06065993254126696
87,4,400316,occupancy,14,401469,flow,1,3.021270029389925e-09,1.2961158418038208e-07,0.1325709278594146
87,4,400316,occupancy,14,401469,flow,2,8.510006388372028e-06,0.000191574922343758,0.0997122762302882
87,4,400316,occupancy,15,401472,flow,1,4.648910093964461e-43,1.181370094466263e-40,0.30166017377250076
87,4,400316,occupancy,15,401472,flow,2,1.5169629466408666e-31,3.019944667967071e-29,0.2579223249760508
87,4,400316,occupancy,15,401472,flow,3,3.794499181925184e-23,5.122573895598998e-21,0.21977185462513543
87,4,400316,occupancy,15,401472,flow,4,3.321946581486823e-21,3.964311942547811e-19,0.20986429859211927
87,4,400316,occupancy,15,401472,flow,5,4.8117937158055204e-21,5.710700234142815e-19,0.2090208082619409
87,4,400316,occupancy,15,401472,flow,6,1.76770456243264e-20,2.0528182015346785e-18,0.20602936230166513
87,4,400316,occupancy,15,401472,flow,7,4.686565647480919e-19,4.9866905411619627e-17,0.19828095950514577
87,4,400316,occupancy,15,401472,flow,8,3.406434130925276e-19,3.6425236251478204e-17,0.1990492357241332
87,4,400316,occupancy,15,401472,flow,9,6.171168967118426e-24,8.65566556427e-22,0.22366061461498754
87,4,400316,occupancy,15,401472,flow,10,1.784574315183339e-31,3.4883986613538573e-29,0.25762780936820523
87,4,400316,occupancy,15,401472,flow,11,7.607664968232412e-38,1.8258395923757788e-35,0.2828253084325552
87,4,400316,occupancy,15,401472,flow,12,6.7765561554645134e-37,1.5654931867169357e-34,0.2792336951517328
87,4,400316,occupancy,16,405838,flow,1,0.00013942469848686993,0.0021511239195117077,0.08537335381595929
87,4,400316,occupancy,16,405838,flow,8,0.0003292567830460969,0.004388735892499657,-0.08050234887014547
87,4,400316,occupancy,16,405838,flow,9,9.536095240695409e-05,0.0015628198573522068,-0.08744793097053732
87,4,400316,occupancy,17,400260,flow,1,2.402107108082721e-19,2.6073122379189335e-17,0.19988685988908872
87,4,400316,occupancy,17,400260,flow,2,2.209710395156823e-10,1.1061354469382938e-08,0.14176984253580308
87,4,400316,occupancy,17,400260,flow,3,1.3260693798918157e-07,4.406630554717418e-06,0.11803255130219797
87,4,400316,occupancy,17,400260,flow,4,8.340569673580047e-05,0.0013960194106883302,0.08816887623590006
87,4,400316,occupancy,17,400260,flow,5,0.001534242118456904,0.01558778445845208,0.0710456253698177
87,4,400316,occupancy,17,400260,flow,9,0.0013825502400301624,0.014329695386109169,0.07171982892188283
87,4,400316,occupancy,17,400260,flow,10,6.852225915526128e-11,3.596794162220276e-09,0.14570104145536183
87,4,400316,occupancy,17,400260,flow,11,5.50157510048192e-23,7.073453700619613e-21,0.2189672589932773
87,4,400316,occupancy,17,400260,flow,12,2.1416515062214622e-26,3.3280339952793946e-24,0.2353393280996537
87,4,400316,occupancy,18,404528,flow,1,9.883996111599403e-18,9.446651150909163e-16,0.19072699923555886
87,4,400316,occupancy,18,404528,flow,2,2.593791090909522e-09,1.123889419531508e-07,0.13312476639081483
87,4,400316,occupancy,18,404528,flow,3,1.695162734575528e-05,0.0003495161302113124,0.09636265218994779
87,4,400316,occupancy,18,404528,flow,4,7.779294718533332e-06,0.00017696973767279616,0.10014092988567876
87,4,400316,occupancy,18,404528,flow,5,2.8679923844435715e-06,7.318208565148393e-05,0.10479411310585039
87,4,400316,occupancy,18,404528,flow,6,0.0002907434162744081,0.00398733828033474,0.08122377575205843
87,4,400316,occupancy,18,404528,flow,10,1.5011012425552041e-05,0.00031479404698245056,0.09696146556947066
87,4,400316,occupancy,18,404528,flow,11,1.3142315888019652e-06,3.613927729869185e-05,0.10830116140835203
87,4,400316,occupancy,18,404528,flow,12,0.0007019437452001459,0.00825816170823701,0.0759808061252318
87,4,400316,occupancy,19,401795,flow,1,3.467425429406194e-11,1.863094260576462e-09,0.147939979949733
87,4,400316,occupancy,19,401795,flow,2,8.832586674327298e-07,2.5185989724814474e-05,0.11004620467157901
87,4,400316,occupancy,19,401795,flow,3,9.77521416310354e-05,0.001596556717754529,0.08731404275584423
87,4,400316,occupancy,19,401795,flow,4,0.005279952881543415,0.04064397086291438,0.06257125702738016
87,4,400316,occupancy,19,401795,flow,11,1.276419919602765e-05,0.0002720342403889464,0.09775472131315686
87,4,400316,occupancy,19,401795,flow,12,4.986563882830303e-07,1.4887322718608784e-05,0.11251132418853198
87,4,400316,speed,4,400316,flow,10,0.006029493614474571,0.044852891633029475,-0.061602609522333956
87,4,400316,speed,4,400316,flow,11,0.001206011301388771,0.012840380639947947,-0.07259623300602495
87,4,400316,speed,6,405843,flow,1,0.00020584395817309337,0.002977053563132787,-0.08319688249084803
87,4,400316,speed,10,400497,flow,11,0.001311324311586001,0.013723161400318614,-0.07206025393259388
87,4,400316,speed,10,400497,flow,12,0.006794887180825008,0.049251531243563816,-0.06071952804683084
87,4,400316,speed,11,405841,flow,11,0.003572572034774112,0.03005552325262739,-0.06535114640254203
87,4,400316,speed,12,404520,flow,10,0.001559524413969939,0.015777858239695866,-0.07093927116792677
87,4,400316,speed,12,404520,flow,11,0.0009372734291881218,0.010467996934055547,-0.07418966436848205
87,4,400316,speed,15,401472,flow,12,0.006506252625026363,0.04761479136051819,-0.06104150899329911
87,4,400316,speed,17,400260,flow,2,0.0008706839857721045,0.009828468300327912,-0.0746498177381923
87,5,400503,flow,0,400593,flow,8,0.0023850364475621532,0.02200631664559697,0.06812453654097943
87,5,400503,flow,1,400125,flow,3,0.0038290575252542002,0.031676615298924064,0.06486512355697069
87,5,400503,flow,1,400125,flow,5,0.004918991666930688,0.03860135150070949,0.06308286529618305
87,5,400503,flow,1,400125,flow,11,0.0018357116250396167,0.01788514709104904,0.06987059176223816
87,5,400503,flow,2,400331,flow,3,0.0016439446714981254,0.016428038355012494,0.0705952834735781
87,5,400503,flow,2,400331,flow,10,0.00040437150047237415,0.00521613879379115,0.07929772114238567
87,5,400503,flow,2,400331,flow,11,0.0014277289455450629,0.014685212011320647,0.07151218047126943
87,5,400503,flow,3,400039,flow,1,0.00023410853053319167,0.0033221776764693705,0.08246668393702303
87,5,400503,flow,3,400039,flow,10,0.005681899055258379,0.04288974998902009,0.06203745557481752
87,5,400503,flow,4,400316,flow,10,0.0005922940775913338,0.007145239919560352,0.07701583560509721
87,5,400503,flow,5,400503,flow,1,1.6548263423130714e-67,5.541744030071681e-65,0.37518316865562173
87,5,400503,flow,5,400503,flow,2,1.1667676150707323e-30,2.2010637978626913e-28,0.25407238073029303
87,5,400503,flow,5,400503,flow,3,1.8833873076530352e-12,1.1443365919917175e-10,0.1571140555987461
87,5,400503,flow,5,400503,flow,4,6.148928921716586e-05,0.0010714801210041564,0.08978984434147513
87,5,400503,flow,5,400503,flow,6,0.00020145211037951818,0.0029223408893200757,0.08331871047586119
87,5,400503,flow,5,400503,flow,11,0.0067524640898297674,0.04900158721327834,0.06076607291654919
87,5,400503,flow,6,405843,flow,1,0.0004217774373141109,0.00539875119762062,0.07904864393289934
87,5,400503,flow,6,405843,flow,12,0.002257056901693151,0.02104572807104341,0.06849559113574523
87,5,400503,flow,7,408093,flow,4,3.537868164484193e-05,0.000662200626974511,0.09266233473138057
87,5,400503,flow,8,401448,flow,7,0.003250517447231627,0.027961440406293565,0.06600848057853102
87,5,400503,flow,9,402391,flow,1,0.001001067517969859,0.011044343667601689,0.07377638329725182
87,5,400503,flow,9,402391,flow,2,0.001547106182335011,0.015681601848163414,0.07099131066414138
87,5,400503,flow,9,402391,flow,3,0.00298059283541977,0.02619235363916478,0.06660680606487755
87,5,400503,flow,9,402391,flow,12,0.004575335259886506,0.03643400612481052,0.0636025135895789
87,5,400503,flow,10,400497,flow,4,0.006090528027322659,0.045215812129290066,0.06152859478522165
87,5,400503,flow,10,400497,flow,5,0.004174584827911041,0.03395632923474995,0.06425512384283168
87,5,400503,flow,10,400497,flow,10,0.0001482097469682423,0.0022664286970010858,0.08503533888124688
87,5,400503,flow,10,400497,flow,11,5.586491218501664e-07,1.6507279113493287e-05,0.11202560639519252
87,5,400503,flow,11,405841,flow,6,1.7611779464399347e-06,4.7168560003846985e-05,0.10699838155424937
87,5,400503,flow,11,405841,flow,11,0.002464319214931069,0.022554786034962325,0.06790370650074287
87,5,400503,flow,12,404520,flow,10,0.0014805296581916153,0.0151381435734883,0.07127703648884177
87,5,400503,flow,15,401472,flow,1,0.0002487274941818111,0.003496592173333628,0.08212089673151247
87,5,400503,flow,16,405838,flow,5,0.00039300102550301997,0.005084649386561984,0.07946589392054279
87,5,400503,flow,16,405838,flow,10,0.0015004437003337152,0.015300059818754383,-0.07119035207314603
87,5,400503,flow,17,400260,flow,1,0.006809284495088166,0.04932278507508531,0.060703791204133016
87,5,400503,flow,17,400260,flow,2,0.0013068367981239584,0.013699429672156031,0.07208226871532135
87,5,400503,flow,17,400260,flow,11,0.0024603386396414165,0.02252312549957813,0.06791463779536958
87,5,400503,flow,19,401795,flow,1,0.00025500529940148683,0.0035753133300010956,0.08197822011654893
87,5,400503,flow,19,401795,flow,2,0.0058118399942588585,0.043653595782149904,0.061872162665641356
87,5,400503,occupancy,3,400039,flow,1,0.0031743926532583093,0.027476209701614702,0.06617249616016815
87,5,400503,occupancy,10,400497,flow,3,0.0008527381172428908,0.009653639063127066,-0.07477940560185763
87,5,400503,occupancy,10,400497,flow,11,0.00018383516968140513,0.0027092233238579463,0.08383387070620436
87,5,400503,occupancy,11,405841,flow,11,0.0053627311827794035,0.04111998351012961,0.062458395764348744
87,5,400503,occupancy,15,401472,flow,3,0.0002039611219531836,0.002952788360716331,-0.08324880985228114
87,5,400503,speed,4,400316,flow,6,0.0047605221432480554,0.037603685607664285,-0.06331826903798861
87,5,400503,speed,9,402391,flow,2,0.002920010104435612,0.02578093628086266,-0.06674786196606373
87,5,400503,speed,12,404520,flow,6,0.002805618986219856,0.02499025571230882,-0.06702163795969246
87,5,400503,speed,16,405838,flow,11,0.006006543368550844,0.04473743692964029,-0.061630615228436915
87,6,405843,flow,0,400593,flow,2,0.00030427029134657977,0.004138689101439624,0.08096071600586673
87,6,405843,flow,0,400593,flow,7,0.0001544754549813463,0.002343990043974064,0.08480558924087016
87,6,405843,flow,0,400593,flow,8,0.003459057769351913,0.0293232526758247,0.06557644903428449
87,6,405843,flow,0,400593,flow,11,0.0001334894751193362,0.002070644640989344,0.08561325958395949
87,6,405843,flow,1,400125,flow,2,0.0009518168667380043,0.010603014090531661,0.07409320503258991
87,6,405843,flow,2,400331,flow,2,0.005116599107698275,0.03979781805051593,0.06279874252683627
87,6,405843,flow,2,400331,flow,10,0.0053806422100795516,0.04122073833577525,0.062434182609770496
87,6,405843,flow,2,400331,flow,11,0.0009859814986031567,0.010904864500680074,0.07387186799570132
87,6,405843,flow,3,400039,flow,1,8.376541476141276e-06,0.00018886565332427096,0.09978787711622424
87,6,405843,flow,3,400039,flow,2,0.0005149433310267481,0.006386894028238737,0.07785944857407309
87,6,405843,flow,3,400039,flow,6,0.0029201983295863952,0.02578093628086266,0.06674741960076878
87,6,405843,flow,3,400039,flow,12,0.0029493458574619933,0.02598118699884953,0.06667922910268351
87,6,405843,flow,4,400316,flow,11,4.6576979130767196e-07,1.4041350303204067e-05,0.11280206155755347
87,6,405843,flow,4,400316,flow,12,0.002638949681815717,0.023844933330775774,0.0674393497298871
87,6,405843,flow,5,400503,flow,1,0.0004509678178093513,0.005723210848814329,0.07865169834456626
87,6,405843,flow,5,400503,flow,2,0.004787551107941242,0.03778264666844385,0.06327762158629163
87,6,405843,flow,5,400503,flow,6,2.1694913761754345e-05,0.00043229717458846293,0.09513673982410982
87,6,405843,flow,5,400503,flow,12,0.00017321250177516353,0.0025865122975067627,0.08416740326377582
87,6,405843,flow,6,405843,flow,1,3.9236426216564444e-84,1.5694570486625778e-81,0.4161182633291065
87,6,405843,flow,6,405843,flow,2,4.725099263202141e-19,5.0025261962139454e-17,0.19816330721722172
87,6,405843,flow,6,405843,flow,3,4.959434512608614e-16,4.120145595090233e-14,0.18060824410591597
87,6,405843,flow,6,405843,flow,5,0.00036796681362737273,0.004815560844805363,0.07985277477846342
87,6,405843,flow,6,405843,flow,7,5.264215556793848e-07,1.566212892930401e-05,0.11227990581803453
87,6,405843,flow,6,405843,flow,11,0.0022045696690526704,0.020681305038670002,0.06865336509216302
87,6,405843,flow,6,405843,flow,12,0.0031630549907812142,0.027400035211900632,0.06619722968854848
87,6,405843,flow,7,408093,flow,2,4.970704460714036e-06,0.0001191645020548537,0.10222864346936472
87,6,405843,flow,7,408093,flow,4,0.00362448770477329,0.030379873660497894,0.06525026590184937
87,6,405843,flow,8,401448,flow,8,0.0008393694038892042,0.00953477734630913,0.0748775947000899
87,6,405843,flow,9,402391,flow,2,8.554476445899118e-06,0.00019247572003273017,0.09968733760918924
87,6,405843,flow,9,402391,flow,3,0.006327486485014389,0.046543064218052384,0.06124742727621728
87,6,405843,flow,9,402391,flow,5,0.005593842002940635,0.04241031493980966,0.06215141732988693
87,6,405843,flow,9,402391,flow,9,0.00010051096608360099,0.0016329724463375564,0.08716335621296477
87,6,405843,flow,9,402391,flow,10,0.0003750253740923028,0.004900513055289619,0.0797412615226578
87,6,405843,flow,9,402391,flow,11,0.0014358760399215721,0.014747942207468358,0.07147538073533881
87,6,405843,flow,10,400497,flow,2,5.941905144860341e-05,0.0010417625903326572,-0.0899702730676088
87,6,405843,flow,10,400497,flow,5,1.9740799173010054e-07,6.349981565703904e-06,0.1164005026541064
87,6,405843,flow,10,400497,flow,6,3.5332131363011865e-05,0.0006616159839107553,0.09266907875790945
87,6,405843,flow,10,400497,flow,8,2.6460502304274476e-06,6.836684805889099e-05,-0.1051612216084786
87,6,405843,flow,10,400497,flow,10,1.0683838534656192e-05,0.000232984262845607,0.09861827961901404
87,6,405843,flow,10,400497,flow,11,3.153746893483753e-21,3.7844962721805036e-19,0.20998229550932956
87,6,405843,flow,10,400497,flow,12,6.532312023737908e-08,2.2702806068019118e-06,0.12088411363703072
87,6,405843,flow,11,405841,flow,5,0.002085144174064165,0.019778254788410485,0.0690255771166944
87,6,405843,flow,11,405841,flow,11,0.0035900418904898992,0.030166937195948772,0.06531705176957174
87,6,405843,flow,11,405841,flow,12,0.00565429127865451,0.042749053347569635,0.06207301268515835
87,6,405843,flow,12,404520,flow,7,0.0031941449852159877,0.027609785580976598,0.06612959726595041
87,6,405843,flow,12,404520,flow,11,9.091148661532973e-10,4.195914766861372e-08,0.13687102530819026
87,6,405843,flow,12,404520,flow,12,0.00021214179426787407,0.003052806633035363,0.08302637416705873
87,6,405843,flow,13,400183,flow,9,0.006665702926179731,0.04853503563306327,0.060862087274368676
87,6,405843,flow,13,400183,flow,10,0.002099188522838707,0.019878330597683503,0.06898080624148309
87,6,405843,flow,14,401469,flow,1,7.764166448753828e-06,0.00017681180315559587,0.10015020504083526
87,6,405843,flow,14,401469,flow,7,1.1278899320533386e-07,3.815571265834317e-06,0.11869031272813903
87,6,405843,flow,14,401469,flow,8,3.581631000772414e-05,0.000670101599105103,0.09259934129447081
87,6,405843,flow,14,401469,flow,12,0.0014369636090521604,0.01475209788760773,0.0714704828362541
87,6,405843,flow,15,401472,flow,1,3.3728780529575887e-07,1.037808631679258e-05,0.11416781934224582
87,6,405843,flow,15,401472,flow,2,4.023340014196244e-06,9.841918947524221e-05,0.10323779296833788
87,6,405843,flow,15,401472,flow,3,4.291453487281089e-06,0.0001046223423535796,0.10293866132991852
87,6,405843,flow,15,401472,flow,4,2.0960800192293894e-06,5.518016869634956e-05,0.10621642647252828
87,6,405843,flow,15,401472,flow,6,3.4067623334054948e-06,8.502145164824804e-05,0.10400536981569197
87,6,405843,flow,15,401472,flow,7,8.795212999978259e-06,0.00019686694383371024,0.09955444601123109
87,6,405843,flow,15,401472,flow,8,0.00015201130663109694,0.0023114707660905976,0.08489487958629964
87,6,405843,flow,15,401472,flow,9,0.00038085041053745116,0.00495746537291092,0.07965070266411683
87,6,405843,flow,15,401472,flow,10,0.0009154705901740833,0.010258970037748482,0.07433689948569347
87,6,405843,flow,15,401472,flow,11,0.00025515488417577264,0.0035753133300010956,0.08197486079248181
87,6,405843,flow,15,401472,flow,12,2.2045836439423586e-06,5.779005668586765e-05,0.10598870452672007
87,6,405843,flow,16,405838,flow,1,0.0022591538955500094,0.02105619164784475,0.06848935772251212
87,6,405843,flow,16,405838,flow,2,0.006466989347387456,0.047423856697867604,0.06108629601444224
87,6,405843,flow,16,405838,flow,5,0.0019737177456695338,0.018905677741224803,0.06939091767576767
87,6,405843,flow,16,405838,flow,7,0.00012091482848573146,0.0019074630893802156,0.08615661137249214
87,6,405843,flow,16,405838,flow,11,0.001081295950409218,0.011755062943384522,0.07328991693907833
87,6,405843,flow,16,405838,flow,12,0.006279459954283133,0.04628436615339214,0.061303639589571045
87,6,405843,flow,17,400260,flow,1,2.9224765174571376e-05,0.0005601197229554052,0.09363644013593399
87,6,405843,flow,17,400260,flow,2,0.0012925720737460712,0.013576249352256329,0.0721527144014406
87,6,405843,flow,17,400260,flow,5,0.00022628371077052471,0.003225158794221929,0.08266017730284035
87,6,405843,flow,17,400260,flow,7,0.0003279180007892075,0.004385776357304571,0.08052606961838095
87,6,405843,flow,17,400260,flow,10,0.004921870663812792,0.03861692929108475,0.06307865235847061
87,6,405843,flow,17,400260,flow,12,6.347599051045874e-06,0.00014896506597529002,0.10110572770618043
87,6,405843,flow,18,404528,flow,1,0.0009522046001892867,0.010604598795611545,0.07409065210799377
87,6,405843,flow,18,404528,flow,2,0.005814991393612113,0.04365739490737071,0.06186819540552444
87,6,405843,flow,18,404528,flow,4,0.0065375277351316765,0.04778700476441428,0.061006007437696484
87,6,405843,flow,18,404528,flow,6,0.001114954536159455,0.012074714455274119,0.07309570221273089
87,6,405843,flow,18,404528,flow,12,8.356447330611337e-05,0.0013981352621317187,0.08815867801265835
87,6,405843,flow,19,401795,flow,1,0.0008053150406518375,0.009213350041355768,0.07513441959709913
87,6,405843,flow,19,401795,flow,2,3.274020732069946e-05,0.0006192543591305678,0.09305856012885604
87,6,405843,flow,19,401795,flow,5,0.001338848863024988,0.013963851009821218,0.07192672487388566
87,6,405843,occupancy,0,400593,flow,3,0.0003986802142682655,0.00514579780591248,0.07938133726101483
87,6,405843,occupancy,0,400593,flow,9,0.000445029779274322,0.005659489686385255,0.07873046497606943
87,6,405843,occupancy,0,400593,flow,11,0.003409657900431535,0.0290240830145108,0.06567660419244023
87,6,405843,occupancy,3,400039,flow,12,0.00035043594743989766,0.004618313889384862,0.08013862325557637
87,6,405843,occupancy,5,400503,flow,6,2.313983552822237e-05,0.00045771103242637655,0.09481392417415371
87,6,405843,occupancy,6,405843,flow,7,0.0003835452910497808,0.004983204984466324,0.07960924361996766
87,6,405843,occupancy,7,408093,flow,4,0.004036100092993128,0.033129303442390866,0.0644938989421131
87,6,405843,occupancy,9,402391,flow,11,0.00012965402237024922,0.0020191253664004205,0.08577369209460635
87,6,405843,occupancy,9,402391,flow,12,0.0017725158939138836,0.017394976514556966,0.07010139454382772
87,6,405843,occupancy,10,400497,flow,8,0.0034455189187600132,0.0292371670183525,-0.06560376812845742
87,6,405843,occupancy,10,400497,flow,11,8.605387600672079e-05,0.0014347848103011724,0.0880011315787851
87,6,405843,occupancy,10,400497,flow,12,0.0031734855770200036,0.02747532434473881,0.06617447201695094
87,6,405843,occupancy,11,405841,flow,1,0.004121361404601512,0.03364376656817561,0.06434602954656493
87,6,405843,occupancy,11,405841,flow,5,0.0028312647637856484,0.025177158871045702,0.06695938495145687
87,6,405843,occupancy,12,404520,flow,11,0.004329339400453579,0.034925763230549876,0.0639966473600403
87,6,405843,occupancy,14,401469,flow,1,0.0005410533571990871,0.006638314408122853,0.07756222413482135
87,6,405843,occupancy,14,401469,flow,8,0.004300734041827154,0.034772919821623255,0.06404378738070002
87,6,405843,occupancy,16,405838,flow,2,0.0018214900184708109,0.017786701807852405,0.06992188828429287
87,6,405843,occupancy,16,405838,flow,7,0.0065484078349725035,0.047843827712746506,0.0609936928069521
87,6,405843,occupancy,17,400260,flow,1,0.0005443917594659946,0.006667911542084199,0.07752518888492603
87,6,405843,occupancy,19,401795,flow,7,0.004809629663596172,0.03791532873491873,0.06324457249318033
87,6,405843,occupancy,19,401795,flow,12,0.0016980834051543488,0.016825046583180705,0.07038313577199656
87,6,405843,speed,0,400593,flow,3,0.003527197792188202,0.029743303654602836,-0.06544041311900821
87,6,405843,speed,9,402391,flow,2,0.0015327225523770513,0.015579673944162025,0.07105206894196213
87,7,408093,flow,0,400593,flow,10,0.0027107352455799706,0.02431051746087912,0.06725656775453029
87,7,408093,flow,0,400593,flow,11,0.004128686846275465,0.03368196183102103,0.06433345473016815
87,7,408093,flow,1,400125,flow,12,3.3619804988072495e-05,0.000633119256968061,0.09292320369799063
87,7,408093,flow,2,400331,flow,8,0.0011643888985028953,0.012487984214330953,0.07282006015873219
87,7,408093,flow,3,400039,flow,1,0.0027628814849287404,0.02467062425566796,0.06712654286225385
87,7,408093,flow,3,400039,flow,11,0.004689348518075452,0.0371706157763045,0.06342631034765403
87,7,408093,flow,5,400503,flow,1,0.0005441154400054205,0.006666417188948997,0.07752824625438835
87,7,408093,flow,5,400503,flow,6,3.3925499818054374e-05,0.0006377639652480195,0.09287694810852741
87,7,408093,flow,5,400503,flow,9,0.0012824816318440728,0.013501508047927092,0.07220297988679449
87,7,408093,flow,6,405843,flow,1,3.596881755695413e-05,0.0006723725307055034,0.09255433255969288
87,7,408093,flow,6,405843,flow,2,6.860844239334199e-06,0.00015900669052534193,0.10073791876620285
87,7,408093,flow,6,405843,flow,3,0.0006677432850934864,0.007929222076975979,0.07628647921558215
87,7,408093,flow,6,405843,flow,4,4.922155535932773e-07,1.476646660779832e-05,0.11256678013897839
87,7,408093,flow,6,405843,flow,7,0.00028096036121656227,0.0038728184602515934,0.08142126699984907
87,7,408093,flow,6,405843,flow,11,0.00010722430346678103,0.0017219665092062975,0.08681237392077422
87,7,408093,flow,7,408093,flow,1,1.0136333983419264e-16,8.88214255747895e-15,0.1847811257542277
87,7,408093,flow,7,408093,flow,2,4.4725307036478694e-23,5.890650195048413e-21,0.21936223161732113
87,7,408093,flow,7,408093,flow,3,1.7980283169561594e-25,2.7350289891727496e-23,0.23097083732572507
87,7,408093,flow,7,408093,flow,4,2.4093055836494967e-12,1.4496100447584717e-10,0.1563954607637217
87,7,408093,flow,7,408093,flow,5,2.6479346012589145e-09,1.1462001480399309e-07,0.1330498980195522
87,7,408093,flow,7,408093,flow,6,5.622514264603267e-08,1.9667418318288353e-06,0.12147981991340216
87,7,408093,flow,7,408093,flow,7,2.461146283605876e-08,9.102869816076527e-07,0.12471156987687125
87,7,408093,flow,7,408093,flow,8,5.261196545145965e-09,2.1896309320838699e-07,0.130537732128994
87,7,408093,flow,7,408093,flow,9,0.00017853276279055649,0.0026494728109076058,0.08399802554261952
87,7,408093,flow,7,408093,flow,11,0.00011606457102919748,0.0018399961352151676,0.08638053930768241
87,7,408093,flow,7,408093,flow,12,0.0006691120909166604,0.007943292752844113,0.0762739687345661
87,7,408093,flow,8,401448,flow,9,0.001956100875683421,0.01879527531795458,0.06945040342604754
87,7,408093,flow,9,402391,flow,1,0.0022301700307705307,0.020855492980022473,0.06857598698366349
87,7,408093,flow,9,402391,flow,2,0.004316505342613077,0.03484825841915248,0.06401776215461559
87,7,408093,flow,9,402391,flow,4,2.930811905355524e-05,0.0005612193010255259,0.0936219906730151
87,7,408093,flow,9,402391,flow,5,8.337234722732622e-06,0.00018835853152478075,0.09981036169811487
87,7,408093,flow,9,402391,flow,9,0.0004096792148884955,0.005266979725015511,0.07922072458940779
87,7,408093,flow,9,402391,flow,10,0.0027934135372268856,0.02491235854834877,0.06705144825798763
87,7,408093,flow,10,400497,flow,1,0.002905932063277642,0.025698314254574032,0.06678102200718776
87,7,408093,flow,10,400497,flow,12,0.0007142702616379174,0.008373534681888204,0.0758740183261775
87,7,408093,flow,11,405841,flow,7,0.0035776231414179497,0.030092157264263127,0.0653412729831858
87,7,408093,flow,11,405841,flow,12,2.115095544938379e-05,0.0004240005918391553,0.09526359273369785
87,7,408093,flow,13,400183,flow,4,1.7537093932390378e-05,0.00035871328498071224,0.09619479688685176
87,7,408093,flow,13,400183,flow,8,0.005132220972678006,0.03983945254705931,0.06277670619934017
87,7,408093,flow,13,400183,flow,11,0.0030443726948944753,0.026569776114112018,0.0664611029874061
87,7,408093,flow,13,400183,flow,12,0.002090288133864567,0.019812751965058994,0.06900914710566365
87,7,408093,flow,14,401469,flow,2,0.0007180715031162258,0.008406690768189961,0.07584143226308014
87,7,408093,flow,14,401469,flow,9,1.5582097492845422e-05,0.0003250775048444946,0.0967779304721309
87,7,408093,flow,15,401472,flow,1,0.00043686468100089253,0.005575348366097063,0.07884038896120744
87,7,408093,flow,15,401472,flow,2,0.0004186477163455711,0.005366641348999605,0.07909271383102338
87,7,408093,flow,15,401472,flow,3,5.043579399330408e-06,0.00012064375971820244,0.10218624919537805
87,7,408093,flow,15,401472,flow,4,8.362037134028173e-06,0.00018873563437304966,0.09979616225842707
87,7,408093,flow,15,401472,flow,5,1.9748032010516273e-06,5.2210219268929195e-05,0.10648475057040517
87,7,408093,flow,15,401472,flow,6,0.0017440142036229053,0.017169875477782478,0.07020797111639111
87,7,408093,flow,15,401472,flow,7,0.00010355956119788339,0.001674136262173711,0.08700131432049067
87,7,408093,flow,15,401472,flow,8,0.0007658351865970037,0.008843646100238054,0.07544508046346692
87,7,408093,flow,15,401472,flow,9,0.0012713634002879583,0.013418739040420182,0.07225878947848327
87,7,408093,flow,15,401472,flow,10,3.551794310342926e-06,8.828395523982417e-05,0.10381350359175166
87,7,408093,flow,15,401472,flow,11,4.14106505037821e-06,0.00010124165827749782,0.10310416721156226
87,7,408093,flow,15,401472,flow,12,0.003554285321879462,0.029924990431727295,0.06538699796495101
87,7,408093,flow,17,400260,flow,8,0.00045911561418142453,0.00578750934713672,0.07854517940465437
87,7,408093,flow,18,404528,flow,11,0.004424568998380326,0.0355367339982131,0.06384172193966205
87,7,408093,flow,19,401795,flow,2,0.00035631968478937317,0.004694422196676097,0.08004122520656931
87,7,408093,flow,19,401795,flow,10,0.0007610121276602016,0.008809143599925162,0.0754840455768577
87,7,408093,occupancy,0,400593,flow,5,4.6984573740800715e-05,0.0008481962330140371,0.09119839640772484
87,7,408093,occupancy,0,400593,flow,9,0.0002619444008962031,0.003650321973779346,0.0818242942871909
87,7,408093,occupancy,1,400125,flow,1,0.0038060318812059664,0.03154632488890435,0.06490752747639064
87,7,408093,occupancy,1,400125,flow,10,0.005201123779984169,0.04018328957351274,0.06268022841055967
87,7,408093,occupancy,2,400331,flow,12,0.0006984799006040247,0.008230859712518785,0.076011127727647
87,7,408093,occupancy,3,400039,flow,3,0.005732714034347312,0.04321292030776547,0.06197241415242057
87,7,408093,occupancy,5,400503,flow,1,0.001793625131391535,0.017566369675935327,0.07002347062357839
87,7,408093,occupancy,5,400503,flow,3,0.0033798134881807677,0.02881546135571525,0.0657377533962948
87,7,408093,occupancy,5,400503,flow,4,0.0027289764440553053,0.024431234976295145,0.06721082626567697
87,7,408093,occupancy,5,400503,flow,6,7.506096583164603e-05,0.0012707445102870267,0.08873246397019109
87,7,408093,occupancy,6,405843,flow,1,0.00029001217350899935,0.003982175394836542,0.0812383206242771
87,7,408093,occupancy,6,405843,flow,2,3.649396642697152e-06,9.044976188440446e-05,0.1036885641847898
87,7,408093,occupancy,6,405843,flow,4,2.0680229092792864e-05,0.0004153351449598567,0.09537589807012142
87,7,408093,occupancy,6,405843,flow,7,1.233333429650714e-07,4.127033629814937e-06,0.1183275864430914
87,7,408093,occupancy,6,405843,flow,11,0.0009161274095964168,0.010263668074316702,0.07433241675855184
87,7,408093,occupancy,7,408093,flow,1,2.0034168126919038e-10,1.0098903886614963e-08,0.1421030629416883
87,7,408093,occupancy,7,408093,flow,4,3.315728731810019e-11,1.7904935151774103e-09,0.1480858337724383
87,7,408093,occupancy,7,408093,flow,5,6.718217569680316e-09,2.7588117776633997e-07,0.12963169081359638
87,7,408093,occupancy,7,408093,flow,6,1.874322332720465e-08,7.096470181728668e-07,0.12575932741878623
87,7,408093,occupancy,7,408093,flow,7,0.0005834014309914362,0.007064742607084092,0.07710742278245429
87,7,408093,occupancy,7,408093,flow,8,3.930887780635535e-06,9.653491484577057e-05,0.10334538395227363
87,7,408093,occupancy,7,408093,flow,11,0.0003245380139503055,0.004348648325884987,0.08058636209619882
87,7,408093,occupancy,9,402391,flow,4,0.00017832425343085328,0.00264819791963316,0.08400457387839053
87,7,408093,occupancy,9,402391,flow,5,0.0001277591858642656,0.0019989847263079583,0.08585460734908855
87,7,408093,occupancy,9,402391,flow,6,0.0001402407365418158,0.0021606276100593585,0.08534112362288061
87,7,408093,occupancy,9,402391,flow,10,0.00474394273768066,0.037513879968479685,0.06334330534020977
87,7,408093,occupancy,10,400497,flow,5,0.0018367034447891852,0.01789077538103558,0.06986702795066273
87,7,408093,occupancy,10,400497,flow,7,0.00017058902956077683,0.002550863993432177,0.08425273292961588
87,7,408093,occupancy,10,400497,flow,9,0.006936727551890949,0.049987534733326386,0.06056577872503909
87,7,408093,occupancy,10,400497,flow,12,0.0014575743330907187,0.014935296771707554,0.07137830152905299
87,7,408093,occupancy,11,405841,flow,2,2.219642070698184e-05,0.0004412726067839924,0.09502243909933718
87,7,408093,occupancy,11,405841,flow,7,0.0010635677659245962,0.011590849517644438,0.07339446881155036
87,7,408093,occupancy,11,405841,flow,9,0.0008086964305068697,0.00924224492007851,0.0751084727422623
87,7,408093,occupancy,11,405841,flow,12,0.00020015357701190777,0.0029064317737527447,0.08335520895871884
87,7,408093,occupancy,12,404520,flow,11,0.0016676892973446523,0.01657567117588715,0.07050145897517583
87,7,408093,occupancy,13,400183,flow,8,0.000149514655601262,0.002283150626360735,0.08498674719918957
87,7,408093,occupancy,14,401469,flow,2,3.766169595303719e-05,0.0006994777580271739,0.09234150105630409
87,7,408093,occupancy,14,401469,flow,9,6.728629582302073e-06,0.00015610998816082149,0.10083008645153733
87,7,408093,occupancy,15,401472,flow,1,1.0147415244820006e-06,2.8595455875813715e-05,0.10943983831262834
87,7,408093,occupancy,15,401472,flow,2,3.879296802902427e-06,9.559932794374492e-05,0.10340648112544881
87,7,408093,occupancy,15,401472,flow,3,1.1598743863318918e-06,3.232682160615337e-05,0.10885268196943751
87,7,408093,occupancy,15,401472,flow,4,1.2357756791513031e-05,0.00026467778551976344,0.09791232324557095
87,7,408093,occupancy,15,401472,flow,5,7.92576856161525e-10,3.6935620481313785e-08,0.13735373923889752
87,7,408093,occupancy,15,401472,flow,6,4.954576956758515e-05,0.0008881233383069204,0.09092210459857203
87,7,408093,occupancy,15,401472,flow,7,4.453197741401117e-05,0.0008103544331446008,0.09147668843505802
87,7,408093,occupancy,15,401472,flow,8,2.641731511590083e-05,0.0005133729253292469,0.09414750418733465
87,7,408093,occupancy,15,401472,flow,9,6.801054800621337e-05,0.0011677486780081153,0.08925685935824187
87,7,408093,occupancy,15,401472,flow,10,0.00034036661808740785,0.0045117637009438535,0.08030891109188519
87,7,408093,occupancy,15,401472,flow,11,4.837132087470868e-05,0.000868512494508485,0.09104707755490368
87,7,408093,occupancy,15,401472,flow,12,0.003912427869981296,0.03225993890428102,0.06471350128738317
87,7,408093,occupancy,16,405838,flow,1,0.00027975855366554783,0.0038575070278811575,0.08144597053986002
87,7,408093,occupancy,16,405838,flow,7,0.005006843612150837,0.03912021053443953,0.06295530057552502
87,7,408093,occupancy,17,400260,flow,1,0.001542936978681281,0.01564301278550372,0.07100886822451836
87,7,408093,occupancy,17,400260,flow,8,3.275024718148441e-06,8.206558458469411e-05,0.10418655738729622
87,7,408093,occupancy,17,400260,flow,9,0.00017408662256697505,0.0025977692901185917,0.08413924169116355
87,7,408093,occupancy,17,400260,flow,11,0.0018792085599422554,0.01820628163029949,0.06971593465096572
87,7,408093,occupancy,18,404528,flow,8,0.0011628963050254535,0.012477661890844286,0.07282822313188975
87,7,408093,occupancy,19,401795,flow,3,0.0005239398574691406,0.006476166478588519,0.07775548290752297
87,7,408093,occupancy,19,401795,flow,10,0.0007790835627929173,0.008965479465278111,0.07533920785638319
87,8,401448,flow,4,400316,flow,12,0.0032032944152556217,0.02763225214437757,0.06610980798624905
87,8,401448,flow,5,400503,flow,1,0.0011560167003031908,0.012422866033108916,0.07286597311617374
87,8,401448,flow,6,405843,flow,6,0.00572402105991842,0.043162455889068904,0.06198350392569943
87,8,401448,flow,8,401448,flow,1,3.9901439022897436e-147,2.5727495011778643e-144,0.5341279683528708
87,8,401448,flow,8,401448,flow,2,4.264051701721527e-10,2.053590117217056e-08,0.1394447843441841
87,8,401448,flow,8,401448,flow,3,4.5830723741563734e-07,1.382602839130973e-05,0.11284252563512295
87,8,401448,flow,8,401448,flow,5,0.0022303791103635145,0.020855492980022473,0.06857535838764384
87,8,401448,flow,9,402391,flow,1,0.005539650504721369,0.042088093880401536,0.0622223575154073
87,8,401448,flow,9,402391,flow,2,0.00020882714023875398,0.0030111256536429144,0.08311551406118632
87,8,401448,flow,10,400497,flow,6,0.0058061129251180685,0.043621578846104445,0.061879377370408065
87,8,401448,flow,10,400497,flow,11,9.117435822436111e-07,2.589567570869428e-05,0.10990779393785483
87,8,401448,flow,10,400497,flow,12,0.0017109382193452353,0.016921367004513316,0.07033367726208377
87,8,401448,flow,11,405841,flow,7,0.001959866084385213,0.018827265920711853,0.06943764851303676
87,8,401448,flow,12,404520,flow,12,0.0024506375877960456,0.022462877953063693,0.06794134631169123
87,8,401448,flow,13,400183,flow,1,0.004104020891881161,0.03352121431825792,0.0643758771438134
87,8,401448,flow,16,405838,flow,3,0.0025016538033671896,0.022799777122914738,0.06780195825197048
87,8,401448,flow,16,405838,flow,11,0.005898964251062108,0.04412731699495811,0.06176318992589061
87,8,401448,flow,17,400260,flow,1,0.0032025867743114083,0.027631665398492676,0.06611133670334163
87,8,401448,flow,18,404528,flow,7,0.006912351625608627,0.04985303208971609,0.06059199920906136
87,8,401448,occupancy,5,400503,flow,1,0.0019876939467595943,0.018997428871684617,0.06934407058519075
87,8,401448,occupancy,9,402391,flow,12,0.005478388880797685,0.04178432197218573,0.06230331050895206
87,8,401448,occupancy,10,400497,flow,11,0.001979364836594875,0.018940466532348335,0.06937195256640762
87,8,401448,speed,14,401469,flow,10,0.0027424953252626373,0.024518997941089804,-0.06717710616459299
87,8,401448,speed,15,401472,flow,2,0.003946498835706537,0.032486423342706246,-0.0646523805407431
87,8,401448,speed,15,401472,flow,4,0.002662705765793074,0.024024412924448787,-0.06737836407029525
87,8,401448,speed,15,401472,flow,5,0.00014206926617625845,0.0021864596718255665,-0.0852695402844534
87,8,401448,speed,15,401472,flow,6,0.005826463453400557,0.043713654252675246,-0.06185376970284774
87,8,401448,speed,15,401472,flow,7,0.0006908944035209804,0.008154819189100096,-0.0760780199431629
87,8,401448,speed,15,401472,flow,10,0.0029571750969205855,0.026028925058469703,-0.06666101734616074
87,8,401448,speed,15,401472,flow,11,0.002363765417227847,0.021852057783916756,-0.06818492584623119
87,9,402391,flow,0,400593,flow,2,0.0012076135630546255,0.012852649895038142,0.07258776006384146
87,9,402391,flow,0,400593,flow,10,0.0032006480800898336,0.02762597343853762,0.06611552644172139
87,9,402391,flow,0,400593,flow,12,0.005988997452651772,0.04462309243783314,0.06165209119754354
87,9,402391,flow,1,400125,flow,1,0.0005968399971618235,0.007196061366840853,0.07696950920930465
87,9,402391,flow,1,400125,flow,10,0.0004730378631386754,0.0059422028751354395,0.07836718253676436
87,9,402391,flow,1,400125,flow,11,0.004786249515244668,0.03777927627600396,0.06327957422190786
87,9,402391,flow,1,400125,flow,12,6.407357703430954e-06,0.00014976857938300383,0.10106146871638916
87,9,402391,flow,2,400331,flow,4,0.001616294724536772,0.01624190093044628,0.07070612282179166
87,9,402391,flow,2,400331,flow,12,6.700685548543571e-05,0.001154185070562529,0.08933565761652837
87,9,402391,flow,3,400039,flow,1,3.0019102651796966e-05,0.0005730557819521118,0.09350030360047919
87,9,402391,flow,3,400039,flow,2,0.00033437060117828913,0.0044428603566971136,0.08041256402705449
87,9,402391,flow,3,400039,flow,11,5.055828877078656e-05,0.0009047713649121703,0.09081659475818672
87,9,402391,flow,3,400039,flow,12,0.004551421368915204,0.03630380412428671,0.06363997512564243
87,9,402391,flow,4,400316,flow,10,6.120075613807641e-05,0.0010682313798646063,0.08981464321354349
87,9,402391,flow,4,400316,flow,11,2.852523598177441e-05,0.0005481622215442747,0.09375927050552413
87,9,402391,flow,5,400503,flow,2,8.741116969292113e-08,3.0088944468001536e-06,0.11971899309208991
87,9,402391,flow,5,400503,flow,3,2.776428652478948e-07,8.64133413451661e-06,0.1149837536210701
87,9,402391,flow,5,400503,flow,4,7.833701734807235e-05,0.0013193602921780607,0.08850446730027137
87,9,402391,flow,5,400503,flow,7,0.0003382913838558432,0.004488386911109468,0.08034459104221885
87,9,402391,flow,5,400503,flow,9,4.2316068599952464e-07,1.2828450270301379e-05,0.11320968707312445
87,9,402391,flow,5,400503,flow,10,2.160836435214853e-05,0.00043097014774368255,0.09515671961621804
87,9,402391,flow,5,400503,flow,11,0.000624051702346372,0.007482385107233769,0.07669887644780209
87,9,402391,flow,6,405843,flow,1,1.594282747627126e-05,0.00033112026296871084,0.09666527347415944
87,9,402391,flow,6,405843,flow,11,0.0005361440978414591,0.006581820126953974,0.07761707430417787
87,9,402391,flow,6,405843,flow,12,0.0002234952668492022,0.003189625215687326,0.08273064989369197
87,9,402391,flow,7,408093,flow,1,2.137728537788882e-09,9.413850441639113e-08,0.13382354888211145
87,9,402391,flow,7,408093,flow,2,0.00026621035276093165,0.003699010949501908,0.08173155066718
87,9,402391,flow,7,408093,flow,5,0.0030400169432821607,0.026552513536148268,0.06647096462579126
87,9,402391,flow,7,408093,flow,8,0.0016808158114080857,0.016688403367692322,0.07045011672911836
87,9,402391,flow,7,408093,flow,10,0.002652051182207687,0.023953295227131945,0.06740565437054119
87,9,402391,flow,8,401448,flow,4,0.00020377848181345396,0.0029521228753659327,0.08325387085972516
87,9,402391,flow,8,401448,flow,9,0.005486456641373152,0.04182370335403568,0.06229260298147527
87,9,402391,flow,8,401448,flow,10,0.0002900904159155231,0.003982175394836542,0.08123676269518902
87,9,402391,flow,9,402391,flow,1,2.5232724291672876e-113,1.267504290000312e-110,0.476592276896824
87,9,402391,flow,9,402391,flow,2,9.85018808576847e-21,1.1594771806681142e-18,0.20727726602218727
87,9,402391,flow,9,402391,flow,3,1.2466318801167132e-08,4.895863383731092e-07,0.12728043986208498
87,9,402391,flow,9,402391,flow,6,0.002878640348984882,0.02549872115565858,0.06684572561013614
87,9,402391,flow,9,402391,flow,10,0.0024048139942546036,0.022136791935179815,0.06806882769287732
87,9,402391,flow,9,402391,flow,11,0.0010162534352508566,0.011173873352720033,0.0736816013290917
87,9,402391,flow,10,400497,flow,4,0.0008235855617663334,0.009377674293174907,0.07499540558068779
87,9,402391,flow,10,400497,flow,5,0.0005296841120694723,0.006521300108593561,0.07768996734283048
87,9,402391,flow,10,400497,flow,7,0.0030419447363068514,0.026563980717294516,-0.06646659841903622
87,9,402391,flow,10,400497,flow,10,9.409626982870252e-09,3.760368970027705e-07,0.1283727407954374
87,9,402391,flow,10,400497,flow,11,8.162723343306049e-18,7.888806452591081e-16,0.19125442712041646
87,9,402391,flow,10,400497,flow,12,0.00020758993789600182,0.002999292748196414,0.08314912639279677
87,9,402391,flow,11,405841,flow,5,0.00247763013786138,0.022633457804104806,0.06786726947157448
87,9,402391,flow,11,405841,flow,9,0.0038498034551978427,0.03182995392622905,0.06482711574796499
87,9,402391,flow,11,405841,flow,12,0.0043217150702334365,0.03487076784349728,0.0640091841795124
87,9,402391,flow,12,404520,flow,10,1.4606265084179807e-08,5.623802599256396e-07,0.12671119722058505
87,9,402391,flow,12,404520,flow,11,2.2120268098333444e-06,5.795000496349332e-05,0.10597347996596256
87,9,402391,flow,13,400183,flow,6,0.0017133871748372155,0.01694170884709721,0.07032429372507844
87,9,402391,flow,14,401469,flow,4,0.0002976080202842953,0.004063421768736269,0.08108887973285084
87,9,402391,flow,16,405838,flow,1,0.004365635469803239,0.035146375753913515,0.06393723798418355
87,9,402391,flow,16,405838,flow,2,0.00010965178936208684,0.0017544286297933895,0.08669054592720997
87,9,402391,flow,17,400260,flow,10,0.005028079646860721,0.039264830214096734,0.06292476865796416
87,9,402391,flow,17,400260,flow,11,0.006205065513060012,0.04590048461715625,0.06139148220826411
87,9,402391,flow,17,400260,flow,12,2.032369001335905e-07,6.513230033954829e-06,0.11628027373855312
87,9,402391,flow,18,404528,flow,1,4.3973819102528043e-07,1.330300409824378e-05,0.11304658627320498
87,9,402391,flow,19,401795,flow,3,0.0011661736663360893,0.01250402144098264,0.07281031196367042
87,9,402391,flow,19,401795,flow,6,0.006265117018737977,0.04621018528418655,0.06132050216643792
87,9,402391,flow,19,401795,flow,12,3.787478435709795e-05,0.000702831049925529,0.09231250382318885
87,9,402391,occupancy,0,400593,flow,2,0.0019167946708739218,0.018475129357820932,0.06958491796835742
87,9,402391,occupancy,4,400316,flow,10,0.004354695424971067,0.03508445400200486,0.06395509738641601
87,9,402391,occupancy,4,400316,flow,11,0.00514724981552102,0.039894050426210755,0.06275556348944192
87,9,402391,occupancy,7,408093,flow,2,0.0003821279515953019,0.004969273783539146,0.07963101445870954
87,9,402391,occupancy,7,408093,flow,3,0.006830673932053583,0.0494362730549028,0.06068046676843371
87,9,402391,occupancy,10,400497,flow,11,3.808217289635386e-05,0.000706072905202784,0.09228443044876807
87,9,402391,occupancy,12,404520,flow,10,0.000519608614564057,0.0064281478090398815,0.07780532632624776
87,9,402391,occupancy,12,404520,flow,11,0.0004364294275887141,0.005574734261334255,0.07884630228971248
87,9,402391,occupancy,14,401469,flow,12,0.0016195228201391471,0.016249715027724824,0.07069309295387301
87,9,402391,speed,4,400316,flow,2,0.003442010509475258,0.029217989908548632,-0.06561086342829683
87,9,402391,speed,6,405843,flow,6,0.005575322195178168,0.04230849170954179,-0.06217559098992264
87,9,402391,speed,12,404520,flow,11,0.006897899824020671,0.04978242420427669,-0.06060758381505703
87,9,402391,speed,15,401472,flow,1,5.480775330915205e-06,0.0001303796774755159,-0.10179688748247691
87,9,402391,speed,15,401472,flow,2,2.2462391574733727e-06,5.8703890866817724e-05,-0.10590412692021149
87,9,402391,speed,15,401472,flow,3,3.990123581764369e-07,1.2138967516353573e-05,-0.11345864960346219
87,9,402391,speed,15,401472,flow,4,3.9574864713421565e-07,1.204816177321925e-05,-0.11349340653901747
87,9,402391,speed,15,401472,flow,5,3.842229248999749e-06,9.479400545790358e-05,-0.10345086113158398
87,9,402391,speed,15,401472,flow,6,2.2698196262423155e-05,0.0004493868370928874,-0.09491050934960568
87,9,402391,speed,15,401472,flow,7,9.103718943002805e-05,0.0015027919691926678,-0.08769827932325765
87,9,402391,speed,15,401472,flow,8,0.00023468525738276256,0.0033253989012345117,-0.08245266357789692
87,9,402391,speed,15,401472,flow,9,5.522118292307556e-06,0.00013116972025379174,-0.10176162025094684
87,9,402391,speed,15,401472,flow,10,0.0004582880926607491,0.0057821394868412266,-0.07855591710696576
87,9,402391,speed,15,401472,flow,11,4.144247982228286e-05,0.000763135178313137,-0.09184869680937488
87,9,402391,speed,15,401472,flow,12,1.4204538036521072e-05,0.0002990429060320226,-0.09723231591935402
87,9,402391,speed,18,404528,flow,3,0.003060499813611764,0.02667748021550206,-0.06642470198224229
87,10,400497,flow,0,400593,flow,8,0.00654401342756116,0.04782632043150771,0.060998664397648054
87,10,400497,flow,0,400593,flow,12,0.0012298869410306372,0.013051121555520396,0.07247103829817002
87,10,400497,flow,1,400125,flow,1,4.593450703382133e-09,1.9293456248613495e-07,0.13103810990971557
87,10,400497,flow,1,400125,flow,2,1.911114760123706e-09,8.476402221493234e-08,0.13422683381762252
87,10,400497,flow,1,400125,flow,12,0.00022814200295421903,0.0032495003388138023,0.08261366340025882
87,10,400497,flow,2,400331,flow,1,0.0007753143009872432,0.00892685975550344,0.07536915836128615
87,10,400497,flow,2,400331,flow,2,4.317067679760467e-05,0.0007892472433241899,0.09163748812852175
87,10,400497,flow,3,400039,flow,1,1.503916501035901e-28,2.641024099380119e-26,0.2450651080001744
87,10,400497,flow,3,400039,flow,2,1.4693450659009708e-10,7.5208183467917e-09,0.1431520840436162
87,10,400497,flow,3,400039,flow,3,0.004934192182815782,0.03868549950955386,0.06306064697166028
87,10,400497,flow,3,400039,flow,6,3.679992187228932e-05,0.0006858311582756248,0.0924603817965544
87,10,400497,flow,3,400039,flow,7,1.5570314997893198e-06,4.22033100689459e-05,0.10754851196414712
87,10,400497,flow,3,400039,flow,11,0.004264276718432816,0.03454280034432733,0.06410428048972577
87,10,400497,flow,3,400039,flow,12,3.578424587370591e-08,1.29038349060442e-06,0.12325761459427158
87,10,400497,flow,4,400316,flow,1,9.537491937498262e-17,8.391438934825354e-15,0.18498502496361488
87,10,400497,flow,4,400316,flow,3,0.0004058807576516686,0.005229361386982429,-0.07927573151644562
87,10,400497,flow,4,400316,flow,4,7.4577387973091185e-06,0.00017091475652188535,-0.10034189014812328
87,10,400497,flow,4,400316,flow,6,2.4030174185944067e-07,7.582932979056127e-06,0.11558578826845096
87,10,400497,flow,4,400316,flow,7,0.0019850246413555734,0.018976115181801454,0.06935299448934111
87,10,400497,flow,4,400316,flow,11,0.0002913723786845002,0.003993428540345941,0.08121129266697744
87,10,400497,flow,4,400316,flow,12,1.7511499488780751e-23,2.4015770727470745e-21,0.22143656732019948
87,10,400497,flow,5,400503,flow,1,7.684805029253473e-12,4.3855162122027745e-10,0.15277559725185308
87,10,400497,flow,5,400503,flow,2,4.442619459869023e-06,0.0001076998656937945,0.10277780423744741
87,10,400497,flow,5,400503,flow,6,0.001978389666851092,0.018937831510739456,0.06937522401448584
87,10,400497,flow,5,400503,flow,7,7.652606378812725e-07,2.202482315554362e-05,0.11066947131396522
87,10,400497,flow,5,400503,flow,8,0.0018102561158915918,0.017697004798940204,0.0699626689810087
87,10,400497,flow,5,400503,flow,12,2.165472900878366e-11,1.181167036842745e-09,0.14946773130878063
87,10,400497,flow,6,405843,flow,1,4.230705593055518e-22,5.297579177391257e-20,0.21449086245846494
87,10,400497,flow,6,405843,flow,2,1.579774679189722e-08,6.018189254056083e-07,0.1264126418007775
87,10,400497,flow,6,405843,flow,6,4.483093075899442e-05,0.0008144222913324471,0.09144200001337706
87,10,400497,flow,6,405843,flow,7,1.3030206853983844e-06,3.587666896699185e-05,0.10833906371537463
87,10,400497,flow,6,405843,flow,8,0.00012932911025545832,0.002015518601383766,0.08578748738543356
87,10,400497,flow,6,405843,flow,10,0.0058024395692748846,0.0436138702217829,-0.061884008274938715
87,10,400497,flow,6,405843,flow,12,1.3805076583639979e-14,1.0354822667979507e-12,0.17156721268744876
87,10,400497,flow,7,408093,flow,6,0.004185785917664619,0.03402181592532672,0.06423612628041243
87,10,400497,flow,8,401448,flow,1,1.8554702697358433e-05,0.0003768515075345013,0.09591535190929702
87,10,400497,flow,8,401448,flow,2,0.006671501860468063,0.048536355737996015,0.06085563497027799
87,10,400497,flow,8,401448,flow,7,0.00024399750893120567,0.0034456603367008258,0.08223064297611106
87,10,400497,flow,8,401448,flow,12,3.5808217696526187e-06,8.895428432949577e-05,0.10377600571225244
87,10,400497,flow,9,402391,flow,1,2.5743766958374654e-17,2.397544608187161e-15,0.18835223001592508
87,10,400497,flow,9,402391,flow,2,2.7370892341321906e-17,2.5428441917099063e-15,0.1881960567129073
87,10,400497,flow,9,402391,flow,3,0.0011887727498951098,0.012699056081965565,0.07268805567205085
87,10,400497,flow,9,402391,flow,7,0.00048870066537824,0.006119382244736223,0.07817267820359078
87,10,400497,flow,9,402391,flow,8,2.1829540333489548e-07,6.954543823058617e-06,0.11598444829940041
87,10,400497,flow,9,402391,flow,12,1.4852912198975752e-09,6.704762873518835e-08,0.13512969149178597
87,10,400497,flow,10,400497,flow,1,0.0,0.0,0.8694468523143143
87,10,400497,flow,10,400497,flow,2,9.351655713007715e-12,5.322681512541941e-10,-0.15211645565898194
87,10,400497,flow,10,400497,flow,3,9.486641274113457e-06,0.00021045623641383616,-0.09919122729552086
87,10,400497,flow,10,400497,flow,4,1.884017507837551e-05,0.0003822900720459474,0.09583957839007488
87,10,400497,flow,10,400497,flow,5,1.8522158000451007e-27,3.0424229111006977e-25,0.24019474761217402
87,10,400497,flow,10,400497,flow,6,2.2787614292579164e-62,7.292036573625333e-60,0.36150273581902287
87,10,400497,flow,10,400497,flow,7,1.3739813799970105e-16,1.1847504114944281e-14,0.1840349212809999
87,10,400497,flow,10,400497,flow,8,1.5659089818100636e-11,8.65603837111582e-10,-0.15051067538510574
87,10,400497,flow,10,400497,flow,9,7.806233557991612e-22,9.526251121616883e-20,-0.2130744280933054
87,10,400497,flow,10,400497,flow,10,0.00015694552645824272,0.0023764622302825398,-0.0846961480701386
87,10,400497,flow,10,400497,flow,11,1.296790476561649e-29,2.3737859570959e-27,0.24965632968692067
87,10,400497,flow,10,400497,flow,12,0.0008637123740080032,0.009762526048442109,0.07469986344460416
87,10,400497,flow,11,405841,flow,1,0.0004819943994969564,0.006044167796304359,0.07825523640265876
87,10,400497,flow,11,405841,flow,4,0.0002659700592176694,0.00369688113198305,-0.08173673762189035
87,10,400497,flow,11,405841,flow,6,0.0002510237622581089,0.003527724960816625,0.0820683216872724
87,10,400497,flow,11,405841,flow,7,1.5619878553790264e-08,5.960943052329853e-07,0.12645579413637628
87,10,400497,flow,11,405841,flow,11,0.002696676792256268,0.024228184370564725,0.06729201278433257
87,10,400497,flow,11,405841,flow,12,9.746676837758438e-05,0.0015937034042057703,0.08732985806565273
87,10,400497,flow,12,404520,flow,1,3.120765789048447e-19,3.3620219971793744e-17,0.19925960991484495
87,10,400497,flow,12,404520,flow,3,1.1681332166836137e-14,8.847951781068203e-13,-0.17203531159285196
87,10,400497,flow,12,404520,flow,4,1.7121272658249284e-10,8.660877972322823e-09,-0.14263563642919602
87,10,400497,flow,12,404520,flow,6,5.765406803939039e-16,4.762248067498403e-14,0.18025193912920046
87,10,400497,flow,12,404520,flow,7,2.088108264099565e-08,7.823614658204789e-07,0.1253448656229027
87,10,400497,flow,12,404520,flow,11,3.3518142240880536e-09,1.4251808511870462e-07,0.13219269849304308
87,10,400497,flow,12,404520,flow,12,1.5781677572427588e-28,2.760196239388145e-26,0.24497264133358038
87,10,400497,flow,13,400183,flow,5,0.0023433528838410615,0.021705155356332304,0.06824334716250725
87,10,400497,flow,14,401469,flow,1,0.00045291600485843954,0.00574118879398022,0.0786260667492394
87,10,400497,flow,14,401469,flow,2,5.726989893771679e-05,0.0010094082554505774,0.09016398487815723
87,10,400497,flow,14,401469,flow,8,5.54307408147963e-05,0.0009805929579030303,0.0903352987311922
87,10,400497,flow,15,401472,flow,1,8.668346318672822e-17,7.642297162585019e-15,0.18523286539180078
87,10,400497,flow,15,401472,flow,2,1.4942474806790388e-19,1.6467217134013898e-17,0.20101926068193712
87,10,400497,flow,15,401472,flow,3,1.1415957791022765e-08,4.499720589162258e-07,0.12764501296276987
87,10,400497,flow,15,401472,flow,4,0.0003134144429482673,0.004229773175684207,0.08078901824885398
87,10,400497,flow,15,401472,flow,6,0.0002995528026694224,0.004086100750021802,0.081051192242636
87,10,400497,flow,15,401472,flow,7,1.7399506184358142e-06,4.668687373691129e-05,0.10705264735540367
87,10,400497,flow,15,401472,flow,8,3.016686572761704e-07,9.375601434770187e-06,0.11463645593796222
87,10,400497,flow,15,401472,flow,9,0.0015307444748413257,0.015563229304105735,0.0710604656011007
87,10,400497,flow,15,401472,flow,12,1.4499129992653681e-06,3.9543081798146406e-05,0.10786556817748831
87,10,400497,flow,16,405838,flow,1,8.830647988421134e-11,4.590661770153946e-09,0.14485843930206074
87,10,400497,flow,16,405838,flow,2,6.0156347385951805e-06,0.00014224160958254613,0.10135908858129108
87,10,400497,flow,16,405838,flow,4,0.0026223708701151012,0.023719400910485258,-0.06748220798103215
87,10,400497,flow,16,405838,flow,7,1.6872457284900907e-06,4.532898972062931e-05,0.10719018141387258
87,10,400497,flow,16,405838,flow,10,1.9332992727016174e-06,5.120694578829545e-05,-0.10658022284804851
87,10,400497,flow,16,405838,flow,11,2.682312572508415e-08,9.836664102917106e-07,-0.1243787656699868
87,10,400497,flow,17,400260,flow,1,1.6404688456999278e-32,3.327148081419572e-30,0.26191687055981533
87,10,400497,flow,17,400260,flow,2,4.512978497959437e-15,3.5128048848981563e-13,0.1746757276182615
87,10,400497,flow,17,400260,flow,3,8.77309824917022e-06,0.00019657564541709208,0.09956650799001177
87,10,400497,flow,17,400260,flow,6,0.0006914539950096506,0.008159194915164411,0.07607306197711308
87,10,400497,flow,17,400260,flow,7,4.772467897146957e-07,1.4347293887038869e-05,0.11269841201447266
87,10,400497,flow,17,400260,flow,10,1.2348374540255709e-05,0.00026460802586262237,-0.09791601936541137
87,10,400497,flow,17,400260,flow,12,2.354020144652959e-08,8.744081706707466e-07,0.1248833433214597
87,10,400497,flow,18,404528,flow,1,4.881759836302131e-18,4.848092527086254e-16,0.19253846527738902
87,10,400497,flow,18,404528,flow,2,0.00030884194724427837,0.004189002235777967,0.08087428045779496
87,10,400497,flow,18,404528,flow,7,0.0002562471555909293,0.0035870468612467614,0.08195038671941625
87,10,400497,flow,19,401795,flow,1,9.845702904532029e-18,9.446651150909163e-16,0.19078394150463326
87,10,400497,flow,19,401795,flow,2,1.825478983167887e-06,4.883014989031128e-05,0.10683775304106288
87,10,400497,flow,19,401795,flow,7,0.0004581290130917728,0.0057821394868412266,0.07855798335323537
87,10,400497,flow,19,401795,flow,10,1.7376234234642547e-05,0.00035609739987502756,-0.09624037793736878
87,10,400497,occupancy,1,400125,flow,1,7.491605652434788e-06,0.0001714180954370672,0.10032033860162515
87,10,400497,occupancy,1,400125,flow,2,3.472367205971276e-05,0.0006510688511196142,0.092758013988155
87,10,400497,occupancy,1,400125,flow,12,0.005059027601104816,0.0394494571060881,0.0628804814646496
87,10,400497,occupancy,2,400331,flow,1,0.003044847738924012,0.026569776114112018,0.06646002824190293
87,10,400497,occupancy,2,400331,flow,2,3.5994809141154084e-05,0.000672567368035405,0.09257385710113919
87,10,400497,occupancy,3,400039,flow,1,2.681025720376421e-22,3.406479738831218e-20,0.21550058135244618
87,10,400497,occupancy,3,400039,flow,2,2.6985545907510122e-08,9.88783361496554e-07,0.12435538525510442
87,10,400497,occupancy,3,400039,flow,4,0.004892529681506775,0.03843052414090483,-0.06312169278254157
87,10,400497,occupancy,3,400039,flow,7,6.04391963105314e-05,0.0010570742026781198,0.08988063299398037
87,10,400497,occupancy,3,400039,flow,10,0.0015423715815308856,0.01564301278550372,-0.07101125261445575
87,10,400497,occupancy,3,400039,flow,12,2.532514823842185e-07,7.974099153788804e-06,0.11536736686718956
87,10,400497,occupancy,4,400316,flow,1,8.407251040813168e-19,8.772783694761566e-17,0.1968654345164169
87,10,400497,occupancy,4,400316,flow,3,8.452243652019018e-07,2.4181253362067652e-05,-0.1102378693616208
87,10,400497,occupancy,4,400316,flow,4,3.62063201890256e-08,1.3045146223235245e-06,-0.12321179503561618
87,10,400497,occupancy,4,400316,flow,6,4.631892196572313e-05,0.000837579501431243,0.09127254014477615
87,10,400497,occupancy,4,400316,flow,7,7.795444937544327e-06,0.0001772438006852184,0.10013104717051556
87,10,400497,occupancy,4,400316,flow,11,4.405427276499826e-05,0.0008019994030543299,0.0915325786666353
87,10,400497,occupancy,4,400316,flow,12,5.448604165907785e-22,6.705974358040352e-20,0.21392866350029718
87,10,400497,occupancy,5,400503,flow,1,6.0189082294126e-16,4.9432858462095874e-14,0.18013715922363907
87,10,400497,occupancy,5,400503,flow,2,8.571466640783336e-06,0.00019275760483177518,0.09967784225375263
87,10,400497,occupancy,5,400503,flow,6,0.0002971383113653772,0.0040621440034760425,0.08109801666529635
87,10,400497,occupancy,5,400503,flow,7,6.904164208930455e-07,2.0057827426079064e-05,0.11111473989074208
87,10,400497,occupancy,5,400503,flow,12,1.159483555509702e-09,5.283722531436617e-08,0.1360108796520608
87,10,400497,occupancy,6,405843,flow,1,2.648889883360609e-21,3.1964257810385e-19,0.2103779426217995
87,10,400497,occupancy,6,405843,flow,2,2.2938041153035442e-10,1.1469020576517722e-08,0.1416426481958024
87,10,400497,occupancy,6,405843,flow,4,5.7199858922954834e-05,0.0010089971030917309,-0.09017041296443687
87,10,400497,occupancy,6,405843,flow,6,6.343965294380032e-05,0.0011006397619165356,0.08962504556442495
87,10,400497,occupancy,6,405843,flow,7,5.044884196493143e-08,1.7776427185032937e-06,0.12190862568349274
87,10,400497,occupancy,6,405843,flow,8,2.6380286910421668e-05,0.0005128840659451918,0.09415458375686837
87,10,400497,occupancy,6,405843,flow,9,0.0037269723033050072,0.031058102527541726,-0.0650549181362625
87,10,400497,occupancy,6,405843,flow,10,1.564275811323296e-06,4.234130015611929e-05,-0.10752783328793025
87,10,400497,occupancy,6,405843,flow,12,4.422798417281535e-12,2.595990375360901e-10,0.1545104552849755
87,10,400497,occupancy,8,401448,flow,1,1.9816582010090154e-07,6.364879872385833e-06,0.11638467900204261
87,10,400497,occupancy,8,401448,flow,6,0.004782135824093875,0.03775370387442532,0.06328574869652906
87,10,400497,occupancy,8,401448,flow,7,0.00250235776149899,0.022799777122914738,0.06780005311748068
87,10,400497,occupancy,8,401448,flow,12,2.7278771447756176e-05,0.0005267961227282372,0.09398540599174647
87,10,400497,occupancy,9,402391,flow,1,1.7688962162183076e-12,1.0793265048111707e-10,0.15734553445323998
87,10,400497,occupancy,9,402391,flow,2,2.338499375743548e-13,1.5237281000319952e-11,0.16342875686399627
87,10,400497,occupancy,9,402391,flow,3,0.005904858938848547,0.0441558138318109,0.061755869472698205
87,10,400497,occupancy,9,402391,flow,7,0.004318081512867285,0.03485446961058795,0.06401516595314947
87,10,400497,occupancy,9,402391,flow,8,0.00018092358493479208,0.0026789242950957344,0.08392344989033561
87,10,400497,occupancy,9,402391,flow,12,0.006867100290217728,0.04962382100108277,0.06064089560924888
87,10,400497,occupancy,10,400497,flow,1,2.2754039316689877e-62,7.292036573625333e-60,0.3615045170376352
87,10,400497,occupancy,10,400497,flow,3,1.381403096626811e-26,2.2020890691615588e-24,-0.236217183506175
87,10,400497,occupancy,10,400497,flow,4,0.00025632439029325816,0.0035870468612467614,-0.08194865985595805
87,10,400497,occupancy,10,400497,flow,5,1.0436781636003836e-27,1.7475541344006422e-25,0.24131701892495175
87,10,400497,occupancy,10,400497,flow,6,4.2786507063953894e-91,1.777285678041162e-88,0.4319877871009602
87,10,400497,occupancy,10,400497,flow,7,1.4311887687420152e-28,2.5235655024349004e-26,0.24516017338546606
87,10,400497,occupancy,10,400497,flow,8,5.793911421898654e-21,6.857451326740325e-19,-0.2085966014130721
87,10,400497,occupancy,10,400497,flow,9,1.2345374148528536e-53,3.4631179429638487e-51,-0.33607418945721845
87,10,400497,occupancy,10,400497,flow,10,3.7628596138200034e-25,5.605363286793937e-23,-0.229510126030969
87,10,400497,occupancy,10,400497,flow,11,1.1653333594448367e-29,2.1422298352347637e-27,0.2499179480032946
87,10,400497,occupancy,10,400497,flow,12,1.745748857918194e-168,1.300281907966655e-165,0.5658344146815757
87,10,400497,occupancy,11,405841,flow,1,9.059396458394226e-07,2.574775835543622e-05,0.10993565500230547
87,10,400497,occupancy,11,405841,flow,3,8.158949352844652e-06,0.0001849247702218725,-0.09991363403286067
87,10,400497,occupancy,11,405841,flow,4,0.0003325766086905391,0.004424279066040081,-0.0804439145762616
87,10,400497,occupancy,11,405841,flow,6,2.0413570825587874e-05,0.0004105522624140578,0.09544060098381976
87,10,400497,occupancy,11,405841,flow,7,1.4963539429831252e-09,6.74765034831639e-08,0.1351031984135885
87,10,400497,occupancy,11,405841,flow,12,9.573392623327892e-06,0.0002121962859557542,0.09914745253274036
87,10,400497,occupancy,12,404520,flow,1,7.57370579340901e-24,1.0588481885931042e-21,0.22322580442021706
87,10,400497,occupancy,12,404520,flow,3,6.7405362425101815e-22,8.272476297626131e-20,-0.21345458851319718
87,10,400497,occupancy,12,404520,flow,4,2.3108721141011863e-16,1.941713159708094e-14,-0.18267293404587498
87,10,400497,occupancy,12,404520,flow,6,3.3333211419108016e-11,1.7977462338395336e-09,0.14806858816635515
87,10,400497,occupancy,12,404520,flow,7,4.3154430323336005e-12,2.5364236598205654e-10,0.15458716086164548
87,10,400497,occupancy,12,404520,flow,11,6.26925471120889e-10,2.9566790777753714e-08,0.1381748905351667
87,10,400497,occupancy,12,404520,flow,12,3.4624609616085936e-31,6.677603283102287e-29,0.2564223721142436
87,10,400497,occupancy,13,400183,flow,4,0.006590479580066055,0.04809268882750905,0.06094624631049078
87,10,400497,occupancy,13,400183,flow,5,0.0019224228982418392,0.018521112668164016,0.06956550253326005
87,10,400497,occupancy,14,401469,flow,1,0.006282027291287365,0.046295390478269215,0.06130062490147641
87,10,400497,occupancy,14,401469,flow,2,0.000472037086154662,0.005933081792808088,0.0783601238220854
87,10,400497,occupancy,14,401469,flow,8,0.00036275147800354915,0.004761733166135923,0.07993645943194087
87,10,400497,occupancy,14,401469,flow,10,0.0011211285964060594,0.01212637840879864,-0.07306066616880587
87,10,400497,occupancy,15,401472,flow,1,1.7447139510225952e-13,1.156006789634603e-11,0.1642903854189018
87,10,400497,occupancy,15,401472,flow,2,2.8310045041037393e-12,1.6962468041231838e-10,0.15589718047483297
87,10,400497,occupancy,15,401472,flow,3,6.721528499251472e-08,2.3322894069691853e-06,0.12077037574341068
87,10,400497,occupancy,15,401472,flow,6,0.003140532284138822,0.027221307117736175,0.0662466042762019
87,10,400497,occupancy,15,401472,flow,7,1.681034865932999e-06,4.5190234105977326e-05,0.1072066596877458
87,10,400497,occupancy,15,401472,flow,8,3.935429297799297e-06,9.654204750989757e-05,0.10334004244705038
87,10,400497,occupancy,15,401472,flow,12,0.00021173644124317852,0.0030496966590782383,0.08303720476403377
87,10,400497,occupancy,16,405838,flow,1,1.7492187887527888e-20,2.0423311263275804e-18,0.2060029119916544
87,10,400497,occupancy,16,405838,flow,2,0.00046764078953903627,0.0058829592626925935,-0.07843559740418815
87,10,400497,occupancy,16,405838,flow,3,7.586250955102252e-06,0.00017321672371057995,-0.10026059996258908
87,10,400497,occupancy,16,405838,flow,4,1.7113784172739126e-08,6.502334883573705e-07,-0.1261072820368394
87,10,400497,occupancy,16,405838,flow,5,3.8048955695579047e-06,9.403403238266674e-05,-0.10349597623404357
87,10,400497,occupancy,16,405838,flow,7,0.0003172251733051178,0.004267869039794796,0.0807188449023809
87,10,400497,occupancy,16,405838,flow,9,0.0007576754054290654,0.008779929590808911,-0.07551113700693204
87,10,400497,occupancy,16,405838,flow,10,1.721187953754342e-11,9.472015235947461e-10,-0.15020724201134103
87,10,400497,occupancy,16,405838,flow,11,7.068014149507487e-09,2.8969469758892167e-07,-0.12944279429422817
87,10,400497,occupancy,17,400260,flow,1,1.1654189491246712e-28,2.063364696810893e-26,0.24555372245748955
87,10,400497,occupancy,17,400260,flow,2,2.88158235844974e-20,3.2845477014519467e-18,0.20489389888262324
87,10,400497,occupancy,17,400260,flow,6,0.002495895394040695,0.02276180726674225,0.0678175607647855
87,10,400497,occupancy,17,400260,flow,7,4.864612465809026e-07,1.4603979049544816e-05,0.1126169197454882
87,10,400497,occupancy,17,400260,flow,8,0.0019496489773641616,0.018741619008040004,0.0694723121474124
87,10,400497,occupancy,17,400260,flow,10,1.718178228528525e-09,7.670221086730065e-08,-0.134608734603087
87,10,400497,occupancy,17,400260,flow,12,1.6743395877244822e-07,5.450751333059354e-06,0.11707866960839963
87,10,400497,occupancy,18,404528,flow,1,1.4446475270431576e-15,1.1578622109139964e-13,0.17778500719908782
87,10,400497,occupancy,18,404528,flow,2,1.8948890156052528e-06,5.03748956763981e-05,0.10667034825776382
87,10,400497,occupancy,18,404528,flow,7,0.0001506960643976937,0.0022957183083525214,0.08494309725188849
87,10,400497,occupancy,19,401795,flow,1,2.5091502219784625e-18,2.5326002240530276e-16,0.19418763384675516
87,10,400497,occupancy,19,401795,flow,2,7.750847699975655e-07,2.2292717752260207e-05,0.11061416616179309
87,10,400497,occupancy,19,401795,flow,7,0.004313648172783123,0.03483821294900559,0.06402247055519027
87,10,400497,occupancy,19,401795,flow,10,2.095600365973562e-06,5.518016869634956e-05,-0.10621745804409029
87,10,400497,speed,1,400125,flow,5,0.006592421838613685,0.048098737278856815,-0.06094406250346158
87,10,400497,speed,1,400125,flow,10,0.0004637291079742275,0.005835449305122815,0.07848564463271013
87,10,400497,speed,1,400125,flow,11,0.0026228606053099093,0.023719400910485258,0.06748093841265516
87,10,400497,speed,3,400039,flow,2,0.000300320642730607,0.004095281491781004,-0.08103637546606994
87,10,400497,speed,3,400039,flow,3,0.0015006100336125538,0.015300059818754383,-0.0711896325069438
87,10,400497,speed,3,400039,flow,6,2.124501047715997e-05,0.0004249002095431994,-0.09524143849982948
87,10,400497,speed,3,400039,flow,7,0.0025345788233213425,0.023044912108642044,-0.06771337281866323
87,10,400497,speed,4,400316,flow,1,0.0020091354999370783,0.019171154934663658,-0.06927278422219434
87,10,400497,speed,4,400316,flow,2,0.006471939455466526,0.04744208170380822,-0.06108063605813367
87,10,400497,speed,4,400316,flow,12,0.006063941610845557,0.04507265615769582,-0.06156075294419875
87,10,400497,speed,5,400503,flow,1,0.0043313340861991755,0.03493533094171105,-0.06399337076449814
87,10,400497,speed,5,400503,flow,6,0.00203489861279546,0.019367177808496117,-0.0691880470396077
87,10,400497,speed,6,405843,flow,1,0.0013622408897948739,0.014159963050803309,-0.07181521847146397
87,10,400497,speed,6,405843,flow,2,0.0003661775796103695,0.004795050451399807,-0.07988135903031797
87,10,400497,speed,6,405843,flow,3,0.005234054579892065,0.04039141797987445,-0.06263452559001044
87,10,400497,speed,6,405843,flow,4,0.0005972682087092285,0.007199215015691594,-0.0769651623348197
87,10,400497,speed,6,405843,flow,7,0.00013130784865335817,0.0020412015335822503,-0.08570397372354537
87,10,400497,speed,7,408093,flow,1,0.0030083027082654515,0.026371484780249088,-0.06654315797478198
87,10,400497,speed,7,408093,flow,7,0.0015589552128773031,0.01577579414296076,-0.07094164809417329
87,10,400497,speed,9,402391,flow,3,8.588828656261847e-05,0.001433130158171154,-0.08801147674816356
87,10,400497,speed,9,402391,flow,4,0.0012888656015290242,0.013553796004394802,-0.07217113598257723
87,10,400497,speed,9,402391,flow,5,0.0008501946264826605,0.009629891941282364,-0.07479797634844824
87,10,400497,speed,10,400497,flow,1,1.492086169439647e-08,5.729610890648244e-07,-0.12663013273876458
87,10,400497,speed,10,400497,flow,2,1.9306287641270782e-05,0.0003903967032342378,-0.09571817495476576
87,10,400497,speed,10,400497,flow,6,9.52194717703168e-05,0.0015616860973719387,-0.08745595171585657
87,10,400497,speed,10,400497,flow,9,8.912873029923715e-09,3.585066246673226e-07,0.12857622596695956
87,10,400497,speed,10,400497,flow,10,4.0942483462700994e-08,1.4641682827720886e-06,0.122730422317129
87,10,400497,speed,10,400497,flow,11,8.373213636411829e-06,0.00018886565332427096,0.0997897768265198
87,10,400497,speed,11,405841,flow,7,0.005821466932600924,0.0436862795942352,-0.06186004949994374
87,10,400497,speed,11,405841,flow,12,5.3424789036936797e-05,0.0009493833345930356,-0.09052839541017141
87,10,400497,speed,12,404520,flow,1,3.1341266910466126e-12,1.867507214527085e-10,-0.155582110986659
87,10,400497,speed,12,404520,flow,2,8.340969231641333e-06,0.00018835853152478075,-0.09980822110492617
87,10,400497,speed,12,404520,flow,8,0.00011799551709106122,0.0018664981099721146,0.0862903532278764
87,10,400497,speed,12,404520,flow,12,6.2752886000236526e-06,0.00014757347170442123,-0.10115981871038486
87,10,400497,speed,14,401469,flow,8,3.6843501658052062e-06,9.115917936012881e-05,-0.10364459794212634
87,10,400497,speed,15,401472,flow,1,5.1185917665278664e-05,0.000915244885405645,-0.0907521927605538
87,10,400497,speed,15,401472,flow,2,1.571340835841752e-07,5.138677071034344e-06,-0.1173391093737111
87,10,400497,speed,15,401472,flow,3,2.809691976528282e-07,8.738566838446493e-06,-0.11493397913775608
87,10,400497,speed,15,401472,flow,4,4.776014057551476e-09,1.997326304803715e-07,-0.13089461595161336
87,10,400497,speed,15,401472,flow,5,1.2904965974983547e-13,8.807180570604886e-12,-0.16517264814450816
87,10,400497,speed,15,401472,flow,6,1.4696047384161906e-13,9.919831984309287e-12,-0.1647930065681555
87,10,400497,speed,15,401472,flow,7,1.8888990363220914e-08,7.138583374703342e-07,-0.12572964512060852
87,10,400497,speed,15,401472,flow,8,3.6726931475472085e-06,9.092283322294522e-05,-0.10365921613241769
87,10,400497,speed,15,401472,flow,9,5.634673281638339e-07,1.6631991580194057e-05,-0.11198880719187636
87,10,400497,speed,15,401472,flow,10,3.323682905052611e-08,1.2025385385114973e-06,-0.12354580243906664
87,10,400497,speed,15,401472,flow,11,1.7101185623849796e-07,5.55885040594666e-06,-0.11699181126608676
87,10,400497,speed,15,401472,flow,12,1.0065994047799452e-10,5.195351766606169e-09,-0.14442157195982327
87,10,400497,speed,16,405838,flow,8,9.893559446330809e-05,0.0016122284725820103,-0.08724891760001534
87,10,400497,speed,16,405838,flow,9,0.0031244309077805067,0.027114056272238413,-0.06628210004259776
87,10,400497,speed,17,400260,flow,4,9.951145004324936e-05,0.001618559729619116,-0.08721749374799902
87,10,400497,speed,17,400260,flow,7,0.00018850901133190314,0.002762411563615406,-0.0836928225970123
87,10,400497,speed,17,400260,flow,8,0.0011981634230457112,0.012778105489324896,-0.07263788416297076
87,10,400497,speed,17,400260,flow,11,1.3749205460892178e-07,4.554951502381458e-06,0.11788506220874007
87,10,400497,speed,17,400260,flow,12,3.752962933613224e-05,0.0006973247257294248,0.09235955100157693
87,10,400497,speed,19,401795,flow,3,0.00015815200958916163,0.002391377953885818,-0.08467482609690549
87,10,400497,speed,19,401795,flow,6,0.002720116070647274,0.02436935177353012,-0.06723300949079276
87,10,400497,speed,19,401795,flow,7,3.742839429562722e-05,0.0006960424595656891,-0.09237342794381458
87,10,400497,speed,19,401795,flow,11,0.001879949713710321,0.01820937839288921,0.0697133280008883
87,10,400497,speed,19,401795,flow,12,0.0002632192104656143,0.0036633601456554574,0.08179643203004609
87,11,405841,flow,0,400593,flow,1,0.00022315388988016836,0.003187600773284681,0.08273933413985558
87,11,405841,flow,0,400593,flow,5,6.977215558199348e-05,0.0011923089877935594,0.08912117974981976
87,11,405841,flow,0,400593,flow,7,0.003954499358857258,0.03252129684040236,0.06463809764746287
87,11,405841,flow,2,400331,flow,3,6.058950976235383e-06,0.00014310917560052955,0.10132528104346072
87,11,405841,flow,3,400039,flow,1,0.0026664940934748096,0.024053569604951298,0.06736868480196795
87,11,405841,flow,3,400039,flow,7,0.00573601806065279,0.04322274205829418,0.0619682031247199
87,11,405841,flow,4,400316,flow,12,0.0007596889615250954,0.008796184169896576,0.0754947753817714
87,11,405841,flow,5,400503,flow,7,0.001310201584752649,0.013715213410855697,0.07206575526678993
87,11,405841,flow,6,405843,flow,4,0.00017647319822963777,0.0026270303802620096,0.08406302464828548
87,11,405841,flow,7,408093,flow,4,0.0017423930051232437,0.017161736849367105,0.07021408126178663
87,11,405841,flow,8,401448,flow,7,0.006611793947632496,0.048223788373750444,0.060922312768865644
87,11,405841,flow,10,400497,flow,5,2.0528268195015567e-05,0.0004126669083409365,0.09541267243143511
87,11,405841,flow,10,400497,flow,11,0.0028573550327659573,0.025336453801810266,0.06689657871313003
87,11,405841,flow,10,400497,flow,12,0.005127981499916473,0.03983945254705931,0.0627826804379392
87,11,405841,flow,11,405841,flow,1,2.6000605005409294e-69,8.985809089869452e-67,0.3799160925490955
87,11,405841,flow,11,405841,flow,2,1.5891808213278324e-19,1.7468857883298312e-17,0.20077358534583709
87,11,405841,flow,11,405841,flow,3,1.5612117462979547e-11,8.646711210265596e-10,0.15048281070455902
87,11,405841,flow,11,405841,flow,4,4.0360327156421547e-07,1.2269993899770659e-05,0.11341021977676252
87,11,405841,flow,11,405841,flow,5,3.9465916391825164e-05,0.0007301617079772364,0.09210074814342156
87,11,405841,flow,11,405841,flow,6,0.00013129459920672784,0.0020412015335822503,0.08570452897145739
87,11,405841,flow,12,404520,flow,1,0.00027027386759996563,0.0037494640591902747,0.08164449379088692
87,11,405841,flow,12,404520,flow,12,9.091285659340263e-06,0.00020296823797596867,0.09939569068869765
87,11,405841,flow,13,400183,flow,1,0.00013005627837050314,0.002024659901119184,0.08575665792686467
87,11,405841,flow,13,400183,flow,2,0.002285804698690905,0.021261789998136403,0.06841059501073386
87,11,405841,flow,13,400183,flow,3,4.267552405782796e-06,0.00010415721125978351,0.10296459017784151
87,11,405841,flow,13,400183,flow,6,0.00565435395435215,0.042749053347569635,0.06207293178566635
87,11,405841,flow,13,400183,flow,10,0.00011568076565304372,0.0018345848297399005,0.0863986335027471
87,11,405841,flow,14,401469,flow,3,0.0013966195077259622,0.014427059477226582,0.07165450220403652
87,11,405841,flow,14,401469,flow,7,0.0002327933478994378,0.003308115996465695,0.08249877784951025
87,11,405841,flow,14,401469,flow,8,0.0005906615079452198,0.007129527002859317,0.07703255348395666
87,11,405841,flow,14,401469,flow,11,0.0031520164293451403,0.027315368053703125,0.06622138841985986
87,11,405841,flow,15,401472,flow,1,0.0003875973260354913,0.005025271454001568,0.07954741482016113
87,11,405841,flow,15,401472,flow,7,0.001296087856268857,0.013609867620518868,0.07213528553839917
87,11,405841,flow,16,405838,flow,8,0.0003941500224408583,0.005096462427250847,0.07944869501397543
87,11,405841,flow,17,400260,flow,3,0.0066711686422983125,0.048536355737996015,0.06085600559589986
87,11,405841,flow,17,400260,flow,7,0.0001446313199051037,0.0022179882924744337,0.08517068593999898
87,11,405841,flow,18,404528,flow,2,0.0024565820153197144,0.022503041361707308,0.06792496892700794
87,11,405841,flow,18,404528,flow,8,0.0009170751896233103,0.010271622554246048,0.0743259534968741
87,11,405841,flow,19,401795,flow,7,0.0031981793260996193,0.02761165123505221,0.06612086504591753
87,11,405841,occupancy,0,400593,flow,1,5.75109068675575e-06,0.00013628476010304355,0.10157075613892154
87,11,405841,occupancy,0,400593,flow,4,0.0012142247844411022,0.012916648778097912,0.0725529085555649
87,11,405841,occupancy,0,400593,flow,5,0.006534197795524838,0.047770747125854295,0.06100978010801331
87,11,405841,occupancy,0,400593,flow,7,0.0008540868578582654,0.009666374707748773,0.07476957888108896
87,11,405841,occupancy,0,400593,flow,10,0.0033415257187449946,0.028596258131890602,0.06581692596240904
87,11,405841,occupancy,0,400593,flow,12,0.0005155624055599112,0.006387237143730474,0.07785224043402593
87,11,405841,occupancy,1,400125,flow,1,0.005954296952230414,0.044441193561913256,0.061694731478327165
87,11,405841,occupancy,2,400331,flow,8,0.006840291791412191,0.049488469770462715,0.06067000019515202
87,11,405841,occupancy,3,400039,flow,1,0.003370138430286831,0.028784100472200688,0.06575768240822719
87,11,405841,occupancy,4,400316,flow,12,0.0033067890429085184,0.028338283406793886,0.0658894729663931
87,11,405841,occupancy,5,400503,flow,1,0.0010923352362229837,0.011856503066540928,0.07322561040326171
87,11,405841,occupancy,6,405843,flow,2,0.004524456245698478,0.03615547721312879,0.06368243077613417
87,11,405841,occupancy,6,405843,flow,12,0.005399344477796095,0.04132737091438542,0.06240897730040541
87,11,405841,occupancy,7,408093,flow,9,0.00015927611083737478,0.0024066904470705108,0.08463541585066744
87,11,405841,occupancy,7,408093,flow,12,0.002234313722620994,0.020883243794294015,0.06856353905998615
87,11,405841,occupancy,9,402391,flow,4,0.0007401324655753108,0.008613610590747152,0.07565541839155857
87,11,405841,occupancy,10,400497,flow,11,0.005491060479613911,0.04182534135986183,0.062286499132265874
87,11,405841,occupancy,11,405841,flow,2,0.0029353067097401624,0.025883904850127582,-0.0667119965340217
87,11,405841,occupancy,11,405841,flow,3,0.0043527242898215406,0.035080137064498994,-0.06395831954510924
87,11,405841,occupancy,11,405841,flow,4,0.003015376267150613,0.026412054894749896,0.0665269960304638
87,11,405841,occupancy,11,405841,flow,5,0.0004429708207420329,0.005640340918612051,0.0787580055586936
87,11,405841,occupancy,11,405841,flow,6,0.0014898125720152163,0.015215107118453274,0.07123649590749341
87,11,405841,occupancy,11,405841,flow,8,0.002310029569477094,0.021447083043501063,0.06833972772591505
87,11,405841,occupancy,12,404520,flow,1,0.00269227751543336,0.024210322370258358,0.06730313917259802
87,11,405841,occupancy,12,404520,flow,11,0.001794836905290512,0.01757410569096784,0.07001902301641487
87,11,405841,occupancy,12,404520,flow,12,0.0006064306224792079,0.007295405984712275,0.07687284036983263
87,11,405841,occupancy,13,400183,flow,1,0.0005597805796359523,0.006821585624900744,0.07735715738784028
87,11,405841,occupancy,13,400183,flow,2,2.2629262502452384e-07,7.173353171963907e-06,0.1158352614964121
87,11,405841,occupancy,13,400183,flow,3,0.0003251115374237141,0.004353632491228905,0.0805760902934125
87,11,405841,occupancy,13,400183,flow,10,0.0001279318847793548,0.0020009621370268385,0.08584718593652757
87,11,405841,occupancy,14,401469,flow,7,4.799763549639745e-05,0.0008625199057588893,0.09108744464814696
87,11,405841,occupancy,14,401469,flow,8,7.0453507964365355e-06,0.00016302043621106498,0.10061209621993555
87,11,405841,occupancy,15,401472,flow,1,2.8931384682676597e-05,0.0005552358144343087,0.09368761112718961
87,11,405841,occupancy,15,401472,flow,3,0.0029947184093368005,0.02628200702693934,0.0665742932939941
87,11,405841,occupancy,15,401472,flow,4,0.001698058105008127,0.016825046583180705,0.07038323345238848
87,11,405841,occupancy,15,401472,flow,6,0.004161434544955769,0.03387487701942514,0.06427748638715444
87,11,405841,occupancy,16,405838,flow,4,0.0020910105647337666,0.01981391892882183,0.06900684260123084
87,11,405841,occupancy,16,405838,flow,7,0.0006006597091014842,0.007232023253395795,0.07693083645991436
87,11,405841,occupancy,17,400260,flow,2,0.0036234155447318443,0.030379873660497894,0.06525233596348883
87,11,405841,occupancy,17,400260,flow,3,0.00012859397973621312,0.0020084092279842396,0.08581882079728172
87,11,405841,occupancy,17,400260,flow,4,0.0013512668125040988,0.01407298126812369,0.0718673086908556
87,11,405841,occupancy,18,404528,flow,2,5.460543280608473e-05,0.00096757780854096,0.09041393036182513
87,11,405841,occupancy,18,404528,flow,5,0.00014352963973423468,0.002205007267609864,0.08521298960442716
87,11,405841,occupancy,18,404528,flow,8,0.005175907429479364,0.04004283684697502,0.06271540173734291
87,11,405841,occupancy,19,401795,flow,3,0.0016638108607842557,0.01656525217466694,0.07051669996139596
87,11,405841,speed,7,408093,flow,5,0.0034211416229234996,0.029086407110843992,-0.06565320446745616
87,11,405841,speed,7,408093,flow,9,0.00025859690000464274,0.003611828671257862,-0.08189806660046775
87,11,405841,speed,13,400183,flow,2,0.004879342719993661,0.03835291220955716,-0.06314111283816043
87,12,404520,flow,1,400125,flow,2,1.1793761688805358e-05,0.0002546179435064425,0.09813940948951921
87,12,404520,flow,1,400125,flow,3,3.779449689668964e-06,9.345862999066929e-05,0.10352696941238282
87,12,404520,flow,1,400125,flow,4,1.2104384439084607e-05,0.0002598953318928703,0.09801309129865181
87,12,404520,flow,1,400125,flow,5,0.004373424446617717,0.035195964249978645,0.06392454732637899
87,12,404520,flow,1,400125,flow,6,5.8851593405639774e-05,0.001032651842048594,0.09002076791773121
87,12,404520,flow,2,400331,flow,2,0.00011921966021653087,0.0018851717867328453,0.08623389638339715
87,12,404520,flow,2,400331,flow,3,0.0009628445312637624,0.010695521663819627,0.07402096921251018
87,12,404520,flow,2,400331,flow,4,0.006548623918182178,0.047843827712746506,0.06099344841964928
87,12,404520,flow,3,400039,flow,1,2.2753767063368425e-23,3.1106415732199874e-21,0.22087432968948933
87,12,404520,flow,3,400039,flow,2,2.367704934223114e-18,2.401052891043158e-16,0.1943307087393984
87,12,404520,flow,3,400039,flow,3,3.718015159911448e-08,1.3384854575681214e-06,0.12310802248835395
87,12,404520,flow,3,400039,flow,4,0.0014348969618329383,0.014741390903967404,0.07147979296552721
87,12,404520,flow,3,400039,flow,5,6.403421599363417e-05,0.0011082845075821297,0.08957575971981112
87,12,404520,flow,3,400039,flow,6,5.416893274796567e-05,0.0009606313196683567,0.09045597416700762
87,12,404520,flow,3,400039,flow,8,0.0043131222621550684,0.03483821294900559,-0.0640233375241671
87,12,404520,flow,3,400039,flow,9,1.3082992945000161e-05,0.0002777323318054088,-0.09763441922718731
87,12,404520,flow,3,400039,flow,12,3.2671376593559653e-07,1.0088659534251444e-05,0.1143017540079563
87,12,404520,flow,4,400316,flow,1,0.0,0.0,0.793176159983663
87,12,404520,flow,4,400316,flow,2,0.0005939528848404637,0.0071632508724478045,-0.07697954798777751
87,12,404520,flow,4,400316,flow,3,3.492034277442441e-12,2.0779046940153368e-10,-0.1552464622180839
87,12,404520,flow,4,400316,flow,4,1.961838272898986e-06,5.1899212118332026e-05,-0.10651436551632208
87,12,404520,flow,4,400316,flow,8,2.919175934306215e-08,1.0642059102280886e-06,-0.12401962634547088
87,12,404520,flow,4,400316,flow,11,0.000964703276759359,0.010710660898484789,0.07399027119346137
87,12,404520,flow,4,400316,flow,12,3.7647836358721054e-12,2.2340474322757548e-10,0.15497400098729258
87,12,404520,flow,5,400503,flow,1,8.382973509335816e-10,3.8898437766198415e-08,0.13715659720560072
87,12,404520,flow,5,400503,flow,2,4.1764545841448e-05,0.0007674301915570197,0.09180871068169806
87,12,404520,flow,5,400503,flow,3,0.0005838224793354215,0.007064742607084092,0.07710305712357104
87,12,404520,flow,5,400503,flow,4,5.080587601082679e-05,0.0009088256081439824,0.09079109948918142
87,12,404520,flow,5,400503,flow,6,0.004204363054059723,0.03415481068743783,0.06420471996245064
87,12,404520,flow,5,400503,flow,12,0.00031268281958745357,0.004221218064430623,0.080802582123712
87,12,404520,flow,6,405843,flow,1,3.156831008868606e-07,9.775992801657618e-06,0.11444600459308378
87,12,404520,flow,6,405843,flow,2,1.0614402372425698e-05,0.0002318211236040395,0.09864979426625627
87,12,404520,flow,6,405843,flow,6,0.003006877861223365,0.02636969622510137,0.06654641771219605
87,12,404520,flow,6,405843,flow,12,7.08478757152473e-05,0.0012087789221558781,0.08903991133683364
87,12,404520,flow,7,408093,flow,2,0.004995109067343687,0.03904971257858257,0.06297222203664635
87,12,404520,flow,7,408093,flow,3,0.0034815554315421504,0.029467710549102837,0.06553126691178798
87,12,404520,flow,7,408093,flow,12,0.002539945566743807,0.02307584615842954,0.06769903328066659
87,12,404520,flow,8,401448,flow,1,0.002825101750776108,0.025145536936956932,0.06697429804689609
87,12,404520,flow,8,401448,flow,12,0.0020688206741197907,0.019642429257576914,0.06907796214744409
87,12,404520,flow,9,402391,flow,1,6.144867142655872e-14,4.3093873467976245e-12,0.16732320410965784
87,12,404520,flow,9,402391,flow,2,3.6866917764989776e-16,3.068691420900883e-14,0.18144020685995407
87,12,404520,flow,9,402391,flow,3,1.5357510981072656e-08,5.876390384254551e-07,0.1265203253145667
87,12,404520,flow,9,402391,flow,4,0.00011500862962220037,0.0018252655399261777,0.08643045754038099
87,12,404520,flow,9,402391,flow,5,0.00177121268205681,0.01739404134231739,0.07010623318985776
87,12,404520,flow,9,402391,flow,6,0.0005419673941167945,0.006645754023799467,0.07755206297586634
87,12,404520,flow,9,402391,flow,12,2.15617617365314e-09,9.485418605072877e-08,0.1337925755131684
87,12,404520,flow,10,400497,flow,1,1.1509324262497107e-26,1.841491881999537e-24,0.23658155627087793
87,12,404520,flow,10,400497,flow,5,2.834457980738682e-13,1.8330626462262136e-11,0.1628604497464774
87,12,404520,flow,10,400497,flow,6,1.5060400077674684e-09,6.784246958869096e-08,0.1350801583207746
87,12,404520,flow,10,400497,flow,8,7.338016690775042e-14,5.104707263147855e-12,-0.16681147045639025
87,12,404520,flow,10,400497,flow,9,2.7630900215690366e-21,3.3249439813866957e-19,-0.2102822873961777
87,12,404520,flow,10,400497,flow,11,7.543477369827577e-17,6.691544607321382e-15,0.1855927680565597
87,12,404520,flow,10,400497,flow,12,6.73940490024454e-53,1.878337365745575e-50,0.33381556574624255
87,12,404520,flow,11,405841,flow,11,0.004055526452921575,0.033238236153711256,0.06445996014221007
87,12,404520,flow,11,405841,flow,12,0.0026874388442519248,0.024199127343932206,0.06731539603849264
87,12,404520,flow,12,404520,flow,1,0.0,0.0,0.8319407862637263
87,12,404520,flow,12,404520,flow,2,1.9057628123421882e-06,5.053956629415748e-05,-0.10659123860785202
87,12,404520,flow,12,404520,flow,3,2.0982282625650106e-18,2.1327873163013757e-16,-0.19458019115784378
87,12,404520,flow,12,404520,flow,4,1.612549090161664e-09,7.233865077360735e-08,-0.13480224769905155
87,12,404520,flow,12,404520,flow,8,0.0015615738772877753,0.015791196511898854,-0.0709307194225322
87,12,404520,flow,12,404520,flow,10,3.191956044466748e-06,8.031013460743362e-05,0.10430443334833114
87,12,404520,flow,12,404520,flow,11,3.416808516279176e-17,3.1272484725267033e-15,0.18762969728014017
87,12,404520,flow,12,404520,flow,12,1.8766904800570318e-29,3.392176934663756e-27,0.2490218314791008
87,12,404520,flow,13,400183,flow,5,0.006917221601693228,0.049862168061596435,0.060586754088288494
87,12,404520,flow,14,401469,flow,1,0.00540884414628678,0.041392748825436476,0.062396204615433125
87,12,404520,flow,14,401469,flow,2,0.0005043201691581747,0.0062803780073892035,0.07798441277188467
87,12,404520,flow,14,401469,flow,11,0.004315079721298937,0.03484326055329235,-0.06402011111804395
87,12,404520,flow,15,401472,flow,1,0.0014069529852787435,0.01450951753736971,0.07160690670278624
87,12,404520,flow,15,401472,flow,2,6.798183382320257e-05,0.0011677197698458652,0.0892590983393103
87,12,404520,flow,15,401472,flow,9,0.003452647978606887,0.029291363300928925,-0.06558937075503561
87,12,404520,flow,16,405838,flow,1,0.0025265990009099228,0.022988432358742348,0.0677347456994418
87,12,404520,flow,16,405838,flow,6,1.7963589033186248e-05,0.00036620369424239063,0.09607584552329819
87,12,404520,flow,16,405838,flow,7,0.0006527320180538712,0.007774475649276877,0.07642526365623238
87,12,404520,flow,16,405838,flow,10,0.0021601105068772275,0.020365948035158496,-0.06878972165831665
87,12,404520,flow,17,400260,flow,1,3.1153322991242885e-06,7.861118885640729e-05,0.10441580033074344
87,12,404520,flow,17,400260,flow,2,4.74390412767615e-05,0.0008553282901319269,0.09114834503401144
87,12,404520,flow,17,400260,flow,3,9.700955638665717e-05,0.0015868280332842068,0.08735528792887508
87,12,404520,flow,17,400260,flow,4,1.8945880096427504e-05,0.00038425446956134656,0.09581179785882159
87,12,404520,flow,17,400260,flow,5,0.000189480302792063,0.002773899953772347,0.08366392345307597
87,12,404520,flow,17,400260,flow,6,2.7751745224324366e-12,1.6651047134594619e-10,0.15595879996462408
87,12,404520,flow,17,400260,flow,9,5.2285991367644794e-05,0.0009314452895184558,-0.090641095620113
87,12,404520,flow,17,400260,flow,10,7.334951654612951e-07,2.1223704720648322e-05,-0.1108530935310279
87,12,404520,flow,17,400260,flow,11,0.00013049389934900518,0.0020307407967856714,-0.08573818242751358
87,12,404520,flow,17,400260,flow,12,0.0015630760059238368,0.015802687445801485,0.0709244580830487
87,12,404520,flow,18,404528,flow,1,3.036826099958464e-17,2.809226713451941e-15,0.18793094221163667
87,12,404520,flow,18,404528,flow,2,3.775649235485911e-11,2.0261869189191474e-09,0.14766192486189744
87,12,404520,flow,18,404528,flow,3,3.9201689300235704e-10,1.907109209200656e-08,0.13980490321236327
87,12,404520,flow,18,404528,flow,5,0.0016634080732230063,0.01656505965035359,0.07051828465636198
87,12,404520,flow,19,401795,flow,2,2.4754460393165178e-08,9.132303065625412e-07,0.12468919130354136
87,12,404520,flow,19,401795,flow,5,0.0015964934595063466,0.016076577494329645,0.0707865762007373
87,12,404520,flow,19,401795,flow,6,5.960534780566154e-07,1.7504765637012768e-05,0.11174760929649932
87,12,404520,flow,19,401795,flow,9,0.0025373779815729114,0.02305736828017454,-0.0677058902181849
87,12,404520,flow,19,401795,flow,10,0.005274508502526198,0.04063102127480952,-0.06257873582752149
87,12,404520,flow,19,401795,flow,11,0.0031800318757905215,0.027513994999829868,-0.06616022393502587
87,12,404520,occupancy,0,400593,flow,8,0.000449104846495771,0.005705626840176984,0.07867630555406657
87,12,404520,occupancy,0,400593,flow,9,0.0001247060324029756,0.001956883617801869,0.08598739512647778
87,12,404520,occupancy,0,400593,flow,10,3.0239635949744813e-05,0.0005765014444081976,0.09346311448881868
87,12,404520,occupancy,0,400593,flow,11,8.883549083633783e-05,0.0014732027655008806,0.08783010368365977
87,12,404520,occupancy,0,400593,flow,12,0.0016673482999945523,0.01657567117588715,0.07050279767587213
87,12,404520,occupancy,1,400125,flow,1,9.513691450398683e-08,3.2566677548115937e-06,0.11937814615839198
87,12,404520,occupancy,1,400125,flow,2,4.149931945865821e-05,0.0007633497436171034,0.09184161851896155
87,12,404520,occupancy,1,400125,flow,3,0.002826544614950529,0.025145536936956932,0.06697080398306765
87,12,404520,occupancy,1,400125,flow,10,1.1071283408033405e-05,0.0002402207148302577,0.0984459406933325
87,12,404520,occupancy,1,400125,flow,11,2.3000121812056817e-10,1.147350187391287e-08,0.14163343953434637
87,12,404520,occupancy,1,400125,flow,12,1.1464395676024806e-11,6.440336712669332e-10,0.1515070174837704
87,12,404520,occupancy,2,400331,flow,1,7.626008126811367e-07,2.1962903405216738e-05,0.11068456242405887
87,12,404520,occupancy,2,400331,flow,2,0.0010850886350139424,0.011789695430734987,0.07326775548262657
87,12,404520,occupancy,2,400331,flow,3,0.0012473302433078605,0.013196559176730405,0.072380982391156
87,12,404520,occupancy,2,400331,flow,6,0.0013238958895712026,0.013837963326754405,0.07199894833537009
87,12,404520,occupancy,2,400331,flow,7,0.0019724940515421087,0.01889814660160104,0.06939503387294599
87,12,404520,occupancy,2,400331,flow,8,0.0002441473678389173,0.0034456603367008258,0.08222713544107167
87,12,404520,occupancy,2,400331,flow,9,0.0005675843154237017,0.006897227124136122,0.07727358423359038
87,12,404520,occupancy,2,400331,flow,10,2.4685156219329053e-05,0.0004840666131071335,0.09448923588015315
87,12,404520,occupancy,2,400331,flow,11,1.0971247467064561e-05,0.00023876971817490632,0.09848987982400202
87,12,404520,occupancy,2,400331,flow,12,1.2758853906685075e-05,0.0002720342403889464,0.09775676276612552
87,12,404520,occupancy,3,400039,flow,1,3.887376357364312e-23,5.2153620695074e-21,0.2197195755052149
87,12,404520,occupancy,3,400039,flow,2,1.2656264218595077e-11,7.073099796161803e-10,0.15119168902213637
87,12,404520,occupancy,3,400039,flow,3,1.8287414048528199e-06,4.885691322797886e-05,0.10682974882446158
87,12,404520,occupancy,3,400039,flow,4,6.229060152313525e-06,0.0001465735631410588,0.10119471253340012
87,12,404520,occupancy,3,400039,flow,5,2.9007273038895982e-05,0.0005561980449535315,0.09367432769946633
87,12,404520,occupancy,3,400039,flow,6,0.000909622191104428,0.01019872272403615,0.0743769460705955
87,12,404520,occupancy,3,400039,flow,7,0.00472891499522615,0.03742930153788378,0.06336606696753508
87,12,404520,occupancy,3,400039,flow,8,0.0002889935148677344,0.003970903257724595,0.08125863970288122
87,12,404520,occupancy,3,400039,flow,9,1.3515647045616811e-09,6.13959991977546e-08,0.13546608725167214
87,12,404520,occupancy,3,400039,flow,10,9.68147104103421e-19,1.0029725395028248e-16,0.19652199919680746
87,12,404520,occupancy,3,400039,flow,11,1.0305840015068567e-23,1.4315507673664376e-21,0.2225700753880651
87,12,404520,occupancy,3,400039,flow,12,2.5751405050899135e-17,2.397544608187161e-15,0.18835147441052544
87,12,404520,occupancy,4,400316,flow,8,2.98438906555931e-06,7.570499567361256e-05,0.10461233931851666
87,12,404520,occupancy,4,400316,flow,9,7.986117340156142e-17,7.055220226886407e-15,0.18544520921081636
87,12,404520,occupancy,4,400316,flow,10,1.6095771019912274e-24,2.3100907244525256e-22,0.2264914651770126
87,12,404520,occupancy,4,400316,flow,11,1.5091821712623088e-18,1.5486144845256944e-16,0.19543745083341493
87,12,404520,occupancy,4,400316,flow,12,3.2372204228216005e-05,0.0006136372192448141,0.09311621704159048
87,12,404520,occupancy,5,400503,flow,1,2.7294076293563025e-08,9.98394662050739e-07,0.12431134561710488
87,12,404520,occupancy,5,400503,flow,2,1.5195069662135351e-05,0.00031819050383143343,0.09690159726848163
87,12,404520,occupancy,5,400503,flow,3,3.922344527172797e-06,9.64401158644649e-05,0.10335544813610001
87,12,404520,occupancy,5,400503,flow,4,1.8918311240935447e-07,6.1218804914487736e-06,0.11657611777472075
87,12,404520,occupancy,5,400503,flow,5,2.3452657212937563e-08,8.719060168665257e-07,0.12489771410919669
87,12,404520,occupancy,5,400503,flow,6,1.6637124110849033e-06,4.478029667219179e-05,0.10725292940211356
87,12,404520,occupancy,5,400503,flow,7,2.5455908185920547e-05,0.0004971497439564953,0.09433445075319351
87,12,404520,occupancy,5,400503,flow,8,1.3558069801661884e-06,3.711714926690706e-05,0.10816326356177465
87,12,404520,occupancy,5,400503,flow,9,1.5689069547647424e-11,8.65603837111582e-10,0.15050454307735142
87,12,404520,occupancy,5,400503,flow,10,8.269435368190263e-18,7.956338706142969e-16,0.19122186770549088
87,12,404520,occupancy,5,400503,flow,11,4.413512843072692e-22,5.494632703767732e-20,0.21439696848047665
87,12,404520,occupancy,5,400503,flow,12,1.3008370886153361e-17,1.2323719786882132e-15,0.19008255097234122
87,12,404520,occupancy,6,405843,flow,1,5.2102848566237686e-12,3.0293984630706166e-10,0.15399795923239154
87,12,404520,occupancy,6,405843,flow,2,3.306805758305074e-05,0.0006243619263932656,0.09300771000445056
87,12,404520,occupancy,6,405843,flow,3,3.3272310508857304e-05,0.0006273958157933809,0.0929762714302079
87,12,404520,occupancy,6,405843,flow,4,5.397525623860585e-07,1.60256430894005e-05,0.11217294309898028
87,12,404520,occupancy,6,405843,flow,5,3.834352113297143e-08,1.3734992644646483e-06,0.12298745137857815
87,12,404520,occupancy,6,405843,flow,6,3.932903938161023e-06,9.653491484577057e-05,0.10334301191954873
87,12,404520,occupancy,6,405843,flow,7,0.00024792625918976653,0.0034921468526240345,0.08213934880569686
87,12,404520,occupancy,6,405843,flow,8,1.5417469142491384e-05,0.00032206705365359176,0.09683017239072984
87,12,404520,occupancy,6,405843,flow,9,1.316780953532946e-10,6.747916630204421e-09,0.14352117905400055
87,12,404520,occupancy,6,405843,flow,10,7.1608076492599e-16,5.825741816347038e-14,0.17967300789413276
87,12,404520,occupancy,6,405843,flow,11,1.6032104997342807e-18,1.6373213614307549e-16,0.19528930304781866
87,12,404520,occupancy,6,405843,flow,12,8.601511996298251e-11,4.487745389373001e-09,0.14494599947303413
87,12,404520,occupancy,7,408093,flow,1,1.425518099934814e-08,5.508263141071911e-07,0.1268036893904826
87,12,404520,occupancy,7,408093,flow,2,6.195649444705594e-07,1.8145902102459772e-05,0.11158134498316212
87,12,404520,occupancy,7,408093,flow,3,8.344981793099048e-07,2.3906048638055627e-05,0.11029342270535471
87,12,404520,occupancy,7,408093,flow,4,1.9012814571152838e-06,5.045169468512301e-05,0.10665522813779894
87,12,404520,occupancy,7,408093,flow,5,6.852669500180718e-05,0.0011752096959420683,0.08921676462117613
87,12,404520,occupancy,7,408093,flow,6,0.0003215107229406507,0.004315060346151277,0.08064086378542608
87,12,404520,occupancy,7,408093,flow,7,0.0004580012212835001,0.0057821394868412266,0.07855964369492249
87,12,404520,occupancy,7,408093,flow,8,0.0011715340916493878,0.012555264886939607,0.07278111654613457
87,12,404520,occupancy,7,408093,flow,9,0.00011306372454703199,0.001799025009367139,0.08652354150204497
87,12,404520,occupancy,7,408093,flow,10,2.9068913978631762e-06,7.408714359155706e-05,0.10473259088453941
87,12,404520,occupancy,7,408093,flow,11,1.8572553182685909e-06,4.946573967275162e-05,0.10676036898512625
87,12,404520,occupancy,7,408093,flow,12,2.673398867152972e-05,0.0005176639671044751,0.09408734039940188
87,12,404520,occupancy,8,401448,flow,1,1.0990671756990594e-05,0.00023895169597483326,0.09848131820543868
87,12,404520,occupancy,8,401448,flow,2,0.0009803263847809147,0.010855706048436282,0.07390800983145523
87,12,404520,occupancy,8,401448,flow,3,6.361333387286134e-05,0.0011018829283510865,0.08961060339937858
87,12,404520,occupancy,8,401448,flow,4,9.619390353880496e-05,0.0015752754483989288,0.08740093616735695
87,12,404520,occupancy,8,401448,flow,5,0.004087364124456626,0.033423079722984333,0.06440465571685786
87,12,404520,occupancy,8,401448,flow,6,0.0049713075478991665,0.03888475214000434,0.06300665493140926
87,12,404520,occupancy,8,401448,flow,9,0.001399469612121856,0.014442686871396125,0.07164134244049301
87,12,404520,occupancy,8,401448,flow,10,7.383843625954549e-06,0.00016967130034108326,0.10038924063433777
87,12,404520,occupancy,8,401448,flow,11,1.1704719243014567e-07,3.938036380827331e-06,0.11854003716036328
87,12,404520,occupancy,8,401448,flow,12,5.859195112557893e-06,0.0001386943719794526,0.1014831565375308
87,12,404520,occupancy,9,402391,flow,1,1.9588837115591402e-20,2.2626678165602905e-18,0.2057912952281523
87,12,404520,occupancy,9,402391,flow,2,2.0437887297254224e-10,1.0278425276383963e-08,0.14203529300651824
87,12,404520,occupancy,9,402391,flow,3,7.029009779266547e-07,2.035209265846614e-05,0.11103733073635641
87,12,404520,occupancy,9,402391,flow,4,2.2547812048122648e-06,5.88559202706283e-05,0.10588696919157496
87,12,404520,occupancy,9,402391,flow,5,2.3173124664608856e-07,7.332506983173852e-06,0.11573668561838653
87,12,404520,occupancy,9,402391,flow,6,4.160313446109518e-09,1.7517109246776917e-07,0.13140205740246186
87,12,404520,occupancy,9,402391,flow,7,8.704037514753686e-11,4.530294224546496e-09,0.14490654292606361
87,12,404520,occupancy,9,402391,flow,8,1.9633684364376797e-11,1.0722821296347378e-09,0.14978371852202846
87,12,404520,occupancy,9,402391,flow,9,5.962771463469063e-16,4.9065090899402576e-14,0.18016216083466394
87,12,404520,occupancy,9,402391,flow,10,4.1009424195610224e-23,5.467923226081363e-21,0.21960390430085894
87,12,404520,occupancy,9,402391,flow,11,3.697069236978055e-28,6.312782254444742e-26,0.24333284248635428
87,12,404520,occupancy,9,402391,flow,12,1.6297972846755455e-26,2.560263370835766e-24,0.2358865543453997
87,12,404520,occupancy,10,400497,flow,3,2.2085969641411069e-16,1.859871127697774e-14,0.18279193909630023
87,12,404520,occupancy,10,400497,flow,4,4.0156356850660063e-28,6.80295927822947e-26,0.24317297101892876
87,12,404520,occupancy,10,400497,flow,5,8.921361323654881e-13,5.5613680978627825e-11,0.1594297984109414
87,12,404520,occupancy,10,400497,flow,8,8.520537319978624e-14,5.870609445344124e-12,0.1663793505739498
87,12,404520,occupancy,10,400497,flow,9,5.378626009662878e-70,1.904562652601937e-67,0.3819577088725437
87,12,404520,occupancy,10,400497,flow,10,1.6974440445025544e-115,8.62700973206004e-113,0.48095757412171275
87,12,404520,occupancy,10,400497,flow,11,2.141806896322739e-81,8.261255171530564e-79,0.41004469854729425
87,12,404520,occupancy,10,400497,flow,12,6.359574729577118e-09,2.6165107458831573e-07,0.12983556000779323
87,12,404520,occupancy,11,405841,flow,4,0.0001020708115755672,0.001653340479964193,0.0870798754219592
87,12,404520,occupancy,11,405841,flow,5,2.124375294005154e-05,0.0004249002095431994,0.09524173409108304
87,12,404520,occupancy,11,405841,flow,6,0.005663177367772109,0.042791347605523423,0.06206155090577684
87,12,404520,occupancy,11,405841,flow,9,0.0015102610489877246,0.015379175714483006,0.07114800693481056
87,12,404520,occupancy,11,405841,flow,10,7.491325460392343e-07,2.1603822422493273e-05,0.11076176408018705
87,12,404520,occupancy,11,405841,flow,11,0.0002261721530320417,0.0032246326768924755,0.0826629810303879
87,12,404520,occupancy,12,404520,flow,2,0.00045642006406104176,0.005775438420456064,-0.07858022277670186
87,12,404520,occupancy,12,404520,flow,4,0.00019214704204968957,0.0028043081812657395,0.08358528866889148
87,12,404520,occupancy,12,404520,flow,5,2.5385558466664954e-10,1.2605242824826735e-08,0.14129681548176998
87,12,404520,occupancy,12,404520,flow,6,9.161644674624202e-11,4.751297118172455e-09,0.14473579690263505
87,12,404520,occupancy,12,404520,flow,7,2.018305472816551e-12,1.222872320135694e-10,0.15694066764556902
87,12,404520,occupancy,12,404520,flow,8,2.2177962274392144e-20,2.541347401203556e-18,0.20550311792369066
87,12,404520,occupancy,12,404520,flow,9,1.0629234373761649e-32,2.1659571931438833e-30,0.2626881918534752
87,12,404520,occupancy,12,404520,flow,10,1.032630154572953e-34,2.241689581786511e-32,0.2707695121972374
87,12,404520,occupancy,12,404520,flow,11,3.596913520260625e-17,3.2781996640350002e-15,0.18749827939235172
87,12,404520,occupancy,13,400183,flow,3,0.006849554549880738,0.049523139172359475,0.06065993254126696
87,12,404520,occupancy,14,401469,flow,1,3.021270029389925e-09,1.2961158418038208e-07,0.1325709278594146
87,12,404520,occupancy,14,401469,flow,2,8.510006388372028e-06,0.000191574922343758,0.0997122762302882
87,12,404520,occupancy,15,401472,flow,1,4.648910093964461e-43,1.181370094466263e-40,0.30166017377250076
87,12,404520,occupancy,15,401472,flow,2,1.5169629466408666e-31,3.019944667967071e-29,0.2579223249760508
87,12,404520,occupancy,15,401472,flow,3,3.794499181925184e-23,5.122573895598998e-21,0.21977185462513543
87,12,404520,occupancy,15,401472,flow,4,3.321946581486823e-21,3.964311942547811e-19,0.20986429859211927
87,12,404520,occupancy,15,401472,flow,5,4.8117937158055204e-21,5.710700234142815e-19,0.2090208082619409
87,12,404520,occupancy,15,401472,flow,6,1.76770456243264e-20,2.0528182015346785e-18,0.20602936230166513
87,12,404520,occupancy,15,401472,flow,7,4.686565647480919e-19,4.9866905411619627e-17,0.19828095950514577
87,12,404520,occupancy,15,401472,flow,8,3.406434130925276e-19,3.6425236251478204e-17,0.1990492357241332
87,12,404520,occupancy,15,401472,flow,9,6.171168967118426e-24,8.65566556427e-22,0.22366061461498754
87,12,404520,occupancy,15,401472,flow,10,1.784574315183339e-31,3.4883986613538573e-29,0.25762780936820523
87,12,404520,occupancy,15,401472,flow,11,7.607664968232412e-38,1.8258395923757788e-35,0.2828253084325552
87,12,404520,occupancy,15,401472,flow,12,6.7765561554645134e-37,1.5654931867169357e-34,0.2792336951517328
87,12,404520,occupancy,16,405838,flow,1,0.00013942469848686993,0.0021511239195117077,0.08537335381595929
87,12,404520,occupancy,16,405838,flow,8,0.0003292567830460969,0.004388735892499657,-0.08050234887014547
87,12,404520,occupancy,16,405838,flow,9,9.536095240695409e-05,0.0015628198573522068,-0.08744793097053732
87,12,404520,occupancy,17,400260,flow,1,2.402107108082721e-19,2.6073122379189335e-17,0.19988685988908872
87,12,404520,occupancy,17,400260,flow,2,2.209710395156823e-10,1.1061354469382938e-08,0.14176984253580308
87,12,404520,occupancy,17,400260,flow,3,1.3260693798918157e-07,4.406630554717418e-06,0.11803255130219797
87,12,404520,occupancy,17,400260,flow,4,8.340569673580047e-05,0.0013960194106883302,0.08816887623590006
87,12,404520,occupancy,17,400260,flow,5,0.001534242118456904,0.01558778445845208,0.0710456253698177
87,12,404520,occupancy,17,400260,flow,9,0.0013825502400301624,0.014329695386109169,0.07171982892188283
87,12,404520,occupancy,17,400260,flow,10,6.852225915526128e-11,3.596794162220276e-09,0.14570104145536183
87,12,404520,occupancy,17,400260,flow,11,5.50157510048192e-23,7.073453700619613e-21,0.2189672589932773
87,12,404520,occupancy,17,400260,flow,12,2.1416515062214622e-26,3.3280339952793946e-24,0.2353393280996537
87,12,404520,occupancy,18,404528,flow,1,9.883996111599403e-18,9.446651150909163e-16,0.19072699923555886
87,12,404520,occupancy,18,404528,flow,2,2.593791090909522e-09,1.123889419531508e-07,0.13312476639081483
87,12,404520,occupancy,18,404528,flow,3,1.695162734575528e-05,0.0003495161302113124,0.09636265218994779
87,12,404520,occupancy,18,404528,flow,4,7.779294718533332e-06,0.00017696973767279616,0.10014092988567876
87,12,404520,occupancy,18,404528,flow,5,2.8679923844435715e-06,7.318208565148393e-05,0.10479411310585039
87,12,404520,occupancy,18,404528,flow,6,0.0002907434162744081,0.00398733828033474,0.08122377575205843
87,12,404520,occupancy,18,404528,flow,10,1.5011012425552041e-05,0.00031479404698245056,0.09696146556947066
87,12,404520,occupancy,18,404528,flow,11,1.3142315888019652e-06,3.613927729869185e-05,0.10830116140835203
87,12,404520,occupancy,18,404528,flow,12,0.0007019437452001459,0.00825816170823701,0.0759808061252318
87,12,404520,occupancy,19,401795,flow,1,3.467425429406194e-11,1.863094260576462e-09,0.147939979949733
87,12,404520,occupancy,19,401795,flow,2,8.832586674327298e-07,2.5185989724814474e-05,0.11004620467157901
87,12,404520,occupancy,19,401795,flow,3,9.77521416310354e-05,0.001596556717754529,0.08731404275584423
87,12,404520,occupancy,19,401795,flow,4,0.005279952881543415,0.04064397086291438,0.06257125702738016
87,12,404520,occupancy,19,401795,flow,11,1.276419919602765e-05,0.0002720342403889464,0.09775472131315686
87,12,404520,occupancy,19,401795,flow,12,4.986563882830303e-07,1.4887322718608784e-05,0.11251132418853198
87,12,404520,speed,0,400593,flow,9,0.0016876448343332794,0.016748751159494257,-0.07042355169088893
87,12,404520,speed,4,400316,flow,3,0.00580240194336848,0.0436138702217829,0.061884055722607856
87,12,404520,speed,4,400316,flow,10,0.002531371457384488,0.023027005045064202,-0.06772195591469699
87,12,404520,speed,4,400316,flow,11,2.493934100850142e-07,7.864084172023804e-06,-0.11543129114149435
87,12,404520,speed,6,405843,flow,1,0.0005289836505573729,0.0065161373550266626,-0.07769792087305795
87,12,404520,speed,8,401448,flow,1,0.0037960850403246393,0.031500359919712714,-0.0649259176190101
87,12,404520,speed,10,400497,flow,3,0.00023664000696171732,0.0033517535412282582,0.08240538230848293
87,12,404520,speed,10,400497,flow,10,0.0005905630004501458,0.007129527002859317,-0.07703356359720592
87,12,404520,speed,10,400497,flow,11,0.00013556176482405662,0.0020990208746950703,-0.08552837526725697
87,12,404520,speed,10,400497,flow,12,0.0034230392072113623,0.029086407110843992,-0.06564934474884393
87,12,404520,speed,11,405841,flow,1,0.0005037248601226419,0.00627568823884009,0.07799148795383136
87,12,404520,speed,12,404520,flow,1,0.003425446958410598,0.029101142301541358,0.06564445014265878
87,12,404520,speed,12,404520,flow,3,5.354712985950464e-06,0.0001275916166536459,0.1019060167522044
87,12,404520,speed,12,404520,flow,11,0.000234167384834473,0.0033221776764693705,-0.08246525169277968
87,12,404520,speed,16,405838,flow,4,0.001034765969565886,0.011343574270204984,-0.07356781255601832
87,12,404520,speed,17,400260,flow,1,0.0009589050974652459,0.010659984614127283,-0.07404668583006732
87,12,404520,speed,17,400260,flow,2,6.480642436760483e-06,0.00015100526066238017,-0.1010077275458983
87,12,404520,speed,19,401795,flow,11,0.000967055832125179,0.010731264307168696,0.07399358531167252
87,13,400183,flow,0,400593,flow,3,0.0001107811162101853,0.0017685677088987454,0.08663473276429037
87,13,400183,flow,0,400593,flow,4,0.00017181308751795416,0.0025682786784690724,0.08421276751233028
87,13,400183,flow,0,400593,flow,6,0.003948022323435524,0.03249255618175563,0.06464965871800199
87,13,400183,flow,0,400593,flow,10,3.2486332570857876e-11,1.75645753073975e-09,0.14815243836427192
87,13,400183,flow,1,400125,flow,2,0.0018827442183977654,0.01822827212792099,0.06970350815715047
87,13,400183,flow,2,400331,flow,2,0.0004965924053108765,0.006198437419656129,0.07807686761446739
87,13,400183,flow,2,400331,flow,7,0.00021672749244847257,0.0031084421227669376,0.08290518353778502
87,13,400183,flow,3,400039,flow,12,6.708542603396107e-05,0.0011550778814934707,0.08932944904337295
87,13,400183,flow,7,408093,flow,11,0.0003891054558066132,0.005041798347584191,0.07952455675030605
87,13,400183,flow,8,401448,flow,7,0.000150971792682534,0.002298742272534416,0.08493295616004996
87,13,400183,flow,9,402391,flow,2,0.00028469947816736857,0.003916884540391822,0.08134503611036685
87,13,400183,flow,9,402391,flow,9,0.0007149399920515914,0.008376839613948672,0.07586826541002459
87,13,400183,flow,9,402391,flow,10,0.005201503594793594,0.04018328957351274,0.06267969979936162
87,13,400183,flow,10,400497,flow,6,0.0004958769069762789,0.00619308539502031,0.07808549550164401
87,13,400183,flow,10,400497,flow,8,0.00422506216246313,0.03428299876378798,0.0641698740736389
87,13,400183,flow,11,405841,flow,1,0.0018508605432958868,0.01800026462638053,0.06981635027553987
87,13,400183,flow,11,405841,flow,4,0.0012250954448977782,0.013013062016125896,0.07249598207466089
87,13,400183,flow,11,405841,flow,5,1.918719174207713e-05,0.00038860135173827097,0.095748927079255
87,13,400183,flow,11,405841,flow,6,0.004971183748842959,0.03888475214000434,0.06300683441662537
87,13,400183,flow,11,405841,flow,7,0.006249184866755375,0.046112834621464704,0.06133927389731683
87,13,400183,flow,11,405841,flow,8,0.0016183726843424038,0.016249715027724824,0.07069773261456276
87,13,400183,flow,11,405841,flow,9,1.1470610400369391e-05,0.00024838615002303644,0.09827423582002474
87,13,400183,flow,11,405841,flow,10,0.0032081573371493632,0.027663153086796906,0.06609931092391896
87,13,400183,flow,13,400183,flow,1,6.519311240456117e-19,6.835782659895734e-17,0.19733655186297192
87,13,400183,flow,13,400183,flow,2,1.8104611552858595e-30,3.4005183438412665e-28,0.25326224925926716
87,13,400183,flow,13,400183,flow,3,7.127979717501838e-25,1.0473766115512906e-22,0.22813262954561608
87,13,400183,flow,13,400183,flow,4,0.003598918517666192,0.030218324579821088,0.0652997856476104
87,13,400183,flow,13,400183,flow,5,8.533365949330597e-09,3.442029962755199e-07,0.12873924920738572
87,13,400183,flow,13,400183,flow,6,8.688784091251222e-09,3.4981870712213676e-07,0.12867165161772975
87,13,400183,flow,13,400183,flow,7,0.00027468313141453015,0.003794790942471283,0.08155140563392434
87,13,400183,flow,13,400183,flow,9,0.00510427268496472,0.03972339758430479,0.06281617320748945
87,13,400183,flow,13,400183,flow,10,0.00597934747914961,0.044581948757208,0.06166392679420237
87,13,400183,flow,13,400183,flow,12,0.0035898596936745544,0.030166937195948772,0.0653174065708106
87,13,400183,flow,14,401469,flow,9,1.7190962126987215e-05,0.0003531381663746304,0.09629337699528548
87,13,400183,flow,14,401469,flow,10,0.003913011107834086,0.03225993890428102,0.06471245094572517
87,13,400183,flow,17,400260,flow,8,0.0016606687610374903,0.016549225023487792,0.07052907135343472
87,13,400183,flow,17,400260,flow,9,0.003687950184410011,0.030792316962990424,0.06512871675155224
87,13,400183,flow,18,404528,flow,3,0.005815933048424038,0.04365739490737071,0.06186701034304621
87,13,400183,flow,19,401795,flow,1,0.00011392666931568365,0.0018100890453981368,0.08648205583157516
87,13,400183,flow,19,401795,flow,7,0.00011102716680075881,0.0017705328925037948,0.08662264373041445
87,13,400183,flow,19,401795,flow,12,0.0048841919662849145,0.0383840445594885,0.0631339659846803
87,13,400183,occupancy,0,400593,flow,4,0.006038697772823218,0.04490820171905027,0.061591404833310076
87,13,400183,occupancy,0,400593,flow,10,1.1074645858662724e-06,3.094597031657372e-05,0.10905611723472927
87,13,400183,occupancy,2,400331,flow,7,0.006125419599521038,0.045412412338992424,0.061486582119624746
87,13,400183,occupancy,2,400331,flow,9,0.001906103758196195,0.018409050380969287,0.06962194241542714
87,13,400183,occupancy,8,401448,flow,7,0.0003397721726111285,0.004505266377164134,0.0803191106909872
87,13,400183,occupancy,9,402391,flow,2,8.064719808413299e-05,0.0013540830169105724,0.08834904428740953
87,13,400183,occupancy,13,400183,flow,3,5.816384265357354e-15,4.494951704175988e-13,-0.1739753462395145
87,13,400183,occupancy,14,401469,flow,5,0.004619369442727074,0.03674401766264216,0.0635339944430515
87,13,400183,occupancy,14,401469,flow,9,0.000644845237754678,0.007695390682597263,0.07649937260165345
87,13,400183,occupancy,14,401469,flow,10,0.00012964020666087346,0.0020191253664004205,0.08577427802627231
87,13,400183,speed,13,400183,flow,1,0.002346166733884382,0.021726560107996847,-0.06823526623011394
87,14,401469,flow,0,400593,flow,4,0.004313135773935214,0.03483821294900559,0.06402331524866249
87,14,401469,flow,0,400593,flow,5,0.0013605508475273422,0.014152611753715672,0.07182321527485791
87,14,401469,flow,2,400331,flow,4,0.0005251741216375085,0.006487710052828244,0.07774134939648664
87,14,401469,flow,4,400316,flow,6,0.00026397147335651484,0.0036726465858297717,0.08178004981149777
87,14,401469,flow,4,400316,flow,11,0.0014698567518425692,0.015036185574141367,0.07132393773120269
87,14,401469,flow,5,400503,flow,12,0.005830205699163284,0.0437280399152165,0.06184906949786585
87,14,401469,flow,6,405843,flow,5,0.005242151657246151,0.04042730804048798,0.06262332787605702
87,14,401469,flow,6,405843,flow,8,0.00020042341645730349,0.002909372174380212,-0.08334760619542253
87,14,401469,flow,7,408093,flow,7,0.00672089195464988,0.04883810469989483,-0.060800883326352195
87,14,401469,flow,8,401448,flow,8,0.0022778309441852727,0.021198254370703096,0.06843407180874679
87,14,401469,flow,8,401448,flow,11,0.0041476699222778805,0.03379467005703592,0.06430096236889717
87,14,401469,flow,8,401448,flow,12,0.00043989570574040464,0.0056074046881043026,0.07879936136666274
87,14,401469,flow,9,402391,flow,6,0.0009074576642482391,0.010182382102733489,0.07439182802259983
87,14,401469,flow,9,402391,flow,8,0.006898092390898155,0.04978242420427669,0.060607375961227956
87,14,401469,flow,9,402391,flow,11,0.0037533723752533124,0.031251047148407894,0.06500538735130611
87,14,401469,flow,9,402391,flow,12,0.003060310197788694,0.02667748021550206,0.06642512895326645
87,14,401469,flow,10,400497,flow,10,0.0022462550905472814,0.02097216769216394,0.06852778427187269
87,14,401469,flow,10,400497,flow,11,0.00040977589943928545,0.005266979725015511,0.07921933068499526
87,14,401469,flow,11,405841,flow,3,0.0021773496647986275,0.02048377733434249,0.06873654656421146
87,14,401469,flow,11,405841,flow,4,4.311599872580662e-05,0.0007889077276386473,0.0916440467509921
87,14,401469,flow,11,405841,flow,12,0.0007549308486715473,0.008755171184593515,0.07553350364474791
87,14,401469,flow,12,404520,flow,6,0.00014975677012940574,0.002285199326012302,0.08497777533464944
87,14,401469,flow,12,404520,flow,11,0.0028501294778858427,0.02530324567296926,0.06691391999470162
87,14,401469,flow,13,400183,flow,2,0.00023237990415980001,0.003304414700363186,0.08250890209391182
87,14,401469,flow,13,400183,flow,3,0.004834160826156912,0.038073974054690714,0.06320801262267657
87,14,401469,flow,14,401469,flow,1,2.7711734909083695e-97,1.1971469480724157e-94,0.44498476935441816
87,14,401469,flow,14,401469,flow,2,6.199317699090773e-18,6.072801011354226e-16,0.19189532034209683
87,14,401469,flow,14,401469,flow,3,3.4723822708770804e-06,8.650917768275079e-05,0.103917609118884
87,14,401469,flow,14,401469,flow,4,1.9228414671228005e-06,5.096119716546318e-05,0.10660458943231427
87,14,401469,flow,14,401469,flow,6,1.120514442261742e-09,5.122351736053677e-08,0.1361320866909227
87,14,401469,flow,14,401469,flow,7,9.294101044243305e-07,2.6362781688201628e-05,0.10982402622622423
87,14,401469,flow,14,401469,flow,10,0.004256807292799432,0.034495230735122014,0.06411673221918161
87,14,401469,flow,14,401469,flow,11,0.004539431729934689,0.03624832730742672,0.06365882420745937
87,14,401469,flow,14,401469,flow,12,0.0004625060418593859,0.005824894227101357,0.07850137369308405
87,14,401469,flow,16,405838,flow,1,9.42230388492776e-06,0.00020927687806112044,0.09922393945274433
87,14,401469,flow,16,405838,flow,2,0.005147440673048582,0.039894050426210755,0.06275529534803226
87,14,401469,flow,16,405838,flow,6,4.768180285823587e-05,0.0008589882750107547,0.0911217950816266
87,14,401469,flow,16,405838,flow,9,0.0007367178880582338,0.00858312102592117,0.07568387000777067
87,14,401469,flow,16,405838,flow,12,0.0008129061265170931,0.009280535059603178,0.07507631015050935
87,14,401469,flow,17,400260,flow,1,0.002180503323588368,0.020500053009579435,0.06872686068624412
87,14,401469,flow,17,400260,flow,6,0.0011884792473510078,0.012699056081965565,0.07268962965598973
87,14,401469,flow,17,400260,flow,12,0.00022145250250222922,0.003165700896127168,0.08278280221618459
87,14,401469,flow,18,404528,flow,6,0.0029610996499871197,0.026052852317605613,0.0666519048978288
87,14,401469,flow,18,404528,flow,11,4.6514460067137806e-06,0.00011238393036355444,0.10256400305541623
87,14,401469,occupancy,0,400593,flow,3,0.0021915446043842294,0.020581462371608416,-0.06869305024367714
87,14,401469,occupancy,4,400316,flow,12,0.001864715525641556,0.01810240690061016,0.06976709746472856
87,14,401469,occupancy,8,401448,flow,5,0.0021201748070632507,0.020046301524432573,0.06891441465457154
87,14,401469,occupancy,10,400497,flow,2,0.0009832299370351753,0.010880003401618743,-0.07388942920243215
87,14,401469,occupancy,10,400497,flow,3,0.002695834667001974,0.024228184370564725,-0.06729414135394209
87,14,401469,occupancy,10,400497,flow,5,2.0890353511500822e-05,0.00041916547686801463,0.09532546948297807
87,14,401469,occupancy,10,400497,flow,6,0.002887026845977809,0.025562525055593636,0.06682578343858042
87,14,401469,occupancy,10,400497,flow,9,0.0019248008304514582,0.018531623774348784,-0.069557315160214
87,14,401469,occupancy,10,400497,flow,11,2.683441935545795e-05,0.000519325783273996,0.09406840128738099
87,14,401469,occupancy,10,400497,flow,12,0.004103097638767537,0.03352001096723858,0.06437746951046024
87,14,401469,occupancy,11,405841,flow,3,0.0005152642839504667,0.006387237143730474,-0.0778557105799277
87,14,401469,occupancy,11,405841,flow,7,0.0035435047034976805,0.029851677689372035,0.06540821228276196
87,14,401469,occupancy,14,401469,flow,4,1.9008508383760801e-06,5.045169468512301e-05,0.10665624515133029
87,14,401469,occupancy,18,404528,flow,8,0.006493695889335745,0.04756041539990291,0.06105580578476122
87,14,401469,occupancy,19,401795,flow,6,0.005814396076977349,0.04365739490737071,-0.0618689446943227
87,14,401469,occupancy,19,401795,flow,10,0.0018645652958108416,0.01810240690061016,-0.06976762970978909
87,14,401469,speed,3,400039,flow,12,0.0037644982170514144,0.03132851531046448,-0.06498460819724432
87,14,401469,speed,4,400316,flow,12,0.004565272445284212,0.03638609944392593,-0.0636182555209924
87,14,401469,speed,5,400503,flow,8,0.003395976718963541,0.028940256812222304,-0.06570457532054613
87,14,401469,speed,6,405843,flow,12,0.003171543843450867,0.02746806215659131,-0.06617870336617791
87,14,401469,speed,7,408093,flow,11,0.0026091444082931405,0.023605243651992392,-0.06751657786570296
87,14,401469,speed,8,401448,flow,3,0.0031025027208140387,0.026951159770594504,-0.06633071008017848
87,14,401469,speed,8,401448,flow,5,0.00025260603525536097,0.0035453478632331364,-0.08203235583040566
87,14,401469,speed,9,402391,flow,6,0.0016013174775165993,0.016121397116923116,-0.07076689179735887
87,14,401469,speed,10,400497,flow,5,3.904167468117797e-06,9.610258383059193e-05,-0.10337693124467365
87,14,401469,speed,10,400497,flow,6,0.0008994589522265415,0.010105022818837142,-0.0744471089328944
87,14,401469,speed,10,400497,flow,11,2.1818381767985204e-06,5.729812111714048e-05,-0.10603553661909725
87,14,401469,speed,10,400497,flow,12,0.0010381750593252926,0.01137149152202146,-0.07354706380093136
87,14,401469,speed,12,404520,flow,5,0.0016660460195801576,0.016572228424099198,-0.07050791253633507
87,14,401469,speed,12,404520,flow,12,0.0033190840119558004,0.028426730633721368,-0.0658637161557933
87,14,401469,speed,15,401472,flow,1,0.00010795250988357849,0.0017317298280618606,-0.08677555673530082
87,14,401469,speed,15,401472,flow,2,0.004398997785085304,0.035358642904306056,-0.06388302389368315
87,14,401469,speed,15,401472,flow,3,0.00018373462048977627,0.0027089882611461896,-0.08383694196041468
87,14,401469,speed,15,401472,flow,4,0.0001368783102427422,0.0021178878948733748,-0.08547507976089541
87,14,401469,speed,15,401472,flow,5,4.362221055042568e-06,0.0001059887230471535,-0.10286269274668094
87,14,401469,speed,15,401472,flow,6,9.175516822305773e-08,3.1533995761623655e-06,-0.11952391932792804
87,14,401469,speed,15,401472,flow,7,1.0695826461583991e-10,5.5138389396232506e-09,-0.14421862641121957
87,14,401469,speed,15,401472,flow,8,1.1984502177421853e-06,3.3337443275249456e-05,-0.10870851562292169
87,14,401469,speed,15,401472,flow,9,4.469411342543641e-07,1.3511446465912195e-05,-0.11297755848613657
87,14,401469,speed,15,401472,flow,10,0.00011088164671401274,0.001768865265157072,-0.0866297904133623
87,14,401469,speed,15,401472,flow,11,0.00016611373049242207,0.0024934375112135626,-0.084401182152682
87,14,401469,speed,15,401472,flow,12,0.00018951633974776189,0.002773899953772347,-0.08366285391293085
87,14,401469,speed,17,400260,flow,7,0.0019481154321592243,0.018735215197969387,-0.06947752939189061
87,14,401469,speed,18,404528,flow,1,0.0018259191031718325,0.017825922091982634,-0.06990587351460285
87,14,401469,speed,18,404528,flow,7,0.004588940591527239,0.03652888033056509,-0.06358127961113617
87,15,401472,flow,0,400593,flow,10,0.0014259241708703858,0.014677132280581527,0.07152035865129852
87,15,401472,flow,0,400593,flow,12,0.002802353268258862,0.024971464766663128,0.06702960245743465
87,15,401472,flow,2,400331,flow,1,0.0016184438675943165,0.016249715027724824,0.07069744537250683
87,15,401472,flow,2,400331,flow,6,0.00166332435199238,0.01656505965035359,0.07051861408671838
87,15,401472,flow,2,400331,flow,7,0.0003648019514123161,0.004779934577195043,0.07990342450968516
87,15,401472,flow,2,400331,flow,12,0.006823715742020055,0.0494190310235149,0.06068804722644342
87,15,401472,flow,3,400039,flow,1,5.749497992649911e-10,2.7204634532582272e-08,0.13844221763678594
87,15,401472,flow,3,400039,flow,2,2.6843853565991505e-05,0.000519325783273996,0.0940666256560758
87,15,401472,flow,3,400039,flow,3,0.0003139843941292745,0.00423481917776605,0.08077847219290459
87,15,401472,flow,3,400039,flow,4,0.00010750793751906942,0.0017258799334164989,0.08679800579771099
87,15,401472,flow,3,400039,flow,5,0.00010576163784884828,0.0017029082203019925,0.08688704226165928
87,15,401472,flow,3,400039,flow,6,0.00034265537113297025,0.004533755599676666,0.08026979513499782
87,15,401472,flow,3,400039,flow,7,0.0024262697543610315,0.022286807014330546,0.06800886362832115
87,15,401472,flow,3,400039,flow,9,0.00041194755626056405,0.005288598642037553,0.0791881024430106
87,15,401472,flow,3,400039,flow,10,8.793935020279988e-06,0.00019686694383371024,0.09955514226680931
87,15,401472,flow,3,400039,flow,11,1.1559185505852828e-05,0.00024992833526168274,0.09823692331516813
87,15,401472,flow,3,400039,flow,12,5.4359043884934375e-05,0.0009636071792487341,0.09043762332892451
87,15,401472,flow,4,400316,flow,1,0.0008416817609349516,0.009553508164054102,-0.07486050795603771
87,15,401472,flow,4,400316,flow,2,0.0053936690367824836,0.0412950951474477,-0.06241661783630945
87,15,401472,flow,5,400503,flow,1,0.0024376889514135212,0.022367919010421435,0.06797714698333676
87,15,401472,flow,5,400503,flow,2,0.005222582884417616,0.040324500555288835,0.06265041697652167
87,15,401472,flow,5,400503,flow,3,0.0025405027454254675,0.0230760552149664,0.06769754612786247
87,15,401472,flow,5,400503,flow,4,0.0024154226662106964,0.022210783137569624,0.06803911793335733
87,15,401472,flow,5,400503,flow,5,0.0005188606927729745,0.006420733866454455,0.07781397247482852
87,15,401472,flow,5,400503,flow,6,0.0017866900516797437,0.017513093928790264,0.07004897785689945
87,15,401472,flow,5,400503,flow,7,0.0009383079801227922,0.010474135592068378,0.07418275709548909
87,15,401472,flow,5,400503,flow,8,2.104052323393265e-05,0.0004219826386749724,0.09528972447001773
87,15,401472,flow,5,400503,flow,9,2.8045276537927316e-05,0.000539668573023813,0.09384521290116388
87,15,401472,flow,5,400503,flow,10,0.003279960734855547,0.028141867675423954,0.06594597973889517
87,15,401472,flow,5,400503,flow,11,0.00014577877714790758,0.002230833571657672,0.08512694563317345
87,15,401472,flow,5,400503,flow,12,2.6731133900807385e-05,0.0005176639671044751,0.09408787973663868
87,15,401472,flow,6,405843,flow,1,1.3008824567521828e-06,3.586351125187894e-05,0.10834632830675406
87,15,401472,flow,6,405843,flow,2,9.51812693579221e-05,0.0015616524254698956,0.08745811939490408
87,15,401472,flow,6,405843,flow,3,0.0003821207690724088,0.004969273783539146,0.07963112497674463
87,15,401472,flow,6,405843,flow,4,1.6937007114534105e-06,4.5474127243497415e-05,0.10717311707476844
87,15,401472,flow,6,405843,flow,5,0.00014552500613031465,0.002228528984342288,0.08513659124453739
87,15,401472,flow,6,405843,flow,6,2.3933696089866204e-05,0.00047125600322799456,0.09464463488169517
87,15,401472,flow,6,405843,flow,7,0.0001498075113719176,0.002285199326012302,0.08497589678246918
87,15,401472,flow,6,405843,flow,8,0.00019400021326424242,0.002828487753295738,0.0835312450632193
87,15,401472,flow,6,405843,flow,9,0.005071772568518797,0.03952743549702544,0.06286231425356992
87,15,401472,flow,6,405843,flow,10,0.00013502254445635744,0.002092171420557619,0.0855503443970429
87,15,401472,flow,6,405843,flow,11,3.630609043454203e-07,1.1099951215656162e-05,0.11385761719120198
87,15,401472,flow,6,405843,flow,12,0.001620173091610969,0.016249715027724824,0.07069047109228514
87,15,401472,flow,7,408093,flow,1,7.853059594159237e-05,0.0013221051226331999,0.08849127874117234
87,15,401472,flow,7,408093,flow,2,1.0024067120077357e-06,2.831399948352688e-05,0.10949340700473499
87,15,401472,flow,7,408093,flow,3,1.536461950761891e-07,5.036948282518974e-06,0.11743105539474341
87,15,401472,flow,7,408093,flow,4,2.040410966323267e-07,6.529315092234454e-06,0.11626394817446989
87,15,401472,flow,7,408093,flow,5,1.0486073175133048e-05,0.00022964700028245394,0.09870855964995104
87,15,401472,flow,7,408093,flow,6,1.0127084070004826e-06,2.855679058904755e-05,0.10944862465472938
87,15,401472,flow,7,408093,flow,7,8.654712888568063e-07,2.4711407586658314e-05,0.1101348304061004
87,15,401472,flow,7,408093,flow,8,7.96415461796049e-09,3.224474971845297e-07,0.12899747147990562
87,15,401472,flow,7,408093,flow,9,1.8542719802109042e-06,4.9447252805624114e-05,0.10676757993863896
87,15,401472,flow,7,408093,flow,10,3.713650061182161e-05,0.0006914299037892585,0.09241363995792296
87,15,401472,flow,7,408093,flow,11,1.6109044666355417e-05,0.00033345027771277145,0.09661417824951067
87,15,401472,flow,7,408093,flow,12,3.1331519913786863e-06,7.901469120114375e-05,0.10438966828479142
87,15,401472,flow,8,401448,flow,11,0.0026875082430467983,0.024199127343932206,0.06731522010161624
87,15,401472,flow,8,401448,flow,12,0.004566792388540888,0.03638609944392593,0.06361587576021213
87,15,401472,flow,9,402391,flow,1,0.0014415013852446912,0.014791653169256689,0.07145008360439256
87,15,401472,flow,9,402391,flow,5,0.004758781133018704,0.03759680778098171,0.0633208944015652
87,15,401472,flow,9,402391,flow,6,0.0005253646902369822,0.006488208867420707,0.07773916996003828
87,15,401472,flow,9,402391,flow,7,5.084195913681078e-07,1.515785117122309e-05,0.11242856489708383
87,15,401472,flow,9,402391,flow,8,8.261601821648139e-05,0.0013838743648514915,0.08821987124303031
87,15,401472,flow,9,402391,flow,9,0.0005554890143619861,0.006776934600519006,0.07740358062375702
87,15,401472,flow,9,402391,flow,10,5.329624828361912e-06,0.00012706390319273432,0.1019280279451955
87,15,401472,flow,9,402391,flow,11,1.8896190850740175e-06,5.026572935664875e-05,0.10668285016060287
87,15,401472,flow,9,402391,flow,12,2.3544583553370787e-05,0.00046486563505741227,0.094726934159773
87,15,401472,flow,10,400497,flow,3,2.774249444096003e-06,7.104183520150998e-05,0.1049457270236041
87,15,401472,flow,10,400497,flow,4,1.4976000275844145e-07,4.920464444374332e-06,0.11753590766342555
87,15,401472,flow,10,400497,flow,5,3.962078242890278e-06,9.7085524726523e-05,0.10330881774888702
87,15,401472,flow,10,400497,flow,6,0.00024598461044839586,0.0034693226155307548,0.0821842969641665
87,15,401472,flow,10,400497,flow,9,2.6627998662257443e-06,6.867639057967292e-05,0.10513250492572812
87,15,401472,flow,10,400497,flow,10,3.3601901153813223e-13,2.163341475178437e-11,0.1623560293328554
87,15,401472,flow,10,400497,flow,11,1.0080857875785314e-08,4.013760923814982e-07,0.12811376601724
87,15,401472,flow,11,405841,flow,2,0.004132103525757039,0.033686897964277054,0.0643275965921476
87,15,401472,flow,11,405841,flow,3,0.0054211315616546855,0.04144975939918705,0.062379713677921965
87,15,401472,flow,11,405841,flow,4,0.0030752323717956652,0.02676269912602191,0.06639160113912203
87,15,401472,flow,11,405841,flow,5,1.3170115438440529e-05,0.00027917025855771877,0.0976020283299786
87,15,401472,flow,11,405841,flow,7,0.0024797182676283137,0.02263817184309872,0.06786156971848668
87,15,401472,flow,11,405841,flow,9,0.002470131474581505,0.022588839903031545,0.0678877740708561
87,15,401472,flow,11,405841,flow,11,0.002404745015836629,0.022136791935179815,0.06806902126001686
87,15,401472,flow,12,404520,flow,5,0.005128793822597808,0.03983945254705931,0.06278153537251044
87,15,401472,flow,12,404520,flow,6,9.292055417577329e-05,0.0015274611645332596,0.08758788135901234
87,15,401472,flow,12,404520,flow,7,0.0010385682974414414,0.011372915196316925,0.0735446744885603
87,15,401472,flow,12,404520,flow,9,0.0022856326421349183,0.021261789998136403,0.06841110079791568
87,15,401472,flow,12,404520,flow,10,1.676202166595328e-05,0.0003461373498896662,0.09641819775685223
87,15,401472,flow,12,404520,flow,11,0.0002511726001617718,0.003528668724223916,0.08206492948835728
87,15,401472,flow,13,400183,flow,7,0.005534489320503304,0.042056277686146476,0.06222914643752614
87,15,401472,flow,13,400183,flow,11,0.0012754285828066063,0.013448502508480691,0.07223833167612038
87,15,401472,flow,14,401469,flow,9,0.0005853672056315369,0.007080534756893024,0.07708706560399377
87,15,401472,flow,14,401469,flow,11,0.0061832255825127825,0.04575459834952932,0.06141745002248521
87,15,401472,flow,14,401469,flow,12,0.0035053431922002763,0.02961682493703343,0.0654837817492656
87,15,401472,flow,15,401472,flow,1,0.0,0.0,0.7972525325436656
87,15,401472,flow,15,401472,flow,2,0.0,0.0,0.7376485377626939
87,15,401472,flow,15,401472,flow,3,7.885950262922162e-260,1.3626922054329494e-256,0.6706675546123052
87,15,401472,flow,15,401472,flow,4,2.6223799910493703e-232,2.9812319898245473e-229,0.6431958911393286
87,15,401472,flow,15,401472,flow,5,1.5794315195834084e-186,1.240571666290968e-183,0.5899370718791748
87,15,401472,flow,15,401472,flow,6,2.4903835121365334e-161,1.7636814381032499e-158,0.5556954829474782
87,15,401472,flow,15,401472,flow,7,8.43432906786843e-140,5.280623416404583e-137,0.5228977822884496
87,15,401472,flow,15,401472,flow,8,5.892586643338388e-119,3.263586448618184e-116,0.4872965783759982
87,15,401472,flow,15,401472,flow,9,1.6604573815116727e-100,7.550711461189923e-98,0.45183294882601105
87,15,401472,flow,15,401472,flow,10,1.4528909418239535e-91,6.093678513281048e-89,0.43300883625329384
87,15,401472,flow,15,401472,flow,11,5.764525440563563e-82,2.2638863548395082e-79,0.411380426390772
87,15,401472,flow,15,401472,flow,12,4.6896397767837696e-76,1.7024574651853684e-73,0.3972249649903673
87,15,401472,flow,17,400260,flow,3,0.0007823141823584377,0.008990681744582205,0.0753136441742648
87,15,401472,flow,17,400260,flow,4,0.002826384096168186,0.025145536936956932,0.06697119261754933
87,15,401472,flow,17,400260,flow,6,0.0012766129271155184,0.013454422652205512,0.07223238284422873
87,15,401472,flow,17,400260,flow,7,0.0005093219163460951,0.006335360433674433,0.0779252729688448
87,15,401472,flow,17,400260,flow,8,0.00038616926219422457,0.005008259419630893,0.07956913605047265
87,15,401472,flow,17,400260,flow,9,0.0006811838631038289,0.008062230927694633,0.07616465432506014
87,15,401472,flow,17,400260,flow,10,0.00010549054433694506,0.001699810337693408,0.08690098832553678
87,15,401472,flow,17,400260,flow,11,2.0869404584311345e-08,7.823614658204789e-07,0.12534701568457052
87,15,401472,flow,17,400260,flow,12,2.7343048103263017e-09,1.1765136235666956e-07,0.1329334969933369
87,15,401472,occupancy,0,400593,flow,10,0.0004760688770331236,0.005976801943571909,0.07832907892314706
87,15,401472,occupancy,1,400125,flow,8,0.0007652012026105819,0.008838687687908325,0.07545018935209767
87,15,401472,occupancy,1,400125,flow,9,0.00012927998237695164,0.0020154800572660812,0.08578957612287239
87,15,401472,occupancy,1,400125,flow,10,3.8636501037489725e-07,1.1787407096183306e-05,0.11359489948694183
87,15,401472,occupancy,1,400125,flow,11,6.229376433494998e-06,0.0001465735631410588,0.10119447296020542
87,15,401472,occupancy,1,400125,flow,12,0.005648555876935897,0.04273438953366375,0.06208041915491951
87,15,401472,occupancy,2,400331,flow,1,0.0018752258280627988,0.018176535432447388,0.06972995816541207
87,15,401472,occupancy,2,400331,flow,6,0.00012607646981730147,0.001976234940532447,0.0859274175788444
87,15,401472,occupancy,2,400331,flow,7,4.641509890299674e-05,0.0008389674780792716,0.09126176530152408
87,15,401472,occupancy,2,400331,flow,8,0.005321492975992049,0.0408836024476003,0.06251442254921417
87,15,401472,occupancy,2,400331,flow,11,0.001968438795016685,0.01887603905543192,0.06940869149233249
87,15,401472,occupancy,2,400331,flow,12,0.0006314296783703222,0.007556166788254272,0.07662739050664541
87,15,401472,occupancy,3,400039,flow,1,9.17518727971267e-06,0.00020462988667196042,0.09932668860890752
87,15,401472,occupancy,3,400039,flow,2,0.0018269656031612866,0.017828080880182423,0.06990209476993206
87,15,401472,occupancy,3,400039,flow,3,0.0030189777289055418,0.026417608419768736,0.0665187805420174
87,15,401472,occupancy,3,400039,flow,4,0.00018578567010273326,0.0027317702343220137,0.08377460317873937
87,15,401472,occupancy,3,400039,flow,5,0.00032695874940341646,0.004377012077541863,0.0805431215369883
87,15,401472,occupancy,3,400039,flow,6,0.001217822276284634,0.012945354905387842,0.07253401764605444
87,15,401472,occupancy,3,400039,flow,7,0.0027974907905793656,0.02493842388630388,0.06704147687271915
87,15,401472,occupancy,3,400039,flow,8,0.0002705857009027643,0.0037525850012839227,0.08163786381231457
87,15,401472,occupancy,3,400039,flow,9,8.126537079294908e-10,3.783043123120043e-08,0.13726584010730603
87,15,401472,occupancy,3,400039,flow,10,1.8511638083722127e-14,1.3670132738748647e-12,0.17074194176652988
87,15,401472,occupancy,3,400039,flow,11,9.355809202354081e-10,4.313457391053322e-08,0.13676983614592628
87,15,401472,occupancy,3,400039,flow,12,2.4438686649455614e-06,6.344659033993284e-05,0.10552231991001886
87,15,401472,occupancy,4,400316,flow,1,1.0152406133110074e-07,3.4561382580800255e-06,-0.1191160020834221
87,15,401472,occupancy,4,400316,flow,2,3.1542446262316242e-06,7.945385880653422e-05,-0.10435892004800276
87,15,401472,occupancy,4,400316,flow,9,0.005497338945789406,0.04185495989744489,0.062278182467130516
87,15,401472,occupancy,4,400316,flow,10,9.365694927396153e-05,0.0015389806803480937,0.08754528917045519
87,15,401472,occupancy,5,400503,flow,6,0.0020316637360021056,0.01934469196475488,0.06919863265615607
87,15,401472,occupancy,5,400503,flow,7,0.000688831521491336,0.008139283237571623,0.07609632929758503
87,15,401472,occupancy,5,400503,flow,8,2.691433658506971e-05,0.0005204562849037652,0.09405337864124927
87,15,401472,occupancy,5,400503,flow,9,2.1162541273162017e-06,5.567733148602918e-05,0.10617324268513205
87,15,401472,occupancy,5,400503,flow,10,1.0513721090348867e-05,0.00022997101321674485,0.09869584115355623
87,15,401472,occupancy,5,400503,flow,11,1.0741286426999227e-07,3.642257249971481e-06,0.11888807812622844
87,15,401472,occupancy,5,400503,flow,12,4.314748088281939e-09,1.814967063425314e-07,0.131268235013985
87,15,401472,occupancy,6,405843,flow,1,2.1687548489867292e-05,0.00043229717458846293,0.09513843713116737
87,15,401472,occupancy,6,405843,flow,2,0.001567590164634082,0.015829802504018782,0.0709056749282677
87,15,401472,occupancy,6,405843,flow,3,0.001374548385118731,0.014270725844058921,0.07175725711082168
87,15,401472,occupancy,6,405843,flow,4,6.645592798086278e-06,0.0001543492520845845,0.10088886110992304
87,15,401472,occupancy,6,405843,flow,5,7.476573317034219e-06,0.00017125554999781456,0.10032989308012094
87,15,401472,occupancy,6,405843,flow,6,1.675115875405059e-05,0.00034607845919415854,0.0964213981740307
87,15,401472,occupancy,6,405843,flow,7,0.00029611387869341114,0.004051006368831221,0.08111799124931578
87,15,401472,occupancy,6,405843,flow,8,4.484019590352595e-08,1.5966922102529444e-06,0.12237315785872707
87,15,401472,occupancy,6,405843,flow,9,1.2547539710194983e-06,3.479163770734424e-05,0.10850590917232408
87,15,401472,occupancy,6,405843,flow,10,1.828931160191081e-09,8.145342898995329e-08,0.13438469820192234
87,15,401472,occupancy,6,405843,flow,11,2.6173768581202633e-12,1.5726102958386003e-10,0.15613976376322508
87,15,401472,occupancy,6,405843,flow,12,4.4561238347050974e-05,0.0008105454722495167,0.09147328347618885
87,15,401472,occupancy,7,408093,flow,1,0.0008398440194864259,0.009537660789120295,0.07487408405866922
87,15,401472,occupancy,7,408093,flow,2,1.5079463835204756e-05,0.0003160760978558202,0.09693911910839624
87,15,401472,occupancy,7,408093,flow,3,4.793458641659002e-06,0.00011549214351347958,0.10242379445597902
87,15,401472,occupancy,7,408093,flow,4,2.4093889876159954e-05,0.00047419409687932113,0.09461112219754672
87,15,401472,occupancy,7,408093,flow,5,0.0002577254691024803,0.0036016533705351566,0.08191741797991535
87,15,401472,occupancy,7,408093,flow,6,2.664751688396774e-06,6.868572371046577e-05,0.10512916986911135
87,15,401472,occupancy,7,408093,flow,7,3.272724477584644e-07,1.0098692673689759e-05,0.11429457360102097
87,15,401472,occupancy,7,408093,flow,8,8.639711300695835e-09,3.4816747032654857e-07,0.12869286758629536
87,15,401472,occupancy,7,408093,flow,9,2.0597276654281985e-08,7.750891563283814e-07,0.12539745080196046
87,15,401472,occupancy,7,408093,flow,10,6.701737171055168e-07,1.9482842919891202e-05,0.11124316390702535
87,15,401472,occupancy,7,408093,flow,11,1.695800483617849e-05,0.0003495161302113124,0.09636079418666928
87,15,401472,occupancy,7,408093,flow,12,5.889277552061618e-07,1.7307264642793325e-05,0.11179924852363851
87,15,401472,occupancy,8,401448,flow,10,3.669466299971305e-05,0.0006841646273576192,0.09247508272848423
87,15,401472,occupancy,8,401448,flow,11,1.0454801799473553e-05,0.0002293188868321583,0.09872298361879145
87,15,401472,occupancy,8,401448,flow,12,0.00019642564062752075,0.002859025497004345,0.08346124065365537
87,15,401472,occupancy,9,402391,flow,1,0.0006481951536711353,0.007731096255823591,0.07646779242896044
87,15,401472,occupancy,9,402391,flow,5,0.00394222212904987,0.032457403463875434,0.06466002628955604
87,15,401472,occupancy,9,402391,flow,6,0.00047714583972441977,0.005988582299853264,0.0783155945917731
87,15,401472,occupancy,9,402391,flow,7,1.1947868075360218e-07,4.016715181755342e-06,0.11845658186136931
87,15,401472,occupancy,9,402391,flow,8,1.614630726548516e-06,4.354060386198245e-05,0.1073865883947841
87,15,401472,occupancy,9,402391,flow,9,4.001542466871011e-10,1.9445065755773638e-08,0.13973397298843812
87,15,401472,occupancy,9,402391,flow,10,4.7075508491995754e-14,3.3393464151957576e-12,0.1680885920079406
87,15,401472,occupancy,9,402391,flow,11,3.142774426028231e-19,3.377309830955711e-17,0.199242739277267
87,15,401472,occupancy,9,402391,flow,12,9.468367658110715e-13,5.893854219457966e-11,0.15924969689957502
87,15,401472,occupancy,10,400497,flow,3,1.3002702567733919e-06,3.586351125187894e-05,0.10834841035797588
87,15,401472,occupancy,10,400497,flow,4,3.9530906778233023e-07,1.2043266380956747e-05,0.11349810894996167
87,15,401472,occupancy,10,400497,flow,5,0.0008211145585578738,0.009353178269503992,0.0750140383912516
87,15,401472,occupancy,10,400497,flow,8,9.157937487819312e-05,0.0015100110666938713,0.08766627851110725
87,15,401472,occupancy,10,400497,flow,9,1.4976391504110953e-20,1.7533336395056726e-18,0.20641309023497253
87,15,401472,occupancy,10,400497,flow,10,5.82672454248963e-31,1.1040109659454034e-28,0.2554712889308405
87,15,401472,occupancy,10,400497,flow,11,2.3557357479234087e-14,1.7219591253856388e-12,0.17006078545987058
87,15,401472,occupancy,11,405841,flow,3,0.002171849832886602,0.020445393937829855,0.06875346906597776
87,15,401472,occupancy,11,405841,flow,4,8.064943524330793e-05,0.0013540830169105724,0.08834889582574403
87,15,401472,occupancy,11,405841,flow,5,3.995298739567415e-06,9.784405076491627e-05,0.10327017358139332
87,15,401472,occupancy,11,405841,flow,6,0.005706086057807422,0.04305727820039836,0.062006431949913794
87,15,401472,occupancy,11,405841,flow,7,0.00048737867771698605,0.006104598108835546,0.07818886877375875
87,15,401472,occupancy,11,405841,flow,9,0.00020863672649282092,0.003009384502333844,0.08312067503619795
87,15,401472,occupancy,11,405841,flow,10,0.000503369681744251,0.00627568823884009,0.07799571292057607
87,15,401472,occupancy,11,405841,flow,11,0.005260800554440863,0.04053988297392888,0.06259759697840907
87,15,401472,occupancy,12,404520,flow,1,4.4915531084126075e-07,1.3559405610302212e-05,-0.11295655481000272
87,15,401472,occupancy,12,404520,flow,2,0.000974066087124624,0.010800732793578995,-0.0739482450700999
87,15,401472,occupancy,12,404520,flow,4,0.0009927970520433016,0.010966206251155875,0.0738285637851615
87,15,401472,occupancy,12,404520,flow,5,2.698308453744774e-07,8.430186415017133e-06,0.11510295160459735
87,15,401472,occupancy,12,404520,flow,6,2.4290375547958476e-08,8.999521643840533e-07,0.12476228177678074
87,15,401472,occupancy,12,404520,flow,7,2.260293401562778e-06,5.896417569294203e-05,0.10587593036029819
87,15,401472,occupancy,12,404520,flow,8,1.4907920932098917e-07,4.912449918128705e-06,0.1175545462270297
87,15,401472,occupancy,12,404520,flow,9,5.481000250883547e-09,2.2767231811362425e-07,0.13038647038204507
87,15,401472,occupancy,12,404520,flow,10,5.468066304877248e-10,2.5986849765753255e-08,0.13865153934923888
87,15,401472,occupancy,13,400183,flow,11,0.0009041137443607763,0.010150133512574202,0.07441488349983008
87,15,401472,occupancy,13,400183,flow,12,0.004450308160635036,0.03568175808081543,0.06380036644368019
87,15,401472,occupancy,14,401469,flow,9,4.376487516663473e-05,0.0007977394967082786,0.09156671751454482
87,15,401472,occupancy,14,401469,flow,11,0.0005517221100609833,0.006744311022816774,0.07744460435162316
87,15,401472,occupancy,14,401469,flow,12,0.004991014290065989,0.03902476331780104,0.06297813524619623
87,15,401472,occupancy,15,401472,flow,1,3.2723216114666187e-288,6.425649709788997e-285,0.6964262133972698
87,15,401472,occupancy,15,401472,flow,2,2.081023233788412e-225,2.1404810404680805e-222,0.6358008470837394
87,15,401472,occupancy,15,401472,flow,3,4.345585745089188e-166,3.181852613353439e-163,0.5623612060142946
87,15,401472,occupancy,15,401472,flow,4,6.080489433848026e-159,4.2367281216489467e-156,0.5522322415613972
87,15,401472,occupancy,15,401472,flow,5,8.630429841794183e-128,4.97112758887345e-125,0.502903122305831
87,15,401472,occupancy,15,401472,flow,6,6.79430918368911e-111,3.335388144720109e-108,0.4723120672507917
87,15,401472,occupancy,15,401472,flow,7,3.574630318903976e-98,1.5757554058842015e-95,0.4470348679913909
87,15,401472,occupancy,15,401472,flow,8,8.649559088861052e-84,3.428082134300894e-81,0.4156137331521069
87,15,401472,occupancy,15,401472,flow,9,5.588370509144314e-74,2.011813383291953e-71,0.3920844953860413
87,15,401472,occupancy,15,401472,flow,10,7.851067455979047e-78,2.8742891025279223e-75,0.4015516714895119
87,15,401472,occupancy,15,401472,flow,11,4.006386478280019e-68,1.3521554364195062e-65,0.377071926840128
87,15,401472,occupancy,15,401472,flow,12,7.961757391553224e-65,2.586074581316536e-62,0.3682543493608125
87,15,401472,occupancy,16,405838,flow,4,0.003515302617881621,0.02966036583837618,0.06546398769982158
87,15,401472,occupancy,16,405838,flow,5,0.003130963352026049,0.027156266956486836,0.06626767911161809
87,15,401472,occupancy,16,405838,flow,11,0.006670748988401611,0.048536355737996015,0.06085647238428328
87,15,401472,occupancy,17,400260,flow,9,4.3234896724327944e-05,0.0007892472433241899,0.09162979501043533
87,15,401472,occupancy,17,400260,flow,10,4.4773324499901534e-10,2.149119575995274e-08,0.13934546920861543
87,15,401472,occupancy,17,400260,flow,11,2.889319551291327e-14,2.083783048677551e-12,0.16948162235657843
87,15,401472,occupancy,17,400260,flow,12,3.0885262733457783e-10,1.5179105234190856e-08,0.1406254956171181
87,15,401472,occupancy,18,404528,flow,1,0.003391860030357406,0.02891246119010259,0.0657130119412963
87,15,401472,occupancy,18,404528,flow,3,0.0002957419500870656,0.004048178784461735,0.08112525919060996
87,15,401472,occupancy,18,404528,flow,4,0.0004438422303194261,0.005646049572967964,0.07874633506214751
87,15,401472,occupancy,18,404528,flow,5,0.0019752820562243738,0.018916467485899566,0.06938565913871464
87,15,401472,occupancy,18,404528,flow,10,0.0013060349348321247,0.013697671567066711,0.07208620982497678
87,15,401472,occupancy,18,404528,flow,11,0.0002080917253404219,0.003003529079420724,0.08313547122028979
87,15,401472,occupancy,19,401795,flow,4,0.005045001524222056,0.039382736871411785,0.06290052267156974
87,15,401472,occupancy,19,401795,flow,9,0.0021237994560069167,0.020071786589258105,0.06890300885274513
87,15,401472,occupancy,19,401795,flow,10,2.3744851262471464e-06,6.168235565476651e-05,0.10565287533290453
87,15,401472,occupancy,19,401795,flow,11,6.51491579902138e-07,1.8990847673260702e-05,0.111365045934321
87,15,401472,occupancy,19,401795,flow,12,8.380406194426486e-05,0.0014010586207400318,0.08814332381411964
87,15,401472,speed,2,400331,flow,10,0.0004060275811965556,0.005229693353515564,-0.07927359639726525
87,15,401472,speed,3,400039,flow,11,0.004620695172758694,0.036747796661114794,-0.06353194072793254
87,15,401472,speed,4,400316,flow,2,0.0029487641675261227,0.02598118699884953,0.06668058394231562
87,15,401472,speed,4,400316,flow,10,0.0008830151982307266,0.009933920980095674,-0.07456220032226077
87,15,401472,speed,5,400503,flow,10,0.0018558145979562393,0.018041710548832177,-0.06979870044557783
87,15,401472,speed,7,408093,flow,8,0.002078560953991266,0.019721904944525078,-0.06904665846271552
87,15,401472,speed,9,402391,flow,1,0.0026882317621187654,0.024199127343932206,-0.06731338611384431
87,15,401472,speed,9,402391,flow,12,0.00015670500335799475,0.00237365222477748,-0.08472594679270537
87,15,401472,speed,10,400497,flow,10,0.003134938075907956,0.027183726390851808,-0.0662589179742724
87,15,401472,speed,10,400497,flow,11,0.0003057870861643091,0.004151477725423681,-0.08093190430051357
87,15,401472,speed,11,405841,flow,3,1.0358519475486422e-05,0.00022749773326945268,-0.09876765392412547
87,15,401472,speed,11,405841,flow,5,1.3289980256687456e-05,0.0002814348760239697,-0.09755779656059714
87,15,401472,speed,11,405841,flow,7,0.005579380484317887,0.04233038934361306,-0.06217028757125891
87,15,401472,speed,11,405841,flow,9,2.1262026506609578e-05,0.0004250437506180166,-0.09523744042075655
87,15,401472,speed,12,404520,flow,2,0.001030302703466734,0.011302457285363866,0.07359507311024291
87,15,401472,speed,12,404520,flow,5,0.005646487806874262,0.04273438953366375,-0.06208309144129351
87,15,401472,speed,12,404520,flow,6,4.148630531177366e-06,0.00010131194965905154,-0.10309570476104934
87,15,401472,speed,12,404520,flow,10,0.0051694296477722956,0.04000705137652511,-0.06272446232464511
87,15,401472,speed,15,401472,flow,1,3.7227942609843364e-05,0.0006926128857645277,-0.09240101051987565
87,15,401472,speed,15,401472,flow,2,0.00013862629908961138,0.0021418655653330514,-0.0854050596504733
87,15,401472,speed,15,401472,flow,3,0.0024861676648872976,0.022679959833247873,-0.06784399312670739
87,15,401472,speed,15,401472,flow,4,2.3407027492197593e-06,6.087800046134474e-05,-0.10571777239098332
87,15,401472,speed,15,401472,flow,5,7.935620064479597e-05,0.001334444479507663,-0.08843537270773948
87,15,401472,speed,15,401472,flow,6,4.1861399229695924e-05,0.000768882842994415,-0.09179674301114804
87,15,401472,speed,15,401472,flow,7,9.697835945807465e-05,0.0015868280332842068,-0.08735702720217374
87,15,401472,speed,15,401472,flow,8,0.0001977185638300493,0.002875906382982535,-0.08342425434498028
87,15,401472,speed,15,401472,flow,9,0.002306522668925079,0.02142373237960942,-0.06834994456281683
87,15,401472,speed,15,401472,flow,10,0.0018135174181216885,0.017724876122818315,-0.06995080609454861
87,15,401472,speed,15,401472,flow,11,0.0019660069461137413,0.018860823080555356,-0.06941689405326099
87,15,401472,speed,15,401472,flow,12,0.00032920283702637433,0.004388735892499657,-0.08050330294857994
87,15,401472,speed,17,400260,flow,11,0.00016383141018812814,0.0024668933147881265,-0.0844783421870454
87,15,401472,speed,17,400260,flow,12,0.0004899089573954549,0.00613095798362794,-0.07815791573926946
87,15,401472,speed,19,401795,flow,11,0.0014623188339013902,0.014967627507151006,-0.07135725184294929
87,16,405838,flow,2,400331,flow,10,0.0021701187410372493,0.020433550482303654,0.06875880360674495
87,16,405838,flow,3,400039,flow,6,0.004100240359960042,0.033506750155566783,0.06438239961785094
87,16,405838,flow,4,400316,flow,5,0.00031034716996997005,0.004198541387769316,0.08084608329004941
87,16,405838,flow,4,400316,flow,11,0.0001311776017872196,0.0020406454437190804,0.08570943430312947
87,16,405838,flow,5,400503,flow,11,0.00025778500513182185,0.0036016533705351566,0.08191609394684621
87,16,405838,flow,6,405843,flow,5,0.000327664791631474,0.004383746980018481,0.08053056619851301
87,16,405838,flow,6,405843,flow,6,0.00026469999258201617,0.003680411869823978,0.08176422629793757
87,16,405838,flow,8,401448,flow,2,0.002004127705261859,0.019137558989237913,0.0692893708846308
87,16,405838,flow,9,402391,flow,2,0.0009596030769170998,0.010664627846026592,0.07404212230255805
87,16,405838,flow,9,402391,flow,5,5.780096351120997e-05,0.001017108604352045,0.0901154858707321
87,16,405838,flow,9,402391,flow,6,0.002189005339572437,0.02056844486769693,0.06870081210429357
87,16,405838,flow,10,400497,flow,1,0.006270846820889172,0.046243077719547054,-0.06131376164187585
87,16,405838,flow,10,400497,flow,2,2.041791780867595e-09,9.018957559660542e-08,-0.13398894221592422
87,16,405838,flow,10,400497,flow,4,4.747443096189652e-06,0.0001145111902598509,0.10246878499551423
87,16,405838,flow,10,400497,flow,5,1.8766024458269444e-09,8.340455314786419e-08,0.1342923067937701
87,16,405838,flow,10,400497,flow,8,0.006640478131249866,0.048400313020076635,-0.060890212972002096
87,16,405838,flow,10,400497,flow,10,3.4993014311754866e-09,1.486428926517021e-07,0.1320355133692831
87,16,405838,flow,10,400497,flow,11,1.0635705805768805e-08,4.222007721921127e-07,0.1279120402273547
87,16,405838,flow,10,400497,flow,12,0.004076869591506209,0.03335620574868717,0.06442284221009041
87,16,405838,flow,11,405841,flow,4,0.003936406753505226,0.03242142474884124,0.0646704349025541
87,16,405838,flow,12,404520,flow,5,1.2890200403203987e-05,0.00027444882080749744,0.0977068339707004
87,16,405838,flow,12,404520,flow,10,0.00012309838347210607,0.0019359239608986022,0.08605855075131602
87,16,405838,flow,12,404520,flow,11,2.176003705973356e-06,5.7214461410863644e-05,0.10604762508051985
87,16,405838,flow,14,401469,flow,5,0.0016650142436168,0.016571022896853676,0.07051196756889518
87,16,405838,flow,14,401469,flow,8,0.0011874076786590648,0.012690750053951412,0.07269537927103555
87,16,405838,flow,16,405838,flow,1,1.8736865703403686e-42,4.733523967175668e-40,0.2994009137025531
87,16,405838,flow,16,405838,flow,2,7.637782760900178e-22,9.347088251299935e-20,0.21312315354578426
87,16,405838,flow,16,405838,flow,3,6.817227032457673e-17,6.097395606670216e-15,0.1858544287878002
87,16,405838,flow,16,405838,flow,4,2.0677015935609878e-07,6.611747508648015e-06,0.11620900645230361
87,16,405838,flow,16,405838,flow,5,1.2944030555113892e-10,6.649014506312963e-09,0.1435788025537074
87,16,405838,flow,16,405838,flow,6,7.343938114226446e-17,6.541404670816133e-15,0.1856620990130986
87,16,405838,flow,16,405838,flow,7,5.725352112342951e-05,0.0010094082554505774,0.09016548732363285
87,16,405838,flow,16,405838,flow,8,0.0004911686420421175,0.00614494217672154,0.07814256145806286
87,16,405838,flow,16,405838,flow,9,0.005114873707582318,0.03979156206871171,0.06280118011492648
87,16,405838,flow,16,405838,flow,10,0.0013011844841101883,0.013656746772001975,0.0721100971787301
87,16,405838,flow,16,405838,flow,11,1.958374806028655e-07,6.313566538838649e-06,0.11643348296145731
87,16,405838,flow,16,405838,flow,12,1.373428922906023e-05,0.00028970766342548924,0.09739709232393715
87,16,405838,flow,17,400260,flow,11,0.0037002907594881813,0.0308774504172087,0.06510530187695844
87,16,405838,flow,18,404528,flow,1,0.0006269494364962128,0.007508792807495534,0.0766707067965806
87,16,405838,flow,18,404528,flow,2,0.0005678461855167097,0.0068984688454223455,0.07727079835115036
87,16,405838,flow,18,404528,flow,5,0.0003898332247201906,0.005049713735505917,0.07951355585005859
87,16,405838,flow,18,404528,flow,6,0.00011369367905986328,0.0018070518526070985,0.08649322746530018
87,16,405838,flow,18,404528,flow,7,5.995389398027487e-05,0.0010507132738125252,0.08992309648043098
87,16,405838,flow,18,404528,flow,10,0.002521444068424336,0.022946362704009123,0.0677485853178572
87,16,405838,occupancy,0,400593,flow,8,0.00024193308500100285,0.003419996489542972,0.08227916865053873
87,16,405838,occupancy,0,400593,flow,10,0.0013259697643235033,0.013852936836463202,0.0719888866511468
87,16,405838,occupancy,2,400331,flow,4,0.006559820424193429,0.04791752491125399,0.060980795222372
87,16,405838,occupancy,4,400316,flow,10,0.001620457693042559,0.016249715027724824,0.07068932389821185
87,16,405838,occupancy,5,400503,flow,3,0.0009562226109439173,0.01064111715424452,0.07406425311638948
87,16,405838,occupancy,5,400503,flow,9,0.00444385313826479,0.035656473917726396,0.06381071743603428
87,16,405838,occupancy,8,401448,flow,2,0.0007056221076006154,0.008292403440790692,0.07594875842642781
87,16,405838,occupancy,9,402391,flow,9,0.0027357865285889543,0.024469146591106175,0.06719382088086877
87,16,405838,occupancy,10,400497,flow,1,0.0025548736576139763,0.023189485965411902,-0.06765929168105621
87,16,405838,occupancy,10,400497,flow,2,7.27055882882036e-06,0.00016741987154609878,-0.10046271770007552
87,16,405838,occupancy,10,400497,flow,4,1.3542270964527926e-08,5.256299242296553e-07,0.1269985097648545
87,16,405838,occupancy,10,400497,flow,5,1.0207337172293086e-05,0.00022451984004229192,0.09883860103497122
87,16,405838,occupancy,10,400497,flow,10,1.7416670779908218e-06,4.6703921644446616e-05,0.10704823581686282
87,16,405838,occupancy,10,400497,flow,11,1.601193039917513e-07,5.232340342241797e-06,0.11726196743226815
87,16,405838,occupancy,11,405841,flow,5,0.0003220103529279265,0.004320138896424355,0.0806318357389222
87,16,405838,occupancy,12,404520,flow,10,0.00048066771032051405,0.006031032554704097,0.07827169549944579
87,16,405838,occupancy,13,400183,flow,10,0.0043716965639489245,0.03518861404184713,0.06392736081482527
87,16,405838,occupancy,14,401469,flow,1,4.499749115815802e-05,0.0008171045052679387,0.0914227685059587
87,16,405838,occupancy,14,401469,flow,4,0.0006614881979206902,0.007863591125529394,0.07634395381007827
87,16,405838,occupancy,16,405838,flow,2,0.00010441523290863263,0.0016843682082348505,-0.08695664131643517
87,16,405838,occupancy,16,405838,flow,3,6.160687431737451e-05,0.0010727194560703663,0.08977976968562838
87,16,405838,occupancy,16,405838,flow,4,0.004205593146203933,0.03415481068743783,0.06420264482422729
87,16,405838,occupancy,16,405838,flow,6,0.006452451913284948,0.047333320199339404,0.06110294066669815
87,16,405838,occupancy,17,400260,flow,11,0.0022726953484125526,0.02115501811062751,0.06844923219388324
87,16,405838,speed,3,400039,flow,2,0.0014153286043500283,0.014585447449408689,0.07156856473684484
87,16,405838,speed,10,400497,flow,4,0.0020076230251032897,0.019166699377781683,-0.06927778979468541
87,16,405838,speed,11,405841,flow,5,0.005180901966459293,0.0400742999017084,-0.06270842277858221
87,16,405838,speed,12,404520,flow,12,0.003463015121558192,0.029341475099672613,-0.06556848213858157
87,16,405838,speed,14,401469,flow,1,0.006580017339594128,0.04802445498740772,-0.0609580196418181
87,16,405838,speed,17,400260,flow,1,0.003718786679450222,0.031013819411631196,0.0650703404156207
87,17,400260,flow,0,400593,flow,1,0.0033111841053188006,0.028370319982104757,0.06588025572716141
87,17,400260,flow,0,400593,flow,7,0.00015755360656848636,0.0023831637968342472,0.08469591327789344
87,17,400260,flow,0,400593,flow,10,0.00034240180654898563,0.0045317886160895155,0.08027411663243392
87,17,400260,flow,1,400125,flow,1,0.0037684066011819425,0.031343900916472496,0.0649773219482424
87,17,400260,flow,1,400125,flow,2,0.00025172703780720397,0.0035353082032741263,0.08205230972948929
87,17,400260,flow,2,400331,flow,3,0.004425877269442677,0.0355367339982131,0.06383961467234321
87,17,400260,flow,4,400316,flow,4,0.004762197410375186,0.03761004170533968,-0.06331574363163096
87,17,400260,flow,4,400316,flow,10,0.0019029672147262294,0.01839109254500517,0.06963284095577031
87,17,400260,flow,4,400316,flow,11,0.00010112474858231962,0.0016404765823342874,0.0871303625677391
87,17,400260,flow,4,400316,flow,12,0.00017609985897707587,0.002622376390144666,0.08407488336174007
87,17,400260,flow,5,400503,flow,11,5.652414582147983e-07,1.6667870986265724e-05,0.11197533353361078
87,17,400260,flow,8,401448,flow,6,0.0023576248778441537,0.02180726638836712,0.0682024515640666
87,17,400260,flow,8,401448,flow,11,0.0015718938221320276,0.01585693242156153,0.0708878139390137
87,17,400260,flow,9,402391,flow,1,2.496186674986322e-05,0.0004883843494538457,0.0944331439576095
87,17,400260,flow,9,402391,flow,12,0.00027114964172659953,0.0037567878520170296,0.08162589185519337
87,17,400260,flow,10,400497,flow,2,3.21153540195989e-08,1.1642522413316002e-06,-0.1236795266141276
87,17,400260,flow,10,400497,flow,3,2.5908130219311036e-07,8.122142419987204e-06,-0.11527253429118475
87,17,400260,flow,10,400497,flow,5,3.187981600266068e-05,0.0006057447286223977,0.0931943430170873
87,17,400260,flow,10,400497,flow,8,0.00010034689557147003,0.0016309201989042534,-0.08717220795071334
87,17,400260,flow,10,400497,flow,10,5.806185205533829e-19,6.102851602896872e-17,0.19776330839668746
87,17,400260,flow,10,400497,flow,11,4.200201711783176e-15,3.275247544206376e-13,0.17487346950605942
87,17,400260,flow,10,400497,flow,12,3.823740475315071e-08,1.3719733266911219e-06,0.12299830125684534
87,17,400260,flow,11,405841,flow,2,0.0032198677977764434,0.02774331283920579,0.0660740921561861
87,17,400260,flow,11,405841,flow,10,0.0035189040604880367,0.029684955167561644,0.0654568424957862
87,17,400260,flow,11,405841,flow,11,0.003870071075765808,0.031960824024676524,0.06479016336587573
87,17,400260,flow,12,404520,flow,1,0.001920609620438164,0.0185077706006979,-0.069571752012097
87,17,400260,flow,12,404520,flow,2,1.0027874817082436e-06,2.831399948352688e-05,-0.10949174390363613
87,17,400260,flow,12,404520,flow,5,0.00026457061494435536,0.00367979734887191,0.08176703341208236
87,17,400260,flow,12,404520,flow,7,0.0001488224169572244,0.0022741876238245823,0.08501247459996795
87,17,400260,flow,12,404520,flow,9,0.004175780585025183,0.03395966138424095,0.06425309358218086
87,17,400260,flow,12,404520,flow,11,0.0036162384427550457,0.03033427198582873,0.06526620742937467
87,17,400260,flow,12,404520,flow,12,0.0026286471434137904,0.023766755252297142,0.06746595401338473
87,17,400260,flow,13,400183,flow,3,0.0010027651722763322,0.011053701312155537,0.07376572171263565
87,17,400260,flow,13,400183,flow,6,0.004295339669767898,0.034735805640953424,0.06405270882572194
87,17,400260,flow,14,401469,flow,1,4.623637013717602e-05,0.0008369144614106961,0.09128180546787107
87,17,400260,flow,14,401469,flow,4,5.182984802379899e-07,1.543107811597599e-05,0.11234636928066534
87,17,400260,flow,14,401469,flow,6,0.0042825260968579176,0.03466462945180102,0.06407394123037521
87,17,400260,flow,14,401469,flow,12,0.001894704902002101,0.018331747316123352,0.06966162910034049
87,17,400260,flow,15,401472,flow,11,0.006321214994997904,0.04652292922429669,0.06125474587046546
87,17,400260,flow,16,405838,flow,1,5.737547999980451e-07,1.690737200539942e-05,0.1119112403960606
87,17,400260,flow,16,405838,flow,2,0.00016166451201737327,0.0024385149857369154,0.08455254103906625
87,17,400260,flow,16,405838,flow,5,0.0001215828706923978,0.0019155288161603152,0.08612643453087084
87,17,400260,flow,16,405838,flow,6,0.004448381139168382,0.035672928385385945,0.06380345510702008
87,17,400260,flow,16,405838,flow,9,0.002090428783720808,0.019812751965058994,-0.06900869838514592
87,17,400260,flow,16,405838,flow,12,0.00590520578569383,0.0441558138318109,0.06175543893804295
87,17,400260,flow,17,400260,flow,1,7.638292965110573e-103,3.5481102805674916e-100,0.45635969948747807
87,17,400260,flow,17,400260,flow,2,9.84007593371101e-20,1.0955960833410195e-17,0.20196032602975061
87,17,400260,flow,17,400260,flow,11,1.371442029413342e-06,3.747393780560175e-05,0.10811245425261645
87,17,400260,flow,17,400260,flow,12,1.295527246257958e-05,0.00027556266390124954,0.09768227751078103
87,17,400260,flow,19,401795,flow,1,2.0026995343295795e-145,1.2723032335740858e-142,0.5317082926138332
87,17,400260,flow,19,401795,flow,3,0.0002556127026070133,0.003580567040409525,-0.08196459071683662
87,17,400260,occupancy,2,400331,flow,2,0.001234077898088473,0.013090801969658039,-0.07244929424984746
87,17,400260,occupancy,4,400316,flow,12,0.0017512349011608497,0.017233108822357335,0.07018082020903565
87,17,400260,occupancy,5,400503,flow,11,0.00031632674616311114,0.004261089938960524,0.08073531782034785
87,17,400260,occupancy,7,408093,flow,6,0.005873194163350046,0.04398023710464933,-0.06179527066055103
87,17,400260,occupancy,9,402391,flow,1,0.0030495148276116976,0.026597691437744837,0.0664494774804865
87,17,400260,occupancy,10,400497,flow,2,1.4800477500147937e-06,4.028863440493956e-05,-0.10777415641820526
87,17,400260,occupancy,10,400497,flow,3,5.22971498027415e-06,0.000125026943634667,-0.10201667905510815
87,17,400260,occupancy,10,400497,flow,8,0.0003006669588092231,0.004098161786171294,-0.08102970430709032
87,17,400260,occupancy,10,400497,flow,10,1.2699739184086677e-11,7.088226521350704e-10,0.15118074440279125
87,17,400260,occupancy,10,400497,flow,11,1.0407561155229162e-06,2.920845441886271e-05,0.10932888367324434
87,17,400260,occupancy,10,400497,flow,12,8.064913418725141e-07,2.314978469693861e-05,0.11044178161248443
87,17,400260,occupancy,11,405841,flow,3,0.0036471152613941293,0.030528071941915595,-0.06520670727723141
87,17,400260,occupancy,12,404520,flow,2,2.3824194104864937e-05,0.0004693138100000754,-0.09466766572715392
87,17,400260,occupancy,14,401469,flow,4,0.0007942379308333996,0.009103496580526097,0.07522013234365765
87,17,400260,occupancy,15,401472,flow,11,0.004858189710444718,0.0382144565715972,0.06317236357807064
87,17,400260,occupancy,16,405838,flow,1,0.0005737601305247114,0.0069644387858014975,0.07720819961727261
87,17,400260,occupancy,16,405838,flow,2,0.001037587577961473,0.01136793897233975,0.07355063489353295
87,17,400260,occupancy,16,405838,flow,9,0.00039535478467688396,0.005107454156112855,-0.07943071157891671
87,17,400260,occupancy,17,400260,flow,1,0.004307672308047096,0.03480947319634017,0.06403232747187748
87,17,400260,occupancy,17,400260,flow,8,0.003019357805578756,0.026417608419768736,-0.06651791404983598
87,17,400260,occupancy,19,401795,flow,3,3.434437740784197e-05,0.0006451905611435386,-0.09281420479049338
87,17,400260,speed,7,408093,flow,6,0.0022642384695731738,0.021094479595764742,0.06847426555124145
87,17,400260,speed,10,400497,flow,10,0.0030196794068707874,0.026417608419768736,-0.06651718094645942
87,17,400260,speed,17,400260,flow,1,0.003377342714261902,0.028811454434461724,-0.06574283784007927
87,17,400260,speed,19,401795,flow,1,4.780539746226545e-05,0.0008601387631694575,-0.09110832714719083
87,17,400260,speed,19,401795,flow,12,0.00012378919819490666,0.0019460310633260434,0.08602786820183293
87,18,404528,flow,0,400593,flow,3,0.00012488165361916728,0.0019589278999085063,0.08597967443569085
87,18,404528,flow,1,400125,flow,11,6.0560496782318064e-05,0.001058767082556107,0.08987006972004083
87,18,404528,flow,1,400125,flow,12,0.0009978052047886594,0.011018707782942252,0.07379691826653541
87,18,404528,flow,2,400331,flow,3,7.571353531400415e-05,0.0012801662330978393,0.08868630831081925
87,18,404528,flow,3,400039,flow,1,9.314098961593402e-09,3.725639584637361e-07,0.1283468937108413
87,18,404528,flow,3,400039,flow,12,1.0862142644469572e-05,0.00023675305864837817,0.09853824022507222
87,18,404528,flow,4,400316,flow,10,0.006640048494411609,0.048400313020076635,0.06089069284874444
87,18,404528,flow,4,400316,flow,11,0.00015528915636379466,0.002354682890458382,0.08477639820093591
87,18,404528,flow,5,400503,flow,11,3.165377098245789e-05,0.0006021324995342056,0.09323059341793508
87,18,404528,flow,6,405843,flow,1,0.000796956753546413,0.009132236539311682,0.07519899239196329
87,18,404528,flow,6,405843,flow,7,0.001034083984584729,0.011341058170616982,0.07357197090978101
87,18,404528,flow,6,405843,flow,8,0.0017650970141806926,0.01734186741246439,0.0701289835967326
87,18,404528,flow,6,405843,flow,12,0.002303443132542584,0.021399729747492394,0.06835892806791219
87,18,404528,flow,7,408093,flow,6,0.0026037880983611253,0.023561718862421577,0.06753054190934003
87,18,404528,flow,7,408093,flow,7,0.003860260160206037,0.031898094667349046,0.06480802885448474
87,18,404528,flow,8,401448,flow,6,0.0019096446568505968,0.01842417817410327,0.06960965862241435
87,18,404528,flow,9,402391,flow,1,0.00032082974860129983,0.004310993822574231,0.08065318978063224
87,18,404528,flow,9,402391,flow,3,0.001418101917556063,0.014606621946598265,0.07155591510352832
87,18,404528,flow,9,402391,flow,5,0.0069102395779598695,0.04985303208971609,0.0605942749835818
87,18,404528,flow,9,402391,flow,6,7.344166209842894e-06,0.00016893928661619438,0.10041485226266954
87,18,404528,flow,9,402391,flow,7,6.548285499968006e-06,0.00015233491308487768,0.1009586366749684
87,18,404528,flow,9,402391,flow,10,0.0007204022936543834,0.008431693060381837,0.07582153072252473
87,18,404528,flow,9,402391,flow,11,2.953729327246633e-05,0.0005648566044136986,0.09358246340091915
87,18,404528,flow,9,402391,flow,12,8.499166164676299e-08,2.9279424107975767e-06,0.11983175198121658
87,18,404528,flow,10,400497,flow,5,3.185093230855465e-10,1.5565161490153405e-08,0.14051980847667497
87,18,404528,flow,10,400497,flow,10,1.0488276193455593e-05,0.00022964700028245394,0.09870754505268577
87,18,404528,flow,10,400497,flow,11,1.2163575232066388e-16,1.053038978006549e-14,0.18435261399151714
87,18,404528,flow,10,400497,flow,12,0.00012093845837528727,0.0019074630893802156,0.08615554128498497
87,18,404528,flow,11,405841,flow,4,0.0015665725577804616,0.01582322527381715,0.07090990478292152
87,18,404528,flow,11,405841,flow,10,0.00011522499926149634,0.0018280278986766954,0.08642019386689542
87,18,404528,flow,12,404520,flow,5,5.2814160672066226e-06,0.00012619312726953877,0.10197060376816343
87,18,404528,flow,12,404520,flow,7,7.134962916473738e-05,0.0012166566497249008,0.08900240307076336
87,18,404528,flow,12,404520,flow,8,0.0002476722683575744,0.0034908456747299228,0.08214520976589998
87,18,404528,flow,12,404520,flow,10,0.00010412775639132204,0.0016803582652615285,0.08697161128757547
87,18,404528,flow,12,404520,flow,11,9.462493663938136e-05,0.0015537047749225675,0.08748978016916248
87,18,404528,flow,13,400183,flow,3,0.006233128896740835,0.04603031269677938,0.061358235119245264
87,18,404528,flow,14,401469,flow,6,0.0005214783246586379,0.006447585468017504,0.07778376264564335
87,18,404528,flow,15,401472,flow,1,0.004586736029693227,0.03651806053865599,0.0635847164217472
87,18,404528,flow,16,405838,flow,2,0.0013408017204218328,0.01398084342800463,0.07191734745674801
87,18,404528,flow,16,405838,flow,6,0.00020205734386391947,0.0029301367086006446,0.08330177429443399
87,18,404528,flow,16,405838,flow,7,0.00041948325083147696,0.005375756878053932,0.07908091858748864
87,18,404528,flow,17,400260,flow,1,0.002138200112154758,0.020203465626659128,0.06885786933278801
87,18,404528,flow,17,400260,flow,2,0.00031054988095345306,0.0041989843058495065,0.08084229570822442
87,18,404528,flow,17,400260,flow,3,0.005418857564156854,0.04144975939918705,0.0623827630649213
87,18,404528,flow,17,400260,flow,6,0.0053782092847790754,0.04120940778688472,0.06243746730565149
87,18,404528,flow,17,400260,flow,11,0.00013534308016879492,0.002096386182607365,0.08553727507040684
87,18,404528,flow,17,400260,flow,12,1.0299367015866257e-05,0.00022631365975860746,0.09879529468196475
87,18,404528,flow,18,404528,flow,1,9.244741368065469e-113,4.590492265522164e-110,0.4756375196677377
87,18,404528,flow,18,404528,flow,2,3.301472964488767e-14,2.369163323354065e-12,0.16906025917846615
87,18,404528,flow,18,404528,flow,3,1.84518913262937e-09,8.209286357321193e-08,0.13435292795255807
87,18,404528,flow,18,404528,flow,6,7.988339531754962e-05,0.0013422647521268546,0.08839996031922227
87,18,404528,flow,18,404528,flow,11,0.0001854920560605884,0.0027283816213201973,0.08378348740046913
87,18,404528,occupancy,0,400593,flow,2,5.826144919267004e-05,0.0010243771286623305,0.09007377258100466
87,18,404528,occupancy,0,400593,flow,3,0.00024378343464892896,0.0034438994038043596,0.08223565701371831
87,18,404528,occupancy,2,400331,flow,3,0.0026585537623886046,0.023996975038693632,0.06738898699520399
87,18,404528,occupancy,5,400503,flow,3,2.2314403947122002e-05,0.00044280305489925145,0.09499590608695482
87,18,404528,occupancy,5,400503,flow,9,0.0021117943290708506,0.019984559696793153,0.06894085434680346
87,18,404528,occupancy,5,400503,flow,12,0.005663910315008864,0.042791347605523423,0.06206060623289915
87,18,404528,occupancy,6,405843,flow,2,9.042821165782496e-05,0.0014950243948021577,0.08773443754037524
87,18,404528,occupancy,7,408093,flow,3,0.0024409097594638414,0.022387962125018673,0.06796822580433602
87,18,404528,occupancy,7,408093,flow,4,0.006520093370971967,0.04769992102048924,0.06102577896425386
87,18,404528,occupancy,8,401448,flow,12,0.003326467699843962,0.02847867709735616,0.0658482897217758
87,18,404528,occupancy,9,402391,flow,6,0.0011823856799040619,0.01264646233519571,0.07272238933352795
87,18,404528,occupancy,10,400497,flow,5,0.002312492372998751,0.021460724063060373,0.06833256119300632
87,18,404528,occupancy,10,400497,flow,11,0.0007543447640971886,0.008751195180598484,0.07553828968850768
87,18,404528,occupancy,14,401469,flow,10,0.0010249419738966416,0.011257943878040914,-0.0736279598797997
87,18,404528,occupancy,15,401472,flow,1,0.0041238734552616315,0.033657912954336386,0.06434171509137328
87,18,404528,occupancy,15,401472,flow,4,0.001468204773983833,0.015022843731904687,0.07133122522617498
87,18,404528,occupancy,15,401472,flow,5,0.00047153029032211813,0.00592843671184968,0.07838621942711961
87,18,404528,occupancy,15,401472,flow,8,0.0019006801276738284,0.018381325613501094,0.06964079828957095
87,18,404528,occupancy,15,401472,flow,11,0.0010813569476159743,0.011755062943384522,0.07328955995148159
87,18,404528,occupancy,17,400260,flow,1,1.2904588149405328e-05,0.0002746198069233055,0.09770139425845613
87,18,404528,occupancy,17,400260,flow,6,5.072855032159156e-07,1.5134484626331183e-05,0.11243809917777726
87,18,404528,occupancy,17,400260,flow,12,0.0006074515779790551,0.0073036204198984635,0.07686263351408923
87,18,404528,occupancy,18,404528,flow,1,0.0023519935629484202,0.02177118532662776,-0.0682185606547053
87,18,404528,speed,0,400593,flow,2,0.00022339210643394439,0.003189206542612821,-0.08273327286600951
87,18,404528,speed,5,400503,flow,3,0.005352924627012394,0.04105936503674279,-0.06247168375947908
87,18,404528,speed,14,401469,flow,1,0.0003100915590665229,0.0041980430434577845,-0.08085086258861025
87,18,404528,speed,16,405838,flow,1,0.0007924153948813813,0.009089842023068421,-0.07523434090617137
87,18,404528,speed,17,400260,flow,1,0.003279554739449937,0.028141867675423954,-0.06594683808833565
87,18,404528,speed,18,404528,flow,1,0.0031955770348352543,0.027609785580976598,0.06612649648463666
87,19,401795,flow,0,400593,flow,8,0.004910314638867031,0.038547263746875476,0.06309557619152767
87,19,401795,flow,0,400593,flow,9,0.00020392394834506196,0.002952788360716331,0.0832498395980731
87,19,401795,flow,0,400593,flow,10,6.451693933166416e-05,0.00111529883118363,0.0895360620786119
87,19,401795,flow,1,400125,flow,12,0.0044392760489553856,0.03562636546811679,0.0638180653097848
87,19,401795,flow,3,400039,flow,11,0.004204698933252336,0.03415481068743783,0.06420415328707416
87,19,401795,flow,5,400503,flow,4,0.001644602511911891,0.016428785258292455,0.07059266734902635
87,19,401795,flow,5,400503,flow,12,0.0003634916242598189,0.004769999443506736,0.0799245149520553
87,19,401795,flow,6,405843,flow,1,0.0009203175480721302,0.01030259602920861,0.07430388933311095
87,19,401795,flow,6,405843,flow,6,0.003097706559366918,0.026914908158618432,0.0663413838371005
87,19,401795,flow,6,405843,flow,7,0.00018961404082152179,0.002773899953772347,0.0836599552051544
87,19,401795,flow,6,405843,flow,10,0.003064130720182325,0.02670374160013646,0.06641653066652409
87,19,401795,flow,6,405843,flow,11,0.0008767021573874512,0.009883489874514062,0.07460691398041447
87,19,401795,flow,7,408093,flow,4,0.005862525764990798,0.043915573616716226,0.06180858868435336
87,19,401795,flow,9,402391,flow,1,0.004003147715003708,0.03287756298253996,0.0645518086781992
87,19,401795,flow,9,402391,flow,7,0.003757350240725216,0.031275054026845724,0.06499795168256253
87,19,401795,flow,9,402391,flow,12,5.755708220044089e-05,0.0010136428663102513,0.09013770552428806
87,19,401795,flow,10,400497,flow,2,0.002292899934264405,0.021319990579100223,-0.06838976774449373
87,19,401795,flow,10,400497,flow,3,0.00014443200265053794,0.002216426485000256,-0.08517831705066581
87,19,401795,flow,10,400497,flow,5,9.731741387990486e-06,0.00021559550151855846,0.0990685171751437
87,19,401795,flow,10,400497,flow,10,2.862686892471913e-08,1.0444938661721843e-06,0.12412648768214239
87,19,401795,flow,10,400497,flow,11,7.244021283759762e-11,3.793232963132384e-09,0.14551675478236178
87,19,401795,flow,10,400497,flow,12,6.408266001527034e-05,0.0011086787795993908,0.08957176308236617
87,19,401795,flow,11,405841,flow,5,0.0003984287978457263,0.005144089679299276,0.07938505670539306
87,19,401795,flow,11,405841,flow,6,0.0016422304386337946,0.016414704985881517,0.07060210522458793
87,19,401795,flow,11,405841,flow,11,0.0005858829349725524,0.007083723143244966,0.07708173534301718
87,19,401795,flow,12,404520,flow,1,0.0064381697056067316,0.04724745107415101,-0.06111932595862552
87,19,401795,flow,12,404520,flow,2,0.0019795418146655724,0.018940466532348335,-0.06937135900819567
87,19,401795,flow,13,400183,flow,1,0.0007793445742692236,0.008966094702644596,0.07533713884193041
87,19,401795,flow,13,400183,flow,4,0.000455486639581688,0.005767005518736496,0.07859240271231806
87,19,401795,flow,13,400183,flow,12,0.0037923269617219707,0.03148138246405864,0.06493287710523778
87,19,401795,flow,15,401472,flow,11,0.006397863787802161,0.04699672090342686,0.06116574387577222
87,19,401795,flow,17,400260,flow,2,0.0019098025431396862,0.01842417817410327,0.06959161352723194
87,19,401795,flow,17,400260,flow,11,8.41024816087239e-05,0.0014055037545442448,0.08812425725518386
87,19,401795,flow,17,400260,flow,12,0.0001684966706150191,0.0025221954852975834,0.0843216766656118
87,19,401795,flow,19,401795,flow,1,5.040107116419847e-10,2.4005802362661236e-08,0.13886555524294766
87,19,401795,flow,19,401795,flow,2,2.8133589907687747e-20,3.215267418021457e-18,0.2048991862185769
87,19,401795,flow,19,401795,flow,3,6.595010146514259e-12,3.7835914784782997e-10,0.1532578131896258
87,19,401795,flow,19,401795,flow,4,6.60329158171362e-08,2.2931044721063376e-06,0.12084107854877596
87,19,401795,flow,19,401795,flow,5,2.3764860229604913e-08,8.819948126451309e-07,0.12484670040957
87,19,401795,flow,19,401795,flow,6,0.00031022435950687967,0.0041985251662585215,0.08084837908543634
87,19,401795,flow,19,401795,flow,7,4.381277799658428e-05,0.0007982758369685537,0.09156105189746269
87,19,401795,flow,19,401795,flow,8,1.5661767622188544e-08,5.971653674126612e-07,0.12644558872130648
87,19,401795,flow,19,401795,flow,9,0.0008482310885926992,0.00961773832735029,0.07481234794335058
87,19,401795,flow,19,401795,flow,10,0.00040885074304795497,0.005261104956821574,0.0792326812991866
87,19,401795,flow,19,401795,flow,11,2.6798688014764132e-08,9.836052015614364e-07,0.12438229535876037
87,19,401795,flow,19,401795,flow,12,6.676271324736822e-09,2.744195254316182e-07,0.12965498138478132
87,19,401795,occupancy,0,400593,flow,10,0.0003050612758826029,0.004145532280002657,0.08094567443150409
87,19,401795,occupancy,1,400125,flow,12,0.0027122486101853515,0.024316315765056808,0.0672527621796117
87,19,401795,occupancy,3,400039,flow,6,0.0037710084198493894,0.03134646213921371,0.06497247528262083
87,19,401795,occupancy,3,400039,flow,11,0.000869989480113652,0.009823195384451063,0.07465478656311669
87,19,401795,occupancy,4,400316,flow,11,0.005718086844698981,0.04313276614125999,0.061991083023545564
87,19,401795,occupancy,5,400503,flow,12,0.0021781751733316286,0.020484398685486488,0.06873400992690475
87,19,401795,occupancy,6,405843,flow,1,0.006734785141880303,0.04891706273208826,0.06078554709414661
87,19,401795,occupancy,6,405843,flow,7,0.00031953165134904703,0.004296223883684665,0.08067675396025001
87,19,401795,occupancy,6,405843,flow,11,0.0006640766619712902,0.007890019746193546,0.0763201088339736
87,19,401795,occupancy,9,402391,flow,1,0.004872629494924512,0.03830711450058943,0.06315101744101134
87,19,401795,occupancy,9,402391,flow,12,7.341929463263134e-05,0.0012467427390446832,0.08885027634577841
87,19,401795,occupancy,10,400497,flow,2,0.0024667000825639982,0.022571794866927498,-0.06789717597207534
87,19,401795,occupancy,10,400497,flow,3,0.004185291104105119,0.03402181592532672,-0.06423696453344095
87,19,401795,occupancy,10,400497,flow,5,0.00035737858627962635,0.00470263628610413,0.08002385614402506
87,19,401795,occupancy,10,400497,flow,10,1.99889454411529e-08,7.54168072539568e-07,0.12551257513501005
87,19,401795,occupancy,10,400497,flow,11,2.233817496632525e-08,8.33341242267056e-07,0.1250853527442691
87,19,401795,occupancy,10,400497,flow,12,0.001272930711895385,0.013428719598017247,0.07225089493323222
87,19,401795,occupancy,11,405841,flow,5,0.003509958189081995,0.029641235409418838,0.065474603237128
87,19,401795,occupancy,11,405841,flow,11,0.0008986684041731951,0.010099499235245063,0.07445259728694925
87,19,401795,occupancy,12,404520,flow,2,0.006342238712585137,0.04663569572488135,-0.06123023766561498
87,19,401795,occupancy,13,400183,flow,4,0.0028996356012802042,0.02564788246832613,0.06679590041494231
87,19,401795,occupancy,15,401472,flow,9,0.0010568519972227843,0.011532176214317808,0.07343449619692267
87,19,401795,occupancy,15,401472,flow,10,0.0007620539851176392,0.008814118382083538,0.07547560913072582
87,19,401795,occupancy,15,401472,flow,11,2.2399388146905317e-05,0.0004440814905673748,0.09497687669874845
87,19,401795,occupancy,15,401472,flow,12,0.001427430078778946,0.014685212011320647,0.07151353410196068
87,19,401795,occupancy,17,400260,flow,11,0.0003290451342241112,0.004388735892499657,0.08050609288719406
87,19,401795,occupancy,17,400260,flow,12,0.0009447666550557374,0.010540784994423517,0.07413979388907832
87,19,401795,occupancy,19,401795,flow,2,1.7972963009728117e-05,0.00036620369424239063,-0.09607326139337057
87,19,401795,occupancy,19,401795,flow,3,2.1741787048298416e-08,8.131993077805122e-07,0.12518952729290986
87,19,401795,occupancy,19,401795,flow,4,1.2527015668588943e-05,0.0002679044935064566,0.09784609959679524
87,19,401795,occupancy,19,401795,flow,5,1.8066570268489704e-05,0.00036762874969324314,0.09604752676975219
87,19,401795,occupancy,19,401795,flow,7,0.002498871032095519,0.02278413435764593,0.0678094941164694
87,19,401795,occupancy,19,401795,flow,8,8.902921923557561e-06,0.0001989685603195482,0.09949610958837672
87,19,401795,occupancy,19,401795,flow,11,5.309023670885489e-06,0.00012664264085160304,0.10194617669759688
87,19,401795,occupancy,19,401795,flow,12,3.1407814521602774e-06,7.916088607545156e-05,0.10437852343558363
87,19,401795,speed,0,400593,flow,7,0.0004950868805694662,0.006185763002301979,-0.07809503557573538
87,19,401795,speed,6,405843,flow,9,0.000382440871779829,0.004971846422175327,0.07962620141407613
87,19,401795,speed,7,408093,flow,9,0.00048718828437961897,0.006103983145359496,0.07819120391854878
87,19,401795,speed,10,400497,flow,11,0.005768134299653216,0.04341930680345338,-0.06192738401998569
87,19,401795,speed,17,400260,flow,12,0.005255959104900967,0.040524260812372266,-0.06260426906678944
87,19,401795,speed,18,404528,flow,4,0.003195117191021805,0.027609785580976598,0.0661274920350195
87,19,401795,speed,18,404528,flow,11,0.00319077451533447,0.02759588770019001,-0.06613690025955396
