graph_slot,source_node_index,source_node_id,source_feature,target_node_index,target_node_id,target_feature,lag_5min_steps,raw_p_value,fdr_bh_q_value,parcorr_value
103,0,400593,flow,0,400593,flow,1,1.297822218561655e-34,2.708498543085193e-32,0.2701807592873697
103,0,400593,flow,0,400593,flow,2,6.624444417247256e-23,8.971034445927318e-21,0.21845634318760804
103,0,400593,flow,0,400593,flow,3,4.792804131367951e-23,6.531518563883138e-21,0.2192124487769491
103,0,400593,flow,0,400593,flow,4,1.3215416014822726e-06,3.258595729682316e-05,0.10827661441164399
103,0,400593,flow,0,400593,flow,7,5.878293014596786e-07,1.5512660857091093e-05,0.11180726237365372
103,0,400593,flow,0,400593,flow,11,0.0001400473707117945,0.0020487796866744067,0.08534874480057271
103,0,400593,flow,0,400593,flow,12,0.006171291674971236,0.04660020981624845,0.061431674401025003
103,0,400593,flow,1,400125,flow,3,0.00010703954337616147,0.0016196526353240543,0.08682175264723618
103,0,400593,flow,4,400316,flow,1,0.0029298489102193652,0.026102180433383495,0.06672477365207594
103,0,400593,flow,8,401448,flow,3,0.000550359142767964,0.006571452450960764,0.07745951209438467
103,0,400593,flow,11,405841,flow,5,0.0016937719479065026,0.016871327680323015,0.07039980105721032
103,0,400593,flow,13,400183,flow,1,0.0008235117846078401,0.009245246646325023,0.07499596115261756
103,0,400593,flow,13,400183,flow,11,0.0004793634459005967,0.005831737781725085,0.0782879177156414
103,0,400593,flow,13,400183,flow,12,0.0034822445546949035,0.029954791868343256,0.06552988713915146
103,0,400593,flow,14,401469,flow,3,0.001829261030447663,0.017976359534881494,0.0698938133036747
103,0,400593,flow,14,401469,flow,4,0.006711076045744204,0.049612783614058506,0.06081173596066289
103,0,400593,flow,19,401795,flow,1,0.002572228538227844,0.023626856701771986,0.06761335535824047
103,0,400593,occupancy,0,400593,flow,3,6.279398108120808e-07,1.6500608167324753e-05,-0.11152358570410528
103,0,400593,occupancy,19,401795,flow,6,0.0015101446312818865,0.015353788672953048,-0.07114850759254054
103,0,400593,speed,5,400503,flow,9,0.0035765604979252253,0.03062585005160946,-0.06534334908396504
103,0,400593,speed,11,405841,flow,6,0.002115331863536204,0.02022180493577429,0.06892968202178418
103,0,400593,speed,13,400183,flow,6,0.004883878218348077,0.03893403562144988,0.0631344281944919
103,0,400593,speed,16,405838,flow,9,0.006593010203542787,0.04888740830639348,0.060943401080771495
103,1,400125,flow,1,400125,flow,1,1.7906281478286415e-138,9.550016788419421e-136,0.5204185702503384
103,1,400125,flow,1,400125,flow,2,7.30221853642943e-18,7.104861278688095e-16,0.1914387467080511
103,1,400125,flow,1,400125,flow,3,4.3129678545718704e-05,0.0007370261523635475,0.0916194098803111
103,1,400125,flow,3,400039,flow,1,0.00022869543865383483,0.0031077832494009637,0.08259987931476892
103,1,400125,flow,3,400039,flow,11,0.001149496124236419,0.01220103994275511,0.07290194503297864
103,1,400125,flow,3,400039,flow,12,0.0008265896626541995,0.009272571650652147,0.07497282257804502
103,1,400125,flow,4,400316,flow,2,0.002010396499931167,0.019442383881134187,-0.06926861355261486
103,1,400125,flow,4,400316,flow,3,0.0006158293706320474,0.007229301307419687,-0.07677947514891251
103,1,400125,flow,4,400316,flow,10,0.0015605245467168992,0.015758452645668546,0.07093509664750007
103,1,400125,flow,5,400503,flow,1,3.2389920180484555e-05,0.0005722881602441442,0.09311342717082445
103,1,400125,flow,5,400503,flow,3,4.892152885672251e-05,0.0008254831460773335,0.09098817623257882
103,1,400125,flow,5,400503,flow,7,0.00041464778193582195,0.005159212033302853,0.07914948701512346
103,1,400125,flow,5,400503,flow,10,0.0012261133554096642,0.012890751266414575,0.07249067546989552
103,1,400125,flow,6,405843,flow,1,5.345351983151241e-07,1.4210412656746684e-05,0.11221449875730079
103,1,400125,flow,6,405843,flow,11,0.0010704869204308434,0.011515197948857678,0.07335347283082981
103,1,400125,flow,7,408093,flow,5,0.0005020117621182343,0.006065083846801955,0.07801189148086467
103,1,400125,flow,8,401448,flow,1,0.00028048544234484914,0.003707763497337051,0.08143101726359608
103,1,400125,flow,8,401448,flow,2,0.0022159823708921785,0.021007337814909394,0.0686187686471589
103,1,400125,flow,8,401448,flow,11,0.0014087190649335183,0.014472452700387156,0.07159880446827771
103,1,400125,flow,8,401448,flow,12,0.00020093903833808045,0.0027849106372168997,0.08333310516469691
103,1,400125,flow,9,402391,flow,11,0.0013716119573962766,0.014175511138640946,0.0717710424531918
103,1,400125,flow,9,402391,flow,12,0.0004697358255294066,0.005740477415239142,0.07840895314705244
103,1,400125,flow,10,400497,flow,4,0.003224809469152018,0.028126745218527597,0.06606347519350857
103,1,400125,flow,10,400497,flow,5,0.0018444123628513004,0.018084115768310524,0.0698393883111465
103,1,400125,flow,10,400497,flow,10,1.2398735223731515e-06,3.071246339823403e-05,0.10855859264545242
103,1,400125,flow,10,400497,flow,11,1.0890146678752813e-15,8.744504396321961e-14,0.17854770253497912
103,1,400125,flow,10,400497,flow,12,8.309164824035008e-05,0.001302925300901315,0.08818910168666495
103,1,400125,flow,11,405841,flow,10,1.2807780989094318e-05,0.0002493448124059822,0.09773810706677505
103,1,400125,flow,11,405841,flow,11,0.0052363104394220995,0.04104674487081014,0.0626314043172377
103,1,400125,flow,12,404520,flow,2,5.21556702814802e-06,0.00011143051217408232,-0.10202936346346225
103,1,400125,flow,12,404520,flow,3,0.00043865273608367685,0.005432854988192328,-0.07881615406481646
103,1,400125,flow,12,404520,flow,6,0.0003764669836017318,0.004738745248133687,0.0797187278565344
103,1,400125,flow,12,404520,flow,10,7.209920165744542e-06,0.00014909935431314708,0.10050249900094263
103,1,400125,flow,14,401469,flow,1,0.003923032251186005,0.032946149543397245,0.06469442622216458
103,1,400125,flow,14,401469,flow,2,4.5008353662887884e-08,1.4774778710005748e-06,0.1223584303864971
103,1,400125,flow,14,401469,flow,7,5.148922567774674e-05,0.0008636196293182465,0.09072133742846113
103,1,400125,flow,14,401469,flow,12,0.0001238140455029591,0.0018393283238403826,0.0860267676157496
103,1,400125,flow,15,401472,flow,1,2.0559547841453184e-06,4.874069110193311e-05,0.10630351548719841
103,1,400125,flow,15,401472,flow,2,0.0004760047456896117,0.005799042587081564,0.07832988278941164
103,1,400125,flow,15,401472,flow,9,0.004923170741582767,0.03914613952445711,-0.0630767506387366
103,1,400125,flow,15,401472,flow,12,2.762985581554001e-05,0.0004946580071410395,0.09392073452287443
103,1,400125,flow,16,405838,flow,1,7.656441410006985e-05,0.0012164702791919886,0.08862668777369535
103,1,400125,flow,16,405838,flow,2,1.3084720193496793e-07,3.977902268536675e-06,0.11808697030165079
103,1,400125,flow,16,405838,flow,5,0.0033279361078213028,0.028862128539760227,0.06584522555302294
103,1,400125,flow,16,405838,flow,6,4.643501991527077e-05,0.0007875904437925784,0.09125953616629982
103,1,400125,flow,17,400260,flow,1,9.829971672220494e-07,2.4930413208093827e-05,0.1095789979848762
103,1,400125,flow,17,400260,flow,2,5.608476280312928e-05,0.000929011408395393,0.09027376964148795
103,1,400125,flow,17,400260,flow,12,0.0007084489845605791,0.008130976655955637,0.07592423453090445
103,1,400125,flow,18,404528,flow,1,0.0032283250831716325,0.028146043106561963,0.06605593106647605
103,1,400125,flow,19,401795,flow,1,9.739306012672673e-08,3.033439219520256e-06,0.11928365486233145
103,1,400125,flow,19,401795,flow,5,3.9159745070081805e-05,0.0006777648185206466,0.09214085803832786
103,1,400125,flow,19,401795,flow,6,4.686213653106388e-05,0.0007935885135797568,0.09121195908529421
103,1,400125,flow,19,401795,flow,12,3.299968631180141e-05,0.000581634617980343,0.09301827488683409
103,1,400125,occupancy,2,400331,flow,2,0.003127259210019568,0.027470028034332114,0.06627585295442541
103,1,400125,occupancy,9,402391,flow,10,0.0009443210355417977,0.010380322833436557,0.07414274941156658
103,1,400125,occupancy,14,401469,flow,5,0.0002683795458372001,0.003566286182764394,0.08168492414825371
103,1,400125,occupancy,14,401469,flow,11,2.1508380060027053e-07,6.219290619766859e-06,0.11604585050903819
103,1,400125,occupancy,15,401472,flow,12,0.004661938535786414,0.037644064438499644,0.06346831461128152
103,1,400125,occupancy,16,405838,flow,3,0.005044997133738956,0.039843487418194316,0.06290052895280258
103,1,400125,occupancy,16,405838,flow,6,0.003657551005672106,0.0311526426350621,0.06518670089061694
103,1,400125,occupancy,17,400260,flow,1,0.0006475720740495324,0.007540461886506684,0.07647365479643738
103,1,400125,speed,1,400125,flow,1,0.0008999257605837334,0.009973523052133731,0.07444387022863823
103,1,400125,speed,4,400316,flow,11,0.005677077155435727,0.04369360679570411,-0.06204365464397891
103,1,400125,speed,14,401469,flow,11,0.0010969830046382585,0.011758540993189246,-0.0731987155174677
103,1,400125,speed,17,400260,flow,8,0.004305184121061428,0.03541876862118715,-0.06403643527656347
103,1,400125,speed,19,401795,flow,9,0.0007796267603999346,0.008805196352752204,0.07533490270085902
103,1,400125,speed,19,401795,flow,11,0.003858029924935964,0.03253941678196674,0.06481209581932233
103,2,400331,flow,2,400331,flow,1,1.2072029547213056e-74,4.78451079302389e-72,0.39356009240063883
103,2,400331,flow,2,400331,flow,2,4.75447219710074e-21,5.851658088739372e-19,0.20899663844654856
103,2,400331,flow,2,400331,flow,3,6.357297729436169e-07,1.6685009836673302e-05,0.11147052251407556
103,2,400331,flow,2,400331,flow,4,3.481113914298561e-06,7.791923372937712e-05,0.10390605133457578
103,2,400331,flow,2,400331,flow,5,4.981595433603236e-06,0.00010664267727039634,0.10224404813914309
103,2,400331,flow,2,400331,flow,6,4.933781850763987e-15,3.7003363880729905e-13,0.17442996989553927
103,2,400331,flow,2,400331,flow,7,4.509113660254978e-06,9.783712211100706e-05,0.10270870037593265
103,2,400331,flow,2,400331,flow,9,1.2237234266697172e-05,0.00023974989583733233,0.09796000778440794
103,2,400331,flow,2,400331,flow,11,0.00018446500058812834,0.002593410470200032,0.08381466847543594
103,2,400331,flow,9,402391,flow,3,0.0053392226726224545,0.041687044904624986,-0.062490286900008844
103,2,400331,flow,10,400497,flow,4,0.0020472406907735587,0.01970606012509308,0.0691478007848442
103,2,400331,flow,11,405841,flow,4,0.003504879191382898,0.030131498719948496,0.06548470518263859
103,2,400331,flow,11,405841,flow,5,0.0002247337013253266,0.003063583432393219,0.08269924961261063
103,2,400331,flow,15,401472,flow,11,0.0018067579604740477,0.01779975915449917,0.06997541524978812
103,2,400331,flow,19,401795,flow,11,0.005308137351790071,0.041496839232235086,-0.06253265169066805
103,2,400331,occupancy,2,400331,flow,1,0.004968399874959316,0.03944839924192776,-0.06301087157421585
103,2,400331,occupancy,2,400331,flow,5,0.0025045654622257484,0.023119065805160755,0.0677940815533721
103,2,400331,occupancy,2,400331,flow,11,0.002790827615035216,0.02512630747059674,0.0670577793094256
103,2,400331,occupancy,5,400503,flow,6,0.004298767880859418,0.03539968975469441,-0.06404703792757346
103,2,400331,occupancy,7,408093,flow,1,0.0016222575236636645,0.016275319327048378,0.07068207328622886
103,2,400331,occupancy,7,408093,flow,11,0.0024565787022420315,0.022763663650119212,0.06792497804471125
103,2,400331,occupancy,11,405841,flow,8,0.005947434804587989,0.045218089327384914,0.061703190236157016
103,2,400331,occupancy,13,400183,flow,3,0.0006287976037251244,0.007361532921659993,0.07665280341697644
103,2,400331,occupancy,13,400183,flow,12,0.004606304809258752,0.037271689941172456,0.06355426170584132
103,2,400331,occupancy,14,401469,flow,7,0.00014019868036539913,0.0020502989139421944,0.08534278035191561
103,2,400331,occupancy,15,401472,flow,10,0.0001435229865161371,0.002093245448175936,0.08521324600983161
103,2,400331,occupancy,19,401795,flow,4,0.000592487478798332,0.006985660230373347,0.07701385797380589
103,2,400331,occupancy,19,401795,flow,10,0.00027139362801022367,0.0036030131315432277,0.08162071947145301
103,3,400039,flow,0,400593,flow,12,0.0061067496946569065,0.04624217121983845,0.061509035534563515
103,3,400039,flow,1,400125,flow,1,1.7428341958459792e-06,4.201475293557271e-05,0.10704523854644282
103,3,400039,flow,1,400125,flow,2,0.0062205215481054635,0.04688427403243001,0.061373154529072084
103,3,400039,flow,1,400125,flow,4,0.0008387803716761568,0.00938315457421099,0.07488195421900767
103,3,400039,flow,1,400125,flow,10,0.003067950245246333,0.027081211809285164,0.06640794438455977
103,3,400039,flow,1,400125,flow,12,1.5866367032404538e-06,3.8546481543997385e-05,0.10746458007505465
103,3,400039,flow,3,400039,flow,1,9.061875376680066e-119,4.448557003097487e-116,0.4867438442835521
103,3,400039,flow,3,400039,flow,2,2.327570606652526e-14,1.6429910164606066e-12,0.1700526068778965
103,3,400039,flow,3,400039,flow,6,3.287641146200422e-05,0.0005799350653975428,0.09303737620714364
103,3,400039,flow,3,400039,flow,11,2.7248083217797723e-06,6.231430360025736e-05,0.10502768032396217
103,3,400039,flow,3,400039,flow,12,7.112652046983334e-13,4.303453339351261e-11,0.16011364135801323
103,3,400039,flow,4,400316,flow,3,0.0020563047354261437,0.01977725778432621,-0.06911838528303701
103,3,400039,flow,4,400316,flow,7,0.0016542944846371231,0.016531464662577777,0.07055423505085157
103,3,400039,flow,4,400316,flow,10,1.0078974267917865e-05,0.00020083564961902755,0.09889963105994959
103,3,400039,flow,4,400316,flow,11,0.0001065275340960844,0.0016124700325686216,0.08684782306461156
103,3,400039,flow,5,400503,flow,1,8.016740367991194e-07,2.0651352647419176e-05,0.11046779880032902
103,3,400039,flow,5,400503,flow,2,4.149439749451298e-05,0.0007150211295424653,0.0918422310919018
103,3,400039,flow,5,400503,flow,6,0.00013674696711976595,0.002006189480104726,0.08548037498519293
103,3,400039,flow,5,400503,flow,11,4.4682317961254214e-06,9.716992562805843e-05,0.10275107020597418
103,3,400039,flow,5,400503,flow,12,0.000717236262919924,0.008210017635967334,0.07584857859046025
103,3,400039,flow,6,405843,flow,12,0.00021297796600382103,0.002922696356850403,0.0830040937688866
103,3,400039,flow,7,408093,flow,1,0.003062837523857835,0.027057719814232124,0.06641943997859626
103,3,400039,flow,7,408093,flow,4,0.0035484261672092685,0.03044695164486269,0.06539852045911333
103,3,400039,flow,7,408093,flow,11,6.980812182478724e-05,0.0011240070304997425,0.08911844349398966
103,3,400039,flow,7,408093,flow,12,0.0001027295499754136,0.0015620966416535964,0.08704498148902781
103,3,400039,flow,8,401448,flow,11,0.0005486725395588841,0.0065549374195087926,0.0774780073201272
103,3,400039,flow,8,401448,flow,12,1.2821517748649043e-05,0.00024949980483857597,0.09773288151168921
103,3,400039,flow,9,402391,flow,1,4.427638261695351e-10,1.984169843415344e-08,0.1393841130742025
103,3,400039,flow,9,402391,flow,7,0.003976831144356417,0.03329474510407727,0.06459836823422321
103,3,400039,flow,9,402391,flow,11,1.875195648259867e-05,0.00034872342662430587,0.09586287708788437
103,3,400039,flow,9,402391,flow,12,6.402034743863942e-11,3.139249726843613e-09,0.14592595965312613
103,3,400039,flow,10,400497,flow,1,0.00020744533844734527,0.002856754421716709,0.08315306713634103
103,3,400039,flow,10,400497,flow,5,9.264169415104802e-08,2.9000878169023724e-06,0.11948520845813577
103,3,400039,flow,10,400497,flow,6,2.3876495915061488e-05,0.0004337529955974164,0.09465665289804777
103,3,400039,flow,10,400497,flow,10,1.3414226038214875e-13,8.675068336091057e-12,0.1650596853361923
103,3,400039,flow,10,400497,flow,11,2.4511042380444452e-20,2.801261986336509e-18,0.2052706067276531
103,3,400039,flow,10,400497,flow,12,2.3671540391005243e-10,1.085573826848648e-08,0.1415353669911489
103,3,400039,flow,12,404520,flow,2,1.7797615758085968e-05,0.00033312695006469407,-0.09612181333830098
103,3,400039,flow,12,404520,flow,3,3.1179428546467234e-05,0.0005527087867079953,-0.09330746868092236
103,3,400039,flow,12,404520,flow,5,0.001023569639862262,0.01108818002466969,0.0736364043859875
103,3,400039,flow,12,404520,flow,6,1.7918719049815294e-08,6.187759096339094e-07,0.12593155632985137
103,3,400039,flow,12,404520,flow,7,2.1129661026678825e-09,8.483283980971424e-08,0.13386553628368378
103,3,400039,flow,12,404520,flow,10,1.7191748675631788e-06,4.15412895022475e-05,0.10710637788938991
103,3,400039,flow,12,404520,flow,11,2.8965050496339355e-08,9.722534432337686e-07,0.12408090982483169
103,3,400039,flow,13,400183,flow,7,0.003970437868667848,0.03325571606924969,0.06460972148243005
103,3,400039,flow,15,401472,flow,1,1.950810187355751e-23,2.7273462813517297e-21,0.22120494027418924
103,3,400039,flow,15,401472,flow,2,5.307380924707691e-19,5.592167218228592e-17,0.1979805368316501
103,3,400039,flow,15,401472,flow,3,0.0013995348375295375,0.014402073602019061,0.07164104156488559
103,3,400039,flow,15,401472,flow,12,0.0001020242869313199,0.0015530124014915504,0.08708234789522208
103,3,400039,flow,16,405838,flow,1,0.0029839824428283,0.026469823722830098,0.0665989914312656
103,3,400039,flow,16,405838,flow,3,0.00036973160485781204,0.004667564386282139,0.07982470793459484
103,3,400039,flow,16,405838,flow,6,0.00014896214692512955,0.0021623537456873644,0.08500727240870148
103,3,400039,flow,16,405838,flow,7,0.0038163687934009622,0.03224469623996119,0.06488846233636189
103,3,400039,flow,16,405838,flow,12,0.00015278369767744598,0.002209660441803035,0.08486674579306712
103,3,400039,flow,17,400260,flow,1,0.00014655696656743405,0.002130303147951935,0.08509746554082727
103,3,400039,flow,17,400260,flow,2,0.001025889577869384,0.011109182390632587,0.07362213500403367
103,3,400039,flow,17,400260,flow,12,3.4593640836783468e-09,1.3403096718825525e-07,0.13207743091973725
103,3,400039,flow,18,404528,flow,1,7.884966176197896e-11,3.80653137500653e-09,0.1451629206650429
103,3,400039,flow,19,401795,flow,1,1.7128856907115424e-05,0.00032214480556699447,0.09631126462468441
103,3,400039,flow,19,401795,flow,4,0.0010615868690182436,0.011447966236042967,0.07340625101941499
103,3,400039,flow,19,401795,flow,7,6.038579476892648e-06,0.0001273958938949113,0.10134115174119877
103,3,400039,flow,19,401795,flow,11,0.0007788546747640819,0.008802188504102394,0.0753410227603726
103,3,400039,flow,19,401795,flow,12,1.3066888432193288e-09,5.412172389940077e-08,0.13558628105256157
103,3,400039,occupancy,0,400593,flow,6,0.001152702487923533,0.012229063722567933,0.07288423307340683
103,3,400039,occupancy,1,400125,flow,1,0.0027619194634522773,0.0249508408241611,0.06712892127297072
103,3,400039,occupancy,1,400125,flow,12,0.0006224140340450814,0.007294705987723146,0.07671485049024258
103,3,400039,occupancy,3,400039,flow,10,0.004690771912011641,0.037802365269394206,0.06342413514807085
103,3,400039,occupancy,3,400039,flow,11,0.0014430784871182277,0.014769246776476532,0.07144300770996277
103,3,400039,occupancy,3,400039,flow,12,2.62677880702202e-07,7.450876195886492e-06,0.11521505144606868
103,3,400039,occupancy,4,400316,flow,7,0.0033360164256363684,0.028909911652455586,0.06582838610545724
103,3,400039,occupancy,4,400316,flow,10,1.3399931769003874e-05,0.00025946976800581234,0.0975175560841949
103,3,400039,occupancy,4,400316,flow,11,0.00045330997354600325,0.005577610611560051,0.07862089594546849
103,3,400039,occupancy,5,400503,flow,2,0.0007296508046442875,0.008338866338791856,0.07574314663988294
103,3,400039,occupancy,5,400503,flow,6,9.087401273933529e-05,0.0014079082121399068,0.08770794553975184
103,3,400039,occupancy,5,400503,flow,10,0.0003667202345845347,0.004639037813778008,0.07987267598041178
103,3,400039,occupancy,5,400503,flow,11,1.3873747208273257e-06,3.4092484607360905e-05,0.108061247152084
103,3,400039,occupancy,5,400503,flow,12,1.843029059686007e-05,0.00034333270969571155,0.09594872264307497
103,3,400039,occupancy,6,405843,flow,1,0.0031579444107325736,0.027672663637158736,0.06620840501935153
103,3,400039,occupancy,6,405843,flow,6,0.003007554395828939,0.026646093088558278,0.06654486977393602
103,3,400039,occupancy,6,405843,flow,7,0.004029815303891618,0.03363369805411861,0.06450491050153218
103,3,400039,occupancy,6,405843,flow,10,0.002691627132992019,0.024423081736033442,0.0673047854894044
103,3,400039,occupancy,6,405843,flow,12,0.00042188018931115927,0.005243160005248009,0.07904720225187108
103,3,400039,occupancy,7,408093,flow,1,0.00029470496745829497,0.0038614663616009528,0.08114556837253258
103,3,400039,occupancy,7,408093,flow,4,0.0004095197104065514,0.005104227204143976,0.07922302484210439
103,3,400039,occupancy,8,401448,flow,12,0.00329293722283636,0.028605447019209883,0.0659185958593748
103,3,400039,occupancy,9,402391,flow,1,7.242173789284195e-05,0.0011596067742664093,0.08892308673580462
103,3,400039,occupancy,9,402391,flow,11,0.0004123475323576588,0.005135028364903678,0.07918236758115958
103,3,400039,occupancy,9,402391,flow,12,0.0041048177461141325,0.03414753064358377,0.06437450304285287
103,3,400039,occupancy,10,400497,flow,1,0.005887282949987986,0.04489507915966125,0.061777716102126984
103,3,400039,occupancy,10,400497,flow,4,0.006694447864063982,0.049507703549454926,0.06083015293516992
103,3,400039,occupancy,10,400497,flow,5,2.359353854895506e-08,8.044521431056501e-07,0.12487461318006715
103,3,400039,occupancy,10,400497,flow,6,1.3323723445672064e-05,0.00025842861719519274,0.09754541345076122
103,3,400039,occupancy,10,400497,flow,10,1.4722524012040388e-11,7.746809224362299e-10,0.15070827112998722
103,3,400039,occupancy,10,400497,flow,11,5.872074091248587e-09,2.1849578013948234e-07,0.13013137138520386
103,3,400039,occupancy,10,400497,flow,12,0.0038663450406770813,0.032601545488180235,0.06479694355689462
103,3,400039,occupancy,11,405841,flow,12,0.00012077566734254957,0.0018003826187709255,0.08616291733128333
103,3,400039,occupancy,12,404520,flow,6,0.0024631296038094535,0.022804800446757048,0.06790697167011654
103,3,400039,occupancy,12,404520,flow,7,1.926771264635907e-06,4.616556773836449e-05,0.10659541815552637
103,3,400039,occupancy,12,404520,flow,10,5.533227176929774e-06,0.00011757767537794698,0.10175218697111313
103,3,400039,occupancy,12,404520,flow,11,4.884134226532975e-06,0.0001047119595961412,0.10233633574898351
103,3,400039,occupancy,14,401469,flow,10,0.00016251063170789215,0.0023231169059500134,0.08452345759843953
103,3,400039,occupancy,14,401469,flow,11,0.001934312049484776,0.018837303998589343,0.06952465995153427
103,3,400039,occupancy,14,401469,flow,12,0.0011939389722052283,0.012613882024765434,0.07266040903264807
103,3,400039,occupancy,15,401472,flow,1,4.99102921859238e-15,3.7367844409565127e-13,0.1743981412590264
103,3,400039,occupancy,15,401472,flow,2,3.942582523517533e-12,2.2062119820719878e-10,0.15486890969054476
103,3,400039,occupancy,15,401472,flow,3,3.6719866790299176e-05,0.0006422260102594836,0.09247155901327485
103,3,400039,occupancy,15,401472,flow,12,5.0105418813111985e-06,0.00010720921707411778,0.10221697094970043
103,3,400039,occupancy,16,405838,flow,3,4.288008682291222e-05,0.0007336315844553695,0.09167243502607222
103,3,400039,occupancy,16,405838,flow,6,8.291703675690441e-05,0.0013011318517610862,0.08820037831990062
103,3,400039,occupancy,16,405838,flow,7,1.1473346834684633e-05,0.00022694532200475098,0.09827307898169475
103,3,400039,occupancy,16,405838,flow,12,0.0010977154039667322,0.011758540993189246,0.07319448700566952
103,3,400039,occupancy,17,400260,flow,1,2.289219803390236e-05,0.000418157697701726,0.09486786361232313
103,3,400039,occupancy,17,400260,flow,11,0.00170019557838491,0.016927506104224038,0.07037498567462012
103,3,400039,occupancy,17,400260,flow,12,4.73704321485357e-07,1.285428812070818e-05,0.11273014562895006
103,3,400039,occupancy,19,401795,flow,8,0.005820211625572961,0.04453283643158193,-0.06186162797563081
103,3,400039,occupancy,19,401795,flow,12,0.0009484091306599916,0.010419957895348839,0.07411568383549512
103,3,400039,speed,6,405843,flow,4,0.00024037415408161039,0.003243024189983001,-0.08231607028967755
103,3,400039,speed,7,408093,flow,4,0.0009828456502821296,0.010716540154514892,-0.07389188544174237
103,3,400039,speed,14,401469,flow,11,0.0027827782396643882,0.02509205175401828,-0.06707752072889815
103,3,400039,speed,18,404528,flow,4,0.0009501765376045078,0.010427466076191655,-0.07410401599099417
103,4,400316,flow,1,400125,flow,1,0.00013485043620455818,0.001983499776655401,0.0855573738902584
103,4,400316,flow,1,400125,flow,2,0.002201363581920662,0.02090203129327888,0.0686631135298289
103,4,400316,flow,1,400125,flow,9,0.00475310130303699,0.038144896208656506,-0.06332946536840092
103,4,400316,flow,1,400125,flow,12,0.0008510904092983777,0.009505456484407942,0.07479143011822688
103,4,400316,flow,3,400039,flow,1,4.575682682610558e-15,3.4557603477058763e-13,0.17463771216166346
103,4,400316,flow,3,400039,flow,2,1.5241422230780313e-05,0.00029018485692803415,0.09688662908880182
103,4,400316,flow,3,400039,flow,3,6.168900683572007e-06,0.00012999829733185888,0.10124049431733735
103,4,400316,flow,3,400039,flow,5,0.0035625073566228197,0.030523664777093576,0.06537085776149613
103,4,400316,flow,3,400039,flow,6,0.0006175535616931812,0.007247572362169363,0.07676249135274164
103,4,400316,flow,3,400039,flow,9,0.0002937026242470779,0.003850668700295529,-0.08116526281781315
103,4,400316,flow,3,400039,flow,12,3.699183590059874e-08,1.2273788870244742e-06,0.12312788255799764
103,4,400316,flow,4,400316,flow,1,1.642698138030842e-05,0.00031083906948284,0.09649362063267844
103,4,400316,flow,4,400316,flow,3,1.999315283081197e-06,4.763950371158727e-05,-0.10642926568056667
103,4,400316,flow,4,400316,flow,4,0.0058641482484254066,0.044805660476119134,-0.06180656183079906
103,4,400316,flow,4,400316,flow,7,0.0006980548943930266,0.008026191352062343,-0.07601485773520669
103,4,400316,flow,4,400316,flow,8,3.2846756363092634e-06,7.387460711484446e-05,-0.10417304881632837
103,4,400316,flow,4,400316,flow,11,0.002972072092225162,0.026402120992006374,0.06660973468681261
103,4,400316,flow,5,400503,flow,1,5.938853936535203e-06,0.00012557929028796905,0.10141959072723941
103,4,400316,flow,5,400503,flow,2,3.891111592772855e-06,8.62473169870638e-05,0.1033924209230638
103,4,400316,flow,5,400503,flow,3,0.0014792898834232882,0.015087269015284645,0.0712824685704745
103,4,400316,flow,5,400503,flow,12,9.419396052099745e-05,0.0014501707393111511,0.08751442789813825
103,4,400316,flow,6,405843,flow,1,2.6025500548113577e-05,0.00046943700362359357,0.09422289959177801
103,4,400316,flow,6,405843,flow,2,9.784759717666909e-05,0.001497023106765307,0.08730876235549209
103,4,400316,flow,6,405843,flow,11,0.0031594760009266065,0.027679854642066397,0.06620505415590545
103,4,400316,flow,6,405843,flow,12,0.0007316585654389703,0.00835960064188403,0.07572625212563175
103,4,400316,flow,7,408093,flow,12,0.004787497103129011,0.03834968938534643,0.06327770259419427
103,4,400316,flow,8,401448,flow,2,0.004961904703365724,0.039410605476263884,0.06302029878809469
103,4,400316,flow,9,402391,flow,1,5.058823198604654e-16,4.1786073074516456e-14,0.1806002189467999
103,4,400316,flow,9,402391,flow,2,2.778982245571922e-09,1.097367760591472e-07,0.13287468203605626
103,4,400316,flow,9,402391,flow,3,1.3608226081936518e-05,0.00026314922414487807,0.0974421792219839
103,4,400316,flow,9,402391,flow,4,0.0034182244607350726,0.02950395538536566,0.06565914182451847
103,4,400316,flow,9,402391,flow,5,4.5727329197936974e-05,0.000777418583766579,0.09133928714067087
103,4,400316,flow,9,402391,flow,7,0.002900730624447967,0.025901521904950844,0.06679331078280165
103,4,400316,flow,9,402391,flow,11,4.28103911232761e-05,0.0007327293567850742,0.09168085013685369
103,4,400316,flow,9,402391,flow,12,5.084580184982505e-10,2.232254715358173e-08,0.13890435401845064
103,4,400316,flow,10,400497,flow,1,1.052546894164965e-11,5.592869105526013e-10,0.151778909037601
103,4,400316,flow,10,400497,flow,5,0.00012961896338644266,0.001915682250528335,0.08577517907969451
103,4,400316,flow,10,400497,flow,8,1.9320313240218396e-10,8.936162012606367e-09,-0.14222622337496707
103,4,400316,flow,10,400497,flow,9,2.88705487677729e-08,9.698349197261192e-07,-0.12409359397911669
103,4,400316,flow,10,400497,flow,11,3.372978843410524e-11,1.726453626011074e-09,0.14803003647568996
103,4,400316,flow,10,400497,flow,12,1.1014325210775405e-30,2.0334138850662287e-28,0.25430230472237103
103,4,400316,flow,11,405841,flow,12,0.00024890273582027104,0.003343469585645432,0.08211686842261623
103,4,400316,flow,12,404520,flow,3,5.810985623320806e-10,2.5254987819663866e-08,-0.13840515584434437
103,4,400316,flow,12,404520,flow,10,9.729662378871957e-05,0.001489445126744396,0.08733930823428479
103,4,400316,flow,12,404520,flow,11,8.619167687055151e-09,3.11327796054166e-07,0.12870178412739558
103,4,400316,flow,12,404520,flow,12,2.3268891358384345e-16,1.9954111138265353e-14,0.182654768295544
103,4,400316,flow,15,401472,flow,1,1.0933234334062602e-10,5.178900474029654e-09,0.14414514503452971
103,4,400316,flow,15,401472,flow,2,6.063300738060234e-20,6.803495893096158e-18,0.2031523314965668
103,4,400316,flow,15,401472,flow,3,4.891630423942502e-09,1.8536704764413693e-07,0.1308064751637707
103,4,400316,flow,15,401472,flow,9,7.555136682890586e-08,2.3981036348337496e-06,-0.12030360781414011
103,4,400316,flow,15,401472,flow,10,1.2675330154611853e-16,1.1174984952637388e-14,-0.18424523047269445
103,4,400316,flow,15,401472,flow,11,0.0003562679792705904,0.004534701445046996,-0.08004207456198464
103,4,400316,flow,16,405838,flow,6,0.0017758802204708068,0.01754356860835556,0.07008891835421222
103,4,400316,flow,16,405838,flow,11,0.0018426114831037272,0.018073267176043493,-0.06984583569742248
103,4,400316,flow,17,400260,flow,2,1.1771845575672918e-07,3.604136987023884e-06,0.11851683128813574
103,4,400316,flow,17,400260,flow,4,0.002026824524633563,0.01955310841093567,0.06921449708738128
103,4,400316,flow,17,400260,flow,5,0.005287166440246473,0.04137032969002855,0.0625613586652543
103,4,400316,flow,17,400260,flow,9,0.004304690863747952,0.03541876862118715,-0.06403724986178913
103,4,400316,flow,18,404528,flow,1,1.3106169886270425e-12,7.766619191863955e-11,0.1582620229565393
103,4,400316,flow,18,404528,flow,2,7.534037693958445e-09,2.7582239693136e-07,0.1292047788810546
103,4,400316,flow,18,404528,flow,3,3.386893193399616e-09,1.314589271831657e-07,0.13215471170581705
103,4,400316,flow,18,404528,flow,12,4.219952149586151e-08,1.3894964394978789e-06,0.12261172780772257
103,4,400316,flow,19,401795,flow,2,9.478864248089542e-05,0.0014562124307164587,0.0874804455063051
103,4,400316,flow,19,401795,flow,4,0.00044862291966223355,0.005530967502685071,0.07868268662116429
103,4,400316,flow,19,401795,flow,9,0.0005567382991886352,0.006632954915871219,-0.07739003236470353
103,4,400316,occupancy,1,400125,flow,2,0.00656959104904648,0.04879751260639752,-0.06096976926473491
103,4,400316,occupancy,1,400125,flow,3,0.00016283512393377157,0.00232587040496877,-0.08451234167207798
103,4,400316,occupancy,1,400125,flow,4,7.203821807490221e-07,1.8679778036229144e-05,-0.11093113604806727
103,4,400316,occupancy,1,400125,flow,5,2.696139305019138e-06,6.188800105038617e-05,-0.1050758575306884
103,4,400316,occupancy,1,400125,flow,6,3.037404353974315e-07,8.531590903230845e-06,-0.11460777010061182
103,4,400316,occupancy,1,400125,flow,7,4.593108676278905e-07,1.2495106726401052e-05,-0.1128614803155615
103,4,400316,occupancy,1,400125,flow,8,7.253228506068816e-11,3.5285976516010458e-09,-0.14551254217792314
103,4,400316,occupancy,1,400125,flow,9,6.778066594294015e-10,2.907770376102298e-08,-0.13790213030420678
103,4,400316,occupancy,1,400125,flow,10,1.3829471849940299e-11,7.312523670959865e-10,-0.1509084958698135
103,4,400316,occupancy,1,400125,flow,11,1.201109896238952e-06,2.982433432110111e-05,-0.10869874091083429
103,4,400316,occupancy,1,400125,flow,12,0.0003222874635766054,0.004167260828048295,-0.08062683414451914
103,4,400316,occupancy,3,400039,flow,3,8.985790702224308e-05,0.0013938461699680076,-0.08776850854425423
103,4,400316,occupancy,3,400039,flow,4,2.535219591621262e-06,5.870777712403268e-05,-0.10535574929592734
103,4,400316,occupancy,3,400039,flow,5,2.2143361948343219e-07,6.360327368141137e-06,-0.11592528602626938
103,4,400316,occupancy,3,400039,flow,6,1.2019482882647462e-06,2.982433432110111e-05,-0.10869566400918716
103,4,400316,occupancy,3,400039,flow,7,5.081725367476513e-08,1.6493654085273129e-06,-0.12187988991957026
103,4,400316,occupancy,3,400039,flow,8,5.115775544201289e-09,1.9267785833434674e-07,-0.1306412213289698
103,4,400316,occupancy,3,400039,flow,9,5.172405813126386e-09,1.9430254880613903e-07,-0.13060058431229393
103,4,400316,occupancy,3,400039,flow,10,4.920012715424235e-07,1.3259173381555017e-05,-0.11256863711568796
103,4,400316,occupancy,3,400039,flow,11,4.567759395606274e-05,0.00077718474159193,-0.0913449357952179
103,4,400316,occupancy,4,400316,flow,1,2.2966875447220634e-08,7.843233354307759e-07,0.12497841521101605
103,4,400316,occupancy,4,400316,flow,2,0.0015347597058243208,0.015535187181304493,0.07104343193189892
103,4,400316,occupancy,4,400316,flow,4,0.004442693643101298,0.03628613577479246,0.06381257819421922
103,4,400316,occupancy,4,400316,flow,5,0.0012998864510019189,0.013550939836699541,0.07211650362107704
103,4,400316,occupancy,4,400316,flow,6,0.0003162904458695997,0.0041007644842637175,0.08073598431604875
103,4,400316,occupancy,4,400316,flow,7,0.0001497867859502114,0.002172134660305181,0.08497666401074984
103,4,400316,occupancy,4,400316,flow,8,9.490599265760722e-05,0.0014569789917585757,0.08747376344370687
103,4,400316,occupancy,4,400316,flow,9,3.427422022856149e-05,0.0006028690203069448,0.09282466276463298
103,4,400316,occupancy,4,400316,flow,10,1.1246465181797319e-06,2.818139767132507e-05,0.1089884217251802
103,4,400316,occupancy,4,400316,flow,11,1.5944126310180286e-07,4.746976268778693e-06,0.11727936616965029
103,4,400316,occupancy,4,400316,flow,12,9.463485898659209e-05,0.0014546674755516167,0.08748921395382027
103,4,400316,occupancy,5,400503,flow,5,0.002150443664544873,0.020507542231421306,-0.06881970990522537
103,4,400316,occupancy,5,400503,flow,6,0.0016429642567505323,0.016444869298337116,-0.07059918421080161
103,4,400316,occupancy,5,400503,flow,7,4.385279467574269e-05,0.0007487908023684128,-0.09155632349927495
103,4,400316,occupancy,5,400503,flow,8,2.3537142729150583e-05,0.00042848907117543414,-0.09472852049932416
103,4,400316,occupancy,5,400503,flow,9,1.2868974667581342e-07,3.920590307753977e-06,-0.11815466228048525
103,4,400316,occupancy,5,400503,flow,10,4.857736684322364e-07,1.3107696737209626e-05,-0.11262294907872222
103,4,400316,occupancy,5,400503,flow,11,2.0508138346678024e-06,4.8678658053653334e-05,-0.10631479124957138
103,4,400316,occupancy,5,400503,flow,12,0.00018601401115204662,0.0026056437359819763,-0.08376770310964676
103,4,400316,occupancy,6,405843,flow,3,5.163512660921919e-05,0.0008652589098208956,-0.09070655628393384
103,4,400316,occupancy,6,405843,flow,4,1.1606817636785204e-06,2.8983498376249757e-05,-0.10884961768079328
103,4,400316,occupancy,6,405843,flow,5,6.068639364184997e-07,1.5966213187137142e-05,-0.11167039162103938
103,4,400316,occupancy,6,405843,flow,6,1.2289640133568317e-05,0.00024055842943821988,-0.0979392187078434
103,4,400316,occupancy,6,405843,flow,7,2.3386823559388894e-07,6.681949588396827e-06,-0.11569856242079933
103,4,400316,occupancy,6,405843,flow,8,3.358870738056561e-07,9.361497798970545e-06,-0.11418532686859897
103,4,400316,occupancy,6,405843,flow,9,1.646763687576326e-10,7.649482935838417e-09,-0.14276727125928784
103,4,400316,occupancy,6,405843,flow,10,8.913960508450479e-09,3.198364567816119e-07,-0.1285757685839872
103,4,400316,occupancy,6,405843,flow,11,1.0018225022214898e-05,0.00019971726855546083,-0.09892877327837615
103,4,400316,occupancy,6,405843,flow,12,0.00028718735362302924,0.003780162607103858,-0.0812948324092225
103,4,400316,occupancy,7,408093,flow,1,1.4650637505383381e-13,9.446381197500926e-12,-0.16480205687072888
103,4,400316,occupancy,7,408093,flow,2,9.290532330761713e-14,6.090303439892352e-12,-0.1661286052537013
103,4,400316,occupancy,7,408093,flow,3,1.4891091030238433e-15,1.1781962133815025e-13,-0.17770299416266502
103,4,400316,occupancy,7,408093,flow,4,8.810370223303456e-16,7.140862920200924e-14,-0.17911747505133352
103,4,400316,occupancy,7,408093,flow,5,4.355777892910482e-14,2.9309907316780813e-12,-0.16831101554183384
103,4,400316,occupancy,7,408093,flow,6,1.1050994338851093e-16,9.782847447507525e-15,-0.18460231018349743
103,4,400316,occupancy,7,408093,flow,7,5.148514362270898e-22,6.615365572427464e-20,-0.21405469258167634
103,4,400316,occupancy,7,408093,flow,8,8.366455437653617e-23,1.1259528813290848e-20,-0.21805546541200088
103,4,400316,occupancy,7,408093,flow,9,3.3130258904398195e-20,3.7663873280789525e-18,-0.20456846717950217
103,4,400316,occupancy,7,408093,flow,10,2.0233414493939514e-16,1.755187763329693e-14,-0.18302202305365273
103,4,400316,occupancy,7,408093,flow,11,4.2586976155183874e-16,3.524439405946252e-14,-0.18105779809608727
103,4,400316,occupancy,7,408093,flow,12,7.26498338977785e-15,5.346631728081825e-13,-0.173359060246006
103,4,400316,occupancy,8,401448,flow,10,0.0023566858416580244,0.022057099132116332,-0.06820513534873834
103,4,400316,occupancy,9,402391,flow,1,3.377729049707364e-12,1.9149330045585057e-10,0.1553498444780225
103,4,400316,occupancy,9,402391,flow,2,4.2652355916299813e-07,1.1691508728325837e-05,0.11317610866125193
103,4,400316,occupancy,9,402391,flow,3,0.00014773408589046882,0.002145247902678404,0.08505315151656188
103,4,400316,occupancy,9,402391,flow,4,0.004271698244304627,0.03523722821347334,0.06409192817019484
103,4,400316,occupancy,9,402391,flow,12,0.0009627156354033972,0.010542285285025793,0.0740218091022867
103,4,400316,occupancy,10,400497,flow,1,8.473677538175553e-06,0.00017242716422476867,0.09973274183555451
103,4,400316,occupancy,10,400497,flow,7,0.0007791566861038787,0.008802188504102394,-0.07533862814966108
103,4,400316,occupancy,10,400497,flow,8,4.517412521649871e-06,9.791882635989686e-05,-0.10270014438210603
103,4,400316,occupancy,10,400497,flow,9,1.5567018982092193e-05,0.0002958623933244095,-0.09678269344487829
103,4,400316,occupancy,10,400497,flow,10,0.0005633283734767361,0.006691170122132252,-0.07731902918730071
103,4,400316,occupancy,10,400497,flow,11,0.00016892857969400785,0.002399774627682058,-0.08430737949852592
103,4,400316,occupancy,10,400497,flow,12,1.7311446292557823e-09,7.035319659816538e-08,-0.13458179009592772
103,4,400316,occupancy,11,405841,flow,1,0.00020664440315403579,0.0028466320842647787,-0.08317494168554675
103,4,400316,occupancy,11,405841,flow,2,7.368481110840815e-05,0.001176777759661084,-0.08883105419426565
103,4,400316,occupancy,11,405841,flow,3,2.594369152374818e-06,5.9902056324207454e-05,-0.10525093886298935
103,4,400316,occupancy,11,405841,flow,4,7.360587574690592e-06,0.0001519242155884537,-0.1004042363326218
103,4,400316,occupancy,11,405841,flow,5,0.000336438961763953,0.004321785057449529,-0.08037661341061403
103,4,400316,occupancy,11,405841,flow,6,0.0002808642591649182,0.0037105003045640565,-0.08142323876518898
103,4,400316,occupancy,11,405841,flow,7,4.649262623269392e-06,0.00010017363856620335,-0.10256619052610746
103,4,400316,occupancy,11,405841,flow,8,9.32274721377431e-06,0.00018732217657444196,-0.09927498143088156
103,4,400316,occupancy,11,405841,flow,9,4.086135917537013e-07,1.1243380359082735e-05,-0.11335796804577505
103,4,400316,occupancy,11,405841,flow,10,7.814759661345371e-06,0.00016015067237671728,-0.10011925366964093
103,4,400316,occupancy,11,405841,flow,11,2.889931905331907e-06,6.574252675636565e-05,-0.10475931617205834
103,4,400316,occupancy,11,405841,flow,12,2.0568120342320385e-06,4.874069110193311e-05,-0.10630163789386007
103,4,400316,occupancy,13,400183,flow,1,3.1416634851389104e-06,7.105751966387483e-05,-0.10437723666644434
103,4,400316,occupancy,13,400183,flow,2,4.464847276868684e-06,9.716947222202879e-05,-0.10275459452600355
103,4,400316,occupancy,13,400183,flow,3,3.827571813021352e-06,8.492609261557391e-05,-0.10346852332818705
103,4,400316,occupancy,13,400183,flow,4,1.5873655246937813e-06,3.8546481543997385e-05,-0.10746253286752584
103,4,400316,occupancy,13,400183,flow,5,1.9762441515911506e-06,4.719389018725136e-05,-0.10648147063234663
103,4,400316,occupancy,13,400183,flow,6,1.7524982657327988e-06,4.2200627134702854e-05,-0.10702049408727739
103,4,400316,occupancy,13,400183,flow,7,7.907455150205888e-09,2.8730198695449484e-07,-0.1290241680650497
103,4,400316,occupancy,13,400183,flow,8,7.72171204334696e-09,2.817381421221188e-07,-0.12911294549818206
103,4,400316,occupancy,13,400183,flow,9,3.706941768329545e-07,1.0271961795499445e-05,-0.11376981601890093
103,4,400316,occupancy,13,400183,flow,10,8.301515088985468e-07,2.1296048209273884e-05,-0.11031613098411691
103,4,400316,occupancy,13,400183,flow,11,1.5861005553826054e-07,4.728746997413978e-06,-0.11730079301658351
103,4,400316,occupancy,13,400183,flow,12,4.938902861770016e-08,1.6078417756478122e-06,-0.12199243785704816
103,4,400316,occupancy,14,401469,flow,7,0.00030133491802099716,0.003943553001668306,-0.08101685755414632
103,4,400316,occupancy,14,401469,flow,8,7.013673450753351e-05,0.0011276170192502596,-0.08909350468532101
103,4,400316,occupancy,14,401469,flow,9,4.784184818127067e-06,0.00010277313980263019,-0.10243282834624033
103,4,400316,occupancy,14,401469,flow,10,3.0601273300092394e-09,1.1985267511912888e-07,-0.13252443085381385
103,4,400316,occupancy,14,401469,flow,11,1.1006234798398606e-09,4.607261078399417e-08,-0.1361955466615802
103,4,400316,occupancy,14,401469,flow,12,8.356587335021135e-10,3.546213878908772e-08,-0.13716768638558166
103,4,400316,occupancy,15,401472,flow,3,4.979122008645562e-10,2.192640884541165e-08,-0.13897714132103073
103,4,400316,occupancy,15,401472,flow,4,1.4948907525323257e-15,1.1784540238940962e-13,-0.1776925069658879
103,4,400316,occupancy,15,401472,flow,5,5.175911026575192e-22,6.615365572427464e-20,-0.21404288939118624
103,4,400316,occupancy,15,401472,flow,6,5.881274028234709e-21,7.152544008161293e-19,-0.20856238081908088
103,4,400316,occupancy,15,401472,flow,7,4.911537986887688e-25,7.524058192679011e-23,-0.22896004826294128
103,4,400316,occupancy,15,401472,flow,8,1.3351818436590432e-25,2.0898498422489372e-23,-0.23163591249100599
103,4,400316,occupancy,15,401472,flow,9,9.779757024860734e-37,2.2472633163509773e-34,-0.27862595712356963
103,4,400316,occupancy,15,401472,flow,10,5.364235476758494e-36,1.1945101680204482e-33,-0.27578602895813603
103,4,400316,occupancy,15,401472,flow,11,3.2285933264022495e-31,6.171470429229079e-29,-0.2565498608752992
103,4,400316,occupancy,15,401472,flow,12,4.217331637637923e-15,3.1906957398591643e-13,-0.17486227032601465
103,4,400316,occupancy,16,405838,flow,1,2.4591321477104746e-15,1.9004384397333186e-13,0.17634006378310635
103,4,400316,occupancy,16,405838,flow,2,1.5489856408729568e-10,7.226369296513146e-09,0.1429740315071624
103,4,400316,occupancy,16,405838,flow,3,3.942860935722642e-06,8.708159121841418e-05,0.10333131444783224
103,4,400316,occupancy,16,405838,flow,8,0.0026419159091817124,0.024078220944440922,-0.06743170761893132
103,4,400316,occupancy,16,405838,flow,9,2.2516160822848876e-05,0.0004119856618157863,-0.09495084102443041
103,4,400316,occupancy,16,405838,flow,10,4.319800382635175e-07,1.1803629129022111e-05,-0.11312216476771574
103,4,400316,occupancy,16,405838,flow,11,1.5150492837888078e-07,4.545147851366424e-06,-0.11748850694542635
103,4,400316,occupancy,16,405838,flow,12,2.0015223620143187e-08,6.889702473228571e-07,-0.1255075322713181
103,4,400316,occupancy,17,400260,flow,4,0.0033413535794471036,0.028932947410726575,-0.06581728377724921
103,4,400316,occupancy,17,400260,flow,5,0.0004617648336292705,0.005654263268929843,-0.07851092477417762
103,4,400316,occupancy,17,400260,flow,6,1.3648737372881688e-05,0.0002635786564633388,-0.0974276469688345
103,4,400316,occupancy,17,400260,flow,7,2.207495757894171e-07,6.349122286353408e-06,-0.11593811244202198
103,4,400316,occupancy,17,400260,flow,8,4.2654147075039976e-11,2.150127367143205e-09,-0.14726277429968831
103,4,400316,occupancy,17,400260,flow,9,3.4198708517511605e-12,1.93374896329385e-10,-0.155311336301497
103,4,400316,occupancy,17,400260,flow,10,6.645045394151519e-16,5.447171936002762e-14,-0.17987288691372044
103,4,400316,occupancy,17,400260,flow,11,1.4771596010871616e-12,8.658520321162196e-11,-0.15789705256793143
103,4,400316,occupancy,17,400260,flow,12,6.991263295989435e-09,2.5660371655628173e-07,-0.1294834507227549
103,4,400316,occupancy,18,404528,flow,3,0.0005968161916304393,0.0070309406813294185,-0.07696975094986372
103,4,400316,occupancy,18,404528,flow,4,3.1407345946862336e-05,0.000556292474335569,-0.09327039321398388
103,4,400316,occupancy,18,404528,flow,5,8.06993142093052e-05,0.0012723395524970747,-0.08834558678299821
103,4,400316,occupancy,18,404528,flow,6,0.00017915120623008767,0.0025291934997188847,-0.08397864520987118
103,4,400316,occupancy,18,404528,flow,7,0.0004451377372897648,0.005498984915904444,-0.07872902421322377
103,4,400316,occupancy,18,404528,flow,8,0.00028512111449818345,0.003755253703146806,-0.08133649893142521
103,4,400316,occupancy,18,404528,flow,9,1.869951159290415e-05,0.0003480477814793017,-0.09587677737774629
103,4,400316,occupancy,18,404528,flow,10,0.00036621306479928654,0.004635336770972511,-0.0798807908627578
103,4,400316,occupancy,19,401795,flow,1,1.3746077203301907e-07,4.146861279208397e-06,-0.11788599046019295
103,4,400316,occupancy,19,401795,flow,2,1.7280367056383073e-08,5.97209485468599e-07,-0.126070266418882
103,4,400316,occupancy,19,401795,flow,3,4.4633350333692313e-10,1.9960256049849977e-08,-0.1393563115800574
103,4,400316,occupancy,19,401795,flow,4,3.2269900165906466e-12,1.8342890620620517e-10,-0.15549154842160218
103,4,400316,occupancy,19,401795,flow,5,4.0815175950413725e-13,2.5188794300826755e-11,-0.16177753313294294
103,4,400316,occupancy,19,401795,flow,6,5.222005677376456e-17,4.779462823361502e-15,-0.18654162914856187
103,4,400316,occupancy,19,401795,flow,7,4.794732128356907e-17,4.435383896038938e-15,-0.18676113188299623
103,4,400316,occupancy,19,401795,flow,8,1.6174238408809282e-23,2.2759840366793516e-21,-0.22160681421677386
103,4,400316,occupancy,19,401795,flow,9,8.397232620945387e-25,1.2639736906788873e-22,-0.2278482674924784
103,4,400316,occupancy,19,401795,flow,10,2.3610205918582832e-24,3.4574945616365367e-22,-0.225688385125903
103,4,400316,occupancy,19,401795,flow,11,7.687076501097664e-21,9.224491801317198e-19,-0.20794909075082432
103,4,400316,occupancy,19,401795,flow,12,3.304501443785031e-17,3.0832497272465084e-15,-0.1877151474220355
103,4,400316,speed,4,400316,flow,10,0.00405889487170975,0.033863317585527464,-0.06445409035580249
103,4,400316,speed,4,400316,flow,11,0.002208671244840175,0.020956423847374384,-0.06864091274143495
103,4,400316,speed,12,404520,flow,10,0.0008859926005610698,0.009836772126506865,-0.07454121481765517
103,4,400316,speed,12,404520,flow,11,0.0014257067310299702,0.014612225570698627,-0.07152134460460643
103,4,400316,speed,14,401469,flow,12,0.0004240852912328992,0.005267534382191273,-0.07901634185980191
103,4,400316,speed,15,401472,flow,12,0.00018900881590723547,0.0026413624406669556,-0.08367793433203528
103,4,400316,speed,16,405838,flow,1,0.0045939673844033815,0.037213461655020826,-0.06357344865643558
103,4,400316,speed,16,405838,flow,5,0.0023158842208848163,0.021753902661931737,-0.06832270265201378
103,4,400316,speed,16,405838,flow,6,0.0005175055861419763,0.0062273652705664,-0.07782966742996858
103,4,400316,speed,17,400260,flow,1,0.003133798640562699,0.027521874623360153,-0.06626142849718496
103,4,400316,speed,17,400260,flow,2,0.001819741103022706,0.017907247300815693,-0.0699282218956802
103,4,400316,speed,17,400260,flow,3,0.005463600162924217,0.042445010563607416,-0.06232297507055454
103,5,400503,flow,1,400125,flow,1,0.000615799342065977,0.007229301307419687,0.07677977133077084
103,5,400503,flow,1,400125,flow,5,0.000443381069267631,0.005480418366913206,0.07875250857268236
103,5,400503,flow,1,400125,flow,6,0.0016450000120539464,0.01645761938877501,0.07059108702180918
103,5,400503,flow,1,400125,flow,11,1.3331273172085602e-05,0.00025842861719519274,0.09754264693741381
103,5,400503,flow,1,400125,flow,12,7.904013076517804e-05,0.001252120883408761,0.08845671026285994
103,5,400503,flow,2,400331,flow,12,0.000937126423279873,0.010303858866299443,0.07419064643939222
103,5,400503,flow,3,400039,flow,1,3.1134443348303877e-06,7.049307927917859e-05,0.10441857736279644
103,5,400503,flow,3,400039,flow,10,0.0005922040010055295,0.006984224090482902,0.07701675689163452
103,5,400503,flow,4,400316,flow,12,0.00019864758059773464,0.0027575756689659824,0.08339781815091539
103,5,400503,flow,5,400503,flow,1,3.1108522679332513e-90,1.3175374311246711e-87,0.4298103559434532
103,5,400503,flow,5,400503,flow,2,1.3462087821391141e-24,1.9984955116292002e-22,0.22675364515362426
103,5,400503,flow,5,400503,flow,3,2.2319784685099056e-12,1.290782728776813e-10,0.15659209599780205
103,5,400503,flow,5,400503,flow,4,7.110236072686301e-05,0.0011401714860432375,0.0890208561997657
103,5,400503,flow,5,400503,flow,6,9.154830454613635e-05,0.0014144802419145531,0.08766810750495786
103,5,400503,flow,5,400503,flow,12,0.0012512101132088269,0.01310358227651426,0.07236110955115439
103,5,400503,flow,6,405843,flow,1,0.0003478526384670028,0.004444612239507401,0.08018187045796286
103,5,400503,flow,6,405843,flow,5,0.005007084366968204,0.03964553604344326,0.06295495377727925
103,5,400503,flow,6,405843,flow,6,0.006229962841086939,0.046920222234127576,0.061361979243240404
103,5,400503,flow,6,405843,flow,12,1.8380792744633726e-06,4.4162972556628305e-05,0.10680691430069837
103,5,400503,flow,7,408093,flow,4,0.0007491641422532953,0.008533464194866757,0.07558074602222212
103,5,400503,flow,8,401448,flow,1,6.131327377930144e-05,0.001007455694885389,0.08980495940515476
103,5,400503,flow,8,401448,flow,5,0.00023941408707959665,0.003231080462929889,0.08233890794316556
103,5,400503,flow,8,401448,flow,6,0.00031560293786615535,0.0040958474841911105,0.08074862091511463
103,5,400503,flow,8,401448,flow,11,2.7326762051410196e-06,6.246117040322331e-05,0.10501454364200014
103,5,400503,flow,9,402391,flow,12,0.0028271632497739196,0.02536520298862582,0.0669693063851601
103,5,400503,flow,10,400497,flow,4,3.8346956019904445e-09,1.475145592217161e-07,0.13170080561245462
103,5,400503,flow,10,400497,flow,5,2.2745621915891844e-08,7.779975192134029e-07,0.12501572147576517
103,5,400503,flow,10,400497,flow,6,0.0013522303291151464,0.014015439111750077,0.07186271961903815
103,5,400503,flow,10,400497,flow,10,6.748945614183352e-16,5.521864593422742e-14,0.17983142060417384
103,5,400503,flow,10,400497,flow,11,5.575976918905355e-10,2.4258026474996108e-08,0.13858351393536206
103,5,400503,flow,10,400497,flow,12,5.1791604367726875e-06,0.00011070743734219699,0.10206215593001364
103,5,400503,flow,11,405841,flow,4,0.0016910134651109655,0.016851622074462218,0.0704104840204649
103,5,400503,flow,12,404520,flow,7,0.004194216364661509,0.034717406965582905,0.06422185822634037
103,5,400503,flow,12,404520,flow,10,0.00031300778147949024,0.0040740994757197885,0.08079655385676997
103,5,400503,flow,12,404520,flow,11,0.0008699528987138736,0.009678590065526486,0.07465504838578026
103,5,400503,flow,12,404520,flow,12,0.005725440995716602,0.04399485076751285,0.06198169145317108
103,5,400503,flow,13,400183,flow,2,0.005939598641479993,0.04517441220280558,0.061712860387531494
103,5,400503,flow,13,400183,flow,4,0.0059208199755959165,0.04506332328149112,0.06173608087911958
103,5,400503,flow,14,401469,flow,1,0.00017438665528255338,0.0024700011502315758,0.08412960615601327
103,5,400503,flow,14,401469,flow,5,2.3646352637327918e-05,0.00043011470902423835,0.09470528530719345
103,5,400503,flow,14,401469,flow,6,3.9746061878901656e-05,0.0006876371138039854,0.09206430545898016
103,5,400503,flow,15,401472,flow,1,5.072787236499929e-10,2.2293429157354724e-08,0.13891242003520451
103,5,400503,flow,15,401472,flow,2,1.927787794167135e-09,7.783218010095349e-08,0.13419561487247578
103,5,400503,flow,15,401472,flow,4,0.0030921377484980973,0.02725573367376409,0.06635379601662936
103,5,400503,flow,15,401472,flow,12,3.313303162291424e-10,1.5003636961319658e-08,0.1403842208112197
103,5,400503,flow,16,405838,flow,1,0.0007729908808232856,0.008757725164323615,0.0753876875883937
103,5,400503,flow,16,405838,flow,2,1.941758612484099e-10,8.961962826849686e-09,0.14220918206583164
103,5,400503,flow,16,405838,flow,5,0.00045731741148999567,0.00561731935637413,0.07856853547562635
103,5,400503,flow,16,405838,flow,6,1.9189277751197823e-06,4.600315198955305e-05,0.10661374102345741
103,5,400503,flow,16,405838,flow,7,3.304953223666537e-07,9.235056873376092e-06,0.11425338134113222
103,5,400503,flow,16,405838,flow,11,0.001961564996691222,0.01905545488128194,0.06943190068452439
103,5,400503,flow,16,405838,flow,12,0.0005068467242921452,0.006116139242854936,0.07795447126426835
103,5,400503,flow,17,400260,flow,1,3.210874235265777e-06,7.239549423981294e-05,0.1042773316944322
103,5,400503,flow,17,400260,flow,2,0.00033858914755497066,0.0043403712683604545,0.08033945897365123
103,5,400503,flow,17,400260,flow,5,1.7051298110265636e-05,0.0003209656114873532,0.0963336901341131
103,5,400503,flow,17,400260,flow,6,0.0012621257241153673,0.013208292461672447,0.072305502847444
103,5,400503,flow,17,400260,flow,11,8.863458870039127e-06,0.00017909327557796552,0.0995174046275705
103,5,400503,flow,17,400260,flow,12,0.0002722210534873754,0.0036128877144868256,0.08160321084687615
103,5,400503,flow,18,404528,flow,1,0.001916072159275651,0.01868494746742847,0.06958741417079146
103,5,400503,flow,19,401795,flow,2,4.310799643033463e-05,0.0007370261523635475,0.09164500728584714
103,5,400503,flow,19,401795,flow,4,0.0013824898112203955,0.01426745337905425,0.07172011082505604
103,5,400503,flow,19,401795,flow,11,5.345100249807383e-05,0.0008901631873233576,0.0905258280901692
103,5,400503,flow,19,401795,flow,12,6.177324125485518e-05,0.001014292672827725,0.08976554644996741
103,5,400503,occupancy,3,400039,flow,1,0.002433314253338415,0.0226062743535956,0.06798928155240636
103,5,400503,occupancy,5,400503,flow,1,3.080824156604532e-05,0.0005468019867104181,-0.09336840430588886
103,5,400503,occupancy,5,400503,flow,6,0.003840341002031734,0.03240920712790993,0.06484442841612019
103,5,400503,occupancy,5,400503,flow,12,0.001992940840587315,0.019329825844942073,0.06932656139087834
103,5,400503,occupancy,9,402391,flow,7,0.0060445231606327515,0.04584329363401244,0.06158432123468639
103,5,400503,occupancy,10,400497,flow,11,0.0020683973022604676,0.019864530378632554,0.06907932585758352
103,5,400503,occupancy,11,405841,flow,4,0.0011721636091791571,0.012411144097191077,0.07277769599281277
103,5,400503,occupancy,12,404520,flow,2,0.0067299351986719776,0.04970647983973832,-0.06079089755580185
103,5,400503,occupancy,14,401469,flow,1,0.002326228250073969,0.021836823207995536,0.0682927187053167
103,5,400503,occupancy,14,401469,flow,6,0.00020382516654495644,0.00281587694107519,0.08325257680829773
103,5,400503,occupancy,15,401472,flow,1,0.002438218952238201,0.022642102050019406,0.06797567821597571
103,5,400503,occupancy,15,401472,flow,2,0.00040678734404773516,0.0050790295400171635,0.0792625593682841
103,5,400503,occupancy,15,401472,flow,12,0.0034572672664590137,0.029769572635246044,0.06558005637808592
103,5,400503,occupancy,16,405838,flow,1,0.0020299262532913623,0.01957428887102385,0.06920432467115777
103,5,400503,occupancy,16,405838,flow,2,7.567220011518685e-05,0.0012045095965276611,0.08868922074067555
103,5,400503,occupancy,16,405838,flow,7,5.3684013051142845e-05,0.0008926671916125369,0.0905030595214235
103,5,400503,occupancy,17,400260,flow,11,0.006104815902662585,0.04623563236238142,0.061511364744694715
103,5,400503,occupancy,18,404528,flow,6,0.006483836745633679,0.04832673350782866,0.06106704858942486
103,5,400503,speed,5,400503,flow,1,0.005169106208653173,0.040632317673468955,0.0627249149933064
103,5,400503,speed,10,400497,flow,2,0.006052693019027321,0.04588109114265314,0.06157439713496271
103,5,400503,speed,16,405838,flow,3,0.0036170216359657044,0.030883071430312263,0.0652646925056696
103,5,400503,speed,19,401795,flow,5,0.006343386762421529,0.047607074345784955,0.06122890144191278
103,6,405843,flow,0,400593,flow,8,0.000349034000088925,0.004458388173814772,0.08016205615160224
103,6,405843,flow,0,400593,flow,12,0.005485206884460164,0.04258058174459642,0.062294260728245204
103,6,405843,flow,1,400125,flow,1,0.00018905307098477376,0.0026413624406669556,0.08367661783666272
103,6,405843,flow,1,400125,flow,2,0.0020402361767634354,0.01964301378118574,0.06917061440045943
103,6,405843,flow,1,400125,flow,6,6.592893206831719e-07,1.72793077104333e-05,0.11131376950890101
103,6,405843,flow,1,400125,flow,12,0.0050183820073489895,0.03969860881111085,0.06293869686921541
103,6,405843,flow,2,400331,flow,6,0.002786353082485918,0.025107279436727647,0.06706874685761917
103,6,405843,flow,3,400039,flow,1,0.00658606542545019,0.048852683100866795,0.060951211581747544
103,6,405843,flow,3,400039,flow,2,0.0007335103041022249,0.008377624974167991,0.07571070857817802
103,6,405843,flow,3,400039,flow,12,0.00315155251563304,0.02763285339463108,0.06622240541678509
103,6,405843,flow,4,400316,flow,11,0.0012594398473762054,0.013183378097080707,0.07231914406241947
103,6,405843,flow,4,400316,flow,12,0.0005562212037809491,0.006630451435799393,0.07739563673167613
103,6,405843,flow,5,400503,flow,1,0.005919024817076884,0.04506332328149112,0.06173830412851397
103,6,405843,flow,5,400503,flow,6,0.004328177637394407,0.03555091803991767,0.06399855637500103
103,6,405843,flow,5,400503,flow,11,0.0036589878763436043,0.031158737681459433,0.06518395032638642
103,6,405843,flow,5,400503,flow,12,1.2834652510699418e-05,0.00024964294842963296,0.09772788995004367
103,6,405843,flow,6,405843,flow,1,6.70396436263579e-78,2.6815857450543156e-75,0.40153238375511097
103,6,405843,flow,6,405843,flow,2,1.0360407981209134e-22,1.38566447302859e-20,0.2175354136908381
103,6,405843,flow,6,405843,flow,3,7.549367503775051e-05,0.00120299769886788,0.08870181670053486
103,6,405843,flow,6,405843,flow,4,1.5475049944483623e-07,4.636707297415711e-06,0.11740172791907433
103,6,405843,flow,6,405843,flow,6,1.2538176885336887e-14,9.103348595740394e-13,0.17183711193837176
103,6,405843,flow,6,405843,flow,7,2.1269940921933845e-05,0.0003915046646048326,0.09523558189004903
103,6,405843,flow,6,405843,flow,10,0.004975343807584602,0.03945600376379663,0.06300080532964872
103,6,405843,flow,6,405843,flow,12,1.3322043754520187e-10,6.2691970609506766e-09,0.14348201754270462
103,6,405843,flow,7,408093,flow,1,8.809116212803384e-05,0.0013698841626821677,0.08783126944497743
103,6,405843,flow,7,408093,flow,2,1.0825678791017954e-20,1.2743033345285439e-18,0.20705998820952762
103,6,405843,flow,7,408093,flow,9,0.00497095754153195,0.03945600376379663,-0.06300716238487437
103,6,405843,flow,7,408093,flow,10,0.0034854166120126015,0.02997610942443647,0.06552353919904012
103,6,405843,flow,8,401448,flow,1,0.003593645898311188,0.03072680530178315,0.06531003686121985
103,6,405843,flow,8,401448,flow,8,0.0031975590448382846,0.027934186195553868,0.06612220697486187
103,6,405843,flow,9,402391,flow,1,0.004751149480881169,0.038136316903393995,0.0633324128421343
103,6,405843,flow,9,402391,flow,12,0.0005388082592875939,0.006453151317223192,0.07758725041884648
103,6,405843,flow,10,400497,flow,4,0.00020443897188943206,0.0028216497078669216,0.0832146873352061
103,6,405843,flow,10,400497,flow,5,1.204577515211581e-13,7.801761417862113e-12,0.16533244712508272
103,6,405843,flow,10,400497,flow,6,0.006451387505634447,0.048176132867198976,0.06110416068557693
103,6,405843,flow,10,400497,flow,7,9.794795737305629e-08,3.0485243216974293e-06,-0.11926073931091902
103,6,405843,flow,10,400497,flow,8,8.04911898377111e-08,2.539970344038802e-06,-0.12005001027528846
103,6,405843,flow,10,400497,flow,10,2.0706757292872987e-05,0.0003817891229415762,0.09536950464613131
103,6,405843,flow,10,400497,flow,11,8.433846815741712e-08,2.6459127265072035e-06,0.11986272596041408
103,6,405843,flow,11,405841,flow,5,0.0020064622814966217,0.01943214313462805,0.06928163364997225
103,6,405843,flow,11,405841,flow,12,0.000709940684837853,0.008143769937598314,0.07591133024082111
103,6,405843,flow,12,404520,flow,6,0.004631229847611273,0.03745101625255609,0.06351564017618053
103,6,405843,flow,12,404520,flow,10,0.004530002403612703,0.03684412955646152,0.06367367986822428
103,6,405843,flow,12,404520,flow,11,8.619239473911289e-06,0.00017489485451994724,0.09965123933089118
103,6,405843,flow,12,404520,flow,12,0.003413158303992659,0.029466114854612886,0.06566946403396604
103,6,405843,flow,13,400183,flow,2,0.0003548231646271327,0.004520306904126256,0.08006585492370022
103,6,405843,flow,13,400183,flow,8,0.0030634098984122526,0.027057719814232124,0.06641815216583408
103,6,405843,flow,13,400183,flow,9,0.0010637614886633488,0.011465692692179806,0.0733933176542047
103,6,405843,flow,14,401469,flow,1,0.0031947889612624304,0.02792901496647876,0.06612820272406862
103,6,405843,flow,14,401469,flow,4,8.00678329535176e-05,0.001264691182300534,0.08838762349901706
103,6,405843,flow,14,401469,flow,6,0.0006290236750350236,0.00736218443823165,0.07665061680057633
103,6,405843,flow,14,401469,flow,7,0.0023337882030036237,0.021893517995604028,0.0682708819569734
103,6,405843,flow,14,401469,flow,8,2.9126942087257762e-05,0.0005188799580080558,0.09365344785788218
103,6,405843,flow,14,401469,flow,10,0.002010041103905303,0.019442383881134187,0.06926978875736454
103,6,405843,flow,14,401469,flow,12,0.00011466234832087378,0.0017181454899277652,0.08644692161007483
103,6,405843,flow,15,401472,flow,1,7.760208284589668e-14,5.14173309653794e-12,0.16664981571902526
103,6,405843,flow,15,401472,flow,2,3.796498096773509e-08,1.2587008271727982e-06,0.12302628941795708
103,6,405843,flow,15,401472,flow,6,0.0004730112461244907,0.005769081262726708,0.07836751815264091
103,6,405843,flow,15,401472,flow,7,0.0038933606838262,0.03274789360227645,0.06474791751555421
103,6,405843,flow,15,401472,flow,12,0.0003560868788728991,0.0045337321448008375,0.08004505036777278
103,6,405843,flow,16,405838,flow,1,1.132940067760931e-05,0.00022430344146320908,0.09833429295281784
103,6,405843,flow,16,405838,flow,2,5.513971523899887e-07,1.459580697502911e-05,0.11208157405582687
103,6,405843,flow,16,405838,flow,5,9.921863651337364e-05,0.00151490250971181,0.08723345078476595
103,6,405843,flow,16,405838,flow,6,1.3923719997768723e-06,3.419583308150136e-05,0.10804530245410895
103,6,405843,flow,16,405838,flow,7,1.8610472727863144e-07,5.458061248090209e-06,0.11664374941468544
103,6,405843,flow,16,405838,flow,11,0.0034296267001294395,0.02958463926629229,0.0656359607656995
103,6,405843,flow,17,400260,flow,1,1.6802257528384971e-09,6.847844426329309e-08,0.1346887540150992
103,6,405843,flow,17,400260,flow,2,8.783653035250078e-07,2.2479491180260865e-05,0.11007041342409393
103,6,405843,flow,17,400260,flow,3,0.004027300593915731,0.033619204957905234,0.06450932088113488
103,6,405843,flow,17,400260,flow,5,0.0009204642242808458,0.010159441616998605,0.07430289290794381
103,6,405843,flow,17,400260,flow,6,0.00016838447025478836,0.002393619320502421,0.08432539638784849
103,6,405843,flow,17,400260,flow,12,1.6705153257169942e-05,0.0003152741899125127,0.0964349742012009
103,6,405843,flow,18,404528,flow,2,0.000515637703428308,0.006210077721801758,0.07785136425985746
103,6,405843,flow,18,404528,flow,5,0.0025070584172653125,0.023127612826671314,0.06778734419243003
103,6,405843,flow,18,404528,flow,6,0.004698304402891932,0.037832716324858615,0.06341263409070147
103,6,405843,flow,18,404528,flow,11,4.7047071509655665e-05,0.0007964081070600019,0.09119148627671225
103,6,405843,flow,19,401795,flow,1,3.456392730228544e-07,9.614691947577147e-06,0.11406486908105412
103,6,405843,flow,19,401795,flow,2,0.0003611390557310533,0.004581852337028342,0.07996255973846847
103,6,405843,flow,19,401795,flow,5,0.00012288280727405773,0.0018283935350925558,0.08606815878303782
103,6,405843,flow,19,401795,flow,6,0.0028760081716435247,0.025733958785211324,0.06685199556702555
103,6,405843,flow,19,401795,flow,12,1.8949804859054275e-06,4.545427928435007e-05,0.10667013155681372
103,6,405843,occupancy,0,400593,flow,12,0.005267375151109651,0.041252428668700644,0.06258854527723544
103,6,405843,occupancy,1,400125,flow,1,0.004911352431806729,0.039080940330456934,0.0630940548702226
103,6,405843,occupancy,1,400125,flow,2,0.0021514040298444355,0.020507646533380323,0.06881672516389893
103,6,405843,occupancy,1,400125,flow,6,0.0013567772008294808,0.014055821361111168,0.0718411042043934
103,6,405843,occupancy,4,400316,flow,12,0.0009674981454734218,0.010583925015054906,0.07399071558509931
103,6,405843,occupancy,5,400503,flow,4,0.00213293988540753,0.02036309459659786,0.06887432537405828
103,6,405843,occupancy,5,400503,flow,12,5.05544173277299e-05,0.0008511110009968558,0.09081699435779707
103,6,405843,occupancy,6,405843,flow,2,0.001240050259560297,0.013008783684556784,-0.07241842514946847
103,6,405843,occupancy,6,405843,flow,4,9.286949045247724e-06,0.00018677662884297098,0.09929346216645071
103,6,405843,occupancy,6,405843,flow,6,2.3219896055949905e-11,1.2013167779844742e-09,0.1492422549305796
103,6,405843,occupancy,6,405843,flow,7,0.0011544717093226662,0.01224182077632282,0.07287447936175528
103,6,405843,occupancy,6,405843,flow,10,0.0018244751488000544,0.017941572143902195,0.06991109066997897
103,6,405843,occupancy,6,405843,flow,12,1.1403483385757332e-14,8.321460849066161e-13,0.1721026623930131
103,6,405843,occupancy,7,408093,flow,1,1.798709532571085e-08,6.204161020821377e-07,0.12591698393504427
103,6,405843,occupancy,7,408093,flow,6,0.000885606401823734,0.009835011968839411,0.07454393315617745
103,6,405843,occupancy,7,408093,flow,7,0.005774412161120941,0.044259874179594,0.06191942891779674
103,6,405843,occupancy,7,408093,flow,9,0.004654402617764541,0.03759726871492673,-0.0634799021406117
103,6,405843,occupancy,7,408093,flow,10,0.0015762794139971524,0.015887837303937703,0.07086965913106905
103,6,405843,occupancy,8,401448,flow,3,0.002078524472065072,0.01993168861114564,0.06904677545865073
103,6,405843,occupancy,8,401448,flow,8,0.005686555971473294,0.04375052857838759,0.0620314731090959
103,6,405843,occupancy,10,400497,flow,4,5.195639061837276e-07,1.391516475333976e-05,0.11233594977713214
103,6,405843,occupancy,10,400497,flow,7,3.275765473704684e-06,7.374313103910493e-05,-0.10418551918706145
103,6,405843,occupancy,10,400497,flow,8,0.0001426400589345865,0.002082477372752327,-0.08524737239251355
103,6,405843,occupancy,10,400497,flow,10,2.0503490556981633e-07,5.944636188332929e-06,0.11624385901802553
103,6,405843,occupancy,10,400497,flow,11,2.4073001129769766e-08,8.188611407921685e-07,0.12479698385279568
103,6,405843,occupancy,11,405841,flow,5,9.878383511037577e-05,0.0015095372043750384,0.08725722767914382
103,6,405843,occupancy,11,405841,flow,6,0.0001613484808668118,0.0023091168814384274,0.08456344061519314
103,6,405843,occupancy,11,405841,flow,10,0.0026554574378452964,0.02418632960466304,0.06739691882704618
103,6,405843,occupancy,11,405841,flow,11,0.0045881244625571305,0.03718710182642539,0.06358255174448009
103,6,405843,occupancy,11,405841,flow,12,0.00017909889672012343,0.0025291934997188847,0.08398028201194215
103,6,405843,occupancy,12,404520,flow,9,0.0027441058480309343,0.024821057921887848,0.06717309916340242
103,6,405843,occupancy,12,404520,flow,10,0.00023122449695141758,0.003134263654942341,0.08253728506274917
103,6,405843,occupancy,12,404520,flow,11,0.0002570066785190993,0.003436797405739492,0.0819334259567004
103,6,405843,occupancy,12,404520,flow,12,0.002680435875646035,0.024341986509966097,0.06733317103423622
103,6,405843,occupancy,13,400183,flow,1,0.0017604988427650985,0.017407541773278155,0.07014613662559549
103,6,405843,occupancy,13,400183,flow,2,9.772847994622161e-06,0.0001955474911383406,0.09904822637822217
103,6,405843,occupancy,13,400183,flow,8,0.004691688890994056,0.037802365269394206,0.06342273415699481
103,6,405843,occupancy,13,400183,flow,9,0.002496688043346497,0.02305620424809078,0.06781541111547602
103,6,405843,occupancy,14,401469,flow,4,6.610138470344993e-05,0.001074334017753588,0.08940770818644683
103,6,405843,occupancy,14,401469,flow,6,4.1134718449963865e-05,0.0007099559876302193,0.09188718318785592
103,6,405843,occupancy,14,401469,flow,7,0.0002434240104327209,0.003275986682459048,0.08224408472002696
103,6,405843,occupancy,14,401469,flow,8,0.0002782992329227063,0.003683292449666885,0.08147610128502929
103,6,405843,occupancy,14,401469,flow,9,0.0006570097787419708,0.007638003886343687,0.07638541459640638
103,6,405843,occupancy,14,401469,flow,10,6.937362282120202e-05,0.0011186788002523057,0.08915158907559537
103,6,405843,occupancy,14,401469,flow,12,1.5626949104782847e-07,4.668632097694461e-06,0.11736171611917007
103,6,405843,occupancy,15,401472,flow,1,1.5985758289828427e-13,1.0261289125120179e-11,0.16454680963624585
103,6,405843,occupancy,15,401472,flow,2,4.0488980932665e-07,1.1162246179266931e-05,0.11339674327927678
103,6,405843,occupancy,15,401472,flow,5,0.001733752692217818,0.01721004510657393,0.07024673416472599
103,6,405843,occupancy,15,401472,flow,6,0.0004144748531021442,0.005158546140597127,0.07915195299465178
103,6,405843,occupancy,15,401472,flow,7,0.0013948506742421693,0.014367560593052386,0.07166268187393014
103,6,405843,occupancy,15,401472,flow,11,0.0003150471346490248,0.004092013294298819,0.0807588555790144
103,6,405843,occupancy,15,401472,flow,12,3.6485177573689714e-07,1.0136075055841771e-05,0.11383685906349576
103,6,405843,occupancy,16,405838,flow,1,5.7428055729745274e-05,0.0009494420235457313,0.09014949699487163
103,6,405843,occupancy,16,405838,flow,2,0.00038624795595320737,0.004844922095580301,0.07956793714620049
103,6,405843,occupancy,16,405838,flow,5,3.246884198106236e-05,0.0005734480676949689,0.09310101630710305
103,6,405843,occupancy,16,405838,flow,6,7.308630737229237e-08,2.3249841520493594e-06,0.12043622321618745
103,6,405843,occupancy,16,405838,flow,7,6.679350019473284e-07,1.7477160559736275e-05,0.1112575954935808
103,6,405843,occupancy,16,405838,flow,11,0.0036867101836977603,0.03134538081789869,0.06513107344950757
103,6,405843,occupancy,16,405838,flow,12,0.0005191632819454104,0.006245573316636516,0.07781047307694998
103,6,405843,occupancy,17,400260,flow,1,1.4470258470869508e-12,8.539824671332825e-11,0.15795999702948288
103,6,405843,occupancy,17,400260,flow,2,5.108360495367647e-05,0.0008583476211586245,0.09076264003316016
103,6,405843,occupancy,17,400260,flow,4,0.005000967733404039,0.039609697485967016,0.06296376923221096
103,6,405843,occupancy,17,400260,flow,5,1.3838781927364e-05,0.0002670099952041647,0.09736001815078653
103,6,405843,occupancy,17,400260,flow,6,0.004537299104541739,0.03688583389465622,0.0636621816578644
103,6,405843,occupancy,17,400260,flow,11,0.0002029611057997209,0.0028075311465091076,0.08327657286336186
103,6,405843,occupancy,17,400260,flow,12,4.594104016105321e-08,1.5058064756885422e-06,0.12227769987944187
103,6,405843,occupancy,18,404528,flow,2,0.005269166150774498,0.041252428668700644,0.06258608125180402
103,6,405843,occupancy,18,404528,flow,5,0.00012180916149885727,0.001813910988193945,0.08611624791925802
103,6,405843,occupancy,18,404528,flow,10,0.0003282427904486717,0.004241725560090523,0.08052030663683207
103,6,405843,occupancy,18,404528,flow,11,1.1691406969407923e-05,0.00023030952169558698,0.0981817289815346
103,6,405843,occupancy,19,401795,flow,1,7.668894743671764e-06,0.00015740880728141933,0.10020901601453992
103,6,405843,occupancy,19,401795,flow,2,0.00020249827470893245,0.0028020260946271243,0.08328946573370986
103,6,405843,occupancy,19,401795,flow,5,1.6534808426210098e-05,0.00031237983416492295,0.09648555415444861
103,6,405843,occupancy,19,401795,flow,6,0.000114618424511543,0.001718083254302102,0.0864490133314446
103,6,405843,occupancy,19,401795,flow,11,0.0010544111440519914,0.011383348018740145,0.07344910247454106
103,6,405843,occupancy,19,401795,flow,12,6.615090360029284e-07,1.7319509306258488e-05,0.1112992798616994
103,6,405843,speed,1,400125,flow,7,7.504442607959467e-05,0.0011962801500511031,0.08873363873234404
103,6,405843,speed,6,405843,flow,2,0.0021256722666310054,0.020302684483409116,0.06889712260530868
103,6,405843,speed,7,408093,flow,6,0.0011086047974153243,0.011839734795634613,-0.07313192265593386
103,6,405843,speed,7,408093,flow,7,0.006305979605507053,0.047379172293188325,-0.061272552237947676
103,7,408093,flow,1,400125,flow,1,0.0006759017039043758,0.007803034101728764,0.07621226298668653
103,7,408093,flow,1,400125,flow,8,0.0018946189120717272,0.01850851678162308,0.06966192931795748
103,7,408093,flow,2,400331,flow,1,0.00028371272386364755,0.0037412666883118355,0.08134462727865
103,7,408093,flow,5,400503,flow,3,7.481664190030886e-05,0.001193089306051437,0.08874984240058179
103,7,408093,flow,5,400503,flow,7,0.004069744110805572,0.03394072308625497,0.06443521452229063
103,7,408093,flow,5,400503,flow,8,0.001554189989882841,0.01571284988601421,0.07096157856995759
103,7,408093,flow,5,400503,flow,9,1.1654236685509049e-08,4.127902966535999e-07,0.12756699312640687
103,7,408093,flow,6,405843,flow,1,4.1220359833378813e-07,1.133494299682982e-05,0.11329253600614005
103,7,408093,flow,6,405843,flow,2,5.249443035093199e-05,0.0008776158634521137,0.09062029494979201
103,7,408093,flow,6,405843,flow,3,0.0026670912898940336,0.024251387860118344,0.06736716009681333
103,7,408093,flow,6,405843,flow,4,0.00023900472493937276,0.0032275724030574877,0.08234867179000534
103,7,408093,flow,6,405843,flow,6,0.0013565850463539472,0.014055821361111168,0.07184201633709258
103,7,408093,flow,6,405843,flow,8,0.005100219812407052,0.04022079151076755,0.06282191264277477
103,7,408093,flow,6,405843,flow,9,0.005472443046129479,0.04249677145295587,0.0623112109245618
103,7,408093,flow,6,405843,flow,12,0.005445131930068305,0.042353204785551095,0.062347599810804066
103,7,408093,flow,7,408093,flow,1,5.713061248408e-07,1.5095060913224806e-05,0.11190155387374634
103,7,408093,flow,7,408093,flow,2,1.3713123063751597e-21,1.73218396594757e-19,0.2118118068913101
103,7,408093,flow,7,408093,flow,3,2.6313687327628328e-14,1.845375474924584e-12,0.1697050020138354
103,7,408093,flow,7,408093,flow,4,3.8831687522593905e-12,2.1757832697484524e-10,0.15491620297348918
103,7,408093,flow,7,408093,flow,5,1.8197603751757704e-07,5.3442316932422354e-06,0.11673617277146668
103,7,408093,flow,7,408093,flow,6,1.8534715990977306e-06,4.450804507005111e-05,0.10676951641533455
103,7,408093,flow,7,408093,flow,8,0.0004575281883088842,0.005618310896800397,0.07856579336144302
103,7,408093,flow,7,408093,flow,9,0.0011031771593617034,0.011793430656873443,0.07316303548981905
103,7,408093,flow,7,408093,flow,10,8.524933216799726e-05,0.0013304809066681654,0.08805157262970552
103,7,408093,flow,7,408093,flow,11,6.105117409561769e-05,0.001003580944037551,0.08982754307557941
103,7,408093,flow,7,408093,flow,12,0.0001233238547794978,0.0018326764796953233,0.08604851864714093
103,7,408093,flow,8,401448,flow,2,0.004787482065550329,0.03834968938534643,0.06327772515089991
103,7,408093,flow,8,401448,flow,6,0.002582461211214332,0.023676214839656016,0.06758640322392102
103,7,408093,flow,9,402391,flow,12,0.004401449433440505,0.036011859000876854,0.063879054644759
103,7,408093,flow,10,400497,flow,2,3.873222505686428e-05,0.0006713642786964037,0.09219736565716546
103,7,408093,flow,10,400497,flow,6,0.002441123567627994,0.022663383608868416,0.06796763396730132
103,7,408093,flow,10,400497,flow,7,2.1640172006709328e-06,5.1112926773638214e-05,0.10607255786251331
103,7,408093,flow,10,400497,flow,8,0.006563226354117909,0.0487762545157082,0.06097695002296679
103,7,408093,flow,11,405841,flow,6,0.00027742626418279255,0.003675196140048034,0.08149419636042707
103,7,408093,flow,11,405841,flow,7,0.006723516539898195,0.04967605858108466,0.060797983952946964
103,7,408093,flow,11,405841,flow,11,0.0012153489427361198,0.01279626476388018,0.07254699990754156
103,7,408093,flow,13,400183,flow,1,0.00640187149864409,0.04791421495866679,0.061161116681412754
103,7,408093,flow,13,400183,flow,3,0.0007391033024089759,0.008433680902880119,0.0756639809403473
103,7,408093,flow,13,400183,flow,5,0.00010075936636526652,0.0015356320808009233,0.0871499807188255
103,7,408093,flow,13,400183,flow,8,0.00031022777021737685,0.004045227791545632,0.08084831531478599
103,7,408093,flow,13,400183,flow,9,0.0012158511675256097,0.01279843334237484,0.07254436181191591
103,7,408093,flow,13,400183,flow,11,0.0003000162389178698,0.003928675817293718,0.08104224520797165
103,7,408093,flow,14,401469,flow,2,0.0020244492685058966,0.019534556265234475,0.06922229662248851
103,7,408093,flow,14,401469,flow,3,8.756743879505744e-06,0.00017710268520348694,0.09957544679152938
103,7,408093,flow,14,401469,flow,6,0.004480114134868088,0.03651236022899521,0.06375274649479627
103,7,408093,flow,14,401469,flow,7,5.355299944542256e-06,0.00011424639881690146,0.10190550296381942
103,7,408093,flow,14,401469,flow,8,1.3977884800060144e-05,0.00026885334967168223,0.09731107608423366
103,7,408093,flow,14,401469,flow,11,3.4662479389320655e-08,1.1536356776723053e-06,0.12338198559912679
103,7,408093,flow,14,401469,flow,12,5.684571103389386e-05,0.0009401740875437269,0.09020303021656102
103,7,408093,flow,15,401472,flow,1,1.7163124545347478e-07,5.067990296370547e-06,0.11697695324860397
103,7,408093,flow,15,401472,flow,2,5.174939225464133e-10,2.2673161718057863e-08,0.13884314984654497
103,7,408093,flow,15,401472,flow,3,0.003195091178515932,0.02792901496647876,0.06612754835534486
103,7,408093,flow,15,401472,flow,8,0.0008617553043462193,0.00960470308249656,0.07471397954908646
103,7,408093,flow,16,405838,flow,1,0.004751026891231593,0.038136316903393995,0.06333259800301427
103,7,408093,flow,16,405838,flow,2,0.0019286489449340414,0.0187948645209002,0.0695440854965404
103,7,408093,flow,16,405838,flow,6,0.003119624881903501,0.027430855871815846,0.06629272730507961
103,7,408093,flow,16,405838,flow,9,0.0029122144097232365,0.025977217117498206,0.06676620622887611
103,7,408093,flow,16,405838,flow,10,7.042011218268822e-05,0.0011304900952404798,0.08907208735394856
103,7,408093,flow,17,400260,flow,1,2.047400080913064e-06,4.865109103159757e-05,0.1063222937125987
103,7,408093,flow,17,400260,flow,8,1.7323504862778536e-10,8.029779078026103e-09,0.1425959018963855
103,7,408093,flow,17,400260,flow,11,8.433091960088365e-06,0.00017184413805463084,0.09975570477338697
103,7,408093,flow,17,400260,flow,12,0.0034558888392996244,0.029763635936551788,0.06558283466658861
103,7,408093,flow,18,404528,flow,1,0.002379328897348135,0.022200217789511756,0.06814069198529728
103,7,408093,flow,18,404528,flow,5,0.00359194683030877,0.030721065743286254,0.06531334316195701
103,7,408093,flow,18,404528,flow,11,0.0006757788818802932,0.007803034101728764,0.07621337410096733
103,7,408093,flow,19,401795,flow,1,8.978941483064327e-06,0.0001812571364805509,0.09945534076627982
103,7,408093,flow,19,401795,flow,7,0.00015155701413368652,0.0021955945709507905,0.08491148973496622
103,7,408093,flow,19,401795,flow,8,6.208305860553848e-09,2.29229754851219e-07,0.12992491974273018
103,7,408093,flow,19,401795,flow,11,0.000600915706926093,0.007069596552071683,0.07692825279017926
103,7,408093,flow,19,401795,flow,12,3.616480167056566e-05,0.00063405821110732,0.09254969861799774
103,7,408093,occupancy,0,400593,flow,1,0.00016828343715378962,0.002392970534905764,0.08432874788159442
103,7,408093,occupancy,0,400593,flow,2,0.000421710793864718,0.005242562962577213,0.07904957916144523
103,7,408093,occupancy,1,400125,flow,3,8.312281277082283e-06,0.0001695422810056443,0.09982468837772879
103,7,408093,occupancy,1,400125,flow,11,0.0006400908043868588,0.007465421908615632,0.07654445614349051
103,7,408093,occupancy,1,400125,flow,12,0.0035493251963779745,0.03044695164486269,0.06539675132384445
103,7,408093,occupancy,5,400503,flow,3,9.43370567329894e-05,0.001451339334353683,0.08750623237811402
103,7,408093,occupancy,5,400503,flow,7,0.0014248282304967221,0.014606687128015756,0.07152532946445164
103,7,408093,occupancy,5,400503,flow,8,0.006466822577766716,0.04823803680874496,0.06108648676672225
103,7,408093,occupancy,5,400503,flow,9,3.3560490520614523e-07,9.361497798970545e-06,0.11418886217125714
103,7,408093,occupancy,6,405843,flow,2,1.297685639448051e-05,0.00025229531784048514,0.09767415827587823
103,7,408093,occupancy,6,405843,flow,3,0.0009073566818771868,0.0100429947878797,0.07439252311741475
103,7,408093,occupancy,6,405843,flow,9,0.0009023713149017118,0.009995497641988193,0.07442692842146012
103,7,408093,occupancy,7,408093,flow,1,0.0005810971709822692,0.006858851854216948,0.07713136664764868
103,7,408093,occupancy,7,408093,flow,2,0.00015334775011413717,0.0022111558093894277,-0.08484628498114034
103,7,408093,occupancy,7,408093,flow,4,1.516398609506295e-05,0.00028883783038215145,0.09691165916566279
103,7,408093,occupancy,7,408093,flow,5,5.892240436285513e-06,0.00012477685629781084,0.10145668745797669
103,7,408093,occupancy,7,408093,flow,10,0.00025448495201966907,0.0034099720618020173,0.08198992030268035
103,7,408093,occupancy,7,408093,flow,11,4.5838099244746816e-06,9.910940377242554e-05,0.10263222651914858
103,7,408093,occupancy,7,408093,flow,12,0.0007556674107699593,0.008590745301384801,0.07552749366842161
103,7,408093,occupancy,8,401448,flow,6,0.001094237807066269,0.011741448898475613,0.07321458818179247
103,7,408093,occupancy,9,402391,flow,7,0.004300846721547854,0.03540331142737563,0.06404360113424902
103,7,408093,occupancy,10,400497,flow,1,0.001726537317771545,0.017146301638558792,0.0702741168058223
103,7,408093,occupancy,10,400497,flow,2,0.001137458440085369,0.012094069557393044,0.07296885101442149
103,7,408093,occupancy,10,400497,flow,6,0.0001895476794545584,0.002646561005958928,0.08366192393761988
103,7,408093,occupancy,10,400497,flow,7,2.8020961048564855e-06,6.39464087320656e-05,0.10490018299309672
103,7,408093,occupancy,11,405841,flow,5,0.002712665504996679,0.024582997653840262,0.06725171417770526
103,7,408093,occupancy,11,405841,flow,6,0.00014228347227354635,0.0020779736315812043,0.08526121134850786
103,7,408093,occupancy,11,405841,flow,7,0.006575694473165132,0.048817666478902504,0.0609628891461873
103,7,408093,occupancy,11,405841,flow,11,0.0016171706430377672,0.01622805383954275,0.07070258490464329
103,7,408093,occupancy,11,405841,flow,12,0.0003018360581347866,0.003947719561435901,0.08100723669112497
103,7,408093,occupancy,12,404520,flow,7,1.326429336180349e-05,0.00025760826728449054,0.09756724327162994
103,7,408093,occupancy,13,400183,flow,3,0.004387310513543182,0.03591672715064348,0.06390197331523034
103,7,408093,occupancy,13,400183,flow,5,0.00037101647237880485,0.0046796822209531005,0.07980435230839972
103,7,408093,occupancy,13,400183,flow,11,0.0047397397613880045,0.03806595235024387,0.0633496647617551
103,7,408093,occupancy,14,401469,flow,1,0.000741817510644176,0.008457776843449038,0.07564142279004972
103,7,408093,occupancy,14,401469,flow,2,4.7666181159813185e-05,0.0008065722781449,0.09112349971044298
103,7,408093,occupancy,14,401469,flow,3,4.6615169968450745e-05,0.0007903356917727914,0.09123941865989145
103,7,408093,occupancy,14,401469,flow,5,3.036718016805547e-05,0.0005396389071410927,0.09344172375387125
103,7,408093,occupancy,14,401469,flow,6,7.113140645855688e-07,1.8489029837603232e-05,0.11098590937858711
103,7,408093,occupancy,14,401469,flow,7,1.2164772272572532e-05,0.00023843836759307322,0.09798889328860451
103,7,408093,occupancy,14,401469,flow,8,5.450499770275563e-06,0.00011604809762242697,0.10182287555914908
103,7,408093,occupancy,14,401469,flow,11,0.0004025134530135717,0.005031418162669647,0.07932489804257135
103,7,408093,occupancy,14,401469,flow,12,0.0049746693115389935,0.03945600376379663,0.063001782553309
103,7,408093,occupancy,15,401472,flow,1,3.1391529475937667e-09,1.2261429234724297e-07,0.13243161442017537
103,7,408093,occupancy,15,401472,flow,2,3.0434575971073124e-09,1.1941631988649945e-07,0.13254430724451824
103,7,408093,occupancy,15,401472,flow,3,0.00034507030793188865,0.0044116712940685384,0.08022878655478036
103,7,408093,occupancy,15,401472,flow,8,0.0001113080800060208,0.0016771918577816877,0.08660887265244795
103,7,408093,occupancy,15,401472,flow,10,0.005463812586671778,0.042445010563607416,0.06232269227097114
103,7,408093,occupancy,16,405838,flow,1,4.0087853621776276e-06,8.831184479656986e-05,0.10325457285343453
103,7,408093,occupancy,16,405838,flow,2,0.00025967028128700106,0.003466550108652177,0.08187431442663769
103,7,408093,occupancy,16,405838,flow,3,1.5413960965905912e-06,3.753568848518238e-05,0.10759345959551696
103,7,408093,occupancy,16,405838,flow,4,0.003926967548733644,0.032959976317329207,0.06468735934764992
103,7,408093,occupancy,16,405838,flow,5,2.9364367922110654e-06,6.655512561569675e-05,0.10468638740846417
103,7,408093,occupancy,16,405838,flow,8,0.005306846814985062,0.04149425925924972,0.06253441534165341
103,7,408093,occupancy,16,405838,flow,9,0.0005692923187861677,0.006741619564573038,0.07725543528343679
103,7,408093,occupancy,17,400260,flow,1,7.127079789664184e-06,0.0001476470939702614,0.10055736538431798
103,7,408093,occupancy,17,400260,flow,2,0.00016920419486383113,0.0024028998087171284,0.08429827396113057
103,7,408093,occupancy,17,400260,flow,8,4.777763892986741e-10,2.116916924892587e-08,0.1391203936548031
103,7,408093,occupancy,17,400260,flow,11,7.349137381601622e-07,1.903373710342866e-05,0.11084473149190724
103,7,408093,occupancy,18,404528,flow,11,1.4065468595897015e-05,0.00027029726127346577,0.0972804981238465
103,7,408093,occupancy,19,401795,flow,1,7.46571498090061e-05,0.0011909855508674533,0.08876121581096318
103,7,408093,occupancy,19,401795,flow,2,0.0014495006517958613,0.014824438484275854,0.07141426710366103
103,7,408093,occupancy,19,401795,flow,8,1.5479569122270156e-06,3.767421893420117e-05,0.10757454590070904
103,7,408093,speed,7,408093,flow,2,0.0025066697142362045,0.023127612826671314,0.06778839428264398
103,7,408093,speed,12,404520,flow,7,0.0026818789234973072,0.02434997257147618,-0.06732950481158334
103,7,408093,speed,16,405838,flow,6,0.0051657680864142285,0.040632317673468955,0.06272958835123839
103,7,408093,speed,16,405838,flow,7,0.006475497196372857,0.04827290403508325,0.061076570538212124
103,7,408093,speed,17,400260,flow,11,0.0042390824601730185,0.03500828948183414,-0.06414635940908497
103,8,401448,flow,0,400593,flow,2,0.0028943179000570944,0.025870997989337157,0.0668084890016075
103,8,401448,flow,1,400125,flow,1,0.00033124930894541877,0.0042741846315537905,0.08046721146938869
103,8,401448,flow,1,400125,flow,6,0.0013392615522839716,0.013894356162023913,0.07192474213286981
103,8,401448,flow,1,400125,flow,9,0.004702715959248717,0.03785309647299545,0.06340590600549637
103,8,401448,flow,1,400125,flow,11,0.0030695678534501235,0.027089955315433165,0.06640431094170998
103,8,401448,flow,1,400125,flow,12,1.1832934065887528e-05,0.0002327790308043448,0.09812330593735644
103,8,401448,flow,3,400039,flow,12,0.0020047998271108362,0.019423043850905614,0.0692871424966599
103,8,401448,flow,5,400503,flow,1,0.00031002480567705713,0.004043801813179006,0.08085211132064567
103,8,401448,flow,5,400503,flow,7,1.870903711849552e-05,0.000348075109181312,0.0958742499231189
103,8,401448,flow,8,401448,flow,1,2.142465162045801e-123,1.076215058143937e-120,0.49502427440628644
103,8,401448,flow,8,401448,flow,2,0.0003933349418275854,0.004928094398767891,0.07944093124274962
103,8,401448,flow,8,401448,flow,3,2.2015155361581694e-11,1.1417223428815475e-09,0.14934000175818588
103,8,401448,flow,8,401448,flow,4,0.00022275838026868716,0.0030376142763911883,0.08272863103046844
103,8,401448,flow,8,401448,flow,5,9.694080623194007e-05,0.0014845242216305603,0.08735912154842983
103,8,401448,flow,8,401448,flow,6,1.5153242833893964e-05,0.0002887605162877015,0.09691514137982428
103,8,401448,flow,8,401448,flow,12,1.3005004836104164e-07,3.9564521754908446e-06,0.11811185512179453
103,8,401448,flow,10,400497,flow,5,0.004051907077974335,0.033811548342378074,0.06446627217372158
103,8,401448,flow,10,400497,flow,11,4.19117773031675e-05,0.0007204889691591071,0.09179052842859772
103,8,401448,flow,13,400183,flow,2,0.0022755165723223245,0.021454316532578527,0.06844090000530195
103,8,401448,flow,13,400183,flow,5,0.002445426855842756,0.02268120001111503,0.06795573220975837
103,8,401448,flow,14,401469,flow,1,0.0008988024181818485,0.009963629577997396,0.07445166658438955
103,8,401448,flow,14,401469,flow,6,7.612730895790357e-06,0.00015638134793064358,0.1002440137103566
103,8,401448,flow,14,401469,flow,12,0.0028580034213333016,0.02560998709844402,0.06689502454171835
103,8,401448,flow,15,401472,flow,1,1.7679502031932825e-05,0.00033105959591655745,0.09615477524555341
103,8,401448,flow,16,405838,flow,1,4.399659959585174e-06,9.608964118001997e-05,0.10282297822260966
103,8,401448,flow,16,405838,flow,4,0.001660683059591953,0.016587631947831763,0.07052901500699806
103,8,401448,flow,17,400260,flow,1,0.0014882451979119533,0.015163252959857638,0.07124332463558919
103,8,401448,flow,17,400260,flow,2,0.0012062702439109086,0.012713420897992949,0.0725948629848081
103,8,401448,flow,17,400260,flow,6,0.00047233198310310314,0.005764051319224309,0.07837608899224344
103,8,401448,flow,17,400260,flow,12,1.4235704112335347e-05,0.0002730827787090972,0.09722157975492647
103,8,401448,flow,19,401795,flow,1,0.0026072872155599057,0.023843100701140544,0.0675214166484981
103,8,401448,flow,19,401795,flow,6,0.003360510984190438,0.029075520632290592,0.06577756508724848
103,8,401448,flow,19,401795,flow,12,3.3674446458857124e-05,0.0005930436555330729,0.09291490651285465
103,8,401448,occupancy,0,400593,flow,7,0.00015305621908596106,0.0022111558093894277,0.08485685131550327
103,8,401448,occupancy,0,400593,flow,8,0.0049137848935971095,0.03909309528607645,0.06309049021442799
103,8,401448,occupancy,1,400125,flow,5,0.001385863154248101,0.01429603098170063,0.07170439137329451
103,8,401448,occupancy,5,400503,flow,1,0.0012671128430643617,0.0132549667441098,0.07228024480318747
103,8,401448,occupancy,6,405843,flow,7,0.0010544619411040532,0.011383348018740145,0.07344879818220432
103,8,401448,occupancy,6,405843,flow,12,0.0003213048202725206,0.004157043496787328,0.0806445881550708
103,8,401448,occupancy,9,402391,flow,6,0.0032591682425514522,0.028366958188050365,-0.06599006378365091
103,8,401448,occupancy,10,400497,flow,6,0.002103374691119735,0.020143158203585136,0.06896751458842638
103,8,401448,occupancy,10,400497,flow,11,0.005749965583059453,0.0441440400192231,0.06195045086647637
103,8,401448,occupancy,13,400183,flow,11,0.0010578680528225603,0.011413561409074577,0.07342842522309193
103,8,401448,occupancy,17,400260,flow,1,0.0011208380235915257,0.011946756135986655,0.07306231108537857
103,8,401448,occupancy,17,400260,flow,6,0.001476230374607792,0.015062152145266088,0.07129589178668651
103,8,401448,speed,0,400593,flow,7,0.00012439142932354444,0.0018460012871099692,-0.08600125140359287
103,8,401448,speed,1,400125,flow,5,0.00022148949766869676,0.003022219298574763,-0.08278185371425258
103,8,401448,speed,6,405843,flow,12,0.00018938288958457285,0.0026451150436642566,-0.08366681553432757
103,8,401448,speed,8,401448,flow,7,0.0023676153583808124,0.02212916128992884,-0.06817395895904439
103,8,401448,speed,13,400183,flow,11,0.002813784600353448,0.025271412626875045,-0.06700176045874641
103,9,402391,flow,1,400125,flow,11,2.3033263060654783e-05,0.0004205566205495717,0.09483706976355567
103,9,402391,flow,1,400125,flow,12,0.002818401142950729,0.02530235440055517,0.06699054571934687
103,9,402391,flow,3,400039,flow,1,2.913085247589118e-06,6.61647122480809e-05,0.10472286767942256
103,9,402391,flow,3,400039,flow,12,0.0008907124437844236,0.00988531588667556,0.07450808161704794
103,9,402391,flow,4,400316,flow,11,5.1787578922513725e-05,0.0008674770878063563,0.09069115361809227
103,9,402391,flow,4,400316,flow,12,0.0033992811372493673,0.029374424405606465,0.06569781007158715
103,9,402391,flow,5,400503,flow,1,2.28209314194138e-06,5.357957811514544e-05,0.1058325253824724
103,9,402391,flow,5,400503,flow,12,0.00031332311129403064,0.004076975424066905,0.08079070986599407
103,9,402391,flow,6,405843,flow,10,0.004560803912275343,0.03704195808806261,0.06362525601633258
103,9,402391,flow,7,408093,flow,8,0.00013914513042478474,0.0020376507235087124,-0.08538443646416073
103,9,402391,flow,9,402391,flow,1,7.454145222775281e-86,3.066848320227544e-83,0.4201418629670716
103,9,402391,flow,9,402391,flow,2,2.7123171548009977e-18,2.6998179974056014e-16,0.19394751932414986
103,9,402391,flow,9,402391,flow,3,8.094858763049086e-05,0.0012753387985547794,0.08832907852049178
103,9,402391,flow,9,402391,flow,4,0.0008525107283961496,0.009518858481962694,0.07478106374137626
103,9,402391,flow,9,402391,flow,6,2.7783015668633045e-08,9.354842376344095e-07,0.12424253340539888
103,9,402391,flow,9,402391,flow,7,2.3096969675175086e-05,0.00042154165186631336,0.09482322164231063
103,9,402391,flow,9,402391,flow,11,0.004588130850343688,0.03718710182642539,0.06358254178678285
103,9,402391,flow,9,402391,flow,12,2.991907830176301e-07,8.414740772370846e-06,0.1146710152579207
103,9,402391,flow,10,400497,flow,4,0.0032833220970775595,0.028539137745221443,0.06593887690966814
103,9,402391,flow,10,400497,flow,10,3.7176655436736575e-07,1.0295073813250128e-05,0.11375762099202992
103,9,402391,flow,10,400497,flow,11,1.471333904700833e-11,7.746809224362299e-10,0.1507102692601863
103,9,402391,flow,10,400497,flow,12,0.0007927663708387437,0.008932578826352042,0.07523160232910929
103,9,402391,flow,12,404520,flow,2,0.004166072186764648,0.03454401506108115,-0.06426959260182993
103,9,402391,flow,12,404520,flow,11,0.000163375211925221,0.0023316184853549877,0.08449388631406508
103,9,402391,flow,14,401469,flow,1,0.0059854268736232175,0.04546693176376349,0.06165646847469728
103,9,402391,flow,15,401472,flow,1,6.57084733339555e-14,4.373815174155435e-12,0.16713010441838438
103,9,402391,flow,15,401472,flow,2,7.303963514425768e-08,2.3249841520493594e-06,0.12040864805702851
103,9,402391,flow,15,401472,flow,8,0.0010315638705620863,0.011160420538012054,-0.07358735915358604
103,9,402391,flow,15,401472,flow,9,0.0004884035885622954,0.005926695231991899,-0.07817631298707217
103,9,402391,flow,16,405838,flow,3,0.0007169817669371515,0.00820927970625098,0.07585075759755287
103,9,402391,flow,17,400260,flow,3,0.0006324363683144091,0.007391230446849414,0.07661769685395255
103,9,402391,flow,17,400260,flow,12,0.004505712882227533,0.03668428128764218,0.06371207669796139
103,9,402391,flow,19,401795,flow,5,0.00510531136133811,0.04024625014777488,0.062814702958852
103,9,402391,flow,19,401795,flow,7,0.0025205693159973687,0.023246924519873258,-0.0677509363609484
103,9,402391,occupancy,0,400593,flow,10,0.006049343013726654,0.04586374485661486,0.06157846499788586
103,9,402391,occupancy,1,400125,flow,1,0.006531487301331052,0.048606417126184576,0.06101285225068578
103,9,402391,occupancy,1,400125,flow,11,0.0066550607152235375,0.04929674603869288,0.06087394168053465
103,9,402391,occupancy,3,400039,flow,1,0.0020760549431682214,0.01991242751884262,0.06905469950872647
103,9,402391,occupancy,5,400503,flow,1,1.8824771669043226e-07,5.5171651024604295e-06,0.1165965551615816
103,9,402391,occupancy,5,400503,flow,2,0.0018879810508294556,0.018461018876376748,0.06968514198413386
103,9,402391,occupancy,6,405843,flow,6,0.0005994686440847936,0.007060263201871069,0.07694287082097188
103,9,402391,occupancy,6,405843,flow,10,6.845789094384208e-05,0.0011051498089588857,0.08922209285202895
103,9,402391,occupancy,8,401448,flow,3,8.064715562551535e-05,0.0012723395524970747,0.08834904710507278
103,9,402391,occupancy,8,401448,flow,8,0.0031098617278430794,0.027376412941793497,0.06631436195773087
103,9,402391,occupancy,9,402391,flow,2,4.770745382373949e-09,1.815825555229556e-07,-0.13089868181387296
103,9,402391,occupancy,10,400497,flow,4,0.00021490556148436908,0.0029454061726284088,0.08295304270764621
103,9,402391,occupancy,10,400497,flow,10,0.0003920948248944978,0.0049139821396699465,0.07947949164757295
103,9,402391,occupancy,10,400497,flow,11,0.00018324864639060386,0.002581977013722794,0.08385180823108916
103,9,402391,occupancy,12,404520,flow,11,0.005804799324770284,0.04443865511785863,0.061881033089071155
103,9,402391,occupancy,14,401469,flow,2,2.5386440999226866e-05,0.00045963715472196174,0.09434821743712266
103,9,402391,occupancy,14,401469,flow,3,0.00039614850735279425,0.004960468265982815,0.07941889165102273
103,9,402391,occupancy,14,401469,flow,6,0.0041645035762483155,0.03453763764521544,0.06427226166049929
103,9,402391,occupancy,14,401469,flow,10,0.002008859809477089,0.019442383881134187,0.06927369636893575
103,9,402391,occupancy,14,401469,flow,11,0.0038845935261136635,0.032699618146553054,0.06476379358551948
103,9,402391,occupancy,15,401472,flow,1,3.166215110766547e-06,7.146316237466814e-05,0.10434155736440273
103,9,402391,occupancy,15,401472,flow,2,6.506832861141779e-05,0.001060336399854111,0.08949105982746236
103,9,402391,occupancy,15,401472,flow,10,0.006679158558980874,0.04944415368918589,0.060847123299870395
103,9,402391,occupancy,15,401472,flow,12,0.0056653711750425,0.04362609474164564,0.06205872370450398
103,9,402391,occupancy,16,405838,flow,1,0.0008559221551387245,0.009552011651251073,0.07475623025371718
103,9,402391,occupancy,16,405838,flow,3,0.000650855979310894,0.007574617000600922,0.07644281631531744
103,9,402391,occupancy,16,405838,flow,12,0.0013352215313085613,0.013875768619805112,0.07194417645469224
103,9,402391,occupancy,17,400260,flow,3,0.0007591506720516797,0.008628073936498965,0.07549914543569794
103,9,402391,occupancy,17,400260,flow,6,0.00035799528676500855,0.0045499842271986965,0.08001376261041031
103,9,402391,occupancy,19,401795,flow,9,0.001424803639019888,0.014606687128015756,-0.07152544104343171
103,9,402391,speed,0,400593,flow,10,0.002272911968024407,0.02145287240958147,-0.06844859209511155
103,9,402391,speed,6,405843,flow,2,0.006538470635899512,0.04862681007309302,-0.061004939487700784
103,9,402391,speed,6,405843,flow,8,0.003991875381238255,0.033387999316455495,0.06457171770994302
103,9,402391,speed,6,405843,flow,10,0.002664870289898934,0.024246503058895103,-0.06737283212030297
103,9,402391,speed,15,401472,flow,3,0.005651023247448619,0.04354695046196581,-0.062077232060281394
103,9,402391,speed,15,401472,flow,4,0.0026417256251441107,0.024078220944440922,-0.06743219762646388
103,9,402391,speed,15,401472,flow,10,0.00040834459028948514,0.005095461092000509,-0.07923999735376987
103,9,402391,speed,16,405838,flow,12,0.004561648542326229,0.03704195808806261,-0.0636239323259348
103,10,400497,flow,1,400125,flow,1,3.0188634324694676e-13,1.8900958166262535e-11,0.16267377670376204
103,10,400497,flow,1,400125,flow,2,7.641828026362092e-16,6.240585458201179e-14,0.17949897754393632
103,10,400497,flow,1,400125,flow,3,4.642636433453451e-05,0.0007875904437925784,0.09126050460311975
103,10,400497,flow,1,400125,flow,6,0.0014755236390884576,0.015062056051186523,0.07129899614303607
103,10,400497,flow,1,400125,flow,7,0.00029282571339348337,0.0038426703580189798,0.08118254438004983
103,10,400497,flow,1,400125,flow,8,0.0009642141928236194,0.01055334510513817,0.07401205087330222
103,10,400497,flow,1,400125,flow,12,2.037962509433163e-09,8.212684739506775e-08,0.13399569977695971
103,10,400497,flow,2,400331,flow,3,0.0008755476733741256,0.009735819688484486,0.07461512314320633
103,10,400497,flow,3,400039,flow,1,1.6048480340873789e-19,1.755175571457589e-17,0.20084936118137894
103,10,400497,flow,3,400039,flow,2,1.3136825846777743e-09,5.435927936597687e-08,0.1355672872526545
103,10,400497,flow,3,400039,flow,6,0.0014030247394267756,0.01442767644447434,0.07162496194903249
103,10,400497,flow,3,400039,flow,7,0.004892269313283284,0.03897045647903427,0.06312207576115324
103,10,400497,flow,3,400039,flow,9,0.0025272198168503966,0.02328837373889444,-0.06773308071586519
103,10,400497,flow,3,400039,flow,12,3.7898122504514396e-07,1.0481426966677476e-05,0.11367644731522585
103,10,400497,flow,4,400316,flow,1,1.886798938202013e-15,1.4766252559841841e-13,0.17706122284167192
103,10,400497,flow,4,400316,flow,3,1.7552798144812327e-05,0.0003289721821500618,-0.09619036830639721
103,10,400497,flow,4,400316,flow,4,6.009603707212317e-08,1.9283715190096136e-06,-0.12121572527789487
103,10,400497,flow,4,400316,flow,6,6.8529201197928464e-06,0.00014281049164257162,0.10074339469668511
103,10,400497,flow,4,400316,flow,11,0.001312433388142506,0.01366854444738579,0.07205482374723134
103,10,400497,flow,4,400316,flow,12,9.611738344655268e-22,1.224858691708282e-19,0.21266146452798199
103,10,400497,flow,5,400503,flow,1,5.241987062907868e-19,5.536768731482149e-17,0.19801049929058576
103,10,400497,flow,5,400503,flow,2,8.046964215377039e-17,7.212216890130457e-15,0.18542555820410447
103,10,400497,flow,5,400503,flow,6,1.2546709135566631e-05,0.000244924462113185,0.09783844988277302
103,10,400497,flow,5,400503,flow,7,9.63640095347488e-12,5.133076710112389e-10,0.15205920214623853
103,10,400497,flow,5,400503,flow,8,0.0020720658218459473,0.01988741246472893,0.06906751778840338
103,10,400497,flow,5,400503,flow,9,0.003347927195649846,0.028984059088591852,0.06580363152175193
103,10,400497,flow,5,400503,flow,12,1.5207512378545094e-11,7.992269279235377e-10,0.1506044612804578
103,10,400497,flow,6,405843,flow,1,6.118052477444329e-33,1.2293017070957907e-30,0.2636662673060323
103,10,400497,flow,6,405843,flow,2,3.942213852114763e-18,3.8882109226337385e-16,0.19306975680241797
103,10,400497,flow,6,405843,flow,6,1.7193478155096882e-06,4.15412895022475e-05,0.10710592804075937
103,10,400497,flow,6,405843,flow,7,2.0316756731875307e-16,1.7588855527395055e-14,0.18301123410837675
103,10,400497,flow,6,405843,flow,8,3.945076274328966e-06,8.708599644916267e-05,0.1033287157178721
103,10,400497,flow,6,405843,flow,12,3.1315093469674854e-13,1.9492968845676564e-11,0.16256517645555552
103,10,400497,flow,7,408093,flow,4,1.7885211790928876e-05,0.0003339890345608391,0.09609750220479064
103,10,400497,flow,7,408093,flow,5,9.228192196450547e-05,0.0014242868984875442,0.0876250777729456
103,10,400497,flow,7,408093,flow,6,0.0006456238426959482,0.007521831177040173,0.07649201899584324
103,10,400497,flow,8,401448,flow,1,1.7307075167388006e-07,5.1000385213585395e-06,0.11694262124749516
103,10,400497,flow,8,401448,flow,2,2.219470788374248e-07,6.370839738057642e-06,0.11591568332741553
103,10,400497,flow,8,401448,flow,3,0.0003254253306755044,0.00420657519006038,0.08057047742788852
103,10,400497,flow,8,401448,flow,6,0.0030993507926475226,0.027302600783518143,0.06633772293525508
103,10,400497,flow,8,401448,flow,7,8.417164133314032e-06,0.000171600514657464,0.09976474543738198
103,10,400497,flow,8,401448,flow,9,0.00014599945374335784,0.002124343685319319,0.08511857074574647
103,10,400497,flow,8,401448,flow,12,0.0004951291827776202,0.005996518277542246,0.07809452439022374
103,10,400497,flow,9,402391,flow,1,6.190002704701444e-13,3.7557319781334606e-11,0.1605315238653979
103,10,400497,flow,9,402391,flow,2,1.5267273238192935e-08,5.318920999112377e-07,0.1265427674599601
103,10,400497,flow,9,402391,flow,3,0.005661634503510772,0.04360538608516052,0.06206353981569616
103,10,400497,flow,9,402391,flow,7,1.0660567603098911e-05,0.00021193581245001057,0.09862881965306515
103,10,400497,flow,9,402391,flow,11,0.0026260552937631726,0.023969261394764144,0.06747266194983569
103,10,400497,flow,9,402391,flow,12,0.00018583846021916057,0.002605161232042816,0.08377300724565671
103,10,400497,flow,10,400497,flow,1,0.0,0.0,0.853594572827907
103,10,400497,flow,10,400497,flow,2,1.2210824980806343e-49,3.5884873412981904e-47,-0.3235202801448405
103,10,400497,flow,10,400497,flow,3,3.5818653613240157e-09,1.383337746154261e-07,-0.13195031153767264
103,10,400497,flow,10,400497,flow,4,0.001592585321554366,0.01601855317605323,0.07080256351382538
103,10,400497,flow,10,400497,flow,5,1.0777170543040169e-23,1.5314926561162345e-21,0.2224747027455513
103,10,400497,flow,10,400497,flow,6,7.974109943677672e-54,2.4782845292580967e-51,0.3366527770104141
103,10,400497,flow,10,400497,flow,7,0.0003696505252534193,0.004667564386282139,0.07982599466086038
103,10,400497,flow,10,400497,flow,8,4.748108919600528e-33,9.584967538632842e-31,-0.26411376092776473
103,10,400497,flow,10,400497,flow,9,3.2779421886507238e-34,6.71123708766404e-32,-0.268781044948506
103,10,400497,flow,10,400497,flow,10,0.00015316890576454366,0.0022111558093894277,-0.08485276482450257
103,10,400497,flow,10,400497,flow,11,6.277770370324817e-39,1.5322015819097857e-36,0.2868588303990043
103,10,400497,flow,10,400497,flow,12,7.5938580825198e-133,4.000666697132383e-130,0.5114828168995496
103,10,400497,flow,11,405841,flow,1,7.448560559108839e-06,0.00015349484879039981,0.10034774692706307
103,10,400497,flow,11,405841,flow,4,0.0001628647679405215,0.00232587040496877,-0.08451132721442725
103,10,400497,flow,11,405841,flow,6,5.605085555989347e-05,0.000928805891901572,0.09027694283375833
103,10,400497,flow,11,405841,flow,7,2.6240710172345542e-08,8.877045257990035e-07,0.1244637483702319
103,10,400497,flow,11,405841,flow,12,1.1599995419658439e-05,0.00022882182745627606,0.0982198237108133
103,10,400497,flow,12,404520,flow,1,5.559453808146638e-17,5.077556120759721e-15,0.18638044177020374
103,10,400497,flow,12,404520,flow,2,0.0022633360335178126,0.021376501234798756,-0.06847694192035704
103,10,400497,flow,12,404520,flow,3,1.4071760334950228e-15,1.1174633207166358e-13,-0.17785607920511132
103,10,400497,flow,12,404520,flow,4,9.571761211550698e-12,5.113131651327763e-10,-0.15208055754520133
103,10,400497,flow,12,404520,flow,6,8.705038015140693e-14,5.7325860099707e-12,0.16631729898550926
103,10,400497,flow,12,404520,flow,7,3.672531211188435e-07,1.0196230612039871e-05,0.1138091785721924
103,10,400497,flow,12,404520,flow,11,1.5553363054768942e-07,4.649863556858258e-06,0.11738105228357441
103,10,400497,flow,12,404520,flow,12,2.2943847200387496e-25,3.565374816750863e-23,0.23052780548151236
103,10,400497,flow,13,400183,flow,5,0.001458453625177818,0.01490541675128501,0.07137439565966446
103,10,400497,flow,13,400183,flow,11,0.005034342678335371,0.03977388509584639,0.06291578628694566
103,10,400497,flow,14,401469,flow,1,1.4476823736697046e-09,5.956178908812499e-08,0.1352212170931017
103,10,400497,flow,14,401469,flow,2,1.0634372536772e-06,2.6850081448775596e-05,0.109234301883579
103,10,400497,flow,14,401469,flow,3,3.961565394297666e-06,8.736070701054577e-05,0.10330941675550005
103,10,400497,flow,14,401469,flow,6,3.447263138376139e-05,0.0006061122001540465,0.09279513892364788
103,10,400497,flow,14,401469,flow,7,1.3391035107062954e-07,4.062448852704492e-06,0.11799269203294041
103,10,400497,flow,14,401469,flow,8,5.331436098126526e-07,1.4182145285656768e-05,0.11222564860638168
103,10,400497,flow,14,401469,flow,9,0.0010741818919279692,0.01155206814321341,0.0733316803505767
103,10,400497,flow,14,401469,flow,12,3.6821431271663707e-08,1.222663974585605e-06,0.12314593832242988
103,10,400497,flow,15,401472,flow,1,1.2570645966215366e-64,4.451245129020523e-62,0.3677152150216736
103,10,400497,flow,15,401472,flow,2,4.026204123893273e-63,1.3914561452175152e-60,0.36358894895028865
103,10,400497,flow,15,401472,flow,3,3.826521048268585e-17,3.5626230449397166e-15,0.1873398438181426
103,10,400497,flow,15,401472,flow,5,5.24968527670338e-07,1.3973284285495132e-05,-0.11229172167621844
103,10,400497,flow,15,401472,flow,7,4.9153919522921595e-06,0.00010527760651414045,0.10230654677914355
103,10,400497,flow,15,401472,flow,8,7.880648725938565e-07,2.0312889317455013e-05,0.11054212013001612
103,10,400497,flow,15,401472,flow,10,2.800243791791697e-08,9.421380981729075e-07,-0.12421203331009929
103,10,400497,flow,15,401472,flow,11,5.515011644407033e-05,0.0009152842990333607,-0.09036191026472382
103,10,400497,flow,15,401472,flow,12,3.1656510200522922e-06,7.146316237466814e-05,0.10434237414057125
103,10,400497,flow,16,405838,flow,1,8.002424224747284e-11,3.85401032897528e-09,0.14518616831395106
103,10,400497,flow,16,405838,flow,2,2.664694727088633e-21,3.336661223484897e-19,0.2103644639589749
103,10,400497,flow,16,405838,flow,3,9.89831102779396e-11,4.698978421985704e-09,0.14447769516767014
103,10,400497,flow,16,405838,flow,6,8.439976441665528e-07,2.162556241280847e-05,0.11024418836068985
103,10,400497,flow,16,405838,flow,7,1.4873031262519059e-18,1.4977038474145064e-16,0.1954732280910195
103,10,400497,flow,16,405838,flow,8,3.808315766061609e-11,1.9355204834571944e-09,0.14763376787960888
103,10,400497,flow,16,405838,flow,9,0.0001452744347387585,0.002115219272232682,0.08514613078228381
103,10,400497,flow,16,405838,flow,11,0.0019382240651695782,0.01886689491106935,-0.0695112714302179
103,10,400497,flow,17,400260,flow,1,6.83965175012724e-21,8.253434514120023e-19,0.20821685373211538
103,10,400497,flow,17,400260,flow,2,2.1636861740579436e-23,2.9958731640802296e-21,0.22098251272568914
103,10,400497,flow,17,400260,flow,3,1.7218864436633562e-05,0.0003236966682604743,0.09628536055844633
103,10,400497,flow,17,400260,flow,6,0.0001527811224334103,0.002209660441803035,0.08486683937200991
103,10,400497,flow,17,400260,flow,7,1.1535787751030587e-09,4.805651213544083e-08,0.13602898803482974
103,10,400497,flow,17,400260,flow,8,9.652706369515669e-05,0.0014787124651172937,0.08738224681208721
103,10,400497,flow,17,400260,flow,10,0.0034485464901689022,0.029718174421563253,-0.06559765054051549
103,10,400497,flow,17,400260,flow,12,2.8552746520226523e-09,1.1244108018904156e-07,0.1327763432147182
103,10,400497,flow,18,404528,flow,1,7.310181169468439e-11,3.5523040103603663e-09,0.14548660003650402
103,10,400497,flow,18,404528,flow,2,0.0006542414188586416,0.007611965875220393,0.0764111753474467
103,10,400497,flow,18,404528,flow,7,0.0008928855941143087,0.009903121351922499,0.07449288079005531
103,10,400497,flow,19,401795,flow,1,5.480767007894514e-13,3.344196818376314e-11,0.16089662001166338
103,10,400497,flow,19,401795,flow,2,2.639784412833324e-15,2.0364051184714217e-13,0.17614657912205586
103,10,400497,flow,19,401795,flow,6,3.5189126183931102e-06,7.872450808626741e-05,0.10385633672545735
103,10,400497,flow,19,401795,flow,7,0.00038124907638660126,0.00479056431061698,0.07964455220618358
103,10,400497,flow,19,401795,flow,8,0.0022170216340540796,0.021007969859867567,0.06861562633756614
103,10,400497,flow,19,401795,flow,12,5.789920394228451e-08,1.8679952280109716e-06,0.12136351067781415
103,10,400497,occupancy,0,400593,flow,6,0.003634810196796793,0.0309951773507076,0.06523036427912966
103,10,400497,occupancy,0,400593,flow,9,0.005239806685790574,0.04106669971446894,0.06262656920696803
103,10,400497,occupancy,0,400593,flow,11,0.0031994935092202258,0.02794543461348843,0.06611802269859376
103,10,400497,occupancy,1,400125,flow,1,6.875567243063052e-13,4.1658415834547526e-11,0.16021570616700637
103,10,400497,occupancy,1,400125,flow,2,9.587121846239556e-12,5.113131651327763e-10,0.1520754700043868
103,10,400497,occupancy,1,400125,flow,3,2.594815835168118e-07,7.374739742056757e-06,0.11526609877535952
103,10,400497,occupancy,1,400125,flow,7,0.00016818183386396447,0.002392313211367555,0.08433212019773893
103,10,400497,occupancy,1,400125,flow,8,2.1924588059885326e-07,6.318493690373889e-06,0.1159664434749541
103,10,400497,occupancy,1,400125,flow,12,1.885117433342172e-05,0.00035041769845258966,0.09583668074963902
103,10,400497,occupancy,2,400331,flow,3,0.00017979675360901116,0.0025366491691408495,0.08395848244953995
103,10,400497,occupancy,3,400039,flow,1,1.4299100264154318e-18,1.450049604252269e-16,0.1955696056364999
103,10,400497,occupancy,3,400039,flow,2,3.26916126047912e-09,1.2723222202945763e-07,0.13228375452231333
103,10,400497,occupancy,3,400039,flow,6,0.00330073063212553,0.02865586079337277,0.06590219684256983
103,10,400497,occupancy,3,400039,flow,7,0.0002742598572918162,0.0036365947928196623,0.08156028081829604
103,10,400497,occupancy,3,400039,flow,12,8.995925661498861e-07,2.2981903523166816e-05,0.10996632063600133
103,10,400497,occupancy,4,400316,flow,1,7.607648929491917e-14,5.0483937596628386e-12,0.1667072102280889
103,10,400497,occupancy,4,400316,flow,3,0.0035642188416179256,0.030532273241700252,-0.06536750230219973
103,10,400497,occupancy,4,400316,flow,4,0.00013318723624873566,0.001963046266102143,-0.08562574330858305
103,10,400497,occupancy,4,400316,flow,6,0.003552652811256457,0.030469446385999393,0.0653902066907207
103,10,400497,occupancy,4,400316,flow,7,6.953689329669814e-08,2.2235335236249885e-06,0.12063498486070091
103,10,400497,occupancy,4,400316,flow,11,0.0007699562562690884,0.008730212669507775,0.07541196661884501
103,10,400497,occupancy,4,400316,flow,12,3.967659368043947e-16,3.3089359980598164e-14,0.18124558132078925
103,10,400497,occupancy,5,400503,flow,1,8.531466530191104e-16,6.940854126257169e-14,0.17920379527595742
103,10,400497,occupancy,5,400503,flow,2,8.781503729098402e-24,1.252016373257594e-21,0.22291107812629032
103,10,400497,occupancy,5,400503,flow,3,6.730259504605121e-07,1.7599710084681673e-05,0.11122484445359326
103,10,400497,occupancy,5,400503,flow,6,0.00018785479266326355,0.0026305760269215513,0.08371236670021187
103,10,400497,occupancy,5,400503,flow,7,4.930267158091635e-20,5.5465505528530895e-18,0.20363820150786982
103,10,400497,occupancy,5,400503,flow,8,3.900869033980705e-06,8.633070812908117e-05,0.10338083986542507
103,10,400497,occupancy,5,400503,flow,9,7.519082918069281e-10,3.2097270954604047e-08,0.13753864562847407
103,10,400497,occupancy,5,400503,flow,12,8.666034270952738e-09,3.127591315832567e-07,0.12868147268759114
103,10,400497,occupancy,6,405843,flow,1,1.9116706724990685e-31,3.686793439819632e-29,0.2575029824633011
103,10,400497,occupancy,6,405843,flow,2,1.103190894376922e-20,1.2845780764712406e-18,0.20711861101813003
103,10,400497,occupancy,6,405843,flow,3,8.268895003496219e-05,0.001298024215665104,0.0882151422804343
103,10,400497,occupancy,6,405843,flow,6,7.025933925288762e-06,0.00014599343221379248,0.10062518815159349
103,10,400497,occupancy,6,405843,flow,7,7.30702326632235e-19,7.643181721673741e-17,0.1972061492814452
103,10,400497,occupancy,6,405843,flow,8,4.479484834812575e-10,1.9970458706285165e-08,0.1393438049088416
103,10,400497,occupancy,6,405843,flow,12,1.4412734083842335e-11,7.611615066283483e-10,0.15077634681641575
103,10,400497,occupancy,7,408093,flow,1,0.00015396641115755712,0.0022182326861490157,0.08482392450252559
103,10,400497,occupancy,7,408093,flow,2,0.0017490205828841606,0.017313860948807457,0.07018913542691209
103,10,400497,occupancy,7,408093,flow,4,0.0002304568347509552,0.0031277836196171114,0.08255621657614758
103,10,400497,occupancy,7,408093,flow,6,3.3412947101719517e-07,9.3305708777911e-06,0.11420739477139664
103,10,400497,occupancy,7,408093,flow,12,0.002845211756693521,0.02551653474966994,0.06692574544431672
103,10,400497,occupancy,8,401448,flow,1,5.51538056973368e-06,0.0001172561223486688,0.10176735053940691
103,10,400497,occupancy,8,401448,flow,2,2.4414139424598493e-08,8.298118199391462e-07,0.12474265818276564
103,10,400497,occupancy,8,401448,flow,3,7.470530598602331e-06,0.00015375270217228237,0.10033373897538135
103,10,400497,occupancy,8,401448,flow,4,0.006380080791803702,0.04780081342454386,0.06118630713116335
103,10,400497,occupancy,8,401448,flow,7,2.924923579662361e-05,0.0005207270713555359,0.09363219407889056
103,10,400497,occupancy,8,401448,flow,8,1.1808504922202576e-06,2.9470098939292388e-05,0.10877372771008785
103,10,400497,occupancy,8,401448,flow,9,0.0001958707570211433,0.0027234041529814582,0.08347718420835723
103,10,400497,occupancy,9,402391,flow,1,4.181314617738748e-09,1.6013545344531375e-07,0.13138357812875417
103,10,400497,occupancy,9,402391,flow,2,4.3016079993851475e-07,1.1776265245465043e-05,0.11314007678204038
103,10,400497,occupancy,9,402391,flow,3,0.0005168710076342308,0.006223196078539234,0.07783703033322611
103,10,400497,occupancy,9,402391,flow,7,0.0002289936030601613,0.0031107101129624537,0.08259246607759607
103,10,400497,occupancy,9,402391,flow,12,0.0001123420676709982,0.0016904135574319478,0.08655846460901596
103,10,400497,occupancy,10,400497,flow,1,1.1536163347860505e-65,4.118696335765073e-63,0.3705233757616303
103,10,400497,occupancy,10,400497,flow,3,6.952717926163355e-17,6.283627916532572e-15,-0.18580359038314342
103,10,400497,occupancy,10,400497,flow,4,2.698111984174321e-06,6.190039177712727e-05,-0.1050725268152832
103,10,400497,occupancy,10,400497,flow,5,2.4112614742627543e-12,1.390740930415901e-10,0.1563929579005811
103,10,400497,occupancy,10,400497,flow,6,3.2523048779794044e-57,1.0643906873387142e-54,0.3467816619865853
103,10,400497,occupancy,10,400497,flow,7,6.923187871941735e-28,1.2157793336092803e-25,0.24211652331250094
103,10,400497,occupancy,10,400497,flow,8,1.9947923764328087e-05,0.00036889996002524545,-0.09555554010665669
103,10,400497,occupancy,10,400497,flow,9,3.7710755710552316e-11,1.9211139701602124e-09,-0.14766588613875975
103,10,400497,occupancy,10,400497,flow,10,6.278027700571917e-11,3.08896123763903e-09,-0.14599063271476478
103,10,400497,occupancy,10,400497,flow,11,1.5119890743604336e-26,2.4648274721649335e-24,0.23603663918162862
103,10,400497,occupancy,10,400497,flow,12,8.856922360272226e-100,3.904275979222043e-97,0.4503459102457845
103,10,400497,occupancy,11,405841,flow,1,6.667689181486979e-12,3.632335090040826e-10,0.15322330556145505
103,10,400497,occupancy,11,405841,flow,4,0.00120575957643224,0.012713420897992949,-0.07259756510062243
103,10,400497,occupancy,11,405841,flow,6,1.3572013743932501e-07,4.114463113950063e-06,0.1179379649608632
103,10,400497,occupancy,11,405841,flow,7,6.2481369601096495e-12,3.4080747055143544e-10,0.15342781207877462
103,10,400497,occupancy,11,405841,flow,8,0.004519434967244962,0.03678826553186206,0.0636903618916113
103,10,400497,occupancy,11,405841,flow,12,9.512424964391095e-08,2.9649116772128087e-06,0.11937868267852754
103,10,400497,occupancy,12,404520,flow,1,3.424680505201418e-21,4.2391460694756804e-19,0.20979509922343414
103,10,400497,occupancy,12,404520,flow,3,1.2933103682287732e-07,3.9373508039100074e-06,-0.1181344273800954
103,10,400497,occupancy,12,404520,flow,4,3.521879059465954e-07,9.790551825542422e-06,-0.11398580746482757
103,10,400497,occupancy,12,404520,flow,6,4.933532290434779e-10,2.177003012735265e-08,0.1390090739584221
103,10,400497,occupancy,12,404520,flow,7,1.2431614902374517e-19,1.3700147035269876e-17,0.20145627460274346
103,10,400497,occupancy,12,404520,flow,9,0.004538530095025553,0.036888899361261315,0.06366024350167342
103,10,400497,occupancy,12,404520,flow,11,1.755911736279419e-06,4.225926852772752e-05,0.10701178533934226
103,10,400497,occupancy,12,404520,flow,12,1.2793950349306655e-20,1.4738630802401268e-18,0.20677692914143214
103,10,400497,occupancy,13,400183,flow,3,0.004887370887953773,0.03894750458579653,0.06312928434724123
103,10,400497,occupancy,13,400183,flow,4,0.0024800069644629174,0.022931571246746153,0.06786078203773432
103,10,400497,occupancy,13,400183,flow,5,6.615484560582021e-06,0.00013850297279665238,0.10091034572000133
103,10,400497,occupancy,13,400183,flow,10,0.0005509369007112467,0.006574716605172889,0.07745318855342254
103,10,400497,occupancy,13,400183,flow,11,0.001101731683480854,0.011783810033764025,0.07317134523655207
103,10,400497,occupancy,14,401469,flow,1,1.2721822329334634e-05,0.0002478947788124746,0.09777092816200537
103,10,400497,occupancy,14,401469,flow,2,1.278179329357251e-16,1.124589552509842e-14,0.1842234284000457
103,10,400497,occupancy,14,401469,flow,3,4.791303305732532e-12,2.657051383923561e-10,0.1542603680897724
103,10,400497,occupancy,14,401469,flow,4,0.0003322558958579803,0.004284613343601418,0.08044953578283237
103,10,400497,occupancy,14,401469,flow,6,4.840837399117882e-07,1.3078434999492965e-05,0.11263780298419802
103,10,400497,occupancy,14,401469,flow,7,5.105183305018702e-09,1.926147762242864e-07,0.1306488706841705
103,10,400497,occupancy,14,401469,flow,8,4.8937426828245215e-14,3.287864446314453e-12,0.1679773894037296
103,10,400497,occupancy,14,401469,flow,9,2.4742227399839914e-11,1.2760237507435626e-09,0.14903678342025803
103,10,400497,occupancy,14,401469,flow,10,0.0013298560855844806,0.013829991068187185,0.07197007064606063
103,10,400497,occupancy,14,401469,flow,12,2.4298407210629948e-09,9.674573193541141e-08,0.13336111840992348
103,10,400497,occupancy,15,401472,flow,1,2.3933213329214694e-66,8.761989964593854e-64,0.37235742556703183
103,10,400497,occupancy,15,401472,flow,2,6.720628679039917e-64,2.3604159262969465e-61,0.36572738817795813
103,10,400497,occupancy,15,401472,flow,3,3.5410074543877586e-30,6.509426469342604e-28,0.25214253118945146
103,10,400497,occupancy,15,401472,flow,4,2.1689181410808613e-06,5.12006905435482e-05,0.10606234758166898
103,10,400497,occupancy,15,401472,flow,7,1.0689150665925743e-07,3.30072415130802e-06,0.11890776317446562
103,10,400497,occupancy,15,401472,flow,8,1.0722841199373909e-13,7.018586966862922e-12,0.16571220015235186
103,10,400497,occupancy,15,401472,flow,9,1.932254341698667e-05,0.0003579476310522402,0.09571399151048146
103,10,400497,occupancy,15,401472,flow,12,7.000037137132938e-10,3.0000159159141164e-08,0.1377893404044016
103,10,400497,occupancy,16,405838,flow,1,1.8108664495806628e-11,9.436602005052428e-10,0.15004398473216957
103,10,400497,occupancy,16,405838,flow,2,8.240584486605966e-26,1.3087987125785946e-23,0.2326187660383549
103,10,400497,occupancy,16,405838,flow,3,2.1254142635946714e-23,2.9523439288517625e-21,0.22102085800797255
103,10,400497,occupancy,16,405838,flow,4,5.907293865020487e-10,2.5647748238078897e-08,0.138382401697287
103,10,400497,occupancy,16,405838,flow,5,1.3089025600575854e-06,3.232966872183401e-05,0.10831913910918635
103,10,400497,occupancy,16,405838,flow,6,1.4323907810970944e-09,5.8988829116677294e-08,0.13525909489732163
103,10,400497,occupancy,16,405838,flow,7,9.839151422178916e-22,1.2501510042297917e-19,0.21260908595133352
103,10,400497,occupancy,16,405838,flow,8,1.0439126832027758e-15,8.39795678107261e-14,0.17866157004235342
103,10,400497,occupancy,16,405838,flow,9,5.548534516895067e-11,2.7614826167035355e-09,0.14639838459467636
103,10,400497,occupancy,17,400260,flow,1,4.606435555176406e-25,7.107071999415026e-23,0.22909260116873434
103,10,400497,occupancy,17,400260,flow,2,7.440449956778137e-28,1.301325660456743e-25,0.24197638447797826
103,10,400497,occupancy,17,400260,flow,3,3.4832558072918776e-12,1.967015044117766e-10,0.15525428342132488
103,10,400497,occupancy,17,400260,flow,4,0.0031137687811166304,0.027387024015124557,0.06630569671014742
103,10,400497,occupancy,17,400260,flow,6,1.065692949796516e-07,3.295485714474552e-06,0.11891997549101764
103,10,400497,occupancy,17,400260,flow,7,6.471911103104588e-10,2.792236777415622e-08,0.13806375305713608
103,10,400497,occupancy,17,400260,flow,8,2.8879732510669953e-10,1.3118869026928937e-08,0.14085569650869717
103,10,400497,occupancy,17,400260,flow,9,0.0003346763917571776,0.004305545004142368,0.0804072359402973
103,10,400497,occupancy,17,400260,flow,12,2.565067016254536e-08,8.70470503552207e-07,0.1245517294964852
103,10,400497,occupancy,18,404528,flow,1,5.083224398865436e-15,3.799226540328492e-13,0.1743476294161764
103,10,400497,occupancy,18,404528,flow,2,1.1908923735310486e-08,4.213476702419435e-07,0.127485295082009
103,10,400497,occupancy,18,404528,flow,4,0.00503573611834124,0.03977761936594287,0.06291378920356645
103,10,400497,occupancy,18,404528,flow,6,0.0018927240101724479,0.018494837647466577,0.06966854818648283
103,10,400497,occupancy,18,404528,flow,7,1.1945075573869498e-05,0.000234771276065133,0.09807748472487367
103,10,400497,occupancy,18,404528,flow,8,0.0001574262872852123,0.002258656795324202,0.08470040961016173
103,10,400497,occupancy,19,401795,flow,1,2.0947899017585174e-13,1.3308077022936465e-11,0.16375303272782935
103,10,400497,occupancy,19,401795,flow,2,1.4766247302979277e-18,1.4904249614222074e-16,0.19549087874475027
103,10,400497,occupancy,19,401795,flow,6,0.00033195862517372457,0.0042820581091385194,0.08045475064612359
103,10,400497,occupancy,19,401795,flow,7,2.412143172810664e-06,5.611447768735632e-05,0.10558156889729324
103,10,400497,occupancy,19,401795,flow,8,0.0009579176099894808,0.010497727232761432,0.07405314747248368
103,10,400497,occupancy,19,401795,flow,12,2.653697093576395e-05,0.0004780371920157213,0.09412469101388866
103,10,400497,speed,0,400593,flow,11,0.0011300173353708122,0.012026792039423279,-0.07301053686042958
103,10,400497,speed,1,400125,flow,3,2.9254736161571428e-05,0.0005207270713555359,-0.09363124013918343
103,10,400497,speed,1,400125,flow,8,0.0024916033276249396,0.023027852599647382,-0.0678292116146965
103,10,400497,speed,1,400125,flow,11,1.1727812351380515e-05,0.00023092137355498554,0.0981666364973185
103,10,400497,speed,3,400039,flow,2,0.0010236032856107112,0.01108818002466969,-0.07363619722540814
103,10,400497,speed,4,400316,flow,1,0.001115646864064395,0.01190023321668688,-0.07309176453731668
103,10,400497,speed,5,400503,flow,2,0.002071604832105662,0.019887406388214353,-0.06906900054865643
103,10,400497,speed,5,400503,flow,3,0.0051840509666136484,0.040718363955947204,-0.06270402574433447
103,10,400497,speed,6,405843,flow,2,0.0035124624197792834,0.030178674728413887,-0.0654696273028113
103,10,400497,speed,6,405843,flow,7,0.0017457328230163162,0.01728527571723696,-0.07020149949654028
103,10,400497,speed,7,408093,flow,5,0.0010161374817026702,0.011021124581861752,-0.07368232006900775
103,10,400497,speed,7,408093,flow,6,0.00021310026164159422,0.0029234459520218704,-0.08300084199628761
103,10,400497,speed,9,402391,flow,2,0.005463187085954082,0.042445010563607416,-0.06232352502802521
103,10,400497,speed,9,402391,flow,3,0.0001623005152116634,0.002320881250295882,-0.08453066656407437
103,10,400497,speed,9,402391,flow,11,0.005850645412259528,0.04472622222785553,0.061823445381064226
103,10,400497,speed,10,400497,flow,1,4.731688077897127e-08,1.549726497082304e-06,-0.12216146391761155
103,10,400497,speed,10,400497,flow,2,3.8743313583104956e-05,0.0006713642786964037,-0.09219589257017925
103,10,400497,speed,10,400497,flow,5,0.004757868709788193,0.038161887906210536,-0.06332227064087939
103,10,400497,speed,10,400497,flow,6,0.00015902138586989842,0.0022777599037067677,-0.08464432336796261
103,10,400497,speed,10,400497,flow,9,1.887576834541476e-07,5.528360627267238e-06,0.11658540080908845
103,10,400497,speed,10,400497,flow,10,3.274844277143266e-05,0.00057814986829828,0.09305727688957754
103,10,400497,speed,10,400497,flow,11,0.00046693534023090175,0.00570786833558997,0.07844459421794556
103,10,400497,speed,11,405841,flow,1,0.0005663069621497704,0.0067210057046346375,-0.07728719041608799
103,10,400497,speed,11,405841,flow,12,0.00022858074846296027,0.0031076519327302623,-0.08260273326169558
103,10,400497,speed,12,404520,flow,1,3.352738040140581e-13,2.081009818018292e-11,-0.1623626217144645
103,10,400497,speed,12,404520,flow,2,1.9539608777114508e-05,0.00036165856862525566,-0.09565844815640664
103,10,400497,speed,12,404520,flow,8,7.224711033822251e-05,0.001157239587175088,0.0889359299846387
103,10,400497,speed,12,404520,flow,12,8.592113263760685e-06,0.00017450836530064016,-0.09966632758377968
103,10,400497,speed,14,401469,flow,3,0.0001340328611437396,0.0019736653096825755,-0.08559088225766164
103,10,400497,speed,14,401469,flow,7,0.00048080363290658096,0.0058459659278255836,-0.07827000727892457
103,10,400497,speed,14,401469,flow,8,0.0015856382266571693,0.01595610794120422,-0.07083107182083503
103,10,400497,speed,14,401469,flow,9,0.0018558207470605558,0.018183591806082106,-0.06979867856502994
103,10,400497,speed,15,401472,flow,2,0.005817290346605949,0.044518501855336935,-0.061865302501948195
103,10,400497,speed,15,401472,flow,3,3.2751959134071083e-10,1.4846638348288256e-08,-0.14042397855126007
103,10,400497,speed,15,401472,flow,4,3.598766050702032e-14,2.4521560471660534e-12,-0.16885649182809054
103,10,400497,speed,15,401472,flow,5,2.849076308888072e-13,1.7915589016588753e-11,-0.16284522277541322
103,10,400497,speed,15,401472,flow,6,1.0820988339013207e-10,5.131357807303738e-09,-0.14417969058418367
103,10,400497,speed,15,401472,flow,7,1.4346076243181627e-08,5.022289252070067e-07,-0.12677953291770144
103,10,400497,speed,15,401472,flow,8,0.005409268559434856,0.04214254315015073,-0.062395634447370826
103,10,400497,speed,16,405838,flow,7,5.071229744454744e-05,0.0008531040691606111,-0.09080072187100227
103,10,400497,speed,16,405838,flow,8,0.004810737814596761,0.03849303085582147,-0.0632429173348033
103,10,400497,speed,16,405838,flow,9,0.006529202849479299,0.04859778826628286,-0.061015442396125066
103,10,400497,speed,17,400260,flow,3,2.6727730735942025e-05,0.00048069857110436947,-0.09408852275069442
103,10,400497,speed,17,400260,flow,7,0.00010449368758301103,0.0015850650205706772,-0.08695256264078796
103,10,400497,speed,17,400260,flow,8,0.00043447919722255815,0.005382707576717669,-0.07887286574132514
103,10,400497,speed,17,400260,flow,11,0.0014055197683795833,0.014446455863430406,0.07161348875508101
103,10,400497,speed,18,404528,flow,7,0.005223946479943775,0.04096469194655492,-0.0626485263803013
103,10,400497,speed,19,401795,flow,2,0.0004550905110305523,0.005596330793202351,-0.07859757869365491
103,10,400497,speed,19,401795,flow,4,1.1098458795479617e-06,2.787519883515811e-05,-0.10904667507943298
103,10,400497,speed,19,401795,flow,6,1.6191464764424715e-05,0.00030665115204872763,-0.09658902823174065
103,10,400497,speed,19,401795,flow,7,0.005965939497348987,0.04535079822021401,-0.06168040013174162
103,10,400497,speed,19,401795,flow,8,0.00138089331159008,0.014257789450452068,-0.0717275626850874
103,11,405841,flow,0,400593,flow,2,0.0021962504534532856,0.020861521558544458,0.06867868746046543
103,11,405841,flow,0,400593,flow,6,4.433134370353923e-05,0.000756364157975077,0.09150009252430305
103,11,405841,flow,0,400593,flow,9,0.0003951942141776402,0.004949953624956236,0.07943310545041662
103,11,405841,flow,0,400593,flow,12,0.003166877434299432,0.027739072417221303,0.06618888187751819
103,11,405841,flow,1,400125,flow,1,0.005197009223380639,0.040812724677339325,0.06268595712228965
103,11,405841,flow,2,400331,flow,1,0.00036667196725109833,0.004639037813778008,0.07987344782193086
103,11,405841,flow,3,400039,flow,4,0.004775714138623738,0.038276595693607696,0.06329539697993847
103,11,405841,flow,4,400316,flow,12,0.0017975896994130883,0.017733700619923593,0.07000892960008606
103,11,405841,flow,5,400503,flow,7,0.0030116028062593643,0.026676489897560902,0.0665356134758932
103,11,405841,flow,6,405843,flow,3,0.00031413422437444533,0.004083839450188396,0.08077570279109067
103,11,405841,flow,6,405843,flow,6,6.686130789508101e-06,0.0001396040841501933,0.10086008055664204
103,11,405841,flow,6,405843,flow,7,0.0027204771116122435,0.024648216041861678,0.06723210428415499
103,11,405841,flow,6,405843,flow,12,0.0032722703577846707,0.02847171791667629,0.06596225507925059
103,11,405841,flow,7,408093,flow,3,0.00015130046119692962,0.0021926131914482925,0.08492089070107772
103,11,405841,flow,7,408093,flow,4,0.002011682762683913,0.01944611665874805,0.06926436179898185
103,11,405841,flow,8,401448,flow,2,0.0019592775438707095,0.019037514596314586,0.0694396407529797
103,11,405841,flow,10,400497,flow,5,2.4446823540743252e-05,0.00044355429523734084,0.09453802942794651
103,11,405841,flow,10,400497,flow,6,1.403642063921154e-05,0.00026985908839071587,0.09729061941973662
103,11,405841,flow,10,400497,flow,12,2.3238119283913683e-05,0.0004239386626119388,0.09479266841079555
103,11,405841,flow,11,405841,flow,1,5.9627635595464174e-36,1.3075704861543413e-33,0.2754083313533601
103,11,405841,flow,11,405841,flow,2,2.560761401850192e-24,3.7122447167761174e-22,0.22540708227320327
103,11,405841,flow,11,405841,flow,3,2.8510211459071515e-16,2.414982617709587e-14,0.1820745409939564
103,11,405841,flow,11,405841,flow,4,8.701858564832257e-11,4.1676991928914966e-09,0.14490737675342025
103,11,405841,flow,11,405841,flow,5,2.2356553852544503e-07,6.4130353680605745e-06,0.11588555470204857
103,11,405841,flow,11,405841,flow,6,0.00013235668929633586,0.0019519722193647635,0.08566018621368848
103,11,405841,flow,11,405841,flow,7,9.067561835736073e-07,2.3151221708262317e-05,0.10993172495283156
103,11,405841,flow,11,405841,flow,11,4.140140551992474e-05,0.0007137033992261567,0.09185381756002252
103,11,405841,flow,12,404520,flow,12,0.00011081745700272592,0.0016709647966903175,0.08663294566509135
103,11,405841,flow,13,400183,flow,1,9.690251833512875e-06,0.00019425470032842515,0.09908908012502218
103,11,405841,flow,13,400183,flow,2,9.248898442856213e-06,0.00018609800313525312,0.09931318042804992
103,11,405841,flow,13,400183,flow,3,0.0015171335459934225,0.015413962649792062,0.07111851432807176
103,11,405841,flow,13,400183,flow,4,0.0009148546416755954,0.010107856910584584,0.07434110597959286
103,11,405841,flow,13,400183,flow,5,0.001330575211869652,0.013834139386948007,0.07196659448515404
103,11,405841,flow,13,400183,flow,8,0.005790892335600762,0.04435577108119733,0.06189858279425553
103,11,405841,flow,13,400183,flow,9,0.0002616145646360196,0.003490348731400879,0.08183152387849306
103,11,405841,flow,13,400183,flow,10,1.1033100829482892e-06,2.7759461609415314e-05,0.1090726372463578
103,11,405841,flow,14,401469,flow,4,8.300009650365183e-05,0.0013019622980964991,0.08819501142129456
103,11,405841,flow,14,401469,flow,8,3.804336347902561e-05,0.0006618901741014524,0.09228967288019009
103,11,405841,flow,15,401472,flow,1,5.2052464881709654e-05,0.0008706127647657651,0.09066449330926614
103,11,405841,flow,15,401472,flow,2,0.0001572086895376736,0.0022570340272607178,0.08470810208585616
103,11,405841,flow,15,401472,flow,6,0.003738592748591449,0.03170538020006883,0.06503307717458333
103,11,405841,flow,16,405838,flow,8,0.003223860555405692,0.028124147010001196,0.066065512743063
103,11,405841,flow,16,405838,flow,9,5.362055734727537e-06,0.00011433406107612518,0.10189959322528974
103,11,405841,flow,17,400260,flow,6,0.00015320255578195972,0.0022111558093894277,0.08485154508221265
103,11,405841,flow,17,400260,flow,7,0.004328653446527012,0.03555091803991767,0.06399777446689457
103,11,405841,flow,17,400260,flow,8,0.003312650718322343,0.02873624719508538,0.06587718245265364
103,11,405841,flow,18,404528,flow,6,0.0012771627247535426,0.013346257791328748,0.07222962300081841
103,11,405841,flow,18,404528,flow,12,0.006686401834488535,0.04947626515128003,0.06083907928083374
103,11,405841,flow,19,401795,flow,7,0.005181228696230461,0.04070359695892997,0.06270796644476673
103,11,405841,occupancy,0,400593,flow,6,0.004520187811183422,0.03678826553186206,0.06368917226551915
103,11,405841,occupancy,2,400331,flow,1,0.00046452407243062596,0.005684827175354969,0.07847544183643602
103,11,405841,occupancy,3,400039,flow,1,0.0006389278037655488,0.007453870138447666,0.07655553157663232
103,11,405841,occupancy,3,400039,flow,4,0.0028768459401980824,0.025736124377005006,0.06684999939949092
103,11,405841,occupancy,4,400316,flow,12,0.00380296771097779,0.03216292190960073,0.06491318798888053
103,11,405841,occupancy,5,400503,flow,7,0.00036324136232746484,0.004605819446007186,0.07992855113412126
103,11,405841,occupancy,6,405843,flow,6,0.0005326330411203015,0.00638804757812244,0.07765659018687901
103,11,405841,occupancy,7,408093,flow,3,5.4785279188153005e-06,0.00011658739216395122,0.10179881190198628
103,11,405841,occupancy,7,408093,flow,4,4.7433290380929674e-06,0.00010204771635737857,0.10247282771536577
103,11,405841,occupancy,7,408093,flow,5,6.232190389817944e-05,0.0010217481018600955,0.08971889501667413
103,11,405841,occupancy,7,408093,flow,9,0.0031346081681884715,0.027523388793849992,0.06625964477589864
103,11,405841,occupancy,8,401448,flow,11,0.0020147815095557797,0.019471713917854516,0.06925412909023822
103,11,405841,occupancy,10,400497,flow,4,0.0005109452902374435,0.006158715551969185,0.07790619472881735
103,11,405841,occupancy,10,400497,flow,5,0.00011355398642068416,0.0017056787946361461,0.08649993592933436
103,11,405841,occupancy,10,400497,flow,6,0.0002545649503155204,0.00340998631120325,0.08198812005655755
103,11,405841,occupancy,10,400497,flow,11,0.0041932759564116216,0.03471627468704141,0.06422344852516591
103,11,405841,occupancy,10,400497,flow,12,0.004668019027239708,0.03767203847875124,0.06345897735068817
103,11,405841,occupancy,11,405841,flow,2,8.487980989448748e-06,0.0001726369014803135,-0.09969967037826619
103,11,405841,occupancy,11,405841,flow,4,0.00019799305144091174,0.0027493731347629016,0.08341643138088752
103,11,405841,occupancy,11,405841,flow,5,0.001229067199248736,0.012912379136076213,0.07247529937893557
103,11,405841,occupancy,11,405841,flow,6,0.0005090855840219177,0.006138012065237746,0.07792805511930093
103,11,405841,occupancy,11,405841,flow,7,3.7975178527065886e-06,8.438928561570197e-05,0.10350494183443763
103,11,405841,occupancy,11,405841,flow,9,0.0012459486160864954,0.013061145405226062,0.07238807291159288
103,11,405841,occupancy,11,405841,flow,11,0.0007782891471736829,0.008802188504102394,0.07534550907634135
103,11,405841,occupancy,12,404520,flow,12,0.0009148419970206483,0.010107856910584584,0.07434119236113737
103,11,405841,occupancy,13,400183,flow,1,0.005294934556001462,0.04142360971011647,0.06255071296776087
103,11,405841,occupancy,13,400183,flow,2,0.00581011442155304,0.044471464034566144,0.061874335790295734
103,11,405841,occupancy,13,400183,flow,9,0.00045773852640709284,0.00561929648786201,0.07856305812878525
103,11,405841,occupancy,13,400183,flow,10,6.810907200562165e-05,0.0011003410286622493,0.0892491837634187
103,11,405841,occupancy,14,401469,flow,2,0.0005691688668789909,0.006741619564573038,0.077256745362285
103,11,405841,occupancy,14,401469,flow,3,0.0027213852630670566,0.024648216041861678,0.0672298278397453
103,11,405841,occupancy,14,401469,flow,4,7.273368217362508e-06,0.000150339477028737,0.10046088232708511
103,11,405841,occupancy,14,401469,flow,8,7.305755246142439e-05,0.0011685329422085893,0.08887657078574639
103,11,405841,occupancy,14,401469,flow,10,0.002528464475263692,0.023294874244272016,0.06772974375751221
103,11,405841,occupancy,14,401469,flow,11,0.0034341675792989557,0.029611983917308363,0.06562674854988174
103,11,405841,occupancy,15,401472,flow,1,1.0970249044807236e-06,2.76174101827315e-05,0.10909774375088008
103,11,405841,occupancy,15,401472,flow,2,4.2514992309338057e-07,1.1668663708789099e-05,0.11318979352613405
103,11,405841,occupancy,15,401472,flow,3,0.003700554000716427,0.0314383348733431,0.06510480317908894
103,11,405841,occupancy,15,401472,flow,5,0.002660133735671117,0.024208505873392093,0.06738494283969275
103,11,405841,occupancy,15,401472,flow,6,6.133352957288364e-05,0.001007455694885389,0.0898032178802797
103,11,405841,occupancy,15,401472,flow,7,0.0006466863158797344,0.007532178173632927,0.07648199765608321
103,11,405841,occupancy,15,401472,flow,12,0.0037038596707171935,0.03146023157195886,0.06509854348777372
103,11,405841,occupancy,16,405838,flow,7,0.004379758071606938,0.0358819549959074,0.06391424297080336
103,11,405841,occupancy,16,405838,flow,9,0.00012719182717731769,0.0018836773856908207,0.08587905520620778
103,11,405841,occupancy,17,400260,flow,2,0.0056138342240420955,0.04333012923713823,0.062125402603026514
103,11,405841,occupancy,17,400260,flow,6,6.329028761869852e-05,0.0010352671053115395,0.08963749574670245
103,11,405841,occupancy,17,400260,flow,11,0.0017543185093578258,0.017355117479940802,0.07016925670753243
103,11,405841,occupancy,18,404528,flow,6,0.00552298844827147,0.042773951410062294,0.062244295021777904
103,11,405841,speed,4,400316,flow,3,0.0014141751280722986,0.014511250720361829,-0.07157383269667081
103,11,405841,speed,5,400503,flow,4,0.0024077821663648223,0.022412451968748186,0.06806050321957409
103,11,405841,speed,7,408093,flow,4,0.0004896457516529215,0.005938432473724371,-0.07816112859690356
103,11,405841,speed,7,408093,flow,5,0.0006140133347458502,0.007211902137308518,-0.07679741151954543
103,11,405841,speed,11,405841,flow,9,0.004367734340543154,0.03580381850312415,-0.06393381625570543
103,12,404520,flow,1,400125,flow,1,3.8139240901401687e-07,1.0541364087911405e-05,0.11364965056435453
103,12,404520,flow,1,400125,flow,2,2.558450481240653e-06,5.916759142912003e-05,0.10531430826247841
103,12,404520,flow,1,400125,flow,3,9.07237354899804e-06,0.00018297223964365794,0.0994056827921009
103,12,404520,flow,1,400125,flow,4,0.0002213493465045098,0.003021261222431224,0.08278544777030476
103,12,404520,flow,1,400125,flow,5,0.004900710115025368,0.03900344085650256,0.06310966946122351
103,12,404520,flow,1,400125,flow,6,0.006447698550023214,0.0481570846059825,0.06110839034935388
103,12,404520,flow,1,400125,flow,7,0.0035357930238871936,0.03035497985531136,0.06542342350893779
103,12,404520,flow,1,400125,flow,12,0.00047917523442904956,0.0058310901767140684,0.07829026205319105
103,12,404520,flow,3,400039,flow,1,2.8008503467197204e-23,3.865710382693033e-21,0.22042712922533547
103,12,404520,flow,3,400039,flow,2,1.4823012536095975e-12,8.676885386983009e-11,0.15788643837502153
103,12,404520,flow,3,400039,flow,3,8.870530557913161e-07,2.2688390769795652e-05,0.11002752150502401
103,12,404520,flow,3,400039,flow,4,0.00016981330585028078,0.002410757414634285,0.08427820002445831
103,12,404520,flow,3,400039,flow,5,2.0845971309412137e-05,0.000384028128173392,0.09533608061708683
103,12,404520,flow,3,400039,flow,6,1.126683577922442e-06,2.8216075690579413e-05,0.10898046190178984
103,12,404520,flow,3,400039,flow,8,0.00022222765036328203,0.0030313339108600517,-0.08276295955877605
103,12,404520,flow,3,400039,flow,9,6.870075246238417e-06,0.000143098963663211,-0.10073154733416978
103,12,404520,flow,3,400039,flow,11,0.002010956789087994,0.019443449706490902,0.06926676120498071
103,12,404520,flow,3,400039,flow,12,1.6547017483397257e-10,7.678100486388415e-09,0.14275101541531537
103,12,404520,flow,4,400316,flow,1,0.0,0.0,0.7938810440939401
103,12,404520,flow,4,400316,flow,2,0.0006633974647593063,0.007691564808803551,-0.07630718030949715
103,12,404520,flow,4,400316,flow,3,1.7199306493406596e-12,1.0040676223177904e-10,-0.15743156287059545
103,12,404520,flow,4,400316,flow,4,1.9808734805329314e-06,4.7254245358396806e-05,-0.10647094871768832
103,12,404520,flow,4,400316,flow,8,3.0196370587978065e-08,1.0127975228265934e-06,-0.12388822535906226
103,12,404520,flow,4,400316,flow,11,0.0007543248578936268,0.00857904173084363,0.07551947219044851
103,12,404520,flow,4,400316,flow,12,5.734374336233466e-12,3.147712469190416e-10,0.1536591278230714
103,12,404520,flow,5,400503,flow,1,2.4777360245159963e-07,7.065227475847593e-06,0.11545841465710412
103,12,404520,flow,5,400503,flow,2,4.603982953946853e-11,2.315390728876648e-09,0.14701225136998725
103,12,404520,flow,5,400503,flow,3,8.893728098364548e-06,0.0001796208760399011,0.09950106269249583
103,12,404520,flow,5,400503,flow,4,0.003758731909047742,0.03185116093975333,0.0649953706567209
103,12,404520,flow,5,400503,flow,6,0.00043899256729722994,0.005435505562407662,0.07881155849224178
103,12,404520,flow,5,400503,flow,7,0.000927806350116433,0.010224804674752527,0.07425320207290254
103,12,404520,flow,5,400503,flow,12,4.418277595297801e-06,9.64474947533426e-05,0.1028033492632861
103,12,404520,flow,6,405843,flow,1,1.7062485624091602e-09,6.947213750808268e-08,0.13463370020589982
103,12,404520,flow,6,405843,flow,2,9.61910524989808e-07,2.4458231123931556e-05,0.10967384682966964
103,12,404520,flow,6,405843,flow,7,0.0016631228013204765,0.016604322860421676,0.07051940722060075
103,12,404520,flow,6,405843,flow,9,0.002567243107181901,0.02359176818342015,-0.06762652214181647
103,12,404520,flow,6,405843,flow,12,1.3359504817832183e-05,0.0002588029632871526,0.09753231498185744
103,12,404520,flow,7,408093,flow,1,7.62255848079539e-05,0.001211978381929926,0.08865035395067834
103,12,404520,flow,7,408093,flow,5,3.396762496821758e-07,9.46100192538362e-06,0.11413812766365797
103,12,404520,flow,7,408093,flow,12,0.0015470672655836033,0.015648163398082806,0.07099147435090777
103,12,404520,flow,8,401448,flow,2,6.797096698767541e-05,0.0010993432324476143,0.08925994591126518
103,12,404520,flow,8,401448,flow,7,0.005024804965302725,0.03973486628245977,0.0629294691953392
103,12,404520,flow,9,402391,flow,1,1.2479562672648892e-15,9.94681010070908e-14,0.17818043938981165
103,12,404520,flow,9,402391,flow,2,1.1098167897211924e-13,7.23138541718786e-12,0.16561212508360093
103,12,404520,flow,9,402391,flow,3,3.4373077328481714e-08,1.1448858447111874e-06,0.12341470481756657
103,12,404520,flow,9,402391,flow,4,3.14891890192517e-05,0.0005575135105047842,0.0932571420601311
103,12,404520,flow,9,402391,flow,5,1.1890594548567205e-06,2.9573988997489254e-05,0.10874319567005818
103,12,404520,flow,9,402391,flow,6,0.0005469267570411059,0.006537696708405028,0.07749720732776905
103,12,404520,flow,9,402391,flow,7,0.0005906287421467196,0.0069691926309814805,0.07703288945284671
103,12,404520,flow,9,402391,flow,11,7.306035826169907e-05,0.0011685329422085893,0.08887636636369066
103,12,404520,flow,9,402391,flow,12,5.89724607164057e-13,3.588183525279896e-11,0.16067698497713587
103,12,404520,flow,10,400497,flow,1,5.2497310754304075e-25,8.01372376178776e-23,0.22882232844226916
103,12,404520,flow,10,400497,flow,4,0.004421992313837788,0.03615939200412501,0.06384587392521224
103,12,404520,flow,10,400497,flow,5,3.009076593126178e-16,2.5290293545340638e-14,0.18197726187844399
103,12,404520,flow,10,400497,flow,6,8.702001555528078e-11,4.1676991928914966e-09,0.14490732202835319
103,12,404520,flow,10,400497,flow,8,5.717244277462415e-12,3.1423021982999537e-10,-0.1537067871110886
103,12,404520,flow,10,400497,flow,9,1.2589034879792843e-21,1.594857204712759e-19,-0.21205620390206142
103,12,404520,flow,10,400497,flow,11,1.6711318594046576e-15,1.310215904288225e-13,0.17739062044706608
103,12,404520,flow,10,400497,flow,12,5.958591843447112e-51,1.8127547016684173e-48,0.3277581009801725
103,12,404520,flow,11,405841,flow,12,9.395336529258795e-09,3.3571425811743584e-07,0.1283784473118649
103,12,404520,flow,12,404520,flow,1,0.0,0.0,0.8316971726889572
103,12,404520,flow,12,404520,flow,2,3.1459841966323913e-06,7.111801009655641e-05,-0.10431864573876697
103,12,404520,flow,12,404520,flow,3,8.363203602565279e-19,8.7268211505029e-17,-0.19682956988957873
103,12,404520,flow,12,404520,flow,4,1.574932991947831e-09,6.46740544221923e-08,-0.1348866436638088
103,12,404520,flow,12,404520,flow,8,0.00128122357652946,0.013381455290285088,-0.0722092724380051
103,12,404520,flow,12,404520,flow,10,2.9228477915409e-06,6.63167145979868e-05,0.10470758244740501
103,12,404520,flow,12,404520,flow,11,1.194919608189711e-17,1.144579314274845e-15,0.19029668414407314
103,12,404520,flow,12,404520,flow,12,7.360463425002067e-29,1.3304268617576957e-26,0.24643157570658486
103,12,404520,flow,13,400183,flow,8,0.005624189567388541,0.04337111555001517,0.062111960608461934
103,12,404520,flow,14,401469,flow,1,0.0008604292612336446,0.009594874570287416,0.07472356102791702
103,12,404520,flow,14,401469,flow,2,0.0005907681345984764,0.0069691926309814805,0.07703146029201596
103,12,404520,flow,14,401469,flow,7,0.00019598573660316765,0.0027241260686154574,0.08347387700232753
103,12,404520,flow,15,401472,flow,1,2.8974075700102946e-15,2.2271887370897639e-13,0.17589208415591276
103,12,404520,flow,15,401472,flow,2,1.2181536450941476e-31,2.3920107940030535e-29,0.258319392641418
103,12,404520,flow,15,401472,flow,3,9.996378669427208e-19,1.0257566710671148e-16,0.19644401211901508
103,12,404520,flow,15,401472,flow,4,2.594770986843295e-05,0.00046842501726548414,0.09423799681606454
103,12,404520,flow,15,401472,flow,5,0.004559092222436723,0.03703512298030584,0.06362793922921142
103,12,404520,flow,15,401472,flow,6,0.0009447757355436581,0.010382679159370653,0.0741397336771557
103,12,404520,flow,15,401472,flow,7,5.8647135731097624e-09,2.184100227227084e-07,0.13013601826158594
103,12,404520,flow,15,401472,flow,9,9.308105076256454e-08,2.911731638626204e-06,-0.11946615621151296
103,12,404520,flow,15,401472,flow,10,1.251927875893015e-25,1.9738424904590602e-23,-0.23176730241833485
103,12,404520,flow,15,401472,flow,11,1.4553268346915139e-08,5.082467199569394e-07,-0.12672501987153334
103,12,404520,flow,16,405838,flow,1,0.0017395516328832846,0.0172319721487177,0.0702248027389723
103,12,404520,flow,16,405838,flow,2,0.004495396642535466,0.036627901727184484,0.06372844131067647
103,12,404520,flow,16,405838,flow,6,2.622810133912663e-05,0.0004728939807388441,0.09418378023209818
103,12,404520,flow,16,405838,flow,7,2.0853810416326377e-07,6.04215030171227e-06,0.11617378657758795
103,12,404520,flow,16,405838,flow,8,1.3268400427920128e-05,0.00025760826728449054,0.09756573167061855
103,12,404520,flow,16,405838,flow,9,0.0009921095294097102,0.010795751050503647,0.07383291962694967
103,12,404520,flow,17,400260,flow,2,1.725795216817554e-08,5.97209485468599e-07,0.12607522691608566
103,12,404520,flow,17,400260,flow,4,2.562312225292482e-07,7.287155242438132e-06,0.11531863577155498
103,12,404520,flow,17,400260,flow,5,1.3618716458532766e-05,0.0002632342510105662,0.09743841215057639
103,12,404520,flow,17,400260,flow,6,9.872550414764696e-08,3.0705124400132094e-06,0.11922883938627962
103,12,404520,flow,17,400260,flow,7,3.6203586788890055e-06,8.078486308264723e-05,0.10372539742048151
103,12,404520,flow,17,400260,flow,9,0.003359904460249636,0.029075520632290592,-0.06577881942011551
103,12,404520,flow,17,400260,flow,11,0.002785534609727579,0.025106425024041604,-0.06707075475893336
103,12,404520,flow,18,404528,flow,1,2.0848261210374022e-19,2.2686269125646293e-17,0.20022548690099454
103,12,404520,flow,18,404528,flow,2,1.6603374696606983e-12,9.705896980966464e-11,0.15753956222663856
103,12,404520,flow,18,404528,flow,3,1.026127237025825e-12,6.105881079823091e-11,0.15900597472686573
103,12,404520,flow,18,404528,flow,4,0.00600847223432026,0.04560991047665353,0.06162825776915513
103,12,404520,flow,18,404528,flow,5,0.0046327215736214206,0.03745101625255609,0.06351333470557123
103,12,404520,flow,18,404528,flow,12,3.1630726395871406e-07,8.867276964968492e-06,0.11443771341300063
103,12,404520,flow,19,401795,flow,2,0.00030318504181527594,0.003960566618209834,0.08098141305107098
103,12,404520,flow,19,401795,flow,4,3.94742551284234e-06,8.709335145801281e-05,0.10332596144144522
103,12,404520,flow,19,401795,flow,5,0.006166462165065571,0.04658272395454351,0.06143743787294904
103,12,404520,flow,19,401795,flow,6,6.595735744098267e-07,1.72793077104333e-05,0.11131191136392542
103,12,404520,flow,19,401795,flow,7,0.001035419242992115,0.011199326814536647,0.07356383164469942
103,12,404520,flow,19,401795,flow,9,0.0061678977087960395,0.04658272395454351,-0.06143572429034981
103,12,404520,occupancy,1,400125,flow,2,0.00656959104904648,0.04879751260639752,-0.06096976926473491
103,12,404520,occupancy,1,400125,flow,3,0.00016283512393377157,0.00232587040496877,-0.08451234167207798
103,12,404520,occupancy,1,400125,flow,4,7.203821807490221e-07,1.8679778036229144e-05,-0.11093113604806727
103,12,404520,occupancy,1,400125,flow,5,2.696139305019138e-06,6.188800105038617e-05,-0.1050758575306884
103,12,404520,occupancy,1,400125,flow,6,3.037404353974315e-07,8.531590903230845e-06,-0.11460777010061182
103,12,404520,occupancy,1,400125,flow,7,4.593108676278905e-07,1.2495106726401052e-05,-0.1128614803155615
103,12,404520,occupancy,1,400125,flow,8,7.253228506068816e-11,3.5285976516010458e-09,-0.14551254217792314
103,12,404520,occupancy,1,400125,flow,9,6.778066594294015e-10,2.907770376102298e-08,-0.13790213030420678
103,12,404520,occupancy,1,400125,flow,10,1.3829471849940299e-11,7.312523670959865e-10,-0.1509084958698135
103,12,404520,occupancy,1,400125,flow,11,1.201109896238952e-06,2.982433432110111e-05,-0.10869874091083429
103,12,404520,occupancy,1,400125,flow,12,0.0003222874635766054,0.004167260828048295,-0.08062683414451914
103,12,404520,occupancy,3,400039,flow,3,8.985790702224308e-05,0.0013938461699680076,-0.08776850854425423
103,12,404520,occupancy,3,400039,flow,4,2.535219591621262e-06,5.870777712403268e-05,-0.10535574929592734
103,12,404520,occupancy,3,400039,flow,5,2.2143361948343219e-07,6.360327368141137e-06,-0.11592528602626938
103,12,404520,occupancy,3,400039,flow,6,1.2019482882647462e-06,2.982433432110111e-05,-0.10869566400918716
103,12,404520,occupancy,3,400039,flow,7,5.081725367476513e-08,1.6493654085273129e-06,-0.12187988991957026
103,12,404520,occupancy,3,400039,flow,8,5.115775544201289e-09,1.9267785833434674e-07,-0.1306412213289698
103,12,404520,occupancy,3,400039,flow,9,5.172405813126386e-09,1.9430254880613903e-07,-0.13060058431229393
103,12,404520,occupancy,3,400039,flow,10,4.920012715424235e-07,1.3259173381555017e-05,-0.11256863711568796
103,12,404520,occupancy,3,400039,flow,11,4.567759395606274e-05,0.00077718474159193,-0.0913449357952179
103,12,404520,occupancy,4,400316,flow,1,2.2966875447220634e-08,7.843233354307759e-07,0.12497841521101605
103,12,404520,occupancy,4,400316,flow,2,0.0015347597058243208,0.015535187181304493,0.07104343193189892
103,12,404520,occupancy,4,400316,flow,4,0.004442693643101298,0.03628613577479246,0.06381257819421922
103,12,404520,occupancy,4,400316,flow,5,0.0012998864510019189,0.013550939836699541,0.07211650362107704
103,12,404520,occupancy,4,400316,flow,6,0.0003162904458695997,0.0041007644842637175,0.08073598431604875
103,12,404520,occupancy,4,400316,flow,7,0.0001497867859502114,0.002172134660305181,0.08497666401074984
103,12,404520,occupancy,4,400316,flow,8,9.490599265760722e-05,0.0014569789917585757,0.08747376344370687
103,12,404520,occupancy,4,400316,flow,9,3.427422022856149e-05,0.0006028690203069448,0.09282466276463298
103,12,404520,occupancy,4,400316,flow,10,1.1246465181797319e-06,2.818139767132507e-05,0.1089884217251802
103,12,404520,occupancy,4,400316,flow,11,1.5944126310180286e-07,4.746976268778693e-06,0.11727936616965029
103,12,404520,occupancy,4,400316,flow,12,9.463485898659209e-05,0.0014546674755516167,0.08748921395382027
103,12,404520,occupancy,5,400503,flow,5,0.002150443664544873,0.020507542231421306,-0.06881970990522537
103,12,404520,occupancy,5,400503,flow,6,0.0016429642567505323,0.016444869298337116,-0.07059918421080161
103,12,404520,occupancy,5,400503,flow,7,4.385279467574269e-05,0.0007487908023684128,-0.09155632349927495
103,12,404520,occupancy,5,400503,flow,8,2.3537142729150583e-05,0.00042848907117543414,-0.09472852049932416
103,12,404520,occupancy,5,400503,flow,9,1.2868974667581342e-07,3.920590307753977e-06,-0.11815466228048525
103,12,404520,occupancy,5,400503,flow,10,4.857736684322364e-07,1.3107696737209626e-05,-0.11262294907872222
103,12,404520,occupancy,5,400503,flow,11,2.0508138346678024e-06,4.8678658053653334e-05,-0.10631479124957138
103,12,404520,occupancy,5,400503,flow,12,0.00018601401115204662,0.0026056437359819763,-0.08376770310964676
103,12,404520,occupancy,6,405843,flow,3,5.163512660921919e-05,0.0008652589098208956,-0.09070655628393384
103,12,404520,occupancy,6,405843,flow,4,1.1606817636785204e-06,2.8983498376249757e-05,-0.10884961768079328
103,12,404520,occupancy,6,405843,flow,5,6.068639364184997e-07,1.5966213187137142e-05,-0.11167039162103938
103,12,404520,occupancy,6,405843,flow,6,1.2289640133568317e-05,0.00024055842943821988,-0.0979392187078434
103,12,404520,occupancy,6,405843,flow,7,2.3386823559388894e-07,6.681949588396827e-06,-0.11569856242079933
103,12,404520,occupancy,6,405843,flow,8,3.358870738056561e-07,9.361497798970545e-06,-0.11418532686859897
103,12,404520,occupancy,6,405843,flow,9,1.646763687576326e-10,7.649482935838417e-09,-0.14276727125928784
103,12,404520,occupancy,6,405843,flow,10,8.913960508450479e-09,3.198364567816119e-07,-0.1285757685839872
103,12,404520,occupancy,6,405843,flow,11,1.0018225022214898e-05,0.00019971726855546083,-0.09892877327837615
103,12,404520,occupancy,6,405843,flow,12,0.00028718735362302924,0.003780162607103858,-0.0812948324092225
103,12,404520,occupancy,7,408093,flow,1,1.4650637505383381e-13,9.446381197500926e-12,-0.16480205687072888
103,12,404520,occupancy,7,408093,flow,2,9.290532330761713e-14,6.090303439892352e-12,-0.1661286052537013
103,12,404520,occupancy,7,408093,flow,3,1.4891091030238433e-15,1.1781962133815025e-13,-0.17770299416266502
103,12,404520,occupancy,7,408093,flow,4,8.810370223303456e-16,7.140862920200924e-14,-0.17911747505133352
103,12,404520,occupancy,7,408093,flow,5,4.355777892910482e-14,2.9309907316780813e-12,-0.16831101554183384
103,12,404520,occupancy,7,408093,flow,6,1.1050994338851093e-16,9.782847447507525e-15,-0.18460231018349743
103,12,404520,occupancy,7,408093,flow,7,5.148514362270898e-22,6.615365572427464e-20,-0.21405469258167634
103,12,404520,occupancy,7,408093,flow,8,8.366455437653617e-23,1.1259528813290848e-20,-0.21805546541200088
103,12,404520,occupancy,7,408093,flow,9,3.3130258904398195e-20,3.7663873280789525e-18,-0.20456846717950217
103,12,404520,occupancy,7,408093,flow,10,2.0233414493939514e-16,1.755187763329693e-14,-0.18302202305365273
103,12,404520,occupancy,7,408093,flow,11,4.2586976155183874e-16,3.524439405946252e-14,-0.18105779809608727
103,12,404520,occupancy,7,408093,flow,12,7.26498338977785e-15,5.346631728081825e-13,-0.173359060246006
103,12,404520,occupancy,8,401448,flow,10,0.0023566858416580244,0.022057099132116332,-0.06820513534873834
103,12,404520,occupancy,9,402391,flow,1,3.377729049707364e-12,1.9149330045585057e-10,0.1553498444780225
103,12,404520,occupancy,9,402391,flow,2,4.2652355916299813e-07,1.1691508728325837e-05,0.11317610866125193
103,12,404520,occupancy,9,402391,flow,3,0.00014773408589046882,0.002145247902678404,0.08505315151656188
103,12,404520,occupancy,9,402391,flow,4,0.004271698244304627,0.03523722821347334,0.06409192817019484
103,12,404520,occupancy,9,402391,flow,12,0.0009627156354033972,0.010542285285025793,0.0740218091022867
103,12,404520,occupancy,10,400497,flow,1,8.473677538175553e-06,0.00017242716422476867,0.09973274183555451
103,12,404520,occupancy,10,400497,flow,7,0.0007791566861038787,0.008802188504102394,-0.07533862814966108
103,12,404520,occupancy,10,400497,flow,8,4.517412521649871e-06,9.791882635989686e-05,-0.10270014438210603
103,12,404520,occupancy,10,400497,flow,9,1.5567018982092193e-05,0.0002958623933244095,-0.09678269344487829
103,12,404520,occupancy,10,400497,flow,10,0.0005633283734767361,0.006691170122132252,-0.07731902918730071
103,12,404520,occupancy,10,400497,flow,11,0.00016892857969400785,0.002399774627682058,-0.08430737949852592
103,12,404520,occupancy,10,400497,flow,12,1.7311446292557823e-09,7.035319659816538e-08,-0.13458179009592772
103,12,404520,occupancy,11,405841,flow,1,0.00020664440315403579,0.0028466320842647787,-0.08317494168554675
103,12,404520,occupancy,11,405841,flow,2,7.368481110840815e-05,0.001176777759661084,-0.08883105419426565
103,12,404520,occupancy,11,405841,flow,3,2.594369152374818e-06,5.9902056324207454e-05,-0.10525093886298935
103,12,404520,occupancy,11,405841,flow,4,7.360587574690592e-06,0.0001519242155884537,-0.1004042363326218
103,12,404520,occupancy,11,405841,flow,5,0.000336438961763953,0.004321785057449529,-0.08037661341061403
103,12,404520,occupancy,11,405841,flow,6,0.0002808642591649182,0.0037105003045640565,-0.08142323876518898
103,12,404520,occupancy,11,405841,flow,7,4.649262623269392e-06,0.00010017363856620335,-0.10256619052610746
103,12,404520,occupancy,11,405841,flow,8,9.32274721377431e-06,0.00018732217657444196,-0.09927498143088156
103,12,404520,occupancy,11,405841,flow,9,4.086135917537013e-07,1.1243380359082735e-05,-0.11335796804577505
103,12,404520,occupancy,11,405841,flow,10,7.814759661345371e-06,0.00016015067237671728,-0.10011925366964093
103,12,404520,occupancy,11,405841,flow,11,2.889931905331907e-06,6.574252675636565e-05,-0.10475931617205834
103,12,404520,occupancy,11,405841,flow,12,2.0568120342320385e-06,4.874069110193311e-05,-0.10630163789386007
103,12,404520,occupancy,13,400183,flow,1,3.1416634851389104e-06,7.105751966387483e-05,-0.10437723666644434
103,12,404520,occupancy,13,400183,flow,2,4.464847276868684e-06,9.716947222202879e-05,-0.10275459452600355
103,12,404520,occupancy,13,400183,flow,3,3.827571813021352e-06,8.492609261557391e-05,-0.10346852332818705
103,12,404520,occupancy,13,400183,flow,4,1.5873655246937813e-06,3.8546481543997385e-05,-0.10746253286752584
103,12,404520,occupancy,13,400183,flow,5,1.9762441515911506e-06,4.719389018725136e-05,-0.10648147063234663
103,12,404520,occupancy,13,400183,flow,6,1.7524982657327988e-06,4.2200627134702854e-05,-0.10702049408727739
103,12,404520,occupancy,13,400183,flow,7,7.907455150205888e-09,2.8730198695449484e-07,-0.1290241680650497
103,12,404520,occupancy,13,400183,flow,8,7.72171204334696e-09,2.817381421221188e-07,-0.12911294549818206
103,12,404520,occupancy,13,400183,flow,9,3.706941768329545e-07,1.0271961795499445e-05,-0.11376981601890093
103,12,404520,occupancy,13,400183,flow,10,8.301515088985468e-07,2.1296048209273884e-05,-0.11031613098411691
103,12,404520,occupancy,13,400183,flow,11,1.5861005553826054e-07,4.728746997413978e-06,-0.11730079301658351
103,12,404520,occupancy,13,400183,flow,12,4.938902861770016e-08,1.6078417756478122e-06,-0.12199243785704816
103,12,404520,occupancy,14,401469,flow,7,0.00030133491802099716,0.003943553001668306,-0.08101685755414632
103,12,404520,occupancy,14,401469,flow,8,7.013673450753351e-05,0.0011276170192502596,-0.08909350468532101
103,12,404520,occupancy,14,401469,flow,9,4.784184818127067e-06,0.00010277313980263019,-0.10243282834624033
103,12,404520,occupancy,14,401469,flow,10,3.0601273300092394e-09,1.1985267511912888e-07,-0.13252443085381385
103,12,404520,occupancy,14,401469,flow,11,1.1006234798398606e-09,4.607261078399417e-08,-0.1361955466615802
103,12,404520,occupancy,14,401469,flow,12,8.356587335021135e-10,3.546213878908772e-08,-0.13716768638558166
103,12,404520,occupancy,15,401472,flow,3,4.979122008645562e-10,2.192640884541165e-08,-0.13897714132103073
103,12,404520,occupancy,15,401472,flow,4,1.4948907525323257e-15,1.1784540238940962e-13,-0.1776925069658879
103,12,404520,occupancy,15,401472,flow,5,5.175911026575192e-22,6.615365572427464e-20,-0.21404288939118624
103,12,404520,occupancy,15,401472,flow,6,5.881274028234709e-21,7.152544008161293e-19,-0.20856238081908088
103,12,404520,occupancy,15,401472,flow,7,4.911537986887688e-25,7.524058192679011e-23,-0.22896004826294128
103,12,404520,occupancy,15,401472,flow,8,1.3351818436590432e-25,2.0898498422489372e-23,-0.23163591249100599
103,12,404520,occupancy,15,401472,flow,9,9.779757024860734e-37,2.2472633163509773e-34,-0.27862595712356963
103,12,404520,occupancy,15,401472,flow,10,5.364235476758494e-36,1.1945101680204482e-33,-0.27578602895813603
103,12,404520,occupancy,15,401472,flow,11,3.2285933264022495e-31,6.171470429229079e-29,-0.2565498608752992
103,12,404520,occupancy,15,401472,flow,12,4.217331637637923e-15,3.1906957398591643e-13,-0.17486227032601465
103,12,404520,occupancy,16,405838,flow,1,2.4591321477104746e-15,1.9004384397333186e-13,0.17634006378310635
103,12,404520,occupancy,16,405838,flow,2,1.5489856408729568e-10,7.226369296513146e-09,0.1429740315071624
103,12,404520,occupancy,16,405838,flow,3,3.942860935722642e-06,8.708159121841418e-05,0.10333131444783224
103,12,404520,occupancy,16,405838,flow,8,0.0026419159091817124,0.024078220944440922,-0.06743170761893132
103,12,404520,occupancy,16,405838,flow,9,2.2516160822848876e-05,0.0004119856618157863,-0.09495084102443041
103,12,404520,occupancy,16,405838,flow,10,4.319800382635175e-07,1.1803629129022111e-05,-0.11312216476771574
103,12,404520,occupancy,16,405838,flow,11,1.5150492837888078e-07,4.545147851366424e-06,-0.11748850694542635
103,12,404520,occupancy,16,405838,flow,12,2.0015223620143187e-08,6.889702473228571e-07,-0.1255075322713181
103,12,404520,occupancy,17,400260,flow,4,0.0033413535794471036,0.028932947410726575,-0.06581728377724921
103,12,404520,occupancy,17,400260,flow,5,0.0004617648336292705,0.005654263268929843,-0.07851092477417762
103,12,404520,occupancy,17,400260,flow,6,1.3648737372881688e-05,0.0002635786564633388,-0.0974276469688345
103,12,404520,occupancy,17,400260,flow,7,2.207495757894171e-07,6.349122286353408e-06,-0.11593811244202198
103,12,404520,occupancy,17,400260,flow,8,4.2654147075039976e-11,2.150127367143205e-09,-0.14726277429968831
103,12,404520,occupancy,17,400260,flow,9,3.4198708517511605e-12,1.93374896329385e-10,-0.155311336301497
103,12,404520,occupancy,17,400260,flow,10,6.645045394151519e-16,5.447171936002762e-14,-0.17987288691372044
103,12,404520,occupancy,17,400260,flow,11,1.4771596010871616e-12,8.658520321162196e-11,-0.15789705256793143
103,12,404520,occupancy,17,400260,flow,12,6.991263295989435e-09,2.5660371655628173e-07,-0.1294834507227549
103,12,404520,occupancy,18,404528,flow,3,0.0005968161916304393,0.0070309406813294185,-0.07696975094986372
103,12,404520,occupancy,18,404528,flow,4,3.1407345946862336e-05,0.000556292474335569,-0.09327039321398388
103,12,404520,occupancy,18,404528,flow,5,8.06993142093052e-05,0.0012723395524970747,-0.08834558678299821
103,12,404520,occupancy,18,404528,flow,6,0.00017915120623008767,0.0025291934997188847,-0.08397864520987118
103,12,404520,occupancy,18,404528,flow,7,0.0004451377372897648,0.005498984915904444,-0.07872902421322377
103,12,404520,occupancy,18,404528,flow,8,0.00028512111449818345,0.003755253703146806,-0.08133649893142521
103,12,404520,occupancy,18,404528,flow,9,1.869951159290415e-05,0.0003480477814793017,-0.09587677737774629
103,12,404520,occupancy,18,404528,flow,10,0.00036621306479928654,0.004635336770972511,-0.0798807908627578
103,12,404520,occupancy,19,401795,flow,1,1.3746077203301907e-07,4.146861279208397e-06,-0.11788599046019295
103,12,404520,occupancy,19,401795,flow,2,1.7280367056383073e-08,5.97209485468599e-07,-0.126070266418882
103,12,404520,occupancy,19,401795,flow,3,4.4633350333692313e-10,1.9960256049849977e-08,-0.1393563115800574
103,12,404520,occupancy,19,401795,flow,4,3.2269900165906466e-12,1.8342890620620517e-10,-0.15549154842160218
103,12,404520,occupancy,19,401795,flow,5,4.0815175950413725e-13,2.5188794300826755e-11,-0.16177753313294294
103,12,404520,occupancy,19,401795,flow,6,5.222005677376456e-17,4.779462823361502e-15,-0.18654162914856187
103,12,404520,occupancy,19,401795,flow,7,4.794732128356907e-17,4.435383896038938e-15,-0.18676113188299623
103,12,404520,occupancy,19,401795,flow,8,1.6174238408809282e-23,2.2759840366793516e-21,-0.22160681421677386
103,12,404520,occupancy,19,401795,flow,9,8.397232620945387e-25,1.2639736906788873e-22,-0.2278482674924784
103,12,404520,occupancy,19,401795,flow,10,2.3610205918582832e-24,3.4574945616365367e-22,-0.225688385125903
103,12,404520,occupancy,19,401795,flow,11,7.687076501097664e-21,9.224491801317198e-19,-0.20794909075082432
103,12,404520,occupancy,19,401795,flow,12,3.304501443785031e-17,3.0832497272465084e-15,-0.1877151474220355
103,12,404520,speed,1,400125,flow,1,0.0024789822611996294,0.02292700357178848,-0.0678635782186119
103,12,404520,speed,3,400039,flow,6,0.0009347710247056626,0.010283195382552743,0.07420640112627033
103,12,404520,speed,3,400039,flow,12,0.00554082937542404,0.04289674355166998,-0.06222080765184141
103,12,404520,speed,4,400316,flow,3,0.004714493969435889,0.03792842069478327,0.0633879712361433
103,12,404520,speed,4,400316,flow,10,0.0030541338209097908,0.026986823698773362,-0.06643904992610722
103,12,404520,speed,4,400316,flow,11,1.8607288528066453e-07,5.458061248090209e-06,-0.11664445460946678
103,12,404520,speed,8,401448,flow,2,0.006420468120962072,0.048020121680325746,-0.061139679547769
103,12,404520,speed,9,402391,flow,5,0.0025361158256326476,0.02335042703907297,0.06770926322971303
103,12,404520,speed,9,402391,flow,6,0.00161610834810875,0.01622116185834061,0.07070687584121511
103,12,404520,speed,10,400497,flow,3,0.0026014110180969906,0.02379944006391148,0.06753674743064533
103,12,404520,speed,10,400497,flow,10,0.0016058259823861084,0.01614045659355046,-0.07074854409387016
103,12,404520,speed,10,400497,flow,11,0.0038868425676644304,0.032712175905533485,-0.06475971779363615
103,12,404520,speed,11,405841,flow,3,0.0002291845307415563,0.0031114933149073635,0.08258772381114479
103,12,404520,speed,12,404520,flow,1,0.004714713405809865,0.03792842069478327,0.06338763747779701
103,12,404520,speed,12,404520,flow,3,3.5229169565709594e-06,7.877329840779785e-05,0.10385110004096242
103,12,404520,speed,12,404520,flow,11,9.53539722682718e-05,0.0014628166200246241,-0.087448326421465
103,12,404520,speed,14,401469,flow,2,0.005913726676349093,0.045050273515572434,-0.06174486925768198
103,12,404520,speed,14,401469,flow,10,7.97255890958993e-05,0.0012608150983596852,-0.08841053717223032
103,12,404520,speed,14,401469,flow,11,0.000476947048445025,0.005808884266373014,-0.07831808146227932
103,12,404520,speed,14,401469,flow,12,3.609913503931633e-05,0.0006331638788869125,-0.09255901803233606
103,12,404520,speed,15,401472,flow,1,0.003855912374039975,0.032527907549019124,-0.06481595927328546
103,12,404520,speed,15,401472,flow,12,0.00015792095439213984,0.0022650017363016074,-0.08468295936603791
103,12,404520,speed,16,405838,flow,1,0.00021954681490619774,0.002999501076517313,-0.08283186341682115
103,12,404520,speed,16,405838,flow,2,0.000841806078145376,0.009411496525848925,-0.07485959056940131
103,12,404520,speed,16,405838,flow,3,0.0004456516399819628,0.00550061452777737,-0.07872217034610236
103,12,404520,speed,16,405838,flow,5,0.00010438194282302133,0.001584434269133704,-0.08695837286376452
103,12,404520,speed,16,405838,flow,6,6.897372993848919e-05,0.0011126456808598704,-0.08918226863828148
103,12,404520,speed,17,400260,flow,1,2.596535180743487e-05,0.0004685477017882984,-0.09423456918943031
103,12,404520,speed,17,400260,flow,2,2.7544504885880668e-05,0.0004935285209743993,-0.09393638444683514
103,12,404520,speed,17,400260,flow,3,0.0009756014028259185,0.01065099332880457,-0.07393835542371695
103,12,404520,speed,17,400260,flow,8,0.004754391552371127,0.03814717075495381,-0.0633275175458914
103,12,404520,speed,18,404528,flow,6,0.00314812207864914,0.02760837876525433,-0.06622992989486712
103,13,400183,flow,0,400593,flow,6,5.577050498524423e-05,0.0009248697947648948,0.09030324913934037
103,13,400183,flow,0,400593,flow,7,0.0009959268249264523,0.010829106175892963,0.07380877011730587
103,13,400183,flow,4,400316,flow,4,0.004792082593858072,0.03837219055693581,0.06327082724182986
103,13,400183,flow,5,400503,flow,4,0.0016293026878143545,0.016337539354058423,0.07065376283666225
103,13,400183,flow,5,400503,flow,8,0.00017976321329434076,0.0025366491691408495,0.0839595283574863
103,13,400183,flow,6,405843,flow,11,0.0005037156711012048,0.006081754329673575,0.07799159722536789
103,13,400183,flow,7,408093,flow,4,0.003821978305567036,0.03227946486813215,0.06487813591087702
103,13,400183,flow,7,408093,flow,6,0.0005413523179096757,0.006480027745552229,0.07755889889305187
103,13,400183,flow,7,408093,flow,7,0.0006069096855074762,0.007134285282700129,0.07686804901782104
103,13,400183,flow,7,408093,flow,8,0.0025402948669166247,0.023378938698508347,0.06769810093674586
103,13,400183,flow,7,408093,flow,12,0.004347978882471519,0.035689281345766606,0.0639660821526827
103,13,400183,flow,8,401448,flow,6,0.004409238754809228,0.036061929990109556,0.06386645691110748
103,13,400183,flow,8,401448,flow,12,0.006109032988339549,0.046251353854936644,0.06150628621175728
103,13,400183,flow,10,400497,flow,2,0.0007594376508491748,0.00862894659218737,0.0754968152668718
103,13,400183,flow,10,400497,flow,7,0.0037564486832541025,0.03184342314101749,0.06499963630198584
103,13,400183,flow,11,405841,flow,4,6.741988600292779e-06,0.00014056655768950196,0.10082069554262761
103,13,400183,flow,11,405841,flow,5,6.654164679725532e-05,0.0010794589341499925,0.08937255963753074
103,13,400183,flow,11,405841,flow,7,0.0029110842973047416,0.025972499306808103,0.06676886924316651
103,13,400183,flow,12,404520,flow,2,0.004327898450137532,0.03555091803991767,0.06399901520610345
103,13,400183,flow,13,400183,flow,1,2.3708723951535703e-17,2.2265584232746574e-15,0.1884685746885932
103,13,400183,flow,13,400183,flow,2,3.917505231515984e-20,4.441895695577178e-18,0.20407614442091448
103,13,400183,flow,13,400183,flow,3,1.3021420773184185e-22,1.7202610929711216e-20,0.2170353968494714
103,13,400183,flow,13,400183,flow,4,2.0972830275723573e-21,2.6337972904397043e-19,0.21085431736832208
103,13,400183,flow,13,400183,flow,5,1.216276034825638e-11,6.454929324873165e-10,0.15131857265754167
103,13,400183,flow,13,400183,flow,6,2.4875409538523697e-07,7.088507203589866e-06,0.11544197603115046
103,13,400183,flow,13,400183,flow,7,7.207406708447747e-08,2.2978595557560345e-06,0.1204919378080028
103,13,400183,flow,13,400183,flow,8,2.098653322554223e-07,6.076529727502844e-06,0.11614753535377233
103,13,400183,flow,13,400183,flow,11,0.0020830091821208343,0.019970261133515323,0.06903240727683053
103,13,400183,flow,14,401469,flow,2,1.890003246221696e-05,0.0003511747967173216,0.09582382899762219
103,13,400183,flow,14,401469,flow,8,0.000634650395943588,0.0074119754270784,0.07659642782640023
103,13,400183,flow,14,401469,flow,11,3.665020246546313e-05,0.0006412672120324048,0.09248130431022061
103,13,400183,flow,16,405838,flow,1,0.0018202751842746339,0.017908423584756132,0.06992628715403987
103,13,400183,flow,16,405838,flow,8,0.00022861383894020308,0.0031076519327302623,0.08260190970153693
103,13,400183,flow,16,405838,flow,9,0.00021868450339155971,0.002989610932441576,0.08285419471729386
103,13,400183,flow,16,405838,flow,10,0.00599629838804895,0.04552549918518711,0.06164314807670447
103,13,400183,flow,17,400260,flow,1,0.00045443211905571055,0.005589825610252476,0.07860619081983308
103,13,400183,flow,17,400260,flow,2,0.0003341005153311411,0.004299416819274738,0.08041727378590487
103,13,400183,flow,17,400260,flow,5,0.006226050345514853,0.046898931983651554,0.06136660845988931
103,13,400183,flow,17,400260,flow,11,6.041919214690507e-06,0.0001273958938949113,0.10133854636689396
103,13,400183,flow,18,404528,flow,2,0.0026133786240031794,0.023888691611709128,0.06750555767347181
103,13,400183,flow,18,404528,flow,6,0.0065074658295920604,0.048477758896081566,0.06104012898245692
103,13,400183,flow,19,401795,flow,8,0.0006985211609117498,0.008026191352062343,0.07601076572457405
103,13,400183,occupancy,0,400593,flow,4,0.006534159862389873,0.04861793077079617,0.0610098230944851
103,13,400183,occupancy,0,400593,flow,6,0.00015637141425802836,0.002248001695822571,0.08473779497905636
103,13,400183,occupancy,1,400125,flow,8,2.446521493889843e-05,0.0004437016311336743,0.09453424811434552
103,13,400183,occupancy,1,400125,flow,10,0.005762181186228645,0.044190702511109084,0.061934934821558714
103,13,400183,occupancy,4,400316,flow,4,0.0013260635497138653,0.013797193002803222,0.07198843198162104
103,13,400183,occupancy,4,400316,flow,9,0.004501981353951401,0.03666080951756843,0.06371799208798845
103,13,400183,occupancy,13,400183,flow,1,1.5788808490764188e-14,1.1405961986639012e-12,0.171190014775801
103,13,400183,occupancy,13,400183,flow,2,0.00019305194319127112,0.0026868053949300618,-0.08355883838587518
103,13,400183,occupancy,13,400183,flow,3,3.896828972797768e-06,8.628550057655744e-05,-0.10338563162421088
103,13,400183,occupancy,13,400183,flow,4,5.576185113342861e-18,5.46238541715219e-16,-0.19220712736184198
103,13,400183,occupancy,14,401469,flow,2,0.002137067902936084,0.020397996775704554,0.06886140818975169
103,13,400183,occupancy,14,401469,flow,11,0.003357037685603168,0.029057108398729086,0.06578475089532626
103,13,400183,occupancy,16,405838,flow,1,0.00317158876462845,0.027766600809601645,0.06617860544906155
103,13,400183,occupancy,17,400260,flow,1,0.0011542272298191584,0.01224182077632282,0.07287582635410284
103,13,400183,occupancy,17,400260,flow,3,0.0007875924617190436,0.008881230578507617,0.07527208741874959
103,13,400183,speed,10,400497,flow,10,0.0027245632905986182,0.024665406281121113,0.06722186700052425
103,13,400183,speed,13,400183,flow,1,0.0022399072690661506,0.021196931878128742,-0.06854676916142728
103,13,400183,speed,13,400183,flow,3,0.006269167515416186,0.04713331650991633,0.06131573659843272
103,13,400183,speed,15,401472,flow,1,0.0010646268920013078,0.011472158077938763,0.0733881775390656
103,14,401469,flow,0,400593,flow,2,0.006352873223622141,0.047646549177166056,0.06121786839492404
103,14,401469,flow,1,400125,flow,12,0.00016218092077747333,0.002319938999200943,0.08453477369396559
103,14,401469,flow,3,400039,flow,6,0.0010439316558248219,0.011285747630538615,0.073512169995139
103,14,401469,flow,4,400316,flow,9,0.0031369610844445947,0.027524515624778433,0.06625446271793156
103,14,401469,flow,4,400316,flow,12,7.019653199554121e-05,0.001128158549928341,0.08908897846473873
103,14,401469,flow,5,400503,flow,1,0.0010858936002515773,0.011660602418808882,0.07326306111191877
103,14,401469,flow,5,400503,flow,5,0.006039740221713965,0.045815061910104184,0.06159013677674823
103,14,401469,flow,5,400503,flow,9,0.0004949471314544908,0.005995994413582165,0.07809672461198051
103,14,401469,flow,6,405843,flow,4,7.3558910109101585e-06,0.0001519242155884537,0.10040727021057701
103,14,401469,flow,6,405843,flow,5,0.0029157407078026915,0.025992570899107774,0.06675790286009291
103,14,401469,flow,6,405843,flow,11,0.004123841276045365,0.03426619409985762,0.06434177034421251
103,14,401469,flow,8,401448,flow,1,6.639642388769582e-05,0.0010783178616347593,0.0893841292137839
103,14,401469,flow,8,401448,flow,4,5.48046365649176e-05,0.0009102500190712957,0.09039484863443835
103,14,401469,flow,8,401448,flow,6,0.004789895359269205,0.03836178708202256,0.06327410597578846
103,14,401469,flow,8,401448,flow,11,0.00021221358663391828,0.002914984719422979,0.08302445797676372
103,14,401469,flow,9,402391,flow,5,0.003995216076191017,0.03340947241414091,0.06456581211071066
103,14,401469,flow,10,400497,flow,4,0.00025418833710449495,0.0034080046921820097,0.08199659982450931
103,14,401469,flow,10,400497,flow,11,0.00012255296619593356,0.0018243584216624156,0.08608289027179276
103,14,401469,flow,11,405841,flow,4,0.0009509906234718993,0.010432400948193513,0.07409864841747602
103,14,401469,flow,11,405841,flow,8,0.0015989597667982493,0.016078925029256137,0.07077650560995623
103,14,401469,flow,12,404520,flow,5,0.002747525747633754,0.024846789260577387,0.06716459752398855
103,14,401469,flow,12,404520,flow,9,0.0023619140086030242,0.02209499462357095,0.06819020556246821
103,14,401469,flow,12,404520,flow,12,0.00025938316456943536,0.0034637875454094614,0.0818806588251558
103,14,401469,flow,13,400183,flow,2,0.005621253443037556,0.043356212951119875,0.062115769645296935
103,14,401469,flow,13,400183,flow,3,0.006143895275122295,0.04644204302454648,0.061464422843796516
103,14,401469,flow,14,401469,flow,1,3.343504772482802e-104,1.5365894273537982e-101,0.45897289413309184
103,14,401469,flow,14,401469,flow,2,1.478756041122913e-26,2.4197826127465848e-24,0.23596551917476574
103,14,401469,flow,14,401469,flow,3,3.915824239935196e-06,8.657298217256932e-05,0.10333723704482471
103,14,401469,flow,14,401469,flow,4,8.317915313470027e-05,0.0013038241710519056,0.08818345892349766
103,14,401469,flow,14,401469,flow,5,2.5560869616665137e-06,5.914459386394933e-05,0.10531850796117659
103,14,401469,flow,14,401469,flow,6,5.367508039892219e-06,0.00011439385659760426,0.10189482892373872
103,14,401469,flow,15,401472,flow,1,2.3246060258548056e-06,5.440031436453283e-05,0.105749011454792
103,14,401469,flow,16,405838,flow,1,1.3129079331177987e-05,0.00025514000319698115,0.0976172594389592
103,14,401469,flow,16,405838,flow,2,0.00012076683962934313,0.0018003826187709255,0.08616331758181721
103,14,401469,flow,16,405838,flow,4,0.005407675172297111,0.04213772861530216,0.062397775255311025
103,14,401469,flow,16,405838,flow,5,9.089481489949538e-05,0.0014079082121399068,0.08770671235635169
103,14,401469,flow,16,405838,flow,6,0.0012167817842466476,0.01280510915455668,0.07253947610867036
103,14,401469,flow,16,405838,flow,7,0.004968489358225207,0.03944839924192776,0.06301074177431516
103,14,401469,flow,16,405838,flow,12,1.9236116389795957e-05,0.0003569588608415745,0.09573627216820069
103,14,401469,flow,17,400260,flow,1,0.0025714759202056384,0.023625640100570732,0.06761534156648759
103,14,401469,flow,17,400260,flow,3,5.9061177894334e-06,0.00012500945051617976,0.10144561409705956
103,14,401469,flow,17,400260,flow,4,0.0008693268169547864,0.009676608732915943,0.0746595309989019
103,14,401469,flow,17,400260,flow,10,0.0022219509137860376,0.021045446059100376,0.06860074054537003
103,14,401469,flow,18,404528,flow,6,0.0022159615579170878,0.021007337814909394,0.06861883159092312
103,14,401469,flow,18,404528,flow,11,0.0005719400397266249,0.006763703727399452,0.0772274009606072
103,14,401469,flow,18,404528,flow,12,0.001236344332176342,0.012976208734212338,0.0724375636268268
103,14,401469,flow,19,401795,flow,5,0.0021114634394556174,0.02019376147542233,0.06894190024714175
103,14,401469,occupancy,2,400331,flow,5,0.00020188190303881896,0.002795287888229801,-0.0833066787288236
103,14,401469,occupancy,2,400331,flow,8,0.0049310015241823745,0.03919397715633461,0.0630653055661112
103,14,401469,occupancy,2,400331,flow,9,0.00074404150078439,0.008478658093876455,0.0756229959324492
103,14,401469,occupancy,6,405843,flow,1,1.2755420340108595e-05,0.0002484374024764163,0.09775807453123704
103,14,401469,occupancy,6,405843,flow,7,2.901495223757687e-05,0.0005170981586894888,0.09367298537926158
103,14,401469,occupancy,7,408093,flow,5,0.005803843867674998,0.04443865511785863,0.06188223760056337
103,14,401469,occupancy,10,400497,flow,6,0.006471870399476784,0.0482624706762227,0.06108071499002163
103,14,401469,occupancy,14,401469,flow,5,0.0012387338864032614,0.01299813065159604,0.07242521722848316
103,14,401469,occupancy,15,401472,flow,1,0.004092219020013624,0.03406240109144288,0.06439625675144081
103,14,401469,occupancy,15,401472,flow,6,0.006369152619417893,0.04774377809454329,0.06119896943552963
103,14,401469,occupancy,15,401472,flow,7,0.0027618793080602237,0.0249508408241611,0.06712902056579531
103,14,401469,occupancy,16,405838,flow,6,0.006213266262262163,0.04684347339087704,0.06138175269797887
103,14,401469,occupancy,17,400260,flow,11,3.817377795467057e-05,0.0006638647996358418,0.0922720763766314
103,14,401469,occupancy,18,404528,flow,11,3.452782805801049e-07,9.610838737796734e-06,0.11406926925092861
103,14,401469,speed,2,400331,flow,5,0.005577102125015186,0.043115750143281326,0.06217326452888264
103,14,401469,speed,6,405843,flow,9,0.0013094167488446854,0.013640415613718449,-0.07206960352580795
103,14,401469,speed,7,408093,flow,5,0.0005513934205717227,0.006578347353962557,-0.07744819632318721
103,14,401469,speed,10,400497,flow,6,0.004722514349668818,0.03796996462045281,-0.06337578151690655
103,14,401469,speed,10,400497,flow,12,0.0006370705392771902,0.007436219210152557,-0.07657325750658725
103,14,401469,speed,11,405841,flow,9,3.8409378175056955e-05,0.0006670929338088908,0.09224043148195255
103,14,401469,speed,12,404520,flow,3,0.006428190077827615,0.04805291769547552,-0.06113079451197423
103,14,401469,speed,15,401472,flow,1,0.004287493179535954,0.03533378583669462,-0.06406570382918197
103,14,401469,speed,15,401472,flow,3,0.0006267012176241122,0.007338978747997193,-0.07667311505366302
103,14,401469,speed,15,401472,flow,4,0.00311400606394194,0.027387024015124557,-0.0663051707721928
103,14,401469,speed,15,401472,flow,5,8.947375589935445e-05,0.0013893839880848714,-0.08779157364867363
103,14,401469,speed,15,401472,flow,6,0.0001178462478705865,0.0017615771307990787,-0.08629727515974674
103,14,401469,speed,15,401472,flow,7,1.1412656144312533e-05,0.0002258482571847464,-0.0982987982353442
103,14,401469,speed,15,401472,flow,8,0.00013878077969962916,0.002033004300788057,-0.08539891156830803
103,14,401469,speed,17,400260,flow,11,0.0065733721912213175,0.04880881379524938,-0.06096550627473346
103,14,401469,speed,18,404528,flow,4,0.0022811926932403506,0.021474727467418422,-0.06842416479118922
103,14,401469,speed,18,404528,flow,8,0.0006772770004212684,0.007816712633838183,-0.07619983410468141
103,14,401469,speed,18,404528,flow,11,5.004036809057596e-09,1.8905480012854697e-07,-0.13072270242811476
103,14,401469,speed,18,404528,flow,12,0.0041124025442828786,0.034188900303583625,-0.06436143585938174
103,15,401472,flow,0,400593,flow,7,0.00236574522710596,0.022116466957580065,0.06817928414880885
103,15,401472,flow,1,400125,flow,5,0.004009921821734513,0.03351113486227047,0.06453986880158377
103,15,401472,flow,1,400125,flow,9,4.085830166180798e-06,8.987162076324362e-05,0.10316640320184242
103,15,401472,flow,1,400125,flow,10,5.710440699086735e-11,2.8322736877215495e-09,0.14630354035737314
103,15,401472,flow,1,400125,flow,11,2.690456681286258e-22,3.511411741134935e-20,0.2154928281943528
103,15,401472,flow,1,400125,flow,12,3.190028051242882e-12,1.8252875736912913e-10,0.15552728484041586
103,15,401472,flow,2,400331,flow,1,0.00031565230314088526,0.0040958474841911105,0.08074771270919034
103,15,401472,flow,3,400039,flow,1,0.00021594822874920432,0.0029559453364910097,0.08292560715374776
103,15,401472,flow,3,400039,flow,4,0.006174523024061435,0.04661646183842257,0.06142782041833957
103,15,401472,flow,3,400039,flow,5,0.0025768088654176697,0.023659541548574563,0.06760127901227449
103,15,401472,flow,3,400039,flow,6,0.002168726490124894,0.02066364895751994,0.06876309680263748
103,15,401472,flow,3,400039,flow,8,0.0005735459152086503,0.006778983183861475,0.0772104565715141
103,15,401472,flow,3,400039,flow,9,2.7125286159450876e-07,7.678980092321612e-06,0.115081008206429
103,15,401472,flow,3,400039,flow,10,3.142738457492677e-13,1.9534719620673906e-11,0.16255456158521656
103,15,401472,flow,3,400039,flow,11,3.929553976040966e-11,1.987783744320489e-09,0.1475312916631278
103,15,401472,flow,3,400039,flow,12,2.222816152525281e-09,8.916031363889707e-08,0.1336827970661037
103,15,401472,flow,4,400316,flow,1,4.197638969298578e-06,9.204974795619217e-05,-0.1030412411312155
103,15,401472,flow,4,400316,flow,2,1.4548894763602284e-12,8.574519151263557e-11,-0.15794344815423872
103,15,401472,flow,4,400316,flow,3,5.773849198917488e-05,0.0009538443036070191,-0.09012116909043848
103,15,401472,flow,4,400316,flow,8,0.00021105663125189295,0.0029009374705955375,0.08305541231007493
103,15,401472,flow,4,400316,flow,9,1.0883947519992652e-05,0.00021627715403113273,0.09852853833459822
103,15,401472,flow,4,400316,flow,10,1.9061779904826236e-14,1.361105606427262e-12,0.170659331892917
103,15,401472,flow,4,400316,flow,11,1.181262339015453e-05,0.0002324853441706951,0.09813164918864993
103,15,401472,flow,5,400503,flow,1,4.5703797694443485e-05,0.0007773244332283302,0.0913419589930704
103,15,401472,flow,5,400503,flow,2,0.0008388814232675922,0.00938315457421099,0.07488120611888106
103,15,401472,flow,5,400503,flow,4,0.004244067820260761,0.035042761818666834,0.06413801501189902
103,15,401472,flow,5,400503,flow,5,0.00015423142719672245,0.0022209325516328034,0.0848143717805651
103,15,401472,flow,5,400503,flow,6,1.623886707618656e-09,6.63688796302043e-08,0.1348108459861328
103,15,401472,flow,5,400503,flow,7,1.2093265714796885e-05,0.00023739085075494425,0.09801755922939416
103,15,401472,flow,5,400503,flow,8,0.00029302234321380795,0.0038440829720122996,0.08117866512431703
103,15,401472,flow,5,400503,flow,9,0.00020906754255663556,0.0028763432606518013,0.08310900449982456
103,15,401472,flow,5,400503,flow,10,3.486112284899575e-11,1.7822491208007294e-09,0.14792244627422346
103,15,401472,flow,5,400503,flow,11,1.5995634707273123e-15,1.256384398825816e-13,0.17750924755182015
103,15,401472,flow,5,400503,flow,12,6.80858747888513e-12,3.6951128026110257e-10,0.1531574444996817
103,15,401472,flow,6,405843,flow,1,7.08378168536725e-06,0.00014691280307626748,0.1005862853392248
103,15,401472,flow,6,405843,flow,5,1.1891208076073804e-06,2.9573988997489254e-05,0.10874296824127407
103,15,401472,flow,6,405843,flow,6,9.71216218914235e-10,4.093321039716581e-08,0.13663790942415963
103,15,401472,flow,6,405843,flow,7,0.00011831499793490891,0.0017673609650027886,0.08627556590614473
103,15,401472,flow,6,405843,flow,9,0.0004995882971003903,0.006045438217013126,0.0780408667664895
103,15,401472,flow,6,405843,flow,10,5.480392691088108e-08,1.7734304438577249e-06,0.12158122485926073
103,15,401472,flow,6,405843,flow,11,5.408444739035716e-13,3.309416610854716e-11,0.16093642215338663
103,15,401472,flow,6,405843,flow,12,2.0427964880145822e-08,7.026179003362258e-07,0.12542915761445853
103,15,401472,flow,7,408093,flow,1,0.0002580295819728226,0.003447843470840067,0.08191065776041517
103,15,401472,flow,7,408093,flow,2,5.175602729575925e-07,1.3870101607796524e-05,0.11235245899798327
103,15,401472,flow,7,408093,flow,3,7.390816584114259e-08,2.3493986492548637e-06,0.12039153402981581
103,15,401472,flow,7,408093,flow,4,5.01725836215863e-06,0.00010729978279467961,0.10221070959404274
103,15,401472,flow,7,408093,flow,8,8.328257585711216e-05,0.0013040258343701506,0.08817679692122107
103,15,401472,flow,7,408093,flow,9,1.240816823212215e-06,3.0718215909895526e-05,0.10855523493967108
103,15,401472,flow,7,408093,flow,10,4.776583991460455e-07,1.293720554426907e-05,0.11269473952766502
103,15,401472,flow,7,408093,flow,12,0.005476755137429693,0.04252261357601775,0.06230548054375421
103,15,401472,flow,8,401448,flow,1,0.001838248301265087,0.018040056023319345,0.06986148048275978
103,15,401472,flow,8,401448,flow,6,0.00010549670812126824,0.0015985471030651659,0.08690067086215449
103,15,401472,flow,8,401448,flow,7,0.0015588283460548774,0.01574500457086058,0.07094217798603007
103,15,401472,flow,8,401448,flow,11,8.483729978517023e-09,3.0694902434835457e-07,0.1287610900537963
103,15,401472,flow,8,401448,flow,12,5.320058514547638e-09,1.9915643659311783e-07,0.13049663149331914
103,15,401472,flow,9,402391,flow,10,0.00012166114132499137,0.0018123314845653886,0.08612290911401282
103,15,401472,flow,9,402391,flow,11,3.3747377021237954e-06,7.575313427185398e-05,0.1040487896603094
103,15,401472,flow,9,402391,flow,12,0.0053205535458171254,0.04157133535527217,0.06251570343022568
103,15,401472,flow,10,400497,flow,2,0.004564525809097487,0.03705835650310307,-0.0636194247848667
103,15,401472,flow,10,400497,flow,3,2.467723101569955e-06,5.731485913323766e-05,0.10547825449372411
103,15,401472,flow,10,400497,flow,4,1.8303196108282408e-17,1.7383685202532217e-15,0.18921899944840911
103,15,401472,flow,10,400497,flow,5,1.1405075002509983e-15,9.140987757113752e-14,0.17842324301469553
103,15,401472,flow,10,400497,flow,8,0.00010293802679739951,0.0015647159597634269,0.08703398224747405
103,15,401472,flow,10,400497,flow,9,2.163412562335971e-34,4.4504486996625687e-32,0.26949829264734304
103,15,401472,flow,10,400497,flow,10,6.065852020457102e-72,2.339685779319168e-69,0.38695402508850474
103,15,401472,flow,10,400497,flow,11,7.239788988943553e-44,1.9426017659774007e-41,0.3044551748348347
103,15,401472,flow,11,405841,flow,4,4.436651285442222e-06,9.675080036905804e-05,0.1027840549829159
103,15,401472,flow,11,405841,flow,5,3.546784881628247e-05,0.0006228500279932531,0.09264944001182804
103,15,401472,flow,11,405841,flow,6,0.002278349920364884,0.021459401692378578,0.0684325415214774
103,15,401472,flow,11,405841,flow,10,0.0006608324027805336,0.007674182741967487,0.07635000877017548
103,15,401472,flow,11,405841,flow,11,0.0023882449111245576,0.02224497200529989,0.06811547038118135
103,15,401472,flow,12,404520,flow,1,5.787114801238123e-13,3.526140471276261e-11,-0.16073354680810026
103,15,401472,flow,12,404520,flow,2,2.4557815576830745e-15,1.9004384397333186e-13,-0.17634378301720596
103,15,401472,flow,12,404520,flow,4,1.7252432470083884e-05,0.0003241866388462913,0.0962757327135105
103,15,401472,flow,12,404520,flow,5,3.9991027664405173e-13,2.475089391264045e-11,0.1618383127339642
103,15,401472,flow,12,404520,flow,6,5.477323572249544e-14,3.668532997227601e-12,0.16765398765856432
103,15,401472,flow,12,404520,flow,7,2.1814108410594935e-07,6.290851023616162e-06,0.11598737869843061
103,15,401472,flow,12,404520,flow,8,1.9000870291852473e-12,1.106250130199497e-10,0.15712606587387318
103,15,401472,flow,12,404520,flow,9,1.1260591807153413e-12,6.691300771238342e-11,0.15872386028904334
103,15,401472,flow,12,404520,flow,10,9.791369447213144e-23,1.3136247208683474e-20,0.21771232102288515
103,15,401472,flow,12,404520,flow,11,3.890245843368735e-06,8.62473169870638e-05,0.10339344981971521
103,15,401472,flow,13,400183,flow,1,0.0016409997744401827,0.016436631174545767,0.07060700666383252
103,15,401472,flow,13,400183,flow,8,7.393903357536488e-05,0.0011799653677339354,0.08881271092025554
103,15,401472,flow,13,400183,flow,9,5.761460377035724e-05,0.0009521617761589261,0.09013245680360928
103,15,401472,flow,14,401469,flow,1,4.890775561109783e-09,1.8536704764413693e-07,0.13080711940883005
103,15,401472,flow,14,401469,flow,2,0.004351103390754975,0.03570814332838429,0.06396097017333843
103,15,401472,flow,14,401469,flow,5,0.0002658207329490897,0.003537725096549808,0.0817399631772616
103,15,401472,flow,14,401469,flow,6,5.526072583583775e-05,0.0009167678018848659,0.09035140593463632
103,15,401472,flow,14,401469,flow,7,2.6206761458603967e-08,8.872508581596327e-07,0.12446875821764786
103,15,401472,flow,14,401469,flow,8,7.4341677915409445e-06,0.00015329644324323094,0.10035694507944652
103,15,401472,flow,14,401469,flow,9,1.3432256292942847e-06,3.310173826897496e-05,0.108204559788606
103,15,401472,flow,14,401469,flow,10,9.8647471853707e-06,0.00019707069742088418,0.09900315670610937
103,15,401472,flow,14,401469,flow,11,6.301016857841794e-11,3.0932264574859715e-09,0.14597854950859615
103,15,401472,flow,14,401469,flow,12,5.268226688690694e-10,2.296542814848012e-08,0.13878104588408618
103,15,401472,flow,15,401472,flow,1,9.145460519968235e-250,5.986119613070117e-247,0.6610357655114577
103,15,401472,flow,15,401472,flow,2,7.779480710315621e-109,3.6931161174245586e-106,0.4683627078923543
103,15,401472,flow,15,401472,flow,4,2.165084592821948e-15,1.6882970110091724e-13,0.1766871016113533
103,15,401472,flow,15,401472,flow,5,8.045234976442121e-17,7.212216890130457e-15,0.18542611465185127
103,15,401472,flow,15,401472,flow,6,2.0857075284898804e-22,2.7386797942481104e-20,0.216054198172781
103,15,401472,flow,15,401472,flow,7,4.068251495423808e-10,1.8307131729407138e-08,0.13967686699803666
103,15,401472,flow,15,401472,flow,8,1.3273877928425992e-07,4.029736658524265e-06,0.11802850232872418
103,15,401472,flow,15,401472,flow,9,4.263315942331552e-05,0.0007302745785437076,0.09170230786790416
103,15,401472,flow,15,401472,flow,10,3.2828257136773646e-21,4.0752319204270737e-19,0.20989120716405837
103,15,401472,flow,15,401472,flow,11,6.353922631426616e-39,1.5420756049305046e-36,0.2868394944895313
103,15,401472,flow,15,401472,flow,12,1.0812195686255551e-62,3.7070385210019035e-60,0.3624019344304687
103,15,401472,flow,16,405838,flow,1,2.1543758401412877e-08,7.398174586176759e-07,0.12522473191595493
103,15,401472,flow,16,405838,flow,2,3.841961155825278e-05,0.0006670929338088908,0.09223906115011116
103,15,401472,flow,16,405838,flow,3,0.0006917023722877763,0.007962041695398863,0.07607086255486058
103,15,401472,flow,16,405838,flow,4,0.00022657381465209046,0.0030857467821470076,0.0826528923247747
103,15,401472,flow,16,405838,flow,5,7.626164848020748e-10,3.250977893396479e-08,0.13748903078023558
103,15,401472,flow,16,405838,flow,6,2.1039207426700876e-09,8.454825682171888e-08,0.13388099321451444
103,15,401472,flow,16,405838,flow,7,1.2128021601456184e-05,0.00023782593426368914,0.0980036059681982
103,15,401472,flow,16,405838,flow,10,0.0024155231777079275,0.02247482258819351,0.06803883702043355
103,15,401472,flow,16,405838,flow,11,1.0450993598279243e-08,3.7189697153679015e-07,0.127978037345893
103,15,401472,flow,16,405838,flow,12,3.972979395237542e-12,2.2203455352427143e-10,0.15484498313070982
103,15,401472,flow,17,400260,flow,1,8.726177877648743e-06,0.00017664989892897176,0.09959219606270082
103,15,401472,flow,17,400260,flow,2,0.00043988240597084456,0.005443403018602259,0.07879954081407985
103,15,401472,flow,17,400260,flow,10,4.139415168671987e-10,1.8588641921687096e-08,0.13961694587742157
103,15,401472,flow,17,400260,flow,11,1.1084571960006946e-25,1.7540421563087915e-23,0.23201547192850877
103,15,401472,flow,17,400260,flow,12,1.2104640315970623e-18,1.2304010862351316e-16,0.1959770830863657
103,15,401472,flow,18,404528,flow,1,0.00046422013567668787,0.005682717444384504,0.0784596261618649
103,15,401472,flow,18,404528,flow,9,0.00010603238174868003,0.0016061005931076358,0.08687314778504417
103,15,401472,flow,18,404528,flow,10,7.5517670159466e-08,2.3981036348337496e-06,0.12030539222987763
103,15,401472,flow,18,404528,flow,11,7.883271816732361e-06,0.00016140158411508912,0.1000776437857975
103,15,401472,flow,19,401795,flow,2,0.0067508141310539515,0.049818102231214675,0.060767888483685
103,15,401472,flow,19,401795,flow,9,0.000963979636047952,0.01055334510513817,0.0740135773211301
103,15,401472,flow,19,401795,flow,10,2.898659648637696e-14,2.0164588860088323e-12,0.1694724508295453
103,15,401472,flow,19,401795,flow,11,1.609060324325328e-17,1.5378629648419065e-15,0.1895452990200515
103,15,401472,flow,19,401795,flow,12,7.956106150288759e-12,4.2749227076178404e-10,0.15266598598009043
103,15,401472,occupancy,0,400593,flow,6,0.006381277454614503,0.0478014888224981,0.061184921761390086
103,15,401472,occupancy,0,400593,flow,7,0.0017391222702836477,0.0172319721487177,0.07022642427136513
103,15,401472,occupancy,0,400593,flow,8,0.004079610550957786,0.03399019784018831,0.06441808817375032
103,15,401472,occupancy,1,400125,flow,8,0.002854429615863901,0.025583269586166087,0.06690359486830855
103,15,401472,occupancy,1,400125,flow,9,1.3229736439433397e-09,5.469135063957155e-08,0.13554220610309523
103,15,401472,occupancy,1,400125,flow,10,7.905116774769113e-21,9.459862733241708e-19,0.20788491781816168
103,15,401472,occupancy,1,400125,flow,11,1.0818432252936416e-20,1.2743033345285439e-18,0.20716362360467627
103,15,401472,occupancy,1,400125,flow,12,4.667362893199e-10,2.072251562036966e-08,0.1392014560434243
103,15,401472,occupancy,3,400039,flow,1,7.33328957759023e-05,0.001172457845121754,0.08885654538798499
103,15,401472,occupancy,3,400039,flow,4,0.0008310930312871342,0.009313416070455044,0.07493911110161668
103,15,401472,occupancy,3,400039,flow,5,0.0031846248049584584,0.027860630128433657,0.06615024331745259
103,15,401472,occupancy,3,400039,flow,6,0.0005382090838948315,0.006447762735512124,0.07759394588627329
103,15,401472,occupancy,3,400039,flow,7,5.08128056072926e-05,0.0008544621262106034,0.0907903876088149
103,15,401472,occupancy,3,400039,flow,8,1.3714626182302575e-06,3.377832674318536e-05,0.10811238771274027
103,15,401472,occupancy,3,400039,flow,9,2.698683693518289e-13,1.6994626174925667e-11,0.16300567701560567
103,15,401472,occupancy,3,400039,flow,10,2.3321375847863945e-16,1.9954111138265353e-14,0.18264884253624614
103,15,401472,occupancy,3,400039,flow,11,2.9805253678976864e-13,1.8714926728659892e-11,0.1627116469388308
103,15,401472,occupancy,3,400039,flow,12,3.706159195430568e-05,0.0006468932413842446,0.09242400790864555
103,15,401472,occupancy,4,400316,flow,1,6.69924404455675e-11,3.281262389170653e-09,-0.14577580878711768
103,15,401472,occupancy,4,400316,flow,2,2.1680158068527664e-13,1.3753051814396405e-11,-0.16365186544920857
103,15,401472,occupancy,4,400316,flow,3,0.005922228742190164,0.04506610563019466,-0.06173433658948051
103,15,401472,occupancy,4,400316,flow,7,0.00037492301327884394,0.004722062441296227,0.0797428645899917
103,15,401472,occupancy,4,400316,flow,8,4.881871856213981e-06,0.0001047119595961412,0.10233849888854085
103,15,401472,occupancy,4,400316,flow,9,3.789446568743143e-11,1.928198960773896e-09,0.14765000327720604
103,15,401472,occupancy,4,400316,flow,10,2.2286964090550264e-13,1.4075977320347536e-11,0.1635705403404181
103,15,401472,occupancy,5,400503,flow,1,1.9992728110642438e-05,0.00036957032707734416,0.09554437032236605
103,15,401472,occupancy,5,400503,flow,2,0.0035711118921523733,0.030585256491075043,0.06535400291365794
103,15,401472,occupancy,5,400503,flow,4,0.0002573823895021442,0.0034402596616623232,0.08192505338091659
103,15,401472,occupancy,5,400503,flow,5,1.5157948405221142e-06,3.6995670683929564e-05,0.1076680108488002
103,15,401472,occupancy,5,400503,flow,6,4.525232639738973e-09,1.7269439049180534e-07,0.13109315665117582
103,15,401472,occupancy,5,400503,flow,7,4.623283248398254e-06,9.981301165957249e-05,0.1025922942608094
103,15,401472,occupancy,5,400503,flow,8,1.1821824412858697e-07,3.61431574405871e-06,0.11849963632639067
103,15,401472,occupancy,5,400503,flow,9,3.268121652726597e-08,1.0910576151297448e-06,0.12361149741600452
103,15,401472,occupancy,5,400503,flow,10,1.2974083434071183e-15,1.0321922732078732e-13,0.17807553170513524
103,15,401472,occupancy,5,400503,flow,11,1.1479661141099793e-17,1.1045019182528087e-15,0.19039766878571457
103,15,401472,occupancy,5,400503,flow,12,8.04847519437628e-09,2.919346166222127e-07,0.12895810923669365
103,15,401472,occupancy,6,405843,flow,1,0.0008443912700977132,0.009435899385456643,0.07484054179885863
103,15,401472,occupancy,6,405843,flow,4,0.003249046023385709,0.028303849205537933,0.0660116175521221
103,15,401472,occupancy,6,405843,flow,5,4.430625411215537e-08,1.4555362567643436e-06,0.12242027839547119
103,15,401472,occupancy,6,405843,flow,6,7.184468747645596e-10,3.072960890082076e-08,0.13769824616256227
103,15,401472,occupancy,6,405843,flow,7,0.0003113985815909512,0.004059269379821693,0.08082646311507036
103,15,401472,occupancy,6,405843,flow,8,1.2625739662755584e-06,3.1221062016659486e-05,0.10847846313094979
103,15,401472,occupancy,6,405843,flow,9,1.554496488803718e-06,3.7812076754685036e-05,0.10755576991402675
103,15,401472,occupancy,6,405843,flow,10,7.08345622906754e-11,3.4537845270397036e-09,0.14559107207248084
103,15,401472,occupancy,6,405843,flow,11,8.507383751379991e-17,7.609088572662848e-15,0.18528144116442624
103,15,401472,occupancy,6,405843,flow,12,0.00010021207072403018,0.0015281191158764927,0.08717949208541877
103,15,401472,occupancy,7,408093,flow,1,6.3350245862903954e-06,0.00013316442228518554,0.10111509143404349
103,15,401472,occupancy,7,408093,flow,2,5.4938241939589927e-11,2.737407210830778e-09,0.1464310462360792
103,15,401472,occupancy,7,408093,flow,3,8.083181407677728e-08,2.544618860783717e-06,0.12003308306227559
103,15,401472,occupancy,7,408093,flow,4,0.0005485141445486914,0.0065548578269719136,0.07747974699112543
103,15,401472,occupancy,7,408093,flow,8,2.162411201897572e-05,0.0003971775676954724,0.0951530786342771
103,15,401472,occupancy,7,408093,flow,9,7.797218844840762e-09,2.837740978071785e-07,0.12907660871813698
103,15,401472,occupancy,7,408093,flow,10,3.7064995226627856e-07,1.0271961795499445e-05,0.1137703196687429
103,15,401472,occupancy,7,408093,flow,11,0.003805226869351487,0.032169432633265015,0.06490901419252774
103,15,401472,occupancy,8,401448,flow,1,0.005508739395535107,0.042705794843875364,0.06226310292779193
103,15,401472,occupancy,8,401448,flow,6,1.3926123812703305e-05,0.00026797708183019277,0.09732923325725455
103,15,401472,occupancy,8,401448,flow,9,0.0012010999103342244,0.012679772080750011,0.07262226989706343
103,15,401472,occupancy,8,401448,flow,10,0.0008145688418167682,0.009159129090703901,0.07506364932893844
103,15,401472,occupancy,8,401448,flow,11,5.401493940883693e-12,2.9801345880737616e-10,0.1538850056241103
103,15,401472,occupancy,8,401448,flow,12,1.828423559792851e-09,7.423674603670221e-08,0.13438569454146831
103,15,401472,occupancy,9,402391,flow,9,0.0034529094166482715,0.029746009709904993,0.0655888432863355
103,15,401472,occupancy,9,402391,flow,10,2.3578640504495948e-05,0.000429063719374147,0.09471967949841419
103,15,401472,occupancy,9,402391,flow,11,3.6392789415581094e-06,8.116512662638632e-05,0.1037013660199769
103,15,401472,occupancy,10,400497,flow,3,5.102173075066633e-10,2.237704333430239e-08,0.1388923548634917
103,15,401472,occupancy,10,400497,flow,4,2.1362723962646542e-14,1.51042500030496e-12,0.17033747174979494
103,15,401472,occupancy,10,400497,flow,5,6.31494609163917e-09,2.3296812225346896e-07,0.1298617069582489
103,15,401472,occupancy,10,400497,flow,7,0.0003685528713694138,0.0046575599836429305,0.07984344032735549
103,15,401472,occupancy,10,400497,flow,8,1.9413417564126606e-17,1.835141441510436e-15,0.18906966182243048
103,15,401472,occupancy,10,400497,flow,9,1.6599161228319895e-53,5.122026893310139e-51,0.3356815589260846
103,15,401472,occupancy,10,400497,flow,10,1.2607352788052025e-72,4.9066454094040315e-70,0.3886837841570331
103,15,401472,occupancy,10,400497,flow,11,1.5341365356297024e-26,2.491530012751998e-24,0.23600755910856394
103,15,401472,occupancy,11,405841,flow,4,4.3066719219922185e-06,9.429712469846115e-05,0.10292222371412445
103,15,401472,occupancy,11,405841,flow,5,6.996112412078667e-06,0.00014544372290750644,0.10064536296194578
103,15,401472,occupancy,11,405841,flow,6,0.00045883367433410143,0.005626345367934483,0.07854883575400241
103,15,401472,occupancy,11,405841,flow,8,0.0027683574366109747,0.025003771955173344,0.06711301901799051
103,15,401472,occupancy,11,405841,flow,9,0.0009768027104032145,0.01066141412062124,0.0739306273085928
103,15,401472,occupancy,11,405841,flow,10,0.0022129805211872967,0.02099204032622175,0.06862785260582138
103,15,401472,occupancy,12,404520,flow,1,7.9764299394375995e-16,6.501542894032157e-14,-0.17938416947687938
103,15,401472,occupancy,12,404520,flow,2,2.5530054287388103e-09,1.015560170548035e-07,-0.13318217508999705
103,15,401472,occupancy,12,404520,flow,4,5.198922081798024e-07,1.3915330479161999e-05,0.11233325053698903
103,15,401472,occupancy,12,404520,flow,5,3.9640343533915055e-16,3.3089359980598164e-14,0.18124800480366085
103,15,401472,occupancy,12,404520,flow,6,1.017079429567076e-14,7.434489231353246e-13,0.17242235134598785
103,15,401472,occupancy,12,404520,flow,7,1.0962222441526962e-16,9.751986679347574e-15,0.1846232884852171
103,15,401472,occupancy,12,404520,flow,8,9.568895677949007e-17,8.540832505937956e-15,0.18497649244736228
103,15,401472,occupancy,12,404520,flow,9,6.026773567021565e-21,7.292902467656347e-19,0.20850648740863065
103,15,401472,occupancy,12,404520,flow,10,8.579941230528357e-18,8.329291261996067e-16,0.19112943281428071
103,15,401472,occupancy,12,404520,flow,12,0.0023228370130140884,0.021809728094372663,-0.06830253532173168
103,15,401472,occupancy,13,400183,flow,1,0.003951992700306956,0.03312496791875446,0.064642569824017
103,15,401472,occupancy,13,400183,flow,6,0.00013011007884997325,0.0019222829706972793,0.08575438342283193
103,15,401472,occupancy,13,400183,flow,8,4.600931387671433e-05,0.0007815974673511833,0.09130737053581521
103,15,401472,occupancy,13,400183,flow,9,0.000741561707126853,0.008457092330485758,0.07564354553523675
103,15,401472,occupancy,14,401469,flow,1,1.31814878426317e-07,4.004502635736213e-06,0.11805695843645315
103,15,401472,occupancy,14,401469,flow,2,0.0005540560001779201,0.006606464037451324,0.07741915635935973
103,15,401472,occupancy,14,401469,flow,4,0.0032120631155923953,0.028038215112869566,0.06609089043012055
103,15,401472,occupancy,14,401469,flow,5,2.6557621778651183e-05,0.0004780371920157213,0.09412076368774297
103,15,401472,occupancy,14,401469,flow,6,4.816784783131372e-07,1.3035259302099596e-05,0.11265903083848718
103,15,401472,occupancy,14,401469,flow,7,6.530113149738066e-07,1.7128165638657222e-05,0.1113550062504761
103,15,401472,occupancy,14,401469,flow,8,3.704654825244382e-09,1.4263911626609385e-07,0.13182706819316795
103,15,401472,occupancy,14,401469,flow,9,2.250969555010386e-09,9.012222870847886e-08,0.13363737854248545
103,15,401472,occupancy,14,401469,flow,10,1.4174935348993974e-08,4.966400706216867e-07,0.12682514019869617
103,15,401472,occupancy,14,401469,flow,11,3.0991640963352903e-13,1.9319464496635574e-11,0.1625959624796839
103,15,401472,occupancy,14,401469,flow,12,3.5672640430622437e-12,2.0092021728851228e-10,0.1551802152241793
103,15,401472,occupancy,15,401472,flow,1,4.2506479135848143e-253,2.825045997951753e-250,0.6643073252193049
103,15,401472,occupancy,15,401472,flow,2,3.4370776352486493e-110,1.6497972649193516e-107,0.47096734141986996
103,15,401472,occupancy,15,401472,flow,3,0.0011366165737170517,0.012088093546178395,0.07295521541702896
103,15,401472,occupancy,15,401472,flow,4,9.65182618260399e-19,9.951286183496237e-17,0.19652946925736084
103,15,401472,occupancy,15,401472,flow,5,2.6980776658574164e-21,3.368698126157237e-19,0.21033625222214766
103,15,401472,occupancy,15,401472,flow,6,5.607095211181113e-21,6.86194088167207e-19,0.2086715229061104
103,15,401472,occupancy,15,401472,flow,7,3.9788968902776534e-13,2.4661168674317736e-11,0.16185340182380212
103,15,401472,occupancy,15,401472,flow,8,2.2668421505209533e-11,1.1741916175360333e-09,0.149319955672409
103,15,401472,occupancy,15,401472,flow,9,2.740036676913221e-15,2.1099747672486834e-13,0.17604475464300723
103,15,401472,occupancy,15,401472,flow,10,8.068562098808397e-40,1.980465242434788e-37,0.290127000366096
103,15,401472,occupancy,15,401472,flow,11,2.924302695136895e-63,1.0187893260476925e-60,0.36397211156409204
103,15,401472,occupancy,15,401472,flow,12,1.6911460714590784e-61,5.752559865120645e-59,0.35907083018244385
103,15,401472,occupancy,16,405838,flow,1,4.839641390611481e-07,1.3078434999492965e-05,0.11263885612831498
103,15,401472,occupancy,16,405838,flow,2,2.565056846330512e-06,5.928863336622692e-05,0.10530258922884331
103,15,401472,occupancy,16,405838,flow,3,3.5588098097002693e-06,7.953470448993877e-05,0.10380441408694589
103,15,401472,occupancy,16,405838,flow,4,3.2850259321207453e-06,7.387460711484446e-05,0.10417255921639608
103,15,401472,occupancy,16,405838,flow,5,1.2955402839880544e-10,6.103308644305775e-09,0.1435758507863177
103,15,401472,occupancy,16,405838,flow,6,8.88889941388678e-09,3.19467932346014e-07,0.12858632283316854
103,15,401472,occupancy,16,405838,flow,7,1.2099089235804519e-05,0.00023739085075494425,0.09801521862649602
103,15,401472,occupancy,16,405838,flow,9,0.0025347383496053403,0.023342719399477872,0.06771294617633329
103,15,401472,occupancy,16,405838,flow,10,5.582642551076643e-08,1.805165854839154e-06,0.121508015942061
103,15,401472,occupancy,16,405838,flow,11,1.9090211619994315e-09,7.721883351907812e-08,0.13423077263949953
103,15,401472,occupancy,16,405838,flow,12,1.6257946133669996e-14,1.1725263321778694e-12,0.17110764209324275
103,15,401472,occupancy,17,400260,flow,1,6.625243966588846e-05,0.001076384126952381,0.08939562375490098
103,15,401472,occupancy,17,400260,flow,2,2.4621316295719342e-05,0.0004463453059064522,0.09450226168601349
103,15,401472,occupancy,17,400260,flow,9,1.8904029791676374e-07,5.532886768295524e-06,0.11657923179530082
103,15,401472,occupancy,17,400260,flow,10,7.34271081540081e-20,8.175389361477192e-18,0.2027015466540422
103,15,401472,occupancy,17,400260,flow,11,1.7781392968016227e-22,2.3419395616411615e-20,0.21640516761186454
103,15,401472,occupancy,17,400260,flow,12,2.445592360562242e-20,2.801261986336509e-18,0.20527584296811185
103,15,401472,occupancy,18,404528,flow,1,0.0008444441233388627,0.009435899385456643,0.07482134726704458
103,15,401472,occupancy,18,404528,flow,8,8.044065008611174e-05,0.0012696514737742153,0.08836276794835536
103,15,401472,occupancy,18,404528,flow,9,4.344773081105332e-06,9.508317989045104e-05,0.10288131285164649
103,15,401472,occupancy,18,404528,flow,10,1.0105046678287084e-07,3.133797677688457e-06,0.11913488417898163
103,15,401472,occupancy,18,404528,flow,11,3.9887117535430584e-06,8.79144631393164e-05,0.1032778114558214
103,15,401472,occupancy,19,401795,flow,9,3.5832290230245793e-09,1.383337746154261e-07,0.1319489204044663
103,15,401472,occupancy,19,401795,flow,10,1.5722068444225838e-19,1.72384100708263e-17,0.20089826925110427
103,15,401472,occupancy,19,401795,flow,11,1.0970985014266021e-16,9.751986679347574e-15,0.1846212103092919
103,15,401472,occupancy,19,401795,flow,12,3.49899683896347e-12,1.9733245880316176e-10,0.1552402725900287
103,15,401472,speed,1,400125,flow,10,0.0018536712876210822,0.018166651457629482,-0.0698063311105954
103,15,401472,speed,3,400039,flow,9,5.0612550570627035e-05,0.0008517577657386396,-0.09081099705327926
103,15,401472,speed,4,400316,flow,1,6.508950850017449e-08,2.0844082781375375e-06,0.12089837663520692
103,15,401472,speed,4,400316,flow,2,0.0004057254761878855,0.005068635214377285,0.07927799041590282
103,15,401472,speed,4,400316,flow,3,0.003910871589900755,0.032874911047580946,0.06471630465743793
103,15,401472,speed,4,400316,flow,6,0.004325213118049499,0.03554969686068081,-0.06400342979272827
103,15,401472,speed,4,400316,flow,9,0.002898873881582463,0.025890293918619477,-0.06679770234018878
103,15,401472,speed,5,400503,flow,7,0.0036619288356814633,0.03117149274905206,-0.06517832358305638
103,15,401472,speed,6,405843,flow,7,0.0047551507989682,0.03814717075495381,-0.06332637157409461
103,15,401472,speed,7,408093,flow,1,0.0044659211611236685,0.03642502923026885,-0.06377538621460654
103,15,401472,speed,10,400497,flow,10,7.670035632578418e-06,0.00015740880728141933,-0.1002083076267057
103,15,401472,speed,10,400497,flow,11,0.004232752315219193,0.03496938229440986,-0.06415696750604089
103,15,401472,speed,12,404520,flow,1,5.283365037930302e-06,0.00011282321781442859,0.10196887532546746
103,15,401472,speed,12,404520,flow,5,0.00011446034613744401,0.0017165687406051535,-0.08645654753098919
103,15,401472,speed,12,404520,flow,6,3.6206093240903224e-05,0.0006344306970810223,-0.09254384673299913
103,15,401472,speed,12,404520,flow,9,2.2823026409008286e-05,0.00041707053336258794,-0.09488302945416853
103,15,401472,speed,14,401469,flow,12,0.0047027214993186715,0.03785309647299545,-0.06340589755989981
103,15,401472,speed,15,401472,flow,1,3.6375911900706854e-12,2.0432055914628872e-10,-0.15511951186321596
103,15,401472,speed,15,401472,flow,2,0.00021645172281858327,0.0029609608694625704,-0.08291240325790042
103,15,401472,speed,15,401472,flow,3,7.377040240599409e-05,0.0011777093067032317,0.0888248717346673
103,15,401472,speed,15,401472,flow,11,5.385949697473899e-05,0.0008952405807267119,-0.09048597383682548
103,15,401472,speed,15,401472,flow,12,5.902673201789635e-08,1.901532306616795e-06,-0.12128699421322992
103,15,401472,speed,16,405838,flow,12,0.0007521996568540312,0.008562588979207943,-0.07555583639154037
103,15,401472,speed,17,400260,flow,10,3.7257556473719e-05,0.0006492643967989757,-0.09239692673283818
103,15,401472,speed,17,400260,flow,12,1.4958983334413165e-05,0.00028554698442350617,-0.09697851588317208
103,15,401472,speed,18,404528,flow,11,0.003582554376925591,0.030665018641407873,-0.06533164609223892
103,15,401472,speed,19,401795,flow,6,0.003883242609769534,0.03269461717833636,-0.06476624279323487
103,15,401472,speed,19,401795,flow,10,0.0001367645374747319,0.002006189480104726,-0.08547966634211601
103,15,401472,speed,19,401795,flow,12,0.0020384163315695855,0.0196298674819006,-0.06917655336503092
103,16,405838,flow,0,400593,flow,8,0.00035993469708665556,0.004570599328084515,0.07998212584703589
103,16,405838,flow,1,400125,flow,5,1.952862836465355e-06,4.6712998081563316e-05,0.10653497777873394
103,16,405838,flow,4,400316,flow,4,0.0015379693627081317,0.015563428547432956,0.07102984519065332
103,16,405838,flow,4,400316,flow,5,3.743510813965147e-05,0.0006520954321100579,0.09237250653205045
103,16,405838,flow,4,400316,flow,11,0.0014953270873951743,0.015231815650901091,0.07121252275139808
103,16,405838,flow,5,400503,flow,1,0.00024938175561078603,0.0033488628667659175,0.08210587066292767
103,16,405838,flow,5,400503,flow,5,0.0015316929172219794,0.015521461014827402,0.07105643835206694
103,16,405838,flow,5,400503,flow,6,3.8621344138849e-05,0.0006700570549390669,0.09221211798747612
103,16,405838,flow,5,400503,flow,12,0.0012744674352436834,0.013321314590497731,0.07224316316197968
103,16,405838,flow,6,405843,flow,5,0.0002621507631787368,0.003495343509049824,0.08181977542434274
103,16,405838,flow,6,405843,flow,6,0.004394954343602597,0.035965529009970104,0.06388957465448306
103,16,405838,flow,6,405843,flow,11,4.202385760423558e-05,0.0007216915002780192,0.09177672769432325
103,16,405838,flow,8,401448,flow,6,0.0002903706943813087,0.003818573515151457,0.08123118513748545
103,16,405838,flow,8,401448,flow,8,0.001755553912038776,0.017362621108075807,0.07016462919773503
103,16,405838,flow,8,401448,flow,11,0.00011755772899016917,0.0017578725830305671,0.08631067784396927
103,16,405838,flow,10,400497,flow,3,0.004063447062740272,0.03389475055230348,0.06444616475107148
103,16,405838,flow,10,400497,flow,4,3.893365595383912e-06,8.625302242081282e-05,0.10338974319024612
103,16,405838,flow,10,400497,flow,5,4.598607513974714e-09,1.7518504815141765e-07,0.13103398113546721
103,16,405838,flow,10,400497,flow,10,3.842406726220522e-07,1.061329735119735e-05,0.11361820599064497
103,16,405838,flow,11,405841,flow,5,8.912800621056168e-05,0.001385010743991462,0.08781241313178435
103,16,405838,flow,12,404520,flow,4,0.0013512623517986458,0.014008767362059395,0.07186732994347872
103,16,405838,flow,12,404520,flow,5,6.8546198837056e-07,1.7860046982875867e-05,0.1111458334599616
103,16,405838,flow,13,400183,flow,1,0.0030052812131417784,0.026631415057994837,0.06655007216605398
103,16,405838,flow,13,400183,flow,6,0.0007710752467510754,0.008738313394450801,0.07540300363026853
103,16,405838,flow,14,401469,flow,1,0.0013358345177082616,0.01387880018398194,0.07194122422804874
103,16,405838,flow,14,401469,flow,2,9.638760108198123e-07,2.4493790392597584e-05,0.10966492187180253
103,16,405838,flow,14,401469,flow,3,4.070331467092597e-07,1.1214178531785726e-05,0.11337438321635955
103,16,405838,flow,14,401469,flow,4,0.0014983921341802753,0.015248654934414109,0.07119923329617374
103,16,405838,flow,14,401469,flow,5,1.2499172470744882e-05,0.00024410680413027982,0.09785693457509355
103,16,405838,flow,14,401469,flow,6,2.295372356621094e-06,5.383283702824715e-05,0.10580627999565366
103,16,405838,flow,14,401469,flow,7,0.003437324708390358,0.029633292237570042,0.06562035011612415
103,16,405838,flow,14,401469,flow,8,0.0019954021070515077,0.019340671084726303,0.06931836256224409
103,16,405838,flow,14,401469,flow,9,0.001331229298210016,0.013837609644531448,0.0719634342225995
103,16,405838,flow,14,401469,flow,11,0.001481318693507735,0.015103367373031428,0.07127358150577613
103,16,405838,flow,15,401472,flow,1,0.00020109772838575323,0.0027855113920799393,0.08332864929337135
103,16,405838,flow,15,401472,flow,3,0.005572182499417536,0.04308813210619131,-0.062179696368829515
103,16,405838,flow,15,401472,flow,5,0.001255211387758885,0.013142300521372717,0.07234067433714574
103,16,405838,flow,15,401472,flow,6,2.466756345550209e-05,0.00044699611630775603,0.09449282228294927
103,16,405838,flow,15,401472,flow,7,0.0066873127828315755,0.04947626515128003,0.060838068181415544
103,16,405838,flow,15,401472,flow,11,0.0004779694514586317,0.0058180558757432764,0.0783053015218983
103,16,405838,flow,15,401472,flow,12,0.0001501142344655234,0.0021761526607082587,0.0849645539494388
103,16,405838,flow,16,405838,flow,1,4.9676648630239895e-90,2.083525457112974e-87,0.4293642004817982
103,16,405838,flow,16,405838,flow,2,4.491979602489213e-22,5.809985593638743e-20,0.21425236973512896
103,16,405838,flow,16,405838,flow,3,8.161163483009331e-12,4.374221618684902e-10,0.15254754224124012
103,16,405838,flow,16,405838,flow,5,0.0006434239654864724,0.007500246980306424,0.07651281724342825
103,16,405838,flow,16,405838,flow,7,0.005378034897996425,0.04195974491483575,0.06243770279698186
103,16,405838,flow,17,400260,flow,1,0.0009700567110571931,0.010609227827258415,0.07397413941073935
103,16,405838,flow,17,400260,flow,2,0.0013659715619759702,0.014123975940010032,0.07179759830507033
103,16,405838,flow,17,400260,flow,3,0.00024131921238888693,0.0032537421895130823,0.08229367302169985
103,16,405838,flow,17,400260,flow,6,0.0016709896970240814,0.016679009914842956,0.07048851512585579
103,16,405838,flow,17,400260,flow,11,0.00352856319872833,0.030304956299217464,0.06543771169969972
103,16,405838,flow,18,404528,flow,1,0.004132014526972621,0.03431430749043007,0.06432774913112141
103,16,405838,flow,18,404528,flow,5,0.004124923340303723,0.034268593904061694,0.06433991261646682
103,16,405838,flow,18,404528,flow,8,0.0027805297403517403,0.025082247814407013,0.06708304457669963
103,16,405838,flow,19,401795,flow,11,0.0005809043383643381,0.006858449690445315,0.07713337439973608
103,16,405838,occupancy,0,400593,flow,12,0.004149292595986514,0.03442470523269011,0.06429819118018151
103,16,405838,occupancy,1,400125,flow,7,0.005845994211363735,0.0447064878617301,0.06182926923430736
103,16,405838,occupancy,2,400331,flow,1,0.00148662901466803,0.015150359385151899,0.07125037295250171
103,16,405838,occupancy,5,400503,flow,8,0.0007135622667461823,0.008174460335039798,0.07588010537829339
103,16,405838,occupancy,6,405843,flow,11,2.5972673771295815e-06,5.993693947222112e-05,0.10524586242846039
103,16,405838,occupancy,8,401448,flow,6,0.0021925094635861894,0.020844280111558842,0.06869010308383948
103,16,405838,occupancy,8,401448,flow,8,0.0020330544610179264,0.019595190476993433,0.06919407983875524
103,16,405838,occupancy,10,400497,flow,5,0.002532894719108775,0.023330714683475282,0.06771787834000863
103,16,405838,occupancy,10,400497,flow,10,0.006223019150508187,0.04688427403243001,0.061370196732088864
103,16,405838,occupancy,14,401469,flow,2,0.0034750297378785032,0.029904638381743294,0.06554434507847155
103,16,405838,occupancy,15,401472,flow,6,0.002341168224282388,0.021943690017140197,0.06824962728435549
103,16,405838,occupancy,15,401472,flow,7,0.005488522861655169,0.042583367030083204,0.06228986297934802
103,16,405838,speed,0,400593,flow,5,0.00034114775354894707,0.004366691245426523,-0.08029553352290607
103,16,405838,speed,0,400593,flow,12,0.006356847795800271,0.04766808275968959,-0.06121325024831964
103,16,405838,speed,6,405843,flow,2,0.0026401613661787234,0.024077469077247383,-0.06743622703042358
103,16,405838,speed,7,408093,flow,5,0.004600517448714578,0.037242864615478204,-0.06356325631086232
103,16,405838,speed,12,404520,flow,2,0.00654222102149203,0.048644397268236786,-0.06100069308873383
103,16,405838,speed,16,405838,flow,9,0.0028204559187771103,0.02531554034722027,-0.06698555954341938
103,16,405838,speed,18,404528,flow,11,0.004238451107023075,0.03500828948183414,-0.06414741678991152
103,16,405838,speed,19,401795,flow,9,0.005490643622342636,0.04259217175169722,0.06228705161884185
103,17,400260,flow,0,400593,flow,5,0.003000537258428742,0.02660028926002907,0.06656094071628958
103,17,400260,flow,0,400593,flow,6,0.004763424011135434,0.03819226378638656,0.06331389508350414
103,17,400260,flow,0,400593,flow,12,0.0038881104134104918,0.03271647250863523,0.06475742110257071
103,17,400260,flow,1,400125,flow,12,8.285203060377169e-06,0.00016922967953110813,0.09984028151316823
103,17,400260,flow,2,400331,flow,1,0.00431848749213814,0.03550117215230593,0.06401449738019356
103,17,400260,flow,3,400039,flow,12,0.0022840378493334695,0.021492144432848158,0.06841579060037217
103,17,400260,flow,4,400316,flow,11,0.0001263791828355476,0.0018735692170541028,0.08591425209493277
103,17,400260,flow,5,400503,flow,1,0.0006325319204167195,0.007391230446849414,0.07661677750588906
103,17,400260,flow,5,400503,flow,11,8.027427986082993e-05,0.0012674886293815252,0.08837384630309016
103,17,400260,flow,5,400503,flow,12,0.0026153076240849407,0.023901267053198526,0.06750054256372495
103,17,400260,flow,6,405843,flow,1,0.0012671993669716082,0.0132549667441098,0.0722798073992175
103,17,400260,flow,6,405843,flow,6,0.0033124083856385725,0.02873624719508538,0.06587769017322329
103,17,400260,flow,6,405843,flow,11,1.459373303210955e-06,3.569927899134386e-05,0.10783667592782749
103,17,400260,flow,6,405843,flow,12,2.0594293918980564e-05,0.0003798776675063879,0.09539666257147521
103,17,400260,flow,7,408093,flow,11,0.006376497758611694,0.04778225553721166,0.06119045658600886
103,17,400260,flow,8,401448,flow,1,0.0021281791002025893,0.020322134643844355,0.06888925105545946
103,17,400260,flow,8,401448,flow,6,0.0021697726456699853,0.0206690580579809,0.06875987060339897
103,17,400260,flow,8,401448,flow,11,4.471632686894547e-06,9.716992562805843e-05,0.1027475314114246
103,17,400260,flow,8,401448,flow,12,0.0058212251696560914,0.04453283643158193,0.06186035347896465
103,17,400260,flow,9,402391,flow,3,0.003870943291391786,0.032610130691912084,-0.0647885770686026
103,17,400260,flow,10,400497,flow,2,0.0009705092399483773,0.01061149055068841,-0.07397121182405061
103,17,400260,flow,10,400497,flow,3,0.0022745260435934906,0.021454316532578527,-0.06844382435011541
103,17,400260,flow,10,400497,flow,5,1.3769611099926103e-06,3.389442732289502e-05,0.10809465170764072
103,17,400260,flow,10,400497,flow,6,0.0021253673694809094,0.020302684483409116,0.068898080573722
103,17,400260,flow,10,400497,flow,10,9.784088549707475e-11,4.654984860653777e-09,0.14451645958674159
103,17,400260,flow,10,400497,flow,11,5.933111438244313e-13,3.604928468806671e-11,0.1606587885376497
103,17,400260,flow,11,405841,flow,4,0.0016800745580892052,0.016761944782783755,0.07045300618593885
103,17,400260,flow,11,405841,flow,5,0.0011475932914015346,0.012189827929320454,0.07291247787228601
103,17,400260,flow,11,405841,flow,6,0.00029242044327653543,0.0038408522801904317,0.081190547540386
103,17,400260,flow,11,405841,flow,9,0.00013129926784641392,0.001937864151337575,0.08570433331557317
103,17,400260,flow,11,405841,flow,10,0.001372960552250277,0.014182662806602575,0.07176470797105278
103,17,400260,flow,12,404520,flow,2,0.000623521067918331,0.0073037174983925975,-0.07670404805675604
103,17,400260,flow,12,404520,flow,3,0.002201487092231919,0.02090203129327888,-0.06866273774328782
103,17,400260,flow,12,404520,flow,5,8.604825798110822e-06,0.00017468443349548287,0.09965925090996682
103,17,400260,flow,12,404520,flow,6,6.492905876729188e-05,0.0010592656113092935,0.08950239234884873
103,17,400260,flow,12,404520,flow,11,0.0009866718795728646,0.010744700075005735,0.07386746891448466
103,17,400260,flow,13,400183,flow,2,0.006167055086258529,0.04658272395454351,0.061436730070133186
103,17,400260,flow,13,400183,flow,3,0.0007006878682944322,0.008046176478022188,0.07599178365931841
103,17,400260,flow,13,400183,flow,5,0.002731301514021657,0.024715589737271802,0.06720501600872172
103,17,400260,flow,13,400183,flow,11,0.0010699306703047247,0.011512080935781844,0.07335675954429104
103,17,400260,flow,13,400183,flow,12,0.004255579300390757,0.03512438398488359,0.06411878120980523
103,17,400260,flow,14,401469,flow,1,2.8427553626724232e-08,9.55696744493764e-07,0.1241535951964283
103,17,400260,flow,14,401469,flow,3,0.00031710398050962483,0.004107613780514481,0.0807210644585939
103,17,400260,flow,14,401469,flow,4,0.00046652365824724625,0.005705310428986347,0.07844985038277875
103,17,400260,flow,14,401469,flow,5,6.7064623566088984e-06,0.0001399609535292292,0.10084570860703185
103,17,400260,flow,14,401469,flow,7,0.0009619479785730464,0.010539222083275577,0.07402681333669943
103,17,400260,flow,14,401469,flow,8,5.146104943078319e-07,1.3808182207514495e-05,0.11237687653419784
103,17,400260,flow,14,401469,flow,10,0.002676281618142525,0.02431448283990685,0.0673437354569643
103,17,400260,flow,14,401469,flow,11,0.0002636508754275351,0.0035110104249289503,0.08178702619870776
103,17,400260,flow,14,401469,flow,12,5.765556239252297e-06,0.00012221394972311052,0.10155894353242474
103,17,400260,flow,15,401472,flow,1,2.612274836601026e-10,1.1904037230080625e-08,0.1411990156492597
103,17,400260,flow,15,401472,flow,2,8.801272254683515e-09,3.173747591004406e-07,0.12862345481234477
103,17,400260,flow,15,401472,flow,10,4.110965664624708e-05,0.0007098070212301653,0.09189032924348255
103,17,400260,flow,15,401472,flow,11,6.7382337022528425e-06,0.00014055610619861074,0.10082333330245288
103,17,400260,flow,15,401472,flow,12,8.583461341505741e-08,2.69089644378119e-06,0.11979211844941755
103,17,400260,flow,16,405838,flow,1,3.899386645336186e-10,1.7583872972705978e-08,0.13982324857482384
103,17,400260,flow,16,405838,flow,2,0.0011013122443249625,0.011782240949687564,0.07317375839270837
103,17,400260,flow,16,405838,flow,3,0.0002438186145698008,0.003279254093840409,0.08223483274796611
103,17,400260,flow,16,405838,flow,5,2.18543461288982e-06,5.156241140187888e-05,0.10602810059464739
103,17,400260,flow,16,405838,flow,6,1.333419879000196e-05,0.00025842861719519274,0.09754157527872784
103,17,400260,flow,16,405838,flow,7,0.0017443164698310184,0.017275211255547915,0.07020683248057888
103,17,400260,flow,16,405838,flow,12,0.0005575906938131036,0.006641278735242921,0.07738080453502463
103,17,400260,flow,17,400260,flow,1,7.498449084774822e-103,3.37430208814867e-100,0.456375809985031
103,17,400260,flow,17,400260,flow,2,1.1061825885524162e-29,2.016332819639847e-27,0.2499547063867307
103,17,400260,flow,17,400260,flow,3,0.00037258452276868573,0.004696717649141297,0.07977959936723139
103,17,400260,flow,17,400260,flow,6,0.0003506100720156385,0.00447719630832858,0.08013571896377795
103,17,400260,flow,17,400260,flow,10,0.0001164146007688758,0.001741985020164681,0.08634240547144802
103,17,400260,flow,17,400260,flow,11,0.002903467734069694,0.02591524919665512,0.0667868416602886
103,17,400260,flow,19,401795,flow,1,2.753267850851364e-103,1.252012327966094e-100,0.45735026143784885
103,17,400260,flow,19,401795,flow,3,0.0001427741914755493,0.0020837314431566656,-0.08524217519868603
103,17,400260,flow,19,401795,flow,12,0.00045126056586765193,0.005557142658347366,0.07864784017925527
103,17,400260,occupancy,0,400593,flow,5,0.0005357673707561233,0.006422072812615019,0.07762130269574626
103,17,400260,occupancy,0,400593,flow,6,0.0017949573117584025,0.017711776123335538,0.07001858123587729
103,17,400260,occupancy,0,400593,flow,10,0.003171948495263521,0.027766600809601645,0.06617782137032739
103,17,400260,occupancy,0,400593,flow,11,0.006231161939036051,0.046921072993961546,0.06136056100889917
103,17,400260,occupancy,1,400125,flow,12,0.0003569884991642711,0.00453852359149397,0.08003024910482653
103,17,400260,occupancy,2,400331,flow,2,0.004468085236700438,0.03643285810220063,-0.06377193001477015
103,17,400260,occupancy,2,400331,flow,5,0.000559800056952234,0.00666024854319375,-0.07735694745156266
103,17,400260,occupancy,4,400316,flow,3,0.0024061365520799574,0.022401961002123744,-0.06806511731477824
103,17,400260,occupancy,5,400503,flow,3,0.002761108889298691,0.0249508408241611,-0.06713092584672964
103,17,400260,occupancy,7,408093,flow,9,0.002035246748390653,0.019608086425173105,-0.06918690874133444
103,17,400260,occupancy,9,402391,flow,3,0.0016092046857338188,0.016166893586907205,-0.07073482523615605
103,17,400260,occupancy,10,400497,flow,2,0.0038470137114385277,0.032459178190262575,-0.0648322158920251
103,17,400260,occupancy,10,400497,flow,3,0.00259837125262108,0.02378170299009124,-0.0675446904868858
103,17,400260,occupancy,10,400497,flow,5,0.00031572157690639807,0.0040958474841911105,0.08074643845748598
103,17,400260,occupancy,10,400497,flow,10,7.822739088701347e-06,0.0001602381833247502,0.1001143895864723
103,17,400260,occupancy,10,400497,flow,11,5.810482296741141e-07,1.534308283736047e-05,0.11185705589672047
103,17,400260,occupancy,12,404520,flow,2,0.0005273461749478212,0.006335193202932669,-0.07771655224420902
103,17,400260,occupancy,12,404520,flow,3,6.875266249813261e-06,0.00014313807324912428,-0.10072796798966284
103,17,400260,occupancy,12,404520,flow,5,0.005666342999892909,0.04362609474164564,0.06205747161065704
103,17,400260,occupancy,14,401469,flow,8,0.004954835980905762,0.0393689377184346,0.06303057114504013
103,17,400260,occupancy,15,401472,flow,1,2.9087078684454554e-06,6.610004203937068e-05,0.10472973730295589
103,17,400260,occupancy,15,401472,flow,2,1.385087354248992e-05,0.00026712398974801984,0.0973557452633026
103,17,400260,occupancy,15,401472,flow,4,0.0005020541628741618,0.006065083846801955,-0.07801138569239952
103,17,400260,occupancy,15,401472,flow,11,5.194227361982658e-05,0.0008697310931691894,0.09067556822584272
103,17,400260,occupancy,15,401472,flow,12,0.002006638669527216,0.01943214313462805,0.06928104940160673
103,17,400260,occupancy,16,405838,flow,1,4.727666129513164e-06,0.00010176142341552998,0.10248824979946752
103,17,400260,occupancy,16,405838,flow,5,0.0002919738061503106,0.0038361521975953214,0.08119937963950541
103,17,400260,occupancy,16,405838,flow,6,0.00021550635305765158,0.002950831839014437,0.08293721895677557
103,17,400260,occupancy,17,400260,flow,1,3.16205700994162e-08,1.05646452304314e-06,0.12373996957699734
103,17,400260,occupancy,17,400260,flow,2,2.148219915046836e-06,5.076756035559261e-05,0.10610562054273337
103,17,400260,occupancy,17,400260,flow,3,0.00040298211778975747,0.005035819348717826,0.07931803204802113
103,17,400260,occupancy,19,401795,flow,1,0.006726949079479229,0.049692920696563385,0.060794193567962077
103,17,400260,occupancy,19,401795,flow,2,0.0007708631188572029,0.008738201714676245,-0.07540470182364566
103,17,400260,occupancy,19,401795,flow,3,1.4587878068035024e-05,0.00027897137341262193,-0.09710179456061348
103,17,400260,occupancy,19,401795,flow,4,0.0010224870234755393,0.011083366123369588,-0.073643073538075
103,17,400260,occupancy,19,401795,flow,5,5.852308665412946e-05,0.0009656979921537022,-0.09005021082918106
103,17,400260,occupancy,19,401795,flow,8,0.005315599302237698,0.04154765512152498,-0.06252246175069245
103,17,400260,occupancy,19,401795,flow,9,0.00033620853607964547,0.004321395048688094,-0.08038060824471574
103,17,400260,occupancy,19,401795,flow,10,0.0006049316661700988,0.007114273377852601,-0.07688785496115962
103,17,400260,speed,0,400593,flow,10,0.0024209725476853116,0.02251098021093531,-0.06802362291648852
103,17,400260,speed,6,405843,flow,9,0.0016621127491121027,0.01659807460971864,-0.07052338326790701
103,17,400260,speed,12,404520,flow,8,0.006563341840273421,0.0487762545157082,-0.060976819673769264
103,17,400260,speed,15,401472,flow,9,0.0008015735900387958,0.009027106123481746,-0.07516324734682854
103,17,400260,speed,15,401472,flow,11,0.00410945230962905,0.03417950322987581,-0.06436651596074322
103,17,400260,speed,16,405838,flow,1,0.003967611120808975,0.033249427821328364,-0.06461474654102906
103,17,400260,speed,16,405838,flow,8,0.0007497526833462919,0.00853698363746964,-0.07557590910554383
103,17,400260,speed,17,400260,flow,1,4.850255650905794e-10,2.142444213897038e-08,-0.1390681539287548
103,17,400260,speed,17,400260,flow,2,0.0021756246661322576,0.020714780712511222,-0.06874185001574455
103,17,400260,speed,17,400260,flow,3,0.0054524002582073666,0.04240210461828231,-0.06233789956029572
103,17,400260,speed,17,400260,flow,9,0.0051370357553258824,0.040452049695603016,-0.06276992664023401
103,17,400260,speed,19,401795,flow,1,1.4090323273128254e-06,3.458533894313299e-05,-0.10799253918099849
103,17,400260,speed,19,401795,flow,12,0.005700730315450482,0.043843964683542964,0.06201329129943542
103,18,404528,flow,0,400593,flow,2,8.52159838327594e-05,0.00133044109200405,0.08805367309881462
103,18,404528,flow,0,400593,flow,7,0.0018233388251973595,0.01793448024784288,0.06991519899032812
103,18,404528,flow,1,400125,flow,1,0.0007822216681041647,0.008827579953526623,0.07531437487052878
103,18,404528,flow,1,400125,flow,4,0.004070931776185472,0.03394407503015101,0.06443315095851217
103,18,404528,flow,1,400125,flow,9,0.002075768165609718,0.01991242751884262,0.06905562026015791
103,18,404528,flow,1,400125,flow,12,3.263642420237106e-06,7.350852583641448e-05,0.10420253851857947
103,18,404528,flow,3,400039,flow,1,1.935663975819436e-10,8.943388636941138e-09,0.14214893128162615
103,18,404528,flow,3,400039,flow,12,0.00012023762649579621,0.0017935999532522086,0.08618736272644836
103,18,404528,flow,4,400316,flow,1,0.0003062173561123558,0.0039977605875049175,0.08092375561605308
103,18,404528,flow,5,400503,flow,1,0.005589222611248028,0.04320172066665143,0.062157440198608555
103,18,404528,flow,5,400503,flow,2,0.003698908491062669,0.03143053635206674,0.06510792104719476
103,18,404528,flow,5,400503,flow,4,0.006055440688031576,0.04589386626718668,0.0615710621928154
103,18,404528,flow,5,400503,flow,5,0.0020669739079049766,0.019856186973870357,0.06908391258653297
103,18,404528,flow,5,400503,flow,6,0.0004275546787505758,0.005303003767449002,0.07896808957994157
103,18,404528,flow,5,400503,flow,9,0.0013799043437198557,0.014250984376929898,0.07173218279866493
103,18,404528,flow,5,400503,flow,10,0.0001853823198195743,0.0026021343095636467,0.08378681120897616
103,18,404528,flow,5,400503,flow,12,5.24563548499413e-07,1.3971113005656376e-05,0.11229502053613649
103,18,404528,flow,6,405843,flow,1,0.0006927108117551884,0.0079694026811782,0.07606194018298133
103,18,404528,flow,6,405843,flow,8,0.0019379402289560782,0.01886689491106935,0.06951224199953998
103,18,404528,flow,6,405843,flow,10,0.0006216901817997418,0.007288199688941342,0.0767219235010683
103,18,404528,flow,6,405843,flow,12,0.00036191072458063205,0.004590294568961628,0.07995005516570275
103,18,404528,flow,7,408093,flow,1,1.935790323320581e-05,0.000358448958283108,0.09570490317218765
103,18,404528,flow,7,408093,flow,2,0.005972167550209278,0.04539015449842378,0.06167274406936666
103,18,404528,flow,7,408093,flow,4,0.0064988392042058165,0.048430197278194115,0.06104994673056233
103,18,404528,flow,7,408093,flow,12,0.0006005810828869245,0.00706951029447279,0.07693163020414884
103,18,404528,flow,8,401448,flow,2,0.0023084651805646813,0.021698367232461758,0.06834428358697292
103,18,404528,flow,8,401448,flow,6,0.0014139340720031334,0.014511250720361829,0.0715749341068299
103,18,404528,flow,8,401448,flow,11,0.00021625740160477754,0.0029592397052031643,0.08291749582249097
103,18,404528,flow,8,401448,flow,12,0.0005266598136294836,0.006328707635269455,0.07772437776356353
103,18,404528,flow,9,402391,flow,1,0.00018178271106030578,0.002562993837403789,0.08389687759016466
103,18,404528,flow,9,402391,flow,6,0.0021796419317712625,0.020744774499343147,0.06872950501700929
103,18,404528,flow,9,402391,flow,7,8.089488379297029e-05,0.0012749576723299222,0.08833263102327464
103,18,404528,flow,9,402391,flow,9,0.0027550755783021597,0.024904637995951724,0.06714586330383475
103,18,404528,flow,9,402391,flow,10,0.002721573854622227,0.024648216041861678,0.06722935518817674
103,18,404528,flow,9,402391,flow,11,1.5688348332596496e-08,5.461213923998136e-07,0.12643912660415496
103,18,404528,flow,9,402391,flow,12,4.248854354719648e-05,0.0007283750322376539,0.09171987949130493
103,18,404528,flow,10,400497,flow,4,0.00013920185305550117,0.0020377905970849373,0.08538218616966414
103,18,404528,flow,10,400497,flow,5,0.003226030305339401,0.028131713603282624,0.06606085456289716
103,18,404528,flow,10,400497,flow,10,2.7186686842558513e-09,1.0755172816836335e-07,0.13295430207465245
103,18,404528,flow,10,400497,flow,11,2.1555003872071746e-10,9.895602202693937e-09,0.1418543662992396
103,18,404528,flow,10,400497,flow,12,1.1491775177312569e-07,3.5283915256567373e-06,0.1186145139092418
103,18,404528,flow,11,405841,flow,10,0.006390608030577524,0.04785379152426513,0.061174127810758344
103,18,404528,flow,12,404520,flow,5,0.00033330228970348906,0.004292981191171952,0.08043121408668368
103,18,404528,flow,12,404520,flow,6,0.0001420935230899497,0.0020759013180540503,0.0852685965142233
103,18,404528,flow,12,404520,flow,7,0.0005709554657586677,0.0067576098961025875,0.0772378115931407
103,18,404528,flow,12,404520,flow,9,0.00023411463216257514,0.0031684687059596634,0.08246653543561279
103,18,404528,flow,12,404520,flow,10,5.7880175570456665e-06,0.0001226298962552098,0.10154065762469053
103,18,404528,flow,13,400183,flow,3,0.00047362543953200837,0.005771804144799636,0.07835977822293919
103,18,404528,flow,13,400183,flow,4,2.553072913265303e-05,0.0004618624365706075,0.09431966296953216
103,18,404528,flow,14,401469,flow,1,0.0031269660602738754,0.027470028034332114,0.06627650021761868
103,18,404528,flow,14,401469,flow,2,0.0011741123888508761,0.012419602154348152,0.07276711782519568
103,18,404528,flow,14,401469,flow,6,0.001830713736604029,0.017978366315365774,0.06988857714428376
103,18,404528,flow,14,401469,flow,8,0.0003137666655927083,0.004081517601205962,0.08078249880370698
103,18,404528,flow,14,401469,flow,12,0.0007125421413813582,0.008167105467677016,0.07588888586891221
103,18,404528,flow,15,401472,flow,1,1.1313080717670068e-26,1.872509911890218e-24,0.236557933054119
103,18,404528,flow,15,401472,flow,2,0.0012045711288145911,0.012704812123391659,0.07260385767449533
103,18,404528,flow,15,401472,flow,9,0.0032956155041129324,0.028622957333670825,-0.06591295619667285
103,18,404528,flow,15,401472,flow,12,4.060642438970842e-06,8.940864085807358e-05,0.1031950514346797
103,18,404528,flow,16,405838,flow,1,0.0006184140972166222,0.00725373038277439,0.07675403130799867
103,18,404528,flow,16,405838,flow,5,4.038048813884097e-05,0.0006974958367044901,0.09198266851942287
103,18,404528,flow,16,405838,flow,6,0.0015845398748644242,0.01594937426405993,0.07083558956563207
103,18,404528,flow,17,400260,flow,1,1.654059477683731e-07,4.9009169709147595e-06,0.11712870207315831
103,18,404528,flow,17,400260,flow,2,3.213738349243625e-05,0.0005685237374583317,0.09315333368109154
103,18,404528,flow,17,400260,flow,3,4.123617451031721e-05,0.0007114228190278368,0.09187446575941556
103,18,404528,flow,17,400260,flow,5,0.006048239149389279,0.04586342482949216,0.06157980584854657
103,18,404528,flow,17,400260,flow,9,0.0022543822752873737,0.021319902428286897,0.06850354928749905
103,18,404528,flow,17,400260,flow,11,0.003002698697055338,0.02661398927221802,0.06655598685093442
103,18,404528,flow,17,400260,flow,12,1.0361433342891383e-06,2.6206904005439563e-05,0.10934836163750684
103,18,404528,flow,18,404528,flow,1,4.163664917137632e-124,2.116121463768773e-121,0.4962776765910942
103,18,404528,flow,18,404528,flow,2,9.718404206172096e-19,9.996072897777013e-17,0.19646417437232752
103,18,404528,flow,18,404528,flow,5,0.0004981892164643278,0.006030197296514138,0.07805765404734546
103,18,404528,flow,18,404528,flow,12,0.0031923563062309316,0.02792261438128695,0.06613347202659738
103,18,404528,flow,19,401795,flow,2,0.0020370818274099566,0.019621390177059113,0.06918091153606826
103,18,404528,flow,19,401795,flow,3,0.00010111903070377515,0.0015397751591128257,0.08713066905754062
103,18,404528,flow,19,401795,flow,12,0.002032387401727191,0.01959364779170155,0.06919626323472917
103,18,404528,occupancy,1,400125,flow,1,0.00036861568481655506,0.0046575599836429305,0.07984244068732593
103,18,404528,occupancy,8,401448,flow,5,0.002260036995512193,0.021364025865673247,0.06848673425114123
103,18,404528,occupancy,10,400497,flow,10,0.001250981372605611,0.01310358227651426,0.07236227959084607
103,18,404528,occupancy,14,401469,flow,4,0.0014636877920446662,0.014948300854924249,0.07135118994712565
103,18,404528,occupancy,15,401472,flow,1,0.004689806841546886,0.037802365269394206,0.06342560988252656
103,18,404528,occupancy,15,401472,flow,2,0.0021846127416857903,0.020782926765211658,0.06871425860657189
103,18,404528,occupancy,16,405838,flow,2,0.003948126041572146,0.0331054046964124,0.06464947345258536
103,18,404528,occupancy,17,400260,flow,11,0.0015845998690126204,0.01594937426405993,0.070835342723102
103,18,404528,occupancy,19,401795,flow,1,0.005200173956772251,0.040820438382988544,0.06268155048943361
103,18,404528,occupancy,19,401795,flow,11,1.5249251181333042e-06,3.719749582346626e-05,0.10764128551070525
103,18,404528,speed,7,408093,flow,5,0.00341994137051963,0.02951287798770436,0.06565564680675444
103,18,404528,speed,10,400497,flow,6,0.0003699511163332875,0.004668971143908273,0.07982122562902061
103,19,401795,flow,0,400593,flow,7,0.0006602822555590568,0.007669855724697835,0.07635509259039859
103,19,401795,flow,0,400593,flow,8,0.0042792768123581714,0.03527280257467525,0.06407933452332337
103,19,401795,flow,3,400039,flow,9,0.0025959430746070773,0.023769550831501854,0.06755104153677234
103,19,401795,flow,3,400039,flow,12,0.0015867192493485755,0.015963267715849667,0.0708266281643514
103,19,401795,flow,5,400503,flow,1,0.004522788866196919,0.036802501228048005,0.06368506352009103
103,19,401795,flow,5,400503,flow,11,0.004865371245684396,0.03882231950749278,0.06316174005351156
103,19,401795,flow,6,405843,flow,1,5.150008470342389e-07,1.3810078579689088e-05,0.11237363755996897
103,19,401795,flow,6,405843,flow,7,0.005391537895559671,0.04204990739992377,0.06241948874856244
103,19,401795,flow,6,405843,flow,12,0.00012805958375380455,0.0018945801432069715,0.08584170437726334
103,19,401795,flow,7,408093,flow,1,0.004895176983189051,0.03897045647903427,0.06311779988164375
103,19,401795,flow,7,408093,flow,2,0.0009331234285850332,0.01027291847983523,0.07421744335458538
103,19,401795,flow,7,408093,flow,5,0.001739519844880027,0.0172319721487177,0.07022492277705797
103,19,401795,flow,7,408093,flow,10,0.0023862506155852012,0.022240782436522263,0.06812110435336713
103,19,401795,flow,8,401448,flow,1,0.00540332855251368,0.042130426545112995,0.06240361808581239
103,19,401795,flow,8,401448,flow,4,0.0019533478626934703,0.018996989569643838,0.06945974371603587
103,19,401795,flow,8,401448,flow,6,0.0019299002017168403,0.018799091259812703,0.06953978894354318
103,19,401795,flow,8,401448,flow,9,3.47936245850234e-05,0.0006115071529995976,0.0927477144934789
103,19,401795,flow,8,401448,flow,12,0.0052699464730353585,0.041252428668700644,0.0625850079347711
103,19,401795,flow,10,400497,flow,3,0.0024128564545024983,0.022454846797610496,-0.06804629369195314
103,19,401795,flow,10,400497,flow,5,0.001362403175733771,0.014100139003341108,0.07181445106143898
103,19,401795,flow,10,400497,flow,6,0.005769628901562321,0.04423211509272267,0.061925489401697245
103,19,401795,flow,10,400497,flow,10,8.502522455332592e-06,0.00017285128003311433,0.09971648541920032
103,19,401795,flow,10,400497,flow,11,4.246035036618192e-09,1.6232629520522645e-07,0.13132719205530002
103,19,401795,flow,10,400497,flow,12,0.002777756017364572,0.02506246030704877,0.06708986435126353
103,19,401795,flow,11,405841,flow,5,0.0002798495375121518,0.0037004897522268003,0.08144409686442848
103,19,401795,flow,11,405841,flow,6,0.0055957754297727294,0.04324463301720607,0.06214889781478165
103,19,401795,flow,11,405841,flow,10,0.0003089805237685776,0.004031397954334809,0.08087167915189454
103,19,401795,flow,11,405841,flow,12,5.987757030915126e-06,0.00012648953727898945,0.10138096996769518
103,19,401795,flow,12,404520,flow,2,0.0023875494317291157,0.02224497200529989,-0.06811743465203128
103,19,401795,flow,12,404520,flow,6,0.004297927785189134,0.035399519603464366,0.06404842722277036
103,19,401795,flow,13,400183,flow,3,0.004355547106329762,0.03573103588937443,0.06395370557580375
103,19,401795,flow,13,400183,flow,8,0.005460769139729878,0.042445010563607416,0.06232674495686626
103,19,401795,flow,13,400183,flow,12,0.003207969847760986,0.02800814418417029,0.06609971536830901
103,19,401795,flow,14,401469,flow,3,0.0010113587149243254,0.010980320805411123,0.0737120075153248
103,19,401795,flow,14,401469,flow,5,9.916783064721201e-06,0.00019796905193898148,0.09897781438030026
103,19,401795,flow,14,401469,flow,6,0.0014994482568506824,0.01525221678736743,0.07119465994755665
103,19,401795,flow,14,401469,flow,7,0.0028071427078408405,0.025237994792658546,0.06701792477122576
103,19,401795,flow,14,401469,flow,10,0.006590324206767857,0.048875880812424284,0.06094642103172924
103,19,401795,flow,14,401469,flow,11,0.0004811306952570701,0.005848296577125894,0.07826594683748941
103,19,401795,flow,15,401472,flow,1,3.049212397139651e-08,1.0211315934607205e-06,0.12388132390415105
103,19,401795,flow,15,401472,flow,2,4.186550895639135e-08,1.3795499518810878e-06,0.12264292891077858
103,19,401795,flow,15,401472,flow,4,0.0012267037639564007,0.012893820584651218,-0.0724875993952437
103,19,401795,flow,15,401472,flow,11,0.0005424928064333811,0.006491880675324671,0.07754622929479858
103,19,401795,flow,15,401472,flow,12,9.890949462375138e-09,3.5254869370842076e-07,0.12818529588233263
103,19,401795,flow,16,405838,flow,1,9.248221174606736e-06,0.00018609800313525312,0.09931353209731855
103,19,401795,flow,16,405838,flow,5,0.0004132992135993681,0.005145396549709713,0.07916874320958753
103,19,401795,flow,16,405838,flow,12,0.000343301641989671,0.004391658553140002,0.08025879425492796
103,19,401795,flow,17,400260,flow,1,0.00018856838027972352,0.0026362958019689503,0.08367003733530898
103,19,401795,flow,17,400260,flow,2,4.622317126113913e-06,9.981301165957249e-05,0.10259326771329838
103,19,401795,flow,17,400260,flow,6,0.0018344517231946398,0.018006888080438183,0.0698751213978566
103,19,401795,flow,17,400260,flow,12,0.004018689367840908,0.03356677894252266,0.06452444247519487
103,19,401795,flow,18,404528,flow,12,0.0031797008686924267,0.027823187670146413,0.06616094373366056
103,19,401795,flow,19,401795,flow,1,3.1460505135305585e-23,4.328324273392361e-21,0.22006836026729285
103,19,401795,flow,19,401795,flow,2,1.1896705418237303e-23,1.6850415543208247e-21,0.22220916742612606
103,19,401795,flow,19,401795,flow,3,0.0004484194813771589,0.005530037566512494,0.07868538221332787
103,19,401795,flow,19,401795,flow,4,5.006451188589299e-09,1.8905480012854697e-07,0.13072092321452514
103,19,401795,flow,19,401795,flow,5,0.00033289273284419657,0.004290264337371508,0.08043837875455909
103,19,401795,flow,19,401795,flow,6,9.296790146087812e-05,0.001434354106662476,0.08758513328463667
103,19,401795,flow,19,401795,flow,7,2.8484979718366287e-06,6.493673476693529e-05,0.10482524680775421
103,19,401795,flow,19,401795,flow,8,1.127773659857456e-05,0.00022348542250386286,0.09835644447569097
103,19,401795,flow,19,401795,flow,10,8.911733308088833e-07,2.278028869286613e-05,0.11000732059306205
103,19,401795,flow,19,401795,flow,11,3.9913342171362365e-09,1.532672339380315e-07,0.1315541346351085
103,19,401795,flow,19,401795,flow,12,0.0020193339414709887,0.01950698261886107,0.06923912215429778
103,19,401795,occupancy,0,400593,flow,7,0.0003988498323448175,0.004990955245404839,0.07937882917485206
103,19,401795,occupancy,3,400039,flow,9,0.004226070519769345,0.034934222436669674,0.06416818051114671
103,19,401795,occupancy,3,400039,flow,12,0.0009497713508161447,0.010427466076191655,0.074106689126218
103,19,401795,occupancy,6,405843,flow,1,1.9625408962252154e-06,4.691852059597637e-05,0.10651275575110794
103,19,401795,occupancy,6,405843,flow,12,0.0004979072216125566,0.006028473086788801,0.07806104296364028
103,19,401795,occupancy,8,401448,flow,4,0.004865282222943603,0.03882231950749278,0.06316187165656119
103,19,401795,occupancy,8,401448,flow,9,0.00024485641915547476,0.0032911628212559147,0.08221056699720805
103,19,401795,occupancy,10,400497,flow,3,0.0022896236991990643,0.02154001389490409,-0.06839937742256237
103,19,401795,occupancy,10,400497,flow,10,7.645334836864851e-05,0.0012151525568526917,0.08863443445010595
103,19,401795,occupancy,10,400497,flow,11,3.6461173229937255e-08,1.2116328334871458e-06,0.12318437868594366
103,19,401795,occupancy,11,405841,flow,5,0.0009937784297554201,0.01081118815548581,0.07382235103873862
103,19,401795,occupancy,11,405841,flow,10,0.0011267647626289382,0.011995130050657993,0.07302883780909651
103,19,401795,occupancy,11,405841,flow,12,3.0517544627582927e-05,0.0005420879637794336,0.09341661509288539
103,19,401795,occupancy,12,404520,flow,2,0.003289679374465047,0.02858289400178802,-0.065925461548587
103,19,401795,occupancy,14,401469,flow,3,0.0021001022941760606,0.020116279181464705,0.06897790282216346
103,19,401795,occupancy,14,401469,flow,5,1.3585137527711415e-05,0.0002628203946247797,0.09745048003122612
103,19,401795,occupancy,14,401469,flow,6,0.005906659829445661,0.045011060968786834,0.061753634307907576
103,19,401795,occupancy,14,401469,flow,7,0.004728539754171629,0.037990127837123744,0.06336663615958597
103,19,401795,occupancy,14,401469,flow,11,0.002769115166798224,0.025004623965194702,0.06711114959088119
103,19,401795,occupancy,15,401472,flow,1,4.514726032126875e-08,1.480912411449362e-06,0.12234630490969288
103,19,401795,occupancy,15,401472,flow,2,3.1334156186047676e-09,1.2250095450110947e-07,0.1324382760165359
103,19,401795,occupancy,15,401472,flow,8,0.0055567019087725865,0.042996511276907706,0.062199968904373765
103,19,401795,occupancy,15,401472,flow,10,0.003760201394472111,0.03185736423635913,0.06499262652950046
103,19,401795,occupancy,15,401472,flow,11,0.00014348591026583626,0.002093245448175936,0.08521467507977656
103,19,401795,occupancy,15,401472,flow,12,2.101993442352753e-10,9.660225181876483e-09,0.1419398536715987
103,19,401795,occupancy,16,405838,flow,1,3.593002838999902e-05,0.0006304537881592029,0.0925830919121776
103,19,401795,occupancy,16,405838,flow,5,0.0013173844300623163,0.013716801007156438,0.0720306342820334
103,19,401795,occupancy,16,405838,flow,12,0.00045615122843207124,0.005607778334736903,0.07858372833734176
103,19,401795,occupancy,17,400260,flow,1,0.0007164036648850618,0.008204835186382469,0.07583665063485903
103,19,401795,occupancy,17,400260,flow,2,1.9202008290337794e-05,0.00035647905377850995,0.09574509137337728
103,19,401795,occupancy,18,404528,flow,12,0.002604065318180392,0.0238186791753955,0.06752981854615375
103,19,401795,occupancy,19,401795,flow,2,0.00010401341380020792,0.0015797067863151384,-0.08697757636785343
103,19,401795,occupancy,19,401795,flow,4,1.421378019543355e-06,3.48487686970902e-05,0.10795382566015134
103,19,401795,occupancy,19,401795,flow,7,0.0003366390432850724,0.004323069759189991,0.08037314672027802
103,19,401795,occupancy,19,401795,flow,8,0.00035455829495043326,0.0045195982124103615,0.08007022425534249
103,19,401795,occupancy,19,401795,flow,10,0.00033531138565090723,0.0043124298482045825,0.08039618634811259
103,19,401795,occupancy,19,401795,flow,11,1.7966449291589272e-06,4.31914640732697e-05,0.1069090993972913
103,19,401795,speed,1,400125,flow,5,0.0029496537557095934,0.026224540491182228,0.06667851206193667
103,19,401795,speed,11,405841,flow,11,0.0018037709069665868,0.017778440150800035,0.06998631716213723
103,19,401795,speed,13,400183,flow,9,0.004726085158457162,0.03798453559913477,-0.0633703604712154
103,19,401795,speed,15,401472,flow,12,0.00035920122444035326,0.0045630062647951915,-0.07999407189777202
