graph_slot,source_node_index,source_node_id,source_feature,target_node_index,target_node_id,target_feature,lag_5min_steps,raw_p_value,fdr_bh_q_value,parcorr_value
248,0,400593,flow,0,400593,flow,1,8.695993884784592e-09,3.064167502632091e-07,0.12860426314100082
248,0,400593,flow,0,400593,flow,2,3.337033559902412e-20,3.298852397889799e-18,0.20445074744198372
248,0,400593,flow,0,400593,flow,3,5.161681802032659e-28,7.432821794927029e-26,0.24262732571428078
248,0,400593,flow,0,400593,flow,4,5.4007201983002046e-20,5.278531958519657e-18,0.20337410385606883
248,0,400593,flow,0,400593,flow,5,9.570749634444253e-07,2.4108243977142373e-05,0.10969587923534539
248,0,400593,flow,0,400593,flow,6,1.2311912562181697e-05,0.00024023244023769165,0.09793040896286706
248,0,400593,flow,0,400593,flow,7,0.0006916192806349004,0.007655125012407813,0.07607159826365897
248,0,400593,flow,0,400593,flow,8,3.141651475037411e-09,1.1842874670298094e-07,0.13242871708877918
248,0,400593,flow,0,400593,flow,9,2.1183518546400115e-05,0.00038825965261115187,0.09525591205681883
248,0,400593,flow,5,400503,flow,2,0.003007015587457795,0.02512146071904404,0.06654610256332372
248,0,400593,flow,5,400503,flow,8,0.0014795547930995983,0.01419111169225192,0.0712813075148613
248,0,400593,flow,5,400503,flow,10,0.0001591230603611483,0.0022161271161345443,0.0846407662889432
248,0,400593,flow,6,405843,flow,2,0.005655185039434831,0.04114940099437169,0.06207185912793364
248,0,400593,flow,7,408093,flow,3,0.004994763493409611,0.03726662917362611,0.06297272090578858
248,0,400593,flow,11,405841,flow,4,0.003610210029153605,0.02901061630569861,0.06527787812737001
248,0,400593,flow,11,405841,flow,10,0.0028904014809829574,0.02434022299775122,0.06681777383182289
248,0,400593,flow,12,404520,flow,1,0.0027892293152416816,0.023691448371694974,0.06706169506615263
248,0,400593,flow,13,400183,flow,1,0.000676835874035976,0.0075126695165349845,0.07620381811289294
248,0,400593,flow,13,400183,flow,2,0.00010492054340062578,0.001546423567010247,0.086930421873252
248,0,400593,flow,13,400183,flow,3,0.006635888307288627,0.046374594628043594,0.060895340953843545
248,0,400593,flow,13,400183,flow,9,0.0007384499624570447,0.008086448258084748,0.07566942241631291
248,0,400593,flow,14,401469,flow,6,0.0026287484826628352,0.02257692533817783,0.06746569186118113
248,0,400593,flow,14,401469,flow,12,0.004369310433365666,0.033616066023401024,0.06393124777599797
248,0,400593,flow,16,405838,flow,4,0.0007583307959586008,0.008268523570270457,0.07550580705240612
248,0,400593,flow,17,400260,flow,7,4.832295304903381e-05,0.0007940465007984717,0.09105228577624365
248,0,400593,flow,18,404528,flow,2,0.0013235553306566615,0.012991954165954958,0.07200060199206268
248,0,400593,occupancy,0,400593,flow,1,7.279443167194894e-10,2.9807767281783833e-08,0.1376522219062564
248,0,400593,occupancy,0,400593,flow,3,8.600709469170549e-14,5.392607388507514e-12,-0.1663522263900537
248,0,400593,occupancy,0,400593,flow,4,5.586197094066253e-14,3.5541047785517252e-12,-0.16759742200274383
248,0,400593,occupancy,0,400593,flow,8,0.00020575689040600365,0.00277598303108662,0.0831992739115418
248,0,400593,occupancy,0,400593,flow,9,0.006789684721788906,0.04717182051805737,0.06072522190875597
248,0,400593,occupancy,4,400316,flow,1,0.00044763294714052383,0.005331608303410705,0.0786958146666933
248,0,400593,occupancy,5,400503,flow,8,0.006374312529557958,0.045006559092486055,0.06119298829504739
248,0,400593,occupancy,11,405841,flow,6,0.0031756228071514,0.02627358544484373,0.06616981737447514
248,0,400593,occupancy,11,405841,flow,10,0.003425958838324834,0.02784598717133261,0.06564340996902433
248,0,400593,occupancy,12,404520,flow,1,0.0007395314865708316,0.008094188046582195,0.0756604171416893
248,0,400593,occupancy,13,400183,flow,2,7.732769034481075e-05,0.0011850146232337084,0.08857373577856119
248,0,400593,occupancy,13,400183,flow,9,0.001258080655912339,0.012508335361236078,0.07232605744790564
248,0,400593,occupancy,14,401469,flow,6,0.004561474808039672,0.034717355832860085,0.06362420458134363
248,0,400593,occupancy,16,405838,flow,4,0.005115871574804476,0.03794739904387935,0.06279977027065908
248,0,400593,occupancy,17,400260,flow,7,0.0005729325237620773,0.006559948324018484,0.07721692355240756
248,0,400593,speed,0,400593,flow,4,0.002500531040148473,0.021743748175204115,0.06780499782052514
248,0,400593,speed,7,408093,flow,9,0.002317750643659586,0.02051295184299195,0.0683172834546658
248,0,400593,speed,8,401448,flow,8,0.006074482255965971,0.04343943609629696,-0.061547988131257995
248,1,400125,flow,1,400125,flow,1,1.4919574531549637e-120,7.672924044796957e-118,0.48996302414206716
248,1,400125,flow,1,400125,flow,2,5.0391554308119315e-18,4.243499310157416e-16,0.19241187711504842
248,1,400125,flow,1,400125,flow,5,0.0010831420447511286,0.0110884703085072,0.07327912086179589
248,1,400125,flow,1,400125,flow,10,0.004809011114258235,0.03623692251978194,0.06324549652185045
248,1,400125,flow,1,400125,flow,12,2.4324113526951985e-05,0.0004381992094930466,0.09456332832123931
248,1,400125,flow,2,400331,flow,9,0.0003932693325987297,0.004796509081949499,0.07946187353416108
248,1,400125,flow,2,400331,flow,12,0.00232790399135229,0.020585051752608986,0.06828787276937635
248,1,400125,flow,3,400039,flow,1,0.00029956166850172067,0.003822183798107184,0.08105102095863079
248,1,400125,flow,3,400039,flow,12,0.004658394552212396,0.03529334350325772,0.06347376186985597
248,1,400125,flow,4,400316,flow,3,0.00036235948940024573,0.004472515955393074,-0.07994279457019117
248,1,400125,flow,4,400316,flow,11,0.00016752219147006476,0.002313605713397314,0.08435406108727013
248,1,400125,flow,5,400503,flow,2,0.0025013514007267623,0.021746504429743636,0.06780277680012861
248,1,400125,flow,5,400503,flow,7,1.0273621024095516e-05,0.0002039615938607198,0.09880737261449686
248,1,400125,flow,6,405843,flow,1,0.00026480051556424607,0.003441450743795256,0.08176204613206739
248,1,400125,flow,6,405843,flow,12,7.436898435474117e-05,0.0011461791381108877,0.08878182328541012
248,1,400125,flow,8,401448,flow,5,0.0007951708261420943,0.00858569849771019,0.0752128711507248
248,1,400125,flow,10,400497,flow,2,5.3347396558538736e-05,0.0008657428742783145,-0.09053598211627434
248,1,400125,flow,10,400497,flow,3,0.00037990293869042644,0.0046558317592699065,-0.07966534404314524
248,1,400125,flow,10,400497,flow,10,0.00015854422158027897,0.002210396356255048,0.08466104556898857
248,1,400125,flow,10,400497,flow,11,2.100613012041295e-14,1.3939551784974492e-12,0.1703850526570917
248,1,400125,flow,10,400497,flow,12,5.247728990968895e-06,0.00011217312835717776,0.10200057594594826
248,1,400125,flow,12,404520,flow,2,0.0018664073538534594,0.017213663041517814,-0.06976110625006174
248,1,400125,flow,12,404520,flow,3,1.8169902233818986e-07,5.2680521912817455e-06,-0.11674244623583983
248,1,400125,flow,12,404520,flow,9,0.0003173195130125248,0.004004733555986291,0.08071711768953267
248,1,400125,flow,12,404520,flow,11,0.00042618901710570037,0.005125658557618668,0.07898703946556189
248,1,400125,flow,14,401469,flow,10,0.002607607920762736,0.022422106325029896,-0.06752058084916103
248,1,400125,flow,15,401472,flow,1,0.0013391342143189633,0.013103193218251237,0.07192535386046203
248,1,400125,flow,15,401472,flow,2,0.0011032273214789726,0.011249492024646111,-0.07316274729868111
248,1,400125,flow,15,401472,flow,3,1.0911199413889432e-09,4.348374674169958e-08,-0.13622626217209774
248,1,400125,flow,15,401472,flow,4,1.1977938942910793e-05,0.00023382149224299427,-0.09806413441434522
248,1,400125,flow,15,401472,flow,10,0.0027674312717212756,0.023552606567840643,0.0671153046316293
248,1,400125,flow,15,401472,flow,11,6.534915280234857e-08,2.0486817133972843e-06,0.12088252729622964
248,1,400125,flow,15,401472,flow,12,1.0744762778842983e-15,7.948180685719467e-14,0.17858389191561339
248,1,400125,flow,16,405838,flow,1,0.0001237599811972229,0.0017845230933644955,0.08602916260508274
248,1,400125,flow,16,405838,flow,2,2.553650090229464e-05,0.0004575598668515671,0.09431852393562459
248,1,400125,flow,17,400260,flow,1,3.1388170577040104e-06,7.047655763659733e-05,0.10438139047171267
248,1,400125,flow,17,400260,flow,2,7.27822124000774e-05,0.0011253369991708459,0.08889666740265707
248,1,400125,flow,17,400260,flow,3,0.004903761641126411,0.036790986956696935,0.063105189077792
248,1,400125,flow,19,401795,flow,1,9.053703257753882e-09,3.1850161297635807e-07,0.1285174405597212
248,1,400125,flow,19,401795,flow,2,0.002240362332200401,0.01994305640862504,0.06854540653304345
248,1,400125,flow,19,401795,flow,12,0.0022295807453699295,0.019874405695213752,0.0685777589556319
248,1,400125,occupancy,1,400125,flow,1,7.273075131146856e-09,2.594523911358746e-07,-0.12933623837982644
248,1,400125,occupancy,2,400331,flow,6,0.00453713440989667,0.03457558696495395,0.06366244100055443
248,1,400125,occupancy,2,400331,flow,12,0.004517087809431798,0.03448280497746133,0.06369407196642102
248,1,400125,occupancy,5,400503,flow,11,0.005821869226569117,0.0420506187239234,0.06185954370352063
248,1,400125,occupancy,5,400503,flow,12,0.004309420943097913,0.03325598155445334,0.06402944189644875
248,1,400125,occupancy,9,402391,flow,11,0.005003154248646226,0.03732278769496062,0.06296061685007819
248,1,400125,occupancy,13,400183,flow,5,0.006751503938209814,0.04694793470212595,0.06076712939127677
248,1,400125,occupancy,14,401469,flow,1,0.0031963556870336918,0.0263868843263626,0.06612481101950304
248,1,400125,occupancy,16,405838,flow,1,3.073119045229724e-08,9.98937116282348e-07,0.12385095876082229
248,1,400125,occupancy,18,404528,flow,7,0.00014699170890235033,0.0020765342788036413,0.08508106028982346
248,1,400125,occupancy,19,401795,flow,1,0.0046242351328416404,0.03509609236450437,0.06352645951589671
248,1,400125,speed,0,400593,flow,2,0.004857036275730584,0.036517015412550806,0.0631740711577233
248,1,400125,speed,1,400125,flow,1,4.0588743471372807e-07,1.0931631658125344e-05,0.1133863215325396
248,1,400125,speed,1,400125,flow,2,0.00036754266096619296,0.004527471614981333,0.07985953914938244
248,1,400125,speed,12,404520,flow,1,0.0047235194240422464,0.03570534367779966,-0.06337425528214831
248,1,400125,speed,16,405838,flow,1,0.0004086131413343373,0.004952886561628331,-0.07923611459852146
248,1,400125,speed,16,405838,flow,11,0.006184776894859225,0.04403875112754964,-0.06141560278185063
248,1,400125,speed,17,400260,flow,10,0.0064286307342753994,0.045223391584546045,0.06113028777344516
248,1,400125,speed,18,404528,flow,7,0.0001256435089675373,0.0018074590700624745,-0.08594629959128765
248,2,400331,flow,0,400593,flow,1,6.842764206582858e-06,0.00014266767071639935,0.10075042175482114
248,2,400331,flow,0,400593,flow,11,0.002780344465091613,0.023650055675315265,0.06708349992088074
248,2,400331,flow,2,400331,flow,1,6.961886095094963e-51,1.643461635563401e-48,0.3274673543517207
248,2,400331,flow,2,400331,flow,2,2.9661029113010877e-05,0.0005193986451893271,0.09356124274503727
248,2,400331,flow,2,400331,flow,3,9.956804841519103e-09,3.4632364666153404e-07,0.1281283134261463
248,2,400331,flow,2,400331,flow,4,3.249273630189112e-20,3.219463780370863e-18,0.20456335608198462
248,2,400331,flow,2,400331,flow,6,3.154597756959738e-06,7.075733286638665e-05,0.1043584069433536
248,2,400331,flow,2,400331,flow,8,0.00036021758825430445,0.0044563000608779935,0.0799775244831739
248,2,400331,flow,3,400039,flow,2,0.00037516886566451674,0.004609539723470585,0.07973901499656255
248,2,400331,flow,4,400316,flow,2,0.0026919255772702255,0.023041645519729294,0.06730402999059731
248,2,400331,flow,5,400503,flow,1,0.0013310146188310098,0.013047386324824058,0.0719644713027366
248,2,400331,flow,5,400503,flow,2,0.0021173689516403547,0.01905536639217516,0.0689232562078551
248,2,400331,flow,5,400503,flow,3,5.086651132719353e-05,0.0008311018492188957,0.0907848735131283
248,2,400331,flow,5,400503,flow,9,0.005427446600421339,0.03982770394737589,0.062371251380036935
248,2,400331,flow,6,405843,flow,2,0.006594680552382556,0.04615848993242489,0.06094152361231239
248,2,400331,flow,6,405843,flow,3,2.093745631362531e-05,0.0003845655241278118,0.09531423132666511
248,2,400331,flow,6,405843,flow,4,0.0001335269331378504,0.0019124303669526695,0.08561171426554537
248,2,400331,flow,7,408093,flow,5,0.0012085535377240005,0.012141747169692284,0.0725827941989453
248,2,400331,flow,7,408093,flow,6,0.0003949434696517982,0.004814209336613342,0.0794368455017732
248,2,400331,flow,10,400497,flow,1,0.00011442212571683166,0.0016671284421474293,0.08645837063289646
248,2,400331,flow,10,400497,flow,2,0.0004989343113140986,0.005844349850533909,0.07804870834830369
248,2,400331,flow,10,400497,flow,3,0.0051701631951159895,0.03829750514900733,0.06272343578449081
248,2,400331,flow,10,400497,flow,7,0.00021851162376198855,0.002923413486069342,0.08285868172433818
248,2,400331,flow,11,405841,flow,1,0.0003621622257230567,0.00447139415582625,0.07994598507673688
248,2,400331,flow,11,405841,flow,3,0.005352182189700765,0.039337614947241605,0.06247269066476974
248,2,400331,flow,11,405841,flow,10,0.0003953400184720594,0.004816325098136763,0.07943093168354899
248,2,400331,flow,11,405841,flow,12,3.5182240058867476e-06,7.820695141993545e-05,0.10385723783569616
248,2,400331,flow,12,404520,flow,2,0.0003878184120285565,0.004739393323800181,0.07954405872588473
248,2,400331,flow,13,400183,flow,3,3.798116199400175e-06,8.384191099340192e-05,0.10350421408599207
248,2,400331,flow,13,400183,flow,10,1.0568015935819806e-06,2.638949644089108e-05,0.10926177066800043
248,2,400331,flow,14,401469,flow,3,0.002229889916775487,0.019874405695213752,0.0685768292285907
248,2,400331,flow,14,401469,flow,7,0.0014719993911916282,0.01414233243116922,0.07131449697060761
248,2,400331,flow,15,401472,flow,1,0.0008849083270193347,0.00936502688075337,0.07454884948540565
248,2,400331,flow,16,405838,flow,3,0.0067681258485201455,0.04703716805921336,0.06074885898022018
248,2,400331,flow,16,405838,flow,5,0.00032739608711534064,0.004121069628025267,0.08053534150606605
248,2,400331,flow,16,405838,flow,7,1.3985402951774504e-05,0.0002681621870912821,0.09730844413238375
248,2,400331,flow,16,405838,flow,8,0.00225503415267161,0.020048873306320963,0.06850160887853861
248,2,400331,flow,17,400260,flow,3,2.6450305912964787e-06,6.0330159210141436e-05,0.10516297536963004
248,2,400331,flow,17,400260,flow,7,1.6770843206568574e-05,0.00031623763706842533,0.09641560021879268
248,2,400331,flow,17,400260,flow,9,0.00267013750377361,0.022864210141332,0.06735938764092389
248,2,400331,flow,17,400260,flow,10,0.003477675637058893,0.028192078724140396,0.06553903973247023
248,2,400331,flow,18,404528,flow,1,0.007306129539543586,0.049932731546951895,0.06017822139213209
248,2,400331,flow,18,404528,flow,8,3.659157205728705e-05,0.0006199042795587453,0.0924895197085478
248,2,400331,flow,19,401795,flow,4,0.00018198397442420626,0.0024863085689834632,0.08389066968357788
248,2,400331,occupancy,0,400593,flow,1,7.656000113417793e-08,2.3832668711965577e-06,0.1202505488312957
248,2,400331,occupancy,0,400593,flow,6,0.0003264217539187706,0.004110788787098448,0.08055268775437957
248,2,400331,occupancy,0,400593,flow,9,0.0043337610470982075,0.03340204767790233,0.06398938592975689
248,2,400331,occupancy,1,400125,flow,1,0.0027219905190540615,0.023248317600461737,0.0672283110422388
248,2,400331,occupancy,1,400125,flow,2,0.0006504827165087764,0.007280013822067136,0.0764463142568141
248,2,400331,occupancy,2,400331,flow,2,5.186411014915419e-22,5.774560717637786e-20,0.21398570214477136
248,2,400331,occupancy,2,400331,flow,3,0.0002044497786630168,0.002762205556297841,0.08323528993071005
248,2,400331,occupancy,2,400331,flow,6,0.0013031930815107387,0.012840970703525467,0.07210019535341777
248,2,400331,occupancy,3,400039,flow,2,0.0004558015974590475,0.0054073836127062685,0.07858829033550156
248,2,400331,occupancy,5,400503,flow,1,0.006676871882949035,0.04659035137189442,0.06084966439522473
248,2,400331,occupancy,5,400503,flow,11,2.5668160273302563e-05,0.0004593473586605927,0.09429260775568483
248,2,400331,occupancy,6,405843,flow,3,0.00014612931071947564,0.0020670550828688107,0.08511364811441449
248,2,400331,occupancy,6,405843,flow,4,3.47138889492853e-07,9.490504839650714e-06,0.11404663744680046
248,2,400331,occupancy,7,408093,flow,1,0.0007236509030591277,0.007954635880955298,0.07579389183778042
248,2,400331,occupancy,7,408093,flow,5,7.360251964989719e-05,0.0011363934413422296,0.088837004701533
248,2,400331,occupancy,9,402391,flow,12,0.0005354725042617066,0.006191759149921232,0.07762461421431516
248,2,400331,occupancy,10,400497,flow,1,0.0038454219775885035,0.030481143015013458,0.06483512736708576
248,2,400331,occupancy,10,400497,flow,2,0.0008083340488374454,0.008703896039326432,0.07511124863452191
248,2,400331,occupancy,11,405841,flow,1,8.691891973951757e-06,0.00017587341136989036,0.0996110505275598
248,2,400331,occupancy,11,405841,flow,5,8.771609973999151e-06,0.00017732033265173763,0.09956732077760003
248,2,400331,occupancy,12,404520,flow,2,0.005545440770250335,0.040528343981528415,0.06221474789736562
248,2,400331,occupancy,12,404520,flow,9,0.004403636782379192,0.03380190280717503,0.06387551498969948
248,2,400331,occupancy,13,400183,flow,3,0.0004160076062004136,0.00502981488605034,0.07913012918751189
248,2,400331,occupancy,13,400183,flow,10,0.004951728348682914,0.037067174608057855,0.06303509138703582
248,2,400331,occupancy,14,401469,flow,3,0.005025040543301248,0.03745371833516459,0.06292913095002824
248,2,400331,occupancy,14,401469,flow,4,2.3736435301384705e-05,0.0004290435167446943,0.09468619623617952
248,2,400331,occupancy,14,401469,flow,7,0.0016158453296429497,0.015257818194661297,0.07070793865449003
248,2,400331,occupancy,14,401469,flow,11,0.002302316549151386,0.02039788246992204,0.06836221724005051
248,2,400331,occupancy,15,401472,flow,1,0.0014154818226807565,0.013690013766510202,0.07156786528186843
248,2,400331,occupancy,15,401472,flow,3,0.0013319745888125203,0.01305383444571254,0.07195983504492164
248,2,400331,occupancy,16,405838,flow,4,0.00047146988641294665,0.005566411339994342,0.07838698335964357
248,2,400331,occupancy,16,405838,flow,5,0.00558710599383863,0.040750123068348604,0.06216020139232027
248,2,400331,occupancy,16,405838,flow,6,0.0006338785202522947,0.00712371281865222,0.076603834997971
248,2,400331,occupancy,16,405838,flow,7,2.8266075373370275e-05,0.0004988130948241814,0.09380550412646478
248,2,400331,occupancy,17,400260,flow,3,2.8541771455884115e-06,6.472464708106004e-05,0.10481615580366435
248,2,400331,occupancy,17,400260,flow,4,0.000155334821632887,0.002176602106565267,0.08477476425376486
248,2,400331,occupancy,17,400260,flow,8,0.001712855255517336,0.01599553546008407,0.07032633080469809
248,2,400331,occupancy,17,400260,flow,10,0.001621879429443003,0.015298076714396884,0.07068359582356616
248,2,400331,occupancy,17,400260,flow,12,0.0042844863303587504,0.0330872022651945,0.0640706893489973
248,2,400331,occupancy,18,404528,flow,1,0.0038826143463442566,0.030725213365464715,0.06476738209662715
248,2,400331,occupancy,18,404528,flow,3,0.0022336245568991683,0.01989537749650393,0.0685656078930183
248,2,400331,occupancy,18,404528,flow,7,0.002391950785846656,0.020992432885920544,0.06810501254210803
248,2,400331,occupancy,19,401795,flow,2,0.00453179732308202,0.03455845443197587,0.06367084986322488
248,2,400331,speed,0,400593,flow,1,0.002156241642264462,0.01935375835151148,-0.06880170877255264
248,2,400331,speed,1,400125,flow,5,0.004338596246587273,0.03343334959910278,0.06398145302281269
248,2,400331,speed,2,400331,flow,1,0.006016472517346261,0.04319621285513686,-0.06161848709293291
248,2,400331,speed,2,400331,flow,4,0.0006012952053233272,0.006814258360432249,0.07692442456819536
248,2,400331,speed,2,400331,flow,5,0.001771071234126532,0.016436149798983068,0.07010675856325517
248,2,400331,speed,3,400039,flow,1,0.006904215900748863,0.047737216215164996,0.06060076905045882
248,2,400331,speed,3,400039,flow,4,0.0030120121470640195,0.025143753575490944,0.06653467818930955
248,2,400331,speed,5,400503,flow,6,0.0005797241764917236,0.006625419159905412,0.07714567564244429
248,2,400331,speed,10,400497,flow,5,0.004633584202121632,0.035154695737909115,-0.06351200181507104
248,2,400331,speed,14,401469,flow,8,0.0019792234453661498,0.01805754019848314,-0.06937242680660774
248,2,400331,speed,15,401472,flow,6,0.0020039474253144346,0.018240735097678797,-0.0692899687107743
248,2,400331,speed,15,401472,flow,7,0.00590099811912287,0.042490367349501,-0.06176066337609322
248,3,400039,flow,1,400125,flow,1,3.0491402384824974e-05,0.0005326439882832344,0.09339753438602776
248,3,400039,flow,1,400125,flow,11,0.00036407417568439,0.004488585727615767,0.07991512970828245
248,3,400039,flow,1,400125,flow,12,0.0015471724454074486,0.014723395932211884,0.0709910319654219
248,3,400039,flow,2,400331,flow,8,0.00027562782444709655,0.0035607422296993333,0.08153164347375805
248,3,400039,flow,2,400331,flow,9,0.004232203881975097,0.032794835462120926,0.06415788725062614
248,3,400039,flow,2,400331,flow,10,8.936092556102844e-05,0.001341345373257967,0.08779836594006825
248,3,400039,flow,3,400039,flow,1,1.182783262812585e-86,4.33018957233082e-84,0.4220451085074919
248,3,400039,flow,3,400039,flow,2,8.156221487188637e-15,5.619597579689779e-13,0.17303749225549278
248,3,400039,flow,3,400039,flow,3,8.055753100661957e-11,3.617552327947989e-09,0.14516408876748027
248,3,400039,flow,3,400039,flow,4,2.233819363176306e-08,7.394712374652599e-07,0.1250853495262823
248,3,400039,flow,3,400039,flow,5,1.5708393122251938e-09,6.130104633073927e-08,0.13492963530594032
248,3,400039,flow,3,400039,flow,6,4.285141904733006e-13,2.4914956969645473e-11,0.16163237981379908
248,3,400039,flow,3,400039,flow,7,0.0004981815802347948,0.005837115342051297,0.07805774579335686
248,3,400039,flow,3,400039,flow,8,2.554029771758558e-06,5.862597563228996e-05,0.10532216638067388
248,3,400039,flow,3,400039,flow,9,0.00027431980071661045,0.003545965108006455,0.08155902314909097
248,3,400039,flow,3,400039,flow,10,7.772427511379401e-05,0.0011889832453668206,0.08854641750134534
248,3,400039,flow,3,400039,flow,11,2.0075122312359753e-10,8.663789049889524e-09,0.14209612773563332
248,3,400039,flow,3,400039,flow,12,1.7879271305900272e-07,5.19774239848514e-06,0.11680882710018677
248,3,400039,flow,4,400316,flow,6,2.384523697561565e-07,6.785996293455838e-06,0.11561790483050642
248,3,400039,flow,4,400316,flow,11,2.1962501801062495e-05,0.0004004981333076825,0.09505159467269075
248,3,400039,flow,5,400503,flow,1,0.00012325897476697068,0.0017784862090625027,0.0860514036420432
248,3,400039,flow,5,400503,flow,5,0.00019584113338317938,0.002662157634409487,0.08347803658082287
248,3,400039,flow,5,400503,flow,9,8.650786913701285e-05,0.0013044118487675236,0.08797286455237611
248,3,400039,flow,5,400503,flow,11,0.00040250343635746326,0.004893934266997583,0.07932504486920935
248,3,400039,flow,5,400503,flow,12,0.0034664109453957257,0.02812715117225683,0.06556165230345684
248,3,400039,flow,6,405843,flow,1,0.0009867695782434364,0.010283016228694371,0.07386684661231652
248,3,400039,flow,6,405843,flow,11,0.0008697945300625143,0.009239027218760909,0.07465618198939501
248,3,400039,flow,6,405843,flow,12,0.0003134355992365092,0.003962662536440503,0.08078862646429767
248,3,400039,flow,7,408093,flow,10,0.0014721775218279626,0.01414233243116922,0.0713137126726074
248,3,400039,flow,7,408093,flow,12,3.975889744909289e-09,1.474321347468509e-07,0.13156834517306576
248,3,400039,flow,8,401448,flow,9,0.002390720406065201,0.020987425633411234,0.0681084829830626
248,3,400039,flow,9,402391,flow,12,0.00030009629245466874,0.0038264934575093536,0.08104070101588627
248,3,400039,flow,10,400497,flow,5,0.005739782605973408,0.04159900470047524,0.061963407822270174
248,3,400039,flow,10,400497,flow,6,0.0032762095454279623,0.0269148364158865,0.06595391413185805
248,3,400039,flow,10,400497,flow,10,7.486415242770602e-10,3.059726948795553e-08,0.13755391888243146
248,3,400039,flow,10,400497,flow,11,4.778927295103354e-13,2.7637169899392894e-11,0.16130672830569912
248,3,400039,flow,10,400497,flow,12,1.2895578668705328e-07,3.884860519442609e-06,0.11814625600182276
248,3,400039,flow,11,405841,flow,2,0.006621083807396323,0.04632078064445686,-0.06091190302859878
248,3,400039,flow,12,404520,flow,6,1.244316500089648e-11,6.129358358480364e-10,0.15124587364576228
248,3,400039,flow,12,404520,flow,10,0.000385927764371974,0.0047176229261090205,0.0795728167096076
248,3,400039,flow,12,404520,flow,11,1.9252649122710297e-07,5.563307305023979e-06,0.1165038580034172
248,3,400039,flow,15,401472,flow,1,0.00020961141001883094,0.0028226972920241573,0.08309430366017678
248,3,400039,flow,15,401472,flow,3,2.8425741460282857e-05,0.0005008124107195022,-0.09377697271386737
248,3,400039,flow,15,401472,flow,11,2.071587331793202e-09,7.93373871750588e-08,0.13393677925566694
248,3,400039,flow,15,401472,flow,12,1.4868162688729229e-10,6.487925536900027e-09,0.1431122301924773
248,3,400039,flow,16,405838,flow,4,0.00593373290892655,0.04269812074131172,0.061720106466899544
248,3,400039,flow,16,405838,flow,12,0.0017995158131269681,0.016664326500982856,0.07000187573446291
248,3,400039,flow,17,400260,flow,1,0.003499700284515571,0.028304092622394847,0.06549501955940426
248,3,400039,flow,17,400260,flow,9,0.0014774856462411404,0.014177561065663542,-0.07129038134176176
248,3,400039,flow,17,400260,flow,12,3.239930060790979e-08,1.0499998396561912e-06,0.12364524598548814
248,3,400039,flow,18,404528,flow,1,4.645581781519385e-10,1.942779602726403e-08,0.13914821836241698
248,3,400039,flow,19,401795,flow,1,0.00011633660043520564,0.0016933090090299474,0.0863677488141957
248,3,400039,flow,19,401795,flow,2,0.0003667566110026118,0.004519077465862188,0.07987209434888792
248,3,400039,flow,19,401795,flow,12,1.5016796341373206e-05,0.00028527950833215593,0.09695957361678119
248,3,400039,occupancy,0,400593,flow,5,0.0010906831617790646,0.01115207398552795,0.07323519581720589
248,3,400039,occupancy,0,400593,flow,11,0.0032107558728595702,0.02649057557439523,0.06609370768488462
248,3,400039,occupancy,2,400331,flow,4,7.518448106516908e-06,0.00015496038082134085,0.10030332313847277
248,3,400039,occupancy,2,400331,flow,6,0.0028573760510687317,0.02413015497438721,0.06689652832773099
248,3,400039,occupancy,2,400331,flow,7,0.0006715895332315354,0.007474484399362374,0.07625138598263599
248,3,400039,occupancy,2,400331,flow,11,0.0033772074342491463,0.027527426633879835,0.0657431163216648
248,3,400039,occupancy,2,400331,flow,12,0.0015040510689943041,0.014371821760794943,0.0711747628610302
248,3,400039,occupancy,3,400039,flow,1,2.1900749193340445e-13,1.3140449516004268e-11,-0.16362204590775145
248,3,400039,occupancy,3,400039,flow,6,0.0033730060577891597,0.027507094596705976,0.06575177014985942
248,3,400039,occupancy,3,400039,flow,10,0.0006173178033385275,0.0069702376121861965,0.07676481103880599
248,3,400039,occupancy,4,400316,flow,6,0.00036068397559006196,0.0044607923691642355,0.07996994583096875
248,3,400039,occupancy,4,400316,flow,11,1.4301702132393996e-06,3.447731764059267e-05,0.10792645166125518
248,3,400039,occupancy,5,400503,flow,1,2.485871785812083e-07,7.01893210111647e-06,0.11544477008158123
248,3,400039,occupancy,5,400503,flow,3,0.0013181794167514294,0.012948010642033141,0.07202675800286859
248,3,400039,occupancy,5,400503,flow,5,3.0734405791968835e-06,6.918844868228524e-05,0.10447780204181256
248,3,400039,occupancy,5,400503,flow,6,0.0009168781793700682,0.009672561013134785,0.07432729647310016
248,3,400039,occupancy,5,400503,flow,9,0.0001439757057842442,0.0020406005544223588,0.08519582432530667
248,3,400039,occupancy,5,400503,flow,11,1.709738048924105e-06,4.0672182661630694e-05,0.10713098977371484
248,3,400039,occupancy,5,400503,flow,12,0.0033453224253058244,0.02736045603430739,0.06580903825559353
248,3,400039,occupancy,6,405843,flow,2,0.0036354454356216643,0.029180832928066874,0.06522914122568091
248,3,400039,occupancy,6,405843,flow,5,0.0036164468250640654,0.029044525533141408,0.06526580432820532
248,3,400039,occupancy,6,405843,flow,11,0.00019769519085659567,0.0026848262323184323,0.0834249209514558
248,3,400039,occupancy,7,408093,flow,12,0.00015383465488334508,0.002159784559948166,0.0848286795234018
248,3,400039,occupancy,10,400497,flow,4,0.0029051586970426668,0.0244454335240053,0.06678284787058957
248,3,400039,occupancy,10,400497,flow,5,0.0006788941840364125,0.007531645801328459,0.07618524918848077
248,3,400039,occupancy,10,400497,flow,6,0.003949676527160341,0.031124183554714562,0.06464670444057836
248,3,400039,occupancy,10,400497,flow,9,0.0028264275354368314,0.02394619916275174,0.06697108744408338
248,3,400039,occupancy,10,400497,flow,10,1.345510508092205e-10,5.889164533899012e-09,0.14344858617869374
248,3,400039,occupancy,10,400497,flow,11,5.3056410680096957e-11,2.4479018802067644e-09,0.146545869635761
248,3,400039,occupancy,10,400497,flow,12,0.0016732639236728035,0.015690254287533126,0.0704796094986359
248,3,400039,occupancy,11,405841,flow,7,0.000350532470404669,0.004360208097172963,0.08013701314479671
248,3,400039,occupancy,12,404520,flow,5,0.0014195332175301661,0.013722048556120648,0.0715493955730195
248,3,400039,occupancy,12,404520,flow,6,4.752803949202753e-08,1.5063912737018264e-06,0.1221439148784183
248,3,400039,occupancy,12,404520,flow,8,8.784446666591836e-05,0.0013213373816043429,0.08789044966343898
248,3,400039,occupancy,12,404520,flow,10,0.006275078419171441,0.04450957085055272,0.061308787156079146
248,3,400039,occupancy,12,404520,flow,11,1.0074015289945654e-07,3.0996970122909705e-06,0.11914730278646954
248,3,400039,occupancy,14,401469,flow,2,0.006685608892871812,0.046629428497129644,0.060839959500421995
248,3,400039,occupancy,14,401469,flow,11,0.0015958139110081192,0.015104987063004107,0.07078935349327818
248,3,400039,occupancy,14,401469,flow,12,0.005030516968724297,0.03748806849213207,0.06292127187691239
248,3,400039,occupancy,15,401472,flow,1,2.5232370562716195e-05,0.00045286182314471936,0.09437887861376679
248,3,400039,occupancy,15,401472,flow,6,0.004969630039034677,0.037169000818152824,0.0630090873454854
248,3,400039,occupancy,15,401472,flow,10,4.4748279590478986e-11,2.080867253292457e-09,0.14710562588416262
248,3,400039,occupancy,15,401472,flow,11,1.2582325327980094e-12,6.941972594747638e-11,0.15838627841658068
248,3,400039,occupancy,15,401472,flow,12,3.6909356059368753e-10,1.563219786043853e-08,0.14001272118173175
248,3,400039,occupancy,16,405838,flow,2,2.992476368366989e-05,0.0005238046155326334,0.09351629152470833
248,3,400039,occupancy,16,405838,flow,3,0.0002291618393269354,0.0030498433330017278,0.08258828722701593
248,3,400039,occupancy,16,405838,flow,4,3.422459084407753e-05,0.0005860096410876533,0.09283207304103247
248,3,400039,occupancy,16,405838,flow,6,0.0010876161768375307,0.011125981254885467,0.07325302623990791
248,3,400039,occupancy,16,405838,flow,7,3.650837778836108e-05,0.000619223368848527,0.09250119849800312
248,3,400039,occupancy,16,405838,flow,8,0.002119560232489054,0.01906412701301835,0.06891635032795476
248,3,400039,occupancy,16,405838,flow,12,8.605405158873844e-06,0.0001742866867620019,0.0996589286357157
248,3,400039,occupancy,17,400260,flow,1,2.920316384684529e-05,0.0005117958126505949,0.09364019113013715
248,3,400039,occupancy,17,400260,flow,3,0.000776670771874151,0.008434433721710238,0.07535836433501739
248,3,400039,occupancy,17,400260,flow,6,0.0006795118286312471,0.007534628079278715,0.07617968734388042
248,3,400039,occupancy,17,400260,flow,12,2.1900705828783e-06,5.108587968701002e-05,0.10601853252598181
248,3,400039,occupancy,18,404528,flow,7,0.002088438014104627,0.018870638403957307,0.06901505218973095
248,3,400039,occupancy,18,404528,flow,11,0.0011102996677759998,0.011296501565690812,0.07312223599009228
248,3,400039,occupancy,19,401795,flow,1,3.624629328937608e-07,9.849580661481883e-06,0.11386457032036566
248,3,400039,occupancy,19,401795,flow,2,0.00038030598543435467,0.004659449396132762,0.07965911155736065
248,3,400039,occupancy,19,401795,flow,4,0.0010531069505757091,0.010848352976834192,0.07345691970004446
248,3,400039,occupancy,19,401795,flow,7,0.00023098462049916054,0.0030703186478657648,0.08254319437782091
248,3,400039,occupancy,19,401795,flow,10,0.0007004624613445474,0.007739124892604718,0.0759937558597297
248,3,400039,occupancy,19,401795,flow,11,0.0001320134598934823,0.0018927917249911832,0.08567447944689524
248,3,400039,occupancy,19,401795,flow,12,0.00016873251044503278,0.0023295763666428305,0.08431386557032575
248,3,400039,speed,2,400331,flow,8,0.004101527314856407,0.03201770509609628,0.0643801786489897
248,3,400039,speed,3,400039,flow,1,0.005160915500623757,0.03823555987428336,0.06273638681781263
248,3,400039,speed,4,400316,flow,1,0.0037315636036367684,0.029817485559921728,0.06504628127344454
248,3,400039,speed,10,400497,flow,3,0.0011171810260929573,0.011350475147510761,-0.07308304689496932
248,3,400039,speed,14,401469,flow,10,0.0027630320066489586,0.023526592865178646,-0.06712617079500953
248,4,400316,flow,1,400125,flow,1,0.00015690218874449589,0.002193480020380487,0.0847189544484771
248,4,400316,flow,1,400125,flow,2,0.00013710762574320535,0.0019534801752693165,0.0854658461407962
248,4,400316,flow,1,400125,flow,9,3.3286186481975355e-05,0.0005719822020769035,-0.09297414229359117
248,4,400316,flow,1,400125,flow,12,7.610254117295177e-05,0.0011687272586816625,0.08865897277584468
248,4,400316,flow,3,400039,flow,2,0.0010105360221767039,0.010482107679828833,-0.07371713147018301
248,4,400316,flow,3,400039,flow,3,2.2663350420400465e-06,5.2637459040930116e-05,-0.10586386088690791
248,4,400316,flow,3,400039,flow,7,0.003970974418983197,0.03125270448170415,-0.06460876803319425
248,4,400316,flow,3,400039,flow,8,0.00020192501947874827,0.0027311085915722997,-0.08330547304145218
248,4,400316,flow,3,400039,flow,9,3.528616839530298e-05,0.0006015637232348416,-0.09267574597410211
248,4,400316,flow,3,400039,flow,10,0.00011092833812699699,0.0016195012528172593,-0.08662749637381324
248,4,400316,flow,4,400316,flow,1,1.3871940643710818e-05,0.0002661047228278452,0.09732389545548402
248,4,400316,flow,4,400316,flow,3,2.5811742654841044e-06,5.915476300738106e-05,-0.10527411955558261
248,4,400316,flow,4,400316,flow,4,0.005337765045327005,0.03926638301835873,-0.06249226845478466
248,4,400316,flow,4,400316,flow,7,0.0005540121331694133,0.006378817737984716,-0.07741963375042056
248,4,400316,flow,4,400316,flow,8,4.891608259956897e-06,0.00010557663876708337,-0.10232919634768702
248,4,400316,flow,4,400316,flow,11,0.0034915276356437598,0.02826194376237782,0.06549485221206512
248,4,400316,flow,5,400503,flow,1,0.0072185897737529325,0.04948319235578018,0.060268446987173104
248,4,400316,flow,5,400503,flow,2,7.737696422190711e-05,0.0011853492391441089,0.08857033441336061
248,4,400316,flow,5,400503,flow,12,0.00689778794600293,0.047708043430567816,0.06060770457692095
248,4,400316,flow,6,405843,flow,1,1.7880046408559481e-09,6.890437152986347e-08,0.13446590774658138
248,4,400316,flow,6,405843,flow,9,0.00011269518403799749,0.0016436299630119824,-0.08654134992963029
248,4,400316,flow,7,408093,flow,11,0.0005205340868116505,0.006051298031087708,0.07779464368351462
248,4,400316,flow,7,408093,flow,12,0.0006303953141378582,0.007095642931411014,0.07663736561707836
248,4,400316,flow,9,402391,flow,1,1.1460564932551089e-15,8.463186411730034e-14,0.1783659290351925
248,4,400316,flow,9,402391,flow,3,9.357736942231468e-05,0.001394460972419453,-0.08754987671098094
248,4,400316,flow,9,402391,flow,4,0.0002479547603236006,0.00326176785809365,-0.08213869147958716
248,4,400316,flow,9,402391,flow,5,0.00041730669207253106,0.005038470960741571,-0.07911169107781471
248,4,400316,flow,9,402391,flow,9,1.4415022315320456e-05,0.0002751785081846415,-0.09716023960972604
248,4,400316,flow,9,402391,flow,12,0.0009883587983216505,0.01029093759640764,0.07385673190168993
248,4,400316,flow,10,400497,flow,1,2.9135899976054065e-11,1.374094846032244e-09,0.14850656756135924
248,4,400316,flow,10,400497,flow,5,5.3944423055824216e-05,0.0008728086427009761,0.09047772407469126
248,4,400316,flow,10,400497,flow,8,3.083928851088115e-09,1.1635434617205813e-07,-0.13249623260712637
248,4,400316,flow,10,400497,flow,9,1.4969982166660418e-06,3.59080083064814e-05,-0.10772352105210609
248,4,400316,flow,10,400497,flow,11,5.638457225572821e-12,2.9101714712633915e-10,0.15375033705428168
248,4,400316,flow,10,400497,flow,12,5.795912895365273e-30,9.090026504384838e-28,0.251224987693446
248,4,400316,flow,11,405841,flow,1,0.007115050591236101,0.04888202696269077,0.06037643832532563
248,4,400316,flow,11,405841,flow,3,0.0018971204029311695,0.017444785314309607,-0.06965320093968078
248,4,400316,flow,12,404520,flow,3,1.0779652822190592e-09,4.303890960430994e-08,-0.13623519401906653
248,4,400316,flow,12,404520,flow,10,8.865599674785747e-05,0.0013326162350408637,0.08784098625188516
248,4,400316,flow,12,404520,flow,11,2.085988369803263e-08,6.942580706895298e-07,0.1253487694507098
248,4,400316,flow,12,404520,flow,12,3.841069908407196e-17,3.124938230568566e-15,0.18733012289995427
248,4,400316,flow,13,400183,flow,1,0.006872127454513021,0.04758389261659921,0.06063544924063003
248,4,400316,flow,14,401469,flow,2,0.004105663102456096,0.03204419982404758,0.06435685821356092
248,4,400316,flow,14,401469,flow,9,0.00240693435654766,0.02108691222933663,-0.06806288001118523
248,4,400316,flow,15,401472,flow,1,7.996037951467535e-32,1.3337020830247008e-29,0.25907943641647624
248,4,400316,flow,15,401472,flow,2,2.1677773579224735e-08,7.192625335042309e-07,0.1252008731727648
248,4,400316,flow,15,401472,flow,4,0.0029332036996741703,0.024623863160886935,-0.06671691727068646
248,4,400316,flow,15,401472,flow,8,1.0964328356924107e-06,2.726879591359363e-05,-0.10910011592756268
248,4,400316,flow,15,401472,flow,9,1.0548838023127445e-16,8.285632774529194e-15,-0.18472323632434606
248,4,400316,flow,15,401472,flow,10,0.000858445970942038,0.009144305939711935,-0.07473791708941041
248,4,400316,flow,15,401472,flow,11,3.113895351190787e-08,1.01143067046197e-06,0.12379969107102255
248,4,400316,flow,15,401472,flow,12,7.035128915636943e-47,1.5427287774391674e-44,0.3146196589199507
248,4,400316,flow,16,405838,flow,1,0.0009418048450704492,0.00990139993268072,0.07415946203365699
248,4,400316,flow,16,405838,flow,3,0.006631955279651102,0.04637430690853474,0.06089973766571277
248,4,400316,flow,16,405838,flow,7,0.0036808238276575173,0.029501222514806077,0.06514227066544222
248,4,400316,flow,16,405838,flow,8,0.006945839162264512,0.047925291776046465,0.06055599885861726
248,4,400316,flow,17,400260,flow,1,6.100533809993407e-06,0.00012868313505454842,0.10129304313121493
248,4,400316,flow,17,400260,flow,2,3.6114681993460888e-06,8.017236701528831e-05,0.1037367311626998
248,4,400316,flow,17,400260,flow,3,1.4504215355712182e-07,4.306406208706297e-06,0.1176667909539934
248,4,400316,flow,17,400260,flow,4,0.001415895916213555,0.013690013766510202,0.07156597525789093
248,4,400316,flow,17,400260,flow,5,0.005835472353879554,0.04213030576037241,0.061842459259677796
248,4,400316,flow,17,400260,flow,6,1.6925257722771084e-05,0.0003190100932040623,0.09637034172763559
248,4,400316,flow,17,400260,flow,10,1.310105203691044e-10,5.757532533006419e-09,-0.14353826850583173
248,4,400316,flow,18,404528,flow,1,4.0428472782137046e-13,2.369755799441412e-11,0.1618059004343575
248,4,400316,flow,18,404528,flow,2,8.19791174326901e-09,2.90048965855218e-07,0.12888932390921018
248,4,400316,flow,18,404528,flow,3,1.0821140565088991e-09,4.316466042583974e-08,0.13625561074770343
248,4,400316,flow,18,404528,flow,4,0.006509874617806715,0.045683330651275195,0.06103738968964875
248,4,400316,flow,18,404528,flow,11,0.003541709291401994,0.02855577480189738,0.06541175102904977
248,4,400316,flow,18,404528,flow,12,0.002417499287375,0.021162303792218846,0.06803331629262521
248,4,400316,flow,19,401795,flow,2,5.435364495430731e-05,0.0008784427467362798,0.0904381436321261
248,4,400316,flow,19,401795,flow,6,0.0058839890464862385,0.042385914091746794,0.06178181689792785
248,4,400316,occupancy,1,400125,flow,1,7.616295400055603e-11,3.4273329300250214e-09,0.14535046127310877
248,4,400316,occupancy,1,400125,flow,2,0.0004768181920857518,0.005618736648938862,0.07831969396602045
248,4,400316,occupancy,1,400125,flow,9,0.003802650492443643,0.030252829459104652,0.06491377423054653
248,4,400316,occupancy,1,400125,flow,10,9.088174644711912e-09,3.1919442654597934e-07,0.12850318684464804
248,4,400316,occupancy,1,400125,flow,11,7.960069792253823e-15,5.502000240405842e-13,0.17310519242180786
248,4,400316,occupancy,1,400125,flow,12,3.064152529828128e-12,1.6321996213141198e-10,0.15565210570813987
248,4,400316,occupancy,2,400331,flow,1,0.003983157259774843,0.03130865968381973,0.06458715053838975
248,4,400316,occupancy,2,400331,flow,8,0.0002915975982960965,0.0037313436748789603,0.08120682884130477
248,4,400316,occupancy,2,400331,flow,9,0.0021238453907243045,0.019088772050497447,0.06890286442295154
248,4,400316,occupancy,2,400331,flow,10,0.00017024693505359177,0.002344490785564286,0.08426395048525698
248,4,400316,occupancy,2,400331,flow,11,0.0001658108689816502,0.0022951071900055393,0.08441136364873045
248,4,400316,occupancy,3,400039,flow,1,1.1269088869185048e-07,3.4356008408524635e-06,0.1186938391974306
248,4,400316,occupancy,3,400039,flow,2,0.007051374405052907,0.0485294526522679,0.06044355476495461
248,4,400316,occupancy,3,400039,flow,10,4.820885575555845e-05,0.0007924743411872622,0.09106459130313953
248,4,400316,occupancy,3,400039,flow,11,1.672214722956644e-06,3.9845381153738016e-05,0.10723016150085293
248,4,400316,occupancy,3,400039,flow,12,0.00015856523861190725,0.002210396356255048,0.0846603080323094
248,4,400316,occupancy,4,400316,flow,2,0.0007663640843505197,0.008339276686131599,-0.07544082140160253
248,4,400316,occupancy,4,400316,flow,3,0.0005213845606903466,0.0060564165156824345,-0.07778484232503924
248,4,400316,occupancy,4,400316,flow,8,0.001883604053210195,0.017338950585697937,0.06970048940299334
248,4,400316,occupancy,4,400316,flow,9,6.629059415029212e-13,3.768096930648183e-11,0.1603255555187451
248,4,400316,occupancy,4,400316,flow,10,2.2394863509772853e-20,2.2710284122586554e-18,0.2054805066072154
248,4,400316,occupancy,4,400316,flow,11,3.0942721946888816e-15,2.2094637819927221e-13,0.1757121971048268
248,4,400316,occupancy,4,400316,flow,12,0.00045902384169930956,0.005440282568288113,0.07854636933026227
248,4,400316,occupancy,5,400503,flow,1,1.0179778484671572e-12,5.652524814110693e-11,0.15903015647436863
248,4,400316,occupancy,5,400503,flow,2,4.167195845755369e-06,9.140162967307822e-05,0.10307500078987357
248,4,400316,occupancy,5,400503,flow,3,4.953089727758848e-06,0.00010671993827390634,0.10227086059218686
248,4,400316,occupancy,5,400503,flow,4,0.0001559852030763981,0.0021828833083577573,0.0847515418878986
248,4,400316,occupancy,5,400503,flow,5,5.056684632593418e-08,1.594516614073253e-06,0.12189939939279308
248,4,400316,occupancy,5,400503,flow,6,4.8723351951559826e-08,1.5397577207808225e-06,0.12204597624950218
248,4,400316,occupancy,5,400503,flow,7,1.462202507262825e-06,3.5190611873957683e-05,0.10782807034538716
248,4,400316,occupancy,5,400503,flow,8,1.1840757361221237e-09,4.701477187543726e-08,0.13593641578625945
248,4,400316,occupancy,5,400503,flow,9,6.059098153143476e-13,3.4669276849774596e-11,0.16059571300181283
248,4,400316,occupancy,5,400503,flow,10,1.6095694241435084e-18,1.4164733179689186e-16,0.19527959600470818
248,4,400316,occupancy,5,400503,flow,11,1.1151012386913835e-21,1.2103611435042153e-19,0.21232850287016639
248,4,400316,occupancy,5,400503,flow,12,1.5200713459186392e-15,1.1111181411791068e-13,0.17764729320827
248,4,400316,occupancy,6,405843,flow,1,2.7163534992089425e-07,7.619900725053657e-06,0.11507512490431013
248,4,400316,occupancy,6,405843,flow,4,1.1214617685415015e-05,0.00022073341135848737,0.09838363913108045
248,4,400316,occupancy,6,405843,flow,5,5.000894406888883e-07,1.3327491571721143e-05,0.11249907943586111
248,4,400316,occupancy,6,405843,flow,6,0.0023409023634156545,0.02065502085366754,0.06825039190606182
248,4,400316,occupancy,6,405843,flow,10,2.7747549870035415e-07,7.753519756698123e-06,0.1149862732370736
248,4,400316,occupancy,6,405843,flow,11,2.248410156610251e-15,1.6215579092748389e-13,0.17658426501711516
248,4,400316,occupancy,6,405843,flow,12,5.315120286189688e-11,2.4479018802067644e-09,0.14653999117968014
248,4,400316,occupancy,7,408093,flow,9,0.006400708893649537,0.04510776903844372,0.061162458725397675
248,4,400316,occupancy,7,408093,flow,10,0.003344163537767691,0.027356156945950436,0.06581144499525413
248,4,400316,occupancy,8,401448,flow,7,0.0002176011915814984,0.002912134905923399,-0.08288236664474148
248,4,400316,occupancy,8,401448,flow,8,0.0006651598391018956,0.00740781259324617,-0.07631015620746046
248,4,400316,occupancy,9,402391,flow,1,1.3641917595924904e-07,4.078414118643293e-06,0.11791701502164126
248,4,400316,occupancy,9,402391,flow,2,0.001226192219644286,0.012278976330234852,0.07249026450197958
248,4,400316,occupancy,9,402391,flow,9,9.961179533095403e-05,0.0014748244629861518,0.08721203556427623
248,4,400316,occupancy,9,402391,flow,10,1.5258528315323767e-10,6.638151291258678e-09,0.143024810819539
248,4,400316,occupancy,9,402391,flow,11,6.56952752167913e-14,4.1552502040488785e-12,0.1671306834879819
248,4,400316,occupancy,9,402391,flow,12,2.1331301381122857e-11,1.023902466293897e-09,0.1495163074219191
248,4,400316,occupancy,10,400497,flow,3,1.3452826473554104e-13,8.19692670885102e-12,0.1650512955707063
248,4,400316,occupancy,10,400497,flow,4,1.5782599723531674e-23,1.8577883053312487e-21,0.2216593176533292
248,4,400316,occupancy,10,400497,flow,5,1.3127283715093303e-09,5.1789831643107825e-08,0.1355698729211287
248,4,400316,occupancy,10,400497,flow,8,3.5026337129743885e-10,1.4863828723034733e-08,0.1401930780311765
248,4,400316,occupancy,10,400497,flow,9,2.0269759285893455e-59,5.438842243171411e-57,0.35317612188368364
248,4,400316,occupancy,10,400497,flow,10,2.034747102976944e-109,9.766786094289333e-107,0.4694852594145946
248,4,400316,occupancy,10,400497,flow,11,5.498541594298691e-78,1.759533310175581e-75,0.401925435181999
248,4,400316,occupancy,10,400497,flow,12,6.363175252550188e-09,2.2902281030236887e-07,0.12983345832022505
248,4,400316,occupancy,11,405841,flow,2,6.0135775273116605e-05,0.0009579150043505301,-0.08990714406807035
248,4,400316,occupancy,11,405841,flow,3,0.004038938181752109,0.03162896422686877,-0.06448893143247375
248,4,400316,occupancy,12,404520,flow,1,0.0011647540106101229,0.01177014579142861,-0.07281806483663264
248,4,400316,occupancy,12,404520,flow,2,1.8686267634758033e-07,5.406877172280958e-06,-0.11662699766756736
248,4,400316,occupancy,12,404520,flow,5,2.7076432731789674e-05,0.00048017319130267403,0.09402303793379874
248,4,400316,occupancy,12,404520,flow,6,1.40621715614608e-06,3.391880577638786e-05,0.10800141259797677
248,4,400316,occupancy,12,404520,flow,7,1.1033738726066096e-07,3.3709866546397124e-06,0.11877934036407876
248,4,400316,occupancy,12,404520,flow,8,1.0541940088515632e-13,6.524524524697354e-12,0.1657616697986739
248,4,400316,occupancy,12,404520,flow,9,3.0691054757798567e-23,3.564122488002414e-21,0.22022996115223303
248,4,400316,occupancy,12,404520,flow,10,6.502287377792423e-27,8.861161347654028e-25,0.23771745882666617
248,4,400316,occupancy,12,404520,flow,11,1.3419931133158e-13,8.19692670885102e-12,0.16505844384781893
248,4,400316,occupancy,14,401469,flow,1,0.006394943055118587,0.04508184399169761,0.06116911771661485
248,4,400316,occupancy,14,401469,flow,2,0.004372928833187263,0.033625939051920566,0.06392535422416336
248,4,400316,occupancy,14,401469,flow,3,0.0016877095834297176,0.015791434698757593,0.07042330028879139
248,4,400316,occupancy,14,401469,flow,4,5.287536217710044e-05,0.0008593738322237544,0.09058248202760716
248,4,400316,occupancy,14,401469,flow,5,1.3118563928752228e-05,0.00025322697127886344,0.09762116967801088
248,4,400316,occupancy,14,401469,flow,6,7.043090089642381e-05,0.001094859632502882,0.08907127356734804
248,4,400316,occupancy,14,401469,flow,7,0.001344933199957489,0.01315099914852049,0.07189754994914711
248,4,400316,occupancy,14,401469,flow,9,0.0028575233186390408,0.02413015497438721,0.06689617530512763
248,4,400316,occupancy,14,401469,flow,10,5.153700540292431e-06,0.00011043644014912351,0.1020852197055408
248,4,400316,occupancy,14,401469,flow,11,4.810312727951606e-07,1.2859251846999344e-05,0.11266476025231344
248,4,400316,occupancy,14,401469,flow,12,6.535794117690355e-06,0.00013686199994387946,0.10096766548841897
248,4,400316,occupancy,15,401472,flow,1,2.018060630606953e-18,1.7612165503478863e-16,0.19472413676474684
248,4,400316,occupancy,15,401472,flow,2,0.00010708238230551295,0.001571317566439592,-0.0868195767141588
248,4,400316,occupancy,15,401472,flow,3,6.137663454380308e-10,2.5300292102025696e-08,-0.1382489470831032
248,4,400316,occupancy,15,401472,flow,7,7.900175181749951e-06,0.0001613965821638824,-0.10006743090430326
248,4,400316,occupancy,15,401472,flow,9,5.102330878573409e-28,7.371929563691346e-26,0.24270906788205007
248,4,400316,occupancy,15,401472,flow,10,2.6380888815915768e-111,1.2950618145995015e-108,0.4730940348710066
248,4,400316,occupancy,15,401472,flow,11,4.933134353443661e-147,3.044448629553802e-144,0.5343248804757723
248,4,400316,occupancy,15,401472,flow,12,8.138137048632962e-50,1.8700400026645956e-47,0.32416022078290746
248,4,400316,occupancy,16,405838,flow,1,6.215877619167496e-22,6.885279824308611e-20,0.21363526276796088
248,4,400316,occupancy,16,405838,flow,2,3.438263828329315e-21,3.640514641760451e-19,0.20978610374762396
248,4,400316,occupancy,16,405838,flow,3,1.6099268498211551e-18,1.4164733179689186e-16,0.19527905151014183
248,4,400316,occupancy,16,405838,flow,4,4.494828422859797e-19,4.053790978445579e-17,0.1983817324478966
248,4,400316,occupancy,16,405838,flow,5,4.027498840733929e-16,3.0206241305504466e-14,0.18120588800813908
248,4,400316,occupancy,16,405838,flow,6,1.249313273601333e-14,8.419708801806176e-13,0.1718471948212482
248,4,400316,occupancy,16,405838,flow,7,3.815365177856124e-09,1.416011818585778e-07,0.13171930844425994
248,4,400316,occupancy,16,405838,flow,8,0.0012129837957459526,0.012166449959652926,0.07255943713797998
248,4,400316,occupancy,16,405838,flow,10,9.560044161071184e-06,0.0001912008832214237,0.09915416346078142
248,4,400316,occupancy,16,405838,flow,11,1.793901111543795e-10,7.757410212081275e-09,0.14247769595178933
248,4,400316,occupancy,16,405838,flow,12,4.9944476730301265e-17,4.025375736472042e-15,0.18665623003655735
248,4,400316,occupancy,17,400260,flow,1,1.4328252108108093e-31,2.3535379888603407e-29,0.25802567392774256
248,4,400316,occupancy,17,400260,flow,2,4.049977438103766e-18,3.450868349626877e-16,0.19300281268025357
248,4,400316,occupancy,17,400260,flow,3,1.0190939855597382e-07,3.128987930076808e-06,0.1191007015367802
248,4,400316,occupancy,17,400260,flow,4,0.00014065399441377016,0.0020000831332043683,0.08532486888292931
248,4,400316,occupancy,17,400260,flow,5,0.0013606604977126617,0.013283547307948059,0.07182269616343746
248,4,400316,occupancy,17,400260,flow,10,9.402233996567374e-05,0.0013991612423414075,0.08752427259612827
248,4,400316,occupancy,17,400260,flow,11,1.4648605308679362e-11,7.150505642202807e-10,0.15072438638489344
248,4,400316,occupancy,17,400260,flow,12,1.5278210067442804e-19,1.4505904943154487e-17,0.20096640865227142
248,4,400316,occupancy,18,404528,flow,1,2.476484153944393e-16,1.8868450696719185e-14,0.18244560628942622
248,4,400316,occupancy,18,404528,flow,2,1.1519895408778115e-08,3.9591048660239826e-07,0.12761078798719866
248,4,400316,occupancy,18,404528,flow,3,6.437711805912005e-05,0.0010146265961889771,0.08954753155829995
248,4,400316,occupancy,18,404528,flow,4,0.002551088420949954,0.022041403957007603,0.0676693486243597
248,4,400316,occupancy,18,404528,flow,5,0.0018230274395887984,0.016856941943333505,0.06991632519959465
248,4,400316,occupancy,18,404528,flow,6,0.00433352521399812,0.03340204767790233,0.06398977305617497
248,4,400316,occupancy,18,404528,flow,9,0.004526577592157419,0.034530840893731325,0.06367908250071995
248,4,400316,occupancy,18,404528,flow,10,7.407946763448718e-06,0.0001529017201055827,0.10037374627873474
248,4,400316,occupancy,18,404528,flow,11,1.3018849685207491e-05,0.00025197773584272564,0.09765839846984589
248,4,400316,occupancy,18,404528,flow,12,0.00026722767184984733,0.00346673736453856,0.08170963938580338
248,4,400316,occupancy,19,401795,flow,1,5.303019255921157e-31,8.548150442380373e-29,0.2556436800465216
248,4,400316,occupancy,19,401795,flow,2,3.946684349725803e-22,4.405601134577641e-20,0.214645013353433
248,4,400316,occupancy,19,401795,flow,3,8.360368699604986e-15,5.741938439156366e-13,0.17296871212188267
248,4,400316,occupancy,19,401795,flow,4,9.321478178244542e-15,6.37164331171146e-13,0.17266562147322706
248,4,400316,occupancy,19,401795,flow,5,1.1228075027149818e-12,6.218626168882976e-11,0.1587326467107557
248,4,400316,occupancy,19,401795,flow,6,9.722143581544627e-10,3.903314151698215e-08,0.13663428247320367
248,4,400316,occupancy,19,401795,flow,7,4.8477697035453245e-05,0.000795078402403789,0.09103564036257228
248,4,400316,occupancy,19,401795,flow,8,0.0003567251588343687,0.0044206904365016435,0.08003456856201464
248,4,400316,occupancy,19,401795,flow,9,9.13215826660252e-10,3.6870022160488675e-08,0.1368551594049555
248,4,400316,occupancy,19,401795,flow,10,1.844223363721385e-20,1.879020030961411e-18,0.20593115910048368
248,4,400316,occupancy,19,401795,flow,11,1.525192482860346e-35,2.76841660754483e-33,0.27402564342584307
248,4,400316,occupancy,19,401795,flow,12,6.649561580653931e-41,1.3237836879458518e-38,0.2940457657690339
248,4,400316,speed,4,400316,flow,10,0.0014994004338016607,0.014346422755311573,-0.0711948669725304
248,4,400316,speed,4,400316,flow,11,0.0006881749693181755,0.007624010891503015,-0.07610216728849141
248,4,400316,speed,5,400503,flow,1,0.0014432551674089678,0.013917103400015047,-0.07144221545212986
248,4,400316,speed,6,405843,flow,1,0.0065781251826883165,0.04607247209664969,-0.06096015071311987
248,4,400316,speed,10,400497,flow,11,0.00043591678616864527,0.0052231295085674095,-0.07885327406681093
248,4,400316,speed,12,404520,flow,3,0.002870416024877482,0.024207711552073415,0.06686533368776515
248,4,400316,speed,12,404520,flow,10,0.0004337828389967486,0.005206840412520017,-0.07888237756422709
248,4,400316,speed,12,404520,flow,11,0.0014472788440325205,0.013950948575837176,-0.07142419689223041
248,4,400316,speed,14,401469,flow,10,0.0054257464711775704,0.03982199244900969,-0.062373528718383815
248,4,400316,speed,14,401469,flow,11,0.006475164073562137,0.04547668476310914,-0.06107695112080768
248,4,400316,speed,15,401472,flow,11,0.0003438008683236228,0.0042950253069926276,-0.0802503096246453
248,4,400316,speed,15,401472,flow,12,1.2454765854118484e-05,0.00024254644718913826,-0.09787426280151602
248,4,400316,speed,16,405838,flow,5,0.00035981894362472933,0.004452643473098913,-0.07998400960828662
248,4,400316,speed,17,400260,flow,1,0.002327001422265283,0.020585051752608986,-0.06829048243657529
248,4,400316,speed,17,400260,flow,2,0.0014698163324427162,0.014129075558861892,-0.0713241159463321
248,4,400316,speed,17,400260,flow,4,0.00603525072436671,0.043273498969733086,-0.06159559929848505
248,5,400503,flow,0,400593,flow,11,0.0015920211761254245,0.01507899908103888,0.07080487428594054
248,5,400503,flow,2,400331,flow,7,0.00658271893847436,0.04609717266041374,0.06095497787804887
248,5,400503,flow,2,400331,flow,8,0.002947568498793325,0.02470125298697801,0.06668336959244858
248,5,400503,flow,2,400331,flow,10,0.003930954707696313,0.031031100605879765,0.06468020589362412
248,5,400503,flow,3,400039,flow,1,0.0006177262702622528,0.00697302714275655,0.07676079255192719
248,5,400503,flow,4,400316,flow,1,0.0035456643685621773,0.02857699640333695,0.0654039577550874
248,5,400503,flow,4,400316,flow,10,0.0018288272063304832,0.0168995369654496,0.0698953777272524
248,5,400503,flow,4,400316,flow,11,0.00043314495703545425,0.005200628722604675,0.07889110314623968
248,5,400503,flow,5,400503,flow,1,1.8003264850550463e-114,9.149894606397412e-112,0.4788411948298561
248,5,400503,flow,5,400503,flow,2,3.8691209605501137e-19,3.5487478873835437e-17,0.19864478986633885
248,5,400503,flow,5,400503,flow,3,0.0004046115261474134,0.004915415615739105,0.07927430091640705
248,5,400503,flow,5,400503,flow,4,1.194724101812541e-07,3.624443904375124e-06,0.11842715605214348
248,5,400503,flow,5,400503,flow,12,1.1379450846152043e-07,3.4619174405194946e-06,0.11865433845559034
248,5,400503,flow,6,405843,flow,6,9.338452740533808e-05,0.0013920674892721205,0.0875610087649978
248,5,400503,flow,6,405843,flow,12,0.002632395334400354,0.022603752424189084,0.06745626404133508
248,5,400503,flow,7,408093,flow,11,0.0027537876295416924,0.023459819424135452,0.06714905591397857
248,5,400503,flow,9,402391,flow,1,8.89038240711884e-05,0.0013358765912609874,0.08782596615433878
248,5,400503,flow,10,400497,flow,5,2.6913606604108645e-06,6.126353448151716e-05,0.10508393559802415
248,5,400503,flow,10,400497,flow,10,3.5815423361416636e-08,1.1512100366169632e-06,0.1232542121581959
248,5,400503,flow,10,400497,flow,11,2.6336907210949246e-09,9.997841753189872e-08,0.1330694486866722
248,5,400503,flow,10,400497,flow,12,0.00010540327221833025,0.0015503647803309045,0.08690548512110247
248,5,400503,flow,11,405841,flow,12,0.00019235087687124086,0.0026196588527230787,0.08357932038045743
248,5,400503,flow,12,404520,flow,10,0.0007639200735843107,0.008317097353471739,0.07546052518310783
248,5,400503,flow,12,404520,flow,11,0.00025309960041808944,0.0033133038600186254,0.08202118003993342
248,5,400503,flow,13,400183,flow,1,5.380027246902445e-05,0.0008716063921765619,0.0904917342272113
248,5,400503,flow,14,401469,flow,3,0.0036370162245430637,0.029188018001162986,0.06522611774981668
248,5,400503,flow,15,401472,flow,1,1.6482084817028217e-06,3.937504606999767e-05,0.10729473576124345
248,5,400503,flow,15,401472,flow,8,7.096232458872855e-06,0.0001475961686197917,-0.10057795187014842
248,5,400503,flow,15,401472,flow,9,0.0018628683024230904,0.017184691579047087,-0.0697736446755468
248,5,400503,flow,15,401472,flow,11,6.565837790490782e-05,0.0010321841068020444,0.08944330003087099
248,5,400503,flow,15,401472,flow,12,1.9429276222655222e-10,8.393447328187056e-09,0.1422071396810442
248,5,400503,flow,16,405838,flow,2,4.350423557436599e-12,2.281205388923568e-10,0.15456196386088283
248,5,400503,flow,16,405838,flow,3,9.542027833437073e-05,0.0014184982876960825,0.08744457103727811
248,5,400503,flow,16,405838,flow,4,0.0020485966434775314,0.018565004195139366,0.06914339273256266
248,5,400503,flow,16,405838,flow,5,0.003979222000110759,0.03129480983156468,0.06459412678074294
248,5,400503,flow,16,405838,flow,6,1.703173318128933e-07,4.9613679934706605e-06,0.11700853359986753
248,5,400503,flow,16,405838,flow,7,0.00020557714522030938,0.0027744244528326665,0.0832042138346124
248,5,400503,flow,17,400260,flow,1,3.0042880085934233e-07,8.330246596356604e-06,0.11465371404156045
248,5,400503,flow,17,400260,flow,2,7.873664718309165e-07,2.0222492023243516e-05,0.11054596742725548
248,5,400503,flow,17,400260,flow,6,0.0007503412349335041,0.008191746613375633,0.07557107562476378
248,5,400503,flow,17,400260,flow,12,0.0015314097687559782,0.014588071005569627,0.07105764040865428
248,5,400503,flow,18,404528,flow,12,0.003244386901940385,0.026716555713291942,0.06602155901463813
248,5,400503,flow,19,401795,flow,1,5.805333484003601e-05,0.000928853357440576,0.09009258592260404
248,5,400503,flow,19,401795,flow,2,0.0002555027570097291,0.003340714014170792,0.08196705551318341
248,5,400503,flow,19,401795,flow,5,0.0014872216808121774,0.014245671088932607,0.07124778746463997
248,5,400503,flow,19,401795,flow,6,0.0012330545202147202,0.012330545202147202,0.07245459757156546
248,5,400503,occupancy,5,400503,flow,12,0.003257510429542091,0.026802896377333615,0.06599358967433416
248,5,400503,occupancy,10,400497,flow,5,0.00016210135593306384,0.002253146260073474,0.0845375076994432
248,5,400503,occupancy,10,400497,flow,7,0.0069730062239174466,0.048082022166517746,-0.0605269075300202
248,5,400503,occupancy,10,400497,flow,8,0.0008173746148109094,0.00879247593621297,-0.07504233887289309
248,5,400503,occupancy,10,400497,flow,9,0.006451754779247515,0.04533438621722392,-0.061103739697900256
248,5,400503,occupancy,10,400497,flow,10,0.001327175314991489,0.013018613444058202,0.07198304442553481
248,5,400503,occupancy,10,400497,flow,11,9.096569550666067e-05,0.0013616486645487667,0.08770251244639017
248,5,400503,occupancy,12,404520,flow,11,0.00380783492715493,0.030273304347057862,0.0649041986014594
248,5,400503,occupancy,14,401469,flow,3,0.002833482122193318,0.02399267267051549,0.06695402669093635
248,5,400503,occupancy,15,401472,flow,1,0.0008571025202860638,0.009137914332763562,0.074747659137507
248,5,400503,occupancy,15,401472,flow,8,0.00011047234632597636,0.001613934853325052,-0.08664993920347916
248,5,400503,occupancy,15,401472,flow,9,0.00030760894203685316,0.003904997442254498,-0.08089747416989
248,5,400503,occupancy,15,401472,flow,12,0.000975035302201038,0.0101939799262064,0.07394200025065159
248,5,400503,speed,0,400593,flow,1,0.0028480255996023393,0.024072530992530046,-0.06691897682739514
248,5,400503,speed,5,400503,flow,1,0.0002710497682253544,0.0035089451565284116,-0.08162801037954591
248,5,400503,speed,7,408093,flow,10,0.00041972984183688555,0.0050619453762517225,0.07907744165115851
248,6,405843,flow,0,400593,flow,3,0.005812022572166883,0.042001884134239956,0.06187193276754894
248,6,405843,flow,0,400593,flow,11,0.00014166669089075054,0.0020131582389738235,0.0852852255719825
248,6,405843,flow,2,400331,flow,7,0.00048736233650500916,0.0057196557829438735,0.07818906916283964
248,6,405843,flow,2,400331,flow,10,8.95833706339346e-11,4.00206991870318e-09,0.14481060357286013
248,6,405843,flow,4,400316,flow,11,4.436424888728848e-05,0.000736562471918087,0.09149624723393412
248,6,405843,flow,5,400503,flow,1,0.0001477013221703562,0.002083152829826767,0.0850543804433042
248,6,405843,flow,5,400503,flow,5,4.3373086891810004e-05,0.0007214930126015372,0.09161327741684729
248,6,405843,flow,5,400503,flow,6,0.004479267778233659,0.0342303852856349,0.0637540947265143
248,6,405843,flow,5,400503,flow,11,0.0002100647709444638,0.0028252782824993946,0.08308207656017735
248,6,405843,flow,6,405843,flow,1,1.1661779013132835e-87,4.305887635618278e-85,0.42420741047596594
248,6,405843,flow,6,405843,flow,2,3.5911909653971226e-17,2.9271594283991643e-15,0.1874559467906845
248,6,405843,flow,6,405843,flow,3,0.0030003696865527982,0.02507563754286726,-0.06656132491510829
248,6,405843,flow,6,405843,flow,4,0.0018122931667173597,0.016768272607022905,0.06995525697285455
248,6,405843,flow,6,405843,flow,5,0.0003150563778817578,0.003980823493563011,0.0807586852343411
248,6,405843,flow,6,405843,flow,6,1.1884326115244997e-11,5.874174921951761e-10,0.1513924025143362
248,6,405843,flow,6,405843,flow,7,1.0257307216278465e-05,0.00020373134333022055,0.09881504068941452
248,6,405843,flow,6,405843,flow,9,0.0004790543386956684,0.0056405416821076245,-0.07829176836741304
248,6,405843,flow,7,408093,flow,1,1.5867304077232588e-07,4.653524253134374e-06,0.11729916558990847
248,6,405843,flow,7,408093,flow,5,0.0037872523701276855,0.030160018237540907,0.06494228455136257
248,6,405843,flow,9,402391,flow,1,0.0022531631565281974,0.020036362363527814,0.06850717955296062
248,6,405843,flow,9,402391,flow,5,0.0027360918127054008,0.023341067596538964,0.06719305946471138
248,6,405843,flow,10,400497,flow,2,4.639008828773407e-06,0.00010061196318835929,-0.10257647668561956
248,6,405843,flow,10,400497,flow,3,8.158254645833181e-05,0.0012383576974701104,-0.08828730962684105
248,6,405843,flow,10,400497,flow,5,3.0399100459616553e-13,1.7964995073261768e-11,0.16265318711279653
248,6,405843,flow,10,400497,flow,6,3.008272235409078e-08,9.793320314217946e-07,0.12393386432612342
248,6,405843,flow,10,400497,flow,8,1.1260731853424312e-06,2.7877571121371364e-05,-0.10898284556155931
248,6,405843,flow,10,400497,flow,10,1.0151945084012819e-07,3.1214521539455785e-06,0.1191161854915545
248,6,405843,flow,10,400497,flow,11,7.387642666027758e-20,7.139735194013404e-18,0.20268716505629097
248,6,405843,flow,10,400497,flow,12,1.2372631691938555e-10,5.459629102060731e-09,0.1437304719423925
248,6,405843,flow,11,405841,flow,5,0.0005668888323917715,0.0064993624095871895,0.07728098888053005
248,6,405843,flow,11,405841,flow,6,7.936506615692271e-05,0.0012097991735988219,0.0884347753642824
248,6,405843,flow,12,404520,flow,5,0.0035075711803096107,0.02831841013095707,0.06547934925596068
248,6,405843,flow,12,404520,flow,6,0.00175678593501025,0.016335159791744037,0.07016001732597062
248,6,405843,flow,12,404520,flow,10,0.0007002110345420587,0.007738326091639022,0.07599595641653681
248,6,405843,flow,12,404520,flow,11,7.139565503051216e-07,1.8413685357123136e-05,0.1109698791215082
248,6,405843,flow,12,404520,flow,12,0.005633651266857671,0.0410134369275786,0.06209969812118834
248,6,405843,flow,13,400183,flow,2,0.00451789974177203,0.03448290968985012,0.06369278837440763
248,6,405843,flow,14,401469,flow,1,0.0027041995502510093,0.023123796629224782,0.06727302501926621
248,6,405843,flow,14,401469,flow,6,0.0011091149465086657,0.0112950885641618,0.07312900557021818
248,6,405843,flow,14,401469,flow,7,0.0012209052923026229,0.012236550819932104,0.07251786925623677
248,6,405843,flow,14,401469,flow,10,0.005058158702729066,0.0376162496058502,0.06288172153369015
248,6,405843,flow,14,401469,flow,11,0.0029285547391226744,0.024589614136073766,0.06672780658709579
248,6,405843,flow,14,401469,flow,12,0.00017040930045504688,0.002345978897277892,0.08425862375356237
248,6,405843,flow,15,401472,flow,1,0.0001351909826004522,0.0019325779114293627,0.08554347296635018
248,6,405843,flow,15,401472,flow,3,1.1196970123390398e-06,2.7747827131787535e-05,-0.10900781986079004
248,6,405843,flow,15,401472,flow,6,3.3883573743152596e-10,1.4435605381698147e-08,0.14030720388304735
248,6,405843,flow,15,401472,flow,11,3.522394868079328e-10,1.4933018479001666e-08,0.14017371200437986
248,6,405843,flow,15,401472,flow,12,5.304305121751089e-15,3.7199022931760885e-13,0.1742300839289458
248,6,405843,flow,16,405838,flow,1,3.09502917164829e-05,0.0005382659428953548,0.09334500282643576
248,6,405843,flow,16,405838,flow,2,0.0001221280037577363,0.0017633455088015401,0.08610192526538611
248,6,405843,flow,16,405838,flow,6,0.00035260437475329986,0.004382194761030654,0.08010255100303278
248,6,405843,flow,16,405838,flow,7,0.006696809959927502,0.04665411873389261,0.06082753423228493
248,6,405843,flow,16,405838,flow,12,0.0003881683016654421,0.004742327667405854,0.07953875103639592
248,6,405843,flow,17,400260,flow,1,3.2196619100482127e-09,1.211580091586087e-07,0.13233936473549746
248,6,405843,flow,17,400260,flow,2,0.0053460068304582355,0.039310211927795026,0.06248107067269475
248,6,405843,flow,17,400260,flow,6,1.4009606855462954e-06,3.382979408362211e-05,0.10801802677714409
248,6,405843,flow,17,400260,flow,8,0.0038413433635594084,0.030464399180181054,0.06484259264534283
248,6,405843,flow,17,400260,flow,12,9.522280233821513e-06,0.00019062210662701084,0.0991731978039032
248,6,405843,flow,18,404528,flow,2,0.0024790773811873812,0.021600674237050196,0.06786331861342879
248,6,405843,flow,19,401795,flow,6,0.0008758199579294911,0.009284766179767855,0.07461318611245651
248,6,405843,flow,19,401795,flow,10,0.0035013784637267773,0.028304092622394847,-0.06549167575722509
248,6,405843,occupancy,0,400593,flow,3,0.003024320637569237,0.025212398985525093,0.0665066089869358
248,6,405843,occupancy,0,400593,flow,11,0.00040735781429885194,0.00494044289099113,0.07925428482187472
248,6,405843,occupancy,2,400331,flow,4,0.0010843752796047346,0.011095455253179662,0.07327191829676488
248,6,405843,occupancy,2,400331,flow,7,3.938281277787442e-07,1.0640009455936053e-05,0.11351398853271308
248,6,405843,occupancy,2,400331,flow,10,4.8268094544853967e-14,3.0983383125374313e-12,0.16801687896850273
248,6,405843,occupancy,4,400316,flow,11,0.0002212584974417753,0.002957415559865313,0.08278777865693457
248,6,405843,occupancy,4,400316,flow,12,0.005275805065152584,0.03889994518084854,0.06257695414169293
248,6,405843,occupancy,5,400503,flow,1,0.000503389928020276,0.005887627861290344,0.07799547200965404
248,6,405843,occupancy,5,400503,flow,5,2.1848735555987476e-07,6.267366374625889e-06,0.11598080606998785
248,6,405843,occupancy,5,400503,flow,6,0.005868835846630227,0.042304973898619355,0.06180070878313976
248,6,405843,occupancy,5,400503,flow,8,0.0007592351010267613,0.008276294818156974,0.07549845981670662
248,6,405843,occupancy,5,400503,flow,10,0.00046963196808999817,0.005547744331826065,0.07841027137345967
248,6,405843,occupancy,5,400503,flow,11,0.00013477538708101875,0.0019279128218211952,0.08556044179957314
248,6,405843,occupancy,6,405843,flow,3,9.51556087116414e-09,3.33391913734218e-07,0.12829862986468396
248,6,405843,occupancy,6,405843,flow,4,3.5796876274175956e-05,0.0006085891597970883,0.09260212310512946
248,6,405843,occupancy,6,405843,flow,5,2.116969374251761e-06,4.9487595761729475e-05,0.10617171892215116
248,6,405843,occupancy,6,405843,flow,6,6.199867546463863e-12,3.1809296675444047e-10,0.15345219792956938
248,6,405843,occupancy,6,405843,flow,7,3.5193128138970953e-06,7.820695141993545e-05,0.10385581311194322
248,6,405843,occupancy,6,405843,flow,9,0.004520094104603474,0.03449356391430314,-0.0636893203286554
248,6,405843,occupancy,6,405843,flow,11,0.0023526511078155927,0.02072482215693997,0.06821667784558681
248,6,405843,occupancy,6,405843,flow,12,0.005589052567663298,0.04075093186701129,0.06215766199096129
248,6,405843,occupancy,7,408093,flow,1,6.515953338120445e-07,1.692658954941691e-05,0.11133647240604552
248,6,405843,occupancy,7,408093,flow,2,5.6510693737701106e-11,2.5860825947761524e-09,0.14630153378857277
248,6,405843,occupancy,7,408093,flow,5,0.0005661121648168278,0.006493904811494149,0.0772892678783768
248,6,405843,occupancy,7,408093,flow,11,0.0024570126500615217,0.021425705789797685,0.06792378390114467
248,6,405843,occupancy,9,402391,flow,1,0.002727763371828188,0.023283813013826853,0.0672138594789615
248,6,405843,occupancy,9,402391,flow,5,5.562735345375932e-05,0.0008963452701239845,0.09031672987772858
248,6,405843,occupancy,9,402391,flow,6,0.003605464931320352,0.028977876285216597,0.0652870768558091
248,6,405843,occupancy,10,400497,flow,2,0.005787868882357658,0.041889082881194646,-0.06190240321767926
248,6,405843,occupancy,10,400497,flow,4,0.003058299164482172,0.025422075025135618,0.06642965881998283
248,6,405843,occupancy,10,400497,flow,5,8.851592742067158e-12,4.4257963710335787e-10,0.1523285232167617
248,6,405843,occupancy,10,400497,flow,6,3.700783706500794e-06,8.20286588613824e-05,0.10362406495539256
248,6,405843,occupancy,10,400497,flow,8,0.0008515479362404373,0.009089039599552954,-0.07478808905130326
248,6,405843,occupancy,10,400497,flow,10,1.9130393212908477e-08,6.411427360726502e-07,0.12568097402608386
248,6,405843,occupancy,10,400497,flow,11,8.737871320223975e-17,6.913480605012375e-15,0.18521215821057893
248,6,405843,occupancy,10,400497,flow,12,1.629811272872772e-09,6.343049278207545e-08,0.13479781442351282
248,6,405843,occupancy,11,405841,flow,5,0.00045936750043228,0.005442862319987519,0.07854191457695876
248,6,405843,occupancy,11,405841,flow,6,0.00040558857161202504,0.004923131861095668,0.07927998265388601
248,6,405843,occupancy,12,404520,flow,5,0.005142217793399693,0.03811664527708764,0.0627626363677803
248,6,405843,occupancy,12,404520,flow,6,0.002823061846122493,0.023922375785110177,0.06697924069319192
248,6,405843,occupancy,12,404520,flow,10,6.47871169343469e-05,0.0010203439488019636,0.08951396597227305
248,6,405843,occupancy,12,404520,flow,11,1.4738781578390796e-06,3.53927384205938e-05,0.10779272496888594
248,6,405843,occupancy,12,404520,flow,12,0.0023281273741375093,0.020585051752608986,0.06828722702854313
248,6,405843,occupancy,13,400183,flow,11,0.0020300813506640633,0.018428139178123037,0.06920381638868986
248,6,405843,occupancy,14,401469,flow,7,0.00028594659595299044,0.0036742691686999364,0.08131981897236717
248,6,405843,occupancy,14,401469,flow,10,0.0012600082859231638,0.012518941571269704,0.07231625480024435
248,6,405843,occupancy,14,401469,flow,11,0.001135530624041557,0.01149634941612263,0.07297962660924615
248,6,405843,occupancy,14,401469,flow,12,0.0001720810405251659,0.0023637204930642823,0.08420405457355325
248,6,405843,occupancy,15,401472,flow,1,5.149627352647265e-05,0.0008391697534302597,0.09072062250352349
248,6,405843,occupancy,15,401472,flow,3,0.001044956318063077,0.010778919040192198,-0.07350597762943975
248,6,405843,occupancy,15,401472,flow,6,1.1347149257185997e-08,3.909065772810487e-07,0.12766783736339857
248,6,405843,occupancy,15,401472,flow,11,2.1341448666417318e-10,9.182774724992312e-09,0.14188823465040934
248,6,405843,occupancy,15,401472,flow,12,1.834632344518533e-11,8.875265093303542e-10,0.15000204552549118
248,6,405843,occupancy,16,405838,flow,1,0.0001663746637115166,0.0023006995750120096,0.08439242417204305
248,6,405843,occupancy,16,405838,flow,2,3.544263575152295e-05,0.0006037546784171101,0.0926530830231137
248,6,405843,occupancy,16,405838,flow,3,0.003474943124005141,0.02818050365252902,0.0655445188117897
248,6,405843,occupancy,16,405838,flow,5,0.006167356534573158,0.04395080869243821,0.061436370238089316
248,6,405843,occupancy,16,405838,flow,6,2.0738790824023956e-05,0.0003817280628878717,0.09536179478891671
248,6,405843,occupancy,16,405838,flow,7,0.0002601579608916953,0.0033913168106581887,0.08186355325108507
248,6,405843,occupancy,16,405838,flow,12,2.233022214825414e-05,0.00040549205414231983,0.09499235891159043
248,6,405843,occupancy,17,400260,flow,1,3.0054709296143004e-08,9.791579499195912e-07,0.12393748466739235
248,6,405843,occupancy,17,400260,flow,6,8.383596097436653e-07,2.1392283012951173e-05,0.11027334473609737
248,6,405843,occupancy,17,400260,flow,8,0.0009373919840600435,0.009862477767022378,0.07418887246818393
248,6,405843,occupancy,17,400260,flow,12,9.672741124096424e-07,2.4332350435622164e-05,0.10964953285209875
248,6,405843,occupancy,18,404528,flow,2,7.127513327005765e-05,0.0011071865362339052,0.08900795617363397
248,6,405843,occupancy,18,404528,flow,3,0.0057134467534672,0.04144230993533275,0.061997014223832254
248,6,405843,occupancy,18,404528,flow,12,0.005743023631721155,0.04161108086499574,0.06195928165224327
248,6,405843,occupancy,19,401795,flow,1,3.58885241616968e-05,0.0006099072556197096,0.0925657861265218
248,6,405843,occupancy,19,401795,flow,6,0.00013073357381031254,0.0018775566451481056,0.08572808855365685
248,6,405843,occupancy,19,401795,flow,12,0.0005982750460068587,0.006783591072833673,0.07695495310554584
248,6,405843,speed,6,405843,flow,3,0.0013350577871554252,0.013072188668430273,0.07194496528047925
248,6,405843,speed,10,400497,flow,2,0.002344928719079737,0.02068632237374814,-0.06823882051974307
248,6,405843,speed,15,401472,flow,1,1.1176542730527373e-06,2.7716799423581088e-05,-0.10901584982464023
248,6,405843,speed,15,401472,flow,2,7.390870936894935e-05,0.001140713199263527,-0.08881489581220844
248,6,405843,speed,17,400260,flow,3,0.005181246005955878,0.0383532946294198,-0.06270794226950954
248,7,408093,flow,0,400593,flow,3,0.0014510802226140602,0.01398319554247767,0.07140721614702618
248,7,408093,flow,0,400593,flow,4,0.00025734355801183806,0.0033607139377604,0.08192591819503407
248,7,408093,flow,2,400331,flow,1,0.0044112966292976655,0.033841379089417416,0.06386313205967009
248,7,408093,flow,2,400331,flow,4,4.52148057839046e-05,0.0007492441925065894,0.09139777796023127
248,7,408093,flow,2,400331,flow,7,0.0005024794822066807,0.005879499900143176,0.07800631436044293
248,7,408093,flow,2,400331,flow,10,2.8409431827229155e-05,0.0005007292757798039,0.09377988016089403
248,7,408093,flow,5,400503,flow,1,0.0007970796090609413,0.008602008271654426,0.07519803872057064
248,7,408093,flow,5,400503,flow,6,0.000621854813279556,0.007015964464266602,0.07672031415749271
248,7,408093,flow,5,400503,flow,7,0.0014947669776697308,0.014308427528325363,0.07121495398952811
248,7,408093,flow,5,400503,flow,8,0.0005250106652762879,0.006091985157114057,0.07774321935084257
248,7,408093,flow,5,400503,flow,9,0.0014365458691017294,0.013861688975920194,0.07147236373621324
248,7,408093,flow,5,400503,flow,12,0.004857101170382337,0.036517015412550806,0.06317397507598521
248,7,408093,flow,6,405843,flow,1,1.3047262708462757e-05,0.0002521887020159245,0.09762327465314122
248,7,408093,flow,6,405843,flow,2,1.3356962742135596e-05,0.000257163686374744,0.09753324445403734
248,7,408093,flow,6,405843,flow,3,3.564224817117212e-05,0.0006066765646156957,0.09262430829648827
248,7,408093,flow,6,405843,flow,4,1.9887580430494172e-07,5.731444126733477e-06,0.11636990728421569
248,7,408093,flow,6,405843,flow,5,0.00015565280922053744,0.002180350634995855,0.08476339886265735
248,7,408093,flow,6,405843,flow,7,5.845209761344447e-05,0.0009348873072568682,0.09005659387492836
248,7,408093,flow,6,405843,flow,8,2.7199524789522133e-05,0.000481762800700023,0.0940001129754472
248,7,408093,flow,6,405843,flow,12,0.00017414752097030136,0.002389826208995241,0.08413728468043892
248,7,408093,flow,7,408093,flow,1,2.0836828020659834e-19,1.952605142066171e-17,0.20012797524843254
248,7,408093,flow,7,408093,flow,2,9.289437897090161e-20,8.937721985619041e-18,0.20209648571773078
248,7,408093,flow,7,408093,flow,3,3.4738937084480435e-11,1.627828680433492e-09,0.1479339003988082
248,7,408093,flow,7,408093,flow,4,2.237490819193434e-05,0.0004061327873493964,0.0949823511210118
248,7,408093,flow,7,408093,flow,5,1.2294141456187174e-08,4.208454127633011e-07,0.1273648938406143
248,7,408093,flow,7,408093,flow,6,5.516181358116854e-09,2.0041970956320276e-07,0.13036280887839857
248,7,408093,flow,7,408093,flow,7,4.116662186047224e-05,0.0006895788021468943,0.09188318092064628
248,7,408093,flow,7,408093,flow,8,7.892477525199094e-14,4.9557417018691986e-12,0.16660094456128507
248,7,408093,flow,7,408093,flow,9,0.0010821416433788706,0.01108806525925285,0.07328496915994542
248,7,408093,flow,7,408093,flow,10,5.007831050010425e-07,1.3337749775613462e-05,0.11249316454329676
248,7,408093,flow,7,408093,flow,11,2.974993973841377e-07,8.26493502700627e-06,0.11469476424509828
248,7,408093,flow,10,400497,flow,1,1.769674796556578e-05,0.0003321023076074899,0.09614994938835804
248,7,408093,flow,10,400497,flow,6,0.0007728473500800987,0.008397134185980953,0.07538883393674901
248,7,408093,flow,10,400497,flow,7,4.0014099813917064e-07,1.0783587722777399e-05,0.11344669389621566
248,7,408093,flow,10,400497,flow,11,0.0043877165831425,0.03371564503588688,0.06390131415887611
248,7,408093,flow,10,400497,flow,12,8.204575575359827e-06,0.00016695132588579584,0.09988700119964711
248,7,408093,flow,11,405841,flow,1,0.00037626210173043016,0.004619502386925884,0.07972192542787733
248,7,408093,flow,11,405841,flow,4,0.00044873676206903795,0.00534328228263022,0.07868117868716036
248,7,408093,flow,11,405841,flow,9,1.3503536614911727e-05,0.0002597173779481829,0.0974799253717651
248,7,408093,flow,11,405841,flow,10,0.006062018112730466,0.043398439128217996,0.061563084471714685
248,7,408093,flow,11,405841,flow,11,0.00042743782058227343,0.005137133836427007,0.0789697088897904
248,7,408093,flow,11,405841,flow,12,0.004647636791702452,0.03523350396598534,0.06349032001585095
248,7,408093,flow,13,400183,flow,3,0.0002569039273554362,0.003355987197385801,0.0819357177242482
248,7,408093,flow,13,400183,flow,6,0.0003348091132422886,0.004197258761481969,0.0804049248211106
248,7,408093,flow,13,400183,flow,7,0.005574397956802509,0.04067116901433346,0.06217679928179359
248,7,408093,flow,13,400183,flow,9,0.0009203813427543084,0.009704777643882383,0.07430345593441934
248,7,408093,flow,13,400183,flow,11,0.003341905487754821,0.027348042635159737,0.06581613662041744
248,7,408093,flow,14,401469,flow,3,0.0036138555021057424,0.029034042166397024,0.06527081856488233
248,7,408093,flow,14,401469,flow,8,0.0011669946429068816,0.01179003006865699,0.0728058325100901
248,7,408093,flow,15,401472,flow,1,2.13007070054249e-09,8.15049196310324e-08,0.13383648279027924
248,7,408093,flow,15,401472,flow,2,0.00036246014721831376,0.004472515955393074,0.07994116717436527
248,7,408093,flow,15,401472,flow,7,4.455296459471406e-05,0.0007391275232302792,0.09147424603939307
248,7,408093,flow,15,401472,flow,12,0.0002727710040012073,0.003529112720231253,0.08159160124577026
248,7,408093,flow,16,405838,flow,2,1.329200228897231e-05,0.0002561170824636948,0.09755705366940552
248,7,408093,flow,16,405838,flow,8,9.835720586821488e-05,0.0014586444536583876,0.08728065383858423
248,7,408093,flow,16,405838,flow,9,0.004277894399239009,0.03305993524993295,0.06408163023345027
248,7,408093,flow,16,405838,flow,12,6.602785845620395e-05,0.001036860590806256,0.08941359975538682
248,7,408093,flow,17,400260,flow,1,1.1063622475332895e-05,0.000218141711973702,0.09844929221163284
248,7,408093,flow,17,400260,flow,2,0.000453334746723009,0.0053846744730365655,0.07862057093979322
248,7,408093,flow,17,400260,flow,3,7.753146899633186e-05,0.0011872950941657341,0.08855968223471918
248,7,408093,flow,17,400260,flow,7,9.129981933982234e-05,0.001365899991969794,0.08768275601091458
248,7,408093,flow,18,404528,flow,2,0.0003127292021342806,0.003956047300790899,0.08080172133704641
248,7,408093,flow,18,404528,flow,3,1.6515025782205903e-05,0.00031223155964608094,0.09649146028186077
248,7,408093,flow,18,404528,flow,4,0.0044359577951163555,0.03396831327327355,0.06382339659089988
248,7,408093,flow,19,401795,flow,1,0.0009913871163145863,0.010317495404671195,0.07383749952921942
248,7,408093,occupancy,0,400593,flow,3,0.0025143686509525587,0.021820153821042694,0.06776762309475037
248,7,408093,occupancy,0,400593,flow,4,6.518948185470374e-05,0.0010259328291887802,0.08948122011359552
248,7,408093,occupancy,0,400593,flow,9,0.004146702760242896,0.03230031720924866,0.06430261454777227
248,7,408093,occupancy,2,400331,flow,1,0.0005526177817989613,0.006366156846324035,0.07743482640644335
248,7,408093,occupancy,2,400331,flow,2,0.005260153402735259,0.03883093421021244,0.06259848850877368
248,7,408093,occupancy,2,400331,flow,4,3.2718713659004872e-06,7.323566995176221e-05,0.10419097946335268
248,7,408093,occupancy,2,400331,flow,7,1.5544982435513248e-06,3.72046117016162e-05,0.10755576488610531
248,7,408093,occupancy,2,400331,flow,8,0.0057493279736825715,0.04162409392711364,0.06195126156210088
248,7,408093,occupancy,2,400331,flow,10,2.5908091943135254e-06,5.9312642922281023e-05,0.10525718181643115
248,7,408093,occupancy,5,400503,flow,1,1.4197533110396041e-05,0.00027150746380626075,0.09723473208271158
248,7,408093,occupancy,5,400503,flow,3,0.0017373558191053214,0.016181470172749696,0.07023309932946062
248,7,408093,occupancy,5,400503,flow,7,6.847127543393167e-05,0.0010678552703053603,0.08922105595189359
248,7,408093,occupancy,5,400503,flow,8,0.00028514157546887724,0.003667197398111193,0.08133608494396688
248,7,408093,occupancy,5,400503,flow,12,0.0026517806340078426,0.02272080481327468,0.06740634864656274
248,7,408093,occupancy,6,405843,flow,1,0.00619508193843536,0.04406842412982176,0.06140334252040019
248,7,408093,occupancy,6,405843,flow,2,0.0023316526237028056,0.02060286220985093,0.06827704396044249
248,7,408093,occupancy,6,405843,flow,3,1.2622131104607267e-05,0.0002451780862046016,0.09780925853501828
248,7,408093,occupancy,6,405843,flow,4,4.8214039287953754e-08,1.5270135610261012e-06,0.1220874193331421
248,7,408093,occupancy,6,405843,flow,5,0.0007147516956810523,0.007870831826005979,0.07586988235092898
248,7,408093,occupancy,6,405843,flow,6,0.001967065782192283,0.017973189888051317,0.06941332148434769
248,7,408093,occupancy,6,405843,flow,7,3.076999921924823e-05,0.0005365992053057483,0.09337472189161788
248,7,408093,occupancy,6,405843,flow,8,0.00032980144715042363,0.004141510749954439,0.08049272423034448
248,7,408093,occupancy,6,405843,flow,9,0.0025679131163135792,0.022138065580671846,0.06762475125443565
248,7,408093,occupancy,6,405843,flow,12,0.0005627035132215628,0.006459949979051691,0.07732572832771623
248,7,408093,occupancy,7,408093,flow,1,2.1909704691121235e-05,0.0004000419453323911,-0.09506362941777328
248,7,408093,occupancy,7,408093,flow,2,0.0015305931648232195,0.014583507878333278,-0.07106110830179427
248,7,408093,occupancy,7,408093,flow,3,2.47976542381822e-07,7.006269869780713e-06,0.11545500708504315
248,7,408093,occupancy,7,408093,flow,4,0.0034390185702076414,0.027941621634938893,0.06561691943363294
248,7,408093,occupancy,7,408093,flow,5,4.8341256877314365e-05,0.0007940465007984717,0.09105031424933016
248,7,408093,occupancy,7,408093,flow,6,1.2183694320918537e-06,2.9888449441435592e-05,0.10863581069551578
248,7,408093,occupancy,7,408093,flow,7,0.006042911063701009,0.04330686097410146,0.061586280909147126
248,7,408093,occupancy,7,408093,flow,8,3.4003523039161494e-09,1.2707198921209139e-07,0.1321402384358256
248,7,408093,occupancy,7,408093,flow,11,0.003177157647311658,0.02627358544484373,0.06616647642820027
248,7,408093,occupancy,9,402391,flow,1,0.0007789943755766624,0.008451169519063741,0.07533991498279867
248,7,408093,occupancy,10,400497,flow,1,2.5100667568209852e-05,0.00045068530297035143,0.09440522990477444
248,7,408093,occupancy,10,400497,flow,2,0.0029154055507313965,0.02451255737477546,0.06675869165996684
248,7,408093,occupancy,10,400497,flow,5,0.0016546613962670938,0.015542807636168396,0.07055278417975354
248,7,408093,occupancy,10,400497,flow,6,0.00024490565815029724,0.003224603606245913,0.08220941809734104
248,7,408093,occupancy,10,400497,flow,7,6.786599248465659e-06,0.00014170183061078612,0.10078946422328591
248,7,408093,occupancy,10,400497,flow,11,0.004973702336532438,0.03718833031580362,0.06300318373534931
248,7,408093,occupancy,10,400497,flow,12,0.00046520879838697713,0.005503017549374976,0.07846666691243231
248,7,408093,occupancy,11,405841,flow,1,0.00046884807300593117,0.005539999112105095,0.07842022985709544
248,7,408093,occupancy,11,405841,flow,4,1.6433098048960766e-05,0.00031109107612406007,0.09651599183407357
248,7,408093,occupancy,11,405841,flow,10,0.0020685244791711506,0.01871027167089483,0.06907891618504466
248,7,408093,occupancy,11,405841,flow,11,0.0009760380792608667,0.010201994924768799,0.0739355452284765
248,7,408093,occupancy,12,404520,flow,7,0.0004109893567544146,0.004978895179974961,0.07920186228406594
248,7,408093,occupancy,13,400183,flow,3,0.0017412068933380094,0.01620774354496919,0.0702185549158099
248,7,408093,occupancy,13,400183,flow,8,0.0009427901770380084,0.009904799525302033,0.074152912507473
248,7,408093,occupancy,13,400183,flow,11,0.005977294422644186,0.042943475645805564,0.06166644706614076
248,7,408093,occupancy,14,401469,flow,3,8.430065223090992e-06,0.00017089573798100932,0.09975742149918278
248,7,408093,occupancy,14,401469,flow,8,0.0018842791574733596,0.01734146987704498,0.06969812009700474
248,7,408093,occupancy,14,401469,flow,10,0.0003963592307317847,0.004827380537810289,0.07941575732326647
248,7,408093,occupancy,15,401472,flow,1,4.8439467349354334e-05,0.0007950550871930499,0.0910397479452972
248,7,408093,occupancy,15,401472,flow,2,0.0009556367383212976,0.010025135283020898,0.0740680959948368
248,7,408093,occupancy,15,401472,flow,7,0.0019215653193623778,0.017624548152113527,0.0695684575124181
248,7,408093,occupancy,15,401472,flow,8,0.004431856445691624,0.03396831327327355,0.06382999102709792
248,7,408093,occupancy,15,401472,flow,12,0.002271436774898734,0.02016561720859754,0.0684529523131259
248,7,408093,occupancy,16,405838,flow,1,0.0032844672818869536,0.026969965135433642,0.06593645855350941
248,7,408093,occupancy,16,405838,flow,2,0.00010438590541296739,0.0015395940982725132,0.0869581667266874
248,7,408093,occupancy,16,405838,flow,3,0.004094410782983483,0.0319852704927462,0.06439246796346589
248,7,408093,occupancy,16,405838,flow,7,0.0012523136814188822,0.012468299386332269,0.07235546741921697
248,7,408093,occupancy,16,405838,flow,8,0.0013879780965764886,0.013489460916108956,0.07169455392016863
248,7,408093,occupancy,16,405838,flow,9,0.0006939104817253262,0.007674585972999,0.0760513415584397
248,7,408093,occupancy,16,405838,flow,12,1.3149622617318963e-06,3.191369084652692e-05,0.10829870191633016
248,7,408093,occupancy,17,400260,flow,1,0.0023303100773297285,0.020599426097942353,0.06828092039004448
248,7,408093,occupancy,17,400260,flow,3,5.924514753055703e-08,1.8613748169600462e-06,0.12127233583777312
248,7,408093,occupancy,17,400260,flow,7,0.00015907375106752507,0.0022161271161345443,0.08464249110609463
248,7,408093,occupancy,17,400260,flow,12,0.00014890992110206286,0.00209745959948129,0.08500921625526388
248,7,408093,occupancy,18,404528,flow,2,0.0047795218073548185,0.03604038088282914,0.06328967472017895
248,7,408093,occupancy,18,404528,flow,3,5.030395336484558e-05,0.0008222212581768177,0.0908429083415218
248,7,408093,occupancy,18,404528,flow,4,0.001641332436964504,0.015454568717712855,0.07060568141582181
248,7,408093,occupancy,18,404528,flow,7,0.0010564138250409173,0.010865970771849436,0.07343711595904066
248,7,408093,occupancy,18,404528,flow,8,0.002108000833829368,0.01898783069671157,0.0689528541258199
248,7,408093,occupancy,19,401795,flow,1,0.003079750240662051,0.025565951267601958,0.06638147942254394
248,7,408093,occupancy,19,401795,flow,2,0.0015474816398663228,0.014723395932211884,0.07098973165627523
248,7,408093,occupancy,19,401795,flow,5,0.0006319230497402673,0.007109134309578007,0.07662263792480002
248,7,408093,speed,13,400183,flow,8,0.004086889502704394,0.03194962477684217,-0.06440547729750025
248,8,401448,flow,7,408093,flow,1,0.002624954468188494,0.022548823429258888,0.0674755128138491
248,8,401448,flow,8,401448,flow,1,6.370018566995718e-251,8.876929099813388e-248,0.6619296940251636
248,8,401448,flow,8,401448,flow,2,0.005129728590519684,0.0380371224013818,0.06278021790861583
248,8,401448,flow,8,401448,flow,4,4.2723812681740036e-11,1.9888671420810016e-09,-0.14725742626114646
248,8,401448,flow,8,401448,flow,7,0.00033320659287490586,0.004178381658112027,0.08043288744170995
248,8,401448,flow,8,401448,flow,10,3.375063714532716e-05,0.0005790419081326979,0.09290335843382463
248,8,401448,flow,12,404520,flow,3,0.00059587249277591,0.006771370008493701,-0.07697934126081024
248,8,401448,flow,15,401472,flow,3,0.0010435814758057043,0.010767308276762939,-0.07351428753491743
248,8,401448,flow,15,401472,flow,4,0.003015730274778917,0.025155348111691296,-0.06652618808833967
248,8,401448,flow,17,400260,flow,2,0.0050858097880005235,0.03778929873436922,0.0628423526721341
248,8,401448,occupancy,0,400593,flow,6,0.00616096428869635,0.043912499137383654,0.06144400391014729
248,8,401448,occupancy,0,400593,flow,8,1.838256770525765e-06,4.344239195115593e-05,0.10680648133715911
248,8,401448,occupancy,7,408093,flow,1,0.002225833352121746,0.019850536914050254,0.0685890373535252
248,8,401448,occupancy,8,401448,flow,1,0.0028341344592046425,0.02399267267051549,0.06695245104278269
248,8,401448,occupancy,14,401469,flow,3,0.005231368189214528,0.03865807488437694,0.06263824414278486
248,8,401448,occupancy,14,401469,flow,11,0.006313531756312411,0.044675605548353176,0.0612637208284481
248,8,401448,occupancy,15,401472,flow,8,0.006570098513893464,0.04602371587484963,0.060969197003299495
248,8,401448,occupancy,16,405838,flow,9,0.006296655385554515,0.04462196729920522,-0.06128346901931568
248,8,401448,occupancy,17,400260,flow,1,0.0029401921179900915,0.024668149057520287,0.06670057778885076
248,8,401448,occupancy,17,400260,flow,12,0.0025286635841011017,0.02190460534051887,0.06772921008135896
248,9,402391,flow,1,400125,flow,1,0.0020315824693668883,0.01843789131862386,0.0691988987871509
248,9,402391,flow,1,400125,flow,2,0.0006459311514515096,0.007234696847992018,0.07648911885836482
248,9,402391,flow,2,400331,flow,1,2.76831166009589e-05,0.0004895254347774968,0.09391099189623339
248,9,402391,flow,2,400331,flow,4,0.00211770402890817,0.01905536639217516,0.06892219977889813
248,9,402391,flow,2,400331,flow,5,0.00040518834384053814,0.0049196561140841056,0.07928581037789004
248,9,402391,flow,2,400331,flow,8,0.003041643755509341,0.025347031295911177,0.06646727993622137
248,9,402391,flow,2,400331,flow,11,0.00015754520528107592,0.002199726201726723,0.08469620986745834
248,9,402391,flow,4,400316,flow,11,0.00016282361554115134,0.0022617299650732276,0.08451273555149126
248,9,402391,flow,5,400503,flow,1,0.0003579502469934418,0.004433328747166481,0.08001449922591537
248,9,402391,flow,5,400503,flow,2,0.007224654600854082,0.04951690921099419,0.060262164537180966
248,9,402391,flow,5,400503,flow,9,0.0002883856220328037,0.003701205844271277,0.08127079724516494
248,9,402391,flow,5,400503,flow,11,1.1551930410565672e-06,2.8557990074815845e-05,0.10887048988657017
248,9,402391,flow,5,400503,flow,12,0.0005233285779600909,0.006077364131149443,0.07776249412974053
248,9,402391,flow,6,405843,flow,7,0.003326407831204828,0.027252193875981146,0.06584841467748567
248,9,402391,flow,6,405843,flow,11,0.0019934315089554237,0.01816798337275829,0.06932492616393572
248,9,402391,flow,7,408093,flow,10,0.005964912805303441,0.04287591234427765,0.061681662921482514
248,9,402391,flow,9,402391,flow,1,3.5505473373415802e-99,1.5812746904449101e-96,0.44890520968469977
248,9,402391,flow,9,402391,flow,2,7.186737570862684e-21,7.553943140176836e-19,0.2080521359136057
248,9,402391,flow,9,402391,flow,3,2.0764897649344216e-05,0.0003818831751603534,0.09535551975101896
248,9,402391,flow,10,400497,flow,5,0.00010599442231413696,0.001556939491319523,0.086875093831417
248,9,402391,flow,10,400497,flow,8,0.00520133007258127,0.038465944838968334,-0.06267994129637537
248,9,402391,flow,10,400497,flow,10,3.869403983281582e-08,1.2391271466105586e-06,0.12295181822186461
248,9,402391,flow,10,400497,flow,11,1.48762484254651e-11,7.253430383522488e-10,0.1506750092178339
248,9,402391,flow,10,400497,flow,12,7.297178349807059e-08,2.2843340921135137e-06,0.12044248911404681
248,9,402391,flow,12,404520,flow,5,0.0010721437835849352,0.01101465195026616,0.07334369227421447
248,9,402391,flow,12,404520,flow,10,8.526544227444244e-05,0.001288815680057214,0.08805055820086782
248,9,402391,flow,12,404520,flow,11,8.994310430794771e-07,2.281586674165203e-05,0.10996710374076366
248,9,402391,flow,14,401469,flow,3,0.005104461839483752,0.03786926867004947,0.06281590543873873
248,9,402391,flow,14,401469,flow,9,0.006138396911749813,0.043812801357472786,0.0614710111725562
248,9,402391,flow,14,401469,flow,12,0.0008630674433693416,0.009178856118551343,0.07470451197361895
248,9,402391,flow,15,401472,flow,1,0.00023822545661455365,0.003151402873098463,0.08236730181420802
248,9,402391,flow,15,401472,flow,10,0.00456942045855484,0.03476558010031157,0.06361176270664416
248,9,402391,flow,15,401472,flow,11,3.423806024278858e-14,2.2241867706593485e-12,0.16899859279619212
248,9,402391,flow,15,401472,flow,12,4.0929826264559666e-09,1.5125478995970722e-07,0.1314619206171924
248,9,402391,flow,16,405838,flow,1,0.0008230785385875304,0.008838427260000326,0.07499922460225106
248,9,402391,flow,16,405838,flow,2,0.0001207501861971284,0.0017452017543378878,0.08616407272729253
248,9,402391,flow,16,405838,flow,3,9.013655423675779e-05,0.0013511100426883888,0.0877518362478787
248,9,402391,flow,16,405838,flow,8,2.800356372718746e-05,0.0004947868928484655,0.09385274793179252
248,9,402391,flow,17,400260,flow,1,0.0017449926972992666,0.016235986328522144,0.07020428579024245
248,9,402391,flow,17,400260,flow,5,0.004346677684298097,0.03348367973639048,0.06396821201262583
248,9,402391,flow,17,400260,flow,11,0.0027533304983005775,0.023459819424135452,0.06715018939381366
248,9,402391,flow,17,400260,flow,12,0.0001626203489811739,0.002259633025405826,0.08451969674943774
248,9,402391,flow,18,404528,flow,1,0.00012955492299774877,0.0018618671568538746,0.08577789625462909
248,9,402391,flow,18,404528,flow,11,0.0059804371232470305,0.042958909831106035,0.061662589495556884
248,9,402391,flow,18,404528,flow,12,0.004768085414359945,0.035979264611414784,0.0633068740420972
248,9,402391,flow,19,401795,flow,1,4.956148850123252e-07,1.3224560242453645e-05,0.11253742514682945
248,9,402391,flow,19,401795,flow,5,9.156542173735303e-05,0.0013687287955202944,0.08766709980768735
248,9,402391,flow,19,401795,flow,12,5.105611392760216e-09,1.8644329008219895e-07,0.1306485612346664
248,9,402391,occupancy,2,400331,flow,2,0.00010488115888027531,0.0015463706701801686,0.08693246116530262
248,9,402391,occupancy,4,400316,flow,11,0.006596720070115626,0.046165285441275725,0.06093923177812324
248,9,402391,occupancy,5,400503,flow,3,0.0011324232045523128,0.011475646830086774,0.07299703126219209
248,9,402391,occupancy,5,400503,flow,6,0.006356436088268943,0.04489830592106252,0.06121372850017615
248,9,402391,occupancy,6,405843,flow,1,0.000734309555964142,0.008047228010565939,0.07570401088493069
248,9,402391,occupancy,6,405843,flow,12,6.531701951557129e-05,0.0010271915701029048,0.0894708805439746
248,9,402391,occupancy,10,400497,flow,5,0.00010507653684432005,0.0015471391927998042,0.08692235177025041
248,9,402391,occupancy,10,400497,flow,10,0.002992267130186869,0.025021570983562696,0.06657992535302046
248,9,402391,occupancy,10,400497,flow,11,8.965007150098417e-05,0.0013452181621543993,0.08778097576966808
248,9,402391,occupancy,11,405841,flow,5,0.00663193409606138,0.04637430690853474,0.06089976135308355
248,9,402391,occupancy,12,404520,flow,11,0.0004787055493968102,0.005637971574139095,0.07829611613402566
248,9,402391,occupancy,14,401469,flow,5,2.860479441577885e-07,7.967292835342658e-06,0.11485906826523935
248,9,402391,occupancy,14,401469,flow,8,0.005459385623525192,0.04000092587114795,0.062328587935190104
248,9,402391,occupancy,16,405838,flow,1,0.0032420430453984146,0.026713000107040148,0.06602656516488238
248,9,402391,occupancy,16,405838,flow,4,0.00039326665275713955,0.004796509081949499,0.07946191367697171
248,9,402391,occupancy,16,405838,flow,7,0.0049904951908198505,0.0372476489708738,0.0629788851830751
248,9,402391,occupancy,17,400260,flow,3,0.002209651559734257,0.01973066295587431,0.06863793964924561
248,9,402391,occupancy,19,401795,flow,1,0.002608386067567161,0.02242433395401022,0.06751855328799601
248,9,402391,occupancy,19,401795,flow,12,0.00019670803471315092,0.002673100691918251,0.0834531428118501
248,9,402391,speed,0,400593,flow,7,8.642878847873588e-05,0.0013036744630870775,-0.08797777827155447
248,9,402391,speed,10,400497,flow,1,0.0029883598489806786,0.024999447226174535,0.06658891142379868
248,9,402391,speed,11,405841,flow,5,0.006748037747219171,0.04693531326354342,-0.0607709444362298
248,9,402391,speed,13,400183,flow,4,0.0031174496123697578,0.02585902904269845,0.0662975422456183
248,9,402391,speed,14,401469,flow,5,7.299666257384712e-05,0.001128248952840857,-0.08888100886605936
248,9,402391,speed,14,401469,flow,8,0.001225156896201977,0.012274299145622775,-0.07249566159929668
248,10,400497,flow,1,400125,flow,1,8.780936168332732e-17,6.93485269601415e-15,0.1851994131395528
248,10,400497,flow,1,400125,flow,2,0.0005263847560932314,0.006104650057242308,0.07772751648615102
248,10,400497,flow,1,400125,flow,4,0.006907207222420294,0.04775025636238706,-0.06059754350067565
248,10,400497,flow,1,400125,flow,9,1.2391574387350454e-05,0.00024167765848015334,-0.09789902303656856
248,10,400497,flow,1,400125,flow,10,0.006063913834784484,0.043398439128217996,-0.061560786607625755
248,10,400497,flow,1,400125,flow,12,5.380424068228454e-06,0.00011472572544297591,0.1018835611643397
248,10,400497,flow,2,400331,flow,5,0.0017274245428442817,0.01610721783960133,0.07027074408647117
248,10,400497,flow,2,400331,flow,8,0.006389571340852526,0.04506603786527822,0.06117532639124312
248,10,400497,flow,2,400331,flow,10,9.020263467948335e-06,0.00018166684466916928,0.0994333180911837
248,10,400497,flow,2,400331,flow,11,0.003655801956052256,0.029322436780812748,0.0651900503761806
248,10,400497,flow,3,400039,flow,1,1.0639992662814699e-11,5.289386456082797e-10,0.15174450163144357
248,10,400497,flow,3,400039,flow,2,0.002018243300890715,0.018339947538594633,0.06924271458565694
248,10,400497,flow,3,400039,flow,12,0.0010079032312857255,0.010459334688823076,0.07373355518167096
248,10,400497,flow,4,400316,flow,1,9.537491937498262e-17,7.518606782845345e-15,0.18498502496361488
248,10,400497,flow,4,400316,flow,3,0.0004058807576516686,0.0049252945872337315,-0.07927573151644562
248,10,400497,flow,4,400316,flow,4,7.4577387973091185e-06,0.00015378248975835509,-0.10034189014812328
248,10,400497,flow,4,400316,flow,6,2.4030174185944067e-07,6.82513823032731e-06,0.11558578826845096
248,10,400497,flow,4,400316,flow,7,0.0019850246413555734,0.018106643688040703,0.06935299448934111
248,10,400497,flow,4,400316,flow,11,0.0002913723786845002,0.003730671831407945,0.08121129266697744
248,10,400497,flow,4,400316,flow,12,1.7511499488780751e-23,2.0501267694182343e-21,0.22143656732019948
248,10,400497,flow,5,400503,flow,1,1.1522647083634837e-14,7.826703679450078e-13,0.17207358154245272
248,10,400497,flow,5,400503,flow,2,1.345476677268802e-09,5.279254537512465e-08,0.13548216329289395
248,10,400497,flow,5,400503,flow,6,0.0028401991686543395,0.02402988720835634,0.0669378182227569
248,10,400497,flow,5,400503,flow,7,6.1865423677171e-09,2.2346039321519959e-07,0.12993795000509897
248,10,400497,flow,5,400503,flow,8,0.0036981325833532505,0.02961247962944586,0.06510939165374677
248,10,400497,flow,5,400503,flow,11,1.790281032248538e-05,0.0003352411815914037,0.09609263164003055
248,10,400497,flow,5,400503,flow,12,1.6826322609363433e-12,9.166420387446409e-11,0.15749871954041086
248,10,400497,flow,6,405843,flow,1,3.948983962944167e-26,5.169579006036001e-24,0.23410825659145135
248,10,400497,flow,6,405843,flow,2,4.8048675585759716e-14,3.088843430513125e-12,0.1680299415196842
248,10,400497,flow,6,405843,flow,6,2.0001634495733733e-06,4.692369990205688e-05,0.10642735750351003
248,10,400497,flow,6,405843,flow,7,1.591105106900552e-20,1.632677924420519e-18,0.20627306035892196
248,10,400497,flow,6,405843,flow,8,0.0005804524741625677,0.006631988067660122,0.07713808159019668
248,10,400497,flow,6,405843,flow,10,3.518562703712556e-08,1.1326520774991238e-06,-0.12332350583475561
248,10,400497,flow,6,405843,flow,12,3.4001869520503048e-09,1.2707198921209139e-07,0.1321404159087776
248,10,400497,flow,7,408093,flow,1,7.517926300279088e-05,0.0011561922968033344,0.08872406885004996
248,10,400497,flow,7,408093,flow,5,1.1423121903154855e-05,0.00022441058036211446,0.09829435380396861
248,10,400497,flow,7,408093,flow,6,0.000451779337166932,0.005373568646658915,0.07864100895309166
248,10,400497,flow,7,408093,flow,11,0.00038194457640705463,0.004676872364168016,0.07963383667461306
248,10,400497,flow,7,408093,flow,12,1.612353790181021e-06,3.8546587568245774e-05,0.10739288324946471
248,10,400497,flow,8,401448,flow,4,0.0025243718795777644,0.02188498197827803,0.0677407217566318
248,10,400497,flow,8,401448,flow,5,1.3015340954523944e-06,3.1623325603792706e-05,0.1083441131615172
248,10,400497,flow,8,401448,flow,6,9.059988165982686e-08,2.79365802120237e-06,0.11957491244954777
248,10,400497,flow,8,401448,flow,10,0.005547108646338651,0.040531176196946274,0.062212557289040536
248,10,400497,flow,8,401448,flow,11,0.0010042079108701248,0.010428312920574374,0.07375667416220891
248,10,400497,flow,8,401448,flow,12,0.00022787585976124627,0.0030374073254198827,0.0826203032366665
248,10,400497,flow,9,402391,flow,1,1.6498868941538572e-13,1.0024629230301918e-11,0.16445424587091417
248,10,400497,flow,9,402391,flow,2,2.379660094655848e-07,6.776619386231551e-06,0.11562639099464324
248,10,400497,flow,9,402391,flow,3,0.007231310137577023,0.04954680379751426,0.060255275621933495
248,10,400497,flow,9,402391,flow,4,0.006224209681816596,0.04422464773922318,-0.0613687872158278
248,10,400497,flow,9,402391,flow,12,0.005835827538658993,0.04213030576037241,0.06184201365668974
248,10,400497,flow,10,400497,flow,1,0.0,0.0,0.8694468523143143
248,10,400497,flow,10,400497,flow,2,9.351655713007715e-12,4.665029177851424e-10,-0.15211645565898194
248,10,400497,flow,10,400497,flow,3,9.486641274113457e-06,0.0001899967098014378,-0.09919122729552086
248,10,400497,flow,10,400497,flow,4,1.884017507837551e-05,0.00035111974261683434,0.09583957839007488
248,10,400497,flow,10,400497,flow,5,1.8522158000451007e-27,2.606375327750761e-25,0.24019474761217402
248,10,400497,flow,10,400497,flow,6,2.2787614292579164e-62,6.519370446618675e-60,0.36150273581902287
248,10,400497,flow,10,400497,flow,7,1.3739813799970105e-16,1.0694773984841594e-14,0.1840349212809999
248,10,400497,flow,10,400497,flow,8,1.5659089818100636e-11,7.600816630808399e-10,-0.15051067538510574
248,10,400497,flow,10,400497,flow,9,7.806233557991612e-22,8.580897956876277e-20,-0.2130744280933054
248,10,400497,flow,10,400497,flow,10,0.00015694552645824272,0.002193480020380487,-0.0846961480701386
248,10,400497,flow,10,400497,flow,11,1.296790476561649e-29,2.0007624495522585e-27,0.24965632968692067
248,10,400497,flow,10,400497,flow,12,0.0008637123740080032,0.009183454235083863,0.07469986344460416
248,10,400497,flow,11,405841,flow,1,1.9110547694747314e-05,0.0003547811174959536,0.09576881379719118
248,10,400497,flow,11,405841,flow,4,6.131369214686252e-05,0.0009738056988031107,-0.08980492342981693
248,10,400497,flow,11,405841,flow,6,0.006131717387195013,0.0437907408045668,0.06147902195754935
248,10,400497,flow,11,405841,flow,7,4.558689935920411e-10,1.9082888103852883e-08,0.13928309697779168
248,10,400497,flow,11,405841,flow,12,6.334035725299447e-06,0.00013321827815624933,0.10111582855487819
248,10,400497,flow,12,404520,flow,1,3.120765789048447e-19,2.8930704310492045e-17,0.19925960991484495
248,10,400497,flow,12,404520,flow,3,1.1681332166836137e-14,7.922033745797819e-13,-0.17203531159285196
248,10,400497,flow,12,404520,flow,4,1.7121272658249284e-10,7.426094165023785e-09,-0.14263563642919602
248,10,400497,flow,12,404520,flow,6,5.765406803939039e-16,4.294234033278733e-14,0.18025193912920046
248,10,400497,flow,12,404520,flow,7,2.088108264099565e-08,6.944286143887699e-07,0.1253448656229027
248,10,400497,flow,12,404520,flow,11,3.3518142240880536e-09,1.25693033403302e-07,0.13219269849304308
248,10,400497,flow,12,404520,flow,12,1.5781677572427588e-28,2.3348235312632595e-26,0.24497264133358038
248,10,400497,flow,13,400183,flow,2,0.0020800776390149187,0.018802961708609435,0.06904179618533873
248,10,400497,flow,13,400183,flow,9,0.000642726123368668,0.0072006661124290605,0.07651942864449361
248,10,400497,flow,14,401469,flow,1,4.002886041783061e-13,2.3495200680031012e-11,0.1618354958240747
248,10,400497,flow,14,401469,flow,2,9.042070310667862e-07,2.29101136317215e-05,0.10994400549096302
248,10,400497,flow,14,401469,flow,5,3.12098626097081e-05,0.0005421254783833494,0.0933025030945905
248,10,400497,flow,14,401469,flow,6,2.1133442645930244e-10,9.102340202434562e-09,0.1419215424817985
248,10,400497,flow,14,401469,flow,7,1.5806703159142156e-12,8.621838086804811e-11,0.15769003443595433
248,10,400497,flow,14,401469,flow,8,2.6944396394845626e-05,0.000478617567540021,0.09404773903889047
248,10,400497,flow,14,401469,flow,11,0.0006325087658507208,0.007113871045235912,0.07661700027412158
248,10,400497,flow,14,401469,flow,12,4.1062953222493146e-06,9.022988704026978e-05,0.10314325062543202
248,10,400497,flow,15,401472,flow,1,5.734903837156802e-159,4.0614400945110467e-156,0.552269316729979
248,10,400497,flow,15,401472,flow,2,1.4869237113398576e-32,2.50918376288601e-30,0.26209176644982546
248,10,400497,flow,15,401472,flow,3,0.00014759036635855874,0.0020822677422239508,-0.08505854416486862
248,10,400497,flow,15,401472,flow,4,1.3439189136811714e-15,9.907388578673482e-14,-0.17798039564391877
248,10,400497,flow,15,401472,flow,6,4.914334202943242e-19,4.41370556272657e-17,0.1981664093384105
248,10,400497,flow,15,401472,flow,7,6.894901292010069e-27,9.366658358957075e-25,0.23760110493623413
248,10,400497,flow,15,401472,flow,9,5.2538878828963255e-17,4.210908284621916e-15,-0.18652596736382748
248,10,400497,flow,15,401472,flow,10,2.2483352876796003e-11,1.0768080313498753e-09,-0.14934644610700062
248,10,400497,flow,15,401472,flow,11,0.002279702606471366,0.02021826167102505,0.06842855440152144
248,10,400497,flow,15,401472,flow,12,1.3237570745959435e-82,4.398946586349597e-80,0.412870508687443
248,10,400497,flow,16,405838,flow,1,5.447549406177168e-09,1.982595908566585e-07,0.13040910550788107
248,10,400497,flow,16,405838,flow,2,8.800567018993284e-19,7.838855571556905e-17,0.19675423335942388
248,10,400497,flow,16,405838,flow,3,5.214064528400073e-08,1.6429437463667628e-06,0.12177830489311238
248,10,400497,flow,16,405838,flow,6,0.0007668814400700385,0.008340704484145435,0.07543665792194561
248,10,400497,flow,16,405838,flow,7,1.537413688384606e-11,7.470896663466251e-10,0.15056954242656675
248,10,400497,flow,16,405838,flow,8,1.8169421620893953e-12,9.860791633449984e-11,0.1572633614111009
248,10,400497,flow,17,400260,flow,1,1.5805036779544521e-21,1.7069439721908085e-19,0.21154446601174343
248,10,400497,flow,17,400260,flow,2,4.063218040281814e-28,5.93010200473562e-26,0.2431501774342725
248,10,400497,flow,17,400260,flow,3,3.6449131701154894e-07,9.890719155087257e-06,0.11384102925766995
248,10,400497,flow,17,400260,flow,6,6.306000574175874e-06,0.00013269324150238563,0.10113677254218165
248,10,400497,flow,17,400260,flow,7,7.048102475575529e-07,1.8188651549872332e-05,0.11102560937048823
248,10,400497,flow,17,400260,flow,8,0.0002984827980084741,0.0038115450410777657,0.08107189918353869
248,10,400497,flow,17,400260,flow,10,1.9666309092752367e-06,4.62233162571764e-05,-0.1065033961791241
248,10,400497,flow,17,400260,flow,12,5.464107687837906e-06,0.00011633782755771194,0.10181117769044096
248,10,400497,flow,18,404528,flow,1,3.8115742260544464e-10,1.6095797318235786e-08,0.13990183194950911
248,10,400497,flow,18,404528,flow,2,1.490145140110082e-10,6.495890015414283e-09,0.14310468854410877
248,10,400497,flow,18,404528,flow,3,2.283348891137159e-06,5.294722066405006e-05,0.10583003722237909
248,10,400497,flow,18,404528,flow,8,0.0028589957448499955,0.024136919323337856,0.0668926465894488
248,10,400497,flow,19,401795,flow,1,1.0608729013090798e-29,1.6426419117043818e-27,0.25009414274019626
248,10,400497,flow,19,401795,flow,2,3.988659628117232e-33,6.837702219629541e-31,0.2644209344839079
248,10,400497,flow,19,401795,flow,3,2.1443401550434555e-08,7.125807284452098e-07,0.12524269292069126
248,10,400497,flow,19,401795,flow,6,6.4994616965783396e-12,3.3228017194341333e-10,0.1533037501106885
248,10,400497,flow,19,401795,flow,7,9.655466154439261e-21,1.00509912740187e-18,0.2074253930621707
248,10,400497,flow,19,401795,flow,8,3.6201587854577915e-07,9.848290902504823e-06,0.11386977583721195
248,10,400497,flow,19,401795,flow,12,1.939175388494409e-14,1.2888057966608995e-12,0.17061089988628844
248,10,400497,occupancy,1,400125,flow,1,2.3958761157938673e-13,1.427611699342001e-11,0.16335724781116376
248,10,400497,occupancy,1,400125,flow,2,6.420384288617995e-06,0.0001348374337716565,0.10105187325636475
248,10,400497,occupancy,1,400125,flow,7,0.0011060754867855027,0.011269448355927764,0.07314640386246449
248,10,400497,occupancy,1,400125,flow,9,0.00043689381087660636,0.005231101061493735,-0.07883999340058372
248,10,400497,occupancy,1,400125,flow,10,0.0029118219504813,0.02448719257558734,-0.06676713091903708
248,10,400497,occupancy,1,400125,flow,12,2.2719405117719938e-06,5.273929613570668e-05,0.10585269033582577
248,10,400497,occupancy,2,400331,flow,4,0.004984697917712675,0.03722383800998736,0.06298726523132363
248,10,400497,occupancy,2,400331,flow,5,0.006026990628136373,0.04323873910395148,0.06160565919750398
248,10,400497,occupancy,2,400331,flow,10,1.0915700193931275e-06,2.7163493570151557e-05,0.10911964597372747
248,10,400497,occupancy,3,400039,flow,1,1.748999204573577e-11,8.470489421253198e-10,0.15015573899477194
248,10,400497,occupancy,3,400039,flow,2,3.272893957429066e-07,8.994212402095143e-06,0.11429435596344407
248,10,400497,occupancy,3,400039,flow,12,0.00045402508356287536,0.005391391866387085,0.07861152088796769
248,10,400497,occupancy,4,400316,flow,1,5.904426190707043e-18,4.943240531754735e-16,0.19206444787767465
248,10,400497,occupancy,4,400316,flow,3,5.381040340482422e-07,1.421779466109117e-05,-0.11218603144561368
248,10,400497,occupancy,4,400316,flow,4,5.3598030599959696e-09,1.9523060049901002e-07,-0.13046912897003038
248,10,400497,occupancy,4,400316,flow,6,0.0005370631303923564,0.006206829115288869,0.0776067706604884
248,10,400497,occupancy,4,400316,flow,7,1.7945132765485226e-05,0.0003358881002898448,0.09608093712825258
248,10,400497,occupancy,4,400316,flow,10,0.0019864285987249426,0.018114350002391384,-0.06934829946984833
248,10,400497,occupancy,4,400316,flow,11,0.0006733226239715242,0.007485454297106992,0.07623563421542796
248,10,400497,occupancy,4,400316,flow,12,3.6157291509522968e-19,3.32339360257743e-17,0.19890588337830936
248,10,400497,occupancy,5,400503,flow,1,2.7790735836426902e-18,2.3963269224224396e-16,0.19393542122472962
248,10,400497,occupancy,5,400503,flow,2,6.076634203883787e-14,3.860449964820289e-12,0.16735535144003746
248,10,400497,occupancy,5,400503,flow,6,3.773289372458493e-05,0.0006374896397739807,0.09233179513485101
248,10,400497,occupancy,5,400503,flow,7,7.385139724591892e-06,0.000152629740472494,0.10038840622725453
248,10,400497,occupancy,5,400503,flow,8,3.652614822976139e-05,0.0006192816340367708,0.09249870176903704
248,10,400497,occupancy,5,400503,flow,11,5.9613202603800165e-05,0.0009514210395950588,0.0899531013895523
248,10,400497,occupancy,5,400503,flow,12,2.7110584871584303e-05,0.0004805815619419129,0.09401666744798501
248,10,400497,occupancy,6,405843,flow,1,1.077355878027388e-32,1.825167605128751e-30,0.2626642591618043
248,10,400497,occupancy,6,405843,flow,2,9.659825016463351e-13,5.391530241746987e-11,0.1591890626243335
248,10,400497,occupancy,6,405843,flow,4,4.154067732384484e-09,1.5324997953801e-07,-0.1314075706119805
248,10,400497,occupancy,6,405843,flow,6,7.059993134030039e-05,0.0010970924582377616,0.08905853905847448
248,10,400497,occupancy,6,405843,flow,7,2.4654411214108916e-33,4.260282257798021e-31,0.2652667080629834
248,10,400497,occupancy,6,405843,flow,8,5.056565102278041e-06,0.00010861614813412774,0.10217422641732324
248,10,400497,occupancy,6,405843,flow,10,4.787766944916621e-16,3.5784002079653645e-14,-0.1807467093078593
248,10,400497,occupancy,6,405843,flow,12,8.624962786375926e-08,2.670956217716416e-06,0.11977274362543688
248,10,400497,occupancy,7,408093,flow,1,0.0016902025545250533,0.015809693419558055,0.07041362753539533
248,10,400497,occupancy,7,408093,flow,5,0.00027217147385323636,0.0035224109258417645,0.0816042585652597
248,10,400497,occupancy,7,408093,flow,6,0.0003401362714993209,0.0042529339880667625,0.08031286144108299
248,10,400497,occupancy,7,408093,flow,12,0.0001700540127677007,0.0023435600470709493,0.08427028590933223
248,10,400497,occupancy,8,401448,flow,2,1.834216608264622e-06,4.337063901315362e-05,0.10676284259689077
248,10,400497,occupancy,8,401448,flow,3,6.517225584960164e-05,0.0010259328291887802,-0.08946016037241497
248,10,400497,occupancy,8,401448,flow,9,0.005432497887795635,0.03985123259513864,-0.062364488929778146
248,10,400497,occupancy,9,402391,flow,1,3.0502655310728703e-10,1.302089633817668e-08,0.14066826426404133
248,10,400497,occupancy,9,402391,flow,2,9.4573576162438e-07,2.387676587450993e-05,0.10974796725288714
248,10,400497,occupancy,9,402391,flow,4,0.0015545450636497507,0.01477587387231446,-0.07096009154163677
248,10,400497,occupancy,9,402391,flow,12,0.0027984245831064645,0.023742379337158292,0.06703919504389408
248,10,400497,occupancy,10,400497,flow,1,4.294065117038466e-74,1.3442290801163893e-71,0.3923701766905989
248,10,400497,occupancy,10,400497,flow,2,4.062827365938614e-08,1.2991424293748937e-06,-0.12276064275036642
248,10,400497,occupancy,10,400497,flow,3,4.406804425319678e-71,1.3312863718448257e-68,-0.38475557280693573
248,10,400497,occupancy,10,400497,flow,4,6.41984858346321e-13,3.663638821738582e-11,-0.16042197487882848
248,10,400497,occupancy,10,400497,flow,5,2.2485439875119763e-20,2.2748735424008753e-18,0.20547112826059552
248,10,400497,occupancy,10,400497,flow,6,4.889429790998865e-84,1.697904937814952e-81,0.41618410197683603
248,10,400497,occupancy,10,400497,flow,7,2.155457263892716e-23,2.516641994599063e-21,0.2209907004610838
248,10,400497,occupancy,10,400497,flow,8,2.2437179212277913e-32,3.771541408445159e-30,-0.26135866917242334
248,10,400497,occupancy,10,400497,flow,9,1.3236897850900391e-64,3.812226581059313e-62,-0.3676541864856452
248,10,400497,occupancy,10,400497,flow,10,1.3478361527358573e-24,1.6401837126250433e-22,-0.22686242087297248
248,10,400497,occupancy,10,400497,flow,11,3.1892518291936326e-28,4.6703620007174556e-26,0.24361833779184908
248,10,400497,occupancy,10,400497,flow,12,7.253247608733185e-155,5.053875753181832e-152,0.546223582344338
248,10,400497,occupancy,11,405841,flow,1,3.4297773254905625e-06,7.653222131259933e-05,0.10397440635034624
248,10,400497,occupancy,11,405841,flow,4,4.326929973981497e-06,9.45012006450964e-05,-0.10290042882295439
248,10,400497,occupancy,11,405841,flow,5,0.002924057254762524,0.024561398678930785,-0.0667383561111965
248,10,400497,occupancy,11,405841,flow,7,1.318001193573445e-08,4.4903510695877627e-07,0.12710135488882418
248,10,400497,occupancy,11,405841,flow,8,0.0003119217475381071,0.003948145178331739,0.08081672350380573
248,10,400497,occupancy,11,405841,flow,12,0.0013768354817858465,0.013396237120078506,0.07174653890452959
248,10,400497,occupancy,12,404520,flow,1,1.516967205559319e-24,1.8356577949625374e-22,0.2266154025743675
248,10,400497,occupancy,12,404520,flow,3,4.846489298788795e-20,4.7692104261429604e-18,-0.20367840089241693
248,10,400497,occupancy,12,404520,flow,4,6.089800612196573e-16,4.528044517158209e-14,-0.18010591194327347
248,10,400497,occupancy,12,404520,flow,6,5.954070628010797e-10,2.459042553824727e-08,0.13835489784556126
248,10,400497,occupancy,12,404520,flow,7,9.780414301242845e-13,5.444766724403233e-11,0.15915147418271816
248,10,400497,occupancy,12,404520,flow,10,0.003888147212579823,0.030757729277320702,-0.06475735445136133
248,10,400497,occupancy,12,404520,flow,11,2.188350643618207e-07,6.269739970993295e-06,0.11597421627209432
248,10,400497,occupancy,12,404520,flow,12,6.835916085527103e-28,9.746256597187157e-26,0.24214118655714648
248,10,400497,occupancy,13,400183,flow,2,0.0038872734023437374,0.030756448897664733,0.06475893726425877
248,10,400497,occupancy,14,401469,flow,1,4.604584462499283e-09,1.6914800066323897e-07,0.13102920135126328
248,10,400497,occupancy,14,401469,flow,2,0.0025262960290636906,0.021893387007691566,0.06773555838385482
248,10,400497,occupancy,14,401469,flow,6,4.5915324131300965e-05,0.0007590357787052643,0.091317988176648
248,10,400497,occupancy,14,401469,flow,7,1.8440414403046814e-09,7.081119130769977e-08,0.1343551617387525
248,10,400497,occupancy,14,401469,flow,8,0.000375161143829205,0.004609539723470585,0.07973913587036766
248,10,400497,occupancy,14,401469,flow,10,0.0052749634186310575,0.03889994518084854,-0.06257811065452654
248,10,400497,occupancy,14,401469,flow,11,0.006738740901504903,0.04687819757568628,0.06078118565838877
248,10,400497,occupancy,14,401469,flow,12,5.161459242575689e-05,0.0008407806910983022,0.09070863419760039
248,10,400497,occupancy,15,401472,flow,1,1.5670286883028905e-196,1.5743171938298807e-193,0.6024752195118319
248,10,400497,occupancy,15,401472,flow,2,4.013489894346695e-39,7.775011813263553e-37,0.28757515394681554
248,10,400497,occupancy,15,401472,flow,3,1.3203008367452303e-16,1.0295486669204684e-14,-0.1841388891213808
248,10,400497,occupancy,15,401472,flow,4,1.60602810839606e-55,4.0812008401593993e-53,-0.34176788763173843
248,10,400497,occupancy,15,401472,flow,5,3.47828592551795e-11,1.627973477598867e-09,-0.1479297784506026
248,10,400497,occupancy,15,401472,flow,6,6.863115036882434e-15,4.774340895222563e-13,0.1735169708032056
248,10,400497,occupancy,15,401472,flow,7,1.4744804419543917e-37,2.818475889045563e-35,0.2817441202286827
248,10,400497,occupancy,15,401472,flow,9,6.77614000355065e-36,1.2403781701414748e-33,-0.2753935263689445
248,10,400497,occupancy,15,401472,flow,10,4.521444283542932e-37,8.529536814369199e-35,-0.27990227204580154
248,10,400497,occupancy,15,401472,flow,12,1.685325369695441e-93,7.000582304888755e-91,0.43718533772718593
248,10,400497,occupancy,16,405838,flow,1,4.087838662704927e-10,1.7195192816830854e-08,0.13966027289032154
248,10,400497,occupancy,16,405838,flow,2,1.5474297288402763e-16,1.1980101126505366e-14,0.18372441804047637
248,10,400497,occupancy,16,405838,flow,3,4.6197109409782734e-11,2.1459302435511977e-09,0.14700105595300875
248,10,400497,occupancy,16,405838,flow,6,0.00014247389273968903,0.0020226329826994963,0.08525381716652976
248,10,400497,occupancy,16,405838,flow,7,3.553125192083787e-11,1.6612013885067055e-09,0.14786031578214212
248,10,400497,occupancy,16,405838,flow,8,8.099143750870116e-15,5.589185463859249e-13,0.17305702554614602
248,10,400497,occupancy,17,400260,flow,1,3.188893219615825e-19,2.949896939773097e-17,0.19920776217986713
248,10,400497,occupancy,17,400260,flow,2,4.4205717722710345e-27,6.120791684682971e-25,0.23848172696188466
248,10,400497,occupancy,17,400260,flow,3,5.2280345958969605e-08,1.6461450039558941e-06,0.12176772741156516
248,10,400497,occupancy,17,400260,flow,7,1.3228949263217055e-09,5.2095771027436345e-08,0.13554241787922677
248,10,400497,occupancy,17,400260,flow,8,5.9942429717589104e-05,0.0009555398390405348,0.08992410351941554
248,10,400497,occupancy,17,400260,flow,10,2.0675860075900532e-05,0.00038105680685960024,-0.09537695177251179
248,10,400497,occupancy,18,404528,flow,1,7.657348188011163e-08,2.3832668711965577e-06,0.12024984427069098
248,10,400497,occupancy,18,404528,flow,2,2.1522292400767033e-09,8.227991431089698e-08,0.13379918062015328
248,10,400497,occupancy,18,404528,flow,3,0.00010204008730020039,0.0015070535970491134,0.08708150809220654
248,10,400497,occupancy,19,401795,flow,1,1.0873409058000523e-28,1.6197630045021468e-26,0.24568641496625365
248,10,400497,occupancy,19,401795,flow,2,3.1049151091928335e-26,4.101906199300624e-24,0.23459292000250168
248,10,400497,occupancy,19,401795,flow,3,2.647618279951879e-06,6.035731382264969e-05,0.10515852585554075
248,10,400497,occupancy,19,401795,flow,6,9.686065268524193e-07,2.434194413032258e-05,0.10964351292188028
248,10,400497,occupancy,19,401795,flow,7,1.046136576575616e-19,1.0042911135125913e-17,0.20186526856978848
248,10,400497,occupancy,19,401795,flow,8,0.001763577255301411,0.01638067887099999,0.0701346483623633
248,10,400497,occupancy,19,401795,flow,10,0.00026845910686604593,0.003481667192018368,-0.08168322071391533
248,10,400497,occupancy,19,401795,flow,12,3.7471426735231667e-06,8.292856736485696e-05,0.10356660874572146
248,10,400497,speed,1,400125,flow,3,3.403213051387686e-05,0.0005834079516664606,-0.09286090651901108
248,10,400497,speed,1,400125,flow,5,0.003807316719784851,0.030273304347057862,-0.06490515519561647
248,10,400497,speed,1,400125,flow,10,4.5908614089745365e-05,0.0007590357787052643,0.09131874697030871
248,10,400497,speed,1,400125,flow,11,0.0011146110268043768,0.0113296932606939,0.0730976567907546
248,10,400497,speed,2,400331,flow,4,0.006663992865478345,0.04653054659587272,-0.06086399097153382
248,10,400497,speed,3,400039,flow,6,0.005015955555530602,0.037405365095619196,-0.06294218565796304
248,10,400497,speed,4,400316,flow,1,0.0014159023497399904,0.013690013766510202,-0.07156594589772314
248,10,400497,speed,4,400316,flow,8,0.006909895385405179,0.04775556365252906,0.06059464591726246
248,10,400497,speed,4,400316,flow,12,0.005603632791465951,0.04083619038315268,-0.0621386666853101
248,10,400497,speed,5,400503,flow,1,0.006265676390703382,0.04446116271584689,-0.061319843878501056
248,10,400497,speed,5,400503,flow,3,0.0025518851083965854,0.02204387856083433,-0.06766723078391902
248,10,400497,speed,6,405843,flow,6,0.00011814594189944455,0.0017132946257321262,-0.0862833860509871
248,10,400497,speed,6,405843,flow,7,4.1499221489104845e-05,0.0006946014600268614,-0.09184163071128734
248,10,400497,speed,6,405843,flow,10,6.616788203348881e-05,0.0010372098497661204,0.08940238517056409
248,10,400497,speed,8,401448,flow,11,0.0008071534409495082,0.008693350448521254,0.07512030025968483
248,10,400497,speed,9,402391,flow,2,0.0008604908000430959,0.009160138440330413,-0.0747231160694312
248,10,400497,speed,9,402391,flow,3,0.000739985753844781,0.00809519726978256,-0.07565663834491104
248,10,400497,speed,9,402391,flow,4,0.0032716308110265478,0.026895233308534133,-0.06596361013602309
248,10,400497,speed,9,402391,flow,5,0.0013201331597028213,0.012961307386173154,-0.07201724088942897
248,10,400497,speed,10,400497,flow,1,5.285372883994086e-09,1.9268194817598692e-07,-0.1305207970578454
248,10,400497,speed,10,400497,flow,2,1.0093360818802968e-05,0.0002010295930715944,-0.09889275419399228
248,10,400497,speed,10,400497,flow,5,0.0010841974967574907,0.011095455253179662,-0.07327295614968747
248,10,400497,speed,10,400497,flow,6,7.718396048022694e-05,0.0011836517901121064,-0.08858366913132316
248,10,400497,speed,10,400497,flow,9,7.188320770920593e-09,2.5664087380476827e-07,0.12937992087371303
248,10,400497,speed,10,400497,flow,10,5.123121213459804e-07,1.3619620702859295e-05,0.11239599555693963
248,10,400497,speed,10,400497,flow,11,3.8480022286372344e-05,0.0006480845858757447,0.09223097871785313
248,10,400497,speed,11,405841,flow,1,0.004405450628573318,0.033809818289992424,-0.06387258095914013
248,10,400497,speed,12,404520,flow,1,9.6987756422045e-13,5.406285261203024e-11,-0.159176871394632
248,10,400497,speed,12,404520,flow,2,1.098793445569155e-05,0.00021684731315023984,-0.0984825238478884
248,10,400497,speed,12,404520,flow,8,3.2784122600435165e-05,0.000564252628023426,0.09305172083234091
248,10,400497,speed,12,404520,flow,12,7.98501568604389e-06,0.00016294410847288428,-0.10001648417786292
248,10,400497,speed,14,401469,flow,3,0.006688741244059866,0.046629428497129644,-0.06083648292203402
248,10,400497,speed,15,401472,flow,1,2.0010222727037178e-08,6.685550052652793e-07,-0.12550849146308532
248,10,400497,speed,15,401472,flow,2,7.37432667851185e-14,4.6438908529404066e-12,-0.16679721306248424
248,10,400497,speed,15,401472,flow,3,1.4350794038696018e-05,0.00027419473793527995,-0.09718212644330622
248,10,400497,speed,15,401472,flow,9,2.7187481580096835e-17,2.2414106951530218e-15,0.18821319617525828
248,10,400497,speed,15,401472,flow,10,1.0909274946473215e-21,1.1901027214334418e-19,0.21237766459816576
248,10,400497,speed,15,401472,flow,11,4.121189488142592e-10,1.7318617304256807e-08,0.13963219595473064
248,10,400497,speed,16,405838,flow,3,0.0020159059540932204,0.018322562006485823,-0.06925041950801257
248,10,400497,speed,16,405838,flow,8,0.0005840806952158383,0.006668151700138535,-0.07710038124918603
248,10,400497,speed,16,405838,flow,9,0.0005048757678201913,0.005902742400495877,-0.07797781655896809
248,10,400497,speed,17,400260,flow,3,0.0036536819789881373,0.029310874928929902,-0.06519411215214845
248,10,400497,speed,17,400260,flow,4,0.0016832390085566237,0.01576326147185045,-0.07044067910535844
248,10,400497,speed,17,400260,flow,5,0.002843367717833098,0.02405198461139413,-0.06693018453931385
248,10,400497,speed,17,400260,flow,7,1.3191025386299028e-05,0.0002545119681501197,-0.09759428470981865
248,10,400497,speed,17,400260,flow,8,2.5364938054783653e-07,7.1478494714067435e-06,-0.11536082766408476
248,10,400497,speed,17,400260,flow,10,0.003910459867202243,0.030894635380968708,0.06471704647419961
248,10,400497,speed,17,400260,flow,11,8.041202819354619e-05,0.0012244623256824798,0.08836467229684498
248,10,400497,speed,17,400260,flow,12,7.981062027643691e-07,2.047398334882467e-05,0.11048716504547938
248,10,400497,speed,19,401795,flow,2,0.002543282515972185,0.021987153229937644,-0.06769013115654894
248,10,400497,speed,19,401795,flow,3,6.428891410809661e-07,1.673060897270948e-05,-0.1114223041000454
248,10,400497,speed,19,401795,flow,4,0.004646527719691897,0.03523350396598534,-0.0634920290502216
248,10,400497,speed,19,401795,flow,7,1.908886920843922e-06,4.493946320460895e-05,-0.10663730228809348
248,10,400497,speed,19,401795,flow,10,0.00034031254620051294,0.0042539068275064115,0.08030983817796361
248,10,400497,speed,19,401795,flow,11,0.0005521365586648528,0.006362309771758241,0.0774400780287694
248,10,400497,speed,19,401795,flow,12,0.0012807721294878244,0.012664077819609525,0.07221153187903921
248,11,405841,flow,0,400593,flow,4,5.157548432026896e-06,0.00011046410127097765,0.10208172696875266
248,11,405841,flow,0,400593,flow,5,0.002550199188624265,0.022041403957007603,0.06767171319150275
248,11,405841,flow,0,400593,flow,6,0.0021815252007343577,0.01950773932347842,0.068723724932562
248,11,405841,flow,0,400593,flow,7,0.006837613803052613,0.04740621548807675,0.060672913170630824
248,11,405841,flow,0,400593,flow,8,2.6736003003220773e-05,0.0004756543291787736,0.09408695987494414
248,11,405841,flow,0,400593,flow,9,4.291994360444524e-05,0.0007156084769247527,0.09166762851408329
248,11,405841,flow,0,400593,flow,12,0.0016615306433154255,0.015590383099745087,0.07052567572312635
248,11,405841,flow,4,400316,flow,12,0.0006540963747970517,0.007309095548689248,0.07641252783412912
248,11,405841,flow,5,400503,flow,2,0.000213605658262429,0.0028630978705978696,0.08298742232739449
248,11,405841,flow,5,400503,flow,4,0.005241037493148399,0.038716282439126344,0.06262486776334243
248,11,405841,flow,6,405843,flow,1,0.0001189796646439735,0.0017230712412402466,0.08624492167428555
248,11,405841,flow,6,405843,flow,6,2.857654012102624e-05,0.0005024446614685932,0.09375016530626318
248,11,405841,flow,6,405843,flow,7,2.888118485779048e-05,0.0005071817828685157,0.09369641625773542
248,11,405841,flow,6,405843,flow,11,3.514803780291034e-05,0.0006001562186109591,0.09269583239360586
248,11,405841,flow,7,408093,flow,1,0.0001808868325335788,0.0024728832802058875,0.08392458926413353
248,11,405841,flow,7,408093,flow,2,0.004352870319612743,0.03350748357221499,0.06395808078902367
248,11,405841,flow,7,408093,flow,3,0.0022556621371186527,0.020049444691607,0.06849974007601402
248,11,405841,flow,8,401448,flow,6,0.0034061646477526685,0.027721611300473868,0.06568373641537374
248,11,405841,flow,9,402391,flow,2,0.006067472252964227,0.04341086474462647,0.061556475082940106
248,11,405841,flow,10,400497,flow,5,7.947615492841111e-10,3.226851403108421e-08,0.13734406977579103
248,11,405841,flow,10,400497,flow,6,0.002191748771768128,0.019586997712118973,0.06869242651583662
248,11,405841,flow,10,400497,flow,8,2.730117576042819e-06,6.204159878224607e-05,-0.10501881169599676
248,11,405841,flow,10,400497,flow,9,0.0006927825802223733,0.007664073614751991,-0.07606130565686293
248,11,405841,flow,10,400497,flow,11,1.8549998330742775e-06,4.379015999388458e-05,0.10676581963653568
248,11,405841,flow,10,400497,flow,12,6.574976572544068e-07,1.7069650717181716e-05,0.11132549926253536
248,11,405841,flow,11,405841,flow,1,9.593090502520988e-45,2.061798555765705e-42,0.3072376681966966
248,11,405841,flow,11,405841,flow,2,1.499238854006956e-23,1.7744416025506987e-21,0.22166036644392717
248,11,405841,flow,11,405841,flow,3,1.3161069140276364e-12,7.242779450445082e-11,0.15820991100819773
248,11,405841,flow,11,405841,flow,4,3.040964271173962e-08,9.892293412252648e-07,0.12389185387334103
248,11,405841,flow,11,405841,flow,5,0.00016306161659556556,0.0022643078871515373,0.08450459519023075
248,11,405841,flow,11,405841,flow,6,1.0201172268521118e-08,3.545379259856092e-07,0.12806912319682356
248,11,405841,flow,11,405841,flow,7,0.0002457204010832705,0.0032343453159041084,0.08219043895997406
248,11,405841,flow,11,405841,flow,9,0.0012069299547350749,0.012128256349047507,0.07259137379253615
248,11,405841,flow,11,405841,flow,11,1.644361373115908e-07,4.803002793685411e-06,0.1171528378320014
248,11,405841,flow,12,404520,flow,1,0.004260900609372061,0.03295218516377964,0.06410990610265835
248,11,405841,flow,12,404520,flow,5,0.0066539666761336125,0.046475563526107044,0.06087516130071069
248,11,405841,flow,12,404520,flow,11,0.00040903705879629607,0.00495663420476858,0.07922999037471486
248,11,405841,flow,12,404520,flow,12,0.0006171024099272755,0.00696962721800217,0.07676693106919932
248,11,405841,flow,13,400183,flow,1,0.0005636695534070529,0.006467602843873753,0.07731537430798574
248,11,405841,flow,13,400183,flow,2,3.2322419626366286e-07,8.89103011613445e-06,0.11434687323726256
248,11,405841,flow,13,400183,flow,7,1.2796638058094267e-06,3.1197221450884444e-05,0.10841904683677497
248,11,405841,flow,13,400183,flow,8,4.055389351640165e-05,0.0006803604659839035,0.09196056664334962
248,11,405841,flow,14,401469,flow,1,0.004381781583783156,0.03368801644766548,0.06391095370580906
248,11,405841,flow,14,401469,flow,6,0.00044563015593341806,0.005317411272540461,0.07872245672896551
248,11,405841,flow,14,401469,flow,11,0.000740840546042955,0.008100306653772628,0.0756495336374268
248,11,405841,flow,15,401472,flow,1,3.163839613940386e-06,7.092780037479225e-05,0.10434499791284715
248,11,405841,flow,15,401472,flow,5,2.151910697161273e-05,0.0003937422368376408,0.09517740442821118
248,11,405841,flow,15,401472,flow,6,1.891943987774049e-05,0.0003521412333987028,0.09581873280037988
248,11,405841,flow,15,401472,flow,8,0.0038252177837040705,0.03038231444309907,-0.06487217869440566
248,11,405841,flow,15,401472,flow,9,0.00014589664561299925,0.0020664705214693663,-0.08512247092944704
248,11,405841,flow,15,401472,flow,12,0.00019913113574155142,0.002698389292357284,0.08338410395508918
248,11,405841,flow,16,405838,flow,7,0.003502631462021362,0.028304092622394847,0.06548918008574611
248,11,405841,flow,16,405838,flow,12,0.003935137170696501,0.03104417928672185,0.0646727091129014
248,11,405841,flow,17,400260,flow,1,0.002408593320617724,0.02109716777183408,0.06805822990640177
248,11,405841,flow,17,400260,flow,6,0.0011262886331046258,0.011424200270044574,0.07303152089669374
248,11,405841,flow,17,400260,flow,7,1.6493977655215534e-07,4.81120752670703e-06,0.11714028660312169
248,11,405841,flow,17,400260,flow,12,0.0037757931430984107,0.030078234147492413,0.06496357022622373
248,11,405841,flow,18,404528,flow,1,0.00017926558750523702,0.0024530482674140763,0.08397506770162105
248,11,405841,flow,18,404528,flow,4,0.0035946512131580528,0.028901718296748164,0.06530808123814966
248,11,405841,flow,18,404528,flow,12,0.0015564371130644945,0.014784099226997837,0.07095217301444222
248,11,405841,occupancy,0,400593,flow,4,0.0006725067031480608,0.007481918510429108,0.07624304528326156
248,11,405841,occupancy,0,400593,flow,6,0.00016730987138350374,0.002311412358096374,0.08436114051315446
248,11,405841,occupancy,0,400593,flow,8,0.006691147794886478,0.046629428497129644,0.0608338128985442
248,11,405841,occupancy,0,400593,flow,9,0.004220140931361794,0.03272014328188518,0.06417814467052413
248,11,405841,occupancy,0,400593,flow,12,0.0016754368336481195,0.015700405903166757,0.07047111100524545
248,11,405841,occupancy,1,400125,flow,5,0.00669979411035813,0.04665663837443115,0.06082422708369362
248,11,405841,occupancy,2,400331,flow,3,0.00017719498495896472,0.0024293314345373773,0.08404016457455699
248,11,405841,occupancy,2,400331,flow,4,6.9139204811311e-06,0.00014401222988662658,0.10070139574273257
248,11,405841,occupancy,6,405843,flow,6,0.003417734523318695,0.02780006240018219,0.06566013945572968
248,11,405841,occupancy,6,405843,flow,11,0.0007903222593851849,0.008544024425785782,0.07525069651288135
248,11,405841,occupancy,7,408093,flow,1,0.0010754403978439635,0.011040642867599626,0.07332427365669072
248,11,405841,occupancy,8,401448,flow,6,0.0023872835470067208,0.020961514071278525,0.06811818573941099
248,11,405841,occupancy,9,402391,flow,1,0.0072844088603549444,0.049831585553021945,0.060200517697261036
248,11,405841,occupancy,9,402391,flow,9,0.006849503809026668,0.04747289660676273,0.06065998765798603
248,11,405841,occupancy,10,400497,flow,4,0.003803312888712902,0.030252829459104652,0.06491255012713161
248,11,405841,occupancy,10,400497,flow,5,3.872921680586782e-06,8.531882539589443e-05,0.10341408489154337
248,11,405841,occupancy,10,400497,flow,8,0.0013548846793828926,0.013239316478023289,-0.07185009295502576
248,11,405841,occupancy,10,400497,flow,11,5.0977527250076806e-05,0.0008326008231392507,0.09077349269790848
248,11,405841,occupancy,11,405841,flow,2,6.941777449488926e-09,2.4845466927748273e-07,-0.12947753564839892
248,11,405841,occupancy,11,405841,flow,3,0.006661127098569398,0.0465180553925312,-0.0608671822239582
248,11,405841,occupancy,11,405841,flow,4,3.2951264675351368e-06,7.367984647904654e-05,0.10415846342150248
248,11,405841,occupancy,11,405841,flow,6,6.130007956195224e-05,0.0009738056988031107,0.08980609409227654
248,11,405841,occupancy,11,405841,flow,9,0.006726058961737847,0.04679751121711628,0.06079517631443484
248,11,405841,occupancy,11,405841,flow,11,4.2271653282582235e-06,9.255628088228852e-05,0.10300872132771405
248,11,405841,occupancy,12,404520,flow,10,0.004512616148187632,0.03445475744109327,0.06370114500567454
248,11,405841,occupancy,12,404520,flow,11,0.005190976146769364,0.03840732808775523,0.06269436440486179
248,11,405841,occupancy,13,400183,flow,1,0.0026974817613915716,0.023080057851478687,0.06728997869843316
248,11,405841,occupancy,13,400183,flow,2,0.00015648176668860454,0.0021884144774838837,0.08473387292901398
248,11,405841,occupancy,13,400183,flow,7,6.940594259738674e-05,0.0010804817009755342,0.08914911682766342
248,11,405841,occupancy,13,400183,flow,10,0.0005850944813094698,0.006677753019259786,0.07708988608087805
248,11,405841,occupancy,15,401472,flow,5,0.00028911592798511226,0.00370837532332448,0.08125619439991183
248,11,405841,occupancy,15,401472,flow,6,0.0016013316858084297,0.015150575739580412,0.07076683390103776
248,11,405841,occupancy,15,401472,flow,11,0.006497328348035151,0.045610104750588,0.061051667403731566
248,11,405841,occupancy,16,405838,flow,6,0.001399964000782845,0.013584556341828145,0.07163906221743387
248,11,405841,occupancy,16,405838,flow,12,0.002107793003962308,0.01898783069671157,0.06895351211556215
248,11,405841,occupancy,17,400260,flow,1,0.0027111486496992523,0.023174044651168915,0.06725552799734627
248,11,405841,occupancy,17,400260,flow,6,1.890762357677017e-05,0.0003520729907398583,0.09582183505247453
248,11,405841,occupancy,17,400260,flow,7,0.0006122862579830623,0.006920661000750469,0.07681451509160561
248,11,405841,occupancy,17,400260,flow,8,0.0043492832097842705,0.03349180653523716,0.06396394775022925
248,11,405841,occupancy,17,400260,flow,11,0.004190876082798896,0.032585645568198755,0.06422750835188494
248,11,405841,occupancy,18,404528,flow,1,0.007019121129735312,0.04833828037694333,0.06047775833873049
248,11,405841,occupancy,18,404528,flow,4,0.004312010343453362,0.033270020867509416,0.06402517084872614
248,11,405841,occupancy,18,404528,flow,12,0.0011738757721934479,0.011848465738027324,0.07276840133859123
248,11,405841,speed,2,400331,flow,4,0.001411498032612804,0.013668154218298211,-0.07158607434127143
248,11,405841,speed,9,402391,flow,2,0.0033025062279278053,0.027107784352361997,0.06589846553521948
248,12,404520,flow,0,400593,flow,4,0.005817652211042497,0.0420315723496447,0.06186484724112343
248,12,404520,flow,1,400125,flow,1,5.135113884938984e-07,1.3643107000575898e-05,0.11238600916150825
248,12,404520,flow,1,400125,flow,2,6.165344039598628e-07,1.6093224320885844e-05,0.11160243127945291
248,12,404520,flow,1,400125,flow,9,3.3149139733523277e-07,9.092335469766384e-06,-0.11424072865507916
248,12,404520,flow,1,400125,flow,10,0.0007094924558923567,0.007824884885001228,-0.07591520509866612
248,12,404520,flow,1,400125,flow,12,4.6543244380663426e-06,0.00010088651064950626,0.10256112073715042
248,12,404520,flow,2,400331,flow,2,0.002780523906826996,0.023650055675315265,0.06708305891311625
248,12,404520,flow,2,400331,flow,4,0.003492698315665682,0.02826612349883055,0.065508986859164
248,12,404520,flow,2,400331,flow,9,0.004230302218645518,0.03278598059660682,0.06416107725330644
248,12,404520,flow,3,400039,flow,1,2.100330500303833e-19,1.963945402881506e-17,0.20015836614547897
248,12,404520,flow,3,400039,flow,2,0.0008703686004019384,0.009242471966802428,-0.07465207370033315
248,12,404520,flow,3,400039,flow,3,9.462273883602084e-07,2.387676587450993e-05,-0.10974569647549827
248,12,404520,flow,3,400039,flow,8,7.138232348168038e-05,0.0011084023244352747,-0.08899996768808802
248,12,404520,flow,3,400039,flow,9,1.4671061367469318e-06,3.527824640374166e-05,-0.10781319281225027
248,12,404520,flow,3,400039,flow,10,5.506384412699483e-06,0.00011718020030966389,-0.1017750120262397
248,12,404520,flow,4,400316,flow,1,0.0,0.0,0.793176159983663
248,12,404520,flow,4,400316,flow,2,0.0005939528848404637,0.006755862197237503,-0.07697954798777751
248,12,404520,flow,4,400316,flow,3,3.492034277442441e-12,1.8509924022762386e-10,-0.1552464622180839
248,12,404520,flow,4,400316,flow,4,1.961838272898986e-06,4.613577212261089e-05,-0.10651436551632208
248,12,404520,flow,4,400316,flow,8,2.919175934306215e-08,9.553666694093068e-07,-0.12401962634547088
248,12,404520,flow,4,400316,flow,11,0.000964703276759359,0.010112880746421818,0.07399027119346137
248,12,404520,flow,4,400316,flow,12,3.7647836358721054e-12,1.9882475925388138e-10,0.15497400098729258
248,12,404520,flow,5,400503,flow,1,3.957387486757084e-05,0.0006659031279805722,0.09208667541502387
248,12,404520,flow,5,400503,flow,2,2.4711563384167652e-11,1.180906568800932e-09,0.14904079873099005
248,12,404520,flow,5,400503,flow,3,6.418454340938794e-05,0.0010138107039435317,0.0895633670068462
248,12,404520,flow,5,400503,flow,5,0.000828737460796879,0.00888510281917221,0.07495672333435806
248,12,404520,flow,5,400503,flow,7,5.498482754934907e-05,0.00088764744025855,0.09037764461473559
248,12,404520,flow,5,400503,flow,12,1.1508580287981901e-06,2.8474837825934602e-05,0.10888704233046693
248,12,404520,flow,6,405843,flow,1,1.101086154306087e-11,5.467462283450914e-10,0.15163551466195516
248,12,404520,flow,6,405843,flow,2,0.006692186497273237,0.046629428497129644,0.060832660744018996
248,12,404520,flow,6,405843,flow,6,5.418751546188786e-06,0.0001154859727653456,0.10185027650292919
248,12,404520,flow,6,405843,flow,9,0.00047446654115816406,0.00559567419547712,-0.07834919401108156
248,12,404520,flow,7,408093,flow,1,0.001300365399304022,0.012822333047160909,0.07211413908520749
248,12,404520,flow,7,408093,flow,5,0.006152126347826517,0.04385902049144247,0.06145456999810738
248,12,404520,flow,7,408093,flow,6,0.00043588215049925006,0.0052231295085674095,0.07885374537781471
248,12,404520,flow,7,408093,flow,11,3.973202742551062e-06,8.748336313873898e-05,0.10329584258726181
248,12,404520,flow,7,408093,flow,12,2.1560144384454723e-05,0.0003943260954311787,0.0951678841618499
248,12,404520,flow,8,401448,flow,5,0.004195960866806214,0.03260331467433822,0.06421890900191721
248,12,404520,flow,9,402391,flow,3,1.058759928111103e-06,2.6423124722356816e-05,-0.10925364679048827
248,12,404520,flow,9,402391,flow,4,4.454469212420168e-06,9.694361207886713e-05,-0.10276541723304149
248,12,404520,flow,9,402391,flow,5,4.2684712500760994e-05,0.0007119612278119208,-0.09169605754476863
248,12,404520,flow,9,402391,flow,6,0.0048807730994231005,0.03665671034337238,-0.0631390040674699
248,12,404520,flow,9,402391,flow,8,0.0015488970631899843,0.01473191394315441,-0.07098378218144842
248,12,404520,flow,9,402391,flow,9,2.4372510370895734e-06,5.618422881657928e-05,-0.1055346175225457
248,12,404520,flow,9,402391,flow,10,0.001241108568333663,0.012396737607402137,-0.07241296942584549
248,12,404520,flow,9,402391,flow,12,0.00026923359973729494,0.0034875236907499674,0.08166666316454675
248,12,404520,flow,10,400497,flow,1,1.1509324262497107e-26,1.5586294926014891e-24,0.23658155627087793
248,12,404520,flow,10,400497,flow,5,2.834457980738682e-13,1.6796788034007004e-11,0.1628604497464774
248,12,404520,flow,10,400497,flow,6,1.5060400077674684e-09,5.887866817697252e-08,0.1350801583207746
248,12,404520,flow,10,400497,flow,8,7.338016690775042e-14,4.627771110094625e-12,-0.16681147045639025
248,12,404520,flow,10,400497,flow,9,2.7630900215690366e-21,2.94003667319661e-19,-0.2102822873961777
248,12,404520,flow,10,400497,flow,11,7.543477369827577e-17,6.001440559420835e-15,0.1855927680565597
248,12,404520,flow,10,400497,flow,12,6.73940490024454e-53,1.6356308521941806e-50,0.33381556574624255
248,12,404520,flow,11,405841,flow,1,5.543789362240721e-07,1.4594253531310122e-05,0.11205847654876112
248,12,404520,flow,11,405841,flow,3,0.0010831792755069535,0.0110884703085072,-0.0732789033089604
248,12,404520,flow,11,405841,flow,11,9.027533305086756e-05,0.0013527209114802216,0.0877435508364767
248,12,404520,flow,11,405841,flow,12,7.762311295295843e-06,0.00015922689836504294,0.10015134362522593
248,12,404520,flow,12,404520,flow,1,0.0,0.0,0.8319407862637263
248,12,404520,flow,12,404520,flow,2,1.9057628123421882e-06,4.489037813150629e-05,-0.10659123860785202
248,12,404520,flow,12,404520,flow,3,2.0982282625650106e-18,1.827489131911461e-16,-0.19458019115784378
248,12,404520,flow,12,404520,flow,4,1.612549090161664e-09,6.28152576149539e-08,-0.13480224769905155
248,12,404520,flow,12,404520,flow,8,0.0015615738772877753,0.01482963101754933,-0.0709307194225322
248,12,404520,flow,12,404520,flow,10,3.191956044466748e-06,7.1521006805479e-05,0.10430443334833114
248,12,404520,flow,12,404520,flow,11,3.416808516279176e-17,2.8008752922819813e-15,0.18762969728014017
248,12,404520,flow,12,404520,flow,12,1.8766904800570318e-29,2.8749300971086446e-27,0.2490218314791008
248,12,404520,flow,13,400183,flow,1,0.0005736282916878548,0.006566142747538795,0.07720958856717844
248,12,404520,flow,13,400183,flow,7,0.0034113305002877047,0.027758424865780534,0.06567319157492338
248,12,404520,flow,14,401469,flow,2,0.0002550837360742312,0.0033372554204744967,0.08195587114021435
248,12,404520,flow,14,401469,flow,9,0.003991946028845921,0.03134922167717575,-0.06457159277442051
248,12,404520,flow,14,401469,flow,10,0.005709341532077081,0.04143345306726094,-0.06200226534668961
248,12,404520,flow,15,401472,flow,1,7.895006317363036e-59,2.1053350179634763e-56,0.35147843334863743
248,12,404520,flow,15,401472,flow,2,1.607781860378162e-25,2.0428287167157823e-23,0.2312563052335054
248,12,404520,flow,15,401472,flow,3,0.00020146992334587287,0.0027258066672539013,0.08331821133578782
248,12,404520,flow,15,401472,flow,6,1.9749086455602317e-06,4.636742037402283e-05,0.10648451047632332
248,12,404520,flow,15,401472,flow,8,6.814452345796649e-10,2.8009927815263108e-08,-0.13788339709052744
248,12,404520,flow,15,401472,flow,9,1.9643482721347674e-35,3.550621144611797e-33,-0.2735973980637482
248,12,404520,flow,15,401472,flow,10,2.0220995440784937e-12,1.0919337538023867e-10,-0.15693489539596212
248,12,404520,flow,15,401472,flow,11,0.0003837604965816938,0.004695115676105684,0.07960594455841968
248,12,404520,flow,15,401472,flow,12,1.0804838967403178e-54,2.6980869560220655e-52,0.33928301129994526
248,12,404520,flow,16,405838,flow,1,0.0032369052067742717,0.026685936055848958,0.06603755040897938
248,12,404520,flow,16,405838,flow,3,0.0010747325087761082,0.011035998188525761,0.07332843881488267
248,12,404520,flow,16,405838,flow,6,0.00036213008849717167,0.00447139415582625,0.07994650501214291
248,12,404520,flow,16,405838,flow,7,2.4926188105415234e-07,7.033385539868962e-06,0.11543348722900823
248,12,404520,flow,16,405838,flow,8,3.5660671654968824e-08,1.147089363733919e-06,0.12327112871534586
248,12,404520,flow,16,405838,flow,9,0.0019097939063047861,0.0175426529348005,0.06960914131774386
248,12,404520,flow,17,400260,flow,1,0.000264602127813187,0.0034399072890549743,0.08176634955708777
248,12,404520,flow,17,400260,flow,2,3.7162415371991783e-07,1.0071620728168414e-05,0.11375923841076231
248,12,404520,flow,17,400260,flow,3,1.3422680312634816e-09,5.271452631871128e-08,0.13549066457525794
248,12,404520,flow,17,400260,flow,4,0.00022808901041516315,0.0030393106878269733,0.08261498489780988
248,12,404520,flow,17,400260,flow,5,9.676615288981222e-07,2.4332350435622164e-05,0.10964778165854468
248,12,404520,flow,17,400260,flow,6,4.810811508628657e-11,2.231527441252483e-09,0.14686792747887353
248,12,404520,flow,17,400260,flow,7,7.2083755105993256e-06,0.0001496404719163339,0.10050351652474478
248,12,404520,flow,17,400260,flow,10,2.563001045635487e-14,1.685260961513745e-12,-0.16982182451503583
248,12,404520,flow,18,404528,flow,1,4.452239371105831e-17,3.608569246374707e-15,0.18695148022664135
248,12,404520,flow,18,404528,flow,2,2.118329133768032e-15,1.5354331976305199e-13,0.17674652448972908
248,12,404520,flow,18,404528,flow,3,7.396733582597284e-13,4.187927795127165e-11,0.1599956511274465
248,12,404520,flow,18,404528,flow,4,2.0378825439125018e-05,0.0003759031848719901,0.09544909087576578
248,12,404520,flow,18,404528,flow,5,0.005867430853448146,0.04230190468440586,0.0618024626493184
248,12,404520,flow,18,404528,flow,6,0.0013335917067564605,0.0130607938634956,0.07195203199552629
248,12,404520,flow,18,404528,flow,11,0.007225888497469918,0.04951751000804259,0.060260886943951354
248,12,404520,flow,18,404528,flow,12,0.0019414943314854678,0.01778468089910352,0.06950009825042688
248,12,404520,flow,19,401795,flow,1,0.0003712717923976869,0.004568197502586179,0.07980031522306094
248,12,404520,flow,19,401795,flow,2,4.057348155813396e-09,1.5006630165337217e-07,0.1314939916067492
248,12,404520,flow,19,401795,flow,4,0.0020910519809002764,0.01889030647739271,0.06900671050864565
248,12,404520,flow,19,401795,flow,5,0.001025025970280804,0.01060371693393935,0.07362744335696723
248,12,404520,flow,19,401795,flow,6,1.2413699195225806e-08,4.24601587675182e-07,0.12732826976503472
248,12,404520,flow,19,401795,flow,7,2.2303964789595792e-05,0.00040549205414231983,0.09499824834102474
248,12,404520,occupancy,1,400125,flow,1,7.616295400055603e-11,3.4273329300250214e-09,0.14535046127310877
248,12,404520,occupancy,1,400125,flow,2,0.0004768181920857518,0.005618736648938862,0.07831969396602045
248,12,404520,occupancy,1,400125,flow,9,0.003802650492443643,0.030252829459104652,0.06491377423054653
248,12,404520,occupancy,1,400125,flow,10,9.088174644711912e-09,3.1919442654597934e-07,0.12850318684464804
248,12,404520,occupancy,1,400125,flow,11,7.960069792253823e-15,5.502000240405842e-13,0.17310519242180786
248,12,404520,occupancy,1,400125,flow,12,3.064152529828128e-12,1.6321996213141198e-10,0.15565210570813987
248,12,404520,occupancy,2,400331,flow,1,0.003983157259774843,0.03130865968381973,0.06458715053838975
248,12,404520,occupancy,2,400331,flow,8,0.0002915975982960965,0.0037313436748789603,0.08120682884130477
248,12,404520,occupancy,2,400331,flow,9,0.0021238453907243045,0.019088772050497447,0.06890286442295154
248,12,404520,occupancy,2,400331,flow,10,0.00017024693505359177,0.002344490785564286,0.08426395048525698
248,12,404520,occupancy,2,400331,flow,11,0.0001658108689816502,0.0022951071900055393,0.08441136364873045
248,12,404520,occupancy,3,400039,flow,1,1.1269088869185048e-07,3.4356008408524635e-06,0.1186938391974306
248,12,404520,occupancy,3,400039,flow,2,0.007051374405052907,0.0485294526522679,0.06044355476495461
248,12,404520,occupancy,3,400039,flow,10,4.820885575555845e-05,0.0007924743411872622,0.09106459130313953
248,12,404520,occupancy,3,400039,flow,11,1.672214722956644e-06,3.9845381153738016e-05,0.10723016150085293
248,12,404520,occupancy,3,400039,flow,12,0.00015856523861190725,0.002210396356255048,0.0846603080323094
248,12,404520,occupancy,4,400316,flow,2,0.0007663640843505197,0.008339276686131599,-0.07544082140160253
248,12,404520,occupancy,4,400316,flow,3,0.0005213845606903466,0.0060564165156824345,-0.07778484232503924
248,12,404520,occupancy,4,400316,flow,8,0.001883604053210195,0.017338950585697937,0.06970048940299334
248,12,404520,occupancy,4,400316,flow,9,6.629059415029212e-13,3.768096930648183e-11,0.1603255555187451
248,12,404520,occupancy,4,400316,flow,10,2.2394863509772853e-20,2.2710284122586554e-18,0.2054805066072154
248,12,404520,occupancy,4,400316,flow,11,3.0942721946888816e-15,2.2094637819927221e-13,0.1757121971048268
248,12,404520,occupancy,4,400316,flow,12,0.00045902384169930956,0.005440282568288113,0.07854636933026227
248,12,404520,occupancy,5,400503,flow,1,1.0179778484671572e-12,5.652524814110693e-11,0.15903015647436863
248,12,404520,occupancy,5,400503,flow,2,4.167195845755369e-06,9.140162967307822e-05,0.10307500078987357
248,12,404520,occupancy,5,400503,flow,3,4.953089727758848e-06,0.00010671993827390634,0.10227086059218686
248,12,404520,occupancy,5,400503,flow,4,0.0001559852030763981,0.0021828833083577573,0.0847515418878986
248,12,404520,occupancy,5,400503,flow,5,5.056684632593418e-08,1.594516614073253e-06,0.12189939939279308
248,12,404520,occupancy,5,400503,flow,6,4.8723351951559826e-08,1.5397577207808225e-06,0.12204597624950218
248,12,404520,occupancy,5,400503,flow,7,1.462202507262825e-06,3.5190611873957683e-05,0.10782807034538716
248,12,404520,occupancy,5,400503,flow,8,1.1840757361221237e-09,4.701477187543726e-08,0.13593641578625945
248,12,404520,occupancy,5,400503,flow,9,6.059098153143476e-13,3.4669276849774596e-11,0.16059571300181283
248,12,404520,occupancy,5,400503,flow,10,1.6095694241435084e-18,1.4164733179689186e-16,0.19527959600470818
248,12,404520,occupancy,5,400503,flow,11,1.1151012386913835e-21,1.2103611435042153e-19,0.21232850287016639
248,12,404520,occupancy,5,400503,flow,12,1.5200713459186392e-15,1.1111181411791068e-13,0.17764729320827
248,12,404520,occupancy,6,405843,flow,1,2.7163534992089425e-07,7.619900725053657e-06,0.11507512490431013
248,12,404520,occupancy,6,405843,flow,4,1.1214617685415015e-05,0.00022073341135848737,0.09838363913108045
248,12,404520,occupancy,6,405843,flow,5,5.000894406888883e-07,1.3327491571721143e-05,0.11249907943586111
248,12,404520,occupancy,6,405843,flow,6,0.0023409023634156545,0.02065502085366754,0.06825039190606182
248,12,404520,occupancy,6,405843,flow,10,2.7747549870035415e-07,7.753519756698123e-06,0.1149862732370736
248,12,404520,occupancy,6,405843,flow,11,2.248410156610251e-15,1.6215579092748389e-13,0.17658426501711516
248,12,404520,occupancy,6,405843,flow,12,5.315120286189688e-11,2.4479018802067644e-09,0.14653999117968014
248,12,404520,occupancy,7,408093,flow,9,0.006400708893649537,0.04510776903844372,0.061162458725397675
248,12,404520,occupancy,7,408093,flow,10,0.003344163537767691,0.027356156945950436,0.06581144499525413
248,12,404520,occupancy,8,401448,flow,7,0.0002176011915814984,0.002912134905923399,-0.08288236664474148
248,12,404520,occupancy,8,401448,flow,8,0.0006651598391018956,0.00740781259324617,-0.07631015620746046
248,12,404520,occupancy,9,402391,flow,1,1.3641917595924904e-07,4.078414118643293e-06,0.11791701502164126
248,12,404520,occupancy,9,402391,flow,2,0.001226192219644286,0.012278976330234852,0.07249026450197958
248,12,404520,occupancy,9,402391,flow,9,9.961179533095403e-05,0.0014748244629861518,0.08721203556427623
248,12,404520,occupancy,9,402391,flow,10,1.5258528315323767e-10,6.638151291258678e-09,0.143024810819539
248,12,404520,occupancy,9,402391,flow,11,6.56952752167913e-14,4.1552502040488785e-12,0.1671306834879819
248,12,404520,occupancy,9,402391,flow,12,2.1331301381122857e-11,1.023902466293897e-09,0.1495163074219191
248,12,404520,occupancy,10,400497,flow,3,1.3452826473554104e-13,8.19692670885102e-12,0.1650512955707063
248,12,404520,occupancy,10,400497,flow,4,1.5782599723531674e-23,1.8577883053312487e-21,0.2216593176533292
248,12,404520,occupancy,10,400497,flow,5,1.3127283715093303e-09,5.1789831643107825e-08,0.1355698729211287
248,12,404520,occupancy,10,400497,flow,8,3.5026337129743885e-10,1.4863828723034733e-08,0.1401930780311765
248,12,404520,occupancy,10,400497,flow,9,2.0269759285893455e-59,5.438842243171411e-57,0.35317612188368364
248,12,404520,occupancy,10,400497,flow,10,2.034747102976944e-109,9.766786094289333e-107,0.4694852594145946
248,12,404520,occupancy,10,400497,flow,11,5.498541594298691e-78,1.759533310175581e-75,0.401925435181999
248,12,404520,occupancy,10,400497,flow,12,6.363175252550188e-09,2.2902281030236887e-07,0.12983345832022505
248,12,404520,occupancy,11,405841,flow,2,6.0135775273116605e-05,0.0009579150043505301,-0.08990714406807035
248,12,404520,occupancy,11,405841,flow,3,0.004038938181752109,0.03162896422686877,-0.06448893143247375
248,12,404520,occupancy,12,404520,flow,1,0.0011647540106101229,0.01177014579142861,-0.07281806483663264
248,12,404520,occupancy,12,404520,flow,2,1.8686267634758033e-07,5.406877172280958e-06,-0.11662699766756736
248,12,404520,occupancy,12,404520,flow,5,2.7076432731789674e-05,0.00048017319130267403,0.09402303793379874
248,12,404520,occupancy,12,404520,flow,6,1.40621715614608e-06,3.391880577638786e-05,0.10800141259797677
248,12,404520,occupancy,12,404520,flow,7,1.1033738726066096e-07,3.3709866546397124e-06,0.11877934036407876
248,12,404520,occupancy,12,404520,flow,8,1.0541940088515632e-13,6.524524524697354e-12,0.1657616697986739
248,12,404520,occupancy,12,404520,flow,9,3.0691054757798567e-23,3.564122488002414e-21,0.22022996115223303
248,12,404520,occupancy,12,404520,flow,10,6.502287377792423e-27,8.861161347654028e-25,0.23771745882666617
248,12,404520,occupancy,12,404520,flow,11,1.3419931133158e-13,8.19692670885102e-12,0.16505844384781893
248,12,404520,occupancy,14,401469,flow,1,0.006394943055118587,0.04508184399169761,0.06116911771661485
248,12,404520,occupancy,14,401469,flow,2,0.004372928833187263,0.033625939051920566,0.06392535422416336
248,12,404520,occupancy,14,401469,flow,3,0.0016877095834297176,0.015791434698757593,0.07042330028879139
248,12,404520,occupancy,14,401469,flow,4,5.287536217710044e-05,0.0008593738322237544,0.09058248202760716
248,12,404520,occupancy,14,401469,flow,5,1.3118563928752228e-05,0.00025322697127886344,0.09762116967801088
248,12,404520,occupancy,14,401469,flow,6,7.043090089642381e-05,0.001094859632502882,0.08907127356734804
248,12,404520,occupancy,14,401469,flow,7,0.001344933199957489,0.01315099914852049,0.07189754994914711
248,12,404520,occupancy,14,401469,flow,9,0.0028575233186390408,0.02413015497438721,0.06689617530512763
248,12,404520,occupancy,14,401469,flow,10,5.153700540292431e-06,0.00011043644014912351,0.1020852197055408
248,12,404520,occupancy,14,401469,flow,11,4.810312727951606e-07,1.2859251846999344e-05,0.11266476025231344
248,12,404520,occupancy,14,401469,flow,12,6.535794117690355e-06,0.00013686199994387946,0.10096766548841897
248,12,404520,occupancy,15,401472,flow,1,2.018060630606953e-18,1.7612165503478863e-16,0.19472413676474684
248,12,404520,occupancy,15,401472,flow,2,0.00010708238230551295,0.001571317566439592,-0.0868195767141588
248,12,404520,occupancy,15,401472,flow,3,6.137663454380308e-10,2.5300292102025696e-08,-0.1382489470831032
248,12,404520,occupancy,15,401472,flow,7,7.900175181749951e-06,0.0001613965821638824,-0.10006743090430326
248,12,404520,occupancy,15,401472,flow,9,5.102330878573409e-28,7.371929563691346e-26,0.24270906788205007
248,12,404520,occupancy,15,401472,flow,10,2.6380888815915768e-111,1.2950618145995015e-108,0.4730940348710066
248,12,404520,occupancy,15,401472,flow,11,4.933134353443661e-147,3.044448629553802e-144,0.5343248804757723
248,12,404520,occupancy,15,401472,flow,12,8.138137048632962e-50,1.8700400026645956e-47,0.32416022078290746
248,12,404520,occupancy,16,405838,flow,1,6.215877619167496e-22,6.885279824308611e-20,0.21363526276796088
248,12,404520,occupancy,16,405838,flow,2,3.438263828329315e-21,3.640514641760451e-19,0.20978610374762396
248,12,404520,occupancy,16,405838,flow,3,1.6099268498211551e-18,1.4164733179689186e-16,0.19527905151014183
248,12,404520,occupancy,16,405838,flow,4,4.494828422859797e-19,4.053790978445579e-17,0.1983817324478966
248,12,404520,occupancy,16,405838,flow,5,4.027498840733929e-16,3.0206241305504466e-14,0.18120588800813908
248,12,404520,occupancy,16,405838,flow,6,1.249313273601333e-14,8.419708801806176e-13,0.1718471948212482
248,12,404520,occupancy,16,405838,flow,7,3.815365177856124e-09,1.416011818585778e-07,0.13171930844425994
248,12,404520,occupancy,16,405838,flow,8,0.0012129837957459526,0.012166449959652926,0.07255943713797998
248,12,404520,occupancy,16,405838,flow,10,9.560044161071184e-06,0.0001912008832214237,0.09915416346078142
248,12,404520,occupancy,16,405838,flow,11,1.793901111543795e-10,7.757410212081275e-09,0.14247769595178933
248,12,404520,occupancy,16,405838,flow,12,4.9944476730301265e-17,4.025375736472042e-15,0.18665623003655735
248,12,404520,occupancy,17,400260,flow,1,1.4328252108108093e-31,2.3535379888603407e-29,0.25802567392774256
248,12,404520,occupancy,17,400260,flow,2,4.049977438103766e-18,3.450868349626877e-16,0.19300281268025357
248,12,404520,occupancy,17,400260,flow,3,1.0190939855597382e-07,3.128987930076808e-06,0.1191007015367802
248,12,404520,occupancy,17,400260,flow,4,0.00014065399441377016,0.0020000831332043683,0.08532486888292931
248,12,404520,occupancy,17,400260,flow,5,0.0013606604977126617,0.013283547307948059,0.07182269616343746
248,12,404520,occupancy,17,400260,flow,10,9.402233996567374e-05,0.0013991612423414075,0.08752427259612827
248,12,404520,occupancy,17,400260,flow,11,1.4648605308679362e-11,7.150505642202807e-10,0.15072438638489344
248,12,404520,occupancy,17,400260,flow,12,1.5278210067442804e-19,1.4505904943154487e-17,0.20096640865227142
248,12,404520,occupancy,18,404528,flow,1,2.476484153944393e-16,1.8868450696719185e-14,0.18244560628942622
248,12,404520,occupancy,18,404528,flow,2,1.1519895408778115e-08,3.9591048660239826e-07,0.12761078798719866
248,12,404520,occupancy,18,404528,flow,3,6.437711805912005e-05,0.0010146265961889771,0.08954753155829995
248,12,404520,occupancy,18,404528,flow,4,0.002551088420949954,0.022041403957007603,0.0676693486243597
248,12,404520,occupancy,18,404528,flow,5,0.0018230274395887984,0.016856941943333505,0.06991632519959465
248,12,404520,occupancy,18,404528,flow,6,0.00433352521399812,0.03340204767790233,0.06398977305617497
248,12,404520,occupancy,18,404528,flow,9,0.004526577592157419,0.034530840893731325,0.06367908250071995
248,12,404520,occupancy,18,404528,flow,10,7.407946763448718e-06,0.0001529017201055827,0.10037374627873474
248,12,404520,occupancy,18,404528,flow,11,1.3018849685207491e-05,0.00025197773584272564,0.09765839846984589
248,12,404520,occupancy,18,404528,flow,12,0.00026722767184984733,0.00346673736453856,0.08170963938580338
248,12,404520,occupancy,19,401795,flow,1,5.303019255921157e-31,8.548150442380373e-29,0.2556436800465216
248,12,404520,occupancy,19,401795,flow,2,3.946684349725803e-22,4.405601134577641e-20,0.214645013353433
248,12,404520,occupancy,19,401795,flow,3,8.360368699604986e-15,5.741938439156366e-13,0.17296871212188267
248,12,404520,occupancy,19,401795,flow,4,9.321478178244542e-15,6.37164331171146e-13,0.17266562147322706
248,12,404520,occupancy,19,401795,flow,5,1.1228075027149818e-12,6.218626168882976e-11,0.1587326467107557
248,12,404520,occupancy,19,401795,flow,6,9.722143581544627e-10,3.903314151698215e-08,0.13663428247320367
248,12,404520,occupancy,19,401795,flow,7,4.8477697035453245e-05,0.000795078402403789,0.09103564036257228
248,12,404520,occupancy,19,401795,flow,8,0.0003567251588343687,0.0044206904365016435,0.08003456856201464
248,12,404520,occupancy,19,401795,flow,9,9.13215826660252e-10,3.6870022160488675e-08,0.1368551594049555
248,12,404520,occupancy,19,401795,flow,10,1.844223363721385e-20,1.879020030961411e-18,0.20593115910048368
248,12,404520,occupancy,19,401795,flow,11,1.525192482860346e-35,2.76841660754483e-33,0.27402564342584307
248,12,404520,occupancy,19,401795,flow,12,6.649561580653931e-41,1.3237836879458518e-38,0.2940457657690339
248,12,404520,speed,0,400593,flow,3,0.006448213701833055,0.04532348807389646,0.06110779955857207
248,12,404520,speed,3,400039,flow,11,0.00625785259873592,0.04441985413496414,-0.06132905598778391
248,12,404520,speed,3,400039,flow,12,3.0067721604024234e-05,0.0005260937923425869,-0.09349208261542438
248,12,404520,speed,4,400316,flow,1,0.0012434281762137391,0.0124126880501063,0.07240102653619483
248,12,404520,speed,4,400316,flow,3,0.00023747565206250115,0.0031440233432730768,0.08238528146049662
248,12,404520,speed,4,400316,flow,11,7.756578896672792e-06,0.00015918489707185968,-0.10015486347876128
248,12,404520,speed,5,400503,flow,1,0.0005876600065360239,0.006700161594710012,-0.07706340199704478
248,12,404520,speed,6,405843,flow,1,2.217892193727231e-06,5.170693079817397e-05,-0.10596151725819486
248,12,404520,speed,8,401448,flow,6,0.007261604658187917,0.0496991953792329,0.060223990477855205
248,12,404520,speed,8,401448,flow,9,0.000966299987159607,0.010127161437480596,0.0739984920421703
248,12,404520,speed,9,402391,flow,7,0.00691692468469464,0.04777750839546971,-0.06058707378253625
248,12,404520,speed,9,402391,flow,8,0.006355626534148926,0.04489830592106252,-0.06121466898384409
248,12,404520,speed,9,402391,flow,10,0.0012997739657283028,0.012822333047160909,-0.07211705906988988
248,12,404520,speed,9,402391,flow,12,0.0006092455869035453,0.006889897736710251,-0.0768447367508245
248,12,404520,speed,10,400497,flow,3,1.7478603609318874e-05,0.00032872254067156084,0.09621132441746288
248,12,404520,speed,10,400497,flow,11,0.001860065024846742,0.017162496598329614,-0.06978359187398162
248,12,404520,speed,11,405841,flow,1,0.0048259193714792195,0.036314181649173015,0.06322027647647696
248,12,404520,speed,11,405841,flow,2,0.0069298386829613505,0.04784545806359763,0.06057318048890158
248,12,404520,speed,11,405841,flow,3,0.0021491015537715014,0.019293679784482307,0.06882388312850211
248,12,404520,speed,11,405841,flow,10,0.0037080300692218845,0.029657040004214236,0.06509065356323679
248,12,404520,speed,12,404520,flow,1,0.0004152862695538657,0.005025312841660224,0.07914039043495744
248,12,404520,speed,12,404520,flow,3,4.807142585273901e-06,0.00010393821805997624,0.1024104950491164
248,12,404520,speed,12,404520,flow,11,0.0015117930975675005,0.014436220560326264,-0.07114142162316754
248,12,404520,speed,14,401469,flow,10,0.0008938395420266449,0.009454913862769603,-0.07448621890231119
248,12,404520,speed,14,401469,flow,11,0.0013730804933667418,0.013368735026694445,-0.07176414487359224
248,12,404520,speed,15,401472,flow,3,7.445962336046397e-07,1.9146760292690732e-05,0.11078806780225778
248,12,404520,speed,15,401472,flow,4,8.33899765339833e-07,2.1303648647357058e-05,0.11029654222912326
248,12,404520,speed,15,401472,flow,5,0.006045453575494999,0.0433178959133163,0.06158319043105168
248,12,404520,speed,15,401472,flow,11,0.00016915261697096807,0.002334630368417195,-0.08429997688642034
248,12,404520,speed,15,401472,flow,12,0.0005086121127350028,0.005935181866599709,-0.0779336325375371
248,12,404520,speed,16,405838,flow,2,0.0048977746900781514,0.03675245207770995,-0.06311398176008799
248,12,404520,speed,16,405838,flow,3,0.0006886510749073775,0.007626179552934813,-0.07609793329391429
248,12,404520,speed,16,405838,flow,4,0.0028773118680802796,0.024249590892307722,-0.06684888945345208
248,12,404520,speed,16,405838,flow,5,0.0003747523708681496,0.004607086631048396,-0.07974553792089273
248,12,404520,speed,17,400260,flow,1,0.00010584563069217547,0.0015553551806674162,-0.08688272819502581
248,12,404520,speed,17,400260,flow,2,0.00030317320049613944,0.0038577561889346756,-0.08098163926170882
248,12,404520,speed,19,401795,flow,1,0.004825848598874999,0.036314181649173015,-0.0632203818729783
248,12,404520,speed,19,401795,flow,4,0.0050224066467510695,0.03744700848112637,-0.06293291354138177
248,13,400183,flow,0,400593,flow,2,0.0003365160451776972,0.004214987866534218,0.08037527760518175
248,13,400183,flow,0,400593,flow,5,7.46072296275338e-05,0.0011482124402954971,0.08876478034648103
248,13,400183,flow,0,400593,flow,6,0.003997691090549351,0.031377226582800136,0.06456143972895646
248,13,400183,flow,0,400593,flow,7,5.25269680815156e-05,0.000854354300121037,0.09061705498386548
248,13,400183,flow,0,400593,flow,8,6.14578118478445e-07,1.6062913678140528e-05,0.11161609606617942
248,13,400183,flow,0,400593,flow,12,0.0006400903385705705,0.007176720121009251,0.076544460575785
248,13,400183,flow,3,400039,flow,8,0.0009478936162905933,0.009953574191481194,-0.0741190908846698
248,13,400183,flow,4,400316,flow,6,0.0011055534522783669,0.01126944528985971,0.073149396505341
248,13,400183,flow,5,400503,flow,5,0.0054388471632492415,0.03988426369926451,0.06235599682920112
248,13,400183,flow,5,400503,flow,10,0.00032125826134965393,0.004049710210185307,0.08064543062280617
248,13,400183,flow,6,405843,flow,4,0.0007048167314652836,0.007783252249309879,0.07595576197235458
248,13,400183,flow,6,405843,flow,6,0.0017944503430722333,0.016620980879228232,0.07002044152674748
248,13,400183,flow,6,405843,flow,9,0.0005918951569325039,0.006734229860280266,0.07701991668119028
248,13,400183,flow,6,405843,flow,12,0.0009096320436089368,0.00960080730122308,0.07437687840585695
248,13,400183,flow,7,408093,flow,1,0.0015044251890028466,0.01437221763930185,0.07117314807516299
248,13,400183,flow,7,408093,flow,5,0.005901439909652917,0.042490367349501,0.06176011467044193
248,13,400183,flow,11,405841,flow,1,0.0006918776429025883,0.007656023097692575,0.07606931094568556
248,13,400183,flow,11,405841,flow,3,0.00011780747784334344,0.0017104396383080924,0.08629907436007729
248,13,400183,flow,11,405841,flow,4,1.808551168043689e-07,5.247106142343007e-06,0.11676161496908054
248,13,400183,flow,11,405841,flow,9,0.0013716937562793527,0.013358243974587024,0.07177065807233889
248,13,400183,flow,11,405841,flow,10,0.0019198650688691653,0.017612692923157345,0.06957431968406255
248,13,400183,flow,12,404520,flow,3,0.006228624249957529,0.04424873665485368,0.06136356275339719
248,13,400183,flow,12,404520,flow,10,0.00729596158383131,0.04989481406071119,0.060188651402400165
248,13,400183,flow,13,400183,flow,1,1.1843827077101054e-27,1.6720697050025018e-25,0.24095223560597293
248,13,400183,flow,13,400183,flow,2,2.9668556164493397e-27,4.147836978336941e-25,0.23915165538808048
248,13,400183,flow,13,400183,flow,3,8.162008250742254e-12,4.099985539907737e-10,0.15254721502276128
248,13,400183,flow,13,400183,flow,4,8.653936961939156e-13,4.861509450660228e-11,0.15948214667018565
248,13,400183,flow,13,400183,flow,5,1.1941643357041324e-08,4.091030872515347e-07,0.12747492255074075
248,13,400183,flow,13,400183,flow,6,1.1081899359899878e-09,4.4123322797020715e-08,0.13617127601569676
248,13,400183,flow,13,400183,flow,8,0.0041746555934088075,0.0324942344560162,0.06425500367632607
248,13,400183,flow,13,400183,flow,10,0.0062099750536504725,0.04415255469349908,0.061385656055893516
248,13,400183,flow,13,400183,flow,11,0.000282123142478585,0.0036337864505291803,0.08139745965228634
248,13,400183,flow,14,401469,flow,3,0.007097741532557964,0.04878638571304758,0.06039462904190893
248,13,400183,flow,14,401469,flow,4,0.006275643427099922,0.04450957085055272,0.06130812318529811
248,13,400183,flow,14,401469,flow,9,5.944966392995034e-07,1.5565002919841544e-05,0.1117588405543259
248,13,400183,flow,14,401469,flow,11,0.0015134350805234558,0.014445513804377662,0.07113437058940707
248,13,400183,flow,14,401469,flow,12,0.004629459618233293,0.0351295723709254,0.06351837694722037
248,13,400183,flow,16,405838,flow,5,0.0030513827183399024,0.025389008750439864,0.06644525891329245
248,13,400183,flow,16,405838,flow,6,0.0015032359021109457,0.014367210391856825,0.07117828258506809
248,13,400183,flow,16,405838,flow,9,0.00030060376627611237,0.0038318331965559323,0.08103092106153002
248,13,400183,flow,16,405838,flow,11,0.005280088925113506,0.038924887639062024,0.06257107023706288
248,13,400183,flow,17,400260,flow,4,0.002572289882918001,0.022166950517067154,0.0676131934889924
248,13,400183,flow,17,400260,flow,6,0.0020989973988119436,0.018934367848961364,0.06898141366590514
248,13,400183,flow,17,400260,flow,7,0.002649702838709645,0.02272080481327468,0.06741168280559118
248,13,400183,flow,17,400260,flow,9,0.004771264734284326,0.03599696760759394,0.06330208888580764
248,13,400183,flow,18,404528,flow,5,0.0015972503942636772,0.015115272077150242,0.0707834839130036
248,13,400183,flow,18,404528,flow,10,0.0025911416492930897,0.022298270766824998,0.06756361595498844
248,13,400183,occupancy,0,400593,flow,5,0.0026927408942432353,0.023044058365948448,0.06730196644068168
248,13,400183,occupancy,0,400593,flow,7,0.0053232744894408145,0.039176398286855735,0.06251199407669454
248,13,400183,occupancy,0,400593,flow,8,1.7866048893665925e-05,0.0003346978804017207,0.09610281091463084
248,13,400183,occupancy,3,400039,flow,8,0.0031212494049637418,0.025880609269565,-0.06628913343180953
248,13,400183,occupancy,6,405843,flow,7,0.003685890809421915,0.029530875921184484,0.06513263111611228
248,13,400183,occupancy,6,405843,flow,9,0.007295116206090326,0.04989481406071119,0.060189519154425795
248,13,400183,occupancy,10,400497,flow,11,0.0037027580143615593,0.029627550698355133,0.06510062904506268
248,13,400183,occupancy,11,405841,flow,4,7.221525671557665e-05,0.0011193753462909622,0.0889382758714262
248,13,400183,occupancy,13,400183,flow,2,5.904703235475326e-07,1.5478348287168332e-05,-0.11178801887554696
248,13,400183,occupancy,13,400183,flow,3,3.7699208479928137e-06,8.330464482521205e-05,0.10353862704149361
248,13,400183,occupancy,13,400183,flow,4,5.109281518044316e-13,2.931221269316261e-11,-0.16110681031744675
248,13,400183,occupancy,14,401469,flow,9,0.0015519134303227972,0.014754106555885748,0.07097112010339303
248,13,400183,occupancy,16,405838,flow,5,0.0024158158734415135,0.021151853614242683,0.06803801904541311
248,13,400183,occupancy,16,405838,flow,6,0.0033227096988388475,0.027227059747693134,0.06585613725953268
248,13,400183,occupancy,17,400260,flow,6,0.000500481042041051,0.005859290248285475,0.07803017777975733
248,13,400183,occupancy,18,404528,flow,10,0.004752759963178284,0.03588966926992597,0.06332998075147232
248,13,400183,speed,12,404520,flow,4,0.0019663166763204043,0.017970146058185203,-0.06941584882457295
248,13,400183,speed,18,404528,flow,12,0.002479767567509293,0.02160233089663268,0.06786143520270271
248,14,401469,flow,0,400593,flow,4,0.0017633905768728135,0.01638067887099999,0.0701353444987788
248,14,401469,flow,0,400593,flow,10,0.00614877120294646,0.043847295471655175,0.0614585847760959
248,14,401469,flow,1,400125,flow,9,0.0071221071132916165,0.04891494869542096,-0.0603690337601246
248,14,401469,flow,3,400039,flow,9,0.005593031092143232,0.040772687003136625,-0.062152474289388596
248,14,401469,flow,4,400316,flow,5,0.00017806337469159308,0.002439838303796808,0.08401277703844168
248,14,401469,flow,4,400316,flow,11,0.0029721133801403365,0.024877988378620916,0.06662639072614754
248,14,401469,flow,5,400503,flow,2,0.005338228413583816,0.03926638301835873,0.06249163848116514
248,14,401469,flow,6,405843,flow,12,0.001053194268167653,0.010848352976834192,0.07345639604629497
248,14,401469,flow,10,400497,flow,5,0.0002630893413072801,0.0034250086953236908,0.08179926466223805
248,14,401469,flow,10,400497,flow,8,0.0006373220927617715,0.007153108445650437,-0.07657085384326721
248,14,401469,flow,11,405841,flow,5,0.00021062809101546044,0.0028284530717649645,0.0830669183284518
248,14,401469,flow,12,404520,flow,5,4.854158696226024e-05,0.000795824120216183,0.09102878256368613
248,14,401469,flow,12,404520,flow,10,0.003163416273069107,0.026195051369864945,0.06619644029330647
248,14,401469,flow,12,404520,flow,11,0.0010665865177040485,0.010960165928833228,0.07337655248495474
248,14,401469,flow,13,400183,flow,3,0.00046683335339531393,0.005519212059846076,0.07844589593592928
248,14,401469,flow,14,401469,flow,1,9.938535260064428e-100,4.519418139313508e-97,0.4500411782183278
248,14,401469,flow,14,401469,flow,2,2.4036387296294252e-26,3.1851899730058644e-24,0.2350501031350087
248,14,401469,flow,14,401469,flow,3,7.300733857033941e-06,0.00015119448831441335,0.10044303971393949
248,14,401469,flow,14,401469,flow,4,0.0046500988377210254,0.035236672476679234,0.06348652742254658
248,14,401469,flow,14,401469,flow,5,5.023773288357867e-05,0.0008214496822750183,0.09084978019764105
248,14,401469,flow,14,401469,flow,6,1.5730485809518303e-07,4.622836646062522e-06,0.11733465830285422
248,14,401469,flow,14,401469,flow,7,0.0023712340174249016,0.02085450113044702,0.06816366576297579
248,14,401469,flow,14,401469,flow,12,0.0007920909101622926,0.00855886126038295,0.07523687377972102
248,14,401469,flow,15,401472,flow,3,0.00029377969700242104,0.0037570405300487238,-0.08116374623015264
248,14,401469,flow,15,401472,flow,12,0.0009726796909418559,0.010176855075971516,0.07395718786132559
248,14,401469,flow,16,405838,flow,1,4.639329413685456e-06,0.00010061196318835929,0.10257615475939005
248,14,401469,flow,16,405838,flow,2,0.002499220428092128,0.02173672689623111,0.06780854751604357
248,14,401469,flow,16,405838,flow,6,0.00011929234942505428,0.0017264420419304339,0.08623056119904668
248,14,401469,flow,17,400260,flow,1,1.4495298085177177e-05,0.0002765887267136281,0.0971330146181291
248,14,401469,flow,17,400260,flow,7,0.0027851674693226943,0.023673474101909932,0.0670716556134543
248,14,401469,flow,19,401795,flow,1,0.0013188563001430727,0.0129517145183407,0.0720234592827512
248,14,401469,flow,19,401795,flow,6,0.0053903465856180175,0.039568899320084686,0.06242109403736742
248,14,401469,occupancy,1,400125,flow,4,0.00608979289164309,0.04352730855707834,0.06152948228403261
248,14,401469,occupancy,4,400316,flow,11,0.007275070458978141,0.049783469638500825,0.060210121906473166
248,14,401469,occupancy,6,405843,flow,2,0.002589293420844575,0.02228680529597243,-0.06756846194236948
248,14,401469,occupancy,6,405843,flow,12,0.002538583334254565,0.021959711661953787,0.06770267044001028
248,14,401469,occupancy,9,402391,flow,5,0.004703100898411257,0.03560707304790857,0.0634053192038374
248,14,401469,occupancy,10,400497,flow,11,0.00038306816000385297,0.004687972949622223,0.07961656412132467
248,14,401469,occupancy,14,401469,flow,1,0.003251391832330413,0.026759406964502543,-0.06600661706246931
248,14,401469,occupancy,14,401469,flow,3,0.0066391589100723404,0.04638713648958841,-0.06089168654597541
248,14,401469,occupancy,15,401472,flow,6,0.0025208686488240963,0.021863385992612117,0.06775013177011219
248,14,401469,occupancy,15,401472,flow,12,0.0030567321952329456,0.025418897981321565,0.06643319031123263
248,14,401469,speed,4,400316,flow,11,0.0037336395968732543,0.029819417745410352,-0.0650423792152294
248,14,401469,speed,6,405843,flow,2,0.0018945832570677707,0.017425164297493655,0.06966205380434388
248,14,401469,speed,6,405843,flow,5,0.006037451832794185,0.04328209744054245,-0.061592920679267554
248,14,401469,speed,6,405843,flow,12,0.0007865103739842689,0.008511334708446998,-0.07528058577836971
248,14,401469,speed,9,402391,flow,11,0.00026415914535079713,0.003435182143032642,-0.08177596964799169
248,14,401469,speed,12,404520,flow,11,0.004932696034110471,0.036963134201833885,-0.06306283111884474
248,14,401469,speed,14,401469,flow,10,0.006352418246474965,0.04489194638438058,-0.06121839720903076
248,14,401469,speed,18,404528,flow,5,0.0028673754065380594,0.024193479992664878,-0.06687259597655333
248,14,401469,speed,18,404528,flow,12,0.0012472499979639489,0.012432210408870003,-0.0723813940125422
248,15,401472,flow,1,400125,flow,1,3.070165732664825e-14,2.006522838897435e-12,0.16930901240291218
248,15,401472,flow,1,400125,flow,8,0.00014304801481290983,0.0020287834011548603,-0.08523157969610681
248,15,401472,flow,1,400125,flow,9,0.000673344337929578,0.007485454297106992,-0.07623543709996636
248,15,401472,flow,1,400125,flow,11,2.8946532574668055e-06,6.543643156596859e-05,0.10475186104882385
248,15,401472,flow,1,400125,flow,12,6.445955590689481e-13,3.6736844527412344e-11,0.16040977594629693
248,15,401472,flow,2,400331,flow,3,0.0013969943023987774,0.013564880616684016,0.07165277025540351
248,15,401472,flow,3,400039,flow,1,1.0757649205605348e-06,2.679667937316496e-05,0.10918370538017036
248,15,401472,flow,3,400039,flow,9,0.002443216435730812,0.02134417594005482,-0.06796184325304018
248,15,401472,flow,3,400039,flow,12,1.7056193487955124e-05,0.0003213377927080948,0.09633227180554362
248,15,401472,flow,4,400316,flow,1,5.2181297000282133e-11,2.410943348034426e-09,0.1466006291271937
248,15,401472,flow,4,400316,flow,3,5.256092274303292e-09,1.917763397380931e-07,-0.1305413172461031
248,15,401472,flow,4,400316,flow,4,0.002734943565645849,0.02333588031520851,-0.06719592373704472
248,15,401472,flow,4,400316,flow,8,0.002231294102101775,0.019882818731599975,-0.06857260810734929
248,15,401472,flow,4,400316,flow,10,0.00021056829709435753,0.0028284530717649645,0.0830685255013591
248,15,401472,flow,4,400316,flow,11,3.2621543529865884e-24,3.9364544147771124e-22,0.22500828678124649
248,15,401472,flow,4,400316,flow,12,1.0145358321850159e-20,1.0535564411152088e-18,0.20731151889424343
248,15,401472,flow,5,400503,flow,1,5.011868503872681e-13,2.886836258230664e-11,0.1611644104752524
248,15,401472,flow,5,400503,flow,2,3.945140209493429e-07,1.065187856563226e-05,0.11350662680368741
248,15,401472,flow,5,400503,flow,7,0.002493065048074342,0.02170066695079822,0.06782524170358434
248,15,401472,flow,5,400503,flow,10,1.0520479710405747e-06,2.630441542478759e-05,0.10928155079049075
248,15,401472,flow,5,400503,flow,11,1.2792294718803553e-10,5.627567534137613e-09,0.143618430997354
248,15,401472,flow,5,400503,flow,12,7.276636215750666e-16,5.4012145106602877e-14,0.1796300722595184
248,15,401472,flow,6,405843,flow,1,4.736203425352317e-15,3.348674107614077e-13,0.17454268144228227
248,15,401472,flow,6,405843,flow,5,6.906815036479671e-05,0.0010763867589318969,0.08917500961850638
248,15,401472,flow,6,405843,flow,6,8.264705800427923e-13,4.648897012740707e-11,0.15966088559029246
248,15,401472,flow,6,405843,flow,7,2.4162738474492033e-07,6.858280565690249e-06,0.11556291337718227
248,15,401472,flow,6,405843,flow,9,2.067702556796314e-06,4.838827218504917e-05,-0.10627785007038006
248,15,401472,flow,6,405843,flow,11,2.5563686384952306e-05,0.00045785706958123535,0.09431316228582469
248,15,401472,flow,6,405843,flow,12,6.286456904732067e-28,8.992547625312095e-26,0.24230402293562
248,15,401472,flow,7,408093,flow,1,0.0057266830273622876,0.04152277723767218,0.06198010639792582
248,15,401472,flow,7,408093,flow,4,0.00015196928324945626,0.002134983101260654,0.08489641411222248
248,15,401472,flow,7,408093,flow,5,7.04258524778091e-06,0.0001465509068902386,0.10061395879874133
248,15,401472,flow,7,408093,flow,10,0.00011803729783457796,0.001712293910830681,0.08628841724370287
248,15,401472,flow,7,408093,flow,11,9.438936818395192e-10,3.803750658159257e-08,0.13673862860166952
248,15,401472,flow,7,408093,flow,12,0.0003320594479333918,0.0041664153792397695,0.0804529814762996
248,15,401472,flow,8,401448,flow,11,0.006141042477115599,0.04381387619248541,0.061467840502241175
248,15,401472,flow,9,402391,flow,1,1.9355941058064403e-15,1.4100786740444894e-13,0.17699185273833865
248,15,401472,flow,9,402391,flow,2,0.00026313897823563264,0.0034250086953236908,0.0817981818551766
248,15,401472,flow,9,402391,flow,11,1.0338913002623555e-05,0.0002049752371332435,0.09877679890969684
248,15,401472,flow,9,402391,flow,12,8.011636090856955e-11,3.6014846943290368e-09,0.14518234410802522
248,15,401472,flow,10,400497,flow,1,2.209099040448566e-15,1.598544029269314e-13,0.17663230518356787
248,15,401472,flow,10,400497,flow,2,6.978593148826023e-07,1.8020037300016988e-05,-0.11106843042692273
248,15,401472,flow,10,400497,flow,3,3.070855573968459e-07,8.498460012520015e-06,-0.11456184964022892
248,15,401472,flow,10,400497,flow,4,2.031789220855903e-05,0.00037509954846570514,0.09546401296899218
248,15,401472,flow,10,400497,flow,5,1.720069092123257e-43,3.5724511913329183e-41,0.3031583699650772
248,15,401472,flow,10,400497,flow,6,2.9870813702608014e-19,2.7750949504358412e-17,0.19936467967598898
248,15,401472,flow,10,400497,flow,7,0.00026340818564313446,0.0034264479433253263,-0.08179231254881385
248,15,401472,flow,10,400497,flow,8,5.836584969307948e-28,8.376759823059912e-26,-0.24244821660698876
248,15,401472,flow,10,400497,flow,9,6.88012944194646e-08,2.1553414930535685e-06,-0.12067740365555846
248,15,401472,flow,10,400497,flow,10,2.4055865117865554e-30,3.8489384188584887e-28,0.25285984810909373
248,15,401472,flow,10,400497,flow,11,2.612621560832595e-112,1.3123866445112569e-109,0.47499680829406143
248,15,401472,flow,10,400497,flow,12,1.169960499124688e-89,4.636907666255644e-87,0.4288380970498246
248,15,401472,flow,11,405841,flow,3,2.47243158899997e-05,0.00044457888554495626,-0.09448126163419104
248,15,401472,flow,11,405841,flow,6,1.37105050277158e-05,0.0002632416965321434,0.09740556854916586
248,15,401472,flow,11,405841,flow,7,0.005538097797049397,0.04048152704442198,0.06222439931705611
248,15,401472,flow,11,405841,flow,11,0.0002805126216844383,0.0036168972118234654,0.08143045884462727
248,15,401472,flow,11,405841,flow,12,4.9642508811355004e-05,0.0008123319623676273,0.09091193604220686
248,15,401472,flow,12,404520,flow,1,0.00013766015968900497,0.0019600919243787126,0.08544365737851277
248,15,401472,flow,12,404520,flow,2,7.499915021012164e-12,3.798315696456336e-10,-0.15285248955265132
248,15,401472,flow,12,404520,flow,3,7.616988767316202e-26,9.764211120120472e-24,-0.23277859974390405
248,15,401472,flow,12,404520,flow,4,1.3079772625754939e-05,0.00025270401495197377,-0.09763562043270599
248,15,401472,flow,12,404520,flow,6,0.00036186061897283526,0.00447139415582625,0.07995086634960173
248,15,401472,flow,12,404520,flow,10,5.003231296349204e-10,2.08628949809156e-08,0.13896036940714884
248,15,401472,flow,12,404520,flow,11,1.0700589889568429e-32,1.8199428473596697e-30,0.26267631924289897
248,15,401472,flow,12,404520,flow,12,2.516450509000597e-19,2.34796246196168e-17,0.19977556607103253
248,15,401472,flow,13,400183,flow,7,0.004978473784308661,0.037190051440797886,0.06299627212148759
248,15,401472,flow,14,401469,flow,1,2.2326410686623207e-05,0.00040549205414231983,0.09499321339972368
248,15,401472,flow,14,401469,flow,2,0.0030166480356444312,0.02515814577989178,0.06652409390980946
248,15,401472,flow,14,401469,flow,5,0.005656982982035593,0.04115555150285241,0.06206953906098988
248,15,401472,flow,14,401469,flow,6,1.552239695675087e-06,3.7171150140334675e-05,0.10756224087578405
248,15,401472,flow,14,401469,flow,7,4.443213023460019e-09,1.6363751288446106e-07,0.13116041863844952
248,15,401472,flow,14,401469,flow,11,0.0034193656178161894,0.027803482006754934,0.06565681865660475
248,15,401472,flow,14,401469,flow,12,2.7525035848487777e-07,7.701305366934404e-06,0.11501991165382223
248,15,401472,flow,15,401472,flow,1,0.0,0.0,0.874573943155927
248,15,401472,flow,15,401472,flow,2,6.400591725738405e-09,2.2989272109863034e-07,-0.1298116858361635
248,15,401472,flow,15,401472,flow,3,1.0037478375960167e-22,1.1594092669558268e-20,-0.21765810370324523
248,15,401472,flow,15,401472,flow,4,4.646317330400661e-08,1.4748046192013857e-06,-0.12223319610407807
248,15,401472,flow,15,401472,flow,6,1.3178234180012244e-09,5.194340479712855e-08,0.13555608782898002
248,15,401472,flow,15,401472,flow,8,1.0458643957899368e-17,8.672042590810992e-16,-0.19063210403271053
248,15,401472,flow,15,401472,flow,9,3.8032513917550695e-36,6.991508941439107e-34,-0.2763625565482676
248,15,401472,flow,15,401472,flow,11,2.536926101703366e-43,5.218819409218353e-41,0.30250123998435724
248,15,401472,flow,15,401472,flow,12,2.6726058003213874e-12,1.434243112719055e-10,0.15607523910679477
248,15,401472,flow,16,405838,flow,1,2.7313544335009006e-12,1.4603281129608776e-10,0.15600802108718562
248,15,401472,flow,16,405838,flow,2,2.216767431073296e-09,8.459748500209046e-08,0.13369262822335579
248,15,401472,flow,16,405838,flow,3,0.00027644622581713795,0.003568113819928401,0.08151457443653223
248,15,401472,flow,16,405838,flow,4,0.0017583344760211583,0.016346040319370356,0.07015422483449295
248,15,401472,flow,16,405838,flow,5,0.002243017265292803,0.019962576403100347,0.06853746172384209
248,15,401472,flow,16,405838,flow,6,2.886087771728554e-09,1.0917599977116771e-07,0.13273734901824655
248,15,401472,flow,16,405838,flow,7,2.4563070363096156e-15,1.7655984021393576e-13,0.17634319939349583
248,15,401472,flow,16,405838,flow,8,0.0002044799390981596,0.002762205556297841,0.08323445646027292
248,15,401472,flow,16,405838,flow,12,2.363278141800244e-08,7.811294240686346e-07,0.12486820217670097
248,15,401472,flow,17,400260,flow,1,2.1599048318054556e-26,2.871011961046021e-24,0.23532230133139007
248,15,401472,flow,17,400260,flow,2,1.9918864522930191e-22,2.2644603878699587e-20,0.21615551258733123
248,15,401472,flow,17,400260,flow,3,1.0699413853883699e-05,0.00021124985305657028,0.09861123736565132
248,15,401472,flow,17,400260,flow,6,1.365525769183228e-10,5.970719962420592e-09,0.14339890150893908
248,15,401472,flow,17,400260,flow,7,0.0022188733589457634,0.019796639633716848,0.06861003081516089
248,15,401472,flow,17,400260,flow,9,0.0012301812602608492,0.012310361464736781,-0.0724695090436244
248,15,401472,flow,17,400260,flow,10,0.0024499504660393796,0.021390028321119886,-0.06794324172993157
248,15,401472,flow,17,400260,flow,12,1.668282099161946e-14,1.1104743710908483e-12,0.17103503322826788
248,15,401472,flow,18,404528,flow,1,1.1261397535093198e-13,6.930090790826583e-12,0.16556963545381725
248,15,401472,flow,18,404528,flow,2,5.7265285500293554e-05,0.000918967434477222,0.09016440805821024
248,15,401472,flow,18,404528,flow,11,7.763384772124503e-05,0.0011884416093401083,0.08855263487674457
248,15,401472,flow,18,404528,flow,12,5.109647531990995e-06,0.00010960117844191212,0.10212538546586998
248,15,401472,flow,19,401795,flow,1,2.3502480047357806e-29,3.550024958202298e-27,0.24859741883348635
248,15,401472,flow,19,401795,flow,2,1.2063872465313018e-16,9.441291494592797e-15,0.18437405229269593
248,15,401472,flow,19,401795,flow,3,1.749782861797931e-05,0.0003289409035233708,0.0962058862309414
248,15,401472,flow,19,401795,flow,5,7.823189297162056e-06,0.00016024740523347598,0.1001141152905889
248,15,401472,flow,19,401795,flow,6,1.0886048014504606e-07,3.332936032789504e-06,0.11883390070976572
248,15,401472,flow,19,401795,flow,7,2.342431417833915e-07,6.679408399367995e-06,0.11569190890927905
248,15,401472,flow,19,401795,flow,11,0.0005529981790608323,0.00636884066527005,0.07743067811544022
248,15,401472,flow,19,401795,flow,12,3.527145780418357e-17,2.8803912611355957e-15,0.18754840056787275
248,15,401472,occupancy,0,400593,flow,10,0.00508929757260418,0.03779387162588842,0.06283740059883407
248,15,401472,occupancy,1,400125,flow,1,4.734849751272509e-05,0.0007798151325008479,0.091158280446022
248,15,401472,occupancy,1,400125,flow,2,6.807369789563759e-06,0.00014199824959399053,0.10077498993966223
248,15,401472,occupancy,1,400125,flow,5,0.0030082611994186443,0.02512700769816037,-0.06654325291801179
248,15,401472,occupancy,1,400125,flow,9,0.0013051479069641962,0.012852151716629423,-0.07209057211370781
248,15,401472,occupancy,1,400125,flow,10,1.1233485676206538e-07,3.4295871463754235e-06,-0.11870666212123829
248,15,401472,occupancy,1,400125,flow,12,8.688823050278693e-06,0.00017587341136989036,0.09961274164800181
248,15,401472,occupancy,2,400331,flow,4,0.002923695409475447,0.024561398678930785,0.06673920551661204
248,15,401472,occupancy,2,400331,flow,8,0.007234630558210788,0.049561693643308924,0.060251840895384184
248,15,401472,occupancy,3,400039,flow,1,0.0007973676172301654,0.008602967298787,0.07519580357859104
248,15,401472,occupancy,3,400039,flow,2,0.0005967989088996841,0.006773792847978592,0.07696992645826516
248,15,401472,occupancy,4,400316,flow,1,3.5730050810510966e-15,2.5387141365363056e-13,0.1753178753508528
248,15,401472,occupancy,4,400316,flow,3,0.0005364437472782967,0.006201329912342097,-0.0776137130082609
248,15,401472,occupancy,4,400316,flow,4,1.9924901609698573e-05,0.0003684742078505901,-0.09556128884911924
248,15,401472,occupancy,4,400316,flow,6,0.00043620151610490105,0.005224259910100284,0.07884940087721093
248,15,401472,occupancy,4,400316,flow,9,4.190139705573564e-06,9.18386784783247e-05,-0.10304953556401035
248,15,401472,occupancy,4,400316,flow,11,2.4234590786819976e-05,0.0004371333285973374,0.09458186171902712
248,15,401472,occupancy,4,400316,flow,12,3.2818251085304902e-18,2.824200093396756e-16,0.1935242182025052
248,15,401472,occupancy,5,400503,flow,1,2.3711843085911834e-14,1.5686854843972302e-12,0.17004227493599816
248,15,401472,occupancy,5,400503,flow,2,6.63420719130461e-09,2.3764324267359799e-07,0.129678480666068
248,15,401472,occupancy,5,400503,flow,7,0.0001484588919405662,0.0020924711686239675,0.0850260303113652
248,15,401472,occupancy,5,400503,flow,8,0.0021585575261743994,0.01936084591423122,0.06879453097834576
248,15,401472,occupancy,5,400503,flow,11,0.000986306971885128,0.010281964571775467,0.07386979373740862
248,15,401472,occupancy,5,400503,flow,12,4.5928692720730575e-05,0.0007590357787052643,0.09131647672557368
248,15,401472,occupancy,6,405843,flow,1,1.5762115814357385e-22,1.8013846644979867e-20,0.21666994130315578
248,15,401472,occupancy,6,405843,flow,2,1.7012962496840434e-06,4.0493662802397066e-05,0.1071531173794702
248,15,401472,occupancy,6,405843,flow,3,0.0021748911542518704,0.019464532393553096,-0.06874410634107635
248,15,401472,occupancy,6,405843,flow,4,2.079931896113275e-05,0.00038235343792380203,-0.09534725770479034
248,15,401472,occupancy,6,405843,flow,6,6.818337520199111e-11,3.1005492723431746e-09,0.1457174621813967
248,15,401472,occupancy,6,405843,flow,7,1.3348602114503348e-13,8.179568955270137e-12,0.1650740031883097
248,15,401472,occupancy,6,405843,flow,8,0.0012613910726208956,0.012524768782938074,0.07230923138296232
248,15,401472,occupancy,6,405843,flow,9,2.5340051706945882e-05,0.00045441867527560334,-0.09435743060390747
248,15,401472,occupancy,6,405843,flow,10,5.721436482381089e-15,4.0059328369345714e-13,-0.17402086817529064
248,15,401472,occupancy,6,405843,flow,12,1.3754246605812809e-19,1.3116632524748639e-17,0.20121622198714587
248,15,401472,occupancy,7,408093,flow,1,0.006265730523473978,0.04446116271584689,0.06131978017602263
248,15,401472,occupancy,7,408093,flow,5,0.002256535339348254,0.02004984094196721,0.06849714232777591
248,15,401472,occupancy,7,408093,flow,6,0.0038343065519677887,0.030432269356357622,0.0648554893853898
248,15,401472,occupancy,7,408093,flow,12,0.00021169412517419372,0.0028392381892347624,0.08303833652526718
248,15,401472,occupancy,8,401448,flow,9,0.003893704122962108,0.030784776374810224,-0.06474729625704922
248,15,401472,occupancy,9,402391,flow,1,2.2485397106941056e-10,9.665364726565709e-09,0.14171053525895372
248,15,401472,occupancy,9,402391,flow,2,0.0032390876144686494,0.026698833227446223,0.06603288225168459
248,15,401472,occupancy,9,402391,flow,10,0.0008373489928418471,0.008958265599496728,-0.07489255991338443
248,15,401472,occupancy,9,402391,flow,12,0.0005575314457740882,0.006409089530984728,0.0773814455160551
248,15,401472,occupancy,10,400497,flow,1,2.779889902235873e-31,4.5489107491132466e-29,0.25682240820456614
248,15,401472,occupancy,10,400497,flow,2,0.0038133466538643034,0.030310317469537794,-0.06489403143920813
248,15,401472,occupancy,10,400497,flow,3,2.619635992073021e-30,4.175951101754778e-28,-0.25270188985744674
248,15,401472,occupancy,10,400497,flow,4,0.00024102355510911982,0.0031831909448835146,-0.08230067105563822
248,15,401472,occupancy,10,400497,flow,5,2.834874770734751e-19,2.6393661658564923e-17,0.19949011314708823
248,15,401472,occupancy,10,400497,flow,6,2.8537669675236304e-48,6.488564894580043e-46,0.319184636816681
248,15,401472,occupancy,10,400497,flow,7,0.0023827301349388626,0.02093429770782161,0.06813106038650679
248,15,401472,occupancy,10,400497,flow,8,2.4318984478439806e-18,2.109598653551405e-16,-0.19426475887938316
248,15,401472,occupancy,10,400497,flow,9,1.4535103399183113e-42,2.947964633073758e-40,-0.2999315210506115
248,15,401472,occupancy,10,400497,flow,10,1.2582512942944737e-07,3.793193015598134e-06,-0.11824625763858518
248,15,401472,occupancy,10,400497,flow,11,2.2917452899874877e-36,4.230914381515361e-34,0.27720923467346886
248,15,401472,occupancy,10,400497,flow,12,1.7229364824486476e-94,7.369391687305107e-92,0.43930000164054894
248,15,401472,occupancy,11,405841,flow,1,6.824271368464305e-07,1.7642640521703048e-05,0.11116498696327541
248,15,401472,occupancy,11,405841,flow,3,0.0018112425805045377,0.01676214213320395,-0.06995907867733255
248,15,401472,occupancy,11,405841,flow,4,1.0122930661697586e-05,0.00020141295460393885,-0.09887864893894957
248,15,401472,occupancy,11,405841,flow,6,3.1219796135425927e-07,8.628887991365324e-06,0.1144925927748728
248,15,401472,occupancy,11,405841,flow,7,1.2784966801264443e-05,0.0002481179540946199,0.09774679755440771
248,15,401472,occupancy,11,405841,flow,8,0.005847337449734774,0.042192193076233946,0.06182758691259994
248,15,401472,occupancy,11,405841,flow,9,0.0030424209479320077,0.025348618119703518,-0.06646552024851267
248,15,401472,occupancy,11,405841,flow,12,2.653427654540851e-08,8.716310862747531e-07,0.1244206867767194
248,15,401472,occupancy,12,404520,flow,1,6.30726332745594e-17,5.036483840038755e-15,0.18605513862295228
248,15,401472,occupancy,12,404520,flow,3,1.8988276747837735e-13,1.1504818450302806e-11,-0.16404187133696382
248,15,401472,occupancy,12,404520,flow,4,1.2782196600064862e-12,7.043251187790842e-11,-0.15833828097716654
248,15,401472,occupancy,12,404520,flow,6,2.809123206334662e-07,7.839413599073475e-06,0.1149348254434917
248,15,401472,occupancy,12,404520,flow,9,1.0986771106168775e-06,2.730889020635737e-05,-0.10909113054434977
248,15,401472,occupancy,12,404520,flow,11,3.300364431229552e-09,1.2397890732966663e-07,0.13224911862484934
248,15,401472,occupancy,12,404520,flow,12,1.1259100840787733e-24,1.3739919670113843e-22,0.22723779855739482
248,15,401472,occupancy,13,400183,flow,3,0.0016451228790142162,0.01547676576076092,0.07059059861503356
248,15,401472,occupancy,13,400183,flow,9,0.0009606590419006943,0.01007421089100248,0.07403522403106336
248,15,401472,occupancy,14,401469,flow,1,0.0024516074800211905,0.021396529225333496,0.06793867170097058
248,15,401472,occupancy,14,401469,flow,2,0.00034566122357668086,0.0043163508124380336,0.08021879294300618
248,15,401472,occupancy,14,401469,flow,6,0.00015177934044773597,0.0021330082977690937,0.08490335504728097
248,15,401472,occupancy,14,401469,flow,7,0.002706427730907245,0.02313826993374094,0.06726741025337395
248,15,401472,occupancy,14,401469,flow,8,0.0007113552175224665,0.00784142520973987,0.07589911674031746
248,15,401472,occupancy,14,401469,flow,12,0.0002917224754825197,0.0037318362276709655,0.08120435518103612
248,15,401472,occupancy,15,401472,flow,1,1.2565647105308319e-151,8.351322383835683e-149,0.5413613965641759
248,15,401472,occupancy,15,401472,flow,2,1.2594023175723375e-31,2.0845279739128345e-29,0.2582591621409408
248,15,401472,occupancy,15,401472,flow,4,6.247508456327196e-20,6.078656876426461e-18,-0.20308193409693356
248,15,401472,occupancy,15,401472,flow,5,0.003787455993950449,0.030160018237540907,-0.0649419068463949
248,15,401472,occupancy,15,401472,flow,6,5.630980291506459e-07,1.4805742458495375e-05,0.1119916169773299
248,15,401472,occupancy,15,401472,flow,7,7.247546212214563e-07,1.8681026036257107e-05,0.11090496236170787
248,15,401472,occupancy,15,401472,flow,8,0.000907428117421215,0.009582227981568438,-0.07439203139569761
248,15,401472,occupancy,15,401472,flow,9,1.1749543392704838e-40,2.3071830662038593e-38,-0.2930868310089152
248,15,401472,occupancy,15,401472,flow,10,1.2479773410833987e-36,2.3138464006353147e-34,-0.2781539018404641
248,15,401472,occupancy,15,401472,flow,12,2.4455779409524357e-07,6.918705106080272e-06,0.11551277404957924
248,15,401472,occupancy,16,405838,flow,1,4.711486434891002e-05,0.0007762632112406228,0.09118400051762139
248,15,401472,occupancy,16,405838,flow,2,3.760426503849046e-09,1.3980243112416418e-07,0.13177239718143113
248,15,401472,occupancy,16,405838,flow,3,0.0035017441604987534,0.028304092622394847,0.06549094729323217
248,15,401472,occupancy,16,405838,flow,4,0.0033219229172665684,0.027225776897346947,0.06585778125610157
248,15,401472,occupancy,16,405838,flow,6,0.00016934794995070626,0.0023358337924235346,0.08429353023453906
248,15,401472,occupancy,16,405838,flow,7,1.578093394070937e-09,6.152855110457082e-08,0.1349131626305136
248,15,401472,occupancy,16,405838,flow,8,4.530674143580793e-08,1.4395784196840453e-06,0.12233242792894901
248,15,401472,occupancy,17,400260,flow,1,4.151671604473562e-18,3.530555380182242e-16,0.19294123133133884
248,15,401472,occupancy,17,400260,flow,2,2.3379397362358365e-15,1.6833166100898021e-13,0.17647787004705315
248,15,401472,occupancy,17,400260,flow,3,3.751990268800072e-06,8.299333313474814e-05,0.10356064012595873
248,15,401472,occupancy,17,400260,flow,4,0.0013998378008990536,0.013584556341828145,0.07163964420694417
248,15,401472,occupancy,17,400260,flow,6,0.0005137415136133663,0.005983724289052959,0.07787346490326306
248,15,401472,occupancy,17,400260,flow,7,2.6053328513473484e-06,5.961354829354103e-05,0.10523176375568023
248,15,401472,occupancy,17,400260,flow,8,0.0012595555303968244,0.012517322041210678,0.07231855597071402
248,15,401472,occupancy,17,400260,flow,10,0.00045054519284136555,0.0053633376496960575,-0.07865727229657003
248,15,401472,occupancy,18,404528,flow,1,1.6307142559018218e-08,5.51227354107658e-07,0.12629161796320632
248,15,401472,occupancy,18,404528,flow,2,3.1000153765476926e-06,6.971403657827191e-05,0.10443837689705895
248,15,401472,occupancy,18,404528,flow,7,0.0006337443888148784,0.00712371281865222,0.07660512302210215
248,15,401472,occupancy,18,404528,flow,12,0.002363468279037726,0.020794669990718894,0.06818577294898115
248,15,401472,occupancy,19,401795,flow,1,4.0892004050806638e-19,3.711207090325308e-17,0.19860969459779043
248,15,401472,occupancy,19,401795,flow,2,1.4068930290076506e-11,6.890904631874207e-10,0.15085359406282142
248,15,401472,occupancy,19,401795,flow,6,6.587940921141784e-05,0.0010349056283393639,0.08942551374540339
248,15,401472,occupancy,19,401795,flow,7,9.83949394786438e-07,2.4713147589984954e-05,0.10957476114462125
248,15,401472,occupancy,19,401795,flow,10,0.005934248077102675,0.04269812074131172,-0.06171946980904207
248,15,401472,occupancy,19,401795,flow,12,6.060535407192336e-07,1.5857972719001145e-05,0.11167613405061055
248,15,401472,speed,0,400593,flow,9,0.005035580207305041,0.03750639050958237,-0.06291401263103462
248,15,401472,speed,1,400125,flow,11,0.001297345561165563,0.012804507252079579,-0.07212906127890449
248,15,401472,speed,4,400316,flow,11,4.792767513573556e-06,0.00010367929723904738,-0.10242446712602638
248,15,401472,speed,5,400503,flow,1,0.0005709676468188451,0.006539184078094939,-0.07723768269171376
248,15,401472,speed,6,405843,flow,1,0.000791667293377489,0.008556424086541788,-0.07524018191020576
248,15,401472,speed,6,405843,flow,6,0.004259584526487839,0.032947905379458305,-0.06411210018679052
248,15,401472,speed,6,405843,flow,12,0.0002787848762934968,0.0035961500913344467,-0.08146605776526906
248,15,401472,speed,8,401448,flow,8,0.00113236313123587,0.011475646830086774,0.07299736816725176
248,15,401472,speed,9,402391,flow,12,0.0034207011467636745,0.027808485047081437,-0.06565410068191237
248,15,401472,speed,10,400497,flow,2,1.9148491886661973e-06,4.505527502743994e-05,0.10662329728245329
248,15,401472,speed,10,400497,flow,3,0.0055331871826688386,0.04045932401680667,0.06223086014636537
248,15,401472,speed,10,400497,flow,8,0.0020299540617147232,0.018428139178123037,0.06920423353524663
248,15,401472,speed,10,400497,flow,10,0.0032637303914984845,0.026840501220775657,-0.06598036927886501
248,15,401472,speed,10,400497,flow,11,2.8704533917387623e-09,1.0867974278975857e-07,-0.1327570835241985
248,15,401472,speed,10,400497,flow,12,0.0001545589367362268,0.0021685437047759,-0.08480258773486737
248,15,401472,speed,11,405841,flow,2,0.005611855023476962,0.040889211842503756,0.06212797429454562
248,15,401472,speed,11,405841,flow,7,0.0022510819643479884,0.0200219767057511,-0.0685133810394482
248,15,401472,speed,12,404520,flow,3,0.0006882787610384667,0.007624010891503015,0.076101244039585
248,15,401472,speed,12,404520,flow,11,1.381577406517175e-05,0.00026514501982026636,-0.0973681584150011
248,15,401472,speed,14,401469,flow,6,8.096299603238542e-05,0.001231116307145037,-0.08832812578507644
248,15,401472,speed,15,401472,flow,1,8.12888828816925e-12,4.0939724524080875e-10,-0.15259807009166976
248,15,401472,speed,15,401472,flow,3,0.0004470614060140165,0.005330679751533401,0.07870340621905196
248,15,401472,speed,15,401472,flow,4,0.00040146587803623524,0.00488269311125151,0.07934027216343185
248,15,401472,speed,15,401472,flow,8,0.0010079215349437607,0.010459334688823076,0.07373344086402066
248,15,401472,speed,15,401472,flow,9,7.326842695739518e-07,1.887415649707497e-05,0.11085788050283177
248,15,401472,speed,15,401472,flow,11,7.285000189677268e-12,3.693802913075798e-10,-0.15294423641706537
248,15,401472,speed,15,401472,flow,12,4.670060103283027e-10,1.9511276253561583e-08,-0.13919945341831538
248,15,401472,speed,16,405838,flow,6,4.691577303817896e-06,0.0001016429987587428,-0.10252397071695675
248,15,401472,speed,16,405838,flow,7,0.004906410931735601,0.03680447165323458,-0.0631013013172263
248,15,401472,speed,17,400260,flow,1,0.0017516343559997854,0.01629427307906777,-0.07017932120298917
248,16,405838,flow,0,400593,flow,3,0.0011533951906226366,0.011660817279405078,0.07288041255992832
248,16,405838,flow,0,400593,flow,11,0.0014421642451212596,0.013909688633453541,0.07144710871998425
248,16,405838,flow,0,400593,flow,12,0.0016846329161654377,0.015772895964097727,0.07043525591143002
248,16,405838,flow,2,400331,flow,1,0.0009530367457242638,0.010002718030925218,0.07408517632071077
248,16,405838,flow,2,400331,flow,7,0.00019990281182700735,0.0027071477965287514,0.08336228293318579
248,16,405838,flow,2,400331,flow,10,4.357778259553889e-06,9.50308030351984e-05,0.10286742722732142
248,16,405838,flow,3,400039,flow,12,0.003751976920185452,0.0299492614471566,0.06500799751687297
248,16,405838,flow,4,400316,flow,4,0.0040887822937848714,0.031958638518456026,0.06440220135008082
248,16,405838,flow,4,400316,flow,6,0.0035156993047244537,0.028367241308198808,0.06546320035342679
248,16,405838,flow,4,400316,flow,10,0.0004351515306072258,0.0052174704752240226,0.0788636955672545
248,16,405838,flow,5,400503,flow,1,0.003617874803786371,0.029050593219994654,0.06526304256990767
248,16,405838,flow,5,400503,flow,5,0.0003152592430532777,0.003982222017515087,0.08075494778391275
248,16,405838,flow,5,400503,flow,6,5.967154278854987e-05,0.0009515727753655793,0.08994795183728482
248,16,405838,flow,5,400503,flow,8,0.00010352610163593148,0.0015279561293721352,0.08700306824422509
248,16,405838,flow,5,400503,flow,10,0.0016584666036633632,0.015568395757987243,0.07053775474283622
248,16,405838,flow,5,400503,flow,11,0.0010955343984980126,0.011188436410192468,0.07320708674208187
248,16,405838,flow,6,405843,flow,3,0.0002500912135829383,0.0032828746359109496,0.08208961862128068
248,16,405838,flow,6,405843,flow,5,0.0004198578823486706,0.0050619453762517225,0.07907563703007056
248,16,405838,flow,6,405843,flow,10,0.00642694171127368,0.045223391584546045,0.061132230256667426
248,16,405838,flow,8,401448,flow,6,0.0036836300658919297,0.02951823758978508,-0.06513693052117724
248,16,405838,flow,10,400497,flow,1,6.77052196060984e-05,0.0010578175359795482,-0.08928071317712696
248,16,405838,flow,10,400497,flow,4,6.821977738523064e-07,1.7642640521703048e-05,0.11116643784671369
248,16,405838,flow,10,400497,flow,5,3.056126901136332e-05,0.0005335931532598306,0.09340933580818339
248,16,405838,flow,10,400497,flow,7,0.006291905057231916,0.04460293706472247,-0.061289036287671704
248,16,405838,flow,10,400497,flow,10,3.1580726545026397e-07,8.706364944129804e-06,0.11444435397186123
248,16,405838,flow,10,400497,flow,11,2.2574666946282172e-05,0.00040941461464290085,0.0949378447280805
248,16,405838,flow,12,404520,flow,4,2.9005135852202806e-05,0.000508738070976517,0.09367470133870523
248,16,405838,flow,12,404520,flow,5,0.0005698509647559074,0.006529857208874059,0.07724951020258723
248,16,405838,flow,13,400183,flow,1,0.0003458933728003658,0.004317420891353886,0.08021487118575456
248,16,405838,flow,13,400183,flow,3,0.00246166918135434,0.02146197954278658,0.06791098211750357
248,16,405838,flow,13,400183,flow,4,0.004315998566065036,0.03329484608107313,0.0640185970781407
248,16,405838,flow,14,401469,flow,1,0.0001616498588409848,0.00224831741852239,0.08455304596834085
248,16,405838,flow,14,401469,flow,4,0.0028322292574891415,0.023990647828143315,0.06695705377602297
248,16,405838,flow,14,401469,flow,5,0.00013264563740060056,0.0019012247961864449,0.08564818046804869
248,16,405838,flow,14,401469,flow,6,0.0001872123115183877,0.0025545078514195665,0.08373162247404058
248,16,405838,flow,14,401469,flow,10,0.0038418992299450554,0.030464399180181054,0.06484157479365245
248,16,405838,flow,15,401472,flow,1,1.4586257260260555e-05,0.00027807869092818003,-0.09710233950788555
248,16,405838,flow,15,401472,flow,2,2.25297724878239e-06,5.2378502046350326e-05,-0.10589058745294656
248,16,405838,flow,15,401472,flow,3,0.0006314468591040736,0.007105627588772071,-0.07662722494888415
248,16,405838,flow,15,401472,flow,5,0.0008364955859511997,0.008951352319319253,0.07489889116660275
248,16,405838,flow,15,401472,flow,6,0.0007889880569265373,0.008531735684412118,0.07526114285073564
248,16,405838,flow,15,401472,flow,10,2.25397303944827e-06,5.2378502046350326e-05,0.1058885898151771
248,16,405838,flow,15,401472,flow,11,5.432226056741941e-07,1.4326750039758964e-05,0.1121455183905475
248,16,405838,flow,16,405838,flow,1,4.912919380251597e-84,1.697904937814952e-81,0.41598894709694173
248,16,405838,flow,16,405838,flow,2,7.409139025756293e-21,7.768805968754171e-19,0.20793104872187676
248,16,405838,flow,16,405838,flow,4,6.158809506690104e-14,3.90690999543337e-12,0.16727511282956148
248,16,405838,flow,16,405838,flow,5,0.0014244679152415963,0.013757436605955055,0.07152696450137261
248,16,405838,flow,16,405838,flow,6,1.0310144759020419e-05,0.0002044987390218926,0.09879024719137165
248,16,405838,flow,17,400260,flow,10,0.0006363314811380373,0.007143846149990439,0.07658032451889067
248,16,405838,flow,17,400260,flow,12,0.0004840679776394959,0.005691817265657655,0.07822959566891163
248,16,405838,flow,18,404528,flow,5,0.003440379879020926,0.027947425869444154,0.06561416340495253
248,16,405838,flow,18,404528,flow,6,0.0003091958764323063,0.003923989971173805,0.08086763879885323
248,16,405838,flow,19,401795,flow,1,0.005160574546673965,0.03823555987428336,0.06273686471086952
248,16,405838,flow,19,401795,flow,6,0.0020151793946268028,0.01831981267842548,0.06925281623636156
248,16,405838,flow,19,401795,flow,11,4.935799747653184e-06,0.00010645359415807167,0.10228719557824349
248,16,405838,flow,19,401795,flow,12,0.0005780082037836747,0.0066075560739493906,0.07716360345993911
248,16,405838,occupancy,2,400331,flow,10,0.0014745944293778834,0.014152961419490016,0.07130307980783718
248,16,405838,occupancy,5,400503,flow,1,0.0068755076891513734,0.04758441720143213,0.06063178914630731
248,16,405838,occupancy,5,400503,flow,5,0.00030634726936110325,0.0038937527036831984,0.0809212973544858
248,16,405838,occupancy,10,400497,flow,3,0.0033912746158562936,0.027610829891630585,0.06571421242905268
248,16,405838,occupancy,14,401469,flow,6,0.0008680681000218719,0.009222956694772471,0.07466855220507948
248,16,405838,occupancy,18,404528,flow,6,0.0007832448585391285,0.008482370992451829,0.07530629796117819
248,16,405838,occupancy,19,401795,flow,11,0.00264658834018239,0.022707570267304716,0.06741968557004666
248,17,400260,flow,0,400593,flow,1,0.0023602169584733103,0.020774525795853097,0.06819504841714684
248,17,400260,flow,0,400593,flow,3,0.0016497242798906037,0.015509921412682062,0.07057233175481614
248,17,400260,flow,0,400593,flow,12,8.490506901125643e-05,0.0012838288348919417,0.0880732937314628
248,17,400260,flow,1,400125,flow,12,0.0030808491646587208,0.025570160213882177,0.0663790194674471
248,17,400260,flow,2,400331,flow,9,0.0005622454490043751,0.006458123742884606,0.07733064364328134
248,17,400260,flow,4,400316,flow,2,0.004640295472281012,0.03519325217741217,-0.0635016395571314
248,17,400260,flow,4,400316,flow,3,0.0008220263602462397,0.008833716110108844,-0.07500715682865676
248,17,400260,flow,4,400316,flow,9,0.002211476321551171,0.019738796919630288,0.06863240873975696
248,17,400260,flow,4,400316,flow,10,0.00040711112325404427,0.004938837552534319,0.07925786169343477
248,17,400260,flow,4,400316,flow,12,0.0005882880440801627,0.006705552375794994,0.07705693511345921
248,17,400260,flow,5,400503,flow,3,0.005429766283337358,0.03983795914405126,-0.062368145181817915
248,17,400260,flow,5,400503,flow,10,0.004978158068803036,0.037190051440797886,0.06299672926179402
248,17,400260,flow,5,400503,flow,11,0.0005606555403022441,0.006441574292834294,0.0773477333230376
248,17,400260,flow,5,400503,flow,12,0.004472018260030794,0.03418707995634937,0.06376565254407872
248,17,400260,flow,6,405843,flow,1,0.0009199265340118198,0.009702350163405912,0.07430654635338677
248,17,400260,flow,6,405843,flow,5,1.0597614752731695e-06,2.6432849729677206e-05,0.10924949759536631
248,17,400260,flow,6,405843,flow,12,2.975511111283703e-06,6.71939780488531e-05,0.10462596224235118
248,17,400260,flow,7,408093,flow,9,0.0016581649862248836,0.015568395757987243,0.07053894488442629
248,17,400260,flow,9,402391,flow,1,0.006339329346040381,0.04483102410160977,0.06123362487319552
248,17,400260,flow,9,402391,flow,10,0.003761394650557169,0.02999672307625433,0.06499039895129942
248,17,400260,flow,10,400497,flow,1,0.002578022125479346,0.0222030613677647,-0.0675980834550432
248,17,400260,flow,10,400497,flow,2,3.33515501483285e-07,9.142049279237253e-06,-0.11421512997541564
248,17,400260,flow,10,400497,flow,3,3.2113545963315667e-06,7.191836109980492e-05,-0.10427664553718903
248,17,400260,flow,10,400497,flow,4,6.145344104586739e-06,0.00012956508800300007,0.10125853744417075
248,17,400260,flow,10,400497,flow,5,0.0008293064133231092,0.00888763013037914,0.07495246511867375
248,17,400260,flow,10,400497,flow,10,7.72209461844048e-15,5.363255426312358e-13,0.17318956546607558
248,17,400260,flow,10,400497,flow,11,1.3146803106160965e-11,6.465276284473788e-10,0.15107027859330338
248,17,400260,flow,10,400497,flow,12,1.663481090097822e-05,0.00031422117661664145,0.09645580092783432
248,17,400260,flow,11,405841,flow,5,4.391713046289192e-05,0.0007294194678957827,0.09154873010482292
248,17,400260,flow,11,405841,flow,7,0.0066335335905509905,0.046374594628043594,0.060897972998530836
248,17,400260,flow,12,404520,flow,1,0.001365704766355616,0.013317933613219552,-0.07179885692174004
248,17,400260,flow,12,404520,flow,2,2.6025548297486053e-05,0.0004653574861139891,-0.09422289033799668
248,17,400260,flow,12,404520,flow,3,0.0004566171439098002,0.005414729787785717,-0.07857765411934918
248,17,400260,flow,12,404520,flow,5,0.0004474218142608079,0.005331536950262882,0.07869861800690124
248,17,400260,flow,12,404520,flow,6,0.00041590148631203425,0.00502981488605034,0.07913163773510229
248,17,400260,flow,12,404520,flow,9,0.00039127437054768774,0.004776222889985903,0.07949182806807663
248,17,400260,flow,12,404520,flow,10,0.000354963266206291,0.00440390956350137,0.08006354501849733
248,17,400260,flow,13,400183,flow,6,0.0002632879676043231,0.0034259157230442042,0.08179493286849908
248,17,400260,flow,13,400183,flow,9,0.002318153492997377,0.02051295184299195,0.06831611429728267
248,17,400260,flow,14,401469,flow,1,2.2149094132022067e-05,0.0004030500701362061,0.09503311998812435
248,17,400260,flow,14,401469,flow,2,5.25968571049748e-06,0.00011237310716789868,0.10198991675493045
248,17,400260,flow,14,401469,flow,5,6.225561742980143e-07,1.6240595851252545e-05,0.11156062939617578
248,17,400260,flow,14,401469,flow,6,3.6759231673475974e-05,0.0006225005128554144,0.09246606003870941
248,17,400260,flow,14,401469,flow,7,0.00033263399171259056,0.004172412439600439,0.08044290934561701
248,17,400260,flow,14,401469,flow,11,0.00015414937290053368,0.0021634999705338063,0.08481732784429027
248,17,400260,flow,14,401469,flow,12,0.00013190539957643488,0.0018918891025250953,0.08567898668664947
248,17,400260,flow,15,401472,flow,2,1.301504498812243e-09,5.148809006290192e-08,-0.13560042485767929
248,17,400260,flow,15,401472,flow,3,6.206263782048653e-13,3.5464364468849446e-11,-0.16052364339268352
248,17,400260,flow,15,401472,flow,4,8.134800893295783e-05,0.0012356659584753088,-0.08830272647884839
248,17,400260,flow,15,401472,flow,6,0.0012533059903787004,0.012475303867364023,0.07235039802984748
248,17,400260,flow,15,401472,flow,9,0.003853015626411168,0.030530131155715786,0.06482124748596196
248,17,400260,flow,15,401472,flow,10,1.4462593573623141e-10,6.317331065525983e-09,0.14320546091869116
248,17,400260,flow,15,401472,flow,11,4.066841872664477e-27,5.667340932229206e-25,0.23864655532489765
248,17,400260,flow,15,401472,flow,12,5.527450047375262e-11,2.5375753671265814e-09,0.14641093442226982
248,17,400260,flow,16,405838,flow,1,3.7837537089392455e-06,8.356756657779928e-05,0.10352171308258828
248,17,400260,flow,16,405838,flow,2,4.6372316348510034e-14,2.9899762182919905e-12,0.1681317179123662
248,17,400260,flow,16,405838,flow,3,0.0041000094998029455,0.03201231176057194,0.06438279809279257
248,17,400260,flow,16,405838,flow,4,0.0006604079197188694,0.007362483130801331,0.07635393100178048
248,17,400260,flow,16,405838,flow,6,9.554815405001629e-05,0.0014199106484212949,0.08743733547406381
248,17,400260,flow,16,405838,flow,7,0.0006297092655316811,0.007089768118574048,0.07664399006771365
248,17,400260,flow,16,405838,flow,12,0.0003762969652683376,0.004619502386925884,0.07972138120124278
248,17,400260,flow,17,400260,flow,1,7.369050894531497e-135,4.360862995120009e-132,0.5147212163602259
248,17,400260,flow,17,400260,flow,2,2.9802398942537426e-22,3.3440613878379656e-20,0.2152668402125275
248,17,400260,flow,17,400260,flow,3,0.0017651140933101959,0.016387906475607235,0.07011129208306582
248,17,400260,flow,17,400260,flow,11,3.358602577741832e-08,1.086015204778796e-06,0.12350505639678086
248,17,400260,flow,17,400260,flow,12,1.1658357221669503e-07,3.5417794091147855e-06,0.11855613996831584
248,17,400260,flow,18,404528,flow,1,0.0002873442153658825,0.0036900327300256014,0.08129168070293277
248,17,400260,flow,19,401795,flow,1,5.801394335968949e-31,9.316737372262401e-29,0.2554792666615752
248,17,400260,flow,19,401795,flow,11,1.2860273805724732e-05,0.00024946736794221306,0.09771816717123902
248,17,400260,flow,19,401795,flow,12,5.915816762411678e-09,2.143987283021682e-07,0.13010387182183328
248,17,400260,occupancy,0,400593,flow,1,2.587239040850988e-06,5.926231525172995e-05,0.1052634509173332
248,17,400260,occupancy,0,400593,flow,2,3.485161260731639e-05,0.0005958012127566555,0.09273919148402023
248,17,400260,occupancy,0,400593,flow,3,4.3558505601343524e-06,9.50308030351984e-05,0.10286948292471483
248,17,400260,occupancy,0,400593,flow,4,0.004026956863697748,0.03155981237234598,0.06450992392035215
248,17,400260,occupancy,0,400593,flow,9,0.0010726933378377727,0.011017677649688964,0.07334045130979364
248,17,400260,occupancy,0,400593,flow,10,0.00021017495989878826,0.0028252782824993946,0.08307910851590823
248,17,400260,occupancy,0,400593,flow,11,3.128071258321152e-06,7.029736512657644e-05,0.10439710447991725
248,17,400260,occupancy,0,400593,flow,12,7.989654626029662e-08,2.4777679816545684e-06,0.12007972771369681
248,17,400260,occupancy,1,400125,flow,9,0.005925485919787373,0.04264928219507073,0.06173030508686162
248,17,400260,occupancy,2,400331,flow,3,0.004752888840121446,0.03588966926992597,0.0633297861585007
248,17,400260,occupancy,2,400331,flow,5,0.001414573566234183,0.013687263879699806,0.07157201257057824
248,17,400260,occupancy,2,400331,flow,6,0.003827870650690341,0.030396587029301772,0.06486730363301237
248,17,400260,occupancy,2,400331,flow,7,5.781394007366918e-05,0.0009257087513649032,0.09011430608354154
248,17,400260,occupancy,2,400331,flow,9,0.00030636262592174056,0.0038937527036831984,0.08092100683702133
248,17,400260,occupancy,4,400316,flow,2,0.0033724054828820054,0.027507094596705976,-0.06575300799125482
248,17,400260,occupancy,4,400316,flow,6,0.0008227237968768917,0.008838427260000326,0.07500189789981769
248,17,400260,occupancy,4,400316,flow,7,7.802509843315434e-05,0.0011927417594101708,0.08852578332947643
248,17,400260,occupancy,4,400316,flow,8,2.570240896062426e-07,7.238227295299662e-06,0.11530576124712363
248,17,400260,occupancy,4,400316,flow,9,3.578991136754349e-07,9.754726631406175e-06,0.1139180051300626
248,17,400260,occupancy,4,400316,flow,10,0.00012172447492029066,0.0017581067591295743,0.08612005804546013
248,17,400260,occupancy,5,400503,flow,4,0.0014060091081389825,0.013623197243376836,0.07161124076603122
248,17,400260,occupancy,5,400503,flow,5,0.003942899408269845,0.03108838372645689,0.06465881497165002
248,17,400260,occupancy,5,400503,flow,6,0.00035546431355177514,0.004408859702967754,0.08005529103661449
248,17,400260,occupancy,5,400503,flow,7,7.267130175582424e-06,0.00015068833391985564,0.10046495855704288
248,17,400260,occupancy,5,400503,flow,8,1.4413247996593214e-05,0.0002751785081846415,0.09716084298857293
248,17,400260,occupancy,5,400503,flow,9,3.639319429683895e-07,9.881747288645145e-06,0.11384750861089485
248,17,400260,occupancy,5,400503,flow,10,1.6472968595933238e-07,4.808325968542675e-06,0.1171455177778677
248,17,400260,occupancy,5,400503,flow,11,0.0005265395002524695,0.0061048058000286315,0.07772575048959418
248,17,400260,occupancy,6,405843,flow,1,1.79835050011337e-06,4.261587581179242e-05,0.10690484867970793
248,17,400260,occupancy,6,405843,flow,2,0.00023213373940185927,0.0030846439686743527,0.08251493810314366
248,17,400260,occupancy,6,405843,flow,3,0.0021404831650450266,0.01922829543147123,0.0688507385930895
248,17,400260,occupancy,6,405843,flow,4,0.0007064917349915225,0.007797762634551296,0.07594120448127374
248,17,400260,occupancy,6,405843,flow,5,7.701915703001331e-06,0.00015836399732016066,0.10018855361423368
248,17,400260,occupancy,6,405843,flow,9,0.0070239165102902405,0.048355887369647556,0.060472664076057545
248,17,400260,occupancy,6,405843,flow,10,4.1110897646623154e-05,0.000689169879058642,0.09189017341556885
248,17,400260,occupancy,6,405843,flow,11,0.0007070839808625279,0.0078023059957244454,0.07593606492783866
248,17,400260,occupancy,6,405843,flow,12,0.0028370679786726897,0.024012801073405213,0.06694536953708141
248,17,400260,occupancy,7,408093,flow,1,0.001055010705316685,0.010860139949332163,0.07344551175390486
248,17,400260,occupancy,7,408093,flow,9,0.0016328144387164109,0.015387780050730574,0.07063969315393745
248,17,400260,occupancy,9,402391,flow,6,0.0014146674357143434,0.013687263879699806,0.07157158382926752
248,17,400260,occupancy,9,402391,flow,7,0.001605649147812453,0.015181449591923392,0.07074926284234165
248,17,400260,occupancy,9,402391,flow,9,1.1380827317459145e-05,0.0002236814104250387,0.09831233872357563
248,17,400260,occupancy,9,402391,flow,10,0.0005629458835603964,0.0064610154542532215,0.07732312904856412
248,17,400260,occupancy,10,400497,flow,1,1.296018558264298e-05,0.0002510672722736219,-0.09768042820771534
248,17,400260,occupancy,10,400497,flow,2,0.001124472093225473,0.011411133292774355,-0.07304176710596752
248,17,400260,occupancy,10,400497,flow,4,0.00014595072271319327,0.0020665589056735327,0.08512041910967269
248,17,400260,occupancy,10,400497,flow,7,0.0010940562130693707,0.011180132930983664,0.07321563945096508
248,17,400260,occupancy,10,400497,flow,8,2.187671777576621e-09,8.356093792335105e-08,0.1337402861037258
248,17,400260,occupancy,10,400497,flow,9,5.899994340974403e-15,4.1176050974167077e-13,0.17393586126001187
248,17,400260,occupancy,10,400497,flow,10,1.971797109463697e-13,1.1930200998435814e-11,0.16393103781558932
248,17,400260,occupancy,10,400497,flow,11,0.006547554024876534,0.04588811386675313,0.060994658525976055
248,17,400260,occupancy,11,405841,flow,1,0.003498406741513403,0.028301717459434272,0.06549759796221677
248,17,400260,occupancy,11,405841,flow,3,1.7510233969162627e-05,0.0003290309297380711,0.09620238014284699
248,17,400260,occupancy,11,405841,flow,4,5.399539286234943e-07,1.4257952149471242e-05,0.11217134700965725
248,17,400260,occupancy,11,405841,flow,5,7.341529796777677e-07,1.890072033496994e-05,0.11084921398943347
248,17,400260,occupancy,11,405841,flow,6,0.00013312133975248742,0.0019074102412296704,0.08562846864970002
248,17,400260,occupancy,11,405841,flow,7,0.00016193980942703042,0.0022516252871733872,0.08454306264078167
248,17,400260,occupancy,11,405841,flow,8,0.004705173525386936,0.03561437342547221,0.06340216043564452
248,17,400260,occupancy,12,404520,flow,1,0.000122971204376328,0.0017749268389767355,-0.08606421708691486
248,17,400260,occupancy,12,404520,flow,4,8.505417224235815e-06,0.00017234241279877446,0.09971485689469728
248,17,400260,occupancy,12,404520,flow,5,7.819223514912049e-08,2.430147164346766e-06,0.1201661021102831
248,17,400260,occupancy,12,404520,flow,6,2.7342786108067296e-07,7.660235796812627e-06,0.11504765922055721
248,17,400260,occupancy,12,404520,flow,7,6.3415171481890265e-06,0.00013331072545098098,0.10111025445234079
248,17,400260,occupancy,12,404520,flow,8,9.715489024729198e-08,2.99151194489167e-06,0.11929352930586141
248,17,400260,occupancy,12,404520,flow,9,6.693834944203383e-06,0.00013996789428343955,0.1008546297451103
248,17,400260,occupancy,13,400183,flow,4,4.787958867710592e-05,0.0007876611694025041,0.09110025846775192
248,17,400260,occupancy,13,400183,flow,5,8.664252094758417e-05,0.0013059863590145276,0.08796450763977354
248,17,400260,occupancy,13,400183,flow,6,1.9154650749409278e-05,0.00035544712730862577,0.09575736119061716
248,17,400260,occupancy,13,400183,flow,7,0.0035512907260250672,0.02861010006008153,0.06539288491694872
248,17,400260,occupancy,14,401469,flow,1,2.7521849411019326e-10,1.1795078319008282e-08,0.1410205926360147
248,17,400260,occupancy,14,401469,flow,2,5.06462812975303e-10,2.1098547271488036e-08,0.13891801132442338
248,17,400260,occupancy,14,401469,flow,3,7.575569544360348e-05,0.0011638143823483893,0.08868333930457793
248,17,400260,occupancy,14,401469,flow,4,1.0388754687457907e-07,3.187458824560949e-06,0.1190230258292444
248,17,400260,occupancy,14,401469,flow,5,4.233538331434347e-12,2.2249252544764453e-10,0.15464694958393269
248,17,400260,occupancy,14,401469,flow,6,2.231587258759141e-08,7.392988464600835e-07,0.1250891996169274
248,17,400260,occupancy,14,401469,flow,7,2.495548246047359e-06,5.7344512887896757e-05,0.10542736750799857
248,17,400260,occupancy,14,401469,flow,8,0.0001335602411364862,0.0019124303669526695,0.08561034049763631
248,17,400260,occupancy,14,401469,flow,9,1.4497996072850319e-07,4.306406208706297e-06,0.117668543649545
248,17,400260,occupancy,14,401469,flow,10,1.6311104056593916e-07,4.770749460019344e-06,0.11718603892995999
248,17,400260,occupancy,14,401469,flow,11,8.801559548608172e-09,3.098837591686007e-07,0.12862333248585578
248,17,400260,occupancy,14,401469,flow,12,0.00010796713007929749,0.0015826874853836618,0.08677481995731644
248,17,400260,occupancy,15,401472,flow,1,1.564470820858087e-08,5.292493301571601e-07,-0.12644974169739756
248,17,400260,occupancy,15,401472,flow,2,7.906352702930039e-15,5.482414715354376e-13,-0.17312401870463182
248,17,400260,occupancy,15,401472,flow,3,1.7605605278251172e-08,5.918771579925686e-07,-0.12599898416565197
248,17,400260,occupancy,15,401472,flow,5,0.00088618308422028,0.00937622072944308,0.07453987446376095
248,17,400260,occupancy,15,401472,flow,6,2.0025030071108234e-05,0.0003700355508305534,0.09553633216642078
248,17,400260,occupancy,15,401472,flow,7,3.908998144921828e-11,1.825607782277005e-09,0.14754844685306462
248,17,400260,occupancy,15,401472,flow,8,8.972689190143849e-18,7.48301492305433e-16,0.19101713036008208
248,17,400260,occupancy,15,401472,flow,9,4.324995465072574e-27,6.007710742480231e-25,0.23852493709948658
248,17,400260,occupancy,15,401472,flow,10,7.416532098427111e-26,9.535541269406286e-24,0.23283274302312268
248,17,400260,occupancy,15,401472,flow,11,9.1362209064704e-16,6.769892678550966e-14,0.17901996902545184
248,17,400260,occupancy,16,405838,flow,1,4.397423100131065e-18,3.724876037758079e-16,0.19279835185208358
248,17,400260,occupancy,16,405838,flow,2,5.118657669256374e-20,5.0141952678429785e-18,0.20355021623089645
248,17,400260,occupancy,16,405838,flow,3,9.219132221528094e-09,3.232682727029332e-07,0.12844951121779855
248,17,400260,occupancy,16,405838,flow,4,6.774095206351113e-07,1.7533907304635593e-05,0.11119683468358797
248,17,400260,occupancy,16,405838,flow,5,0.0006523385846863948,0.007293226412642923,0.07642894082283302
248,17,400260,occupancy,16,405838,flow,6,2.4421068812114785e-06,5.6266142543112465e-05,0.10552559072954987
248,17,400260,occupancy,16,405838,flow,7,0.00439756740425864,0.033767314586557635,0.06388534062343416
248,17,400260,occupancy,16,405838,flow,9,0.002947058545141765,0.02470125298697801,0.0666845579878627
248,17,400260,occupancy,16,405838,flow,10,9.222804712492448e-06,0.00018531402957194129,0.09932674731645279
248,17,400260,occupancy,16,405838,flow,11,1.842539877688813e-06,4.351980465618192e-05,0.10679604576900333
248,17,400260,occupancy,16,405838,flow,12,1.0855804414484884e-08,3.751766005645976e-07,0.12783483787831018
248,17,400260,occupancy,17,400260,flow,2,1.2841277814614864e-21,1.3903338385748424e-19,0.21201163217111466
248,17,400260,occupancy,17,400260,flow,3,0.003014339217207885,0.02514860065341457,0.06652936335948234
248,17,400260,occupancy,17,400260,flow,9,1.2458577923905041e-05,0.00024254644718913826,0.0978727729566169
248,17,400260,occupancy,17,400260,flow,10,5.985510992351592e-12,3.078262796066533e-10,0.15356278726030928
248,17,400260,occupancy,17,400260,flow,11,1.0345287615358622e-17,8.594546634297932e-16,0.1906595116146565
248,17,400260,occupancy,17,400260,flow,12,7.519080488651392e-11,3.390650074214406e-09,0.14539310744095782
248,17,400260,occupancy,18,404528,flow,1,0.004442185792322015,0.03399511536373978,0.06381339333179134
248,17,400260,occupancy,19,401795,flow,1,3.5216395633875792e-15,2.5063398540089525e-13,0.1753576091444037
248,17,400260,occupancy,19,401795,flow,9,0.004920517226637975,0.036884668434974933,0.06308063261334644
248,17,400260,occupancy,19,401795,flow,10,3.7367990533663706e-10,1.579547153673456e-08,0.13997015324201814
248,17,400260,occupancy,19,401795,flow,11,2.1915977980187184e-11,1.0507993881732367e-09,0.14942900934025993
248,17,400260,occupancy,19,401795,flow,12,3.7739580496650367e-07,1.0208828287133975e-05,0.11369415665704918
248,17,400260,speed,2,400331,flow,7,0.0018787530146399738,0.017301669203250238,-0.06971753727961448
248,17,400260,speed,5,400503,flow,10,0.0002551841234261531,0.003337558017562765,-0.08197420436294985
248,17,400260,speed,6,405843,flow,2,0.004017499880830746,0.031507726954734125,-0.06452653356326199
248,17,400260,speed,7,408093,flow,10,0.00011012263292200818,0.0016093700075205527,-0.08666721051027257
248,17,400260,speed,8,401448,flow,7,0.0038079892551368616,0.030273304347057862,0.06490391373980615
248,17,400260,speed,9,402391,flow,7,0.002066814199192148,0.018701165618038564,-0.06908442741062393
248,17,400260,speed,11,405841,flow,4,0.0025602009321908743,0.022084800373531503,-0.06764516076074412
248,17,400260,speed,11,405841,flow,5,0.0035334837272456084,0.028494772637112243,-0.06542798444651154
248,17,400260,speed,14,401469,flow,2,0.0020607751082083047,0.018655801482522792,-0.06910392134600839
248,17,400260,speed,14,401469,flow,11,0.00278568907149989,0.023673474101909932,-0.06707037578757982
248,17,400260,speed,15,401472,flow,11,3.021579845845824e-05,0.000528256775963333,-0.09346712183016155
248,17,400260,speed,16,405838,flow,1,0.0007052822159646837,0.007786402179829884,-0.07595171321630292
248,17,400260,speed,16,405838,flow,2,0.0014828636908112188,0.014207077277233233,-0.07126682126372808
248,17,400260,speed,16,405838,flow,10,0.005103214034675518,0.03786926867004947,-0.06281767200733597
248,17,400260,speed,16,405838,flow,12,3.722558260960551e-05,0.0006299041005620674,-0.09240133609928212
248,17,400260,speed,17,400260,flow,2,0.006343829488480349,0.044845922746252834,-0.06122838620787949
248,17,400260,speed,18,404528,flow,2,0.0015133795452809565,0.014445513804377662,-0.07113460895479888
248,17,400260,speed,19,401795,flow,1,3.491502839176444e-07,9.534318751733401e-06,-0.11402230277057876
248,18,404528,flow,0,400593,flow,7,8.401756418318971e-05,0.0012723810818229314,0.08812967626792735
248,18,404528,flow,1,400125,flow,12,8.158296088651817e-06,0.0001662445240706408,0.09991401638675916
248,18,404528,flow,2,400331,flow,1,0.001872780746131891,0.01725770653432118,0.06973858104246165
248,18,404528,flow,2,400331,flow,3,0.0004417771324054831,0.005286640476431266,0.07877402703141152
248,18,404528,flow,2,400331,flow,5,0.003760781188642635,0.02999672307625433,0.06499154408580807
248,18,404528,flow,2,400331,flow,8,4.903323083800809e-05,0.0008029702699779945,0.09097629488918753
248,18,404528,flow,3,400039,flow,1,1.1580210507987982e-13,7.1060382662653525e-12,0.1654472387064841
248,18,404528,flow,4,400316,flow,1,0.003874605315144841,0.030671207358551656,0.06478192049020427
248,18,404528,flow,4,400316,flow,9,0.003381497040888073,0.02755719150469058,0.06573429086030962
248,18,404528,flow,5,400503,flow,1,6.231925884107128e-06,0.00013119843966541322,0.10119254225497351
248,18,404528,flow,5,400503,flow,3,0.00010828136113921414,0.0015867553599776291,0.08675900712363079
248,18,404528,flow,5,400503,flow,5,0.00028084923669694666,0.0036195367020608877,0.0814235470444368
248,18,404528,flow,5,400503,flow,8,6.189191339538715e-05,0.0009822669576343588,0.08975542292044375
248,18,404528,flow,5,400503,flow,9,0.0006249794932246159,0.0070401862079018,0.07668984393296567
248,18,404528,flow,5,400503,flow,10,0.00046979036283872227,0.00554809832548737,0.07840826103271888
248,18,404528,flow,5,400503,flow,11,0.001567468482479466,0.014869266236959361,0.07090618058767495
248,18,404528,flow,5,400503,flow,12,0.00010759020005659547,0.001578233155329346,0.08679384528910446
248,18,404528,flow,6,405843,flow,1,0.0024516856404027962,0.021396529225333496,0.06793845620513725
248,18,404528,flow,6,405843,flow,7,0.001633840548496848,0.015393200843003045,0.07063558734138006
248,18,404528,flow,6,405843,flow,11,0.0001513167865380981,0.002127892310692005,0.08492029203886617
248,18,404528,flow,6,405843,flow,12,0.0007303456825554135,0.00801598919877893,0.07573729463927051
248,18,404528,flow,7,408093,flow,2,9.721565017469298e-06,0.00019416163141686255,0.09907355300651007
248,18,404528,flow,7,408093,flow,4,0.0005101722538076018,0.0059517800066131235,0.07791527256697851
248,18,404528,flow,7,408093,flow,6,2.1697460207922e-05,0.0003965018109061889,0.09513615312995581
248,18,404528,flow,7,408093,flow,8,0.00023305630852058916,0.003094048103285019,0.08249234734403509
248,18,404528,flow,7,408093,flow,11,0.005354315090107146,0.03934451639609265,0.06246979833027934
248,18,404528,flow,7,408093,flow,12,1.086994650916247e-07,3.3327302285011973e-06,0.11883989219170088
248,18,404528,flow,9,402391,flow,2,0.0005405449836275604,0.0062420591533575535,0.07756788253649222
248,18,404528,flow,9,402391,flow,11,0.0007104759733017705,0.00783373201802871,0.07590670574421926
248,18,404528,flow,9,402391,flow,12,0.003132117123701331,0.025960755898675653,0.06626513491012839
248,18,404528,flow,10,400497,flow,4,0.0003095820061136887,0.00392734591882307,0.08086040098966321
248,18,404528,flow,10,400497,flow,5,3.818485432848077e-05,0.0006443091582239949,0.092270584497045
248,18,404528,flow,10,400497,flow,10,6.090167264799714e-12,3.1283617816807093e-10,0.15350831753785577
248,18,404528,flow,10,400497,flow,11,2.6552465498554978e-08,8.716310862747531e-07,0.12441803396231783
248,18,404528,flow,10,400497,flow,12,4.339525527927302e-06,9.472839959901942e-05,0.1028869269329979
248,18,404528,flow,12,404520,flow,1,0.0002511794014728915,0.0032931563410102923,0.08206477452312265
248,18,404528,flow,12,404520,flow,5,0.00022588471050412925,0.003014587424707564,0.08267021116771124
248,18,404528,flow,12,404520,flow,6,0.0019536604550089835,0.017869602298621234,0.06945868256032765
248,18,404528,flow,12,404520,flow,7,0.0014263262772401528,0.0137692279724636,0.07151853571591758
248,18,404528,flow,12,404520,flow,8,0.0021732629870951574,0.01945399109873825,0.06874911717009087
248,18,404528,flow,12,404520,flow,9,7.269316849281924e-06,0.00015068833391985564,0.10046352930110258
248,18,404528,flow,12,404520,flow,10,2.2360983913897913e-06,5.20751754760318e-05,0.10592457733458545
248,18,404528,flow,12,404520,flow,11,0.0024351873526464525,0.02127833609108551,0.06798408349567601
248,18,404528,flow,13,400183,flow,3,0.007300092113405299,0.04990989620119085,0.06018441284757428
248,18,404528,flow,13,400183,flow,8,5.890787742066541e-05,0.0009418283880728149,0.09001573898975378
248,18,404528,flow,14,401469,flow,6,0.0019993417198559964,0.018204909582585426,0.06930525843561529
248,18,404528,flow,14,401469,flow,12,0.000604577155673395,0.0068459280568173375,0.07689141104412367
248,18,404528,flow,15,401472,flow,1,1.6645491030851357e-07,4.852126940167197e-06,0.11710274988894742
248,18,404528,flow,15,401472,flow,4,0.005560134823596239,0.04059452837237748,0.062195468956373914
248,18,404528,flow,15,401472,flow,5,0.004071546892842117,0.03185161997212619,0.0644320824104333
248,18,404528,flow,15,401472,flow,10,3.428606997846545e-08,1.104517690581437e-06,0.12342459390843252
248,18,404528,flow,15,401472,flow,11,2.916046659254029e-14,1.9144865604828885e-12,0.16945545471349363
248,18,404528,flow,15,401472,flow,12,1.5987207071140453e-14,1.0674611212878941e-12,0.1711548895545323
248,18,404528,flow,16,405838,flow,1,0.001458209596793493,0.01402686586093941,0.07137547943126048
248,18,404528,flow,16,405838,flow,4,0.0029718846537569415,0.024877988378620916,0.06662691971165191
248,18,404528,flow,16,405838,flow,6,1.6435738207370063e-07,4.803002793685411e-06,0.11715480385424376
248,18,404528,flow,16,405838,flow,7,0.00016155641791297965,0.0022477414666153693,0.0845562668329701
248,18,404528,flow,16,405838,flow,12,2.606729003387141e-05,0.00046591101756857464,0.09421480699640156
248,18,404528,flow,17,400260,flow,1,1.3440921546039865e-07,4.029478215051508e-06,0.11797753557682591
248,18,404528,flow,17,400260,flow,2,0.0025088549873269125,0.02178543426181359,0.06778249264963078
248,18,404528,flow,17,400260,flow,4,0.0022282124703255396,0.019867652986184377,0.06858187499172241
248,18,404528,flow,17,400260,flow,5,0.0002899369935043191,0.0037178029443118384,0.08123981794683616
248,18,404528,flow,17,400260,flow,7,0.0016407621066138346,0.015452566602510933,0.07060795362696494
248,18,404528,flow,17,400260,flow,10,0.003828421991352568,0.030396587029301772,0.06486629084262717
248,18,404528,flow,17,400260,flow,12,7.462824574098938e-09,2.660016679876849e-07,0.1292402079991228
248,18,404528,flow,18,404528,flow,1,1.6024609492616463e-107,7.607287143747596e-105,0.4656078689824827
248,18,404528,flow,18,404528,flow,2,1.907591415734451e-21,2.055061076302451e-19,0.21106836344194516
248,18,404528,flow,18,404528,flow,3,5.5291339177424145e-06,0.00011760639352362003,0.10175566071534599
248,18,404528,flow,18,404528,flow,4,0.0007364473031315108,0.008066562752353262,0.07568612985934119
248,18,404528,flow,18,404528,flow,5,0.005801301615161493,0.04195115998911558,0.061885443400047785
248,18,404528,flow,18,404528,flow,10,5.446630603051586e-05,0.0008799343382641305,0.09042729644022747
248,18,404528,flow,18,404528,flow,12,0.00013632093001851163,0.0019455117861908499,0.08549758409317663
248,18,404528,flow,19,401795,flow,1,0.003048445669441868,0.02537923548273053,0.06645189319740227
248,18,404528,flow,19,401795,flow,2,0.003982388105884591,0.03130865968381973,0.06458851356623209
248,18,404528,flow,19,401795,flow,6,0.0002579131235594516,0.003366116899627888,0.08191324566820876
248,18,404528,flow,19,401795,flow,12,7.371816978220573e-07,1.8967390914778365e-05,0.1108313948095693
248,18,404528,occupancy,5,400503,flow,1,7.000826597579839e-05,0.0010890734930336658,0.08910324113841103
248,18,404528,occupancy,6,405843,flow,2,0.0052983487029480076,0.03903285538324589,0.06254603855990912
248,18,404528,occupancy,8,401448,flow,5,0.004663387914515862,0.03532497946818959,-0.06346608793178646
248,18,404528,occupancy,8,401448,flow,10,4.902329707205442e-05,0.0008029702699779945,-0.09097735046939599
248,18,404528,occupancy,9,402391,flow,11,3.0812378498553574e-05,0.0005365992053057483,0.09336772133644167
248,18,404528,occupancy,10,400497,flow,1,0.0014733370189085808,0.014150162793393367,0.07130860961440774
248,18,404528,occupancy,10,400497,flow,5,0.0048765513896918715,0.03664411550438143,-0.06314522963264023
248,18,404528,occupancy,10,400497,flow,10,0.0009729261912907954,0.010176855075971516,0.07395559697702989
248,18,404528,occupancy,12,404520,flow,9,0.007166527337179782,0.04917312277099216,0.060322573170635385
248,18,404528,occupancy,15,401472,flow,5,0.00041594865811082817,0.00502981488605034,-0.07913096711991224
248,18,404528,occupancy,15,401472,flow,9,0.00022272604494727878,0.0029742705229435684,0.0827502356468579
248,18,404528,occupancy,15,401472,flow,10,2.1937215940479606e-05,0.00040035347433827167,0.09508120535787586
248,18,404528,occupancy,15,401472,flow,11,0.0033573411625676067,0.027432785742939402,0.06578412277086398
248,18,404528,occupancy,16,405838,flow,3,0.006413482456571375,0.045160952261431686,0.061147725671775434
248,18,404528,occupancy,17,400260,flow,4,0.0008473173959518792,0.009049224105097944,0.07481904598851452
248,18,404528,speed,7,408093,flow,4,0.00032853942446890553,0.004128244077096195,0.0805150478986784
248,18,404528,speed,7,408093,flow,12,0.0020634123647151996,0.018675762446196655,0.06909540195901215
248,18,404528,speed,10,400497,flow,5,0.00021640067059282183,0.002898762471196869,0.08291374076500233
248,18,404528,speed,10,400497,flow,8,0.005472970896388861,0.04008686719633754,-0.06231050924041574
248,18,404528,speed,10,400497,flow,11,0.004014645659192223,0.03149313464265554,0.0645315535043377
248,18,404528,speed,13,400183,flow,3,0.0010934980942109956,0.011178210522933036,0.07321887147688452
248,18,404528,speed,13,400183,flow,8,0.004893493669255906,0.03672670717718123,0.06312027500223795
248,18,404528,speed,14,401469,flow,4,0.003838546525958033,0.030456388964869355,0.06484771598848053
248,18,404528,speed,15,401472,flow,5,7.722961858334621e-05,0.001183931697232277,0.08858051174936946
248,18,404528,speed,15,401472,flow,6,0.0036519383548621292,0.029302328553128528,0.06519745445892043
248,18,404528,speed,15,401472,flow,9,0.006135883678050562,0.043806037323130084,-0.061474024384551455
248,18,404528,speed,19,401795,flow,3,0.0036806507005181857,0.029501222514806077,-0.06514260023967151
248,19,401795,flow,1,400125,flow,11,0.0006245700326618609,0.007037408818725193,0.0766938287014118
248,19,401795,flow,1,400125,flow,12,0.0002423533469782008,0.0031968441494529087,0.08226925872621803
248,19,401795,flow,2,400331,flow,4,5.123388615324181e-05,0.0008355243041978279,0.09074730144903799
248,19,401795,flow,2,400331,flow,10,0.0002382518931374903,0.003151402873098463,0.0823666688586802
248,19,401795,flow,4,400316,flow,3,0.0006347486590211069,0.0071297821294102484,-0.07659548546271548
248,19,401795,flow,4,400316,flow,6,0.0008732751245564877,0.00926233375419599,0.07463131184408196
248,19,401795,flow,4,400316,flow,10,1.1756554195651623e-05,0.00023014120398574765,0.09815475259733233
248,19,401795,flow,5,400503,flow,6,0.0035530830282948472,0.02861010006008153,0.06538936096219064
248,19,401795,flow,5,400503,flow,10,3.303371255115864e-05,0.0005683219363640196,0.09301301448142113
248,19,401795,flow,5,400503,flow,11,9.502971732327027e-05,0.0014131785846352067,0.08746672684759939
248,19,401795,flow,6,405843,flow,1,0.002482439843989729,0.021621250254104094,0.06785414749450655
248,19,401795,flow,6,405843,flow,4,0.00496871263371637,0.037169000818152824,0.06301041791138909
248,19,401795,flow,6,405843,flow,5,4.534999470039374e-05,0.0007509083062694555,0.09138228899806534
248,19,401795,flow,6,405843,flow,6,0.000640439460430348,0.00717877132604853,0.07654113948252964
248,19,401795,flow,6,405843,flow,8,0.0023539611988228158,0.020732135329081677,-0.06821292797552776
248,19,401795,flow,6,405843,flow,11,7.54879921524876e-10,3.082307430044862e-08,0.1375248083184539
248,19,401795,flow,6,405843,flow,12,6.664353668191052e-05,0.0010434943039719226,0.08936445654826143
248,19,401795,flow,7,408093,flow,5,0.00383987560476854,0.030459534727506597,0.06484528091384721
248,19,401795,flow,7,408093,flow,11,0.0057490652587708175,0.04162409392711364,0.06195159561750201
248,19,401795,flow,9,402391,flow,12,0.003818262516765053,0.030338227096606638,0.06488497468336907
248,19,401795,flow,10,400497,flow,4,5.760773713486567e-05,0.0009230913368791532,0.09013308310872153
248,19,401795,flow,10,400497,flow,5,1.6755782272964293e-09,6.497753987361378e-08,0.1346986736212179
248,19,401795,flow,10,400497,flow,8,0.0027515600561766836,0.023459126589072968,-0.06715458091543246
248,19,401795,flow,10,400497,flow,9,0.0036034455534696354,0.028967035338646866,0.06529099490936291
248,19,401795,flow,10,400497,flow,10,1.389968961300372e-12,7.610476442100896e-11,0.15808278136303244
248,19,401795,flow,10,400497,flow,11,4.8759784599238875e-18,4.11410682556078e-16,0.19254141470705147
248,19,401795,flow,11,405841,flow,6,0.0003382240378585433,0.004231473627422262,0.08034575236121423
248,19,401795,flow,12,404520,flow,2,1.52483887538089e-05,0.0002894246020055116,-0.09688438320764635
248,19,401795,flow,12,404520,flow,3,0.000821319147688866,0.008830064409936854,-0.07501249369704564
248,19,401795,flow,12,404520,flow,5,0.0017312541858265644,0.0161394434241924,0.07025620422673119
248,19,401795,flow,12,404520,flow,6,8.353171761615797e-07,2.132724705093395e-05,0.11028915677357438
248,19,401795,flow,12,404520,flow,10,8.192017070885557e-06,0.0001667743343365957,0.09989431768284869
248,19,401795,flow,13,400183,flow,1,0.0052668490879355856,0.0388538047470658,0.06258926916926433
248,19,401795,flow,14,401469,flow,1,0.001108337228427687,0.011289829820343333,0.07313345313920921
248,19,401795,flow,14,401469,flow,5,0.00016977052693255667,0.0023409150218597027,0.08427960764029913
248,19,401795,flow,14,401469,flow,7,0.0007332444583818988,0.008041675705026157,0.07571293785418035
248,19,401795,flow,14,401469,flow,12,0.00010907756252446879,0.0015973392206973056,0.08671913329945355
248,19,401795,flow,15,401472,flow,2,4.235956933799315e-08,1.353501032101556e-06,-0.12259686196126816
248,19,401795,flow,15,401472,flow,3,1.924279625678102e-08,6.439415712993944e-07,-0.12565851456251603
248,19,401795,flow,15,401472,flow,6,0.0001798152991391605,0.002459012637800485,0.08395790421174007
248,19,401795,flow,15,401472,flow,10,1.2098225407838814e-06,2.971252630009305e-05,0.10866686574922431
248,19,401795,flow,15,401472,flow,11,1.0031226887352387e-09,4.0236676094115426e-08,0.13652372985616448
248,19,401795,flow,15,401472,flow,12,6.624850030135944e-09,2.3750499693101475e-07,0.12968372776365095
248,19,401795,flow,16,405838,flow,1,5.692555365577929e-10,2.3555401512736257e-08,0.13851145206114568
248,19,401795,flow,16,405838,flow,2,1.498132460333033e-11,7.296428668138335e-10,0.1506524664807707
248,19,401795,flow,16,405838,flow,3,3.0276636553445605e-06,6.819346710682222e-05,0.10454648718509159
248,19,401795,flow,16,405838,flow,6,1.9549405840927734e-05,0.0003623055908743364,0.09565595512542081
248,19,401795,flow,16,405838,flow,7,4.1631936317315356e-05,0.0006962832554812324,0.09182513929964377
248,19,401795,flow,16,405838,flow,12,0.0013609486200226414,0.013283547307948059,0.07182133230406072
248,19,401795,flow,17,400260,flow,1,8.097560599627745e-09,2.8720411978975255e-07,0.12893537945492559
248,19,401795,flow,17,400260,flow,12,1.2118144460509337e-11,5.982901036502895e-10,0.1513302910316153
248,19,401795,flow,19,401795,flow,1,1.627856623508325e-94,7.032340613555965e-92,0.4391539848473789
248,19,401795,flow,19,401795,flow,2,8.935050268858368e-21,9.323530715330471e-19,0.20755250354386293
248,19,401795,flow,19,401795,flow,4,1.9715571847695075e-05,0.00036522843216999455,0.09561385144523067
248,19,401795,flow,19,401795,flow,6,2.698634294585584e-06,6.139073276782371e-05,0.10507164532576976
248,19,401795,flow,19,401795,flow,9,0.0013362915918090443,0.013081304501733677,0.07193902370916902
248,19,401795,flow,19,401795,flow,10,0.003931324389258795,0.031031100605879765,0.06467954297299089
248,19,401795,flow,19,401795,flow,11,0.0003779983447476243,0.004636436255848203,0.07969487939971813
248,19,401795,flow,19,401795,flow,12,3.9951913394583524e-08,1.2784612286266728e-06,0.12282647035695028
248,19,401795,occupancy,0,400593,flow,9,0.0025583613380591296,0.022073339285830718,0.06765003735641587
248,19,401795,occupancy,2,400331,flow,8,0.0009711952844403411,0.010168598227780596,0.07396677594172092
248,19,401795,occupancy,5,400503,flow,11,0.0032419207590727206,0.026713000107040148,0.06602682644182917
248,19,401795,occupancy,6,405843,flow,7,0.0019520988668224578,0.017862883085517936,0.06946398523199612
248,19,401795,occupancy,9,402391,flow,12,0.000865230657545074,0.009197333761305904,0.0746889326505351
248,19,401795,occupancy,10,400497,flow,9,0.0014543207929147818,0.014005050881390676,0.07139277284831426
248,19,401795,occupancy,10,400497,flow,11,0.00021082377415805386,0.002830201070114334,0.08306166164432999
248,19,401795,occupancy,11,405841,flow,4,0.0006023590631970388,0.006822735062955447,0.0769137047791163
248,19,401795,occupancy,11,405841,flow,11,0.005074662384483837,0.037719445115227415,0.0628582007245646
248,19,401795,occupancy,12,404520,flow,11,0.0026510223905467927,0.02272080481327468,0.06740829478235748
248,19,401795,occupancy,13,400183,flow,1,0.0011737803869806196,0.011848465738027324,0.0727689188177323
248,19,401795,occupancy,14,401469,flow,2,5.2372320329076814e-05,0.0008521597884053177,0.0906324711187363
248,19,401795,occupancy,15,401472,flow,10,0.000417875105847688,0.005043924161112076,0.07910364034107017
248,19,401795,occupancy,15,401472,flow,11,0.007179944738782304,0.0492573626672059,0.060308590257657266
248,19,401795,occupancy,16,405838,flow,2,0.0032123653650202866,0.026498793921878247,0.06609023919729673
248,19,401795,occupancy,16,405838,flow,3,0.0016743428445406044,0.015693558447418987,0.07047538845142949
248,19,401795,occupancy,19,401795,flow,1,0.0050472377087092965,0.037573784080000276,-0.06289732412183195
248,19,401795,occupancy,19,401795,flow,4,0.0024752364263149265,0.02157155812322066,0.06787380874529171
248,19,401795,occupancy,19,401795,flow,8,0.0032595733594087163,0.02681141834090947,-0.06598920241617669
248,19,401795,speed,2,400331,flow,8,0.000972889304437695,0.010176855075971516,-0.07395583501671445
248,19,401795,speed,4,400316,flow,3,0.0006586660452889403,0.0073544515783102145,-0.07637005052210045
248,19,401795,speed,10,400497,flow,2,0.0012557397860603582,0.012491010480398896,-0.07233798020781981
248,19,401795,speed,10,400497,flow,3,0.00032817954422496734,0.004125457467405925,-0.0805214284428274
248,19,401795,speed,11,405841,flow,4,0.004215185675834341,0.0326922838772071,-0.06418648128578452
248,19,401795,speed,12,404520,flow,1,0.004242233380958156,0.03283489637312718,-0.06414108442666785
248,19,401795,speed,12,404520,flow,2,0.004825731275221165,0.036314181649173015,-0.0632205565976569
248,19,401795,speed,12,404520,flow,3,0.005848306762511316,0.042192193076233946,-0.0618263731254472
248,19,401795,speed,14,401469,flow,4,0.006541396555887411,0.04585983953494582,-0.06100162640774524
248,19,401795,speed,15,401472,flow,2,0.0002591707365856667,0.003379467497887353,-0.0818853570682084
248,19,401795,speed,15,401472,flow,3,1.7779322350915245e-05,0.00033350704540144967,-0.09612690481053408
248,19,401795,speed,17,400260,flow,4,0.00039985247104069676,0.004865810351819183,-0.07936402379770464
248,19,401795,speed,19,401795,flow,11,0.0005663757196788294,0.006495203368761728,0.07728645729391717
