graph_slot,source_node_index,source_node_id,source_feature,target_node_index,target_node_id,target_feature,lag_5min_steps,raw_p_value,fdr_bh_q_value,parcorr_value
72,0,400593,flow,0,400593,flow,1,2.5610636358098243e-09,1.0311085653959405e-07,0.13313750447561754
72,0,400593,flow,0,400593,flow,2,1.0260673318628412e-32,1.600220532002698e-30,0.2626869333116555
72,0,400593,flow,0,400593,flow,3,5.2221988198947795e-23,6.0482302686180824e-21,0.21902647116447474
72,0,400593,flow,0,400593,flow,4,8.952487904969585e-13,5.401501082328017e-11,0.1594192630045991
72,0,400593,flow,0,400593,flow,5,8.589498415318955e-09,3.212695511184233e-07,0.12871469798382879
72,0,400593,flow,0,400593,flow,6,1.0668572993134138e-05,0.00021456347919152457,0.09862519132064813
72,0,400593,flow,0,400593,flow,7,2.8654325842797434e-10,1.3002803323622363e-08,0.14088253827723532
72,0,400593,flow,0,400593,flow,8,2.410490838548318e-15,1.8078681289112386e-13,0.17639455264903134
72,0,400593,flow,0,400593,flow,9,8.420506295240723e-09,3.152217261303286e-07,0.12878909024601687
72,0,400593,flow,0,400593,flow,11,0.0018519125350413422,0.017584635013471798,0.0698125987165051
72,0,400593,flow,0,400593,flow,12,3.341846841412297e-05,0.0005859082124554028,0.09295388707658268
72,0,400593,flow,2,400331,flow,3,0.0014119913802174413,0.013993582845926465,0.07158381678722546
72,0,400593,flow,7,408093,flow,3,0.005054823627028716,0.038765911714475514,0.06288648305399953
72,0,400593,flow,7,408093,flow,6,0.004976233969302892,0.038326494468512204,0.06299951582838385
72,0,400593,flow,11,405841,flow,6,0.0022473260199026854,0.02044014604809551,0.06852458620954649
72,0,400593,flow,13,400183,flow,2,0.0020382072610856936,0.018955985722045633,0.06917723596632769
72,0,400593,flow,13,400183,flow,7,0.0031201692676268056,0.026492003215699292,0.06629152279044781
72,0,400593,flow,13,400183,flow,10,0.000338737222657121,0.004324304970090907,0.08033690841462464
72,0,400593,flow,14,401469,flow,2,0.005458210357073074,0.0411509053098703,0.06233015383552706
72,0,400593,flow,18,404528,flow,5,0.0011248673581932826,0.011664491088322087,0.07303953630944428
72,0,400593,flow,19,401795,flow,5,0.00013709644517999483,0.0019907786325296726,0.08546629600022898
72,0,400593,occupancy,0,400593,flow,1,1.0582448290738876e-17,9.64476299915442e-16,0.1906025030086103
72,0,400593,occupancy,0,400593,flow,3,1.6078125772195408e-13,1.0444737343741979e-11,-0.16452993346635741
72,0,400593,occupancy,0,400593,flow,4,0.0010388869106705129,0.010951662894330442,0.07354273920993255
72,0,400593,occupancy,0,400593,flow,7,9.87699038995407e-05,0.0015003023377145423,0.08725799113151744
72,0,400593,occupancy,0,400593,flow,8,2.431405233251099e-06,5.79033660840394e-05,0.10554550752007891
72,0,400593,occupancy,0,400593,flow,9,6.512571423681374e-06,0.00013825213046832202,0.10098449486013217
72,0,400593,occupancy,2,400331,flow,3,0.005220155287518593,0.03972357026965003,0.06265378389120801
72,0,400593,occupancy,7,408093,flow,3,0.0013531683213760495,0.013544224162058699,0.071858255010029
72,0,400593,occupancy,7,408093,flow,6,0.0008520511872860896,0.009302150945352304,0.07478441600715083
72,0,400593,occupancy,13,400183,flow,7,0.004483744020067289,0.03541092169413289,0.06374696676353928
72,0,400593,occupancy,13,400183,flow,11,0.005167996706656994,0.039382158710104455,0.06272646798927949
72,0,400593,occupancy,15,401472,flow,9,4.138541382653796e-05,0.0007027711781864937,-0.09185581255402701
72,0,400593,occupancy,19,401795,flow,5,9.512610226374655e-05,0.001453128577720598,0.08746125113209353
72,0,400593,speed,19,401795,flow,1,0.00010711242472713263,0.0016106010261789522,0.0868180512482478
72,0,400593,speed,19,401795,flow,7,0.00151016282283233,0.014803502143489144,0.07114842935690674
72,1,400125,flow,0,400593,flow,9,0.005339799530456434,0.040441679473302586,0.06248950283203998
72,1,400125,flow,1,400125,flow,1,2.363977467261581e-114,1.086423687081918e-111,0.4785152463563277
72,1,400125,flow,1,400125,flow,2,1.6724243123876756e-27,2.2719726507908046e-25,0.24027740049509305
72,1,400125,flow,1,400125,flow,3,7.83745589154166e-07,2.1042765352057158e-05,0.11053827673189692
72,1,400125,flow,1,400125,flow,11,0.0008560388490797326,0.009331536280657192,0.07475538240334208
72,1,400125,flow,1,400125,flow,12,0.00041881051616275033,0.005156417075066518,0.07909041386328877
72,1,400125,flow,2,400331,flow,5,0.00040372323624211434,0.005020392575031474,0.07930718977337228
72,1,400125,flow,3,400039,flow,2,0.00040680265054130995,0.005043554164570433,0.07926233720956614
72,1,400125,flow,3,400039,flow,11,0.00014032025177863818,0.0020314460043020003,0.08533799253752383
72,1,400125,flow,4,400316,flow,9,0.005043203840238576,0.0387042824477361,0.06290309493635825
72,1,400125,flow,4,400316,flow,11,0.00158586746048376,0.015419643099909617,0.07083012929851061
72,1,400125,flow,5,400503,flow,7,0.001776221566213754,0.016961266945277224,0.07008765372909286
72,1,400125,flow,5,400503,flow,9,8.815273683698095e-06,0.0001808365223473448,0.09954352940009033
72,1,400125,flow,5,400503,flow,11,0.0003581732589627186,0.004533573040489142,0.080010852761388
72,1,400125,flow,6,405843,flow,10,0.0003311576222415492,0.0042363071604486005,0.0804688239845726
72,1,400125,flow,6,405843,flow,11,0.0021820415231900143,0.01998816662464135,0.0687221410462307
72,1,400125,flow,7,408093,flow,2,0.003017415203389282,0.025776613958160367,0.06652234380544438
72,1,400125,flow,7,408093,flow,12,0.003264406408185837,0.027414921623955712,0.06597893380212129
72,1,400125,flow,8,401448,flow,1,2.5261108346407063e-06,5.966538439391936e-05,0.10537209767122678
72,1,400125,flow,8,401448,flow,2,2.499483743769989e-05,0.00045753261750365896,0.09442649992902419
72,1,400125,flow,8,401448,flow,3,1.493149963005877e-05,0.0002886088519098608,0.09698754531388028
72,1,400125,flow,8,401448,flow,11,8.927803379121553e-06,0.00018296067646017604,0.09948272934554073
72,1,400125,flow,9,402391,flow,10,0.00368003899571195,0.030149380734829555,0.06514376482698364
72,1,400125,flow,9,402391,flow,11,0.0008116083036530606,0.008951105110495844,0.07508620917761026
72,1,400125,flow,9,402391,flow,12,0.0011923206669427206,0.012224069945575827,0.07266905736949156
72,1,400125,flow,10,400497,flow,3,3.097608769818204e-05,0.0005500069825571163,-0.09334076411603937
72,1,400125,flow,10,400497,flow,10,2.0640726745298204e-06,5.0178919268254494e-05,0.10628576531885081
72,1,400125,flow,10,400497,flow,11,2.052185701388305e-05,0.0003851191238052771,0.09541422961762452
72,1,400125,flow,10,400497,flow,12,7.644011832914555e-06,0.00015898955762248858,0.10022449112760319
72,1,400125,flow,12,404520,flow,1,0.0047946929228301575,0.03734777033289989,-0.06326691604671641
72,1,400125,flow,12,404520,flow,2,0.003239840909620723,0.027256305218230813,-0.06603127162255033
72,1,400125,flow,12,404520,flow,11,0.0006352873111064892,0.007308764804207812,0.07659032208315893
72,1,400125,flow,13,400183,flow,8,0.0033999309059790156,0.02834369261642097,0.06569648048169924
72,1,400125,flow,14,401469,flow,1,0.002024207492702627,0.018848593680651286,0.06922309100263603
72,1,400125,flow,14,401469,flow,7,0.0001186524603310255,0.0017566094195683008,0.08625998710364484
72,1,400125,flow,14,401469,flow,8,0.0030274513858996994,0.025826599500566157,0.06649948600632237
72,1,400125,flow,14,401469,flow,10,0.0016576243840134865,0.01599137413787017,0.0705410785257458
72,1,400125,flow,14,401469,flow,12,0.004960440264013303,0.03825302748356092,0.06302242584334176
72,1,400125,flow,15,401472,flow,2,0.0058097934336908755,0.043146480373980715,0.06187474009508645
72,1,400125,flow,16,405838,flow,1,0.0013587403672110576,0.013587403672110575,0.07183179212128504
72,1,400125,flow,17,400260,flow,1,1.1162560616917259e-07,3.530180224383789e-06,0.11873232419051463
72,1,400125,flow,18,404528,flow,10,0.0020370110402453323,0.018948939909258906,0.0691811427830984
72,1,400125,flow,19,401795,flow,1,2.9781567932483136e-06,6.897049648506564e-05,0.10459568014655096
72,1,400125,occupancy,1,400125,flow,1,0.0004038565106839696,0.00502060467958201,-0.0793052419913057
72,1,400125,occupancy,1,400125,flow,5,0.004748217037703294,0.03706595157730074,0.06333684322455142
72,1,400125,occupancy,2,400331,flow,3,0.0009480404860507137,0.010137462623116543,0.0741181200435586
72,1,400125,occupancy,8,401448,flow,3,0.0045043219588647,0.03553172616965698,0.06371428113491304
72,1,400125,occupancy,10,400497,flow,12,0.006574526629656107,0.04733621440925209,0.060964205160145085
72,1,400125,occupancy,11,405841,flow,7,0.0019110878297618303,0.018022046331742213,0.06960465808082086
72,1,400125,occupancy,15,401472,flow,2,0.006920700538438121,0.04929501455243641,0.06058300919097626
72,1,400125,occupancy,16,405838,flow,6,0.00021889398996121474,0.002984497805710664,0.08284876205215438
72,1,400125,occupancy,18,404528,flow,1,0.006262470296220741,0.04565671034359917,0.06132361763649861
72,1,400125,speed,1,400125,flow,1,2.5282158823226166e-06,5.9682473287615874e-05,0.10536831451891053
72,1,400125,speed,8,401448,flow,3,0.004174034331212725,0.033410836225382566,-0.06425605870133355
72,1,400125,speed,13,400183,flow,6,0.0064944218845281575,0.046908380774388296,-0.06105497850791488
72,1,400125,speed,17,400260,flow,12,0.0036772136955462763,0.030131948339832914,-0.06514914602604863
72,2,400331,flow,0,400593,flow,3,0.00024913718100889025,0.00333314531420999,0.08211148334664475
72,2,400331,flow,0,400593,flow,10,2.0394914557440845e-05,0.00038306969951367153,0.09544515785528648
72,2,400331,flow,1,400125,flow,2,0.003191988297528815,0.0269811902442331,0.0661342694778332
72,2,400331,flow,1,400125,flow,6,0.0009577416954989334,0.010220958805719844,0.07405429921907886
72,2,400331,flow,2,400331,flow,1,1.3309133453038432e-58,3.212036676934415e-56,0.3506582171174975
72,2,400331,flow,2,400331,flow,2,1.54264694009655e-17,1.3912807476444878e-15,0.18960500191541668
72,2,400331,flow,2,400331,flow,3,4.6947444807156594e-08,1.5770836824799107e-06,0.12216179076189115
72,2,400331,flow,2,400331,flow,4,2.6335716069396132e-05,0.00047842848368289016,0.09413949580857926
72,2,400331,flow,2,400331,flow,5,3.534788162331601e-17,3.0418894145961185e-15,0.18749644573078503
72,2,400331,flow,2,400331,flow,7,0.00028439340795595865,0.0037286176703178794,0.08135124075595432
72,2,400331,flow,2,400331,flow,11,0.0003917483430172984,0.004888367538517416,0.07948469843531611
72,2,400331,flow,4,400316,flow,2,0.0035917250020423915,0.029571663824705795,0.0653137749334912
72,2,400331,flow,5,400503,flow,5,0.0005687894903676394,0.006668034188299057,0.07726077298341812
72,2,400331,flow,6,405843,flow,9,0.00030917023265327533,0.004000046136753967,0.08086811977817009
72,2,400331,flow,7,408093,flow,3,0.0012098477280489636,0.012384123863421788,0.07257596285089336
72,2,400331,flow,7,408093,flow,11,0.0005260389711893062,0.006244631802584172,0.07773146445686618
72,2,400331,flow,8,401448,flow,2,0.0001079011017569356,0.0016196412772410069,0.08677814817120236
72,2,400331,flow,8,401448,flow,4,4.212168988396187e-06,9.394202390227945e-05,0.10302521075137486
72,2,400331,flow,8,401448,flow,11,0.00039232517006071725,0.004894151702749924,0.07947603249164749
72,2,400331,flow,9,402391,flow,1,0.001608252981239105,0.015598681811748841,0.07073868684651935
72,2,400331,flow,10,400497,flow,3,0.0003533843191911613,0.004480834337850945,0.08008962713936531
72,2,400331,flow,11,405841,flow,1,0.001654626727052901,0.015976048947340362,0.07055292125885768
72,2,400331,flow,11,405841,flow,4,5.412732685730148e-05,0.0008890876502796289,0.09045999838574469
72,2,400331,flow,11,405841,flow,5,1.875565041402784e-07,5.689916417738783e-06,0.11661172053065719
72,2,400331,flow,11,405841,flow,8,2.832339721282348e-06,6.610322850318607e-05,0.10485120769896358
72,2,400331,flow,11,405841,flow,9,0.0001623542531435893,0.0023086582408831657,0.08452882201447345
72,2,400331,flow,12,404520,flow,2,0.00040731187395231746,0.0050461350601491576,0.07925495077599927
72,2,400331,flow,13,400183,flow,3,0.0045789276987322864,0.03601122821504365,0.06359690128744604
72,2,400331,flow,13,400183,flow,7,0.004379891140252639,0.03471130017591524,0.06391402662241948
72,2,400331,flow,13,400183,flow,10,0.00020811416359953013,0.0028604937535792875,0.08313486132867283
72,2,400331,flow,14,401469,flow,3,0.00042864153512363383,0.005260600658335507,0.07895304870180356
72,2,400331,flow,14,401469,flow,4,0.002312747949182084,0.020914949006628852,0.06833181788979534
72,2,400331,flow,14,401469,flow,5,5.9031728021193045e-06,0.0001264338448445979,0.1014479619526972
72,2,400331,flow,15,401472,flow,1,0.00013196516452396802,0.0019285842717981793,0.08567649343688971
72,2,400331,flow,15,401472,flow,2,2.358618680219892e-05,0.0004356234586810574,0.0947180733678423
72,2,400331,flow,15,401472,flow,3,0.00040722112412627033,0.0050461350601491576,0.07925626649719095
72,2,400331,flow,15,401472,flow,4,0.001199506076900999,0.012288039488291002,0.07263074045376294
72,2,400331,flow,15,401472,flow,5,1.9668539324851e-05,0.0003702313284677835,0.09562573433051878
72,2,400331,flow,15,401472,flow,6,5.568312671481013e-05,0.0009120006617023425,0.09031147374750054
72,2,400331,flow,15,401472,flow,7,0.00236447633930195,0.021284721370669776,0.06818289949418758
72,2,400331,flow,15,401472,flow,8,0.0005083575748394351,0.006056549154181908,0.0779366329536767
72,2,400331,flow,15,401472,flow,9,0.004022371776134128,0.032376832630705114,0.06451797245234013
72,2,400331,flow,15,401472,flow,10,0.005247440224813331,0.039875007513093384,0.06261602256878673
72,2,400331,flow,15,401472,flow,12,0.0006106011002559334,0.007069660822046568,0.07683124682635101
72,2,400331,flow,16,405838,flow,4,0.0006271017309215193,0.007224211940215902,0.07666922965172214
72,2,400331,flow,17,400260,flow,8,0.0044244752850929,0.03502608252080141,0.0638418729078258
72,2,400331,flow,17,400260,flow,12,1.3703330263614993e-05,0.00026798726454874047,0.09740812824673759
72,2,400331,flow,18,404528,flow,5,0.004072536934842246,0.03271357299836092,0.06443036286933118
72,2,400331,occupancy,0,400593,flow,9,0.0015523965474559178,0.015145332170301637,0.07096909418314942
72,2,400331,occupancy,2,400331,flow,1,0.001015213476140893,0.010738790932734226,0.07368805024449686
72,2,400331,occupancy,2,400331,flow,9,0.0028822614035878065,0.024872891057729375,0.06683710864640117
72,2,400331,occupancy,2,400331,flow,12,0.004444912868551205,0.03515566384500404,0.0638090171650409
72,2,400331,occupancy,6,405843,flow,8,0.001554022428908088,0.015150929570938705,0.07096228041416393
72,2,400331,occupancy,7,408093,flow,3,0.0034377030850328743,0.02859237067258763,0.06561958363328352
72,2,400331,occupancy,7,408093,flow,11,4.434839527263317e-05,0.0007443087318483888,0.09149809954524828
72,2,400331,occupancy,8,401448,flow,4,0.0035713642616010573,0.029437690536379634,0.06535350912152929
72,2,400331,occupancy,8,401448,flow,9,0.002364069895694427,0.021284721370669776,0.06818405791835452
72,2,400331,occupancy,11,405841,flow,4,0.00548736906072011,0.041313060896324284,0.06229139291301042
72,2,400331,occupancy,11,405841,flow,6,0.00013600582660090182,0.0019776007099155026,0.08551034480854071
72,2,400331,occupancy,13,400183,flow,3,0.0035180893323511378,0.02910407107575051,0.0654584583211363
72,2,400331,occupancy,15,401472,flow,2,0.0003475781900307178,0.004420187756646161,0.08018648262773162
72,2,400331,occupancy,15,401472,flow,7,0.00254517991569804,0.022512647902980205,0.06768507414031551
72,2,400331,occupancy,15,401472,flow,8,0.00357245181242755,0.02944103744694204,0.06535138155623142
72,2,400331,occupancy,16,405838,flow,4,0.0065014920428439725,0.046920223229345075,0.06104692635421668
72,2,400331,occupancy,17,400260,flow,12,0.0005510393482396911,0.006493426034903071,0.07745206791306146
72,2,400331,speed,2,400331,flow,1,0.0002580523410421924,0.003435105907648549,-0.08191015214228534
72,2,400331,speed,2,400331,flow,4,0.003171943774954927,0.0268524340736925,-0.06617783165831677
72,2,400331,speed,7,408093,flow,11,0.005834973952609009,0.04323882515307701,-0.06184308457850036
72,2,400331,speed,11,405841,flow,5,0.0019515242255571095,0.018303483835012405,-0.06946593751595138
72,2,400331,speed,13,400183,flow,5,0.006703717406128026,0.048058511773104995,0.06081988115136133
72,2,400331,speed,17,400260,flow,1,0.005367251590205935,0.04061398996267234,-0.062452277942001144
72,2,400331,speed,17,400260,flow,10,0.001905990258476423,0.018001024791477773,-0.06962233650554703
72,3,400039,flow,1,400125,flow,1,6.647944377838375e-07,1.8085087980013717e-05,0.11127791943039896
72,3,400039,flow,1,400125,flow,2,6.240764008263497e-06,0.0001329393516553171,0.10118585496383196
72,3,400039,flow,1,400125,flow,6,0.0009303973553964737,0.009985879690218054,0.0742357532634581
72,3,400039,flow,1,400125,flow,12,3.083203996387719e-05,0.0005482688021112855,0.09336447659946906
72,3,400039,flow,2,400331,flow,3,0.0010771596463012617,0.01126441460184326,0.0733141682885814
72,3,400039,flow,3,400039,flow,1,2.605012002096827e-122,1.3085641684951503e-119,0.4931028109646887
72,3,400039,flow,3,400039,flow,2,8.996629501892779e-15,6.445346508818708e-13,0.17272160106923642
72,3,400039,flow,3,400039,flow,4,0.00016565582819741442,0.0023483924623211192,0.08441658252498553
72,3,400039,flow,3,400039,flow,5,0.002585086596926847,0.02276282403515983,0.06757950387498507
72,3,400039,flow,3,400039,flow,6,1.5075986431545891e-05,0.0002910109981424408,0.09694025199979493
72,3,400039,flow,3,400039,flow,7,0.0003164474720793545,0.0040764738558223814,0.0807331017328417
72,3,400039,flow,3,400039,flow,10,0.00038598689411231083,0.004824836176403885,0.07957191531668367
72,3,400039,flow,3,400039,flow,11,0.00018799575323814142,0.00262234954468444,0.08370815025230999
72,3,400039,flow,3,400039,flow,12,1.7825048345767552e-10,8.333788836982232e-09,0.14249928037630671
72,3,400039,flow,4,400316,flow,10,0.0010824021477501304,0.011305554347873703,0.07328344578293523
72,3,400039,flow,4,400316,flow,12,0.00014725432608885295,0.0021162298360074675,0.08507117238357771
72,3,400039,flow,5,400503,flow,8,0.0015277840813895374,0.014945713839680257,0.07107305072744374
72,3,400039,flow,5,400503,flow,9,0.0032653232851999163,0.02741729172412758,0.06597698730675822
72,3,400039,flow,5,400503,flow,12,0.0011148730275330036,0.011580311322295206,0.0730961659487879
72,3,400039,flow,6,405843,flow,1,0.0001011756111989841,0.001531459847160516,0.08712763694825605
72,3,400039,flow,6,405843,flow,3,0.00225917314785895,0.02053361666053159,0.06848930051865826
72,3,400039,flow,6,405843,flow,12,0.0034334530791497717,0.028579031410263998,0.06562819734265309
72,3,400039,flow,7,408093,flow,10,0.001103591075529989,0.011486918416318498,0.07316065782296113
72,3,400039,flow,7,408093,flow,11,0.006022493590534698,0.04420929874445182,0.06161114131950882
72,3,400039,flow,8,401448,flow,1,3.247858443393161e-06,7.459196425017785e-05,0.10422478837588746
72,3,400039,flow,8,401448,flow,3,0.00046115292774758865,0.0055897324575465285,0.07851882046471642
72,3,400039,flow,8,401448,flow,5,2.2819555606640858e-06,5.481927611014067e-05,0.10583279806790047
72,3,400039,flow,8,401448,flow,8,0.0009722996293246489,0.01035585404014419,0.07395964146555781
72,3,400039,flow,8,401448,flow,11,0.0050579318416211485,0.0387805925309331,0.06288204533561066
72,3,400039,flow,8,401448,flow,12,0.00016999164607010356,0.00239590008776344,0.0842723354301749
72,3,400039,flow,9,402391,flow,1,0.0021731948613627314,0.01992825684798769,0.06874932690802497
72,3,400039,flow,9,402391,flow,9,0.0009142983221163525,0.009846055162239407,0.0743449075044619
72,3,400039,flow,9,402391,flow,12,0.0028352817629504028,0.02450173477884725,0.06694968065961784
72,3,400039,flow,10,400497,flow,2,0.0051439168944323235,0.03923326444906009,-0.06276024745727406
72,3,400039,flow,10,400497,flow,10,0.000229357919276318,0.0031079868609588893,0.08258342039150142
72,3,400039,flow,10,400497,flow,11,4.1577483879243625e-13,2.588108506604214e-11,0.16172237685880964
72,3,400039,flow,10,400497,flow,12,7.307945864828634e-12,4.1000423553324284e-10,0.15293431544786357
72,3,400039,flow,11,405841,flow,6,0.001400445916068311,0.013917455930522694,0.07163684023816105
72,3,400039,flow,11,405841,flow,9,0.0016140734033015416,0.015640863430452772,0.07071510285948049
72,3,400039,flow,12,404520,flow,2,0.0022664201181035967,0.02057351315446005,-0.06846779943289917
72,3,400039,flow,12,404520,flow,5,0.00500133147292077,0.03848548621841419,0.06296324472878348
72,3,400039,flow,12,404520,flow,6,1.48394147984322e-08,5.320022566740838e-07,0.12665095946313584
72,3,400039,flow,12,404520,flow,7,2.6234632320546976e-05,0.0004771941542095282,0.0941825239750327
72,3,400039,flow,12,404520,flow,9,0.003114740542432998,0.02645365412676835,0.06630354303023067
72,3,400039,flow,12,404520,flow,10,1.9321911996915247e-05,0.00036465993808070717,0.095714153944695
72,3,400039,flow,12,404520,flow,12,0.0004203641293559206,0.005170766055858704,0.07906850693874838
72,3,400039,flow,13,400183,flow,3,0.006575569969211153,0.04733621440925209,0.06096302943661045
72,3,400039,flow,13,400183,flow,10,8.811826057590176e-05,0.0013619709684718983,0.08787371366109674
72,3,400039,flow,14,401469,flow,6,0.0006128648942994419,0.007084764097868849,0.07680877975378513
72,3,400039,flow,14,401469,flow,10,0.0011406391686589446,0.01179406703831173,0.07295110904425009
72,3,400039,flow,14,401469,flow,11,0.006281516079144291,0.04572994516667229,0.061301225102492335
72,3,400039,flow,14,401469,flow,12,3.032139121782478e-05,0.0005399357380915212,0.0934493932907122
72,3,400039,flow,15,401472,flow,1,4.577699461315657e-40,8.071698641993323e-38,0.2908820678372225
72,3,400039,flow,15,401472,flow,3,0.0005855369973787661,0.006834692863216075,0.07708531025880894
72,3,400039,flow,15,401472,flow,4,0.00010212130691393655,0.0015441513681071258,0.0870771931354623
72,3,400039,flow,15,401472,flow,6,0.003669585876921704,0.03009230695215036,0.06516369311009909
72,3,400039,flow,16,405838,flow,1,1.9602812360950416e-05,0.0003694421883915089,0.09564238579085542
72,3,400039,flow,17,400260,flow,1,2.854432446169585e-06,6.654694100082356e-05,0.10481574753573264
72,3,400039,flow,17,400260,flow,3,0.002249246011825115,0.020447691016591954,0.06851885612610557
72,3,400039,flow,17,400260,flow,9,0.006757165608834862,0.048365034418451656,-0.06076090168468789
72,3,400039,flow,17,400260,flow,11,0.0009353739278860897,0.010029325809054126,0.07420236495736623
72,3,400039,flow,17,400260,flow,12,6.153414560332335e-05,0.0009930052633782475,0.08978599891133554
72,3,400039,flow,18,404528,flow,1,1.5157432542062722e-05,0.0002921914706903657,0.09688947734189969
72,3,400039,flow,18,404528,flow,12,0.0019613572374721218,0.018371776378750142,0.06943260333874335
72,3,400039,flow,19,401795,flow,1,0.0011054447320406984,0.011498967595511236,0.07315001992505663
72,3,400039,occupancy,0,400593,flow,2,0.0060642331325068384,0.044470356700780075,0.06156039964048206
72,3,400039,occupancy,0,400593,flow,6,0.005052799666140464,0.038757270166418334,0.06288937406673191
72,3,400039,occupancy,1,400125,flow,1,0.0001681081461260141,0.0023763978771740215,0.08433456716672028
72,3,400039,occupancy,1,400125,flow,2,0.0008099209571484227,0.008941626718326568,0.07509910122947987
72,3,400039,occupancy,1,400125,flow,10,0.00075767201892515,0.008466485053690244,0.07551116455873624
72,3,400039,occupancy,1,400125,flow,12,0.006271647819938322,0.04569660749221378,0.061312819790051015
72,3,400039,occupancy,2,400331,flow,6,0.000772842188283044,0.00859392055678658,0.07538887516656127
72,3,400039,occupancy,2,400331,flow,7,0.0008402254828386769,0.00919162847774901,0.0748712637793294
72,3,400039,occupancy,3,400039,flow,2,0.0069490901718432104,0.04946099559617714,-0.060552512203341166
72,3,400039,occupancy,3,400039,flow,6,0.0056470363643356565,0.04222083263054697,0.06208238252894589
72,3,400039,occupancy,3,400039,flow,7,0.0029225360317921903,0.025165149805346346,0.06674192771698281
72,3,400039,occupancy,3,400039,flow,10,0.004684959749674937,0.03669814346073568,0.06343302092983738
72,3,400039,occupancy,3,400039,flow,11,0.00035783281171611136,0.004530591285502934,0.0800164202613033
72,3,400039,occupancy,3,400039,flow,12,4.7604650279485905e-07,1.3319435829493465e-05,0.11270913874382045
72,3,400039,occupancy,4,400316,flow,6,0.006885925709654913,0.04909031210802028,0.060620518739968196
72,3,400039,occupancy,5,400503,flow,11,0.0015817499803568228,0.015393466805905554,0.07084707793585197
72,3,400039,occupancy,6,405843,flow,3,1.445044739231411e-06,3.614703690492007e-05,0.10788050675383656
72,3,400039,occupancy,6,405843,flow,4,1.1365878801264207e-05,0.00022731757602528413,0.09831871053059696
72,3,400039,occupancy,6,405843,flow,6,0.00037109042852649643,0.00467118131048677,0.07980318265694356
72,3,400039,occupancy,6,405843,flow,10,3.729199281385854e-07,1.0668967480521117e-05,0.11374454268553415
72,3,400039,occupancy,6,405843,flow,11,0.0006831859495648119,0.0077626599214097505,0.07614669888311458
72,3,400039,occupancy,6,405843,flow,12,0.0008817990149345752,0.009566478514609154,0.074570791158607
72,3,400039,occupancy,7,408093,flow,4,0.00016529582191863432,0.0023443136923457,0.08442871854076202
72,3,400039,occupancy,7,408093,flow,5,0.00030221421211092694,0.003925331919179809,0.08099998680016221
72,3,400039,occupancy,7,408093,flow,9,0.005893323068259507,0.04353973394846315,0.06177020172997987
72,3,400039,occupancy,7,408093,flow,10,0.0028496958011581083,0.02460765044500625,0.0669149620912475
72,3,400039,occupancy,8,401448,flow,1,2.7575784077522997e-06,6.453271246744276e-05,0.10497320322177073
72,3,400039,occupancy,8,401448,flow,5,1.0178522151608124e-05,0.0002059541718732885,0.09885223709689227
72,3,400039,occupancy,8,401448,flow,8,0.0008359590993657265,0.009156549972768607,0.07490287431765708
72,3,400039,occupancy,8,401448,flow,9,0.006558230603884383,0.047258642550092635,0.06098259069915516
72,3,400039,occupancy,8,401448,flow,12,7.365516049291179e-05,0.001160431412579792,0.08883319751045045
72,3,400039,occupancy,9,402391,flow,9,0.002831474499931892,0.024483526500612036,0.0669588779588194
72,3,400039,occupancy,10,400497,flow,3,0.000560572659239984,0.006583819741703504,0.07734862543494245
72,3,400039,occupancy,10,400497,flow,9,0.0008861701671810746,0.009601843797898777,0.07453996534713153
72,3,400039,occupancy,10,400497,flow,10,3.6530135315018256e-06,8.25367074063174e-05,0.10368399601694149
72,3,400039,occupancy,10,400497,flow,11,2.66640774407448e-07,7.889644831782023e-06,0.11515258701127815
72,3,400039,occupancy,10,400497,flow,12,0.002123013941783437,0.019584497605177123,0.06890547914139548
72,3,400039,occupancy,11,405841,flow,1,0.00014665320436609794,0.0021103992100651,0.08509383001008186
72,3,400039,occupancy,11,405841,flow,5,0.0038642845298990118,0.03136146753553209,0.06480069557427878
72,3,400039,occupancy,11,405841,flow,9,0.0012536071235191015,0.01273056599342388,0.07234886036927421
72,3,400039,occupancy,11,405841,flow,10,0.00011934523068515912,0.0017644469423678557,0.08622813606180608
72,3,400039,occupancy,12,404520,flow,6,3.7952143603374274e-05,0.00065190163167625,0.09230201499307117
72,3,400039,occupancy,12,404520,flow,9,0.00018204667055978294,0.0025500700934444303,0.08388873715806887
72,3,400039,occupancy,12,404520,flow,10,0.0029987807491504803,0.025645517883678776,0.06656496890856804
72,3,400039,occupancy,12,404520,flow,11,0.0012726443708677363,0.012875465297771947,0.07225233656269758
72,3,400039,occupancy,13,400183,flow,10,0.0003309779730597184,0.004235263162375543,0.08047198472682311
72,3,400039,occupancy,14,401469,flow,2,0.0034470108603520244,0.028630909757472827,0.06560075286250182
72,3,400039,occupancy,14,401469,flow,8,0.004917761882002449,0.0380661733206425,0.06308466556319062
72,3,400039,occupancy,14,401469,flow,10,0.0012220184908247039,0.012469317641809556,0.0725120477308382
72,3,400039,occupancy,14,401469,flow,12,3.020295750327579e-05,0.0005382727102108344,0.09346928177869435
72,3,400039,occupancy,15,401472,flow,1,0.0004829712415630191,0.005805330449505404,0.07822348893413053
72,3,400039,occupancy,15,401472,flow,2,4.800503484718973e-06,0.00010513847876444273,0.10239127136860426
72,3,400039,occupancy,15,401472,flow,3,0.0005414032641222068,0.006395575884626561,0.07755833240556252
72,3,400039,occupancy,15,401472,flow,4,7.965615817574708e-07,2.1373577845914744e-05,0.11049557512474865
72,3,400039,occupancy,15,401472,flow,5,4.387896061241844e-06,9.732793606788312e-05,0.10283542218413042
72,3,400039,occupancy,15,401472,flow,6,9.679109410331417e-07,2.5496190641848612e-05,0.10964665462679132
72,3,400039,occupancy,15,401472,flow,7,4.4115953720332716e-05,0.0007415600002795227,0.0915253299465505
72,3,400039,occupancy,15,401472,flow,8,0.0030688887925092822,0.02614911160481282,0.06640583602380651
72,3,400039,occupancy,15,401472,flow,9,0.004721062277852366,0.03689397438553224,0.06337798704926642
72,3,400039,occupancy,15,401472,flow,10,0.0019343521181731953,0.018194064343535814,0.06952452269417923
72,3,400039,occupancy,15,401472,flow,11,1.8558560393442744e-05,0.0003517901750753517,0.09591432057752561
72,3,400039,occupancy,15,401472,flow,12,3.476642046140399e-05,0.0006065869805866931,0.0927517175690209
72,3,400039,occupancy,16,405838,flow,1,3.978008358279984e-08,1.3489007933885032e-06,0.12284336590627375
72,3,400039,occupancy,17,400260,flow,1,0.0008903034131965228,0.009639375300774381,0.07451094655909844
72,3,400039,occupancy,17,400260,flow,8,6.231418586251083e-05,0.0010029705027050923,0.08971954856358133
72,3,400039,occupancy,17,400260,flow,12,1.3343242518551197e-07,4.152940034592304e-06,0.1180072636149816
72,3,400039,occupancy,18,404528,flow,5,0.0027307462711901593,0.023745619749479648,0.06720640312785826
72,3,400039,occupancy,18,404528,flow,11,0.004936224500767607,0.03816805055184547,0.06305768105830238
72,3,400039,occupancy,18,404528,flow,12,2.6330077724452302e-05,0.00047842848368289016,0.09416419854899379
72,3,400039,occupancy,19,401795,flow,2,0.0021807227858372303,0.01998456180487237,0.06872618712629333
72,3,400039,occupancy,19,401795,flow,11,0.00094658547581451,0.010124410139932368,0.07412774412649314
72,3,400039,speed,2,400331,flow,8,0.001098494954069732,0.01144320762377922,-0.07318998913189192
72,3,400039,speed,2,400331,flow,10,0.001751405992970947,0.016764921748779887,0.07018017812639145
72,3,400039,speed,6,405843,flow,3,0.000669702787267117,0.007639598735130567,-0.07626857728711349
72,3,400039,speed,6,405843,flow,10,0.0003788868722173434,0.004745698138529788,-0.07968108336772234
72,3,400039,speed,10,400497,flow,3,0.002959466385698134,0.025397411100182423,-0.06665569584748846
72,3,400039,speed,15,401472,flow,3,0.0032300727859635027,0.027190012539677188,-0.06605218346874941
72,3,400039,speed,15,401472,flow,4,0.005675090990386937,0.04237192028771443,-0.06204620945213018
72,3,400039,speed,15,401472,flow,5,0.0015564016685872158,0.015167279964576522,-0.07095232127377711
72,3,400039,speed,17,400260,flow,12,0.0009202438012799344,0.009897515191820487,-0.07430439037761279
72,4,400316,flow,1,400125,flow,1,0.00026975007674214305,0.0035647608795535577,0.08165564640219573
72,4,400316,flow,1,400125,flow,3,0.0036980787485357473,0.030245551294347646,0.0651094936992641
72,4,400316,flow,1,400125,flow,9,0.0026031203201610717,0.0228960582484612,-0.0675322846644606
72,4,400316,flow,1,400125,flow,10,0.00020081249241637588,0.0027769205097270926,-0.08333666082654974
72,4,400316,flow,1,400125,flow,12,0.0009820972290873883,0.010436363739739099,0.07389667166471416
72,4,400316,flow,2,400331,flow,3,0.004810624475598307,0.03744486078303547,0.06324308660456308
72,4,400316,flow,3,400039,flow,1,8.250239898540101e-08,2.6717418561988935e-06,0.11995105062825998
72,4,400316,flow,3,400039,flow,2,2.4901588118686667e-06,5.898870221875278e-05,0.10543718113365637
72,4,400316,flow,3,400039,flow,3,4.935524086964974e-06,0.00010779304375980125,0.10228745645632836
72,4,400316,flow,3,400039,flow,6,0.0008736349798516515,0.009494599026312287,0.07462874578439799
72,4,400316,flow,3,400039,flow,9,3.7855514306503575e-07,1.0815861230429592e-05,-0.11368119967432215
72,4,400316,flow,3,400039,flow,12,9.510105761365058e-05,0.001453128577720598,0.08746267343768498
72,4,400316,flow,4,400316,flow,1,1.7470679600584426e-05,0.00033233525263991513,0.09618943575843
72,4,400316,flow,4,400316,flow,3,1.5194956875423685e-06,3.7899661490664156e-05,-0.10765715946860047
72,4,400316,flow,4,400316,flow,7,0.0006926022302681168,0.00785312765028416,-0.07606290029990193
72,4,400316,flow,4,400316,flow,8,2.4905041732074933e-06,5.898870221875278e-05,-0.1054365516542196
72,4,400316,flow,4,400316,flow,11,0.002459509059062914,0.021911897577132994,0.06789984351076553
72,4,400316,flow,5,400503,flow,1,0.0001093915933615171,0.001639735195425933,0.08670348202374117
72,4,400316,flow,5,400503,flow,2,0.005556982295685251,0.04172082641181836,0.0621996012724133
72,4,400316,flow,5,400503,flow,3,0.003515354202715004,0.029092586505227617,0.06546388530936945
72,4,400316,flow,5,400503,flow,12,0.00037815559190863585,0.004742038191713518,0.07969243564242258
72,4,400316,flow,6,405843,flow,1,0.005520153092738712,0.04151251469238919,0.06224803403300679
72,4,400316,flow,6,405843,flow,2,0.006637523056022028,0.04768684450692693,0.06089351416519866
72,4,400316,flow,6,405843,flow,9,0.0024062691818438676,0.021544213192881884,-0.06806474533070042
72,4,400316,flow,6,405843,flow,12,0.0008624619722733557,0.009389706956201857,0.07470887901639721
72,4,400316,flow,7,408093,flow,3,0.0010711353255448888,0.011220428240431426,0.07334964359350331
72,4,400316,flow,8,401448,flow,2,1.327235553676577e-06,3.351056453467453e-05,0.10825758438443565
72,4,400316,flow,9,402391,flow,1,1.2173719058703741e-08,4.40456166948075e-07,0.12740213403252967
72,4,400316,flow,9,402391,flow,2,3.645691162876545e-05,0.0006284671118765632,0.09250843595171437
72,4,400316,flow,10,400497,flow,1,9.881577000460186e-13,5.945461370750418e-11,0.15912029004960734
72,4,400316,flow,10,400497,flow,5,0.00024258334369218066,0.0032565570066818536,0.08226384214173187
72,4,400316,flow,10,400497,flow,8,1.1554601491123729e-10,5.52166796920957e-09,-0.1439599612850076
72,4,400316,flow,10,400497,flow,9,1.8414128736423355e-08,6.515072575049049e-07,-0.1258271725493489
72,4,400316,flow,10,400497,flow,11,3.12719221213013e-11,1.6140346901316798e-09,0.14827648630601103
72,4,400316,flow,10,400497,flow,12,4.4544008823441446e-33,6.972105728886487e-31,0.26422634506359843
72,4,400316,flow,12,404520,flow,3,4.3660694811170224e-10,1.932522557215731e-08,-0.13939779088039156
72,4,400316,flow,12,404520,flow,10,0.0001376337964540457,0.0019965681688431072,0.0854447141721337
72,4,400316,flow,12,404520,flow,11,6.997825303060726e-09,2.640227537923348e-07,0.12947995778508187
72,4,400316,flow,12,404520,flow,12,2.3333599149463414e-16,1.8912035333148583e-14,0.18264746435079282
72,4,400316,flow,14,401469,flow,1,6.829046175911825e-05,0.001086210584681115,0.0892350798576851
72,4,400316,flow,14,401469,flow,10,0.001917924229364806,0.018066796055071874,-0.06958101719075134
72,4,400316,flow,16,405838,flow,2,0.004881296812940903,0.03785735435865733,0.06313823211014816
72,4,400316,flow,16,405838,flow,10,3.0968581952065434e-05,0.0005500069825571163,-0.0933419970895712
72,4,400316,flow,17,400260,flow,1,0.0001992024426310411,0.0027581876671990305,0.0833820842530893
72,4,400316,flow,17,400260,flow,2,0.006106166576560468,0.044732303901545235,0.06150973781763521
72,4,400316,flow,17,400260,flow,6,0.0007455812881310506,0.008357320095293563,0.07561026795535476
72,4,400316,flow,17,400260,flow,10,4.52165424793444e-07,1.2733732953765828e-05,-0.11292816037774275
72,4,400316,flow,18,404528,flow,1,4.5012716466351343e-10,1.9882917702928198e-08,0.13932700234555007
72,4,400316,flow,18,404528,flow,2,7.740833194872401e-13,4.7099154087110946e-11,0.15985854671382915
72,4,400316,flow,18,404528,flow,3,9.430388168114423e-05,0.0014436313567063894,0.08750813136098728
72,4,400316,flow,18,404528,flow,4,0.00041353031120342664,0.005109985538898178,0.07916543920968161
72,4,400316,flow,18,404528,flow,12,0.0006957244601031732,0.007886459374562341,0.07603534802861568
72,4,400316,occupancy,1,400125,flow,1,5.149213754974919e-13,3.1823466983535976e-11,0.161083509224965
72,4,400316,occupancy,1,400125,flow,2,3.86278203842196e-08,1.3160266881689958e-06,0.12295852595392637
72,4,400316,occupancy,1,400125,flow,3,0.002781911170315773,0.02410704549642352,0.06707965035985952
72,4,400316,occupancy,1,400125,flow,9,0.0023922381074733892,0.02145861425308356,0.0681042023505073
72,4,400316,occupancy,1,400125,flow,10,6.234449227926972e-10,2.7177417421437454e-08,0.13819432977596666
72,4,400316,occupancy,1,400125,flow,11,3.463856670405784e-16,2.7865662599912453e-14,0.1816052487689054
72,4,400316,occupancy,1,400125,flow,12,1.64002668851464e-20,1.6749208733766537e-18,0.20620297432698265
72,4,400316,occupancy,2,400331,flow,1,4.9702457652005207e-05,0.0008229766847706497,0.09090564405244983
72,4,400316,occupancy,2,400331,flow,2,0.000564406839109428,0.006622046564238808,0.07730748318423357
72,4,400316,occupancy,2,400331,flow,3,0.0006582287535306738,0.007531137655882528,0.07637410349369492
72,4,400316,occupancy,2,400331,flow,4,0.003455531037321743,0.02867020894686095,0.06558355599903058
72,4,400316,occupancy,2,400331,flow,7,0.0002349810599378445,0.003171994046535715,0.08244548508100277
72,4,400316,occupancy,2,400331,flow,8,0.000126345976285797,0.0018584086399545219,0.0859156948508426
72,4,400316,occupancy,2,400331,flow,9,1.7236970050251907e-06,4.252639098634394e-05,0.10709462978498062
72,4,400316,occupancy,2,400331,flow,10,1.2960478215867857e-05,0.00025484417793604524,0.09768031808138217
72,4,400316,occupancy,2,400331,flow,11,0.0003600907111790937,0.004555173857375357,0.07997958778340812
72,4,400316,occupancy,2,400331,flow,12,0.0006660848600222323,0.007606361605329219,0.07630166869131229
72,4,400316,occupancy,3,400039,flow,1,3.26070838531519e-13,2.0474215442676773e-11,0.16244524136187447
72,4,400316,occupancy,3,400039,flow,2,1.8882422643447647e-07,5.7203412215774076e-06,0.11658394748151081
72,4,400316,occupancy,3,400039,flow,3,0.000670630249859645,0.007641767599277265,0.07626012098930782
72,4,400316,occupancy,3,400039,flow,4,0.002530634527017753,0.022434519098536207,0.06772392938697581
72,4,400316,occupancy,3,400039,flow,5,0.0016114141300918405,0.015618822171857193,0.0707258683472723
72,4,400316,occupancy,3,400039,flow,8,0.004840079863698687,0.0376266780838192,0.0631992163439914
72,4,400316,occupancy,3,400039,flow,9,3.1767672749319365e-06,7.327959449593572e-05,0.10432630399144001
72,4,400316,occupancy,3,400039,flow,10,1.9398538997225517e-13,1.2451959653493941e-11,0.16397905235827442
72,4,400316,occupancy,3,400039,flow,11,1.6606831668650726e-17,1.4915075427977367e-15,0.18946537758025567
72,4,400316,occupancy,3,400039,flow,12,2.508314489990361e-14,1.7172612673151125e-12,0.16988297598372348
72,4,400316,occupancy,4,400316,flow,8,1.1760319339102788e-05,0.00023401464553166304,0.09815319787538054
72,4,400316,occupancy,4,400316,flow,9,1.5081768964759442e-17,1.363038534053573e-15,0.18970905910006014
72,4,400316,occupancy,4,400316,flow,10,5.28940980047039e-25,6.491548391486388e-23,0.2288067496908883
72,4,400316,occupancy,4,400316,flow,11,1.195408102023151e-20,1.2354456939569408e-18,0.20693357029935228
72,4,400316,occupancy,4,400316,flow,12,2.3197198798424084e-06,5.561148657557827e-05,0.10575853511229902
72,4,400316,occupancy,5,400503,flow,1,3.367934685382826e-07,9.712602029942462e-06,0.11417398995946836
72,4,400316,occupancy,5,400503,flow,2,0.0011331929397328153,0.011733924975181597,0.07299271586958739
72,4,400316,occupancy,5,400503,flow,4,0.0034393564435357695,0.028595111308842427,0.0656162353018737
72,4,400316,occupancy,5,400503,flow,5,4.8354962272843275e-05,0.0008046742566205044,0.0910488384879727
72,4,400316,occupancy,5,400503,flow,6,3.178841668643137e-06,7.327959449593572e-05,0.10432331112456344
72,4,400316,occupancy,5,400503,flow,7,1.239759808395281e-07,3.883801575248451e-06,0.11830646056677285
72,4,400316,occupancy,5,400503,flow,8,8.234828054076073e-07,2.204117546072406e-05,0.11035119365993633
72,4,400316,occupancy,5,400503,flow,9,9.221480317762028e-10,3.932556265817568e-08,0.13682084120704158
72,4,400316,occupancy,5,400503,flow,10,2.2077234898796063e-10,1.0222256673397534e-08,0.14177290459554406
72,4,400316,occupancy,5,400503,flow,11,1.5718813657415072e-09,6.529353365387799e-08,0.1349272644447184
72,4,400316,occupancy,5,400503,flow,12,4.75605222131596e-07,1.331571328326957e-05,0.11271308893703681
72,4,400316,occupancy,6,405843,flow,1,5.170620863052099e-13,3.1864596474158446e-11,0.16107109072891546
72,4,400316,occupancy,6,405843,flow,2,0.00016574649577817343,0.0023483924623211192,0.08441352997806179
72,4,400316,occupancy,6,405843,flow,3,0.0005288323605580945,0.006272805594758287,0.07769964001333872
72,4,400316,occupancy,6,405843,flow,4,4.4355819963705074e-08,1.4981793764128687e-06,0.12241588109421296
72,4,400316,occupancy,6,405843,flow,5,5.1456414443490884e-09,1.972419790557947e-07,0.13061973582089004
72,4,400316,occupancy,6,405843,flow,6,3.132333615102906e-08,1.0816691620499244e-06,0.12377672213242175
72,4,400316,occupancy,6,405843,flow,7,3.345529305032937e-05,0.0005860781264291277,0.09294826197171024
72,4,400316,occupancy,6,405843,flow,8,2.778692705085755e-05,0.0005003731757386603,0.09389205364385092
72,4,400316,occupancy,6,405843,flow,9,7.730825459500651e-12,4.320461317599329e-10,0.1527567398147862
72,4,400316,occupancy,6,405843,flow,10,5.7844981691587756e-24,6.846310161853673e-22,0.22379780631025728
72,4,400316,occupancy,6,405843,flow,11,1.9540497733568406e-27,2.6297492276951873e-25,0.2400897406478244
72,4,400316,occupancy,6,405843,flow,12,2.0822480238082408e-16,1.7004369494993575e-14,0.18294668685360052
72,4,400316,occupancy,7,408093,flow,1,1.113601704607662e-10,5.351233997669743e-09,0.14408360452193023
72,4,400316,occupancy,7,408093,flow,2,1.2539712645276957e-10,5.959467395775187e-09,0.1436854266681423
72,4,400316,occupancy,7,408093,flow,3,3.361038528823117e-07,9.705672757029321e-06,0.11418261277945656
72,4,400316,occupancy,7,408093,flow,4,1.718419944438049e-05,0.00032731808465486645,0.09629532180425428
72,4,400316,occupancy,7,408093,flow,5,0.0002624342015985089,0.0034819279818966782,0.08181357419908504
72,4,400316,occupancy,7,408093,flow,6,0.0002408865242717204,0.003239818757328244,0.08230391722464768
72,4,400316,occupancy,7,408093,flow,7,0.0001483689314169877,0.002128000609964764,0.08502938972553511
72,4,400316,occupancy,7,408093,flow,8,7.297311259184032e-06,0.000152660458303511,0.10044526777468134
72,4,400316,occupancy,7,408093,flow,9,1.4622346419773173e-07,4.518493314264672e-06,0.1176336368897774
72,4,400316,occupancy,7,408093,flow,10,9.074426503850575e-08,2.9189517867933346e-06,0.11956850523608221
72,4,400316,occupancy,7,408093,flow,11,1.367048866399967e-07,4.245615458553456e-06,0.1179084822305649
72,4,400316,occupancy,7,408093,flow,12,1.589486888455249e-06,3.948581574540929e-05,0.10745657924245292
72,4,400316,occupancy,8,401448,flow,1,2.0185915463597446e-13,1.2899874970819668e-11,0.1638620612096524
72,4,400316,occupancy,8,401448,flow,2,1.3099257210676116e-11,7.127051782131086e-10,0.15108185063140012
72,4,400316,occupancy,8,401448,flow,3,9.94095362429265e-07,2.612221390325076e-05,0.10952986098023815
72,4,400316,occupancy,8,401448,flow,4,0.0002343336493685794,0.003167463595970785,0.08246120739813333
72,4,400316,occupancy,8,401448,flow,5,0.0004881359816579047,0.005855380963508052,0.07817958896562067
72,4,400316,occupancy,8,401448,flow,6,0.00010766570023999008,0.0016166695343648146,0.08679002943191173
72,4,400316,occupancy,8,401448,flow,7,8.810349843165387e-05,0.0013619709684718983,0.08787461476313818
72,4,400316,occupancy,8,401448,flow,8,6.0369534581065156e-05,0.0009773264183832494,0.089886708454759
72,4,400316,occupancy,8,401448,flow,9,2.91220500168163e-06,6.771111736956212e-05,0.10472424829470883
72,4,400316,occupancy,8,401448,flow,10,6.501511483065225e-10,2.819932691449977e-08,0.13804780475468284
72,4,400316,occupancy,8,401448,flow,11,4.722544361228803e-16,3.771052059243702e-14,0.18078317693116502
72,4,400316,occupancy,8,401448,flow,12,3.73686263556851e-19,3.555781186267833e-17,0.19882661345374428
72,4,400316,occupancy,9,402391,flow,9,0.0001205245017531936,0.0017776232419726746,0.08617431601496346
72,4,400316,occupancy,9,402391,flow,10,5.540356966597488e-10,2.422504260698497e-08,0.13860582527363075
72,4,400316,occupancy,9,402391,flow,11,2.10223155991465e-11,1.115680631306055e-09,0.1495633922366649
72,4,400316,occupancy,9,402391,flow,12,4.596480369913632e-08,1.5476847387394303e-06,0.12227566378735648
72,4,400316,occupancy,10,400497,flow,3,3.3065209859708967e-07,9.56742843897808e-06,0.11425138744694788
72,4,400316,occupancy,10,400497,flow,4,4.802193966902368e-16,3.7995380837029725e-14,0.18073870888275045
72,4,400316,occupancy,10,400497,flow,5,7.215865605624256e-05,0.0011393472008880403,0.08894244668844829
72,4,400316,occupancy,10,400497,flow,6,8.905712919481649e-05,0.0013740242790057401,-0.08781669454865629
72,4,400316,occupancy,10,400497,flow,7,1.0383171488634634e-08,3.8116632666148475e-07,-0.12800255467541322
72,4,400316,occupancy,10,400497,flow,8,8.777569992444771e-05,0.0013581340389456093,0.08789466085533088
72,4,400316,occupancy,10,400497,flow,9,8.506591445086257e-59,2.0645210698186873e-56,0.3513849722143356
72,4,400316,occupancy,10,400497,flow,10,1.426854231672584e-110,6.354649774046971e-108,0.4716973447873241
72,4,400316,occupancy,10,400497,flow,11,4.022080605309532e-73,1.1067126251552341e-70,0.389935242833663
72,4,400316,occupancy,10,400497,flow,12,3.215742504012925e-06,7.393298359412367e-05,0.10427038231241258
72,4,400316,occupancy,12,404520,flow,2,2.6572279268938527e-06,6.242101492213944e-05,-0.1051420385509412
72,4,400316,occupancy,12,404520,flow,5,9.591221575407855e-07,2.531098179948805e-05,0.10968653850561495
72,4,400316,occupancy,12,404520,flow,6,2.5477900987162497e-08,8.88333593741259e-07,0.12457786282992823
72,4,400316,occupancy,12,404520,flow,7,7.413669675222349e-11,3.6518874568940193e-09,0.14543996214868105
72,4,400316,occupancy,12,404520,flow,8,4.762986789750991e-17,4.05840294511327e-15,0.18677820199476933
72,4,400316,occupancy,12,404520,flow,9,3.4331162257489716e-30,4.9768664749112605e-28,0.2522000257957622
72,4,400316,occupancy,12,404520,flow,10,1.3912421444662165e-32,2.154181384979948e-30,0.26221006347877457
72,4,400316,occupancy,12,404520,flow,11,3.076426682577238e-17,2.6527271993480374e-15,0.1878978619497332
72,4,400316,occupancy,13,400183,flow,1,0.005776039176193521,0.04298659555937379,0.06191736848864823
72,4,400316,occupancy,13,400183,flow,2,0.004883773977796234,0.03785735435865733,0.0631345817664008
72,4,400316,occupancy,13,400183,flow,6,0.004965687317269192,0.038271948687478165,0.06301480727621114
72,4,400316,occupancy,14,401469,flow,1,1.3839318268302245e-09,5.793202996033498e-08,0.1353817854835835
72,4,400316,occupancy,14,401469,flow,2,3.2782140113285547e-06,7.516923847632354e-05,0.10418208905831255
72,4,400316,occupancy,14,401469,flow,3,5.2511305666618054e-05,0.0008651748302051487,0.09061861434183814
72,4,400316,occupancy,14,401469,flow,4,3.5504872768307468e-06,8.055727434826063e-05,0.10381519892673152
72,4,400316,occupancy,14,401469,flow,5,2.6377368685311107e-08,9.152629134180239e-07,0.12444364489829454
72,4,400316,occupancy,14,401469,flow,6,3.909488533317098e-10,1.7429298724385825e-08,0.13981431934851082
72,4,400316,occupancy,14,401469,flow,7,1.1818817401045585e-06,3.03731654803789e-05,0.1087698809465697
72,4,400316,occupancy,14,401469,flow,8,7.5195895329829586e-06,0.00015655241822885003,0.10030260087415772
72,4,400316,occupancy,14,401469,flow,9,5.875903350989696e-07,1.6157799157400057e-05,0.11180900768057091
72,4,400316,occupancy,14,401469,flow,10,7.787934149831166e-08,2.5372455148771223e-06,0.12018215726418555
72,4,400316,occupancy,14,401469,flow,11,8.15709855173131e-11,3.9907888724212074e-09,0.14512251990916708
72,4,400316,occupancy,14,401469,flow,12,2.1720923238692863e-09,8.852300791618223e-08,0.1337660590670986
72,4,400316,occupancy,15,401472,flow,1,1.3849654537976784e-48,2.8221937549084767e-46,0.32020350506763223
72,4,400316,occupancy,15,401472,flow,2,4.581805174677977e-46,8.83633855116467e-44,0.31191313317856334
72,4,400316,occupancy,15,401472,flow,3,1.2342691348099516e-46,2.4236557556268144e-44,0.31381063303436824
72,4,400316,occupancy,15,401472,flow,4,1.375736057646195e-53,3.063494726304929e-51,0.335930644914622
72,4,400316,occupancy,15,401472,flow,5,8.242834881914375e-60,2.034802667992577e-57,0.354293879881873
72,4,400316,occupancy,15,401472,flow,6,2.7019463226637253e-54,6.079379225993382e-52,0.3380800675057274
72,4,400316,occupancy,15,401472,flow,7,8.42252537317762e-41,1.4973378441204658e-38,0.2936773134175374
72,4,400316,occupancy,15,401472,flow,8,1.9859508649129415e-32,3.0531344257736323e-30,0.26157636256624295
72,4,400316,occupancy,15,401472,flow,9,4.6637121727538326e-38,7.963334619089548e-36,0.2836217564500142
72,4,400316,occupancy,15,401472,flow,10,5.437010243412331e-57,1.2765154484533299e-54,0.3461262095623863
72,4,400316,occupancy,15,401472,flow,11,1.2762415768063956e-77,3.7252456836511007e-75,0.401041037356427
72,4,400316,occupancy,15,401472,flow,12,1.265359262358231e-78,3.796077787074693e-76,0.40346210176360586
72,4,400316,occupancy,16,405838,flow,1,1.9134766890402134e-11,1.024314658817066e-09,0.14986662096030728
72,4,400316,occupancy,16,405838,flow,2,4.55834037212488e-06,0.0001006235585466504,0.10265816728154797
72,4,400316,occupancy,16,405838,flow,3,0.0008283257449091538,0.00908676286949605,0.0749598064330357
72,4,400316,occupancy,16,405838,flow,4,0.00048718743300719687,0.00585032653061329,0.07819121436240939
72,4,400316,occupancy,16,405838,flow,5,7.483298046969804e-06,0.00015594716624654876,0.10032561660799923
72,4,400316,occupancy,16,405838,flow,6,8.317195107581667e-05,0.0012975905693301843,0.08818392313733052
72,4,400316,occupancy,16,405838,flow,12,0.00546026923044185,0.041152063983790635,0.06232741083612119
72,4,400316,occupancy,17,400260,flow,1,6.104697779573923e-26,7.733810676762272e-24,0.23322750104636403
72,4,400316,occupancy,17,400260,flow,2,1.6164073554617813e-15,1.220783177551555e-13,0.1774808648803161
72,4,400316,occupancy,17,400260,flow,3,3.954622236190829e-12,2.2567989511683462e-10,0.15485941122188832
72,4,400316,occupancy,17,400260,flow,4,3.249426323788527e-12,1.879186307733124e-10,0.15547005113525397
72,4,400316,occupancy,17,400260,flow,5,1.1450757296537197e-08,4.1597651638117823e-07,0.12763352047425347
72,4,400316,occupancy,17,400260,flow,6,0.00013068684007998784,0.0019131384247561758,0.08573005537323075
72,4,400316,occupancy,17,400260,flow,10,0.0004619453173207635,0.0055946278969041165,0.0785085977767355
72,4,400316,occupancy,17,400260,flow,11,2.511894632241821e-11,1.3185157729385987e-09,0.14898784720682665
72,4,400316,occupancy,17,400260,flow,12,1.4427128083363257e-15,1.0992097587324386e-13,0.17778863211090407
72,4,400316,occupancy,18,404528,flow,1,3.818362595662013e-14,2.5653695821555046e-12,0.16868745095416487
72,4,400316,occupancy,18,404528,flow,2,9.400769901112747e-06,0.0001915628583622975,0.09923493598599886
72,4,400316,occupancy,18,404528,flow,3,0.005786447869552639,0.04301977696709671,0.06190419942494473
72,4,400316,occupancy,18,404528,flow,5,0.003370713407398776,0.028159895416675136,0.0657564965969525
72,4,400316,occupancy,18,404528,flow,6,0.0011802532733253604,0.012119548706359775,0.07273389020875716
72,4,400316,occupancy,18,404528,flow,7,0.002200002591641792,0.02011856730713916,0.06866725569269141
72,4,400316,occupancy,18,404528,flow,8,0.0007706110882677901,0.008579999745661994,0.07540672002231606
72,4,400316,occupancy,18,404528,flow,9,5.474562597723752e-06,0.00011825055211083305,0.10180220917924032
72,4,400316,occupancy,18,404528,flow,10,2.7952280712450828e-08,9.675789477386826e-07,0.12421898477148574
72,4,400316,occupancy,18,404528,flow,11,3.4323101386940062e-09,1.3603284219411107e-07,0.1321060945840461
72,4,400316,occupancy,18,404528,flow,12,2.129146601810156e-06,5.1557810088676425e-05,0.10614585207427919
72,4,400316,occupancy,19,401795,flow,1,3.5489521093648095e-05,0.0006164645401067944,0.09264631056887329
72,4,400316,speed,3,400039,flow,1,0.003707844783799194,0.03028528921537629,-0.0650910039312441
72,4,400316,speed,4,400316,flow,10,0.005387077632352859,0.04074260394216448,-0.06242550059303907
72,4,400316,speed,4,400316,flow,11,0.0013260913749355097,0.013325691415960461,-0.07198829709125684
72,4,400316,speed,5,400503,flow,12,0.004740525754474237,0.037019290056631786,-0.06334847510705258
72,4,400316,speed,6,405843,flow,1,0.005076710691743722,0.038847608846209386,-0.0628552863283058
72,4,400316,speed,8,401448,flow,1,0.000933454990893918,0.010011235254870224,-0.0742152197662211
72,4,400316,speed,8,401448,flow,2,0.000901620495657119,0.009742372539366568,-0.07443212526412542
72,4,400316,speed,8,401448,flow,3,0.00041832310907832353,0.005152996382145302,-0.0790973022389716
72,4,400316,speed,10,400497,flow,11,0.002518089287834245,0.02234623197092017,-0.06775760590711831
72,4,400316,speed,12,404520,flow,3,0.005520587891383702,0.04151251469238919,0.06224746054734308
72,4,400316,speed,12,404520,flow,10,0.001083790286054972,0.011314582010047074,-0.07327533393934665
72,4,400316,speed,12,404520,flow,11,0.0012544384242788675,0.012733021599823091,-0.07234461730947331
72,4,400316,speed,15,401472,flow,1,0.00011821492733231015,0.001751332256774965,-0.08628019367031892
72,4,400316,speed,15,401472,flow,5,0.0034461825509310897,0.028630909757472827,-0.06560242675810832
72,4,400316,speed,15,401472,flow,7,0.00302971436642927,0.025835700874406724,-0.06649434152296621
72,4,400316,speed,15,401472,flow,11,0.001146338039260918,0.011838824598630567,-0.0729194349616679
72,4,400316,speed,15,401472,flow,12,6.416085482800536e-05,0.0010296244162592242,-0.08956531802615982
72,4,400316,speed,16,405838,flow,6,0.003008793167950393,0.025713128556964785,-0.0665420362362242
72,5,400503,flow,1,400125,flow,1,0.00045050574895613433,0.005482210804198593,0.07865779276617042
72,5,400503,flow,2,400331,flow,1,0.000315327160298155,0.0040699531893876,0.08075369702529019
72,5,400503,flow,2,400331,flow,4,0.001936278147167556,0.018203964299812497,0.06951792805712771
72,5,400503,flow,3,400039,flow,11,0.006347694643495014,0.04605650127628226,0.061223889405548425
72,5,400503,flow,5,400503,flow,1,1.2038085861850695e-129,6.265606135324699e-127,0.5057519801421804
72,5,400503,flow,5,400503,flow,2,6.414751086918244e-22,7.015626505186535e-20,0.2134599639565483
72,5,400503,flow,5,400503,flow,3,1.59289901974407e-05,0.00030591208549583473,0.09664530483461677
72,5,400503,flow,5,400503,flow,6,0.004319354839284044,0.03433231445392285,0.06401306921023149
72,5,400503,flow,5,400503,flow,8,0.0050039717213922735,0.03849894538987466,0.06295943858822928
72,5,400503,flow,5,400503,flow,11,0.005813781928302886,0.04315587426101203,0.06186971775829325
72,5,400503,flow,6,405843,flow,1,0.003984087415565781,0.032134536286863656,0.0645855025159139
72,5,400503,flow,6,405843,flow,5,0.0036657776993597757,0.030082004718565192,0.06517096600594113
72,5,400503,flow,6,405843,flow,12,0.0005088638081993304,0.006060908881778625,0.07793066700220108
72,5,400503,flow,7,408093,flow,1,1.8367643527776606e-11,9.869181597014296e-10,0.14999830923232615
72,5,400503,flow,7,408093,flow,2,0.00039944296999967516,0.004970027737323147,0.07937006646764591
72,5,400503,flow,7,408093,flow,3,0.001584616641218468,0.015414419928087777,0.07083527371634725
72,5,400503,flow,8,401448,flow,1,0.005272541291376872,0.04000944735420356,0.06258143984747416
72,5,400503,flow,8,401448,flow,2,0.005631582505911239,0.04214175718956617,0.062102377675938
72,5,400503,flow,8,401448,flow,5,0.00012016562511747729,0.0017741473018028089,0.08619064185889304
72,5,400503,flow,8,401448,flow,7,0.0005182527083468043,0.006162542526997507,0.07782100947235528
72,5,400503,flow,9,402391,flow,1,3.7926633271278766e-07,1.0829018885123877e-05,0.11367327020733478
72,5,400503,flow,10,400497,flow,5,0.00011561934229324224,0.0017199571580812896,0.08640153450776572
72,5,400503,flow,10,400497,flow,8,0.0005517863831823701,0.0065004558913221685,-0.07744390219745674
72,5,400503,flow,10,400497,flow,11,0.0002593293560326157,0.0034481465622065244,0.0818818485607846
72,5,400503,flow,12,404520,flow,11,0.0005587111968964242,0.00656592048583393,0.07736869417687949
72,5,400503,flow,14,401469,flow,1,5.054422143415308e-07,1.4069010089918898e-05,0.11245363961926123
72,5,400503,flow,14,401469,flow,2,0.0007514881816081153,0.008406082197170012,0.0755616664232438
72,5,400503,flow,14,401469,flow,4,0.0033887993917012483,0.02827817920059763,0.06571929036395507
72,5,400503,flow,14,401469,flow,6,0.000185664432068337,0.0025948571547564406,0.0837782700193529
72,5,400503,flow,15,401472,flow,5,0.002922532690939141,0.025165149805346346,0.06674193556267558
72,5,400503,flow,16,405838,flow,1,0.00015907599494988483,0.0022672659128456034,0.08464241260516989
72,5,400503,flow,16,405838,flow,7,8.541099860473239e-07,2.284678105092532e-05,0.11019236012712007
72,5,400503,flow,17,400260,flow,1,0.0001113142704855089,0.0016611179001462606,0.08660856954852149
72,5,400503,flow,17,400260,flow,5,0.004804415134971675,0.03741000970273546,0.06325236565821223
72,5,400503,flow,18,404528,flow,1,1.9359516371290437e-07,5.852561982083603e-06,0.11648101646043238
72,5,400503,flow,19,401795,flow,5,0.0026334575800334445,0.023076139443700773,0.06745352017374256
72,5,400503,occupancy,0,400593,flow,10,0.0038616587076646123,0.03134604587957746,0.06480547960918565
72,5,400503,occupancy,2,400331,flow,1,4.4286804701723225e-07,1.2504509562839499e-05,0.11301645909272691
72,5,400503,occupancy,2,400331,flow,11,0.001177058432114986,0.012095911476488223,0.07275115715129525
72,5,400503,occupancy,5,400503,flow,6,0.002230757243054534,0.020335700344522062,0.06857422167194328
72,5,400503,occupancy,5,400503,flow,7,0.004958167942695405,0.03825196051373519,-0.06302572744713872
72,5,400503,occupancy,5,400503,flow,11,0.004586481375993254,0.0360575059950698,0.06358511351147503
72,5,400503,occupancy,6,405843,flow,5,0.00041989464274474895,0.005166462138015709,0.07907511901873189
72,5,400503,occupancy,7,408093,flow,1,1.7122544073698162e-07,5.24233808634841e-06,0.11698668189910681
72,5,400503,occupancy,7,408093,flow,2,0.0015700971302002966,0.015293843523033328,0.0708952650714536
72,5,400503,occupancy,8,401448,flow,7,0.003410479740071702,0.028415183176682263,0.0656749271968559
72,5,400503,occupancy,14,401469,flow,1,1.3439362450832617e-06,3.389261283572499e-05,0.10820221742286408
72,5,400503,occupancy,14,401469,flow,4,0.0010386087135810032,0.010951402593775772,0.07354442896775384
72,5,400503,occupancy,14,401469,flow,6,0.0021466602810270006,0.019739404883006902,0.06883148026378856
72,5,400503,occupancy,15,401472,flow,5,0.0019637956892195056,0.018390629476324007,0.06942436064626029
72,5,400503,occupancy,15,401472,flow,11,0.0010407221569746184,0.010965657849098418,0.073531602471408
72,5,400503,occupancy,16,405838,flow,7,4.193153462283234e-05,0.0007114855835453092,0.09178809312098112
72,5,400503,occupancy,17,400260,flow,1,0.00320824512719013,0.02709073289574152,0.0660991215542556
72,5,400503,occupancy,19,401795,flow,5,0.001259445578191751,0.012771842483071278,0.07231911492779977
72,5,400503,speed,2,400331,flow,3,0.0006209452215167412,0.007166666729768426,-0.0767292107650082
72,5,400503,speed,14,401469,flow,4,0.004700965470476649,0.03679039502659537,-0.0634085750005592
72,5,400503,speed,15,401472,flow,10,0.006461185084232455,0.04670736205469245,-0.06109293757469342
72,5,400503,speed,15,401472,flow,11,0.004704712617423166,0.036792828579413614,-0.06340286276936974
72,6,405843,flow,1,400125,flow,1,1.214198853351342e-06,3.1166601583349954e-05,0.10865093820244104
72,6,405843,flow,1,400125,flow,2,8.534235657975973e-05,0.0013257065099768503,0.08804571751754588
72,6,405843,flow,1,400125,flow,3,2.776390420672888e-05,0.0005003731757386603,0.09389624791851277
72,6,405843,flow,2,400331,flow,2,0.006055342686118994,0.04441270017662828,0.061571181117743075
72,6,405843,flow,2,400331,flow,12,0.00016870430776767952,0.0023832655642785335,0.08431479911216651
72,6,405843,flow,3,400039,flow,1,3.520567084174327e-05,0.0006126174271767957,0.09268744252789395
72,6,405843,flow,3,400039,flow,2,0.00037428423112513743,0.004705785443715348,0.079752877769526
72,6,405843,flow,3,400039,flow,12,0.003457278429184115,0.028672380138367017,0.06558003388317082
72,6,405843,flow,4,400316,flow,10,0.00031930925377799736,0.004105404691431395,0.08068080009439267
72,6,405843,flow,4,400316,flow,12,0.00021513046552508702,0.0029442307750428753,0.0829471142916991
72,6,405843,flow,5,400503,flow,8,0.0022643377543182784,0.020571901364153444,0.0684739711605078
72,6,405843,flow,6,405843,flow,1,1.7194800010330907e-101,7.0076920796820295e-99,0.45363221889994965
72,6,405843,flow,6,405843,flow,2,4.767451124322528e-16,3.792889292278696e-14,0.18066845683155522
72,6,405843,flow,6,405843,flow,3,6.869053638645361e-09,2.598451113743254e-07,0.12951672250356758
72,6,405843,flow,6,405843,flow,4,2.7715115655585077e-06,6.482365978999866e-05,0.10492392886882204
72,6,405843,flow,6,405843,flow,5,0.0008959707200384662,0.009687126364570647,0.07447135959519388
72,6,405843,flow,6,405843,flow,6,1.7944006505167017e-06,4.4119583438999155e-05,0.10691469861925966
72,6,405843,flow,6,405843,flow,7,9.780517696810229e-08,3.131108520773411e-06,0.11926662368125016
72,6,405843,flow,6,405843,flow,10,0.0005857157904585036,0.006834933049110576,0.07708346236758509
72,6,405843,flow,6,405843,flow,12,1.1219731666216176e-10,5.385471199783765e-09,0.1440585174440742
72,6,405843,flow,7,408093,flow,1,4.750994782185359e-06,0.00010444935093659415,0.10246529759215522
72,6,405843,flow,7,408093,flow,2,0.001208841264787027,0.01237780105209755,0.07258127485602844
72,6,405843,flow,7,408093,flow,4,1.1308421756933679e-05,0.0002263096608502595,0.09834327624490681
72,6,405843,flow,7,408093,flow,5,7.47017915419874e-05,0.0011760631904569447,0.08875803008863556
72,6,405843,flow,7,408093,flow,8,0.0035748479611451044,0.029455165348363246,0.06534669607013259
72,6,405843,flow,7,408093,flow,9,5.778057573156274e-06,0.00012400004329873374,0.10154875772346439
72,6,405843,flow,7,408093,flow,11,0.00033733456310606184,0.004307671630559229,0.08036111084178123
72,6,405843,flow,7,408093,flow,12,0.001103267253788045,0.011486918416318498,0.07316251788844044
72,6,405843,flow,8,401448,flow,1,0.001980328106304394,0.018517353721287842,0.06936872249097227
72,6,405843,flow,8,401448,flow,2,0.0008530158806428329,0.00930337679136026,0.07477738068251935
72,6,405843,flow,8,401448,flow,3,7.049203741012857e-05,0.0011171151929998365,0.0890666642992435
72,6,405843,flow,8,401448,flow,4,0.005227973858687012,0.039769056294291054,0.06264294510520284
72,6,405843,flow,8,401448,flow,5,0.0043579462701122335,0.03459450181345985,0.06394978620721861
72,6,405843,flow,8,401448,flow,9,0.0004213926266078677,0.00518046712278312,0.07905404600465375
72,6,405843,flow,8,401448,flow,12,0.0001316569743416641,0.0019247314015431096,0.08568936180223612
72,6,405843,flow,9,402391,flow,11,1.3638318495231435e-05,0.00026707858521940074,0.09743138050851291
72,6,405843,flow,10,400497,flow,2,0.004877873784325547,0.03784557246459476,-0.06314327903298853
72,6,405843,flow,10,400497,flow,3,0.0018649589620359287,0.017675784809116305,-0.06976623508430811
72,6,405843,flow,10,400497,flow,5,2.2806669535369402e-05,0.0004232165480790198,0.09488662207959077
72,6,405843,flow,10,400497,flow,6,0.0005363672869662004,0.006346605385594542,0.07761457053013888
72,6,405843,flow,10,400497,flow,8,8.861491346116768e-06,0.00018168790989665133,-0.09951846871001177
72,6,405843,flow,10,400497,flow,9,0.0021709321469753806,0.01991476689381542,-0.06875629652589448
72,6,405843,flow,10,400497,flow,10,0.000353645990069332,0.004482696506604288,0.08008529716254126
72,6,405843,flow,10,400497,flow,11,1.1997614436702497e-16,9.891163047052442e-15,0.18438839600533163
72,6,405843,flow,10,400497,flow,12,4.744198050264907e-09,1.836463761392867e-07,0.13091923517347048
72,6,405843,flow,11,405841,flow,5,0.00024376638012116067,0.0032704060935509756,0.08223605664153304
72,6,405843,flow,11,405841,flow,7,0.005245441436010717,0.03986683146299489,0.06261878279309709
72,6,405843,flow,11,405841,flow,11,5.942948701904555e-08,1.9703406287204663e-06,0.12126000504211033
72,6,405843,flow,12,404520,flow,10,1.3791581142886711e-06,3.4659470935003255e-05,0.10808758404600555
72,6,405843,flow,12,404520,flow,11,3.976330520104608e-05,0.0006792308361744527,0.09206207032968965
72,6,405843,flow,12,404520,flow,12,4.856295612763159e-05,0.0008075133582423729,0.09102649075437713
72,6,405843,flow,13,400183,flow,3,0.002538090120153627,0.022477550879589317,0.06770398776099548
72,6,405843,flow,13,400183,flow,9,0.00021428119992036282,0.0029340563665799283,0.08296953129155342
72,6,405843,flow,13,400183,flow,10,0.0012978109688078622,0.013106293347991247,0.07212675943222042
72,6,405843,flow,14,401469,flow,1,0.0033381148693763644,0.027936180231898283,0.06582401900340734
72,6,405843,flow,14,401469,flow,2,1.0399065652063758e-05,0.00020992506363044596,0.09874879438141447
72,6,405843,flow,14,401469,flow,6,0.00010302761283075938,0.0015556773415899353,0.08702926213882015
72,6,405843,flow,14,401469,flow,7,3.866230505085114e-05,0.0006625194677496109,0.09220666360371726
72,6,405843,flow,14,401469,flow,8,2.8536049166755796e-06,6.654694100082356e-05,0.10481707101971864
72,6,405843,flow,14,401469,flow,9,5.392352510592055e-05,0.0008864141113302008,0.09047975297081706
72,6,405843,flow,14,401469,flow,11,1.8682870699650473e-05,0.00035383604306220973,0.09588119572981185
72,6,405843,flow,14,401469,flow,12,1.7654342461376202e-09,7.298254491210067e-08,0.13451147139533826
72,6,405843,flow,15,401472,flow,1,4.490167708974515e-17,3.848715179121013e-15,0.18692970284014193
72,6,405843,flow,15,401472,flow,2,3.490008577961938e-11,1.7821320398103514e-09,0.147918802005801
72,6,405843,flow,15,401472,flow,3,9.339615305560395e-09,3.4642723876836476e-07,0.12840077893750984
72,6,405843,flow,15,401472,flow,4,7.328921139278316e-06,0.00015324752817852044,0.10042472807572721
72,6,405843,flow,15,401472,flow,5,1.9669411127975522e-07,5.942087837262535e-06,0.11641546241729543
72,6,405843,flow,15,401472,flow,6,2.682062184036117e-11,1.4027250163481871e-09,0.148775383980865
72,6,405843,flow,15,401472,flow,7,1.3176925178967798e-14,9.30135894985962e-13,0.17169784290392362
72,6,405843,flow,15,401472,flow,8,2.9405154823279755e-10,1.3329514043711284e-08,0.14079391373066033
72,6,405843,flow,15,401472,flow,9,0.00011654562964173467,0.0017301619245783293,0.08635793964850626
72,6,405843,flow,15,401472,flow,10,1.9076843596062535e-09,7.841290612273087e-08,0.13423328985305205
72,6,405843,flow,15,401472,flow,11,9.595616556866215e-08,3.077436044963775e-06,0.11934358627227336
72,6,405843,flow,15,401472,flow,12,1.4118993225905038e-09,5.904554766302978e-08,0.13531047516574612
72,6,405843,flow,16,405838,flow,1,0.0002869288414070647,0.0037595771758523492,0.08130003002099952
72,6,405843,flow,16,405838,flow,6,4.387865579723552e-06,9.732793606788312e-05,0.10283545446923331
72,6,405843,flow,16,405838,flow,7,0.0003722582914860047,0.004683039659928771,0.07978474116391483
72,6,405843,flow,16,405838,flow,11,0.005017353450827414,0.038581286770335406,0.06294017555704522
72,6,405843,flow,17,400260,flow,1,4.803883000061987e-09,1.8562410161241307e-07,0.13087318163526515
72,6,405843,flow,17,400260,flow,2,2.7430154941652387e-06,6.429640225064476e-05,0.10499733559471978
72,6,405843,flow,17,400260,flow,6,0.0002935232087511463,0.0038297199088038417,0.08116879468288118
72,6,405843,flow,17,400260,flow,9,0.0026469025808625213,0.023160446097005915,0.06741887773247673
72,6,405843,flow,17,400260,flow,12,0.0010746432752994429,0.011248991881011855,0.07332896403691956
72,6,405843,flow,18,404528,flow,6,0.00015072428482220844,0.0021574847926836994,0.08494205852311418
72,6,405843,flow,18,404528,flow,11,0.003130092706555822,0.026563236753039073,0.06626959955218416
72,6,405843,flow,18,404528,flow,12,1.4409852797527748e-06,3.606637548396285e-05,0.10789300049164884
72,6,405843,flow,19,401795,flow,1,0.000586581453112777,0.006841338762006471,0.07707452284471802
72,6,405843,flow,19,401795,flow,2,0.005754771022744299,0.04285573318092634,0.061944343540561574
72,6,405843,flow,19,401795,flow,4,0.002690079599011175,0.02346757646956437,0.0673087042319529
72,6,405843,flow,19,401795,flow,8,0.00387625623028568,0.03145271772132633,0.06477892143607017
72,6,405843,occupancy,0,400593,flow,10,0.0021541034191209607,0.019790996960022438,0.06880834220266249
72,6,405843,occupancy,1,400125,flow,1,2.1819783815336507e-12,1.278988684969521e-10,0.15670083365381413
72,6,405843,occupancy,1,400125,flow,2,1.2763500270729593e-08,4.606376037556545e-07,0.1272230496410075
72,6,405843,occupancy,1,400125,flow,3,0.00013487740430830034,0.0019638368271380434,0.08555627186226603
72,6,405843,occupancy,1,400125,flow,6,0.003384574721504507,0.028253841153428928,0.06572796509610764
72,6,405843,occupancy,1,400125,flow,12,0.00043936183490267514,0.005372326993432088,0.07880656860873388
72,6,405843,occupancy,2,400331,flow,1,0.0006587342129397825,0.007534370664283452,0.07636941894594944
72,6,405843,occupancy,2,400331,flow,2,0.000671055700930139,0.007642922826306881,0.07625624550136101
72,6,405843,occupancy,2,400331,flow,3,0.006904244876030271,0.04921025880952116,0.060600737800322546
72,6,405843,occupancy,2,400331,flow,4,0.000546237454667871,0.00644415850600508,0.0775048039458156
72,6,405843,occupancy,2,400331,flow,5,0.0004903654423510978,0.005876223886149078,0.07815234740386581
72,6,405843,occupancy,2,400331,flow,6,0.0005469131296519211,0.006447552649497854,0.07749735742522215
72,6,405843,occupancy,2,400331,flow,7,9.973542621192306e-05,0.0015139038694149951,0.08720531791068806
72,6,405843,occupancy,2,400331,flow,8,3.7684497288557305e-05,0.0006480773419051256,0.09233839080787515
72,6,405843,occupancy,2,400331,flow,9,0.00010984648521700758,0.0016448416503898537,0.08668088519852528
72,6,405843,occupancy,2,400331,flow,10,5.994759640577925e-05,0.0009721231849585824,0.089923649646789
72,6,405843,occupancy,2,400331,flow,11,4.3060141813094374e-07,1.2166109393889321e-05,0.11313573181295161
72,6,405843,occupancy,2,400331,flow,12,5.257934676978758e-11,2.638127503431851e-09,0.14657561107593453
72,6,405843,occupancy,3,400039,flow,1,1.870718700181038e-08,6.613342704404324e-07,0.12576669996254072
72,6,405843,occupancy,3,400039,flow,2,2.8636249903489172e-06,6.672524249356701e-05,0.1048010704114667
72,6,405843,occupancy,3,400039,flow,3,0.001234721132315836,0.012574246326271597,0.07244596297517282
72,6,405843,occupancy,3,400039,flow,4,0.0068216060033830525,0.048711512386991535,0.06069034700935309
72,6,405843,occupancy,3,400039,flow,10,0.0006582772173289914,0.007531137655882528,0.0763736541911591
72,6,405843,occupancy,3,400039,flow,11,0.00040813131652144664,0.005052951657943273,0.07924308259942445
72,6,405843,occupancy,3,400039,flow,12,4.514690061995016e-05,0.0007556552137860702,0.09140557460597283
72,6,405843,occupancy,4,400316,flow,10,6.197016420445713e-08,2.0529993049329357e-06,0.12109372646715046
72,6,405843,occupancy,4,400316,flow,11,2.211214428950115e-06,5.336562197242736e-05,0.1059751392517335
72,6,405843,occupancy,4,400316,flow,12,0.00041709355233848484,0.005145186025420486,0.07911471252379479
72,6,405843,occupancy,5,400503,flow,1,0.0008779198992498837,0.009533971756559822,0.07459826585725848
72,6,405843,occupancy,5,400503,flow,5,0.0025123895952839513,0.022300232281953297,0.06777295689001571
72,6,405843,occupancy,5,400503,flow,6,0.00011106529448482237,0.0016590666396073053,0.0866207726895061
72,6,405843,occupancy,5,400503,flow,7,9.42316365989597e-05,0.001443036760395271,0.08751226894501582
72,6,405843,occupancy,5,400503,flow,8,3.061248982925827e-05,0.0005448947509781447,0.09340082107650592
72,6,405843,occupancy,5,400503,flow,9,0.0002476951871058752,0.003316934929626103,0.08214468067362297
72,6,405843,occupancy,5,400503,flow,11,0.0004450197768291872,0.005429216142056167,0.0787305984810483
72,6,405843,occupancy,5,400503,flow,12,0.0003563899296020479,0.004514969196131516,0.08004007149467292
72,6,405843,occupancy,6,405843,flow,3,3.4643542587880354e-08,1.1887220331981186e-06,0.12338411844590022
72,6,405843,occupancy,6,405843,flow,5,1.0826197556885798e-07,3.4363830599373e-06,0.11885621492488678
72,6,405843,occupancy,6,405843,flow,6,2.1709190854264775e-09,8.852300791618223e-08,0.1337680072251922
72,6,405843,occupancy,6,405843,flow,7,8.922208655528367e-05,0.0013760778790390057,0.08780673504977815
72,6,405843,occupancy,6,405843,flow,10,7.51336175344946e-08,2.455198394470625e-06,0.12032578445181168
72,6,405843,occupancy,6,405843,flow,11,2.334866611484423e-06,5.5912548567697936e-05,0.10572907475433455
72,6,405843,occupancy,6,405843,flow,12,1.1539740707320002e-10,5.5206732951962805e-09,0.14396427548473725
72,6,405843,occupancy,7,408093,flow,1,4.958950722957033e-09,1.9093286206037773e-07,0.1307560816569296
72,6,405843,occupancy,7,408093,flow,2,2.603395657000763e-07,7.727485027572431e-06,0.11525233680188589
72,6,405843,occupancy,7,408093,flow,3,2.3441559399370192e-08,8.213101103428972e-07,0.12489953958075081
72,6,405843,occupancy,7,408093,flow,4,7.88543002023495e-10,3.403102666075423e-08,0.13737166156115277
72,6,405843,occupancy,7,408093,flow,5,2.1172286679214043e-07,6.382713081242475e-06,0.11611106314709016
72,6,405843,occupancy,7,408093,flow,6,0.00028087394352881856,0.0036869505805059138,0.08142304003849012
72,6,405843,occupancy,7,408093,flow,7,7.136394842121945e-06,0.0001497291195627334,0.1005511655648206
72,6,405843,occupancy,7,408093,flow,8,4.1778989710682017e-08,1.4144610936531843e-06,0.12265105025743528
72,6,405843,occupancy,7,408093,flow,9,1.3809879037654223e-11,7.504236156310218e-10,0.15091302910320034
72,6,405843,occupancy,7,408093,flow,10,2.8247132081916377e-06,6.596087059128581e-05,0.10486351031614168
72,6,405843,occupancy,7,408093,flow,11,2.454091559274919e-07,7.301429432553478e-06,0.1154983159438297
72,6,405843,occupancy,7,408093,flow,12,0.0006081757690312814,0.00705003943590628,0.07685540318487176
72,6,405843,occupancy,8,401448,flow,1,4.525670425457545e-08,1.5262214081168302e-06,0.1223367767290259
72,6,405843,occupancy,8,401448,flow,2,6.156437799520728e-07,1.6843452371076343e-05,0.111608647162539
72,6,405843,occupancy,8,401448,flow,3,5.814509621701363e-08,1.9292382154953833e-06,0.12134670163768269
72,6,405843,occupancy,8,401448,flow,4,0.0019543799218316106,0.01831833643374389,0.0694562407812771
72,6,405843,occupancy,8,401448,flow,5,0.0006731654843730019,0.0076629114426650016,0.0762370608768714
72,6,405843,occupancy,8,401448,flow,7,0.0009202994063394366,0.009897515191820487,0.07430401258675878
72,6,405843,occupancy,8,401448,flow,8,0.0009259411084581692,0.009945463919789385,0.07426579126634937
72,6,405843,occupancy,8,401448,flow,9,8.517080979686249e-06,0.00017585749329048465,0.09970830051659342
72,6,405843,occupancy,8,401448,flow,10,7.669589838121596e-05,0.0012061386276186856,0.088617530645738
72,6,405843,occupancy,8,401448,flow,11,0.0019454500552910578,0.018262373400385418,0.069486606190814
72,6,405843,occupancy,8,401448,flow,12,2.4685640238265542e-06,5.859448671939953e-05,0.10547670855613518
72,6,405843,occupancy,9,402391,flow,9,0.004862229487809677,0.03775131449916931,0.06316638585775948
72,6,405843,occupancy,9,402391,flow,10,0.00019102811826545335,0.0026594955556131436,0.08361815706374263
72,6,405843,occupancy,9,402391,flow,11,1.0017391245275769e-08,3.6940768255638114e-07,0.1281375243220626
72,6,405843,occupancy,9,402391,flow,12,0.0013914413541130488,0.013840724498660766,0.07167847469660599
72,6,405843,occupancy,10,400497,flow,2,0.0016103651301366546,0.015615661867991803,-0.07073011948955057
72,6,405843,occupancy,10,400497,flow,4,6.656774476684626e-05,0.0010623297280856145,0.08937048300347425
72,6,405843,occupancy,10,400497,flow,5,4.471856131780761e-05,0.0007493568071874666,0.09145501277790695
72,6,405843,occupancy,10,400497,flow,7,2.244700911328283e-06,5.402288544255255e-05,-0.10590722332331239
72,6,405843,occupancy,10,400497,flow,8,9.004459710502041e-05,0.001387772598978552,-0.08775733293336208
72,6,405843,occupancy,10,400497,flow,10,3.673291768740852e-18,3.3979915291135933e-16,0.19324502444368646
72,6,405843,occupancy,10,400497,flow,11,2.0310196723164242e-22,2.2908629202106928e-20,0.216112691842931
72,6,405843,occupancy,10,400497,flow,12,1.4316817874067555e-05,0.00027809646230203165,0.09719374215528634
72,6,405843,occupancy,11,405841,flow,3,0.005185560477022903,0.03949510095334792,0.06270191882908677
72,6,405843,occupancy,11,405841,flow,4,0.0055535212956532055,0.041709339355392644,0.06220414036692106
72,6,405843,occupancy,11,405841,flow,5,4.609037728936509e-06,0.0001015869540255394,0.10260666763663685
72,6,405843,occupancy,11,405841,flow,7,0.0011583992692951828,0.011940550807337604,0.07285287598063996
72,6,405843,occupancy,11,405841,flow,9,0.0006522490050626294,0.007476029986390445,0.07642977835352881
72,6,405843,occupancy,11,405841,flow,10,1.2136575073100846e-06,3.1166601583349954e-05,0.10865290543222464
72,6,405843,occupancy,11,405841,flow,11,1.6246265031989404e-09,6.741965892237679e-08,0.13480921621836536
72,6,405843,occupancy,11,405841,flow,12,0.0010504986518563887,0.011043770401925833,0.07347258050861202
72,6,405843,occupancy,12,404520,flow,5,0.0012459668381947168,0.012673832684250473,0.07238797934840684
72,6,405843,occupancy,12,404520,flow,9,0.00043730564057633007,0.005350213444604209,0.07883440371067592
72,6,405843,occupancy,12,404520,flow,10,4.245694885583176e-13,2.6390506339164492e-11,0.16165996336207372
72,6,405843,occupancy,12,404520,flow,11,8.357582103916085e-10,3.599676439573029e-08,0.13716726770061588
72,6,405843,occupancy,12,404520,flow,12,0.0015852015274325922,0.015416637997543444,0.07083286770889193
72,6,405843,occupancy,13,400183,flow,1,0.00089021988283156,0.009639375300774381,0.07451153177443
72,6,405843,occupancy,13,400183,flow,2,0.00021337667641631148,0.0029235243961892345,0.08299349872905609
72,6,405843,occupancy,13,400183,flow,3,8.74565721918811e-05,0.0013551377039774978,0.08791424470756537
72,6,405843,occupancy,13,400183,flow,8,2.456956274661541e-05,0.00045185402752396164,0.09451284499075895
72,6,405843,occupancy,13,400183,flow,9,9.731575967010409e-08,3.118724642246659e-06,0.11928685715080102
72,6,405843,occupancy,13,400183,flow,10,6.626386758062064e-05,0.00105794654788504,0.08939471057955883
72,6,405843,occupancy,14,401469,flow,1,0.00018993285650495436,0.0026476603423730327,0.08365050596226378
72,6,405843,occupancy,14,401469,flow,2,8.239427606174341e-05,0.0012873174415433328,0.08823427345187154
72,6,405843,occupancy,14,401469,flow,4,0.00024944670674600965,0.0033362531676246494,0.0821043809818906
72,6,405843,occupancy,14,401469,flow,5,9.122398346454723e-08,2.932199468503304e-06,0.11954728765748313
72,6,405843,occupancy,14,401469,flow,6,8.145964180374448e-11,3.9907888724212074e-09,0.14512706214374138
72,6,405843,occupancy,14,401469,flow,7,1.9585698839860573e-11,1.0445706047925637e-09,0.14979160189521473
72,6,405843,occupancy,14,401469,flow,8,5.471967590503518e-10,2.4023272348552026e-08,0.138649057310743
72,6,405843,occupancy,14,401469,flow,9,5.600694833729087e-07,1.5499680769833218e-05,0.11201472665714637
72,6,405843,occupancy,14,401469,flow,10,1.1082465140232475e-07,3.5125641530303957e-06,0.11876149455310919
72,6,405843,occupancy,14,401469,flow,11,2.2693511566161982e-11,1.2014212005615166e-09,0.14931638061679003
72,6,405843,occupancy,14,401469,flow,12,5.259160239243233e-16,4.138355598093036e-14,0.18049683364741442
72,6,405843,occupancy,15,401472,flow,1,1.1456125911264456e-30,1.6833491134919202e-28,0.2542299051760294
72,6,405843,occupancy,15,401472,flow,2,2.813855177434458e-20,2.8335324863675663e-18,0.20494931964190297
72,6,405843,occupancy,15,401472,flow,3,1.0604644779090661e-16,8.793102772681699e-15,0.18470952031360816
72,6,405843,occupancy,15,401472,flow,4,9.517086248407882e-17,7.952381546058424e-15,0.1849905841184662
72,6,405843,occupancy,15,401472,flow,5,2.822891744050124e-22,3.134933762029958e-20,0.21538670481622021
72,6,405843,occupancy,15,401472,flow,6,1.3986307218962636e-29,1.9875278679578483e-27,0.24957518640578383
72,6,405843,occupancy,15,401472,flow,7,3.4157711089538686e-27,4.554361478605158e-25,0.23899094256817313
72,6,405843,occupancy,15,401472,flow,8,1.984728085202816e-21,2.148878528339891e-19,0.21103086462659623
72,6,405843,occupancy,15,401472,flow,9,4.746380722158857e-16,3.783093121720713e-14,0.18076979222716555
72,6,405843,occupancy,15,401472,flow,10,4.3442638163785095e-23,5.0449515286976246e-21,0.21947916817997423
72,6,405843,occupancy,15,401472,flow,11,1.12572727045126e-23,1.321505926181914e-21,0.22238170803274437
72,6,405843,occupancy,15,401472,flow,12,1.7877290663695788e-24,2.1452748796434945e-22,0.22627173184088292
72,6,405843,occupancy,16,405838,flow,1,1.2776492363073375e-05,0.0002519144089843769,0.09775002944376104
72,6,405843,occupancy,16,405838,flow,5,5.947450662008368e-06,0.0001272560022777422,0.10141277956385698
72,6,405843,occupancy,16,405838,flow,6,6.50518228314878e-08,2.1435840933030306e-06,0.12090068214765796
72,6,405843,occupancy,16,405838,flow,7,0.00092033144735053,0.009897515191820487,0.07430379490391932
72,6,405843,occupancy,16,405838,flow,11,4.268159483515073e-05,0.0007213790676363504,0.09169643532889196
72,6,405843,occupancy,16,405838,flow,12,0.0001796947857608369,0.0025203943976844652,0.08396166274342083
72,6,405843,occupancy,17,400260,flow,1,1.1008096127761372e-12,6.595696986397937e-11,0.15879275127318662
72,6,405843,occupancy,17,400260,flow,2,1.0784241084374418e-07,3.425582462095403e-06,0.11887192891589193
72,6,405843,occupancy,17,400260,flow,3,0.0010852024636981436,0.011323851795111063,0.07326709146477686
72,6,405843,occupancy,17,400260,flow,4,4.270996996841749e-05,0.000721576340491058,0.09169299792706691
72,6,405843,occupancy,17,400260,flow,5,1.9604924154414477e-05,0.0003694421883915089,0.0956418499573906
72,6,405843,occupancy,17,400260,flow,6,1.0410508668189808e-06,2.7157848699625586e-05,0.10932764187806641
72,6,405843,occupancy,17,400260,flow,7,3.210575996320258e-05,0.0005663408862435082,0.09315835187271639
72,6,405843,occupancy,17,400260,flow,8,9.50193252266173e-05,0.001453038884881369,0.08746731754493114
72,6,405843,occupancy,17,400260,flow,9,0.001819563503706803,0.017321538862964718,0.06992886537546933
72,6,405843,occupancy,17,400260,flow,11,0.001340803641880418,0.013442264406877246,0.07191733823630678
72,6,405843,occupancy,17,400260,flow,12,1.4983555651912566e-07,4.620197031853125e-06,0.11753384422476187
72,6,405843,occupancy,18,404528,flow,1,0.0016560023282464306,0.01598286429406743,0.07054748427478826
72,6,405843,occupancy,18,404528,flow,5,1.4978048105200371e-05,0.0002892497443650675,0.0969722616690717
72,6,405843,occupancy,18,404528,flow,6,5.085027504973184e-05,0.000840693410695911,0.09078653994915221
72,6,405843,occupancy,18,404528,flow,7,0.0036754593373993063,0.030123286544422315,0.0651524893495098
72,6,405843,occupancy,18,404528,flow,10,0.004371531182814583,0.034668292047619585,0.06392763015554874
72,6,405843,occupancy,18,404528,flow,11,1.7957975789231845e-08,6.369331314407355e-07,0.12592318332638125
72,6,405843,occupancy,18,404528,flow,12,8.682076200818365e-09,3.244512905496137e-07,0.12867454480649337
72,6,405843,occupancy,19,401795,flow,1,0.00041423059717462667,0.005114250299498106,0.0791554377409005
72,6,405843,occupancy,19,401795,flow,2,0.0003478492056042309,0.00442233245500376,0.08018192812701122
72,6,405843,occupancy,19,401795,flow,4,0.00018635323677133932,0.0026027998152350013,0.08375746697705153
72,6,405843,occupancy,19,401795,flow,8,0.005398186761542648,0.04081233253388911,0.0624105352820213
72,6,405843,occupancy,19,401795,flow,12,0.004663716199336373,0.036551395980484465,0.06346558367502296
72,6,405843,speed,2,400331,flow,11,0.005417584204741337,0.0409231749684955,-0.062384471119707456
72,7,408093,flow,0,400593,flow,4,0.006966405230986293,0.04955519611042448,0.060533966709151996
72,7,408093,flow,0,400593,flow,9,9.798060922526538e-05,0.0014909342439349998,0.0873014125065536
72,7,408093,flow,1,400125,flow,1,4.300502641330054e-06,9.565094812599076e-05,0.10292888051576769
72,7,408093,flow,1,400125,flow,12,0.00011973643237540855,0.0017684150012368034,0.08621022691736066
72,7,408093,flow,2,400331,flow,1,0.00021693376313110596,0.002965676761792335,0.08289978895042441
72,7,408093,flow,2,400331,flow,3,5.5701729121751894e-05,0.0009120006617023425,0.09030972174552067
72,7,408093,flow,2,400331,flow,10,0.006815434989039709,0.04869778225711469,0.06069707757375213
72,7,408093,flow,2,400331,flow,11,0.00673272922696985,0.048242478454983834,0.060787814758603356
72,7,408093,flow,4,400316,flow,9,0.0028514466473141473,0.024616805588323576,0.06691075581020073
72,7,408093,flow,5,400503,flow,1,0.0006369396003716927,0.0073219240915532524,0.07657450901328008
72,7,408093,flow,5,400503,flow,3,0.0015963148437660138,0.015507263604832877,0.07078730609207744
72,7,408093,flow,5,400503,flow,9,0.004184246007872505,0.03348637042239574,0.06423873530382765
72,7,408093,flow,6,405843,flow,1,0.00162500009771365,0.01573638292338706,0.07067103904821911
72,7,408093,flow,6,405843,flow,2,7.043720257665261e-05,0.0011166558353436305,0.08907079828967267
72,7,408093,flow,6,405843,flow,6,0.0065747778322206825,0.04733621440925209,0.06096392206845816
72,7,408093,flow,7,408093,flow,1,1.9018341432334496e-27,2.575524607764421e-25,0.24002546355109539
72,7,408093,flow,7,408093,flow,2,1.2390307342895324e-18,1.1636114722023435e-16,0.19582330617532132
72,7,408093,flow,7,408093,flow,3,1.630067820304852e-12,9.646428744817754e-11,0.1575566687962603
72,7,408093,flow,7,408093,flow,4,7.551702362780457e-25,9.138194455801562e-23,0.22801279379711992
72,7,408093,flow,7,408093,flow,5,0.0008238685556824407,0.009053961232633282,0.07499327494952139
72,7,408093,flow,7,408093,flow,6,9.30922178768432e-05,0.001427798072051687,0.08757792414195573
72,7,408093,flow,7,408093,flow,7,9.310853846386204e-08,2.9883275346499555e-06,0.11946496712906936
72,7,408093,flow,7,408093,flow,11,0.0003066103378524732,0.003975260082601092,0.08091632247123967
72,7,408093,flow,8,401448,flow,11,0.001164581189837049,0.011984256169833375,0.07281900922278566
72,7,408093,flow,10,400497,flow,1,0.0002621733183508737,0.003480604595192914,0.08181928171961333
72,7,408093,flow,10,400497,flow,10,0.001923005687915266,0.018106766721434065,0.06956349509176614
72,7,408093,flow,10,400497,flow,12,0.005129835032626252,0.0391673512565313,0.06278006790263486
72,7,408093,flow,11,405841,flow,6,5.772576439716376e-06,0.00012394398717482477,0.10155322103178306
72,7,408093,flow,11,405841,flow,9,0.0012192729002628365,0.01244920569400958,0.07252641479425904
72,7,408093,flow,12,404520,flow,6,0.0004970503127351391,0.005944387364631821,0.0780713519816642
72,7,408093,flow,12,404520,flow,9,0.00018068172787294703,0.002532592681411847,0.08393095178051849
72,7,408093,flow,13,400183,flow,3,0.0014796468082895464,0.014553903032356194,0.07128090427218141
72,7,408093,flow,13,400183,flow,6,0.0003788173419902544,0.004745698138529788,0.07968216186269148
72,7,408093,flow,14,401469,flow,1,0.0003030444957000758,0.003932569003978154,0.08098409850719056
72,7,408093,flow,14,401469,flow,2,0.0011137671863703385,0.0115716071311204,0.0731024606307392
72,7,408093,flow,14,401469,flow,3,0.003594517943266468,0.02958901965493739,0.06530834045737852
72,7,408093,flow,14,401469,flow,4,8.899122742579084e-07,2.374565178995778e-05,0.11001349374997807
72,7,408093,flow,14,401469,flow,7,3.1538318060066784e-05,0.000558612275602659,0.09324920330950233
72,7,408093,flow,14,401469,flow,10,0.0007129659269540768,0.008050216425618432,0.07588523681740933
72,7,408093,flow,15,401472,flow,1,2.8900192506254174e-06,6.730395235957845e-05,0.10475917814585417
72,7,408093,flow,15,401472,flow,2,4.809295151355057e-07,1.3429964482129183e-05,0.11266566174202994
72,7,408093,flow,15,401472,flow,3,3.595515953240299e-05,0.000622300838060821,0.09257950747153511
72,7,408093,flow,15,401472,flow,4,1.0103878452902176e-05,0.00020463551297017065,0.09888773261244649
72,7,408093,flow,15,401472,flow,5,0.0006367237882422418,0.007321391443190004,0.07657657225545422
72,7,408093,flow,15,401472,flow,6,0.0021311902665371177,0.01962639512138211,0.06887980710599603
72,7,408093,flow,15,401472,flow,7,0.0011776904740724028,0.012098984180720047,0.07274773776606584
72,7,408093,flow,15,401472,flow,8,0.0017288304514770363,0.016582032749513313,0.07026540288887725
72,7,408093,flow,15,401472,flow,9,0.0008913874570961949,0.009646277090820546,0.07450335633612033
72,7,408093,flow,15,401472,flow,11,5.088805657566936e-06,0.00011074881834100335,0.10214450384870541
72,7,408093,flow,15,401472,flow,12,0.003232433096421104,0.027199281216476762,0.06604712518619096
72,7,408093,flow,16,405838,flow,1,0.0010673436214768143,0.011188848446444645,0.07337206641804353
72,7,408093,flow,16,405838,flow,2,0.004760717153435897,0.037150104954557575,0.06331797502564938
72,7,408093,flow,16,405838,flow,10,0.00631803346627307,0.04589736301020427,0.06125846109247011
72,7,408093,flow,17,400260,flow,3,0.0011688289968395835,0.012022241110350003,0.07279583432148659
72,7,408093,flow,17,400260,flow,4,0.0027909163885543086,0.024169124640608875,0.06705756187862115
72,7,408093,flow,17,400260,flow,11,0.001060322173106944,0.011136863087337705,0.0734137839587615
72,7,408093,flow,17,400260,flow,12,0.005416593045023188,0.04092284357205347,0.06238580088905795
72,7,408093,flow,18,404528,flow,1,2.4794522702175078e-05,0.0004554096006521953,0.09446699514043881
72,7,408093,flow,18,404528,flow,3,3.332501976694774e-05,0.0005845070458514585,0.09296818816891728
72,7,408093,occupancy,0,400593,flow,3,0.006840586963765373,0.04882904111610445,0.06066967918477905
72,7,408093,occupancy,1,400125,flow,1,0.004297659539686775,0.03419762241931639,0.06404887088143887
72,7,408093,occupancy,2,400331,flow,1,0.002003081651263751,0.0186896603314458,0.06929284039054256
72,7,408093,occupancy,2,400331,flow,9,0.0024222093252663415,0.021656659712917744,0.06802017431657666
72,7,408093,occupancy,2,400331,flow,11,8.621218370689768e-05,0.0013378734787117365,0.08799125889368675
72,7,408093,occupancy,2,400331,flow,12,0.006009529971404549,0.044146301493478125,0.06162696529238528
72,7,408093,occupancy,3,400039,flow,1,0.00336842935592757,0.028151702104095767,0.06576120822629332
72,7,408093,occupancy,5,400503,flow,1,0.000973346843148025,0.010364452458465536,0.07395288300047873
72,7,408093,occupancy,6,405843,flow,2,0.004416254397334625,0.03497382034186174,0.0638551276945785
72,7,408093,occupancy,7,408093,flow,3,7.062565806503588e-07,1.9080853210816448e-05,0.11098894895745315
72,7,408093,occupancy,7,408093,flow,5,0.0010167363250371186,0.010749635154577466,0.0736786089444869
72,7,408093,occupancy,7,408093,flow,6,0.00014771296546478793,0.002120704588926168,0.08505394368831205
72,7,408093,occupancy,7,408093,flow,7,1.5315359857989054e-05,0.00029484115234631336,0.09686284266337405
72,7,408093,occupancy,10,400497,flow,1,0.004664083425374842,0.036551395980484465,0.06346501964126244
72,7,408093,occupancy,11,405841,flow,6,0.00030471405462299264,0.003953047195109093,0.08095227278511515
72,7,408093,occupancy,11,405841,flow,11,0.006645560987389681,0.04772871731591592,0.060884537864342905
72,7,408093,occupancy,12,404520,flow,6,0.0021371260491932,0.019664290804078007,0.06886122640474647
72,7,408093,occupancy,12,404520,flow,9,0.002646560160570129,0.023160446097005915,0.06741975801736483
72,7,408093,occupancy,14,401469,flow,2,3.3281901369310713e-06,7.615350313316858e-05,0.10411260933149381
72,7,408093,occupancy,14,401469,flow,4,4.386042781887954e-05,0.0007384140614869821,0.09155542202633374
72,7,408093,occupancy,14,401469,flow,7,0.00026407256662090874,0.0034982934308565644,0.08177785161248732
72,7,408093,occupancy,14,401469,flow,10,0.0004138153401795391,0.005110583961050912,0.07916136652606758
72,7,408093,occupancy,15,401472,flow,1,6.311190570356834e-11,3.130234588282609e-09,0.14597321590554962
72,7,408093,occupancy,15,401472,flow,2,1.8101762922197935e-11,9.750575539139037e-10,0.15004521067015741
72,7,408093,occupancy,15,401472,flow,3,2.7354313772029675e-07,8.071764719615314e-06,0.11504589885065994
72,7,408093,occupancy,15,401472,flow,4,3.517611742675813e-11,1.7919908877782445e-09,0.14789309766469433
72,7,408093,occupancy,15,401472,flow,5,1.3373320922791706e-08,4.810386876474618e-07,0.12704613792949881
72,7,408093,occupancy,15,401472,flow,6,1.24212324813792e-06,3.169505275815602e-05,0.10855058873367263
72,7,408093,occupancy,15,401472,flow,7,2.2817616041658583e-07,6.840534441357743e-06,0.11580086566489466
72,7,408093,occupancy,15,401472,flow,8,5.3321351800871777e-08,1.7828811128464866e-06,0.12168975857384937
72,7,408093,occupancy,15,401472,flow,9,1.3881176165707233e-07,4.30485865296879e-06,0.11784608719415901
72,7,408093,occupancy,15,401472,flow,10,8.672407515918565e-06,0.0001784888064257656,0.09962179707165965
72,7,408093,occupancy,15,401472,flow,11,1.1336219653523167e-09,4.787142610285443e-08,0.13609086568912318
72,7,408093,occupancy,15,401472,flow,12,2.852033796378085e-07,8.358742198340115e-06,0.11487143606735342
72,7,408093,occupancy,16,405838,flow,5,0.0005933817292152201,0.00690015900460229,0.07700472158245004
72,7,408093,occupancy,17,400260,flow,3,0.0038429316025676507,0.031229241014093773,0.0648396847620059
72,7,408093,occupancy,17,400260,flow,8,0.0056647892127993735,0.042311785094200506,0.06205947359416965
72,7,408093,occupancy,18,404528,flow,1,3.563416830394215e-05,0.0006179831676958253,0.09262547006063382
72,7,408093,occupancy,18,404528,flow,3,0.003570297051933523,0.02943451004647485,0.06535559746619125
72,7,408093,speed,9,402391,flow,7,0.006132736469374762,0.04490410431813385,-0.0614777992600267
72,7,408093,speed,14,401469,flow,11,0.0013300579192305948,0.013358167589847012,0.07196909483412126
72,8,401448,flow,0,400593,flow,9,0.004198533652992076,0.03356961943536141,0.06421456152284973
72,8,401448,flow,1,400125,flow,1,1.3618359260963222e-05,0.0002668086712351978,0.09743854037395447
72,8,401448,flow,1,400125,flow,2,0.00041139006206345505,0.005086448391854968,0.0791961044769933
72,8,401448,flow,1,400125,flow,5,0.0038561469467165745,0.03130718814098027,0.06481553120254192
72,8,401448,flow,1,400125,flow,11,0.00021835648426951125,0.0029822953273610136,0.0828627111310066
72,8,401448,flow,1,400125,flow,12,0.006842539782231205,0.048834911381527846,0.06066755573889587
72,8,401448,flow,2,400331,flow,1,0.00042632025614053315,0.005235643303361965,0.07898521593737699
72,8,401448,flow,2,400331,flow,10,0.0012994826892038906,0.013119339138492189,0.07211849759043852
72,8,401448,flow,3,400039,flow,11,0.00037688975525317775,0.0047330341357375814,0.0797121348349556
72,8,401448,flow,4,400316,flow,9,0.000939551637588122,0.010066624688444166,0.07417446302929089
72,8,401448,flow,4,400316,flow,10,7.661143902065516e-06,0.00015919260056240032,0.1002138312466633
72,8,401448,flow,5,400503,flow,7,0.004647036145970107,0.03644072635794311,0.06349124554041867
72,8,401448,flow,5,400503,flow,9,0.0012198394882478628,0.012452047706121851,0.07252344752224324
72,8,401448,flow,7,408093,flow,1,0.0032316911634289887,0.02719833591664374,0.06604871482922715
72,8,401448,flow,7,408093,flow,3,0.005138691543811341,0.03920033104231855,0.06276759649734477
72,8,401448,flow,7,408093,flow,6,0.003957977805752638,0.031977677428186635,0.06463189594467023
72,8,401448,flow,7,408093,flow,10,0.001302243260494178,0.013141067239745032,0.07210487595085127
72,8,401448,flow,8,401448,flow,1,1.3910825206869845e-92,5.049980243166195e-90,0.4349191893949847
72,8,401448,flow,8,401448,flow,2,5.185662566985791e-19,4.9235301734898064e-17,0.1979388181214621
72,8,401448,flow,8,401448,flow,3,8.037484380172914e-08,2.604796138210577e-06,0.12002577476209213
72,8,401448,flow,8,401448,flow,4,0.001437080742741482,0.014193390051767722,0.07146995552498513
72,8,401448,flow,8,401448,flow,5,2.722826993032203e-07,8.045147475082132e-06,0.11506518579417317
72,8,401448,flow,8,401448,flow,7,0.00034411362233043925,0.00438645868535703,0.08024500006122544
72,8,401448,flow,8,401448,flow,12,0.002989836566715446,0.025591626645949526,0.06658551397010465
72,8,401448,flow,9,402391,flow,11,0.0026038966244141173,0.0228960582484612,0.06753025871864007
72,8,401448,flow,10,400497,flow,10,0.0009766398754127567,0.0103902521997795,0.0739316743246979
72,8,401448,flow,10,400497,flow,11,0.0026285922029067677,0.02306449500850632,0.06746609614159475
72,8,401448,flow,11,405841,flow,4,0.0012500857966153932,0.01271273691473281,0.07236686248556877
72,8,401448,flow,11,405841,flow,11,0.0004755035724758343,0.005728319668420536,0.07833616831759946
72,8,401448,flow,12,404520,flow,2,0.0026433138208579463,0.02313903891814859,-0.06742810879233412
72,8,401448,flow,12,404520,flow,9,0.00276122252413516,0.023962397156014247,0.06713064479206148
72,8,401448,flow,12,404520,flow,10,0.0002714285833118315,0.003582558753153413,0.08161997879373667
72,8,401448,flow,13,400183,flow,4,0.00016521990826429456,0.002344006580301322,0.08443128080509717
72,8,401448,flow,14,401469,flow,1,0.0007273429917759922,0.008184148173704917,0.07576261936232567
72,8,401448,flow,14,401469,flow,3,0.00369195193812665,0.0302183258293049,0.06512111607869626
72,8,401448,flow,14,401469,flow,4,0.0002805259626564194,0.0036846219479347276,0.08143018476335377
72,8,401448,flow,14,401469,flow,5,0.002440087667208196,0.021783795665094866,0.06797050185902044
72,8,401448,flow,14,401469,flow,6,0.004849132723161647,0.037669939514580676,0.0631857816882478
72,8,401448,flow,14,401469,flow,7,0.0012525369062416961,0.012725680703114127,0.07235432671193065
72,8,401448,flow,14,401469,flow,9,0.0005928703089314652,0.006896068213742406,0.07700994509995646
72,8,401448,flow,14,401469,flow,10,0.0009400971147464878,0.010068757844092276,0.07417082839779811
72,8,401448,flow,17,400260,flow,2,1.9596696900532225e-06,4.782922633350238e-05,0.10651933740227316
72,8,401448,flow,17,400260,flow,4,0.0018447752795600024,0.017530640580068653,0.0698380897213705
72,8,401448,flow,17,400260,flow,12,0.002500403234237046,0.022225806526551522,0.06780534389850486
72,8,401448,flow,18,404528,flow,12,0.0049401122979151205,0.038184442882435714,0.06305201037915986
72,8,401448,flow,19,401795,flow,12,0.005563956132273249,0.04175838325209911,0.062190462837707
72,8,401448,occupancy,2,400331,flow,7,0.0010189894413876101,0.010768415003740569,0.07366466412323255
72,8,401448,occupancy,3,400039,flow,4,0.006191633435524201,0.04524332956945965,0.06140744327767789
72,8,401448,occupancy,7,408093,flow,5,0.0002878408062626026,0.003766956325520882,0.08128171368151546
72,8,401448,occupancy,9,402391,flow,1,0.004196723116853895,0.03356135480342248,-0.06421762070440012
72,8,401448,occupancy,14,401469,flow,6,0.003963141295641042,0.03201340762372719,0.06462269910187476
72,8,401448,occupancy,15,401472,flow,8,0.0035236740823653104,0.029144690859311012,0.0654473890774282
72,8,401448,speed,2,400331,flow,7,0.0022392238238962054,0.020387889847823165,-0.06854881612690734
72,8,401448,speed,7,408093,flow,5,3.9360940848029296e-05,0.0006731562330304298,-0.09211446708965793
72,8,401448,speed,8,401448,flow,9,0.004431181334243169,0.03505989627093496,-0.06383107704812784
72,8,401448,speed,9,402391,flow,1,0.002635491951884327,0.02308586778706658,0.0674482680453141
72,8,401448,speed,13,400183,flow,3,0.0011468918622645676,0.011841713300628422,-0.07291636459499601
72,8,401448,speed,14,401469,flow,6,0.0011909167791521805,0.012214531068227492,-0.07267656862676827
72,8,401448,speed,14,401469,flow,9,0.006496434307723104,0.04691166944619476,-0.061052685771406386
72,8,401448,speed,16,405838,flow,8,0.002144782844292763,0.019726339977314745,-0.06883732815205389
72,8,401448,speed,19,401795,flow,8,0.0007463165177836823,0.008363391327692626,0.07560419910413858
72,9,402391,flow,3,400039,flow,1,0.0013732071879584112,0.01370352287359745,0.07176355011926445
72,9,402391,flow,3,400039,flow,3,0.006382099906932593,0.04625175574223923,-0.06118396974843027
72,9,402391,flow,4,400316,flow,10,0.00578123105929654,0.04301492933449436,0.061910797055422545
72,9,402391,flow,4,400316,flow,11,0.0033402595729724945,0.0279378922657138,0.06581955821000086
72,9,402391,flow,5,400503,flow,1,1.3320316326663687e-16,1.0960717434511833e-14,0.18411581789815717
72,9,402391,flow,7,408093,flow,1,2.7283628883438565e-06,6.402242084543976e-05,0.10502174091162633
72,9,402391,flow,7,408093,flow,2,0.005813444193859445,0.04315587426101203,0.06187014291525688
72,9,402391,flow,7,408093,flow,3,0.000921221804058161,0.009904624672800537,0.07429774873075551
72,9,402391,flow,7,408093,flow,6,0.001049428064946006,0.011035855015985262,0.07347901896023874
72,9,402391,flow,9,402391,flow,1,2.6619568804385975e-127,1.369006395654136e-124,0.5018418210369753
72,9,402391,flow,9,402391,flow,2,6.7933412607536555e-12,3.8262365379994515e-10,0.15312636751889733
72,9,402391,flow,9,402391,flow,6,0.004311651846588002,0.034283703252825634,0.06402576202741223
72,9,402391,flow,10,400497,flow,8,0.00023333864801840134,0.0031559892280510135,-0.08248545051244051
72,9,402391,flow,10,400497,flow,10,4.311254561698304e-05,0.0007272401291111548,0.09164446121525607
72,9,402391,flow,10,400497,flow,11,9.41664059311067e-06,0.00019170540698509943,0.09922682913953021
72,9,402391,flow,10,400497,flow,12,3.698322892204106e-06,8.347311857012402e-05,0.10362713406762333
72,9,402391,flow,12,404520,flow,10,0.00027004209482910715,0.0035675285922377453,0.0816494262223943
72,9,402391,flow,12,404520,flow,11,0.00034387832619371076,0.004384753155716736,0.08024899421707753
72,9,402391,flow,14,401469,flow,1,4.732739725736309e-07,1.3283249291664737e-05,0.11273401628624818
72,9,402391,flow,15,401472,flow,1,1.0132439171504263e-06,2.652856801266571e-05,0.10944630874365867
72,9,402391,flow,15,401472,flow,12,0.0033424409657626646,0.027948386415516797,0.06581502377918773
72,9,402391,flow,16,405838,flow,1,0.0004405790694180996,0.005385686417335004,0.07879014787138842
72,9,402391,flow,16,405838,flow,2,0.004680976554217216,0.03667359215491182,0.0634391163013203
72,9,402391,flow,17,400260,flow,9,0.004531328995540794,0.03566935360921325,-0.06367158816579717
72,9,402391,flow,18,404528,flow,1,1.1954657000595393e-12,7.123326654147876e-11,0.15850257651891808
72,9,402391,flow,18,404528,flow,2,0.00526230301875943,0.039962695866532075,0.06257978537047292
72,9,402391,occupancy,5,400503,flow,1,0.0019053078122549046,0.018001024791477773,0.06962470652777247
72,9,402391,occupancy,5,400503,flow,10,0.0019386164396957269,0.01821801831517411,0.0695099299321414
72,9,402391,occupancy,6,405843,flow,1,0.005983294743098841,0.04399631198329701,0.06164357587572526
72,9,402391,occupancy,10,400497,flow,8,0.006814936051508513,0.04869778225711469,-0.06069762199097462
72,9,402391,occupancy,10,400497,flow,12,0.006354036507831801,0.04609477365883019,0.06121651647943762
72,9,402391,occupancy,15,401472,flow,1,0.0010482746143411444,0.011026409383865945,0.07348596254918005
72,9,402391,occupancy,15,401472,flow,2,0.0003771285890684792,0.004734657090310462,0.07970841333222918
72,9,402391,occupancy,15,401472,flow,5,0.006411344163110401,0.046393646205421996,0.06115019014421747
72,9,402391,occupancy,16,405838,flow,8,0.005605212358087127,0.04199222242581828,0.06213661148128462
72,9,402391,speed,14,401469,flow,8,0.0040997806865022465,0.03288420673304634,-0.06438319305484587
72,9,402391,speed,15,401472,flow,1,0.0029430404525610174,0.025288321563818366,-0.06669392831115688
72,9,402391,speed,15,401472,flow,2,0.005605767285409584,0.04199222242581828,-0.06213588957878153
72,10,400497,flow,1,400125,flow,1,1.0733026482347035e-12,6.439815889408221e-11,0.15886958749880845
72,10,400497,flow,1,400125,flow,2,5.120469945890081e-09,1.966260459221791e-07,0.1306378361148361
72,10,400497,flow,1,400125,flow,3,0.004078057579675518,0.03275182886075151,0.06442078135721249
72,10,400497,flow,1,400125,flow,12,1.2507144849255663e-08,4.5214113597309174e-07,0.12729988225640854
72,10,400497,flow,2,400331,flow,3,0.004242664732302545,0.033853549397020684,0.06414036257417213
72,10,400497,flow,2,400331,flow,10,0.00032401159237523006,0.004157202492013644,0.08059580525751373
72,10,400497,flow,3,400039,flow,1,6.18922464126745e-14,4.088295175883087e-12,0.16730249302225286
72,10,400497,flow,3,400039,flow,2,0.00011585743606758943,0.001722905761831278,0.08639029750231954
72,10,400497,flow,3,400039,flow,3,0.0027740126793130222,0.024063724447052723,0.0670990779867279
72,10,400497,flow,3,400039,flow,6,3.6428639922254436e-07,1.0456592987650443e-05,0.11384340175196621
72,10,400497,flow,3,400039,flow,11,0.003976075554642371,0.03208788790595001,0.06459970915532606
72,10,400497,flow,3,400039,flow,12,0.00012809718109294707,0.0018822442936106507,0.0858400914686036
72,10,400497,flow,4,400316,flow,1,2.466954106807025e-15,1.847008967314792e-13,0.17633140059559885
72,10,400497,flow,4,400316,flow,3,4.265432364846308e-05,0.0007212003059153053,-0.09169974103927993
72,10,400497,flow,4,400316,flow,4,6.085055865798587e-07,1.667984856614841e-05,-0.11165878155819478
72,10,400497,flow,4,400316,flow,6,5.488031631074191e-07,1.5226908571766542e-05,0.11210176571418534
72,10,400497,flow,4,400316,flow,11,0.00010807726544792853,0.0016217220796632555,0.08676927275781329
72,10,400497,flow,4,400316,flow,12,8.736701734754239e-24,1.0312172539382053e-21,0.22292196575531917
72,10,400497,flow,5,400503,flow,1,8.733489645549884e-07,2.3332514080875386e-05,0.11009536564442844
72,10,400497,flow,5,400503,flow,8,0.0008346069233881907,0.00914511208253994,0.07491292408567961
72,10,400497,flow,5,400503,flow,12,0.00018620675371169753,0.0026015950065799913,0.08376188495432495
72,10,400497,flow,6,405843,flow,1,1.0374299403927156e-22,1.1856342175916748e-20,0.21758599633392245
72,10,400497,flow,6,405843,flow,2,1.0278799505610314e-14,7.327461033702402e-13,0.17239285796327947
72,10,400497,flow,6,405843,flow,4,0.0015457070321331422,0.015093703387918569,-0.07099719797658421
72,10,400497,flow,6,405843,flow,6,0.00013481410614049754,0.001963577001102324,0.08555885881464674
72,10,400497,flow,6,405843,flow,7,1.196081137497768e-10,5.7094701812048156e-09,0.143844087224302
72,10,400497,flow,6,405843,flow,12,1.0388592156271327e-11,5.724326290190323e-10,0.1518205161952438
72,10,400497,flow,7,408093,flow,5,0.00036471440833092363,0.004604226312067768,0.07990483135601495
72,10,400497,flow,7,408093,flow,11,0.0007118019553322618,0.008039175024929075,0.07589526415681494
72,10,400497,flow,8,401448,flow,1,4.1052801090284534e-05,0.0006982208689371227,0.09189747317662664
72,10,400497,flow,8,401448,flow,2,8.329931750974237e-09,3.1210151920389163e-07,0.12882956141752896
72,10,400497,flow,8,401448,flow,3,9.331393468797279e-06,0.00019032870531257906,0.09927052797641937
72,10,400497,flow,8,401448,flow,12,0.0006026096720581668,0.006998047804546453,0.0769111821226432
72,10,400497,flow,9,402391,flow,1,6.919992100920979e-09,2.613143870277852e-07,0.12952159474842578
72,10,400497,flow,9,402391,flow,4,0.0017123158836708798,0.01644919861565088,-0.07032839701882525
72,10,400497,flow,9,402391,flow,7,0.0005404987550379967,0.006388384738068798,0.07756839732494254
72,10,400497,flow,9,402391,flow,12,2.5777943191912817e-08,8.973466123212197e-07,0.1245325869384816
72,10,400497,flow,10,400497,flow,1,0.0,0.0,0.8019093573809941
72,10,400497,flow,10,400497,flow,2,1.779929839939647e-17,1.591986937585771e-15,-0.18924291753725245
72,10,400497,flow,10,400497,flow,3,1.1684065333689556e-05,0.00023271167469589158,-0.0981847780146425
72,10,400497,flow,10,400497,flow,4,3.2030936148731353e-06,7.372064153570561e-05,0.104288459410341
72,10,400497,flow,10,400497,flow,5,1.0962784155402293e-31,1.644417623310344e-29,0.2585099496319546
72,10,400497,flow,10,400497,flow,6,4.2140111256185435e-71,1.1521853204222853e-68,0.384805352592505
72,10,400497,flow,10,400497,flow,7,8.328166042640434e-19,7.872577090636035e-17,0.19688841305218427
72,10,400497,flow,10,400497,flow,8,5.631980947386996e-08,1.874434336880726e-06,-0.12147315381742646
72,10,400497,flow,10,400497,flow,9,1.5303647005578769e-27,2.0855443237886526e-25,-0.24056882778514235
72,10,400497,flow,10,400497,flow,10,4.3613575663286216e-05,0.0007348309160116867,-0.09156166998810446
72,10,400497,flow,10,400497,flow,11,1.1305756899791402e-34,1.8022461183431314e-32,0.270548490277994
72,10,400497,flow,10,400497,flow,12,2.444046219834941e-136,1.3536255986778136e-133,0.5171584243122853
72,10,400497,flow,11,405841,flow,6,1.0798590242472896e-05,0.00021687545256849331,0.09856662368571657
72,10,400497,flow,11,405841,flow,7,0.00589110340235686,0.04353973394846315,0.06177296235876129
72,10,400497,flow,11,405841,flow,12,7.047901710415873e-08,2.3100861448404073e-06,0.12058128660206462
72,10,400497,flow,12,404520,flow,1,2.1945447430507922e-16,1.788760998109325e-14,0.182808712623428
72,10,400497,flow,12,404520,flow,2,0.001293274467519922,0.013071936592620643,-0.07214922891794337
72,10,400497,flow,12,404520,flow,3,4.64793710244155e-18,4.2904034791768154e-16,-0.19266059164109675
72,10,400497,flow,12,404520,flow,4,3.3461791792993836e-12,1.9325526810926924e-10,-0.1553789833836179
72,10,400497,flow,12,404520,flow,6,6.5248052363132275e-15,4.705702607825233e-13,0.17365712406959144
72,10,400497,flow,12,404520,flow,7,9.4644886086847e-07,2.5037716343856646e-05,0.10974467388572862
72,10,400497,flow,12,404520,flow,11,8.69483910386063e-10,3.730060072361263e-08,0.13702804803606086
72,10,400497,flow,12,404520,flow,12,3.2775281750164274e-28,4.509210737602218e-26,0.2435656096482523
72,10,400497,flow,14,401469,flow,1,7.986531449647728e-12,4.4575989486405924e-10,0.152653922521381
72,10,400497,flow,14,401469,flow,2,0.0008039854723740249,0.008885180968676867,0.07514464962350872
72,10,400497,flow,14,401469,flow,7,2.923159877918391e-06,6.789274555165296e-05,0.1047070946209935
72,10,400497,flow,14,401469,flow,8,1.0456039840315158e-07,3.32622180487198e-06,0.11899693077350368
72,10,400497,flow,14,401469,flow,12,0.002575428588596698,0.022705828978840787,0.06760491614039663
72,10,400497,flow,15,401472,flow,1,2.617209446685804e-28,3.635480646200216e-26,0.2439997174850128
72,10,400497,flow,15,401472,flow,2,3.2240108863119346e-22,3.571212058683989e-20,0.2150929718496748
72,10,400497,flow,15,401472,flow,3,6.201174434842712e-13,3.805266130471664e-11,0.16052610762156963
72,10,400497,flow,15,401472,flow,4,0.0008754886002361897,0.009509959147649837,0.07461554346283837
72,10,400497,flow,15,401472,flow,5,0.0057979738944508,0.0430809205779626,0.06188964159400033
72,10,400497,flow,15,401472,flow,6,1.0191381584374654e-10,4.930209232306664e-09,0.1443801986188982
72,10,400497,flow,15,401472,flow,7,1.2460928391037133e-19,1.2234366056654639e-17,0.20145068610798003
72,10,400497,flow,15,401472,flow,8,3.498654530935955e-13,2.190461967194685e-11,0.16223608060538328
72,10,400497,flow,15,401472,flow,9,1.0528510617638716e-06,2.7399497510963406e-05,0.109278203053156
72,10,400497,flow,15,401472,flow,12,4.2251307875148936e-08,1.4293316368100502e-06,0.12260691172453675
72,10,400497,flow,16,405838,flow,1,2.3154427466352084e-13,1.468827116808238e-11,0.16345797876230844
72,10,400497,flow,16,405838,flow,2,0.0045087960292279254,0.03555028079259835,0.06370719249681502
72,10,400497,flow,16,405838,flow,5,0.0005003798534322263,0.005977989399411553,-0.07803138843513882
72,10,400497,flow,16,405838,flow,7,1.2807206973059627e-08,4.618291663073254e-07,0.12721009992633728
72,10,400497,flow,16,405838,flow,8,0.0004173835433408454,0.0051472934833926695,0.07911060199572212
72,10,400497,flow,16,405838,flow,9,0.006147930117919335,0.04500009845715271,-0.06145959153038238
72,10,400497,flow,16,405838,flow,10,2.22783518597055e-05,0.00041448096483173025,-0.09500399958407355
72,10,400497,flow,16,405838,flow,11,4.1645488479927e-09,1.6296060709536654e-07,-0.1313983233113515
72,10,400497,flow,17,400260,flow,1,2.095369061689456e-17,1.8549168742824694e-15,0.18887585871406723
72,10,400497,flow,17,400260,flow,2,1.0545409023476478e-16,8.760801342580458e-15,0.18472408142312755
72,10,400497,flow,17,400260,flow,3,0.002884641525965125,0.02488845894182013,0.06683145008545857
72,10,400497,flow,17,400260,flow,7,1.674609883960554e-08,5.96285149329156e-07,0.12619023691350595
72,10,400497,flow,17,400260,flow,10,0.0006395320248149417,0.0073478147531929475,-0.07654977515052047
72,10,400497,flow,17,400260,flow,12,0.0008860217248245291,0.009601843797898777,0.07454100986510075
72,10,400497,flow,18,404528,flow,1,4.817332681724789e-15,3.533255888803241e-13,0.17449585044242194
72,10,400497,flow,18,404528,flow,2,3.439292757510297e-06,7.848782204143942e-05,0.10396166279753442
72,10,400497,flow,18,404528,flow,4,0.005116117578979166,0.03908697394160032,-0.0627994227399581
72,10,400497,flow,18,404528,flow,7,0.0005793525116768472,0.006767990401416927,0.07714955445978143
72,10,400497,flow,18,404528,flow,8,0.0006120464502532738,0.007079091472808949,0.07681689349947504
72,10,400497,flow,18,404528,flow,12,4.0607517171145754e-07,1.1541083827588795e-05,0.11338436308945987
72,10,400497,flow,19,401795,flow,1,0.0010676423236993175,0.01118926452785311,0.0733702973269408
72,10,400497,occupancy,1,400125,flow,1,1.5920635139117822e-13,1.0358003584486294e-11,0.1645587657251677
72,10,400497,occupancy,1,400125,flow,2,2.3088115877710645e-10,1.066745033066417e-08,0.14162042851603474
72,10,400497,occupancy,1,400125,flow,3,1.1137676867397773e-06,2.8759572066442547e-05,0.10903116695604839
72,10,400497,occupancy,1,400125,flow,4,8.479686162721933e-05,0.0013186552996025467,0.08808013819845986
72,10,400497,occupancy,1,400125,flow,6,0.0021188302273407364,0.01956261291325493,0.06891865023159892
72,10,400497,occupancy,1,400125,flow,12,2.2415486667434224e-06,5.402288544255255e-05,0.10591357498096445
72,10,400497,occupancy,2,400331,flow,2,0.0020963104908158265,0.019396147612603064,0.06898995848279166
72,10,400497,occupancy,2,400331,flow,3,4.804048794054333e-05,0.0008003660158239381,0.0910828004595243
72,10,400497,occupancy,2,400331,flow,4,0.00015264467038953255,0.002182081323900664,0.08487179987507765
72,10,400497,occupancy,2,400331,flow,5,0.0001796029364383674,0.002519924278706551,0.0839645289005922
72,10,400497,occupancy,2,400331,flow,6,0.0007865730837458652,0.008719516863695504,0.07528009298068908
72,10,400497,occupancy,2,400331,flow,7,0.0008725121931504687,0.009487170084092687,0.07463675540459364
72,10,400497,occupancy,2,400331,flow,9,5.350264307427096e-05,0.000880165339226392,0.090520773949626
72,10,400497,occupancy,2,400331,flow,10,2.460193951514731e-07,7.314547742975663e-06,0.11548798242109551
72,10,400497,occupancy,2,400331,flow,11,0.0004188395258427873,0.005156417075066518,0.07909000411424073
72,10,400497,occupancy,2,400331,flow,12,3.5675437593076004e-07,1.0260844900272192e-05,0.11393151120465524
72,10,400497,occupancy,3,400039,flow,1,1.8611612829887235e-16,1.5285583160667844e-14,0.18324117067353404
72,10,400497,occupancy,3,400039,flow,2,5.419284633723132e-09,2.0736323842058398e-07,0.13042833695391912
72,10,400497,occupancy,3,400039,flow,3,1.1603179545629464e-06,2.9907956824056852e-05,0.10885099821403538
72,10,400497,occupancy,3,400039,flow,6,0.00014990628365283538,0.002147910929951074,0.0849722417318559
72,10,400497,occupancy,3,400039,flow,7,1.0530814376677243e-05,0.00021228706536278904,0.09868799391535217
72,10,400497,occupancy,3,400039,flow,8,0.0002359797704220152,0.0031837370650315603,0.0824213109477734
72,10,400497,occupancy,3,400039,flow,12,3.615911883899932e-05,0.0006251377828181546,0.0925505044911114
72,10,400497,occupancy,4,400316,flow,1,7.159211120920618e-14,4.7146024454843095e-12,0.16688270639951927
72,10,400497,occupancy,4,400316,flow,3,0.0032691937470015293,0.027444455862896636,-0.06596877594162678
72,10,400497,occupancy,4,400316,flow,4,0.00016853043502491644,0.0023815880906366996,-0.08432055774680806
72,10,400497,occupancy,4,400316,flow,6,0.003377573741138412,0.02820629917208185,0.06574236228160413
72,10,400497,occupancy,4,400316,flow,7,8.400319907929006e-08,2.7162711079530917e-06,0.1198787144436617
72,10,400497,occupancy,4,400316,flow,11,0.0010410673077111477,0.010966619773987218,0.07352951003841389
72,10,400497,occupancy,4,400316,flow,12,4.778868537865427e-16,3.794983838893134e-14,0.18075165571533133
72,10,400497,occupancy,5,400503,flow,1,2.0971809540645145e-10,9.731280044638778e-09,0.14194764634975054
72,10,400497,occupancy,5,400503,flow,2,1.1509514488406586e-05,0.00022987102445638674,0.09825781364122645
72,10,400497,occupancy,5,400503,flow,3,0.0002757267014967257,0.0036310313329837303,0.08152957871984938
72,10,400497,occupancy,5,400503,flow,6,0.0002828942743014744,0.00371234284624049,0.08138172174011574
72,10,400497,occupancy,5,400503,flow,7,7.209692373368647e-06,0.00015104690132372725,0.10050264904345277
72,10,400497,occupancy,5,400503,flow,8,3.6682397480208733e-07,1.0515458335401575e-05,0.11381411254052967
72,10,400497,occupancy,5,400503,flow,9,0.00014192896404674176,0.0020492417268780892,0.08527500203397857
72,10,400497,occupancy,5,400503,flow,11,0.0013650695739682295,0.013644378897600073,0.07180185437393509
72,10,400497,occupancy,5,400503,flow,12,8.014094681035434e-06,0.00016580885546969864,0.09999914116759251
72,10,400497,occupancy,6,405843,flow,1,1.2824376308538719e-34,2.0368127078267377e-32,0.2703978263941008
72,10,400497,occupancy,6,405843,flow,2,4.494868377558602e-28,6.164390917794653e-26,0.2429547201981544
72,10,400497,occupancy,6,405843,flow,6,3.9493784475711315e-06,8.872238634169156e-05,0.1033236729912091
72,10,400497,occupancy,6,405843,flow,7,3.1683343211398606e-15,2.3558010787132873e-13,0.17564742348343768
72,10,400497,occupancy,6,405843,flow,8,2.583074848064732e-10,1.182338644187979e-08,0.1412374278973571
72,10,400497,occupancy,6,405843,flow,12,2.8367120719544266e-10,1.2886010673862379e-08,0.14091703919857912
72,10,400497,occupancy,7,408093,flow,1,0.00031783934859740793,0.004091376596963058,0.08070760891784394
72,10,400497,occupancy,7,408093,flow,2,3.1604287578588544e-05,0.0005595513210635348,0.09323856175831201
72,10,400497,occupancy,7,408093,flow,3,3.084012011875981e-05,0.0005482688021112855,0.09336314369892275
72,10,400497,occupancy,7,408093,flow,5,1.0519080913485677e-08,3.847792510267411e-07,0.12795357908391344
72,10,400497,occupancy,7,408093,flow,6,0.0010467231842288876,0.011015454703699865,0.07349531306017983
72,10,400497,occupancy,7,408093,flow,7,0.004099868922782119,0.03288420673304634,0.06438304074497589
72,10,400497,occupancy,7,408093,flow,9,1.2573528531767653e-05,0.00024836599568923756,0.09782805057023215
72,10,400497,occupancy,7,408093,flow,11,5.178231600806549e-10,2.275682656712542e-08,0.13884093950376925
72,10,400497,occupancy,7,408093,flow,12,0.0002373367165450125,0.003200045616337247,0.0823886188544458
72,10,400497,occupancy,8,401448,flow,1,2.4318005403530392e-08,8.506379218077027e-07,0.12475789248372883
72,10,400497,occupancy,8,401448,flow,2,1.1788389610859209e-11,6.45447948275181e-10,0.15141823383857014
72,10,400497,occupancy,8,401448,flow,3,1.1697398046909561e-07,3.6939151727082825e-06,0.11854257590862913
72,10,400497,occupancy,8,401448,flow,4,1.2888307240012777e-06,3.2693768218940223e-05,0.10838748972629046
72,10,400497,occupancy,8,401448,flow,5,3.590894432633989e-05,0.0006217500580753039,0.09258610095578003
72,10,400497,occupancy,8,401448,flow,7,1.9634142149157447e-05,0.0003697449611349615,0.09563444199511319
72,10,400497,occupancy,8,401448,flow,8,1.9687719799179205e-06,4.799714984901476e-05,0.10649850400873276
72,10,400497,occupancy,8,401448,flow,9,4.6003971640823065e-06,0.00010150008043327663,0.10261540648516564
72,10,400497,occupancy,8,401448,flow,10,0.0005398720908917616,0.006382724227291763,0.0775753797259786
72,10,400497,occupancy,8,401448,flow,11,2.5785585533951597e-05,0.00046959148305706077,0.09426959982528042
72,10,400497,occupancy,8,401448,flow,12,4.9286299968022124e-05,0.0008170253870370513,0.09094947138885953
72,10,400497,occupancy,9,402391,flow,1,5.128308933106718e-06,0.0001113840854249423,0.10210833045602032
72,10,400497,occupancy,9,402391,flow,2,4.042747948776167e-05,0.0006889416622766484,0.091976670226793
72,10,400497,occupancy,9,402391,flow,7,0.0003166886888832334,0.004077779838973378,0.08072867623977928
72,10,400497,occupancy,9,402391,flow,8,0.00023503594775372275,0.003171994046535715,0.08244415400287403
72,10,400497,occupancy,9,402391,flow,12,8.940911275956121e-07,2.3842430069216323e-05,0.10999306947854592
72,10,400497,occupancy,10,400497,flow,1,1.180149228019486e-63,3.016712819552769e-61,0.36505658226675514
72,10,400497,occupancy,10,400497,flow,3,1.171772205378261e-31,1.751576445409719e-29,-0.2583895834840291
72,10,400497,occupancy,10,400497,flow,4,1.1973267900525706e-09,5.040401610208399e-08,-0.13589691454650496
72,10,400497,occupancy,10,400497,flow,5,1.4440236053879628e-05,0.00028024177786504937,0.09715167300870399
72,10,400497,occupancy,10,400497,flow,6,3.5138986226851824e-27,4.670782169230766e-25,0.23893507107509668
72,10,400497,occupancy,10,400497,flow,7,7.258426395216887e-14,4.772663931101515e-12,0.1668429661676294
72,10,400497,occupancy,10,400497,flow,8,2.4182253868351223e-11,1.2739919111131377e-09,-0.14911088839020903
72,10,400497,occupancy,10,400497,flow,9,3.761895733442578e-16,3.0151001054678915e-14,-0.18138671807867315
72,10,400497,occupancy,10,400497,flow,10,3.3825083233126575e-12,1.9509260289333351e-10,-0.15534545369810032
72,10,400497,occupancy,10,400497,flow,11,2.0660517655247417e-24,2.4655645378637803e-22,0.22596847785778854
72,10,400497,occupancy,10,400497,flow,12,1.4662674560528486e-99,5.865069824211394e-97,0.44989668389224863
72,10,400497,occupancy,11,405841,flow,1,1.793917398545426e-07,5.4624974068801425e-06,0.11679506031471207
72,10,400497,occupancy,11,405841,flow,6,2.980182709195192e-11,1.5436917630363586e-09,0.14843311458995975
72,10,400497,occupancy,11,405841,flow,7,6.696906854626373e-07,1.8192328487057367e-05,0.11124627377622212
72,10,400497,occupancy,11,405841,flow,11,0.0018319163811333136,0.017419940053920127,0.06988424519712161
72,10,400497,occupancy,11,405841,flow,12,4.6514030007087044e-08,1.5637401527674397e-06,0.12222888727968001
72,10,400497,occupancy,12,404520,flow,1,2.399923292848619e-21,2.579022046046277e-19,0.21060144654593813
72,10,400497,occupancy,12,404520,flow,3,1.1301779496326587e-07,3.571593813030787e-06,-0.11868209972148876
72,10,400497,occupancy,12,404520,flow,4,4.530136085516598e-07,1.2749308071291013e-05,-0.112920192353571
72,10,400497,occupancy,12,404520,flow,6,4.6718387439538e-10,2.0615263916118914e-08,0.13919813342991502
72,10,400497,occupancy,12,404520,flow,7,1.4684591823520294e-19,1.4287710963425152e-17,0.2010606595205961
72,10,400497,occupancy,12,404520,flow,9,0.0053973910918784255,0.04081233253388911,0.06241160621893732
72,10,400497,occupancy,12,404520,flow,11,2.2436863784476304e-06,5.402288544255255e-05,0.10590926663547237
72,10,400497,occupancy,12,404520,flow,12,1.4687854280075476e-20,1.5071622444162959e-18,0.2064580673109323
72,10,400497,occupancy,13,400183,flow,3,0.0003081882805088134,0.003992663579034619,0.08088656558520878
72,10,400497,occupancy,13,400183,flow,4,0.004101742572668859,0.032893127740726696,0.06437980722843302
72,10,400497,occupancy,13,400183,flow,7,0.0009278516614793672,0.009961031753456428,0.07425289654168002
72,10,400497,occupancy,13,400183,flow,8,0.0003605012130535503,0.004559031734166678,0.07997291457487467
72,10,400497,occupancy,13,400183,flow,10,0.005256266711942055,0.039928032698416875,0.06260384498300435
72,10,400497,occupancy,13,400183,flow,12,0.0005954338805588866,0.006922159214247551,0.07698380345381833
72,10,400497,occupancy,14,401469,flow,1,2.2615028826921808e-13,1.436719478416209e-11,0.16352747326399641
72,10,400497,occupancy,14,401469,flow,2,6.180900453295438e-09,2.3504832709715044e-07,0.1299413352103515
72,10,400497,occupancy,14,401469,flow,3,5.842053885737774e-07,1.6095454583155092e-05,0.11183380357301968
72,10,400497,occupancy,14,401469,flow,6,0.0012702720944163754,0.01286050022938538,0.07226429168747436
72,10,400497,occupancy,14,401469,flow,7,9.81636552398374e-17,8.170847603778373e-15,0.18491020370084843
72,10,400497,occupancy,14,401469,flow,8,1.753660239498234e-13,1.1290331199154054e-11,0.16427538040007167
72,10,400497,occupancy,14,401469,flow,9,4.247499274708204e-07,1.2024375404154288e-05,0.11319378650083149
72,10,400497,occupancy,14,401469,flow,11,0.00021240345591211392,0.0029120372248185723,0.08301939315833441
72,10,400497,occupancy,14,401469,flow,12,1.6667926513018252e-05,0.00031832644799398253,0.0964459857429152
72,10,400497,occupancy,15,401472,flow,1,6.733690050015365e-50,1.4190020007837256e-47,0.32442257725833884
72,10,400497,occupancy,15,401472,flow,2,1.5213271452603346e-48,3.0855085763026504e-46,0.3200713846959108
72,10,400497,occupancy,15,401472,flow,3,2.1845075040584717e-32,3.346479580685318e-30,0.26140639350307393
72,10,400497,occupancy,15,401472,flow,4,4.341806905137374e-21,4.5972073113219255e-19,0.20925515106426906
72,10,400497,occupancy,15,401472,flow,5,1.2657541090400823e-12,7.511068339358731e-11,0.1583681288210429
72,10,400497,occupancy,15,401472,flow,6,2.5464271816826716e-23,2.973125790505173e-21,0.22063221892348148
72,10,400497,occupancy,15,401472,flow,7,3.6717751177364942e-37,6.196120511180334e-35,0.28024548676171035
72,10,400497,occupancy,15,401472,flow,8,3.1875402023612584e-32,4.848652702183323e-30,0.26073118800385103
72,10,400497,occupancy,15,401472,flow,9,1.945314951450278e-25,2.4358726348594784e-23,0.23086622040168975
72,10,400497,occupancy,15,401472,flow,10,1.4499488316808562e-13,9.490574171001967e-12,0.16483238095754157
72,10,400497,occupancy,15,401472,flow,11,6.931826649571512e-13,4.235571587856992e-11,0.16019117760321117
72,10,400497,occupancy,15,401472,flow,12,2.405729775199736e-26,3.1209467353942523e-24,0.23510593228740612
72,10,400497,occupancy,16,405838,flow,1,8.614016779843977e-12,4.795432021768813e-10,0.1523767194941286
72,10,400497,occupancy,16,405838,flow,2,1.1738156137663634e-13,7.6948155561012e-12,0.16540779490539487
72,10,400497,occupancy,16,405838,flow,3,0.00023145207204663354,0.0031324340577739878,-0.08253168410133432
72,10,400497,occupancy,16,405838,flow,4,0.0001988396962020852,0.002754931005750507,-0.08339236577667831
72,10,400497,occupancy,16,405838,flow,7,4.402313217322808e-05,0.0007405760552505659,0.09153624195089671
72,10,400497,occupancy,16,405838,flow,9,0.0005820588741751123,0.006797767873577954,-0.07712136274420617
72,10,400497,occupancy,16,405838,flow,11,0.0004968013467353061,0.005943455602039663,-0.07807435026454362
72,10,400497,occupancy,17,400260,flow,1,5.937652669103393e-12,3.3618164522315405e-10,0.15358800726179012
72,10,400497,occupancy,17,400260,flow,2,2.688587605806835e-25,3.327993827245137e-23,0.23020218459203567
72,10,400497,occupancy,17,400260,flow,3,2.9215547618529665e-07,8.52778146703028e-06,0.11477066443041012
72,10,400497,occupancy,17,400260,flow,4,0.00014190140358261922,0.0020492417268780892,0.08527607551819177
72,10,400497,occupancy,17,400260,flow,6,0.0002968264793098929,0.0038669794650746003,0.08110408999397432
72,10,400497,occupancy,17,400260,flow,7,2.334104598819166e-09,9.459035522419134e-08,0.13350641823108478
72,10,400497,occupancy,17,400260,flow,8,2.15254271739778e-07,6.480128598716661e-06,0.11604256911323335
72,10,400497,occupancy,17,400260,flow,9,0.0007719685008838433,0.008590685017563635,0.07539585742114394
72,10,400497,occupancy,18,404528,flow,1,1.7148241526892141e-13,1.1056776626294634e-11,0.16434107118022473
72,10,400497,occupancy,18,404528,flow,2,6.729209347295632e-12,3.795063235028346e-10,0.15319438274866037
72,10,400497,occupancy,18,404528,flow,3,0.0036668312506138757,0.030082004718565192,0.06516895323653263
72,10,400497,occupancy,18,404528,flow,7,3.7154469895800646e-05,0.0006397262253880382,0.09241115581742945
72,10,400497,occupancy,18,404528,flow,8,5.012454264211893e-08,1.6785893349918897e-06,0.12193408942137832
72,10,400497,occupancy,18,404528,flow,9,0.0027349915101957632,0.023777748689969205,0.06719580411865562
72,10,400497,occupancy,18,404528,flow,12,0.0002651179690148161,0.0035078395900275815,0.08175516621430551
72,10,400497,occupancy,19,401795,flow,1,3.373353375544238e-05,0.0005907128732205557,0.09290594860713078
72,10,400497,occupancy,19,401795,flow,2,4.462970535340517e-05,0.0007481580408487013,0.09146532456134056
72,10,400497,occupancy,19,401795,flow,3,0.0012558040197712505,0.012743888572731506,0.07233765277253719
72,10,400497,speed,1,400125,flow,10,8.334929442784036e-05,0.0012998879130984489,0.08817250337112617
72,10,400497,speed,1,400125,flow,11,8.751237119190664e-06,0.0001800254493090651,0.09957846020725744
72,10,400497,speed,1,400125,flow,12,0.00026331538541996013,0.003491107944610949,0.08179433516034987
72,10,400497,speed,2,400331,flow,10,0.00398713710969382,0.03215313106939948,-0.0645801016056952
72,10,400497,speed,3,400039,flow,2,0.003026991441959129,0.025826599500566157,-0.06650053203554475
72,10,400497,speed,3,400039,flow,3,0.001106913526686655,0.011508703815370275,-0.07314160239833599
72,10,400497,speed,3,400039,flow,6,0.0035381448052230614,0.029241984998208577,-0.06541878144521707
72,10,400497,speed,4,400316,flow,1,0.0006135821824165817,0.007090745343215381,-0.07680167710993004
72,10,400497,speed,4,400316,flow,2,0.0038335745208216503,0.031164926477134983,-0.06485683225162979
72,10,400497,speed,4,400316,flow,12,0.004767543747147119,0.037183226191867765,-0.06330768958659076
72,10,400497,speed,6,405843,flow,1,2.498523436884556e-05,0.00045753261750365896,-0.09442843421383965
72,10,400497,speed,6,405843,flow,2,5.394107039856984e-07,1.4975927000117077e-05,-0.11217565408560454
72,10,400497,speed,6,405843,flow,3,0.0009254390037154875,0.009942542889955,-0.07426918416454498
72,10,400497,speed,6,405843,flow,6,0.00013328095788272922,0.0019438681230701897,-0.08562186936403511
72,10,400497,speed,7,408093,flow,6,6.165451414149481e-06,0.00013165966440497159,-0.10124313215881305
72,10,400497,speed,7,408093,flow,11,0.006188249372153064,0.04523390404010362,-0.061411469405438714
72,10,400497,speed,8,401448,flow,5,0.0003992008173223699,0.0049684457817131605,-0.07937364243708599
72,10,400497,speed,9,402391,flow,2,0.0019840424682837582,0.018548070683804017,-0.0693562808171898
72,10,400497,speed,9,402391,flow,3,0.003885751134040346,0.03151200469129772,-0.06476169546045751
72,10,400497,speed,9,402391,flow,5,0.00019133820176954467,0.002662954354524591,-0.08360903028671422
72,10,400497,speed,10,400497,flow,1,1.7225186378281105e-07,5.2700286936384114e-06,-0.11696211761322131
72,10,400497,speed,10,400497,flow,2,2.5207887247803376e-05,0.0004604569679091357,-0.09438376735635114
72,10,400497,speed,10,400497,flow,6,0.0004878883319425756,0.005855380963508052,-0.07818262212450314
72,10,400497,speed,10,400497,flow,9,2.712096389598153e-09,1.0878603902566408e-07,0.13296308180231084
72,10,400497,speed,10,400497,flow,10,1.8653559071115685e-09,7.674607160687597e-08,0.13431389595502607
72,10,400497,speed,10,400497,flow,11,1.3740000988877505e-07,4.264138237927502e-06,0.11788779404586693
72,10,400497,speed,12,404520,flow,1,1.5117063091493231e-13,9.879835484909343e-12,-0.1647103809400123
72,10,400497,speed,12,404520,flow,2,1.945504649796181e-06,4.751034532006502e-05,-0.10655194394721569
72,10,400497,speed,12,404520,flow,8,0.000140948478587815,0.0020384915550698385,0.08531331329243748
72,10,400497,speed,12,404520,flow,12,1.112708103908985e-05,0.00022295449948454618,-0.0984215967765807
72,10,400497,speed,14,401469,flow,2,0.00011943184430742195,0.0017650742028481822,-0.0862241661430783
72,10,400497,speed,14,401469,flow,3,0.00029833489736257485,0.0038807791526839002,-0.08107476684905998
72,10,400497,speed,14,401469,flow,4,0.0038084523315549358,0.03098707084595712,-0.0649030590470722
72,10,400497,speed,14,401469,flow,6,2.1824106211339335e-05,0.00040637990876287035,-0.0951070565575854
72,10,400497,speed,15,401472,flow,1,4.057968841238507e-11,2.0551495186577198e-09,-0.1474260672298216
72,10,400497,speed,15,401472,flow,2,4.913770451029985e-15,3.597879381093142e-13,-0.17444118167155914
72,10,400497,speed,15,401472,flow,3,3.8148556456213793e-13,2.378091831036704e-11,-0.16197876128983701
72,10,400497,speed,15,401472,flow,4,3.5039284695607115e-11,1.7871276255610713e-09,-0.14790581491447718
72,10,400497,speed,15,401472,flow,5,2.6076451674444323e-14,1.7776543824660475e-12,-0.1697728460681869
72,10,400497,speed,15,401472,flow,6,8.878364141398826e-15,6.371184898811117e-13,-0.17280134323475502
72,10,400497,speed,15,401472,flow,7,1.7599115826936284e-14,1.2262609737478184e-12,-0.17088444083590545
72,10,400497,speed,15,401472,flow,8,1.3994963653682073e-11,7.595256656269668e-10,-0.15087045451457892
72,10,400497,speed,15,401472,flow,9,3.1422475598587894e-11,1.6198698637935526e-09,-0.14826085441635398
72,10,400497,speed,15,401472,flow,10,3.06146202002236e-15,2.280261366637344e-13,-0.17574138143134965
72,10,400497,speed,15,401472,flow,11,2.894029656879741e-11,1.504477511157699e-09,-0.14852845512947044
72,10,400497,speed,15,401472,flow,12,6.37688400528173e-09,2.4165034125278133e-07,-0.12982546684813814
72,10,400497,speed,17,400260,flow,4,0.002930140359230384,0.025190460401741808,-0.0667240907997203
72,10,400497,speed,17,400260,flow,7,3.963296960759992e-11,2.0142873965274313e-09,-0.1475033202641314
72,10,400497,speed,17,400260,flow,8,0.002802120368881228,0.024258837662458725,-0.0670301707805608
72,10,400497,speed,17,400260,flow,11,0.0034895005847062873,0.028895231983766843,0.06551537406007488
72,10,400497,speed,17,400260,flow,12,1.2833256482590971e-07,4.002864115869531e-06,0.11816597489794266
72,10,400497,speed,18,404528,flow,2,0.005436115952956982,0.04103420261545146,-0.06235964870252029
72,10,400497,speed,19,401795,flow,3,0.0017655046963844672,0.01687758417433259,-0.07012746475987969
72,10,400497,speed,19,401795,flow,4,0.00484879852012237,0.037669939514580676,-0.0631862772501426
72,10,400497,speed,19,401795,flow,7,0.0007285710980649756,0.008190026395109797,-0.07575224979460049
72,10,400497,speed,19,401795,flow,8,2.9644153971028204e-05,0.0005302805182395107,-0.09356413186954256
72,10,400497,speed,19,401795,flow,11,0.0038954391538220247,0.03156686765055552,0.0647441584619907
72,11,405841,flow,0,400593,flow,2,5.8222555194608324e-05,0.0009487794735598188,0.09007728372452986
72,11,405841,flow,0,400593,flow,6,0.0009112370419195017,0.009829073710592377,0.07436586469632761
72,11,405841,flow,2,400331,flow,1,0.001652462397906604,0.015962964130045904,0.07056148406368364
72,11,405841,flow,2,400331,flow,3,1.2319807058405688e-06,3.1454826532099626e-05,0.10858678397021555
72,11,405841,flow,2,400331,flow,7,4.337912193742987e-06,9.639804874984415e-05,0.10288865426082869
72,11,405841,flow,2,400331,flow,8,0.0006547414015388023,0.0075006174877953495,0.0764065153131939
72,11,405841,flow,2,400331,flow,10,0.0023489473100668278,0.0211846604999764,0.06822728956157963
72,11,405841,flow,2,400331,flow,11,0.0008194289528863463,0.00902123617856528,0.07502677869267256
72,11,405841,flow,3,400039,flow,6,0.005262680018164374,0.039962695866532075,0.06259500834913706
72,11,405841,flow,5,400503,flow,1,0.002895617809714504,0.02496820147298734,0.06680540978039132
72,11,405841,flow,5,400503,flow,12,0.00014440427437749365,0.0020815030540899983,0.08517937944740221
72,11,405841,flow,6,405843,flow,1,0.004664533473157658,0.036551395980484465,0.0634643284538281
72,11,405841,flow,6,405843,flow,2,0.006553169835147345,0.047230052865926804,0.06098830872583203
72,11,405841,flow,6,405843,flow,12,0.003097240440844853,0.026354782181912544,0.06634242197674288
72,11,405841,flow,7,408093,flow,3,2.0945575861620887e-05,0.0003918791152975411,0.09531229653188612
72,11,405841,flow,7,408093,flow,10,0.0027284047588852544,0.023730035350079122,0.06721225557626642
72,11,405841,flow,8,401448,flow,2,0.001852418339062132,0.017584635013471798,0.06981079564056422
72,11,405841,flow,8,401448,flow,8,0.0062808025354426315,0.04572994516667229,0.06130206292924702
72,11,405841,flow,8,401448,flow,12,0.00011131797039174595,0.0016611179001462606,0.08660838839790985
72,11,405841,flow,9,402391,flow,10,0.0017642696713058817,0.01686951080133114,0.07013206688756914
72,11,405841,flow,10,400497,flow,1,5.881082787415612e-05,0.0009562016425154476,0.09002441312538173
72,11,405841,flow,10,400497,flow,5,0.000703708833957595,0.007964427987154337,0.07596540839416556
72,11,405841,flow,11,405841,flow,1,4.918733529471573e-41,8.85372035304883e-39,0.2943732313002953
72,11,405841,flow,11,405841,flow,2,7.217679041728411e-25,8.808015101770265e-23,0.2281066831216756
72,11,405841,flow,11,405841,flow,3,4.046264443285707e-09,1.5847563368081828e-07,0.13147117395628735
72,11,405841,flow,11,405841,flow,4,2.331835047275953e-09,9.458711177682739e-08,0.13347659183019733
72,11,405841,flow,11,405841,flow,5,3.530679192076548e-16,2.8350435148272653e-14,0.1815096977010932
72,11,405841,flow,11,405841,flow,6,1.228236960767112e-06,3.143808790946901e-05,0.10860021652592919
72,11,405841,flow,11,405841,flow,9,0.0032209609361521477,0.027163312506975113,0.06607174231931265
72,11,405841,flow,11,405841,flow,12,2.6044486574410784e-07,7.727485027572431e-06,0.1152506508135233
72,11,405841,flow,12,404520,flow,11,0.002211549048773237,0.02020461492857953,0.06863218838791525
72,11,405841,flow,12,404520,flow,12,0.001328578065102447,0.013347574979633885,0.07197625270635022
72,11,405841,flow,13,400183,flow,1,0.00013429921661435194,0.0019567373213288377,0.08555845890951866
72,11,405841,flow,13,400183,flow,2,4.382767002122452e-11,2.2170437294108893e-09,0.14713712422715367
72,11,405841,flow,14,401469,flow,1,0.005026280388969709,0.03863440908319386,0.06292735100295399
72,11,405841,flow,14,401469,flow,5,0.002409341733355951,0.021562784934944495,0.06805613305146642
72,11,405841,flow,14,401469,flow,7,1.2954489071599327e-05,0.00025484417793604524,0.09768257244169416
72,11,405841,flow,15,401472,flow,1,2.0796428820692763e-05,0.0003892572465571609,0.09534795091626011
72,11,405841,flow,15,401472,flow,2,5.982374386323217e-05,0.0009704790592908862,0.08993453979546735
72,11,405841,flow,15,401472,flow,3,0.0022636947539478236,0.020570385647990318,0.06847587794044833
72,11,405841,flow,15,401472,flow,5,0.0001275802060026812,0.0018752857772425407,0.08586230864968024
72,11,405841,flow,15,401472,flow,6,4.2433926622427204e-05,0.0007183172531696141,0.0917265305009583
72,11,405841,flow,15,401472,flow,7,0.00020765996070019993,0.002855159230505613,0.08314721899929287
72,11,405841,flow,15,401472,flow,8,1.4191557717001102e-05,0.0002764631681411589,0.09723679403412996
72,11,405841,flow,15,401472,flow,12,0.0003065747347913616,0.003975260082601092,0.08091699552632003
72,11,405841,flow,16,405838,flow,2,0.0011991169962464773,0.0122869673239677,0.07263280983207113
72,11,405841,flow,17,400260,flow,4,0.0014442400546912889,0.014257580064594077,0.07143780072325102
72,11,405841,flow,17,400260,flow,7,0.006249395698872559,0.04558060006606358,0.06133902520776522
72,11,405841,flow,17,400260,flow,10,0.000849823567400912,0.009282522910674943,0.07480068985821466
72,11,405841,flow,18,404528,flow,1,0.0029770142193811517,0.025502084925097316,0.06661506524921038
72,11,405841,occupancy,0,400593,flow,2,0.0012642976252085162,0.012812023788179193,0.07229449161739578
72,11,405841,occupancy,2,400331,flow,3,0.00010319066052881699,0.0015575948759066717,0.08702068140680123
72,11,405841,occupancy,2,400331,flow,6,0.002290441349136396,0.020739271910017253,0.06839697795732955
72,11,405841,occupancy,2,400331,flow,7,5.439819512503645e-05,0.0008931972745730045,0.0904338517271099
72,11,405841,occupancy,2,400331,flow,8,0.0023637455740694578,0.021284721370669776,0.06818498241348686
72,11,405841,occupancy,5,400503,flow,1,0.006209038476588477,0.04535516776946605,0.06138676717205499
72,11,405841,occupancy,5,400503,flow,12,0.0019211836586041058,0.018093554404119767,0.06956977299875192
72,11,405841,occupancy,6,405843,flow,1,0.0026575682488525895,0.0232355693888751,0.06739151066225174
72,11,405841,occupancy,6,405843,flow,7,0.004811602253020804,0.03744572461367299,0.06324162643015074
72,11,405841,occupancy,7,408093,flow,3,0.0003024506982738319,0.003927222772897366,0.08099545724877757
72,11,405841,occupancy,8,401448,flow,8,0.005200928467737765,0.03960029236340715,0.06268050025197237
72,11,405841,occupancy,8,401448,flow,12,0.00020629956377832143,0.00284007047648932,0.08318438419751763
72,11,405841,occupancy,9,402391,flow,10,0.0025932917007807036,0.02282603942007465,0.06755798257086068
72,11,405841,occupancy,10,400497,flow,1,0.002211870943359962,0.02020461492857953,0.06863121317852039
72,11,405841,occupancy,10,400497,flow,6,0.004203186135139419,0.03359438317077205,0.06420670591383841
72,11,405841,occupancy,11,405841,flow,1,4.780231658070662e-06,0.00010487862246249497,-0.10241100774767932
72,11,405841,occupancy,11,405841,flow,3,0.000808542903754036,0.008930977612419932,0.07510964863697144
72,11,405841,occupancy,11,405841,flow,4,1.0726502047658378e-06,2.781421899512857e-05,0.10916908513587774
72,11,405841,occupancy,11,405841,flow,6,0.004689259492712412,0.03672516499006095,0.06342644641411882
72,11,405841,occupancy,11,405841,flow,12,7.512746687699388e-05,0.0011823339049494119,0.08872774309543643
72,11,405841,occupancy,12,404520,flow,11,0.005873244907999959,0.043445921237259974,0.06179520736494025
72,11,405841,occupancy,14,401469,flow,5,0.006630723843870448,0.04764591983619484,0.06090111476316606
72,11,405841,occupancy,14,401469,flow,7,2.9819067650930715e-05,0.0005323073233554574,0.09353426112416383
72,11,405841,occupancy,15,401472,flow,1,3.8031875103345666e-05,0.000653011528006571,0.09229122571945572
72,11,405841,occupancy,15,401472,flow,2,0.0009992143888379798,0.010587702133382568,0.07378804040269436
72,11,405841,occupancy,15,401472,flow,3,0.002422337493815244,0.021656659712917744,0.06801981702667378
72,11,405841,occupancy,15,401472,flow,5,0.003134944934452315,0.026580887373570172,0.06625890286532829
72,11,405841,occupancy,15,401472,flow,6,0.00011783489989680673,0.0017469003690947327,0.08629780172732973
72,11,405841,occupancy,15,401472,flow,7,0.0001111826237712609,0.0016602451942338303,0.08661501878215472
72,11,405841,occupancy,15,401472,flow,8,2.603497479266072e-05,0.0004737619675833796,0.09422106380845152
72,11,405841,occupancy,15,401472,flow,12,0.0035869373715176306,0.029537875419283575,0.06532309959690973
72,11,405841,occupancy,16,405838,flow,2,5.8525185592642714e-05,0.000952633013414531,0.09005002221271298
72,11,405841,occupancy,17,400260,flow,2,0.003646526228302735,0.02995435121937215,0.06520783806398818
72,11,405841,occupancy,17,400260,flow,10,0.00281646116447187,0.024363655390039176,0.06699525637002056
72,11,405841,occupancy,18,404528,flow,1,4.30658960669667e-05,0.0007267369961300632,0.09165006347956671
72,11,405841,speed,5,400503,flow,7,0.00331844805544152,0.027803909231007305,0.06586504629391239
72,12,404520,flow,1,400125,flow,1,4.428715573970314e-05,0.000743569812652614,0.09150526057481297
72,12,404520,flow,1,400125,flow,2,8.260964757534466e-05,0.0012902157538882465,0.08822028450815984
72,12,404520,flow,1,400125,flow,3,3.9875390257083505e-07,1.134793714826092e-05,0.11346139201732086
72,12,404520,flow,1,400125,flow,4,2.7442338238306967e-05,0.0004954070254470795,0.0939551783935026
72,12,404520,flow,1,400125,flow,5,0.0005066877170594612,0.0060383198281293024,0.07795635151080912
72,12,404520,flow,1,400125,flow,6,0.0004618205487081257,0.0055946278969041165,0.07851020634265063
72,12,404520,flow,1,400125,flow,10,0.00020723167161908375,0.0028501777185432724,-0.08315889488294984
72,12,404520,flow,1,400125,flow,12,0.001791518638128374,0.01709978019601099,0.07003120871657692
72,12,404520,flow,2,400331,flow,3,0.0018853783450271792,0.017849735810908204,0.06969426411986908
72,12,404520,flow,2,400331,flow,4,0.003213315265044598,0.027122942448207624,0.0660881928863557
72,12,404520,flow,2,400331,flow,12,0.0044289937679338545,0.03504900728608582,0.06383459711604521
72,12,404520,flow,3,400039,flow,1,1.085526526817512e-13,7.126861087920444e-12,0.16567650401742012
72,12,404520,flow,3,400039,flow,2,3.53174948032593e-10,1.590944500000836e-08,0.1401645813743296
72,12,404520,flow,3,400039,flow,3,3.973485075476417e-11,2.017092306234797e-09,0.1474949205356749
72,12,404520,flow,3,400039,flow,4,0.00025818158917669253,0.003435105907648549,0.08190728154286057
72,12,404520,flow,3,400039,flow,5,0.0007172011927032491,0.008089580032579728,0.07584887882073028
72,12,404520,flow,3,400039,flow,6,1.0436298329228221e-06,2.7208695704445334e-05,0.10931679102415569
72,12,404520,flow,3,400039,flow,9,6.229969544962368e-07,1.702306668832222e-05,-0.111557584905426
72,12,404520,flow,3,400039,flow,12,9.504670643160244e-09,3.515426128292145e-07,0.1283350004315883
72,12,404520,flow,4,400316,flow,1,0.0,0.0,0.7936714254764887
72,12,404520,flow,4,400316,flow,2,0.0006092499341132688,0.007058084514264739,-0.076825387050286
72,12,404520,flow,4,400316,flow,3,1.827101438686539e-12,1.0768183103855181e-10,-0.15724625902899877
72,12,404520,flow,4,400316,flow,4,2.7481298700452927e-06,6.438135053468364e-05,-0.10498884653626916
72,12,404520,flow,4,400316,flow,8,1.8120628832884987e-08,6.416484963775668e-07,-0.1258572101758262
72,12,404520,flow,4,400316,flow,11,0.000556593703500789,0.006544596622546021,0.07737215605744899
72,12,404520,flow,4,400316,flow,12,1.1888700267833962e-11,6.492943761952303e-10,0.1513535218176651
72,12,404520,flow,5,400503,flow,1,2.0236419591764254e-05,0.0003804235536832967,0.09548403167088494
72,12,404520,flow,5,400503,flow,2,0.0003081717635434217,0.003992663579034619,0.08088687632363989
72,12,404520,flow,5,400503,flow,3,0.001591418245644994,0.01546665201616732,0.07080734475670593
72,12,404520,flow,5,400503,flow,12,7.633379744291869e-06,0.00015884489641300998,0.10023111808840042
72,12,404520,flow,6,405843,flow,1,2.3685477541794426e-05,0.0004372703546177432,0.09469698602024808
72,12,404520,flow,6,405843,flow,2,3.27986425541985e-08,1.1308071495142661e-06,0.12359752335029801
72,12,404520,flow,6,405843,flow,7,0.0014093020548880245,0.013970584802378824,0.07159613194270319
72,12,404520,flow,6,405843,flow,9,0.005498604564791518,0.041376017627415704,-0.06227650702364133
72,12,404520,flow,6,405843,flow,12,6.928470742125586e-06,0.0001459336597073746,0.10069143016250999
72,12,404520,flow,7,408093,flow,3,1.1669740235228722e-05,0.00023253356926286018,0.09819073259392451
72,12,404520,flow,7,408093,flow,4,0.0022393642899981693,0.020387889847823165,0.0685483953745331
72,12,404520,flow,7,408093,flow,11,0.0020751193758361303,0.019225861245733746,0.06905770374790271
72,12,404520,flow,8,401448,flow,2,3.4571819799898987e-06,7.877123498711162e-05,0.10393779583052809
72,12,404520,flow,8,401448,flow,4,0.003104368099018966,0.0263837697968954,0.06632656278018806
72,12,404520,flow,8,401448,flow,5,0.0003306116662259743,0.004231829327692471,0.08047843449148886
72,12,404520,flow,8,401448,flow,6,9.761230801166762e-05,0.001487425645892078,0.08732178684736047
72,12,404520,flow,8,401448,flow,7,0.0012978871051552443,0.013106293347991247,0.07212638294404049
72,12,404520,flow,9,402391,flow,1,7.32466068055e-09,2.7587213722734085e-07,0.12930989264326526
72,12,404520,flow,9,402391,flow,2,1.1717291399695242e-07,3.6974944373033926e-06,0.11853568113296224
72,12,404520,flow,9,402391,flow,12,0.00393205419518786,0.03180392084480725,0.06467823443594556
72,12,404520,flow,10,400497,flow,1,2.5389424798056652e-26,3.283901650527088e-24,0.23499766605495567
72,12,404520,flow,10,400497,flow,5,2.4453519290987456e-10,1.121435279586686e-08,0.14142451114627777
72,12,404520,flow,10,400497,flow,6,3.354165931321724e-08,1.155502139019924e-06,0.12351021046874583
72,12,404520,flow,10,400497,flow,8,1.0236148700670615e-15,7.924760284390153e-14,-0.1787144045112778
72,12,404520,flow,10,400497,flow,9,5.663338835570627e-26,7.2169981621431e-24,-0.233379497311036
72,12,404520,flow,10,400497,flow,11,3.144624571253505e-14,2.1193101634657005e-12,0.16924083202070175
72,12,404520,flow,10,400497,flow,12,7.031187088387656e-50,1.4745013699919746e-47,0.32436272694146895
72,12,404520,flow,11,405841,flow,11,0.000197100973419598,0.002735227128726834,0.08344189316982493
72,12,404520,flow,11,405841,flow,12,0.00017485783631532908,0.0024573384934359847,0.08411450559980056
72,12,404520,flow,12,404520,flow,1,0.0,0.0,0.8316925325150701
72,12,404520,flow,12,404520,flow,2,3.589016500557439e-06,8.134601932008467e-05,-0.10371347986651684
72,12,404520,flow,12,404520,flow,3,6.034907400526224e-19,5.717280695235369e-17,-0.1976209698889432
72,12,404520,flow,12,404520,flow,4,1.9228337767102456e-09,7.8960474480877e-08,-0.1341713521150918
72,12,404520,flow,12,404520,flow,8,0.000992754998127209,0.010532174832783748,-0.07382883014018433
72,12,404520,flow,12,404520,flow,10,4.799972585384179e-06,0.00010513847876444273,0.10241745903728139
72,12,404520,flow,12,404520,flow,11,7.54711863258568e-18,6.922197981479859e-16,0.19145086775406348
72,12,404520,flow,12,404520,flow,12,1.4333330861323068e-28,2.0038831495441957e-26,0.24515730258267737
72,12,404520,flow,14,401469,flow,1,5.784144863750622e-05,0.0009441320574898338,0.09011180592218047
72,12,404520,flow,14,401469,flow,2,0.003996820278340208,0.032216747645210556,0.06456297783322973
72,12,404520,flow,14,401469,flow,7,0.0016427048470428875,0.015875805233166163,0.07060021667198327
72,12,404520,flow,15,401472,flow,1,7.270926941415557e-05,0.00114675680109538,0.08890200342999302
72,12,404520,flow,15,401472,flow,2,3.4029866010857246e-05,0.0005944562117545625,0.09286124669621047
72,12,404520,flow,15,401472,flow,3,0.00015929851987095742,0.00226968867362314,0.08463463286685476
72,12,404520,flow,15,401472,flow,6,0.0002151605684446842,0.0029442307750428753,0.08294632122735414
72,12,404520,flow,15,401472,flow,7,4.410674856356233e-05,0.0007415600002795227,0.09152641112268665
72,12,404520,flow,15,401472,flow,12,0.0023876687450630554,0.021430976477607312,0.06811709763331975
72,12,404520,flow,16,405838,flow,1,0.0013015689478453787,0.013137331436196347,0.07210820078934783
72,12,404520,flow,16,405838,flow,2,0.0015015556008422142,0.014735847786547854,0.07118554332973816
72,12,404520,flow,16,405838,flow,10,1.635169847853228e-05,0.0003128402897575706,-0.09654048086626486
72,12,404520,flow,17,400260,flow,1,0.0004893534996172919,0.005865724523714486,0.07816469789825185
72,12,404520,flow,17,400260,flow,2,5.682663686672368e-05,0.0009281325945718195,0.09020479241331394
72,12,404520,flow,17,400260,flow,3,0.0039068059979581625,0.031647106527619095,0.06472363289996037
72,12,404520,flow,17,400260,flow,4,0.0005887937208248411,0.00686186596172164,0.07705173284078211
72,12,404520,flow,17,400260,flow,5,0.0008992529713994809,0.009719221507244828,0.07444853851755445
72,12,404520,flow,17,400260,flow,6,1.181637542703589e-08,4.282444785637168e-07,0.1275147845845418
72,12,404520,flow,17,400260,flow,7,1.0315885976863856e-06,2.6927267323294172e-05,0.10936767650528599
72,12,404520,flow,17,400260,flow,10,4.7037371967348843e-07,1.3212057665731273e-05,-0.11276019063489705
72,12,404520,flow,18,404528,flow,1,3.517184178699385e-12,2.0258980869308457e-10,0.15522416103299327
72,12,404520,flow,18,404528,flow,2,2.308567374458544e-17,2.035308379114471e-15,0.1886295997256968
72,12,404520,flow,18,404528,flow,3,5.48202539493937e-10,2.4042994625520888e-08,0.1386426663807911
72,12,404520,flow,18,404528,flow,4,0.00013395419119778572,0.0019530276948175307,0.08559411669242868
72,12,404520,flow,18,404528,flow,11,0.005126389465683125,0.039147962686496555,0.06278492507474417
72,12,404520,flow,18,404528,flow,12,1.5996756843409443e-06,3.971608595605104e-05,0.10742809024552538
72,12,404520,flow,19,401795,flow,6,0.007006912801122457,0.049769587801461714,0.06049074168727149
72,12,404520,flow,19,401795,flow,10,0.001881573028656734,0.01782152046436547,-0.06970762206917354
72,12,404520,occupancy,1,400125,flow,1,5.149213754974919e-13,3.1823466983535976e-11,0.161083509224965
72,12,404520,occupancy,1,400125,flow,2,3.86278203842196e-08,1.3160266881689958e-06,0.12295852595392637
72,12,404520,occupancy,1,400125,flow,3,0.002781911170315773,0.02410704549642352,0.06707965035985952
72,12,404520,occupancy,1,400125,flow,9,0.0023922381074733892,0.02145861425308356,0.0681042023505073
72,12,404520,occupancy,1,400125,flow,10,6.234449227926972e-10,2.7177417421437454e-08,0.13819432977596666
72,12,404520,occupancy,1,400125,flow,11,3.463856670405784e-16,2.7865662599912453e-14,0.1816052487689054
72,12,404520,occupancy,1,400125,flow,12,1.64002668851464e-20,1.6749208733766537e-18,0.20620297432698265
72,12,404520,occupancy,2,400331,flow,1,4.9702457652005207e-05,0.0008229766847706497,0.09090564405244983
72,12,404520,occupancy,2,400331,flow,2,0.000564406839109428,0.006622046564238808,0.07730748318423357
72,12,404520,occupancy,2,400331,flow,3,0.0006582287535306738,0.007531137655882528,0.07637410349369492
72,12,404520,occupancy,2,400331,flow,4,0.003455531037321743,0.02867020894686095,0.06558355599903058
72,12,404520,occupancy,2,400331,flow,7,0.0002349810599378445,0.003171994046535715,0.08244548508100277
72,12,404520,occupancy,2,400331,flow,8,0.000126345976285797,0.0018584086399545219,0.0859156948508426
72,12,404520,occupancy,2,400331,flow,9,1.7236970050251907e-06,4.252639098634394e-05,0.10709462978498062
72,12,404520,occupancy,2,400331,flow,10,1.2960478215867857e-05,0.00025484417793604524,0.09768031808138217
72,12,404520,occupancy,2,400331,flow,11,0.0003600907111790937,0.004555173857375357,0.07997958778340812
72,12,404520,occupancy,2,400331,flow,12,0.0006660848600222323,0.007606361605329219,0.07630166869131229
72,12,404520,occupancy,3,400039,flow,1,3.26070838531519e-13,2.0474215442676773e-11,0.16244524136187447
72,12,404520,occupancy,3,400039,flow,2,1.8882422643447647e-07,5.7203412215774076e-06,0.11658394748151081
72,12,404520,occupancy,3,400039,flow,3,0.000670630249859645,0.007641767599277265,0.07626012098930782
72,12,404520,occupancy,3,400039,flow,4,0.002530634527017753,0.022434519098536207,0.06772392938697581
72,12,404520,occupancy,3,400039,flow,5,0.0016114141300918405,0.015618822171857193,0.0707258683472723
72,12,404520,occupancy,3,400039,flow,8,0.004840079863698687,0.0376266780838192,0.0631992163439914
72,12,404520,occupancy,3,400039,flow,9,3.1767672749319365e-06,7.327959449593572e-05,0.10432630399144001
72,12,404520,occupancy,3,400039,flow,10,1.9398538997225517e-13,1.2451959653493941e-11,0.16397905235827442
72,12,404520,occupancy,3,400039,flow,11,1.6606831668650726e-17,1.4915075427977367e-15,0.18946537758025567
72,12,404520,occupancy,3,400039,flow,12,2.508314489990361e-14,1.7172612673151125e-12,0.16988297598372348
72,12,404520,occupancy,4,400316,flow,8,1.1760319339102788e-05,0.00023401464553166304,0.09815319787538054
72,12,404520,occupancy,4,400316,flow,9,1.5081768964759442e-17,1.363038534053573e-15,0.18970905910006014
72,12,404520,occupancy,4,400316,flow,10,5.28940980047039e-25,6.491548391486388e-23,0.2288067496908883
72,12,404520,occupancy,4,400316,flow,11,1.195408102023151e-20,1.2354456939569408e-18,0.20693357029935228
72,12,404520,occupancy,4,400316,flow,12,2.3197198798424084e-06,5.561148657557827e-05,0.10575853511229902
72,12,404520,occupancy,5,400503,flow,1,3.367934685382826e-07,9.712602029942462e-06,0.11417398995946836
72,12,404520,occupancy,5,400503,flow,2,0.0011331929397328153,0.011733924975181597,0.07299271586958739
72,12,404520,occupancy,5,400503,flow,4,0.0034393564435357695,0.028595111308842427,0.0656162353018737
72,12,404520,occupancy,5,400503,flow,5,4.8354962272843275e-05,0.0008046742566205044,0.0910488384879727
72,12,404520,occupancy,5,400503,flow,6,3.178841668643137e-06,7.327959449593572e-05,0.10432331112456344
72,12,404520,occupancy,5,400503,flow,7,1.239759808395281e-07,3.883801575248451e-06,0.11830646056677285
72,12,404520,occupancy,5,400503,flow,8,8.234828054076073e-07,2.204117546072406e-05,0.11035119365993633
72,12,404520,occupancy,5,400503,flow,9,9.221480317762028e-10,3.932556265817568e-08,0.13682084120704158
72,12,404520,occupancy,5,400503,flow,10,2.2077234898796063e-10,1.0222256673397534e-08,0.14177290459554406
72,12,404520,occupancy,5,400503,flow,11,1.5718813657415072e-09,6.529353365387799e-08,0.1349272644447184
72,12,404520,occupancy,5,400503,flow,12,4.75605222131596e-07,1.331571328326957e-05,0.11271308893703681
72,12,404520,occupancy,6,405843,flow,1,5.170620863052099e-13,3.1864596474158446e-11,0.16107109072891546
72,12,404520,occupancy,6,405843,flow,2,0.00016574649577817343,0.0023483924623211192,0.08441352997806179
72,12,404520,occupancy,6,405843,flow,3,0.0005288323605580945,0.006272805594758287,0.07769964001333872
72,12,404520,occupancy,6,405843,flow,4,4.4355819963705074e-08,1.4981793764128687e-06,0.12241588109421296
72,12,404520,occupancy,6,405843,flow,5,5.1456414443490884e-09,1.972419790557947e-07,0.13061973582089004
72,12,404520,occupancy,6,405843,flow,6,3.132333615102906e-08,1.0816691620499244e-06,0.12377672213242175
72,12,404520,occupancy,6,405843,flow,7,3.345529305032937e-05,0.0005860781264291277,0.09294826197171024
72,12,404520,occupancy,6,405843,flow,8,2.778692705085755e-05,0.0005003731757386603,0.09389205364385092
72,12,404520,occupancy,6,405843,flow,9,7.730825459500651e-12,4.320461317599329e-10,0.1527567398147862
72,12,404520,occupancy,6,405843,flow,10,5.7844981691587756e-24,6.846310161853673e-22,0.22379780631025728
72,12,404520,occupancy,6,405843,flow,11,1.9540497733568406e-27,2.6297492276951873e-25,0.2400897406478244
72,12,404520,occupancy,6,405843,flow,12,2.0822480238082408e-16,1.7004369494993575e-14,0.18294668685360052
72,12,404520,occupancy,7,408093,flow,1,1.113601704607662e-10,5.351233997669743e-09,0.14408360452193023
72,12,404520,occupancy,7,408093,flow,2,1.2539712645276957e-10,5.959467395775187e-09,0.1436854266681423
72,12,404520,occupancy,7,408093,flow,3,3.361038528823117e-07,9.705672757029321e-06,0.11418261277945656
72,12,404520,occupancy,7,408093,flow,4,1.718419944438049e-05,0.00032731808465486645,0.09629532180425428
72,12,404520,occupancy,7,408093,flow,5,0.0002624342015985089,0.0034819279818966782,0.08181357419908504
72,12,404520,occupancy,7,408093,flow,6,0.0002408865242717204,0.003239818757328244,0.08230391722464768
72,12,404520,occupancy,7,408093,flow,7,0.0001483689314169877,0.002128000609964764,0.08502938972553511
72,12,404520,occupancy,7,408093,flow,8,7.297311259184032e-06,0.000152660458303511,0.10044526777468134
72,12,404520,occupancy,7,408093,flow,9,1.4622346419773173e-07,4.518493314264672e-06,0.1176336368897774
72,12,404520,occupancy,7,408093,flow,10,9.074426503850575e-08,2.9189517867933346e-06,0.11956850523608221
72,12,404520,occupancy,7,408093,flow,11,1.367048866399967e-07,4.245615458553456e-06,0.1179084822305649
72,12,404520,occupancy,7,408093,flow,12,1.589486888455249e-06,3.948581574540929e-05,0.10745657924245292
72,12,404520,occupancy,8,401448,flow,1,2.0185915463597446e-13,1.2899874970819668e-11,0.1638620612096524
72,12,404520,occupancy,8,401448,flow,2,1.3099257210676116e-11,7.127051782131086e-10,0.15108185063140012
72,12,404520,occupancy,8,401448,flow,3,9.94095362429265e-07,2.612221390325076e-05,0.10952986098023815
72,12,404520,occupancy,8,401448,flow,4,0.0002343336493685794,0.003167463595970785,0.08246120739813333
72,12,404520,occupancy,8,401448,flow,5,0.0004881359816579047,0.005855380963508052,0.07817958896562067
72,12,404520,occupancy,8,401448,flow,6,0.00010766570023999008,0.0016166695343648146,0.08679002943191173
72,12,404520,occupancy,8,401448,flow,7,8.810349843165387e-05,0.0013619709684718983,0.08787461476313818
72,12,404520,occupancy,8,401448,flow,8,6.0369534581065156e-05,0.0009773264183832494,0.089886708454759
72,12,404520,occupancy,8,401448,flow,9,2.91220500168163e-06,6.771111736956212e-05,0.10472424829470883
72,12,404520,occupancy,8,401448,flow,10,6.501511483065225e-10,2.819932691449977e-08,0.13804780475468284
72,12,404520,occupancy,8,401448,flow,11,4.722544361228803e-16,3.771052059243702e-14,0.18078317693116502
72,12,404520,occupancy,8,401448,flow,12,3.73686263556851e-19,3.555781186267833e-17,0.19882661345374428
72,12,404520,occupancy,9,402391,flow,9,0.0001205245017531936,0.0017776232419726746,0.08617431601496346
72,12,404520,occupancy,9,402391,flow,10,5.540356966597488e-10,2.422504260698497e-08,0.13860582527363075
72,12,404520,occupancy,9,402391,flow,11,2.10223155991465e-11,1.115680631306055e-09,0.1495633922366649
72,12,404520,occupancy,9,402391,flow,12,4.596480369913632e-08,1.5476847387394303e-06,0.12227566378735648
72,12,404520,occupancy,10,400497,flow,3,3.3065209859708967e-07,9.56742843897808e-06,0.11425138744694788
72,12,404520,occupancy,10,400497,flow,4,4.802193966902368e-16,3.7995380837029725e-14,0.18073870888275045
72,12,404520,occupancy,10,400497,flow,5,7.215865605624256e-05,0.0011393472008880403,0.08894244668844829
72,12,404520,occupancy,10,400497,flow,6,8.905712919481649e-05,0.0013740242790057401,-0.08781669454865629
72,12,404520,occupancy,10,400497,flow,7,1.0383171488634634e-08,3.8116632666148475e-07,-0.12800255467541322
72,12,404520,occupancy,10,400497,flow,8,8.777569992444771e-05,0.0013581340389456093,0.08789466085533088
72,12,404520,occupancy,10,400497,flow,9,8.506591445086257e-59,2.0645210698186873e-56,0.3513849722143356
72,12,404520,occupancy,10,400497,flow,10,1.426854231672584e-110,6.354649774046971e-108,0.4716973447873241
72,12,404520,occupancy,10,400497,flow,11,4.022080605309532e-73,1.1067126251552341e-70,0.389935242833663
72,12,404520,occupancy,10,400497,flow,12,3.215742504012925e-06,7.393298359412367e-05,0.10427038231241258
72,12,404520,occupancy,12,404520,flow,2,2.6572279268938527e-06,6.242101492213944e-05,-0.1051420385509412
72,12,404520,occupancy,12,404520,flow,5,9.591221575407855e-07,2.531098179948805e-05,0.10968653850561495
72,12,404520,occupancy,12,404520,flow,6,2.5477900987162497e-08,8.88333593741259e-07,0.12457786282992823
72,12,404520,occupancy,12,404520,flow,7,7.413669675222349e-11,3.6518874568940193e-09,0.14543996214868105
72,12,404520,occupancy,12,404520,flow,8,4.762986789750991e-17,4.05840294511327e-15,0.18677820199476933
72,12,404520,occupancy,12,404520,flow,9,3.4331162257489716e-30,4.9768664749112605e-28,0.2522000257957622
72,12,404520,occupancy,12,404520,flow,10,1.3912421444662165e-32,2.154181384979948e-30,0.26221006347877457
72,12,404520,occupancy,12,404520,flow,11,3.076426682577238e-17,2.6527271993480374e-15,0.1878978619497332
72,12,404520,occupancy,13,400183,flow,1,0.005776039176193521,0.04298659555937379,0.06191736848864823
72,12,404520,occupancy,13,400183,flow,2,0.004883773977796234,0.03785735435865733,0.0631345817664008
72,12,404520,occupancy,13,400183,flow,6,0.004965687317269192,0.038271948687478165,0.06301480727621114
72,12,404520,occupancy,14,401469,flow,1,1.3839318268302245e-09,5.793202996033498e-08,0.1353817854835835
72,12,404520,occupancy,14,401469,flow,2,3.2782140113285547e-06,7.516923847632354e-05,0.10418208905831255
72,12,404520,occupancy,14,401469,flow,3,5.2511305666618054e-05,0.0008651748302051487,0.09061861434183814
72,12,404520,occupancy,14,401469,flow,4,3.5504872768307468e-06,8.055727434826063e-05,0.10381519892673152
72,12,404520,occupancy,14,401469,flow,5,2.6377368685311107e-08,9.152629134180239e-07,0.12444364489829454
72,12,404520,occupancy,14,401469,flow,6,3.909488533317098e-10,1.7429298724385825e-08,0.13981431934851082
72,12,404520,occupancy,14,401469,flow,7,1.1818817401045585e-06,3.03731654803789e-05,0.1087698809465697
72,12,404520,occupancy,14,401469,flow,8,7.5195895329829586e-06,0.00015655241822885003,0.10030260087415772
72,12,404520,occupancy,14,401469,flow,9,5.875903350989696e-07,1.6157799157400057e-05,0.11180900768057091
72,12,404520,occupancy,14,401469,flow,10,7.787934149831166e-08,2.5372455148771223e-06,0.12018215726418555
72,12,404520,occupancy,14,401469,flow,11,8.15709855173131e-11,3.9907888724212074e-09,0.14512251990916708
72,12,404520,occupancy,14,401469,flow,12,2.1720923238692863e-09,8.852300791618223e-08,0.1337660590670986
72,12,404520,occupancy,15,401472,flow,1,1.3849654537976784e-48,2.8221937549084767e-46,0.32020350506763223
72,12,404520,occupancy,15,401472,flow,2,4.581805174677977e-46,8.83633855116467e-44,0.31191313317856334
72,12,404520,occupancy,15,401472,flow,3,1.2342691348099516e-46,2.4236557556268144e-44,0.31381063303436824
72,12,404520,occupancy,15,401472,flow,4,1.375736057646195e-53,3.063494726304929e-51,0.335930644914622
72,12,404520,occupancy,15,401472,flow,5,8.242834881914375e-60,2.034802667992577e-57,0.354293879881873
72,12,404520,occupancy,15,401472,flow,6,2.7019463226637253e-54,6.079379225993382e-52,0.3380800675057274
72,12,404520,occupancy,15,401472,flow,7,8.42252537317762e-41,1.4973378441204658e-38,0.2936773134175374
72,12,404520,occupancy,15,401472,flow,8,1.9859508649129415e-32,3.0531344257736323e-30,0.26157636256624295
72,12,404520,occupancy,15,401472,flow,9,4.6637121727538326e-38,7.963334619089548e-36,0.2836217564500142
72,12,404520,occupancy,15,401472,flow,10,5.437010243412331e-57,1.2765154484533299e-54,0.3461262095623863
72,12,404520,occupancy,15,401472,flow,11,1.2762415768063956e-77,3.7252456836511007e-75,0.401041037356427
72,12,404520,occupancy,15,401472,flow,12,1.265359262358231e-78,3.796077787074693e-76,0.40346210176360586
72,12,404520,occupancy,16,405838,flow,1,1.9134766890402134e-11,1.024314658817066e-09,0.14986662096030728
72,12,404520,occupancy,16,405838,flow,2,4.55834037212488e-06,0.0001006235585466504,0.10265816728154797
72,12,404520,occupancy,16,405838,flow,3,0.0008283257449091538,0.00908676286949605,0.0749598064330357
72,12,404520,occupancy,16,405838,flow,4,0.00048718743300719687,0.00585032653061329,0.07819121436240939
72,12,404520,occupancy,16,405838,flow,5,7.483298046969804e-06,0.00015594716624654876,0.10032561660799923
72,12,404520,occupancy,16,405838,flow,6,8.317195107581667e-05,0.0012975905693301843,0.08818392313733052
72,12,404520,occupancy,16,405838,flow,12,0.00546026923044185,0.041152063983790635,0.06232741083612119
72,12,404520,occupancy,17,400260,flow,1,6.104697779573923e-26,7.733810676762272e-24,0.23322750104636403
72,12,404520,occupancy,17,400260,flow,2,1.6164073554617813e-15,1.220783177551555e-13,0.1774808648803161
72,12,404520,occupancy,17,400260,flow,3,3.954622236190829e-12,2.2567989511683462e-10,0.15485941122188832
72,12,404520,occupancy,17,400260,flow,4,3.249426323788527e-12,1.879186307733124e-10,0.15547005113525397
72,12,404520,occupancy,17,400260,flow,5,1.1450757296537197e-08,4.1597651638117823e-07,0.12763352047425347
72,12,404520,occupancy,17,400260,flow,6,0.00013068684007998784,0.0019131384247561758,0.08573005537323075
72,12,404520,occupancy,17,400260,flow,10,0.0004619453173207635,0.0055946278969041165,0.0785085977767355
72,12,404520,occupancy,17,400260,flow,11,2.511894632241821e-11,1.3185157729385987e-09,0.14898784720682665
72,12,404520,occupancy,17,400260,flow,12,1.4427128083363257e-15,1.0992097587324386e-13,0.17778863211090407
72,12,404520,occupancy,18,404528,flow,1,3.818362595662013e-14,2.5653695821555046e-12,0.16868745095416487
72,12,404520,occupancy,18,404528,flow,2,9.400769901112747e-06,0.0001915628583622975,0.09923493598599886
72,12,404520,occupancy,18,404528,flow,3,0.005786447869552639,0.04301977696709671,0.06190419942494473
72,12,404520,occupancy,18,404528,flow,5,0.003370713407398776,0.028159895416675136,0.0657564965969525
72,12,404520,occupancy,18,404528,flow,6,0.0011802532733253604,0.012119548706359775,0.07273389020875716
72,12,404520,occupancy,18,404528,flow,7,0.002200002591641792,0.02011856730713916,0.06866725569269141
72,12,404520,occupancy,18,404528,flow,8,0.0007706110882677901,0.008579999745661994,0.07540672002231606
72,12,404520,occupancy,18,404528,flow,9,5.474562597723752e-06,0.00011825055211083305,0.10180220917924032
72,12,404520,occupancy,18,404528,flow,10,2.7952280712450828e-08,9.675789477386826e-07,0.12421898477148574
72,12,404520,occupancy,18,404528,flow,11,3.4323101386940062e-09,1.3603284219411107e-07,0.1321060945840461
72,12,404520,occupancy,18,404528,flow,12,2.129146601810156e-06,5.1557810088676425e-05,0.10614585207427919
72,12,404520,occupancy,19,401795,flow,1,3.5489521093648095e-05,0.0006164645401067944,0.09264631056887329
72,12,404520,speed,1,400125,flow,1,0.00013722589560660127,0.001991988807192599,-0.08546108956613763
72,12,404520,speed,2,400331,flow,5,0.004097594727671454,0.03287817463510528,-0.06438696731724776
72,12,404520,speed,2,400331,flow,9,0.0025040123609912624,0.02224873179654927,-0.06779557717360629
72,12,404520,speed,3,400039,flow,1,0.0003089132564554695,0.0039991167752101535,-0.08087294173199937
72,12,404520,speed,4,400316,flow,3,0.004640170240744248,0.03639349208426861,0.06350183279149262
72,12,404520,speed,4,400316,flow,10,0.0026199439474213853,0.023004385879797532,-0.06748850262849129
72,12,404520,speed,4,400316,flow,11,1.451841289986624e-07,4.492803991935685e-06,-0.11766279257408982
72,12,404520,speed,6,405843,flow,11,0.00436318836812897,0.03462975151629092,-0.06394122930550414
72,12,404520,speed,8,401448,flow,1,6.416324929206286e-08,2.1207745749174565e-06,-0.12095542080390391
72,12,404520,speed,8,401448,flow,2,5.571142866051728e-06,0.00012009649292087555,-0.10172012616039093
72,12,404520,speed,8,401448,flow,3,0.0016038775251702008,0.015563232050169065,-0.07075646766753174
72,12,404520,speed,9,402391,flow,10,0.002618847875217341,0.022999436513394825,-0.06749134722919603
72,12,404520,speed,10,400497,flow,3,3.6428870187764576e-05,0.0006282973600185107,0.09251238337359083
72,12,404520,speed,10,400497,flow,9,0.004040957195453697,0.03248473729201509,0.06448539947777862
72,12,404520,speed,10,400497,flow,10,0.003210046546600595,0.027100647022307155,-0.06609523679972296
72,12,404520,speed,10,400497,flow,11,0.00019940669456715532,0.002759950940330348,-0.08337630275938164
72,12,404520,speed,10,400497,flow,12,0.001015493827615553,0.010739126891797282,-0.07368631114890313
72,12,404520,speed,12,404520,flow,1,0.004017057202271349,0.03234008034627698,0.06452731192437444
72,12,404520,speed,12,404520,flow,3,3.2028467803623378e-06,7.372064153570561e-05,0.10428881285282558
72,12,404520,speed,12,404520,flow,11,9.44196638030406e-05,0.0014448917733940326,-0.08750150657934708
72,12,404520,speed,14,401469,flow,6,0.00278555592424393,0.02412994103215115,-0.06707070246271032
72,12,404520,speed,14,401469,flow,8,0.0043050548345723695,0.034250160009857526,-0.06403664877736177
72,12,404520,speed,14,401469,flow,10,0.00271224985353158,0.023622821304952468,-0.06725275905383431
72,12,404520,speed,15,401472,flow,1,0.0007602819740544249,0.008493452619382249,-0.0754899643884055
72,12,404520,speed,15,401472,flow,11,0.0015169060397479835,0.014866229790633593,-0.07111948867759581
72,12,404520,speed,15,401472,flow,12,0.00042511170808490813,0.005223215525957916,-0.0790020281943361
72,12,404520,speed,16,405838,flow,1,0.004953817181299636,0.03825196051373519,-0.06303205276930526
72,12,404520,speed,16,405838,flow,2,0.0007673648900700729,0.008554880838974746,-0.07543276965703219
72,12,404520,speed,16,405838,flow,6,0.00040464153516888194,0.005026024818658914,-0.07929378116061923
72,12,404520,speed,16,405838,flow,12,0.0070470982852571815,0.04996846231542067,-0.060448081372164446
72,12,404520,speed,17,400260,flow,1,0.0011368777549157292,0.011760804361197199,-0.07297209499785551
72,12,404520,speed,17,400260,flow,2,0.0015204023815917913,0.014890248796050441,-0.07110452959152479
72,12,404520,speed,17,400260,flow,3,0.0017966696500846392,0.017137586417234802,-0.07001230147971878
72,12,404520,speed,17,400260,flow,4,0.0013236097355731984,0.013310292164675434,-0.07200033779101846
72,12,404520,speed,17,400260,flow,5,0.004435472568195071,0.035087422623334016,-0.06382417648461872
72,12,404520,speed,19,401795,flow,3,0.005317086498359123,0.04029791872440598,-0.06252043239849535
72,13,400183,flow,0,400593,flow,1,0.0036479902730619084,0.029960680569633927,0.06520502779404894
72,13,400183,flow,0,400593,flow,5,1.3902145747689113e-05,0.0002715066438970026,0.09733766630279972
72,13,400183,flow,0,400593,flow,6,4.464253161618946e-11,2.2556226500811515e-09,0.147076721078072
72,13,400183,flow,1,400125,flow,6,7.921863994614585e-05,0.0012390460701207462,0.0884446494053753
72,13,400183,flow,2,400331,flow,4,1.4729797771197282e-05,0.0002852206471159671,0.09705430067006245
72,13,400183,flow,2,400331,flow,5,0.001347010662036715,0.013495097541740744,0.07188761619725732
72,13,400183,flow,5,400503,flow,12,0.002327041366559384,0.0210134170224426,0.06829036692298729
72,13,400183,flow,6,405843,flow,2,0.0012112943332776677,0.012384123863421788,0.07256833496379235
72,13,400183,flow,6,405843,flow,6,0.003528457588744605,0.02917866918716825,0.0654379206122344
72,13,400183,flow,7,408093,flow,2,0.00552776595878195,0.04155202530352884,0.062237998785567156
72,13,400183,flow,7,408093,flow,7,0.0007047347269211085,0.007973949765058117,0.07595647550014648
72,13,400183,flow,8,401448,flow,1,1.09384470191447e-06,2.827892945703477e-05,0.1091104999997762
72,13,400183,flow,8,401448,flow,5,0.0033398305099627493,0.0279378922657138,0.06582045041443654
72,13,400183,flow,11,405841,flow,1,0.0005409243314129724,0.006391666060459629,0.07756365977470348
72,13,400183,flow,11,405841,flow,2,5.800209593018972e-05,0.0009459005451808969,0.09009722766290834
72,13,400183,flow,11,405841,flow,3,0.0012367191406738455,0.01259162547186192,0.07241742091307883
72,13,400183,flow,11,405841,flow,7,0.0001235363245031509,0.0018214229414799043,0.08603908083390549
72,13,400183,flow,11,405841,flow,10,0.0017447164208117861,0.016708434799172944,0.07020532614515033
72,13,400183,flow,13,400183,flow,1,1.7043716835028608e-13,1.1005808180466903e-11,0.16431814936509762
72,13,400183,flow,13,400183,flow,2,1.142261351837439e-22,1.3019971081629913e-20,0.21732208140178758
72,13,400183,flow,13,400183,flow,3,2.0704028684632135e-33,3.276241901743986e-31,0.2655084519878707
72,13,400183,flow,13,400183,flow,4,1.0363019566489143e-14,7.375328587682554e-13,0.1723700703761667
72,13,400183,flow,13,400183,flow,5,2.58362888915151e-10,1.182338644187979e-08,0.14123669512682716
72,13,400183,flow,13,400183,flow,6,0.006581735130219706,0.04736749463000388,0.06095608543010212
72,13,400183,flow,13,400183,flow,7,1.4193112787028753e-07,4.3984395437564005e-06,0.11775536810525451
72,13,400183,flow,13,400183,flow,8,2.2169490055363802e-13,1.4104889107389046e-11,0.16358611334351125
72,13,400183,flow,13,400183,flow,9,8.076880613574656e-09,3.031461707266943e-07,0.12894493929002904
72,13,400183,flow,14,401469,flow,3,0.0029441410295554635,0.025290692478981112,0.06669136057016
72,13,400183,flow,14,401469,flow,7,0.0007764409529674874,0.00861604139948509,0.07536019187254925
72,13,400183,flow,16,405838,flow,10,0.0036918415556000147,0.0302183258293049,0.06512132563174737
72,13,400183,flow,17,400260,flow,5,0.005439212620720448,0.04103632295059786,0.06235550830525132
72,13,400183,flow,18,404528,flow,3,0.002951047739416753,0.025339944810734195,0.06667526657330511
72,13,400183,flow,18,404528,flow,9,0.005566622991673945,0.04176417388682084,0.06218697094572183
72,13,400183,flow,19,401795,flow,1,0.001242195367671901,0.012641422822950795,0.07240737129538567
72,13,400183,flow,19,401795,flow,6,0.0006255197848163256,0.007207910030425518,0.07668458966199213
72,13,400183,flow,19,401795,flow,11,0.0002833618111766755,0.003717348995697656,0.08137219939844166
72,13,400183,occupancy,1,400125,flow,6,0.00484652018784788,0.037663189803027235,0.0631896564226586
72,13,400183,occupancy,2,400331,flow,5,0.0011242250934338633,0.011660630020730586,0.07304316149126483
72,13,400183,occupancy,4,400316,flow,6,0.0059761852080883965,0.043991477846292204,0.06166780902971114
72,13,400183,occupancy,8,401448,flow,1,0.00025589376681991365,0.0034098120686675724,0.08195829424039994
72,13,400183,occupancy,8,401448,flow,5,0.0006705084616081715,0.007641767599277265,0.07626123079449323
72,13,400183,occupancy,10,400497,flow,4,0.0015326188709780574,0.014986223455466744,0.07105250880708165
72,13,400183,occupancy,13,400183,flow,1,2.647133676932677e-14,1.8008846432045929e-12,0.16973020583372458
72,13,400183,occupancy,13,400183,flow,2,0.0030004305445550284,0.025651810711414456,-0.0665611853812428
72,13,400183,occupancy,13,400183,flow,3,8.34979542414131e-21,8.670941401992899e-19,-0.20775929287338682
72,13,400183,occupancy,13,400183,flow,8,0.0009315999887053986,0.009996303902651072,0.07422766955755207
72,13,400183,occupancy,13,400183,flow,9,0.005183371028823784,0.039485386782787416,0.06270497495571098
72,13,400183,occupancy,14,401469,flow,3,0.004185409230331307,0.03348947559739071,0.064236764410174
72,13,400183,occupancy,16,405838,flow,1,0.0025020440991105667,0.022235816721163645,0.06780090192709261
72,13,400183,occupancy,16,405838,flow,10,0.0025063309303278193,0.022264753483479702,0.06778930963660887
72,13,400183,speed,4,400316,flow,4,0.0039810979600247605,0.03212241910217962,-0.06459080038728725
72,13,400183,speed,19,401795,flow,6,0.003850583912292699,0.03127377796785948,0.06482568953523916
72,14,401469,flow,0,400593,flow,8,0.003674729620005149,0.030123020793970102,0.065153880416867
72,14,401469,flow,1,400125,flow,1,0.005064787949379689,0.038807882123661326,0.06287226530850783
72,14,401469,flow,2,400331,flow,7,0.0033984822867018805,0.02834255497789985,0.06569944503719267
72,14,401469,flow,2,400331,flow,11,1.3635680010019548e-06,3.434760212436411e-05,0.10813797254799125
72,14,401469,flow,4,400316,flow,6,0.004355288094900676,0.03457975476929043,0.0639541288240442
72,14,401469,flow,4,400316,flow,11,0.0010243921550506885,0.010822631718804045,0.0736313418732576
72,14,401469,flow,5,400503,flow,1,0.0005128137090057723,0.006102906950151339,0.07788430643272805
72,14,401469,flow,5,400503,flow,2,2.28125848590292e-06,5.481927611014067e-05,0.10583417990919347
72,14,401469,flow,5,400503,flow,9,0.004734323079626442,0.03697795490154313,0.06335786813821637
72,14,401469,flow,6,405843,flow,1,0.0008658835453062087,0.009424582806053973,0.07468423768646217
72,14,401469,flow,7,408093,flow,1,3.275395973866858e-05,0.0005761282820482422,0.0930564174128737
72,14,401469,flow,7,408093,flow,6,0.0034530966806119103,0.028665214566186495,0.065588465491115
72,14,401469,flow,7,408093,flow,7,0.002107234432311863,0.019488873362421853,0.0689552808491121
72,14,401469,flow,8,401448,flow,2,3.411805518210855e-05,0.0005955151449968038,0.09284801462729415
72,14,401469,flow,8,401448,flow,3,0.005471357682228796,0.041206877941472105,0.062312653916940186
72,14,401469,flow,8,401448,flow,7,0.0005143642500579389,0.006119673809557411,0.07786619836232299
72,14,401469,flow,9,402391,flow,1,4.359444683640822e-09,1.6935972152273698e-07,0.13123037268202545
72,14,401469,flow,9,402391,flow,11,0.00028082555595004713,0.0036869505805059138,0.08142403303341472
72,14,401469,flow,10,400497,flow,2,8.593052466689707e-06,0.00017719325372839872,-0.0996658044166637
72,14,401469,flow,10,400497,flow,5,0.0021712627793951536,0.01991476689381542,0.06875527769617656
72,14,401469,flow,10,400497,flow,10,0.00012957106435457962,0.0019006689236393344,0.08577721127246814
72,14,401469,flow,10,400497,flow,11,1.755221872724304e-07,5.354914187972453e-06,0.11688478487751326
72,14,401469,flow,10,400497,flow,12,0.0002530093717522359,0.0033786722904780805,0.08202322156021424
72,14,401469,flow,11,405841,flow,3,0.002544091397336389,0.022512238501624746,0.0676879748761073
72,14,401469,flow,11,405841,flow,4,0.0002048645481257853,0.002823914639130161,0.08322383806397238
72,14,401469,flow,11,405841,flow,10,0.005925486427951279,0.04369559593184515,0.06173030445804823
72,14,401469,flow,11,405841,flow,11,1.1493443622103153e-05,0.000229656227786705,0.09826459104104325
72,14,401469,flow,12,404520,flow,11,1.2940651287085325e-05,0.0002548022495907411,0.09768778489340571
72,14,401469,flow,13,400183,flow,1,0.003502786892872198,0.028999692175561316,0.0654888705614429
72,14,401469,flow,13,400183,flow,8,1.3696790704165433e-05,0.00026798726454874047,0.09741046243916106
72,14,401469,flow,14,401469,flow,1,3.8723375920667875e-119,1.8796065615425305e-116,0.48741316939448853
72,14,401469,flow,14,401469,flow,2,3.395919942998668e-21,3.613392648707942e-19,0.20971092271979455
72,14,401469,flow,14,401469,flow,3,0.0006849758067909443,0.007778905061348263,0.07611156006171028
72,14,401469,flow,14,401469,flow,4,2.3427164415442475e-10,1.0812537422511911e-08,0.14153543063090648
72,14,401469,flow,14,401469,flow,6,0.0008524672803590161,0.00930337679136026,0.0747813806149306
72,14,401469,flow,15,401472,flow,1,6.991388497776961e-08,2.2933028329837867e-06,0.12061341343509344
72,14,401469,flow,15,401472,flow,2,1.6469971289535143e-06,4.077379711793227e-05,0.10729801806485037
72,14,401469,flow,15,401472,flow,3,6.509435220639486e-05,0.0010418955225328856,0.0894889448064829
72,14,401469,flow,15,401472,flow,4,0.00036387148643068527,0.004594927861387197,0.07991839355791415
72,14,401469,flow,15,401472,flow,5,0.0016352522184273199,0.015817934580398617,0.07062994264554212
72,14,401469,flow,15,401472,flow,6,2.3995741407106257e-05,0.00044261999521220767,0.09463162971474387
72,14,401469,flow,15,401472,flow,7,5.214922274540898e-05,0.0008601933648727255,0.09065478682477922
72,14,401469,flow,15,401472,flow,8,4.506274550996997e-06,9.967796241836676e-05,0.10271163091331366
72,14,401469,flow,15,401472,flow,9,0.000375820993417648,0.0047223580324730645,0.07972881528581154
72,14,401469,flow,15,401472,flow,10,0.00032279070177030185,0.00414562267460193,0.08061776142993961
72,14,401469,flow,15,401472,flow,11,3.9928263454401305e-06,8.955872176688144e-05,0.10327303900677705
72,14,401469,flow,15,401472,flow,12,1.7034738208923362e-05,0.0003250444746579016,0.096338490879165
72,14,401469,flow,16,405838,flow,1,7.165076854178991e-06,0.00015018501703082602,0.10053212412990867
72,14,401469,flow,16,405838,flow,2,0.0016891600271471134,0.016255672348575473,0.07041767095591332
72,14,401469,flow,16,405838,flow,3,2.57949210484816e-05,0.00046959148305706077,0.09426777492985088
72,14,401469,flow,16,405838,flow,7,5.593911619444843e-05,0.0009146744207419274,0.09028741278135119
72,14,401469,flow,17,400260,flow,1,1.1660996300824872e-05,0.00023246656215765318,0.0981943706526064
72,14,401469,flow,17,400260,flow,6,0.005555925164684241,0.0417201402945175,0.06220098742711334
72,14,401469,flow,18,404528,flow,1,3.493906626958519e-05,0.0006091072085738822,0.09272636306832319
72,14,401469,flow,18,404528,flow,2,0.004615753148836707,0.03625464291449923,0.06353959922967416
72,14,401469,flow,18,404528,flow,11,9.262771798656437e-05,0.001423014728669837,0.08760490722478953
72,14,401469,occupancy,6,405843,flow,6,0.005371343532806188,0.04063783548462825,0.06244674400250353
72,14,401469,occupancy,7,408093,flow,4,0.003093202874098506,0.026330318061291713,0.06635142041115213
72,14,401469,occupancy,10,400497,flow,2,8.998912323590278e-06,0.00018433049425277385,-0.09944468519171765
72,14,401469,occupancy,10,400497,flow,11,0.0007502257526949852,0.008394134295887945,0.07557202374532362
72,14,401469,occupancy,12,404520,flow,11,0.0051245786109753695,0.0391410530399816,0.0627874789957634
72,14,401469,occupancy,15,401472,flow,1,0.0028498165550084782,0.02460765044500625,0.06691467191318347
72,14,401469,occupancy,15,401472,flow,6,0.004775672414118489,0.037233179622797104,0.06329545970741787
72,14,401469,occupancy,15,401472,flow,7,0.00019591655443056697,0.002721728899833425,0.08347586669985203
72,14,401469,occupancy,15,401472,flow,12,2.489535574529013e-05,0.00045648530059275616,0.09444657222735969
72,14,401469,occupancy,16,405838,flow,1,0.00017980448522410614,0.002521114495839463,0.08395824137590246
72,14,401469,occupancy,17,400260,flow,4,0.00255619049212457,0.022590153630799623,0.06765579619379751
72,14,401469,speed,6,405843,flow,1,0.0021370741016521013,0.019664290804078007,-0.06886138881023822
72,14,401469,speed,6,405843,flow,6,0.00032282117308705764,0.00414562267460193,-0.08061721249752321
72,14,401469,speed,15,401472,flow,1,0.0018608850593801885,0.017644915400619875,-0.06978068062607115
72,14,401469,speed,15,401472,flow,2,0.0006089687234917189,0.007056719113423352,-0.07684749549809182
72,14,401469,speed,15,401472,flow,5,0.002718288877992017,0.0236611081058342,-0.067237592335171
72,14,401469,speed,15,401472,flow,6,0.0005061587740050029,0.006035346132215326,-0.07796261017381972
72,14,401469,speed,15,401472,flow,7,1.917162672297077e-07,5.799819848965948e-06,-0.11652125729636724
72,14,401469,speed,15,401472,flow,8,2.3178591962200822e-07,6.9295167665541556e-06,-0.11573570604662356
72,14,401469,speed,15,401472,flow,9,3.529583610409626e-07,1.0158428512304853e-05,-0.11397659915415059
72,14,401469,speed,15,401472,flow,10,2.331181707773668e-06,5.5855268871781725e-05,-0.1057362249691728
72,14,401469,speed,15,401472,flow,11,1.0216306460948962e-06,2.6683460647702246e-05,-0.10941019158851858
72,14,401469,speed,15,401472,flow,12,9.249033437683492e-08,2.9706932677169283e-06,-0.1194917922668911
72,14,401469,speed,16,405838,flow,2,0.005403587910605498,0.04083887294229487,-0.06240326933150759
72,15,401472,flow,0,400593,flow,11,0.006690059707344604,0.04799245754853651,0.06083502000462534
72,15,401472,flow,1,400125,flow,2,0.001476200059474455,0.014526615619429717,0.07129602491869906
72,15,401472,flow,1,400125,flow,4,0.00634186476484896,0.04603739839379518,0.06123067295311744
72,15,401472,flow,1,400125,flow,6,0.002066372698102843,0.019156073081125064,0.0690858507875971
72,15,401472,flow,1,400125,flow,7,0.0004446737495224732,0.005426527112816622,0.07873521871251243
72,15,401472,flow,1,400125,flow,9,0.00016908427225980615,0.0023878107063114236,0.0843022341466037
72,15,401472,flow,1,400125,flow,10,0.00017305838605969704,0.0024344260103480665,0.08417238225915884
72,15,401472,flow,1,400125,flow,11,0.0013182470118655936,0.013270222812020147,0.07202642851498908
72,15,401472,flow,1,400125,flow,12,0.00016372402532009622,0.0023258394915580917,0.08448199746591512
72,15,401472,flow,2,400331,flow,1,0.001485507908422833,0.014604902513396993,0.07125526634062215
72,15,401472,flow,2,400331,flow,2,0.0004492491439492115,0.00547000085079085,0.07867439619147898
72,15,401472,flow,2,400331,flow,3,9.42377225292588e-06,0.00019176022671992373,0.09922319049069042
72,15,401472,flow,2,400331,flow,4,0.0014486522924500498,0.014294604621709034,0.07141805696836677
72,15,401472,flow,2,400331,flow,5,0.00104739894737193,0.011019881764848362,0.07349123864347756
72,15,401472,flow,2,400331,flow,6,0.0001710850070689472,0.002409019656251147,0.08423650691687005
72,15,401472,flow,2,400331,flow,7,1.396484507504058e-06,3.505411430806235e-05,0.10803222196923845
72,15,401472,flow,2,400331,flow,8,5.843775869083996e-06,0.00012522376862322848,0.10149555613400357
72,15,401472,flow,2,400331,flow,9,6.009222548510843e-07,1.6482438990201167e-05,0.111712666713887
72,15,401472,flow,2,400331,flow,10,0.00026907846460653257,0.0035569735835380067,0.08166997615535011
72,15,401472,flow,2,400331,flow,11,4.852549344193384e-05,0.0008072011231003241,0.09103050919940568
72,15,401472,flow,2,400331,flow,12,0.00016379645615184442,0.002326103519316134,0.08447953174189363
72,15,401472,flow,3,400039,flow,1,2.7801481101970085e-21,2.9728316425869e-19,0.21021654009083995
72,15,401472,flow,3,400039,flow,2,9.081734461421292e-12,5.042813994002568e-10,0.15224719831409111
72,15,401472,flow,3,400039,flow,3,2.7311054444176556e-08,9.469001219810812e-07,0.12430893618903932
72,15,401472,flow,3,400039,flow,4,5.751144895912354e-09,2.1947832111608984e-07,0.13020844463085565
72,15,401472,flow,3,400039,flow,5,6.899203029620636e-09,2.6075727985967755e-07,0.1295327929037196
72,15,401472,flow,3,400039,flow,6,2.1824227844158888e-09,8.886019254172139e-08,0.1337489494577554
72,15,401472,flow,3,400039,flow,7,1.8328527923207773e-07,5.5720788619463466e-06,0.11670664711618901
72,15,401472,flow,3,400039,flow,8,2.4094771224550615e-05,0.0004442569854462597,0.09461093840527925
72,15,401472,flow,3,400039,flow,9,2.9238751509878344e-07,8.528791797614749e-06,0.11476734104191
72,15,401472,flow,3,400039,flow,10,3.6436226673787346e-06,8.241073258155044e-05,0.10369586577164547
72,15,401472,flow,3,400039,flow,11,1.199848310279503e-05,0.0002386438628180227,0.09805580635327692
72,15,401472,flow,3,400039,flow,12,5.585438303185402e-06,0.00012022468096542568,0.10170809235669726
72,15,401472,flow,4,400316,flow,5,0.0049091203688954085,0.038021909590891544,0.06309732725531335
72,15,401472,flow,5,400503,flow,4,0.005804042764202523,0.04311859800748908,0.06188198684391382
72,15,401472,flow,5,400503,flow,5,0.0013751458078403113,0.013719699514711652,0.07175445577538468
72,15,401472,flow,5,400503,flow,6,0.005817059041573542,0.04315587426101203,0.06186559351964939
72,15,401472,flow,5,400503,flow,9,0.0011757159011501147,0.012087321972795087,0.07275842595369475
72,15,401472,flow,5,400503,flow,11,0.00639467547832194,0.046304053078026784,0.06116942687323897
72,15,401472,flow,5,400503,flow,12,0.0009866578505719776,0.010472633696488803,0.07386755827839248
72,15,401472,flow,6,405843,flow,1,7.426579671819495e-10,3.21149391213816e-08,0.13758206328525874
72,15,401472,flow,6,405843,flow,2,3.1138399047333127e-05,0.000552661807249298,0.09331417029558695
72,15,401472,flow,6,405843,flow,3,5.235395569493867e-07,1.4553995405542797e-05,0.11230337267682308
72,15,401472,flow,6,405843,flow,4,3.371600302066943e-09,1.3387236493501097e-07,0.13217122499557984
72,15,401472,flow,6,405843,flow,5,5.032337405657491e-08,1.6839424936049854e-06,0.12191845847422982
72,15,401472,flow,6,405843,flow,6,1.0763274273331117e-10,5.189435810356075e-09,0.14419758953412384
72,15,401472,flow,6,405843,flow,7,2.9035767822046684e-06,6.758325268924658e-05,0.10473780238353862
72,15,401472,flow,6,405843,flow,8,0.0023855307714083255,0.0214251412317754,0.06812313900265755
72,15,401472,flow,6,405843,flow,9,0.0007728560500721265,0.00859392055678658,0.07538876444621112
72,15,401472,flow,6,405843,flow,10,0.00011946937428537233,0.0017650742028481822,0.08622244680603226
72,15,401472,flow,6,405843,flow,11,0.0010795705510885905,0.01128143391558469,0.07330002259674813
72,15,401472,flow,6,405843,flow,12,1.0928125592622544e-05,0.00021927311918313696,0.09850893839981427
72,15,401472,flow,7,408093,flow,1,4.699218281074208e-06,0.00010341631673072124,0.10251638574126301
72,15,401472,flow,7,408093,flow,2,0.0018035344353541864,0.017190069124518415,0.06998718092566172
72,15,401472,flow,7,408093,flow,3,0.005243992750079607,0.039862834207890024,0.06262078394721608
72,15,401472,flow,7,408093,flow,4,1.3709763334526494e-06,3.447391013105614e-05,0.10811395956650828
72,15,401472,flow,7,408093,flow,5,2.4980353899279424e-06,5.906684665839469e-05,0.10542284551908156
72,15,401472,flow,7,408093,flow,6,0.0001052616085383658,0.001586636946565737,0.08691279198438957
72,15,401472,flow,7,408093,flow,7,0.0012324620679021383,0.012563086676114292,0.0724576696189151
72,15,401472,flow,7,408093,flow,8,0.00018543654280755417,0.00259251088973668,0.08378516861427036
72,15,401472,flow,7,408093,flow,9,6.7935534750461815e-06,0.0001435117408909511,0.10078461334982484
72,15,401472,flow,7,408093,flow,10,2.782561605494064e-06,6.504689467388721e-05,0.10493208651467585
72,15,401472,flow,7,408093,flow,11,1.8087029341757744e-06,4.442067467674443e-05,0.10687913053263169
72,15,401472,flow,7,408093,flow,12,1.5880605907618967e-06,3.948581574540929e-05,0.10746058131742417
72,15,401472,flow,8,401448,flow,4,0.006092999384916824,0.0446434147605846,0.06152561192442005
72,15,401472,flow,8,401448,flow,5,2.174223239396078e-05,0.0004052046761946099,0.0951258484268627
72,15,401472,flow,8,401448,flow,6,0.0001315817212273002,0.0019242824499049996,0.08569250827595201
72,15,401472,flow,8,401448,flow,7,0.004253477929234093,0.03390225950976251,0.06412228873681707
72,15,401472,flow,8,401448,flow,8,0.0008061864281094462,0.00890722600877956,0.07512772341918979
72,15,401472,flow,8,401448,flow,9,0.0003091075382815778,0.004000046136753967,0.0808692958422385
72,15,401472,flow,8,401448,flow,10,6.419267712248753e-05,0.0010297525628263874,0.08956269726177346
72,15,401472,flow,8,401448,flow,11,1.2831343902727008e-05,0.00025288050027272204,0.09772914685071127
72,15,401472,flow,8,401448,flow,12,8.631201246273348e-06,0.00017781015442966554,0.09964460030634124
72,15,401472,flow,9,402391,flow,5,0.0007646747947267119,0.008529292830414138,0.07545443433571757
72,15,401472,flow,9,402391,flow,6,4.022960699112058e-05,0.0006861109443412589,0.09200197285188404
72,15,401472,flow,9,402391,flow,7,0.002779251934474065,0.02410433317993969,0.06708618555638958
72,15,401472,flow,9,402391,flow,9,0.0026294592110392046,0.02306449500850632,0.06746385355343476
72,15,401472,flow,9,402391,flow,10,6.877356976468236e-06,0.00014506924872237684,0.10072652710384129
72,15,401472,flow,9,402391,flow,11,0.0005868820304933041,0.00684299695473974,0.07707142171326385
72,15,401472,flow,9,402391,flow,12,5.317828457704873e-06,0.00011515297712924839,0.10193841182110852
72,15,401472,flow,10,400497,flow,3,0.006305482946698208,0.0458308611802975,0.06127313335908594
72,15,401472,flow,10,400497,flow,4,5.118573105422168e-09,1.966260459221791e-07,0.130639203595827
72,15,401472,flow,10,400497,flow,5,4.0538249015174674e-11,2.0551495186577198e-09,0.14742941166656676
72,15,401472,flow,10,400497,flow,9,0.0017683899560207153,0.01690142612833958,0.0701167248057308
72,15,401472,flow,10,400497,flow,10,1.773848445278378e-09,7.326027995795978e-08,0.13449441939846352
72,15,401472,flow,10,400497,flow,11,5.562774252810597e-08,1.854258084270199e-06,0.12152213905806171
72,15,401472,flow,11,405841,flow,1,0.0003452879211346828,0.004400129260477374,0.08022510440376189
72,15,401472,flow,11,405841,flow,4,0.0025561233645953903,0.022590153630799623,0.0676559743414686
72,15,401472,flow,11,405841,flow,5,2.749167772560483e-05,0.0004960904251236961,0.09394609392066057
72,15,401472,flow,11,405841,flow,6,0.0009677079998483837,0.01031254362647588,0.07398935447570362
72,15,401472,flow,11,405841,flow,7,0.0004532191611925396,0.0055121249334227785,0.07862208747772614
72,15,401472,flow,11,405841,flow,9,0.0004728509366505866,0.0057027248641276776,0.07836953987888758
72,15,401472,flow,11,405841,flow,10,7.894097308150094e-05,0.0012355978395365364,0.08846342090871422
72,15,401472,flow,11,405841,flow,11,3.649799411467447e-05,0.0006289243501212354,0.0925026579273559
72,15,401472,flow,12,404520,flow,4,2.9813942029087065e-05,0.0005323073233554574,0.09353513407873912
72,15,401472,flow,12,404520,flow,5,9.136941709429616e-10,3.904212481180608e-08,0.13685331329761746
72,15,401472,flow,12,404520,flow,6,1.284634284640563e-06,3.260646362894966e-05,0.10840190910111974
72,15,401472,flow,12,404520,flow,7,0.00043153024424627605,0.005287040995870427,0.07891324448369803
72,15,401472,flow,12,404520,flow,9,0.002224227698291872,0.020297134889355486,0.06859387515537776
72,15,401472,flow,12,404520,flow,10,0.0014526327844347647,0.014330608880470847,0.07140029263946263
72,15,401472,flow,12,404520,flow,11,0.0010647353283165665,0.01117947551261697,0.07338753374737957
72,15,401472,flow,14,401469,flow,1,6.504662737125781e-08,2.1435840933030306e-06,0.12090100009398307
72,15,401472,flow,14,401469,flow,2,2.8445892737106906e-07,8.34258361332667e-06,0.11488236716709178
72,15,401472,flow,14,401469,flow,3,1.8157310699525372e-06,4.456794444428955e-05,0.10686175123452116
72,15,401472,flow,14,401469,flow,4,6.805470624627575e-10,2.9488097390562816e-08,0.1378880122517169
72,15,401472,flow,14,401469,flow,5,3.1226921963344234e-10,1.414049296453324e-08,0.14058773893428886
72,15,401472,flow,14,401469,flow,6,1.5510169109391577e-11,8.396482525384913e-10,0.1505413081857135
72,15,401472,flow,14,401469,flow,7,1.0320472359902434e-07,3.2903646195408496e-06,0.11904967526277363
72,15,401472,flow,14,401469,flow,8,2.904171505206627e-08,1.0044852604077364e-06,0.124070649243404
72,15,401472,flow,14,401469,flow,9,4.770685782368605e-06,0.00010478573659190719,0.10244600813236203
72,15,401472,flow,14,401469,flow,10,2.217986045235202e-06,5.3499160890095325e-05,0.10596132609079253
72,15,401472,flow,14,401469,flow,11,1.2801792051736858e-12,7.58624714176999e-11,0.15833361496597764
72,15,401472,flow,14,401469,flow,12,3.0644106446260585e-14,2.0684771851225893e-12,0.1693143496780582
72,15,401472,flow,15,401472,flow,1,0.0,0.0,0.7449278730208468
72,15,401472,flow,15,401472,flow,2,5.1723295848156537e-253,7.448154602134541e-250,0.664224173374733
72,15,401472,flow,15,401472,flow,3,1.461177870003075e-200,1.4027307552029517e-197,0.6073737694333166
72,15,401472,flow,15,401472,flow,4,1.431108291236529e-179,1.0478623420579332e-176,0.5808804225356861
72,15,401472,flow,15,401472,flow,5,2.9100353643128477e-171,1.9340542728971542e-168,0.569678578746458
72,15,401472,flow,15,401472,flow,6,3.25861360538975e-157,1.982705742997707e-154,0.5496985809252449
72,15,401472,flow,15,401472,flow,7,1.0047327858509275e-132,5.2932263839951304e-130,0.5112793239633423
72,15,401472,flow,15,401472,flow,8,6.347148278119952e-108,2.688203976615509e-105,0.46659724851060624
72,15,401472,flow,15,401472,flow,9,3.9990757192421456e-95,1.4893109575108681e-92,0.4406464994825368
72,15,401472,flow,15,401472,flow,10,4.189241704570443e-83,1.3114147944742257e-80,0.4140305330292498
72,15,401472,flow,15,401472,flow,11,2.4611608203871504e-85,8.178626726209608e-83,0.4191548771456066
72,15,401472,flow,15,401472,flow,12,3.396913148370822e-83,1.0711434161286096e-80,0.4142414218931491
72,15,401472,flow,17,400260,flow,1,0.0018063551492599136,0.01721097098544955,0.06997688443240932
72,15,401472,flow,17,400260,flow,3,0.001276646036984866,0.012909903744790778,0.0722322166101377
72,15,401472,flow,17,400260,flow,4,0.004973909025414098,0.03832225252325469,0.0630028842149403
72,15,401472,flow,17,400260,flow,6,0.005844950156764051,0.043288504504064296,0.06183057708764727
72,15,401472,flow,17,400260,flow,7,4.059042786616332e-06,9.080901756171616e-05,0.1031968766032494
72,15,401472,flow,17,400260,flow,8,0.00029801469254758355,0.003878810679205547,0.0810809799044643
72,15,401472,flow,17,400260,flow,9,0.0014007661663405712,0.013917455930522694,0.07163536404155764
72,15,401472,flow,17,400260,flow,11,5.8256591750065404e-05,0.0009489761552046854,0.09007421096388199
72,15,401472,flow,17,400260,flow,12,1.2605868382457878e-05,0.00024889100279807145,0.09781553877429525
72,15,401472,flow,18,404528,flow,5,0.00016666149763296868,0.0023598088160420344,0.08438281174426226
72,15,401472,flow,18,404528,flow,6,5.404526483606956e-05,0.0008880773833846348,0.09046794420743857
72,15,401472,flow,18,404528,flow,7,0.0003676476013491316,0.004638240183338394,0.07985786488534945
72,15,401472,flow,18,404528,flow,8,0.00020422115804090248,0.0028173590779104686,0.08324161151730392
72,15,401472,flow,18,404528,flow,11,9.582231106323967e-05,0.0014622125884605982,0.08742185365216842
72,15,401472,flow,18,404528,flow,12,3.115518426647677e-05,0.0005527326325715797,0.09331142764385121
72,15,401472,occupancy,0,400593,flow,11,0.005976491019971718,0.043991477846292204,0.061667433511874786
72,15,401472,occupancy,1,400125,flow,2,0.0014086406820807613,0.013969990235511681,0.07159916386637706
72,15,401472,occupancy,1,400125,flow,4,0.00644922560815519,0.04662871067318898,0.06110663919907317
72,15,401472,occupancy,1,400125,flow,6,0.002117176092081565,0.01955168595567727,0.06892386432340995
72,15,401472,occupancy,1,400125,flow,7,0.0003900786956362191,0.0048703467200822735,0.07950984965475918
72,15,401472,occupancy,1,400125,flow,9,0.00016913659169705918,0.0023878107063114236,0.08430050608543418
72,15,401472,occupancy,1,400125,flow,10,0.00013020558985045745,0.0019080330670080605,0.08575034771854659
72,15,401472,occupancy,1,400125,flow,11,0.001417286692014416,0.014026754890039583,0.07155963114272723
72,15,401472,occupancy,1,400125,flow,12,0.00017240367223982984,0.0024266767460638483,0.08419358056881056
72,15,401472,occupancy,2,400331,flow,1,0.0016394535913060392,0.015855024657358604,0.07061316953227631
72,15,401472,occupancy,2,400331,flow,2,0.0004883550373036924,0.005855380963508052,0.07817690721552908
72,15,401472,occupancy,2,400331,flow,3,1.2135526114086238e-05,0.00024092588608847678,0.09800059817756776
72,15,401472,occupancy,2,400331,flow,4,0.00131130716608428,0.013226155660312938,0.07206033791247235
72,15,401472,occupancy,2,400331,flow,5,0.0009504206218509489,0.010157884924285251,0.07410240620533899
72,15,401472,occupancy,2,400331,flow,6,0.00015999799952349662,0.002276651376618924,0.08461024459483987
72,15,401472,occupancy,2,400331,flow,7,1.088323241369997e-06,2.815303235160711e-05,0.10913273231961688
72,15,401472,occupancy,2,400331,flow,8,4.5028553653427674e-06,9.965335644611042e-05,0.10271516255431602
72,15,401472,occupancy,2,400331,flow,9,7.283694690843809e-07,1.9629170969710074e-05,0.11088343820642774
72,15,401472,occupancy,2,400331,flow,10,0.00028407591575128644,0.0037255857803447407,0.08135768355742831
72,15,401472,occupancy,2,400331,flow,11,4.375946605357321e-05,0.0007370015335338646,0.091567357636504
72,15,401472,occupancy,2,400331,flow,12,0.0001738087034172342,0.002444184891804856,0.08414818098346202
72,15,401472,occupancy,3,400039,flow,1,3.1604885015935035e-21,3.3711877350330704e-19,0.20992572022244319
72,15,401472,occupancy,3,400039,flow,2,1.1736464451313541e-11,6.434203861633819e-10,0.15143230087034384
72,15,401472,occupancy,3,400039,flow,3,3.4387795285765075e-08,1.1808845439944763e-06,0.12341303440185877
72,15,401472,occupancy,3,400039,flow,4,4.255274883006823e-09,1.6576003151117653e-07,0.13131921033018226
72,15,401472,occupancy,3,400039,flow,5,8.907872060576815e-09,3.3202767300855775e-07,0.12857833002451952
72,15,401472,occupancy,3,400039,flow,6,2.0904246624998883e-09,8.567964461100112e-08,0.13390417633013763
72,15,401472,occupancy,3,400039,flow,7,1.76254696990188e-07,5.373467120660636e-06,0.11686765425959893
72,15,401472,occupancy,3,400039,flow,8,2.1579267457914324e-05,0.0004023411109977983,0.09516345368750719
72,15,401472,occupancy,3,400039,flow,9,2.4405833055523916e-07,7.26624388696508e-06,0.11552127873314505
72,15,401472,occupancy,3,400039,flow,10,3.227332488267405e-06,7.415998058146377e-05,0.10425387827242744
72,15,401472,occupancy,3,400039,flow,11,1.2560310768109077e-05,0.0002482184012727869,0.09783317315724858
72,15,401472,occupancy,3,400039,flow,12,5.712628970694378e-06,0.00012277889131044633,0.10160230284710042
72,15,401472,occupancy,4,400316,flow,5,0.005981834689436951,0.04399306411026154,0.06166087461131589
72,15,401472,occupancy,5,400503,flow,4,0.005356848168689797,0.04054947273302948,0.06246636468162272
72,15,401472,occupancy,5,400503,flow,5,0.0017247650475084783,0.01655774445608139,0.07028085872864838
72,15,401472,occupancy,5,400503,flow,6,0.005831571204927286,0.04322647152588517,0.06184735511969538
72,15,401472,occupancy,5,400503,flow,7,0.006287355150432642,0.045764741785794455,0.06129437221268407
72,15,401472,occupancy,5,400503,flow,9,0.001222108585542168,0.012469317641809556,0.07251157679027732
72,15,401472,occupancy,5,400503,flow,11,0.006528506365592355,0.04706800316982472,0.061016232241913715
72,15,401472,occupancy,5,400503,flow,12,0.0010707918116200207,0.01121955039097378,0.073351671990896
72,15,401472,occupancy,6,405843,flow,1,5.537930840215779e-10,2.422504260698497e-08,0.13860735001472316
72,15,401472,occupancy,6,405843,flow,2,3.387337385493009e-05,0.0005929212927605268,0.09288480739360953
72,15,401472,occupancy,6,405843,flow,3,4.959909171827539e-07,1.3823746853093528e-05,0.11253418984071635
72,15,401472,occupancy,6,405843,flow,4,3.2374214803032764e-09,1.2878140695129056e-07,0.132319317603595
72,15,401472,occupancy,6,405843,flow,5,3.373920936754955e-08,1.1613815495443352e-06,0.1234873115773839
72,15,401472,occupancy,6,405843,flow,6,9.062559862776074e-11,4.423758034711032e-09,0.14477205014143785
72,15,401472,occupancy,6,405843,flow,7,3.0561355248328587e-06,7.068136918191947e-05,0.10450365107889541
72,15,401472,occupancy,6,405843,flow,8,0.0019566461696630764,0.01833162319007697,0.06944855480983943
72,15,401472,occupancy,6,405843,flow,9,0.0007747023364526752,0.00860559036635525,0.07537403376358393
72,15,401472,occupancy,6,405843,flow,10,0.00011828647169032359,0.0017517914216736302,0.08627688472614736
72,15,401472,occupancy,6,405843,flow,11,0.0013115937696476997,0.013226155660312938,0.07205893424095781
72,15,401472,occupancy,6,405843,flow,12,1.0193521732973533e-05,0.0002061611137005883,0.09884513429108949
72,15,401472,occupancy,7,408093,flow,1,3.913471145088487e-06,8.800726364800761e-05,0.10336592347218881
72,15,401472,occupancy,7,408093,flow,2,0.0017385726409868958,0.016660678369705834,0.07022850054031121
72,15,401472,occupancy,7,408093,flow,3,0.005823561920207956,0.04318192155046064,0.06185741585744702
72,15,401472,occupancy,7,408093,flow,4,1.3219801728802566e-06,3.339739384118543e-05,0.1082751458430499
72,15,401472,occupancy,7,408093,flow,5,2.4961933687441146e-06,5.905561529558913e-05,0.10542619416612792
72,15,401472,occupancy,7,408093,flow,6,9.191582006065902e-05,0.0014135420113300893,0.087646510665524
72,15,401472,occupancy,7,408093,flow,7,0.0010656391349754294,0.011181834012858525,0.07338217015985476
72,15,401472,occupancy,7,408093,flow,8,0.00013258569331790746,0.0019369976162778497,0.0856506691090395
72,15,401472,occupancy,7,408093,flow,9,9.03228214539206e-06,0.00018492634534641563,0.09942693078268217
72,15,401472,occupancy,7,408093,flow,10,2.0658030538790484e-06,5.019274011674628e-05,0.10628199042338839
72,15,401472,occupancy,7,408093,flow,11,1.5367417363733702e-06,3.8285607272969775e-05,0.10760692426050543
72,15,401472,occupancy,7,408093,flow,12,2.157957627473433e-06,5.213857354969368e-05,0.10608521268283533
72,15,401472,occupancy,8,401448,flow,5,2.7361412662275913e-05,0.0004945661200879998,0.09397011220639889
72,15,401472,occupancy,8,401448,flow,6,0.00020308729434020484,0.002802993966612412,0.08327306247596857
72,15,401472,occupancy,8,401448,flow,7,0.0048730024660188515,0.03782815930494419,0.06315046684089319
72,15,401472,occupancy,8,401448,flow,8,0.0008480861157755256,0.009265887759611206,0.07481341025526551
72,15,401472,occupancy,8,401448,flow,9,0.0004310993848968807,0.005283260546821347,0.07891916559583591
72,15,401472,occupancy,8,401448,flow,10,8.962597522481758e-05,0.0013818137507894787,0.08778242297380882
72,15,401472,occupancy,8,401448,flow,11,1.3163946587618723e-05,0.000258727248673853,0.09760431509101404
72,15,401472,occupancy,8,401448,flow,12,1.123679412388713e-05,0.00022504844976908855,0.09837406785760391
72,15,401472,occupancy,9,402391,flow,5,0.0008133333617471634,0.00896784104836076,0.07507305465787299
72,15,401472,occupancy,9,402391,flow,6,3.404864559070861e-05,0.0005945438518668601,0.09285842624769781
72,15,401472,occupancy,9,402391,flow,7,0.0022062366322666816,0.020167038195920577,0.06864830164827262
72,15,401472,occupancy,9,402391,flow,9,0.0027378688311598706,0.023797974548512357,0.06718862890099692
72,15,401472,occupancy,9,402391,flow,10,7.391180829364592e-06,0.0001544746065933964,0.10038451890803987
72,15,401472,occupancy,9,402391,flow,11,0.0007018576812721485,0.007947641371155128,0.07598155782181894
72,15,401472,occupancy,9,402391,flow,12,5.221857620004075e-06,0.00011330198351791866,0.10202371954625382
72,15,401472,occupancy,10,400497,flow,3,0.006277675565573498,0.045717394543623585,0.06130573555599795
72,15,401472,occupancy,10,400497,flow,4,9.585692802463389e-09,3.5423603855125614e-07,0.1283031161116354
72,15,401472,occupancy,10,400497,flow,5,6.88381214162496e-11,3.3986363944936947e-09,0.1456858075552575
72,15,401472,occupancy,10,400497,flow,9,0.001876682804364657,0.0177830000325846,0.06972482486803139
72,15,401472,occupancy,10,400497,flow,10,2.624683430689827e-09,1.0557385866461874e-07,0.13308186496635188
72,15,401472,occupancy,10,400497,flow,11,5.376089330564961e-08,1.7961876185646275e-06,0.1216572796973155
72,15,401472,occupancy,11,405841,flow,1,0.00035373871275495405,0.004482696506604288,0.08008376356014242
72,15,401472,occupancy,11,405841,flow,4,0.0027145081794919977,0.023637724925227636,0.06724708377140613
72,15,401472,occupancy,11,405841,flow,5,2.4149689104005187e-05,0.0004450795944082867,0.09459949867622461
72,15,401472,occupancy,11,405841,flow,6,0.0007972399768183672,0.008824178067782082,0.0751967940638043
72,15,401472,occupancy,11,405841,flow,7,0.0004063355561657588,0.005043473647432729,0.07926912014207736
72,15,401472,occupancy,11,405841,flow,9,0.000493038480482041,0.00590334322528386,0.07811983754271526
72,15,401472,occupancy,11,405841,flow,10,6.2608082076709e-05,0.0010070459696951413,0.08969471594723519
72,15,401472,occupancy,11,405841,flow,11,4.053802685959701e-05,0.0006905531389331983,0.09196258524482034
72,15,401472,occupancy,12,404520,flow,4,3.5781005528757894e-05,0.0006197832553497759,0.09260439596072331
72,15,401472,occupancy,12,404520,flow,5,1.3136581885288558e-09,5.515066447468083e-08,0.1355673533370555
72,15,401472,occupancy,12,404520,flow,6,1.225672187992652e-06,3.143808790946901e-05,0.10860944166675675
72,15,401472,occupancy,12,404520,flow,7,0.0004745276774134386,0.005721349613246036,0.07834842536975437
72,15,401472,occupancy,12,404520,flow,9,0.0026473676580327597,0.023160446097005915,0.06741768229113954
72,15,401472,occupancy,12,404520,flow,10,0.0012541509898984558,0.012733021599823091,0.07234608411587211
72,15,401472,occupancy,12,404520,flow,11,0.0013236346097093906,0.013310292164675434,0.0720002170006247
72,15,401472,occupancy,14,401469,flow,1,7.753981349883355e-08,2.5299999570616387e-06,0.12019964984747725
72,15,401472,occupancy,14,401469,flow,2,2.1920565626163903e-07,6.580739645936627e-06,0.1159672039131448
72,15,401472,occupancy,14,401469,flow,3,1.8649299628941443e-06,4.55942130147295e-05,0.10674186976799038
72,15,401472,occupancy,14,401469,flow,4,4.722077526116321e-10,2.0815688686553578e-08,0.13916105057939834
72,15,401472,occupancy,14,401469,flow,5,3.706525862625299e-10,1.6627405738879847e-08,0.13999819355214158
72,15,401472,occupancy,14,401469,flow,6,1.9282930660521147e-11,1.0296941959635518e-09,0.14984178269221587
72,15,401472,occupancy,14,401469,flow,7,7.525986021793255e-08,2.4574648234426956e-06,0.12031907017711671
72,15,401472,occupancy,14,401469,flow,8,2.388098694798e-08,8.360280681950859e-07,0.12482789109532362
72,15,401472,occupancy,14,401469,flow,9,3.9686164239025e-06,8.9108227397395e-05,0.1033011876613888
72,15,401472,occupancy,14,401469,flow,10,1.7075853568961678e-06,4.2177065419047715e-05,0.10713662241699629
72,15,401472,occupancy,14,401469,flow,11,7.643813859377994e-13,4.657443705573051e-11,0.15989658857509517
72,15,401472,occupancy,14,401469,flow,12,2.6612941612907175e-14,1.807671505782374e-12,0.1697150672849152
72,15,401472,occupancy,15,401472,flow,1,0.0,0.0,0.7456410677408404
72,15,401472,occupancy,15,401472,flow,2,1.6409654598436718e-254,2.444472685008504e-251,0.6656823024472878
72,15,401472,occupancy,15,401472,flow,3,4.123036912240772e-201,4.048072604745485e-198,0.608035048835154
72,15,401472,occupancy,15,401472,flow,4,1.375925297134159e-180,1.042806540985889e-177,0.5822223779662679
72,15,401472,occupancy,15,401472,flow,5,8.451898006702824e-172,5.705031154524407e-169,0.5704157570007423
72,15,401472,occupancy,15,401472,flow,6,6.8634629427091284e-158,4.235737130357633e-155,0.5506924423668215
72,15,401472,occupancy,15,401472,flow,7,1.1914357101929417e-133,6.354323787695689e-131,0.5128256014853277
72,15,401472,occupancy,15,401472,flow,8,5.564901010740682e-109,2.404037236639975e-106,0.46864351336216253
72,15,401472,occupancy,15,401472,flow,9,5.595325821905403e-96,2.1203339956694156e-93,0.44245008970778626
72,15,401472,occupancy,15,401472,flow,10,2.468312699990138e-83,7.84052269408632e-81,0.4145623469132561
72,15,401472,occupancy,15,401472,flow,11,1.7198344327043633e-85,5.759445542079728e-83,0.4195090925221584
72,15,401472,occupancy,15,401472,flow,12,1.5658717069837668e-83,5.010789462348054e-81,0.4150191046947921
72,15,401472,occupancy,17,400260,flow,1,0.0020722979969567405,0.01920688124190757,0.06906677111832385
72,15,401472,occupancy,17,400260,flow,3,0.0013219587187116234,0.013299631264169104,0.07200835991796599
72,15,401472,occupancy,17,400260,flow,4,0.004561765480994611,0.03588932230540288,0.0636237490790494
72,15,401472,occupancy,17,400260,flow,6,0.006012374938573733,0.044154646020297235,0.06162348996812119
72,15,401472,occupancy,17,400260,flow,7,4.22995387117422e-06,9.428999341317146e-05,0.10300566132572328
72,15,401472,occupancy,17,400260,flow,8,0.0002759160787966288,0.0036318021340689716,0.08152562607170973
72,15,401472,occupancy,17,400260,flow,9,0.001270742238758642,0.012861550528773377,0.07226192075214129
72,15,401472,occupancy,17,400260,flow,11,5.3787856792876466e-05,0.0008845205228215696,0.09049294258211857
72,15,401472,occupancy,17,400260,flow,12,1.673920184110212e-05,0.00031954640721856457,0.09642492319021675
72,15,401472,occupancy,18,404528,flow,5,0.00016498685443208094,0.0023414691561977324,0.0844391538401049
72,15,401472,occupancy,18,404528,flow,6,6.490503890794963e-05,0.001039250437666206,0.08950434919201135
72,15,401472,occupancy,18,404528,flow,7,0.0002684099766132701,0.003550309549814228,0.08168427255697451
72,15,401472,occupancy,18,404528,flow,8,0.00019567388680022697,0.002719791476759911,0.08348285110413275
72,15,401472,occupancy,18,404528,flow,11,9.452598080125286e-05,0.001446006505174973,0.08749543011770604
72,15,401472,occupancy,18,404528,flow,12,2.7503671464975483e-05,0.000496099627259683,0.09394388795284511
72,15,401472,speed,1,400125,flow,10,0.0005525629367617357,0.0065078295714577385,-0.07743542471927421
72,15,401472,speed,3,400039,flow,10,0.0022474697622327238,0.02044014604809551,-0.0685241570652903
72,15,401472,speed,4,400316,flow,2,0.003316300121107767,0.027791488851511826,0.06586954053267924
72,15,401472,speed,4,400316,flow,6,0.00113529703714277,0.011750079541103896,-0.07298093339894728
72,15,401472,speed,4,400316,flow,8,0.001973336127926069,0.01846796376221971,-0.06939220108998803
72,15,401472,speed,4,400316,flow,10,0.000158261406389071,0.002257890606343417,-0.08467097916681665
72,15,401472,speed,7,408093,flow,8,0.002981152752858664,0.025527413067095,-0.06660551463432533
72,15,401472,speed,8,401448,flow,2,0.0008406409817147878,0.00919384567343768,-0.07486819321454992
72,15,401472,speed,8,401448,flow,8,0.001727675398918807,0.0165746340735715,-0.07026979076464064
72,15,401472,speed,9,402391,flow,7,0.004815146350031539,0.03746655661407825,-0.063236336062548
72,15,401472,speed,10,400497,flow,11,0.001751779091990565,0.016764921748779887,-0.0701787781399414
72,15,401472,speed,11,405841,flow,3,0.003893155961692238,0.031554284717655666,-0.06474828786791167
72,15,401472,speed,12,404520,flow,5,0.00029114876299762556,0.003802184571190273,-0.08121572789950425
72,15,401472,speed,12,404520,flow,6,2.8902503820569044e-05,0.0005189908689040263,-0.09369267510261418
72,15,401472,speed,14,401469,flow,2,0.005442799422766697,0.04104904592589409,-0.06235071523134411
72,15,401472,speed,14,401469,flow,11,0.0063616231282769085,0.04614206164230397,-0.06120770511262101
72,15,401472,speed,15,401472,flow,1,0.0015369845924611027,0.015018713954833667,-0.07103401102687185
72,15,401472,speed,15,401472,flow,2,0.0023688916780168242,0.021315584355410706,-0.06817032685396052
72,15,401472,speed,18,404528,flow,1,0.0059054788490869895,0.04359905853910318,-0.06175510000546164
72,15,401472,speed,18,404528,flow,7,0.0007020696281018605,0.007947958053983326,-0.07597970679726125
72,16,405838,flow,0,400593,flow,5,0.0005723604945041185,0.006699958147773395,0.07722296025992653
72,16,405838,flow,2,400331,flow,8,0.00194267538607814,0.018248222804647888,0.06949606730730863
72,16,405838,flow,2,400331,flow,12,0.00020242900818685217,0.0027956947422225105,0.0832913976382353
72,16,405838,flow,4,400316,flow,4,0.003836977812958601,0.03118672465095232,0.06485059109452758
72,16,405838,flow,4,400316,flow,6,6.665464043488265e-05,0.0010629311431476303,0.08936357419803954
72,16,405838,flow,4,400316,flow,11,0.0017502984484070617,0.016758176633684632,0.07018433560116354
72,16,405838,flow,5,400503,flow,1,3.1928626888392544e-06,7.356355635085642e-05,0.10430313100786857
72,16,405838,flow,6,405843,flow,5,0.002295236236549183,0.020778333071861842,0.06838292270082912
72,16,405838,flow,6,405843,flow,10,0.000629140816059486,0.007243838820301118,0.07664948407157733
72,16,405838,flow,7,408093,flow,1,1.9141977679464332e-05,0.00036173816087176693,0.09576064954020122
72,16,405838,flow,7,408093,flow,2,0.00024156154891051258,0.003244856627156139,0.08228794305011383
72,16,405838,flow,8,401448,flow,12,0.0024245274666820776,0.021671753892130302,0.06801371480439425
72,16,405838,flow,10,400497,flow,1,0.0005426882966260185,0.00640900339372444,-0.0775440600992442
72,16,405838,flow,10,400497,flow,2,9.624068438223494e-07,2.5382158518391632e-05,-0.10967159147047872
72,16,405838,flow,10,400497,flow,4,1.780135277517243e-05,0.0003381787334597401,0.09612077385414158
72,16,405838,flow,10,400497,flow,5,1.265397486993044e-07,3.9497956241401374e-06,0.11822322058411146
72,16,405838,flow,10,400497,flow,7,0.001427353235808432,0.014100856407818652,-0.07151388218219204
72,16,405838,flow,10,400497,flow,8,0.0047108280711150126,0.036820657259303155,-0.06339354907359229
72,16,405838,flow,10,400497,flow,10,3.5711063998348106e-09,1.410162673426543e-07,0.1319613053442144
72,16,405838,flow,10,400497,flow,11,7.1688746209695795e-09,2.7024029984806796e-07,0.12939001401461428
72,16,405838,flow,11,405841,flow,5,0.006407923548036912,0.046376662301088056,0.06115413408288953
72,16,405838,flow,12,404520,flow,4,0.0005731167223463615,0.0067060244868263315,0.07721498087173644
72,16,405838,flow,12,404520,flow,6,3.8848895475919156e-05,0.0006651891734283423,0.09218188623770837
72,16,405838,flow,12,404520,flow,10,0.004818432511967358,0.037485374485321424,0.0632314338662724
72,16,405838,flow,12,404520,flow,11,9.281893115395088e-07,2.4614965167898574e-05,0.10982976526942266
72,16,405838,flow,14,401469,flow,1,5.702008790961431e-08,1.8958004005591105e-06,0.12142417709611655
72,16,405838,flow,14,401469,flow,4,0.0007988923323355818,0.008840202038139634,0.07518398319669402
72,16,405838,flow,14,401469,flow,5,0.00045941527141933917,0.005571796666287325,0.0785412955808477
72,16,405838,flow,14,401469,flow,7,0.0001924237049575281,0.002676337428900584,0.08357718941237731
72,16,405838,flow,14,401469,flow,8,0.0005596552479946521,0.006575226193464501,-0.07735850843772869
72,16,405838,flow,14,401469,flow,10,0.006384433979311814,0.04626091041701952,0.061181268591037445
72,16,405838,flow,15,401472,flow,11,0.004282594437555394,0.03409030398054045,0.06407382783555897
72,16,405838,flow,15,401472,flow,12,0.00047948695488732025,0.005771478531939881,0.07828637976996042
72,16,405838,flow,16,405838,flow,1,7.242739593680727e-56,1.655483335698452e-53,0.342637153487101
72,16,405838,flow,16,405838,flow,2,2.1664708896685085e-25,2.7049578738057677e-23,0.2305889485007254
72,16,405838,flow,16,405838,flow,3,3.3008541708809606e-09,1.3118390081146042e-07,0.13224857755105612
72,16,405838,flow,16,405838,flow,5,0.003621265231805077,0.029780822009133703,0.06525648933565385
72,16,405838,flow,16,405838,flow,6,1.863307665161777e-07,5.660681514415525e-06,0.1166387467419328
72,16,405838,flow,16,405838,flow,9,0.0023972451149144123,0.02149460127943184,0.06809009782709574
72,16,405838,flow,16,405838,flow,12,6.67640963480961e-07,1.8151094790671815e-05,0.11125949443386729
72,16,405838,flow,17,400260,flow,5,0.001004750958549082,0.010638539561107926,0.07375327177316324
72,16,405838,flow,17,400260,flow,12,0.0032289838722603845,0.027190012539677188,0.06605451820867847
72,16,405838,flow,18,404528,flow,1,4.7835474002003004e-05,0.0007976915888611832,0.09110505473864625
72,16,405838,flow,19,401795,flow,5,0.002348762869213467,0.0211846604999764,0.06822781840141427
72,16,405838,occupancy,2,400331,flow,8,0.004297237267247344,0.03419762241931639,0.06404956934036622
72,16,405838,occupancy,5,400503,flow,1,0.00400295311912618,0.032244559900475665,0.06455215193894491
72,16,405838,occupancy,7,408093,flow,1,0.00028958388356718,0.00378289197765412,0.08124685552682948
72,16,405838,occupancy,10,400497,flow,5,0.006524942841471127,0.04705801848940779,0.061020274632794955
72,16,405838,occupancy,10,400497,flow,6,0.0058525800834602045,0.043330155887828764,0.06182102417212262
72,16,405838,occupancy,10,400497,flow,10,0.004087556931350532,0.03282201848221989,0.0644043219886157
72,16,405838,occupancy,10,400497,flow,11,5.806566922887058e-07,1.6007893495132158e-05,0.11185994802897022
72,16,405838,occupancy,10,400497,flow,12,1.5661816563612804e-07,4.8155905732958946e-06,0.11735258471885707
72,16,405838,occupancy,12,404520,flow,6,0.0032426534972081577,0.027272210134736796,0.06602526100780658
72,16,405838,occupancy,12,404520,flow,11,7.055486436001048e-05,0.0011177008215447204,0.0890619315193887
72,16,405838,occupancy,14,401469,flow,1,3.608938496829979e-05,0.0006243738208372251,0.0925604031345185
72,16,405838,occupancy,14,401469,flow,8,0.006886279892930622,0.04909031210802028,-0.060620135847103546
72,16,405838,occupancy,15,401472,flow,11,0.00029676395038558996,0.0038669794650746003,0.08110530854357786
72,16,405838,occupancy,15,401472,flow,12,2.771469197654298e-05,0.0004996972843850821,0.09390522443631989
72,16,405838,occupancy,16,405838,flow,3,5.261469759672668e-13,3.237827544413949e-11,0.16101894352956064
72,16,405838,occupancy,16,405838,flow,4,9.903261452053301e-05,0.0015037641290991304,0.08724361124860723
72,16,405838,occupancy,16,405838,flow,5,0.00045744544446164534,0.005552583085345063,0.07856686968222253
72,16,405838,occupancy,16,405838,flow,6,1.2080329859504893e-07,3.800948652080199e-06,0.11841180577353311
72,16,405838,occupancy,16,405838,flow,7,4.2112768893916275e-05,0.0007139998493788003,0.0917658046177946
72,16,405838,occupancy,16,405838,flow,8,0.00027382964864602856,0.003609838517396531,0.08156931455970061
72,16,405838,occupancy,16,405838,flow,9,0.0021512097659662807,0.01976861559024534,0.06881732882256203
72,16,405838,occupancy,16,405838,flow,10,0.0023145471858897313,0.020924451854147912,0.06832658721868864
72,16,405838,occupancy,16,405838,flow,12,9.403795313654446e-05,0.0014410924354376446,0.08752337627439538
72,16,405838,speed,2,400331,flow,8,0.003021443076990701,0.025800798171971596,-0.06651316185269161
72,16,405838,speed,3,400039,flow,1,0.006275828997235079,0.04571165278714473,-0.061307905123720974
72,16,405838,speed,10,400497,flow,6,0.003012728314353043,0.02574166597706714,-0.06653304212569375
72,16,405838,speed,17,400260,flow,8,0.005819720888228552,0.04316084847578943,-0.06186224513272743
72,17,400260,flow,0,400593,flow,9,0.003605665262213881,0.029675126562705212,0.06528668827693873
72,17,400260,flow,1,400125,flow,1,5.09824243965154e-06,0.00011084251303117591,0.10213583816478732
72,17,400260,flow,1,400125,flow,11,0.0012271738831620487,0.012518042916788786,0.0724851510144198
72,17,400260,flow,1,400125,flow,12,0.0037665150516961138,0.030689070206199945,0.0649808474331897
72,17,400260,flow,2,400331,flow,3,1.920904379487302e-06,4.693612510964448e-05,0.10660911678859301
72,17,400260,flow,2,400331,flow,11,0.0009233002280964553,0.009922032301932058,0.07428365574204841
72,17,400260,flow,4,400316,flow,2,0.002928643546272908,0.025190460401741808,-0.06672759842539305
72,17,400260,flow,4,400316,flow,6,0.003108510031259013,0.026413775245945976,0.06631736212370182
72,17,400260,flow,4,400316,flow,10,0.00016711208712441233,0.0023638644937048502,0.08436774287010881
72,17,400260,flow,4,400316,flow,11,0.0007414398258774169,0.008317372235238745,0.0756445571866255
72,17,400260,flow,5,400503,flow,8,4.718774732184112e-05,0.0007876780078452614,0.09117596407527301
72,17,400260,flow,6,405843,flow,6,0.004774911838589604,0.037233179622797104,0.06329660322272078
72,17,400260,flow,6,405843,flow,11,0.00527241808218471,0.04000944735420356,0.06258160923433632
72,17,400260,flow,7,408093,flow,11,0.002039237073319089,0.018961481181098718,0.0691738743179698
72,17,400260,flow,8,401448,flow,1,2.4830907672040296e-05,0.00045588406775696593,0.0944596165715278
72,17,400260,flow,8,401448,flow,2,0.0008826214159733125,0.00956819201255887,0.07456498070811289
72,17,400260,flow,8,401448,flow,7,0.005627297349338779,0.042116986398377555,0.06210793083244517
72,17,400260,flow,8,401448,flow,10,0.00037097704202669363,0.00467118131048677,0.07980497600708814
72,17,400260,flow,8,401448,flow,12,9.131688962193697e-05,0.0014058765615351666,0.08768174849400474
72,17,400260,flow,10,400497,flow,2,2.7585903142421077e-09,1.1054833170246666e-07,-0.13290141168254702
72,17,400260,flow,10,400497,flow,3,0.0007841685090063318,0.008697324669851998,-0.07529901520556144
72,17,400260,flow,10,400497,flow,5,7.114719837598694e-06,0.00014934688871927289,0.10056560376309889
72,17,400260,flow,10,400497,flow,7,0.005083880727039215,0.038884444558063044,-0.0628450929350798
72,17,400260,flow,10,400497,flow,10,1.0509743247860692e-06,2.7373599938474473e-05,0.10928603019784693
72,17,400260,flow,10,400497,flow,11,1.7735209492570987e-14,1.2337537038310252e-12,0.17086273392385465
72,17,400260,flow,10,400497,flow,12,0.00043458144173263183,0.005319897501515924,0.07887147034203151
72,17,400260,flow,11,405841,flow,3,1.3300012852087213e-06,3.3560780094051846e-05,0.10824836919670854
72,17,400260,flow,11,405841,flow,10,0.002533203611503116,0.022448081234242995,0.06771705174833985
72,17,400260,flow,12,404520,flow,1,0.0033802891403130002,0.02822351968719011,-0.0657367749711283
72,17,400260,flow,12,404520,flow,2,3.847655130388538e-05,0.000659859871507681,-0.09223144277925847
72,17,400260,flow,12,404520,flow,5,0.0013907239911798374,0.013837308303153129,0.07168180224101504
72,17,400260,flow,12,404520,flow,6,1.1124947409057788e-05,0.00022295449948454618,0.09842252551323387
72,17,400260,flow,12,404520,flow,10,0.0002486845361585211,0.0033281201865080893,0.08212188462073915
72,17,400260,flow,12,404520,flow,11,0.004820898645616986,0.0374978072543489,0.0632277569483381
72,17,400260,flow,13,400183,flow,2,0.0004543822013439094,0.005523160128884886,0.0786068442451521
72,17,400260,flow,13,400183,flow,6,0.00018134134771056836,0.0025410140191685217,0.0839105139444557
72,17,400260,flow,13,400183,flow,12,0.0010339321447886806,0.010912745823325435,0.073572897087039
72,17,400260,flow,14,401469,flow,1,0.00011284913384981435,0.001681062959417924,0.0865339041789269
72,17,400260,flow,14,401469,flow,2,0.006380455235503772,0.04624759499559781,0.061185873614693444
72,17,400260,flow,14,401469,flow,5,1.6814408143794625e-08,5.978456228904756e-07,0.12617469256319336
72,17,400260,flow,14,401469,flow,6,3.938702893914337e-05,0.0006733358330712283,0.09211105447623466
72,17,400260,flow,14,401469,flow,7,5.9158143256318905e-09,2.2556326466663518e-07,0.13010387334824378
72,17,400260,flow,14,401469,flow,8,0.0008824533662742019,0.00956819201255887,0.07456616760965837
72,17,400260,flow,14,401469,flow,11,7.706745994558794e-05,0.001210587216949661,0.08859173346271933
72,17,400260,flow,14,401469,flow,12,0.0017716459283468238,0.016928799846180665,0.07010462424330798
72,17,400260,flow,15,401472,flow,2,0.004519333078153859,0.03559926034336947,0.06369052290811242
72,17,400260,flow,15,401472,flow,5,0.0034154440114748637,0.02844557187116139,0.06566480521893997
72,17,400260,flow,16,405838,flow,1,0.002448055369888686,0.02183687631203618,0.06794847185327141
72,17,400260,flow,16,405838,flow,2,0.0007247800746625404,0.00816015095788943,0.07578431191453029
72,17,400260,flow,16,405838,flow,6,0.0014179530173236287,0.01403013521492917,0.07155659368791412
72,17,400260,flow,16,405838,flow,7,9.770945788756965e-06,0.0001983575460875474,0.09904916353451482
72,17,400260,flow,16,405838,flow,9,0.002326874036491005,0.0210134170224426,-0.06829085083141959
72,17,400260,flow,17,400260,flow,1,1.5858051447658712e-101,6.524455452751012e-99,0.45370341784392726
72,17,400260,flow,17,400260,flow,2,3.7945381885405656e-25,4.683544278427212e-23,0.22943655898782575
72,17,400260,flow,17,400260,flow,3,0.00091425555835924,0.009846055162239407,0.07434519981271863
72,17,400260,flow,17,400260,flow,4,0.0013547936300253064,0.013553743331427165,0.07185052569626228
72,17,400260,flow,17,400260,flow,6,0.0004645994152242834,0.005622043343890488,0.07847447571061594
72,17,400260,flow,17,400260,flow,7,0.00012500454415766872,0.0018411852395537978,0.0859742779798138
72,17,400260,flow,18,404528,flow,7,0.0007252312636271243,0.008163103332123962,0.07578048788835717
72,17,400260,flow,19,401795,flow,1,3.677099974584737e-99,1.4573460449730334e-96,0.44897473285098444
72,17,400260,flow,19,401795,flow,2,0.005408637738165227,0.04086988810367987,0.062396481924255294
72,17,400260,flow,19,401795,flow,11,0.0038779031219662525,0.0314601718063741,0.06477593084594056
72,17,400260,occupancy,1,400125,flow,1,0.00021891608552430575,0.002984497805710664,0.082848189327048
72,17,400260,occupancy,1,400125,flow,11,0.0045199523838745734,0.03559926034336947,0.06368954426287952
72,17,400260,occupancy,2,400331,flow,3,9.825774391005551e-05,0.0014946248369416893,0.08728612905998112
72,17,400260,occupancy,2,400331,flow,11,0.0007156861106338387,0.008074599106654957,0.07586186221616906
72,17,400260,occupancy,4,400316,flow,2,0.006249045773780175,0.04558060006606358,-0.0613394379702356
72,17,400260,occupancy,5,400503,flow,8,0.006189453628795404,0.04523505274301496,0.061410036436041905
72,17,400260,occupancy,7,408093,flow,11,0.0012571063624839025,0.012754108703453403,0.07233101733110896
72,17,400260,occupancy,8,401448,flow,1,0.0008156761594826379,0.008989084206543357,0.07505523089332211
72,17,400260,occupancy,8,401448,flow,10,0.004327598392418856,0.03437484928629632,0.06399950836672418
72,17,400260,occupancy,8,401448,flow,12,0.0018010650597849594,0.017175719775432724,0.06999620707144186
72,17,400260,occupancy,9,402391,flow,7,0.00585623623949398,0.043349795330044544,0.061816450521389066
72,17,400260,occupancy,10,400497,flow,2,0.0002880678533820942,0.0037687859679304877,-0.08127716200508185
72,17,400260,occupancy,10,400497,flow,11,9.785745817221844e-05,0.0014906354700422555,0.08730821714290529
72,17,400260,occupancy,11,405841,flow,3,2.8904908115349242e-05,0.0005189908689040263,0.09369225334977668
72,17,400260,occupancy,12,404520,flow,2,0.0008730142276739407,0.00949024022031058,-0.07463317286280204
72,17,400260,occupancy,12,404520,flow,6,0.0009915684934372494,0.010522171190491076,0.0738363493574511
72,17,400260,occupancy,13,400183,flow,2,0.002229015213863034,0.020332233369696594,0.06857945990332369
72,17,400260,occupancy,14,401469,flow,5,6.423332363102698e-07,1.7529245615037055e-05,0.11142602956011854
72,17,400260,occupancy,14,401469,flow,7,0.00033733341032293144,0.004307671630559229,0.08036113077133863
72,17,400260,occupancy,16,405838,flow,2,3.209267133066706e-05,0.0005663408862435082,0.09316043022043892
72,17,400260,occupancy,17,400260,flow,4,0.005901700296044285,0.0435817868015578,0.06175979128680263
72,17,400260,occupancy,17,400260,flow,7,5.929921565314928e-05,0.000963417117794678,0.08998089844932158
72,17,400260,occupancy,18,404528,flow,7,0.00041075670856259995,0.005080071517292963,0.0792052076525599
72,17,400260,occupancy,19,401795,flow,1,4.1030935865667714e-10,1.8235971495852316e-08,-0.13964740266379605
72,17,400260,speed,2,400331,flow,11,0.0027090273635452674,0.023604272308421853,-0.06726086480227941
72,17,400260,speed,6,405843,flow,12,0.00549439825941362,0.04135156878164954,0.06228207673099712
72,17,400260,speed,9,402391,flow,7,0.003443405734733813,0.028617762166314103,-0.0656080409798602
72,17,400260,speed,12,404520,flow,3,0.0069249217446419355,0.049308821389242065,-0.06057846754698016
72,17,400260,speed,17,400260,flow,7,0.00505240267321251,0.038757270166418334,-0.06288994125159718
72,17,400260,speed,19,401795,flow,3,0.004856636162395673,0.03771466514749112,0.06317466358325259
72,17,400260,speed,19,401795,flow,5,9.297588177138923e-05,0.0014268412406834867,0.08758467023109162
72,18,404528,flow,0,400593,flow,1,0.0034404326868930036,0.02859855533457336,0.06561405651311357
72,18,404528,flow,1,400125,flow,3,0.00042648677741969335,0.005235643303361965,0.0789829029264236
72,18,404528,flow,1,400125,flow,11,0.005040467657448168,0.03870343039424768,0.06290701166786335
72,18,404528,flow,1,400125,flow,12,0.0007141303035503848,0.008061256627482787,0.07587522118452791
72,18,404528,flow,2,400331,flow,1,0.0023524011008834033,0.02120695483267175,0.06821739365685353
72,18,404528,flow,2,400331,flow,2,2.9897722507805722e-05,0.000533490959247091,0.09352088310559489
72,18,404528,flow,2,400331,flow,10,0.0022881380784570008,0.020738311800456346,0.06840373911438391
72,18,404528,flow,3,400039,flow,1,1.2251866683470449e-05,0.00024301223173825684,0.09792963050397487
72,18,404528,flow,3,400039,flow,12,0.000555964192892888,0.006538974444043768,0.07739842406319024
72,18,404528,flow,4,400316,flow,12,0.004514801776145207,0.035578153361815565,0.0636976871016733
72,18,404528,flow,5,400503,flow,1,1.6924732076244664e-10,7.92143473124344e-09,0.14267469420286585
72,18,404528,flow,5,400503,flow,2,1.7334544506197374e-07,5.29973335221321e-06,0.11693610120938495
72,18,404528,flow,5,400503,flow,7,0.006336163579968485,0.04600374229489724,0.061237312180521815
72,18,404528,flow,5,400503,flow,9,0.0011100030650694655,0.011535273613423361,0.07312393017216903
72,18,404528,flow,6,405843,flow,1,7.674073714086074e-05,0.0012064046013410422,0.08861441127395299
72,18,404528,flow,6,405843,flow,6,0.001351095146570959,0.013526607261150736,0.07186812662414066
72,18,404528,flow,7,408093,flow,1,5.797557379928958e-07,1.5993261737735056e-05,0.111866610164196
72,18,404528,flow,7,408093,flow,2,0.00011006723551493176,0.0016475760825519932,0.08666995116657292
72,18,404528,flow,7,408093,flow,3,0.0006572827643361655,0.0075257395757546645,0.07638287981681421
72,18,404528,flow,7,408093,flow,4,2.3723250171471842e-05,0.00043778060974266703,0.09468898593892719
72,18,404528,flow,7,408093,flow,6,6.850018694475765e-05,0.0010886128756001185,0.08921881682307824
72,18,404528,flow,7,408093,flow,9,0.0010075579387167687,0.010663033550358747,0.07373571210692954
72,18,404528,flow,7,408093,flow,12,0.0019094004709260635,0.018017933670599815,0.06961050506075993
72,18,404528,flow,8,401448,flow,2,0.004637148853879851,0.036376399216925655,0.06350649627292887
72,18,404528,flow,8,401448,flow,4,0.005653600509834502,0.04226259595515668,0.06207390435776934
72,18,404528,flow,8,401448,flow,12,0.0008324185370173792,0.009124709667381574,0.07492922083646283
72,18,404528,flow,9,402391,flow,1,3.878457384167539e-17,3.331001172883453e-15,0.18725894725266148
72,18,404528,flow,10,400497,flow,4,0.0022361245843093083,0.020371274154821196,0.06855810574823276
72,18,404528,flow,10,400497,flow,10,7.418395129880486e-06,0.00015489350875342532,0.1003670446581332
72,18,404528,flow,10,400497,flow,11,9.911978767066037e-13,5.955458730698926e-11,0.15911097964836582
72,18,404528,flow,10,400497,flow,12,4.086432650719785e-05,0.000695289052820381,0.09192122239372798
72,18,404528,flow,11,405841,flow,9,0.0034011876140541616,0.02834869861607945,0.0656939095973637
72,18,404528,flow,12,404520,flow,9,2.29503537263707e-05,0.00042533474087482376,0.0948551466898254
72,18,404528,flow,12,404520,flow,10,2.942161995623817e-05,0.000526736005847281,0.09360237783275172
72,18,404528,flow,12,404520,flow,11,0.0038164705197385315,0.03104340547028894,0.06488827494796413
72,18,404528,flow,12,404520,flow,12,0.001893657977748109,0.01790849926416776,0.06966528508980745
72,18,404528,flow,14,401469,flow,1,0.0002932615014127518,0.003827461287320507,0.08117395012058673
72,18,404528,flow,14,401469,flow,3,0.0034185550575832895,0.02846050847708578,0.0656584687227808
72,18,404528,flow,14,401469,flow,7,0.0007924639648491616,0.008778062379867635,0.07523396185987963
72,18,404528,flow,16,405838,flow,1,5.263647140383562e-06,0.00011403688889898188,0.1019863903269802
72,18,404528,flow,16,405838,flow,3,0.0001399620915103885,0.0020276198367702157,0.0853521090794354
72,18,404528,flow,16,405838,flow,6,2.5363925192816842e-06,5.984279455650942e-05,0.10535364822395162
72,18,404528,flow,17,400260,flow,1,7.658905860081136e-05,0.0012048970617461947,0.08862497029433324
72,18,404528,flow,17,400260,flow,2,0.0007452673682402167,0.008355969454445202,0.07561286085558708
72,18,404528,flow,17,400260,flow,4,0.0035599293217030226,0.029360241828478535,0.06537591490612442
72,18,404528,flow,17,400260,flow,11,0.0016549263666515769,0.015976048947340362,0.07055173659675164
72,18,404528,flow,17,400260,flow,12,0.0025105021998698377,0.022290927781017232,0.06777804722878818
72,18,404528,flow,18,404528,flow,1,1.889301004310829e-162,1.2366333846398153e-159,0.556958406099934
72,18,404528,flow,18,404528,flow,2,1.6422097720860979e-13,1.062027876558674e-11,0.16438618858824283
72,18,404528,flow,18,404528,flow,3,7.709086652380828e-05,0.001210587216949661,0.08856787678236305
72,18,404528,flow,18,404528,flow,12,0.0046990317377057,0.036789302813444294,0.06341152443566245
72,18,404528,occupancy,5,400503,flow,1,5.467909096892254e-05,0.0008967869133855178,0.09040686697968592
72,18,404528,occupancy,5,400503,flow,8,0.002307377355016738,0.02087512078255981,0.06834745325154643
72,18,404528,occupancy,7,408093,flow,3,0.00014090606491530907,0.0020384915550698385,0.08531497620805474
72,18,404528,occupancy,7,408093,flow,8,0.0051356879557729225,0.03919347132775767,-0.06277182386007996
72,18,404528,occupancy,7,408093,flow,9,8.394468816310432e-05,0.0013077571325806371,0.08813433098285513
72,18,404528,occupancy,10,400497,flow,11,0.0006879491031345496,0.00781061793834758,0.07610417686212431
72,18,404528,occupancy,10,400497,flow,12,0.00030171746498037713,0.003920058492376629,0.08100951208574395
72,18,404528,occupancy,13,400183,flow,1,0.0009669789420578501,0.010309351011080731,0.07399408429793182
72,18,404528,occupancy,14,401469,flow,1,0.004367796188644749,0.034659955060516744,0.06393371544912056
72,18,404528,occupancy,14,401469,flow,11,0.0009058001366827926,0.009782641476174159,0.07440324640155035
72,18,404528,occupancy,15,401472,flow,1,0.0036604220920031455,0.030057067929012714,0.06518120582311449
72,18,404528,occupancy,15,401472,flow,2,0.0045016520702666285,0.03551988482840518,0.0637185142967162
72,18,404528,occupancy,15,401472,flow,6,0.00025393565148238486,0.0033878999827174263,0.08200229585905972
72,18,404528,occupancy,15,401472,flow,7,0.00463445000383381,0.03636599106095786,0.0635106642472297
72,18,404528,occupancy,15,401472,flow,9,0.00023023918625597907,0.0031169955644808197,0.08256159482182096
72,18,404528,occupancy,15,401472,flow,11,0.0013889200233017543,0.013828380964884947,0.07169017708273041
72,18,404528,occupancy,15,401472,flow,12,2.4978635234242514e-05,0.00045753261750365896,0.09442976384507427
72,18,404528,occupancy,16,405838,flow,1,8.692512395918604e-08,2.802362205251371e-06,0.11974140035188462
72,18,404528,occupancy,16,405838,flow,6,0.0016144122693608545,0.015640863430452772,0.07071373220612402
72,18,404528,occupancy,17,400260,flow,5,0.0019092164441327037,0.018017933670599815,-0.06961114303104415
72,18,404528,occupancy,17,400260,flow,7,0.00042984539450832937,0.005272379625996544,0.07893643010932179
72,18,404528,speed,13,400183,flow,7,0.001415458856474514,0.01402151401047902,0.07156797012014889
72,18,404528,speed,14,401469,flow,7,0.005020236126364604,0.03859658313916193,0.06293603201621503
72,18,404528,speed,14,401469,flow,11,1.5216919204882134e-05,0.0002932073638050438,-0.09689453619843026
72,18,404528,speed,15,401472,flow,3,0.0039980416309593255,0.032216747645210556,-0.06456082065979692
72,18,404528,speed,15,401472,flow,6,1.0463607686464035e-05,0.00021112930969418325,-0.09871891773052938
72,18,404528,speed,15,401472,flow,7,0.0003219701804647722,0.004137154014300463,-0.08063256114930617
72,18,404528,speed,15,401472,flow,8,0.00024124757048359747,0.0032436648132248397,-0.08229536800532235
72,18,404528,speed,15,401472,flow,9,6.459828782375048e-07,1.7595391514935174e-05,-0.11140162756722381
72,18,404528,speed,15,401472,flow,11,2.5520111900336415e-05,0.00046556960899262384,-0.09432175887397945
72,18,404528,speed,15,401472,flow,12,9.810469711268945e-07,2.5810736390183825e-05,-0.10958768752143365
72,18,404528,speed,16,405838,flow,1,0.0031416715371581014,0.026622246058303253,-0.06624409905711375
72,18,404528,speed,17,400260,flow,5,7.973661301143841e-06,0.00016505135036387828,0.10002327243196049
72,18,404528,speed,19,401795,flow,5,0.005367171213144348,0.04061398996267234,0.06245238668198499
72,19,401795,flow,0,400593,flow,2,0.0025761712221292112,0.022707732461942853,0.06760295902664563
72,19,401795,flow,0,400593,flow,6,0.003177899526217228,0.02689758219682293,0.06616486207845843
72,19,401795,flow,0,400593,flow,10,8.55524034148117e-06,0.0001764977950104998,0.09968691030231806
72,19,401795,flow,0,400593,flow,11,0.006625817600289955,0.047618585981122286,0.06090660362934776
72,19,401795,flow,1,400125,flow,1,2.580691378087043e-06,6.0788368338800576e-05,0.10524858990009188
72,19,401795,flow,2,400331,flow,3,0.00010558626696674904,0.0015898664109318783,0.08689606013989165
72,19,401795,flow,2,400331,flow,9,0.006183002654515633,0.04521802919795781,0.06141771551048574
72,19,401795,flow,3,400039,flow,2,0.0019380627192370483,0.01821677751763283,0.06951182313174371
72,19,401795,flow,3,400039,flow,4,0.002265429371309714,0.02057214447556391,0.06847073516906547
72,19,401795,flow,3,400039,flow,7,0.002728053964184568,0.023730035350079122,0.06721313275830894
72,19,401795,flow,6,405843,flow,6,0.006078085550191236,0.04456437470608646,0.06154362908295445
72,19,401795,flow,7,408093,flow,4,0.0049100941168286885,0.038021909590891544,0.0630958994966056
72,19,401795,flow,7,408093,flow,9,0.0059803445121995105,0.04399306411026154,0.06166270314673261
72,19,401795,flow,7,408093,flow,10,0.006501144553415133,0.046920223229345075,0.061047321923538664
72,19,401795,flow,8,401448,flow,12,0.0019102123683786016,0.018019567585947898,0.06960769110900042
72,19,401795,flow,10,400497,flow,2,1.325466113388212e-05,0.0002603917057679434,-0.097570790153133
72,19,401795,flow,10,400497,flow,11,0.00011421728386297895,0.0016996853816330314,0.08646815131579283
72,19,401795,flow,10,400497,flow,12,0.004142082507482993,0.03317351952600395,0.06431051203503933
72,19,401795,flow,11,405841,flow,10,0.000466894010457305,0.005645066121398146,0.07844512170221603
72,19,401795,flow,12,404520,flow,6,0.006176832666019489,0.04519633658063041,0.06142506685422912
72,19,401795,flow,12,404520,flow,11,0.0016425795437066304,0.015875805233166163,0.07060071543805406
72,19,401795,flow,13,400183,flow,1,0.0024669790712001883,0.021969386904936744,0.06789641110593145
72,19,401795,flow,13,400183,flow,2,0.000655458414950148,0.007506840807488439,0.07639983823565864
72,19,401795,flow,13,400183,flow,10,0.0033874209916461197,0.02827213810647457,0.06572211962162287
72,19,401795,flow,13,400183,flow,11,0.001143409036904452,0.011817050333557972,0.07293569602136536
72,19,401795,flow,13,400183,flow,12,0.0024493057394362966,0.021843519393816683,0.06794502064366868
72,19,401795,flow,14,401469,flow,6,0.00010048419455275778,0.0015247338267225627,0.08716479962791301
72,19,401795,flow,14,401469,flow,8,9.53135350019833e-06,0.00019367566848944867,0.09916861799156326
72,19,401795,flow,14,401469,flow,11,5.111523604125456e-06,0.00011107536202123728,0.10212366819546845
72,19,401795,flow,14,401469,flow,12,0.0031429461246833875,0.026627823609790612,0.06624129721787396
72,19,401795,flow,16,405838,flow,7,2.7800624606318027e-05,0.0005004112429137245,0.0938895598055102
72,19,401795,flow,16,405838,flow,11,0.0007764231232128436,0.00861604139948509,0.07536033367709621
72,19,401795,flow,17,400260,flow,7,0.00027044959628164046,0.0035718197980332826,0.08162025318916141
72,19,401795,flow,17,400260,flow,8,0.0018872153660312867,0.01785929984940889,0.06967030686223255
72,19,401795,flow,17,400260,flow,12,0.002084625068104954,0.019308498923215987,0.069027237224698
72,19,401795,flow,18,404528,flow,7,0.0024611858896819916,0.021922315553456088,0.06791230975766016
72,19,401795,flow,19,401795,flow,1,2.1474885852663398e-17,1.8971678299285458e-15,0.18876672907916273
72,19,401795,flow,19,401795,flow,2,1.351432536093574e-25,1.702095788899195e-23,0.2316112149279212
72,19,401795,flow,19,401795,flow,3,9.673155699318725e-11,4.711164895271352e-09,0.14455453310778762
72,19,401795,flow,19,401795,flow,4,1.1859707452929248e-11,6.485308379323335e-10,0.15139901167576772
72,19,401795,flow,19,401795,flow,5,3.699723764024269e-10,1.661414413782208e-08,0.14000452467728855
72,19,401795,flow,19,401795,flow,6,2.9160726496745933e-06,6.77645715255204e-05,0.10471818509060625
72,19,401795,flow,19,401795,flow,7,2.6670417544600498e-11,1.3965600459718078e-09,0.14879359930722583
72,19,401795,flow,19,401795,flow,8,5.597957342052991e-06,0.00012043414202026356,0.10169757808583138
72,19,401795,flow,19,401795,flow,9,9.657947602532033e-07,2.545596927574032e-05,0.10965622600798933
72,19,401795,flow,19,401795,flow,11,9.126824586479396e-07,2.424839004525891e-05,0.10990330302128172
72,19,401795,flow,19,401795,flow,12,1.026648361190804e-07,3.2755693650991683e-06,0.1190708671509422
72,19,401795,occupancy,0,400593,flow,2,0.00029199424787640794,0.0038120735896829323,0.08119897513517188
72,19,401795,occupancy,0,400593,flow,6,0.004093859132625,0.032860407753511706,0.06439342139984534
72,19,401795,occupancy,0,400593,flow,7,0.00463498024957486,0.03636599106095786,0.06350984518786681
72,19,401795,occupancy,0,400593,flow,10,1.3093283960027848e-06,3.3155326323165474e-05,0.10831769995013006
72,19,401795,occupancy,0,400593,flow,11,0.0010850409377559998,0.011323851795111063,0.07326803374297504
72,19,401795,occupancy,1,400125,flow,1,0.0025697489704360043,0.022669701330809745,0.06760290095416395
72,19,401795,occupancy,2,400331,flow,3,0.0014733894247645964,0.014508872384278679,0.07130837905855016
72,19,401795,occupancy,3,400039,flow,2,0.006274464793484587,0.045709423116110315,0.061309508321083686
72,19,401795,occupancy,10,400497,flow,2,0.0001355708115657746,0.0019726032534999874,-0.08552800738346632
72,19,401795,occupancy,10,400497,flow,11,0.003626837775042489,0.02982097295048259,0.06524573047452686
72,19,401795,occupancy,12,404520,flow,11,0.002094377070427608,0.019382409906270923,0.06899611329517034
72,19,401795,occupancy,13,400183,flow,2,0.00613861369056525,0.044939520663009457,0.061470751320156565
72,19,401795,occupancy,14,401469,flow,8,0.0013302508558222649,0.013358167589847012,0.07196816216469161
72,19,401795,occupancy,16,405838,flow,7,0.005027839070965646,0.03863440908319386,0.06292511389082776
72,19,401795,occupancy,17,400260,flow,7,0.0012943385740129163,0.013079631905814734,0.07214395183466253
72,19,401795,occupancy,17,400260,flow,8,0.0037334431881364764,0.03046557342793649,-0.06504274830269381
72,19,401795,occupancy,19,401795,flow,2,3.3874360638464887e-22,3.742640356986402e-20,0.21498354523087893
72,19,401795,occupancy,19,401795,flow,3,5.936027091978493e-09,2.261343654087045e-07,0.13009123295024752
72,19,401795,occupancy,19,401795,flow,4,1.7006126335640736e-09,7.050524546062186e-08,0.1346455538722464
72,19,401795,occupancy,19,401795,flow,5,4.606125008730695e-08,1.549724302002851e-06,0.12226741058446906
72,19,401795,occupancy,19,401795,flow,6,3.7801546652779974e-05,0.0006498177261638478,0.09232245257308792
72,19,401795,occupancy,19,401795,flow,7,1.7541978200227318e-09,7.265709091561076e-08,0.13453436665726298
72,19,401795,occupancy,19,401795,flow,8,0.0017909460233974381,0.017098092422269465,0.07003331363143121
72,19,401795,occupancy,19,401795,flow,9,0.0004416098938138086,0.0053932571025294565,0.0787762749020706
72,19,401795,occupancy,19,401795,flow,11,0.0004776370144017811,0.005752416789003886,0.07830945415567242
72,19,401795,occupancy,19,401795,flow,12,6.202444592586763e-05,0.000998937758398995,0.0897441386893756
72,19,401795,speed,3,400039,flow,2,0.005060131362020702,0.03878596075927863,-0.06287890648333598
72,19,401795,speed,7,408093,flow,8,0.00509748654449419,0.03897547234020336,0.06282578565929312
72,19,401795,speed,7,408093,flow,10,0.0003517843528193229,0.004464478273147694,-0.08011616780320943
72,19,401795,speed,10,400497,flow,2,0.0001526322592526883,0.002182081323900664,0.08487225126968728
72,19,401795,speed,13,400183,flow,6,0.006302092743079759,0.045825687005730614,-0.0612771012043279
72,19,401795,speed,13,400183,flow,12,0.003884421726926629,0.031507138303272696,-0.06476410501407394
72,19,401795,speed,19,401795,flow,7,0.007006542639176313,0.049769587801461714,-0.06049113566515603
