graph_slot,source_node_index,source_node_id,source_feature,target_node_index,target_node_id,target_feature,lag_5min_steps,raw_p_value,fdr_bh_q_value,parcorr_value
155,0,400593,flow,0,400593,flow,1,9.66205379613905e-10,3.5920888467573746e-08,0.13662206068066216
155,0,400593,flow,0,400593,flow,2,1.5753040950886232e-23,1.6437955774837807e-21,0.22160887167013818
155,0,400593,flow,0,400593,flow,3,6.4596612150245295e-27,7.927766036621014e-25,0.23767232868361243
155,0,400593,flow,0,400593,flow,4,2.299488076064877e-12,1.0988704080310033e-10,0.15653928286796345
155,0,400593,flow,0,400593,flow,5,2.2145300074830002e-10,8.809180140263869e-09,0.14176242608578682
155,0,400593,flow,0,400593,flow,6,1.9600001506873357e-09,6.980379761722415e-08,0.134136037292811
155,0,400593,flow,0,400593,flow,7,4.896517976326907e-06,9.912351292283148e-05,0.10232451213134182
155,0,400593,flow,0,400593,flow,8,5.932528419080363e-08,1.7328277735244875e-06,0.12126697079643255
155,0,400593,flow,0,400593,flow,10,0.00012160320821387054,0.0017493368614183173,0.0861255182954
155,0,400593,flow,0,400593,flow,12,0.004627549137760774,0.03571099013062977,0.06352133160879263
155,0,400593,flow,2,400331,flow,3,0.00532324625814537,0.039889720442650475,0.06251203255450424
155,0,400593,flow,9,402391,flow,9,0.00036375638103601894,0.004469361678258253,-0.07992024782492622
155,0,400593,flow,11,405841,flow,1,0.004132013059161431,0.03266891730522947,0.06432775164689324
155,0,400593,flow,13,400183,flow,12,0.0001702517847484518,0.002331920450581204,0.0842637913118535
155,0,400593,flow,16,405838,flow,5,0.00012476491140943856,0.001787559331797,-0.08598480553666767
155,0,400593,flow,17,400260,flow,9,0.0002318452994033571,0.0030415174413073263,0.0825220183515038
155,0,400593,flow,19,401795,flow,8,0.00129867982730274,0.012900199710158282,0.07212246420569976
155,0,400593,flow,19,401795,flow,9,0.005927781658098301,0.043293350402340926,0.06172746478418863
155,0,400593,occupancy,0,400593,flow,1,4.476844242117869e-08,1.3374804374791974e-06,0.12237945841342023
155,0,400593,occupancy,0,400593,flow,2,1.3906764206810318e-14,8.096660562455603e-13,-0.17154661698564852
155,0,400593,occupancy,0,400593,flow,3,2.7745737805201036e-13,1.451108805308335e-11,-0.16292364254575206
155,0,400593,occupancy,0,400593,flow,4,0.000669808296737983,0.00745381721254015,0.07626761473832416
155,0,400593,occupancy,0,400593,flow,5,0.005390473200425771,0.04023992435776626,0.06242092340885505
155,0,400593,occupancy,0,400593,flow,6,0.000865924607364842,0.00921471268831276,0.07468394251581165
155,0,400593,occupancy,9,402391,flow,9,0.003871773408451692,0.030974187267613536,-0.06478706763724283
155,0,400593,occupancy,13,400183,flow,12,3.3804505662431886e-05,0.0005650664027604482,0.09289520860570913
155,0,400593,occupancy,17,400260,flow,9,0.0012137241068900283,0.012168224975086846,0.07255554177416386
155,0,400593,occupancy,19,401795,flow,10,0.002583259769394579,0.022526049760411098,0.06758430398518893
155,0,400593,speed,1,400125,flow,6,0.0020256065333915216,0.018500254173892967,-0.06921849550974943
155,0,400593,speed,4,400316,flow,1,0.0018133218794634798,0.016904511263017334,-0.06995151680808881
155,0,400593,speed,12,404520,flow,1,0.0010798222928796004,0.01100365716234555,-0.07329854721626572
155,1,400125,flow,1,400125,flow,1,6.358777567914396e-166,4.905342695248248e-163,0.5620117976145262
155,1,400125,flow,1,400125,flow,2,8.954175960150465e-13,4.487475655203017e-11,0.159379036347709
155,1,400125,flow,1,400125,flow,3,0.0033511275780728008,0.027627616674187977,0.06579699371155442
155,1,400125,flow,1,400125,flow,11,9.434389137012371e-05,0.0013952947987638973,0.08750584123293131
155,1,400125,flow,1,400125,flow,12,0.00025151313565365213,0.0032521303382932573,0.08205717534583878
155,1,400125,flow,3,400039,flow,1,0.0005992659367833956,0.006794826369827478,0.07692558973830921
155,1,400125,flow,3,400039,flow,2,0.00017662389115535875,0.0024025595498655154,0.08405824472895776
155,1,400125,flow,4,400316,flow,3,1.3608263489463493e-06,3.089211680214519e-05,-0.1081468909923514
155,1,400125,flow,5,400503,flow,7,0.0023934538331770324,0.02112734074238819,0.06810077522319871
155,1,400125,flow,5,400503,flow,12,0.00024917411471099386,0.003225748203630487,0.08211063543305652
155,1,400125,flow,6,405843,flow,11,0.0003523078108928193,0.004353460363435296,0.08010747214794611
155,1,400125,flow,7,408093,flow,6,0.0013911089238282577,0.013634086275056226,0.07168001650404901
155,1,400125,flow,9,402391,flow,1,0.0006235988213629432,0.00701914254374131,0.07670329000917821
155,1,400125,flow,9,402391,flow,11,5.564765217221725e-07,1.3627996450338918e-05,0.11204229982337066
155,1,400125,flow,9,402391,flow,12,0.00015906182026340535,0.002202394434416382,0.08464290851585468
155,1,400125,flow,10,400497,flow,2,0.0008606584909924382,0.00917266276034371,-0.07472190372386386
155,1,400125,flow,10,400497,flow,3,0.001641599191517063,0.015610025178192991,-0.07060461890784177
155,1,400125,flow,10,400497,flow,6,0.0013729198696251306,0.013476514057669994,0.07176489897742802
155,1,400125,flow,10,400497,flow,8,1.4969103806992887e-05,0.0002703450185878314,-0.09697519490857094
155,1,400125,flow,10,400497,flow,10,0.0006126061430168095,0.00691843734528538,0.07681134382674602
155,1,400125,flow,10,400497,flow,11,1.5485388255214344e-10,6.27550443363283e-09,0.14297500528827356
155,1,400125,flow,10,400497,flow,12,1.3080521685872993e-13,7.0546633811449855e-12,0.16513322002413053
155,1,400125,flow,12,404520,flow,2,0.00028931977362701495,0.003673901887327174,-0.0812521245650626
155,1,400125,flow,12,404520,flow,3,1.63120598439365e-10,6.591964314855536e-09,-0.14279935400359117
155,1,400125,flow,12,404520,flow,7,0.004115285845565049,0.03254858083639878,0.06435647420479618
155,1,400125,flow,12,404520,flow,10,0.0015761236766949468,0.015090726006303751,0.07087030303245959
155,1,400125,flow,12,404520,flow,11,0.0007249682687920011,0.007963038192681019,0.07578271661743091
155,1,400125,flow,13,400183,flow,1,0.001519105638478213,0.01467144278610749,0.07111007400474052
155,1,400125,flow,13,400183,flow,6,0.0010506482634448312,0.010780998807794944,0.07347168123580285
155,1,400125,flow,13,400183,flow,10,0.00633568066256756,0.04561504772610291,0.06123787480134714
155,1,400125,flow,15,401472,flow,1,2.5880371890352274e-06,5.556819411845021e-05,0.1052620486691445
155,1,400125,flow,15,401472,flow,3,5.112974919205564e-10,1.9686320544534792e-08,-0.13888500748755372
155,1,400125,flow,15,401472,flow,4,1.3617302401168346e-10,5.5707146186597776e-09,-0.14340826841593673
155,1,400125,flow,15,401472,flow,5,0.001872865118173134,0.017332427828851624,-0.06973828332216336
155,1,400125,flow,15,401472,flow,11,1.3797695825411116e-10,5.639171803763105e-09,0.14336397480894741
155,1,400125,flow,15,401472,flow,12,2.521084541462595e-14,1.429276275474857e-12,0.16986857983865997
155,1,400125,flow,16,405838,flow,1,0.004549270405882318,0.035258069884125616,0.06364335337438982
155,1,400125,flow,16,405838,flow,5,0.0037234819962850127,0.030038174087677415,0.06506149034879834
155,1,400125,flow,16,405838,flow,6,0.002120735928768633,0.019178520436006898,0.06891264778611571
155,1,400125,flow,16,405838,flow,12,0.0006291845794083687,0.007069121932494545,0.07664906093952936
155,1,400125,flow,17,400260,flow,1,8.468396193257191e-07,2.0078743992794218e-05,0.11022956242580972
155,1,400125,flow,17,400260,flow,2,5.260605879084961e-08,1.5430943283024296e-06,0.12174317188506537
155,1,400125,flow,17,400260,flow,3,0.0004788241198262837,0.005651694529097119,0.07829463778575427
155,1,400125,flow,17,400260,flow,8,0.002990371036686367,0.025280631856135233,-0.06658428470320875
155,1,400125,flow,17,400260,flow,9,0.0009646192844468845,0.01004375827623654,-0.07400941542839602
155,1,400125,flow,18,404528,flow,1,5.154816319118254e-07,1.2698507427199601e-05,0.11236965146934476
155,1,400125,flow,18,404528,flow,11,0.0008719780211419948,0.009269057705052701,0.0746405693786481
155,1,400125,flow,19,401795,flow,1,6.811603448112006e-05,0.0010457045805203934,0.08924864174314995
155,1,400125,flow,19,401795,flow,2,5.2490773197525615e-06,0.00010581434447657986,0.10199937277439103
155,1,400125,flow,19,401795,flow,3,0.0034393888672992635,0.02819385181543229,0.06561616965289115
155,1,400125,occupancy,1,400125,flow,2,0.0038100534056593914,0.030593737383733402,0.06490010469717705
155,1,400125,occupancy,3,400039,flow,10,0.004536639268791123,0.03519806329234492,0.06366322074466071
155,1,400125,occupancy,6,405843,flow,12,0.00010569965134589457,0.0015447310345543456,0.08689022810412414
155,1,400125,occupancy,7,408093,flow,7,0.005245942598536257,0.03947478144169418,-0.06261809062430736
155,1,400125,occupancy,9,402391,flow,1,9.35344416104572e-06,0.0001773009160847631,0.09925918806505865
155,1,400125,occupancy,10,400497,flow,11,0.003078009232967099,0.025854624424546994,0.06638537832783943
155,1,400125,occupancy,10,400497,flow,12,0.0018612666054085277,0.017243559372431567,0.06977932648079592
155,1,400125,occupancy,13,400183,flow,3,0.0038655599091961235,0.030935937028023813,0.06479837300140227
155,1,400125,occupancy,14,401469,flow,4,0.0005336331968930154,0.006168839739303791,0.07764530909082062
155,1,400125,occupancy,14,401469,flow,6,0.0023291822379703157,0.02063590497955653,0.06828417846069568
155,1,400125,occupancy,15,401472,flow,1,1.3631538048549518e-05,0.0002488923839712822,0.0974338116997758
155,1,400125,occupancy,15,401472,flow,3,0.0013659757404667983,0.013426655742472284,-0.07179757859471148
155,1,400125,occupancy,15,401472,flow,4,0.005355924584688922,0.04006509819195869,-0.06246761645210184
155,1,400125,occupancy,15,401472,flow,11,9.47332506792268e-06,0.00017949458023432447,0.09919798046468277
155,1,400125,occupancy,15,401472,flow,12,5.019403643526233e-05,0.0007989618179820682,0.0908543193814125
155,1,400125,occupancy,16,405838,flow,7,0.00048826451272158174,0.0057474187873494086,0.07817801531082325
155,1,400125,occupancy,17,400260,flow,1,1.791332558268313e-08,5.603589175756055e-07,0.12593270808378662
155,1,400125,occupancy,17,400260,flow,2,8.171922417676642e-07,1.943981544293122e-05,0.11038451951895954
155,1,400125,occupancy,17,400260,flow,12,0.0035116298768477824,0.028698904782410935,0.06547128121686431
155,1,400125,occupancy,19,401795,flow,1,0.0001392558055007507,0.001965964312951775,0.08538004657441377
155,1,400125,speed,2,400331,flow,4,0.006896736593892783,0.048738593302170494,-0.06060883949917018
155,1,400125,speed,4,400316,flow,4,0.005610457095453856,0.041516229277767484,-0.06212979119728216
155,1,400125,speed,4,400316,flow,12,0.0030685106192712883,0.025794835328375103,-0.06640668548477728
155,1,400125,speed,7,408093,flow,4,0.0014066864604235373,0.013773539231708253,-0.07160813025115069
155,1,400125,speed,12,404520,flow,12,0.0014176556307000114,0.013858955249205815,-0.07155794916718955
155,1,400125,speed,14,401469,flow,2,0.0005206565872729851,0.006049029707138526,-0.07779323099757449
155,1,400125,speed,17,400260,flow,2,0.0009234305939714933,0.009708493954628502,-0.07428277276081556
155,1,400125,speed,18,404528,flow,6,2.836015081352077e-05,0.00048559592356087883,-0.09378867491556014
155,1,400125,speed,19,401795,flow,1,0.006806382201008548,0.048178881055803584,-0.060706961122111026
155,2,400331,flow,0,400593,flow,1,8.914635075540298e-05,0.0013275154610939018,0.08781130552963629
155,2,400331,flow,0,400593,flow,5,0.0007551947057333395,0.008238487698909159,0.07553135007862995
155,2,400331,flow,2,400331,flow,1,8.30633996037378e-54,1.9825076590505377e-51,0.3364392084664233
155,2,400331,flow,2,400331,flow,2,2.4157143432231706e-30,3.4555913783854625e-28,0.25279043169206017
155,2,400331,flow,2,400331,flow,3,0.0003026981432401853,0.003823555493560235,0.0809907213440302
155,2,400331,flow,2,400331,flow,4,2.3812776771865637e-10,9.429073845505e-09,0.14151508288518477
155,2,400331,flow,2,400331,flow,5,3.843608329730081e-10,1.4851867606828221e-08,0.1398729619146467
155,2,400331,flow,2,400331,flow,6,3.674778869191755e-07,9.32728831663242e-06,0.11380659661974732
155,2,400331,flow,2,400331,flow,7,2.5582813940092636e-05,0.00044207102488480075,0.09430939310554821
155,2,400331,flow,2,400331,flow,8,1.253239377581517e-06,2.873669910378001e-05,0.10851124398153951
155,2,400331,flow,2,400331,flow,10,6.308598438086175e-05,0.0009782177046852934,0.08965457030052106
155,2,400331,flow,2,400331,flow,11,0.00035487942267489785,0.004373023303525284,0.08006492727460734
155,2,400331,flow,3,400039,flow,2,0.00028708127598822014,0.003651917291722942,0.08129696466174963
155,2,400331,flow,6,405843,flow,3,0.003164252298087729,0.026409524589913042,0.06619461390862452
155,2,400331,flow,7,408093,flow,1,0.00039591387183278583,0.0047949198943583815,0.07942238348325029
155,2,400331,flow,7,408093,flow,6,0.005593997067215057,0.04142280995949442,0.06215121523133286
155,2,400331,flow,11,405841,flow,5,0.0020966186038274878,0.0190041803787972,0.06898897812253246
155,2,400331,flow,11,405841,flow,10,0.0002954632498127903,0.0037398219724326227,0.08113071094502597
155,2,400331,flow,13,400183,flow,1,6.356669546136931e-06,0.00012516322898501158,0.10109898425591335
155,2,400331,flow,13,400183,flow,6,0.002727601399726627,0.023458281297815128,0.06721426457353233
155,2,400331,flow,13,400183,flow,10,0.00021671524808929504,0.002870048656486065,0.08290550391537028
155,2,400331,flow,15,401472,flow,1,0.003629645465495825,0.02946827365333953,0.06524031538084793
155,2,400331,flow,18,404528,flow,6,0.0032849267623839165,0.02722210553136106,0.06593548845645103
155,2,400331,flow,18,404528,flow,10,0.006142057059533522,0.04449721029210936,0.061466624866545985
155,2,400331,occupancy,0,400593,flow,4,0.002297352656923634,0.020416711536535893,0.06837672738387343
155,2,400331,occupancy,0,400593,flow,8,0.0016119479061691047,0.015389204319669685,0.07072370616112865
155,2,400331,occupancy,0,400593,flow,11,0.0050958065291475665,0.03861248481857828,0.06282816715709233
155,2,400331,occupancy,2,400331,flow,3,4.6271705593686456e-05,0.0007442061361307724,0.0912778376248958
155,2,400331,occupancy,2,400331,flow,4,1.145334018772186e-07,3.1839401294053047e-06,0.11862809849283944
155,2,400331,occupancy,2,400331,flow,5,3.2214283336496857e-05,0.0005419225234177041,0.0931411503337406
155,2,400331,occupancy,2,400331,flow,6,0.0002290675742756454,0.0030105625825092427,0.08259062833885736
155,2,400331,occupancy,2,400331,flow,7,8.344257458764091e-05,0.0012538153816299435,0.08816650593694818
155,2,400331,occupancy,2,400331,flow,10,0.006296890974061904,0.04539057067903792,0.06128319301369099
155,2,400331,occupancy,2,400331,flow,11,0.005768518602733259,0.042395373194637084,0.06192689681949843
155,2,400331,occupancy,6,405843,flow,1,0.00011970566923617794,0.001727216069139241,0.08621163324979264
155,2,400331,occupancy,7,408093,flow,3,0.0070231096370959286,0.04946174377609132,0.060473521020880876
155,2,400331,occupancy,7,408093,flow,8,0.0016526423019139632,0.015696712396133274,0.07056077191086631
155,2,400331,occupancy,7,408093,flow,11,0.005597175691948303,0.04143214357302376,0.06214707357490138
155,2,400331,occupancy,9,402391,flow,1,0.002731944298773931,0.02348189289833542,0.06720341051202029
155,2,400331,occupancy,9,402391,flow,3,0.0023612606277787643,0.02088156788537208,-0.06819206973166284
155,2,400331,occupancy,11,405841,flow,1,5.3236030670865156e-05,0.0008414915934801956,0.09052419486265006
155,2,400331,occupancy,11,405841,flow,5,0.0022937934747967537,0.020393471519082065,0.0683871490403412
155,2,400331,occupancy,11,405841,flow,11,0.005971381743572885,0.04353817575060736,0.06167370965458513
155,2,400331,occupancy,13,400183,flow,1,0.0006581768962355657,0.007341399927027224,0.07637458429100934
155,2,400331,occupancy,13,400183,flow,3,0.0024661278247072992,0.02168024461281142,0.06789874510309286
155,2,400331,occupancy,14,401469,flow,8,4.8720523546862054e-05,0.0007775126033337424,0.09100962132965507
155,2,400331,occupancy,14,401469,flow,10,0.007052667331048478,0.04960346698102812,0.06044218658662496
155,2,400331,occupancy,17,400260,flow,1,0.0017302690568456332,0.016306200535718008,0.07024228095386531
155,2,400331,occupancy,17,400260,flow,12,0.0008289383616553607,0.008901351534554208,0.07495521942113267
155,2,400331,occupancy,19,401795,flow,5,0.0018199805656786828,0.016942500935179995,0.06992735436325075
155,2,400331,speed,5,400503,flow,11,0.0010292452259070947,0.010589043524454987,-0.07360154792867148
155,2,400331,speed,7,408093,flow,8,0.0009510774077116101,0.009931482720121237,-0.07409807646730633
155,2,400331,speed,17,400260,flow,1,7.038479065753059e-08,2.016328220427932e-06,0.12058662586070783
155,3,400039,flow,1,400125,flow,1,1.4243571646327545e-09,5.162099791286493e-08,0.13524537805213263
155,3,400039,flow,1,400125,flow,12,3.310670585630279e-07,8.452775963311351e-06,0.11424611434693095
155,3,400039,flow,3,400039,flow,1,9.056087342402198e-85,3.260191443264791e-82,0.4176727375107858
155,3,400039,flow,3,400039,flow,2,2.495146548831391e-11,1.080063435967095e-09,0.14897238568572807
155,3,400039,flow,3,400039,flow,5,5.27263327787354e-07,1.2941918045689599e-05,0.11227307499073146
155,3,400039,flow,3,400039,flow,6,1.7185911031633412e-05,0.0003071706067714371,0.09629482951795319
155,3,400039,flow,3,400039,flow,7,0.00038757043992138166,0.004713434471195788,0.07954782307436145
155,3,400039,flow,3,400039,flow,10,0.004532707465279536,0.03517387506737488,0.06366941525225799
155,3,400039,flow,3,400039,flow,11,8.425351054649471e-10,3.156766396885145e-08,0.13713885840648818
155,3,400039,flow,3,400039,flow,12,1.488757146945203e-12,7.283613674748897e-11,0.1578731621201216
155,3,400039,flow,4,400316,flow,3,1.3531984529162777e-07,3.706922838679974e-06,-0.11795000858858855
155,3,400039,flow,4,400316,flow,10,0.00017692748197092095,0.002405812786006857,0.08404862657525453
155,3,400039,flow,5,400503,flow,2,0.0018505746725893098,0.017170280467323492,0.0698173700712538
155,3,400039,flow,5,400503,flow,3,0.0019443556135385022,0.017867722294163644,0.0694903365583855
155,3,400039,flow,5,400503,flow,5,0.0038510429252034796,0.030854053109938856,0.0648248508544052
155,3,400039,flow,5,400503,flow,6,2.232479629546178e-08,6.898649499026815e-07,0.12508765994508655
155,3,400039,flow,5,400503,flow,7,0.0001513500342751103,0.0021132260764979848,0.08491907300785617
155,3,400039,flow,5,400503,flow,8,0.004728075074530283,0.03634392228108687,0.06336734107500726
155,3,400039,flow,5,400503,flow,9,0.0031641726335939983,0.026409524589913042,0.06619478792515322
155,3,400039,flow,5,400503,flow,10,7.674615299304328e-07,1.833757637886875e-05,0.11065702218791701
155,3,400039,flow,5,400503,flow,11,2.5314233650648934e-07,6.615698086557979e-06,0.1153691623435101
155,3,400039,flow,5,400503,flow,12,1.3987852215539874e-05,0.00025443166977318847,0.09730758698620288
155,3,400039,flow,6,405843,flow,2,0.0006402818999107735,0.007177005209171099,0.07654263810087512
155,3,400039,flow,6,405843,flow,4,0.00041715928271551767,0.005014268506764153,0.07911378058340147
155,3,400039,flow,6,405843,flow,6,0.0035432538946277405,0.028924062771103945,0.06540870652755221
155,3,400039,flow,6,405843,flow,9,0.006919892653325081,0.04885428380840717,0.06058387868727689
155,3,400039,flow,6,405843,flow,10,0.0005335207197283104,0.006168839739303791,0.077646576775949
155,3,400039,flow,6,405843,flow,11,0.0015110893062369513,0.014613623915253258,0.07114444601552702
155,3,400039,flow,6,405843,flow,12,3.01243940400361e-05,0.0005119487893507315,0.09348251578488727
155,3,400039,flow,7,408093,flow,9,0.0015187671914098388,0.01467144278610749,0.07111152180111614
155,3,400039,flow,8,401448,flow,6,0.004690096661895194,0.036103381289000785,0.06342516697612537
155,3,400039,flow,8,401448,flow,11,0.00017075867589506533,0.002337378876840477,0.08424717792908122
155,3,400039,flow,9,402391,flow,1,3.7574696935331404e-06,7.800225408968364e-05,0.10355390245114905
155,3,400039,flow,9,402391,flow,2,0.00501600354748605,0.03812303892529862,0.06294211663963149
155,3,400039,flow,9,402391,flow,3,0.0006813823669588307,0.00755641144384705,0.07616287188247502
155,3,400039,flow,9,402391,flow,4,0.00486961289117038,0.03718707387282313,0.06315547211549613
155,3,400039,flow,9,402391,flow,5,5.484097795172971e-06,0.0001097327581062864,0.10179404389712521
155,3,400039,flow,9,402391,flow,6,0.0020491960779346436,0.018661374962809302,0.06914144488999432
155,3,400039,flow,9,402391,flow,7,0.00016929521275812958,0.002321762917825777,0.08429527005199809
155,3,400039,flow,9,402391,flow,8,0.00045776669175372366,0.005428361538226972,0.07856269195612466
155,3,400039,flow,9,402391,flow,10,0.0001551268998409387,0.0021541247422464005,0.084782207552899
155,3,400039,flow,9,402391,flow,11,6.819476775510608e-06,0.00013324350823250034,0.10076657245494643
155,3,400039,flow,9,402391,flow,12,2.3766990889492548e-05,0.0004133389719911748,0.09467973696040907
155,3,400039,flow,10,400497,flow,5,7.086384412723265e-06,0.0001380215539358183,0.1005845421424009
155,3,400039,flow,10,400497,flow,6,0.002241332197086351,0.020013549176132777,0.06854250324203369
155,3,400039,flow,10,400497,flow,9,0.00317462633121435,0.02647053802518045,0.06617198722983024
155,3,400039,flow,10,400497,flow,10,1.1242267179746897e-07,3.1292908644656315e-06,0.11870349570846071
155,3,400039,flow,10,400497,flow,11,3.655101649659233e-18,2.736575238566358e-16,0.1932573327768897
155,3,400039,flow,10,400497,flow,12,5.914451719297447e-13,3.0024008727808423e-11,0.1606682421137918
155,3,400039,flow,12,404520,flow,3,1.3522070689928858e-06,3.072100410972187e-05,-0.10817504194296809
155,3,400039,flow,12,404520,flow,6,0.00017242686323824496,0.002354992251625729,0.08419282839968424
155,3,400039,flow,12,404520,flow,7,0.0005455442250748213,0.006272959947626373,0.07751245285013783
155,3,400039,flow,12,404520,flow,10,4.232518255731724e-08,1.2662381485291584e-06,0.12260005133961244
155,3,400039,flow,12,404520,flow,11,3.5091073317362936e-06,7.326893993765485e-05,0.1038691837630098
155,3,400039,flow,13,400183,flow,2,0.0010394131324827928,0.010678394131571142,0.07353954410392292
155,3,400039,flow,13,400183,flow,8,1.9736729720954905e-05,0.0003482952303697924,0.09560851464979067
155,3,400039,flow,13,400183,flow,12,1.0368990331901531e-06,2.4212916639557177e-05,0.10934516491260791
155,3,400039,flow,14,401469,flow,6,0.0001251503776142283,0.0017908130262923713,0.08596788051805276
155,3,400039,flow,14,401469,flow,8,0.0012817252875336393,0.012752310553075361,0.0722067622929365
155,3,400039,flow,15,401472,flow,1,1.9282616576794923e-06,4.2587374034639094e-05,0.10659194460424652
155,3,400039,flow,15,401472,flow,3,0.00224027470888798,0.020008242179855435,-0.0685456688901498
155,3,400039,flow,15,401472,flow,10,6.606467900666413e-06,0.00012935484094861633,0.10091679800991615
155,3,400039,flow,15,401472,flow,11,4.6279223522909825e-21,4.1651301170618846e-19,0.20910967669539127
155,3,400039,flow,15,401472,flow,12,6.21061697883366e-17,4.355497621519709e-15,0.18609497346858994
155,3,400039,flow,16,405838,flow,1,0.006714917388017581,0.04764855965216154,0.060807487210939676
155,3,400039,flow,16,405838,flow,2,0.004757139999329656,0.03650238862718315,0.06332336995135485
155,3,400039,flow,16,405838,flow,5,0.005044602288546136,0.03830670045090404,0.06290109385720956
155,3,400039,flow,16,405838,flow,6,8.61100803507121e-05,0.0012903071353280481,0.08799762449502216
155,3,400039,flow,16,405838,flow,9,0.002900879844465845,0.024664044337910748,0.06679295795979859
155,3,400039,flow,16,405838,flow,11,0.006331891838930887,0.04559722077709857,0.06124229029264475
155,3,400039,flow,16,405838,flow,12,4.2095151333750296e-05,0.0006833936631409293,0.091767967261392
155,3,400039,flow,17,400260,flow,1,4.973242084110296e-05,0.0007919058534226495,0.09090250193014097
155,3,400039,flow,17,400260,flow,2,2.7323903859566e-07,7.102242158443148e-06,0.11505054424456455
155,3,400039,flow,17,400260,flow,3,0.0004124105054690307,0.00496303931948305,0.07918146514505124
155,3,400039,flow,17,400260,flow,4,0.001577876436829068,0.015101189755635156,0.07086305955892243
155,3,400039,flow,17,400260,flow,6,0.005843341526879444,0.04279965309616683,0.061832592578094064
155,3,400039,flow,17,400260,flow,11,0.005938496517088187,0.04334961972595635,0.061714221376302815
155,3,400039,flow,17,400260,flow,12,1.7935832524641584e-09,6.414138783646659e-08,0.1344547323307134
155,3,400039,flow,18,404528,flow,1,4.079043389459615e-06,8.427291938051429e-05,0.10317410572248732
155,3,400039,flow,18,404528,flow,4,0.0026893932800475225,0.02319460764584807,0.06731044282192775
155,3,400039,flow,18,404528,flow,5,0.002256811694466756,0.02013512292461046,0.06849632037200659
155,3,400039,flow,18,404528,flow,10,0.0023272125721304606,0.020631147776736282,0.06828987183979172
155,3,400039,flow,18,404528,flow,11,0.0016023512511866662,0.015314507533465483,0.0707626805822302
155,3,400039,flow,18,404528,flow,12,7.78953958870307e-06,0.00015022683492498776,0.10013465852788857
155,3,400039,flow,19,401795,flow,1,2.0601133598156597e-07,5.459932340124938e-06,0.11622421253027873
155,3,400039,flow,19,401795,flow,2,0.000492099841227732,0.005779965508710718,0.07813123465273128
155,3,400039,flow,19,401795,flow,12,5.3539200403991575e-05,0.0008450469336691401,0.09051719882041533
155,3,400039,occupancy,1,400125,flow,2,0.0034118321232780966,0.02799983809377161,0.06567216840662538
155,3,400039,occupancy,1,400125,flow,12,0.001773396286822644,0.016634144703474588,0.07009812761547364
155,3,400039,occupancy,3,400039,flow,5,0.0011857044516468487,0.011914964482703853,0.07270452798137579
155,3,400039,occupancy,3,400039,flow,7,0.0006994198342098917,0.007717736101626391,0.0760028860110287
155,3,400039,occupancy,3,400039,flow,11,3.4918570733333875e-06,7.30146299941928e-05,0.10389186902689522
155,3,400039,occupancy,3,400039,flow,12,8.270698756688587e-05,0.0012441471813404296,0.08821397331874546
155,3,400039,occupancy,4,400316,flow,3,3.356107108141353e-05,0.0005615175331979335,-0.09293213659578428
155,3,400039,occupancy,4,400316,flow,11,0.00012106759970512715,0.001743373435753831,0.08614969655403992
155,3,400039,occupancy,5,400503,flow,1,0.0005205881208034031,0.006049029707138526,0.07779402052067626
155,3,400039,occupancy,5,400503,flow,2,0.0029235963567212334,0.024832749235225576,0.06673943805244056
155,3,400039,occupancy,5,400503,flow,3,0.004178516953288677,0.03291879997140136,0.06424844951993645
155,3,400039,occupancy,5,400503,flow,4,0.0026631404985513864,0.02300845053397328,0.06737725267906446
155,3,400039,occupancy,5,400503,flow,6,2.111659822917851e-11,9.195937938513222e-10,0.14954895358607975
155,3,400039,occupancy,5,400503,flow,7,0.00272698984178249,0.023457977133612817,0.0672157942868282
155,3,400039,occupancy,5,400503,flow,8,0.0026728729916869233,0.02306594351595587,0.06735241490437666
155,3,400039,occupancy,5,400503,flow,10,0.002667318141733323,0.023027206978992718,0.06736658100196251
155,3,400039,occupancy,5,400503,flow,11,0.00038571340021034624,0.00469639765757806,0.07957608562801095
155,3,400039,occupancy,5,400503,flow,12,0.0011590927702254596,0.011696521297299662,0.07284906843559866
155,3,400039,occupancy,6,405843,flow,2,2.7419902482176345e-06,5.855362270044578e-05,0.1049990391676093
155,3,400039,occupancy,6,405843,flow,4,1.7361323398869518e-06,3.8660266537688824e-05,0.10706247586711201
155,3,400039,occupancy,6,405843,flow,5,0.003103237979273467,0.026005796450943502,0.06632907510703462
155,3,400039,occupancy,6,405843,flow,6,4.881136067876912e-09,1.66166334225597e-07,0.1308143915489322
155,3,400039,occupancy,6,405843,flow,10,0.004609847685526783,0.035618926849357364,0.06354876048043484
155,3,400039,occupancy,6,405843,flow,11,2.4539006699194005e-08,7.545089604307339e-07,0.12472295716488348
155,3,400039,occupancy,7,408093,flow,5,0.002090854151134498,0.01896282209477266,0.06900734148787908
155,3,400039,occupancy,8,401448,flow,2,0.001071193118428535,0.010937258973319005,0.073349302394422
155,3,400039,occupancy,8,401448,flow,6,0.0008346577866219625,0.008951642597335845,0.07491254578214668
155,3,400039,occupancy,8,401448,flow,11,0.0003543396592779563,0.004368874236159144,0.0800738332023683
155,3,400039,occupancy,9,402391,flow,1,0.0006814763653987988,0.00755641144384705,0.07616202800254296
155,3,400039,occupancy,9,402391,flow,2,0.005313953146086289,0.03983390177180768,0.0625247086092307
155,3,400039,occupancy,9,402391,flow,5,0.0037772718869945278,0.030403977178715038,0.06496082014465274
155,3,400039,occupancy,9,402391,flow,7,0.0004901932228856701,0.005765168657484596,0.07815444761904454
155,3,400039,occupancy,9,402391,flow,12,0.004356246015909831,0.03402455756414838,0.06395256360771696
155,3,400039,occupancy,10,400497,flow,1,0.0008607864544081807,0.00917266276034371,0.0747209787413791
155,3,400039,occupancy,10,400497,flow,5,0.00023902206341918218,0.0031176790880762893,0.08234825792569635
155,3,400039,occupancy,10,400497,flow,6,0.00026911586972446405,0.003451842509529943,0.08166917718609767
155,3,400039,occupancy,10,400497,flow,10,0.0002628557701658878,0.0033836022858064222,0.08180436248123886
155,3,400039,occupancy,10,400497,flow,11,4.921352342712906e-09,1.6740348126393507e-07,0.13078414381407327
155,3,400039,occupancy,10,400497,flow,12,1.8134279271957752e-07,4.865843879183695e-06,0.11675052723511375
155,3,400039,occupancy,12,404520,flow,3,0.00020786349334199448,0.002770658103170059,-0.0831416782758801
155,3,400039,occupancy,12,404520,flow,4,0.0028047655999445943,0.024007504243631163,0.06702371839823318
155,3,400039,occupancy,12,404520,flow,6,0.003139214108171471,0.026256350333592943,0.06624950398038591
155,3,400039,occupancy,12,404520,flow,7,0.00012648491721191843,0.0018033493147045796,0.0859096605321891
155,3,400039,occupancy,12,404520,flow,10,0.0010081660215968398,0.010418787813515644,0.07373191407795528
155,3,400039,occupancy,12,404520,flow,11,0.0007490129639832182,0.008183449682365965,0.07558198904790506
155,3,400039,occupancy,13,400183,flow,8,0.0002830127353534775,0.003605470412052559,0.08137930764635343
155,3,400039,occupancy,13,400183,flow,9,0.006546271913920117,0.0467127430923933,0.0609961088958638
155,3,400039,occupancy,13,400183,flow,12,0.0015232916841122106,0.014692163597599353,0.07109219159610763
155,3,400039,occupancy,14,401469,flow,3,0.0015217313800736485,0.014686951657547277,0.07109885178025772
155,3,400039,occupancy,14,401469,flow,5,0.00021328184841484514,0.0028341359124950203,0.08299601693446097
155,3,400039,occupancy,14,401469,flow,6,0.002037529868810472,0.01858557650604147,0.0691794480483234
155,3,400039,occupancy,14,401469,flow,8,5.701221137747051e-05,0.0008926884855044312,0.09018767154254362
155,3,400039,occupancy,14,401469,flow,10,0.0001534577542719157,0.002135924785046596,0.0848423028680602
155,3,400039,occupancy,14,401469,flow,11,0.00014004482797114038,0.001975137367963135,0.0853488450842285
155,3,400039,occupancy,15,401472,flow,1,7.167816816197691e-05,0.0010945552720386718,0.08897797818291622
155,3,400039,occupancy,15,401472,flow,10,9.285846340432683e-05,0.0013766251266530264,0.08759148716060038
155,3,400039,occupancy,15,401472,flow,11,3.687089943733175e-11,1.5739356281548732e-09,0.14773947402268375
155,3,400039,occupancy,15,401472,flow,12,3.550896249985974e-12,1.66556697067746e-10,0.15519451134452786
155,3,400039,occupancy,16,405838,flow,1,0.0018670058334638476,0.017289314470661996,0.06975898806785928
155,3,400039,occupancy,16,405838,flow,2,0.00016171621643618864,0.0022334208919575927,0.08455075971622489
155,3,400039,occupancy,16,405838,flow,3,0.0005999619049489044,0.006797140849461845,0.07693788428403173
155,3,400039,occupancy,16,405838,flow,4,7.379430044903196e-05,0.0011225048519007679,0.0888231467337423
155,3,400039,occupancy,16,405838,flow,6,1.7219964724546997e-07,4.632020399130949e-06,0.11696336383760575
155,3,400039,occupancy,16,405838,flow,9,7.163286409098813e-05,0.0010942502576841186,0.08898133996906415
155,3,400039,occupancy,16,405838,flow,10,0.003977154267078482,0.03167644991478437,0.06459779486913839
155,3,400039,occupancy,16,405838,flow,11,0.0001452830292186486,0.0020357531178221274,0.08514580332434174
155,3,400039,occupancy,16,405838,flow,12,0.00016781705644818465,0.0023029532524020254,0.08434424333005537
155,3,400039,occupancy,17,400260,flow,2,0.00011316133394567929,0.0016426645250179252,0.08651883403472274
155,3,400039,occupancy,17,400260,flow,4,0.00651527899990945,0.04656080277850922,0.06103124709740947
155,3,400039,occupancy,17,400260,flow,11,0.002941046933505158,0.024956719977697606,0.06669858159315795
155,3,400039,occupancy,17,400260,flow,12,3.445132537962372e-05,0.0005746321453280867,0.09279830154528354
155,3,400039,occupancy,18,404528,flow,5,0.0013752985109678644,0.013496795927717343,0.07175373992521429
155,3,400039,occupancy,18,404528,flow,12,0.0004555981027489931,0.005404129060614086,0.07859094704465924
155,3,400039,occupancy,19,401795,flow,1,0.006063678144863433,0.044017977552148896,0.061561072259561186
155,3,400039,occupancy,19,401795,flow,2,0.0005971185519717131,0.006779374887037584,0.07696668120539506
155,3,400039,occupancy,19,401795,flow,11,0.004256846364441862,0.0333991578176332,0.06411666703422572
155,3,400039,occupancy,19,401795,flow,12,0.00026565075719089454,0.0034144935170028696,0.08174363684284773
155,3,400039,speed,4,400316,flow,1,0.0067446349746668995,0.04781231225887923,0.060774691392361656
155,3,400039,speed,6,405843,flow,5,0.006620273793351282,0.047131810789844325,-0.06091281016637628
155,3,400039,speed,9,402391,flow,9,0.004057102556855793,0.0321885822692691,0.06445721308269466
155,4,400316,flow,0,400593,flow,2,0.0032645271252472493,0.027094634353637112,0.06597867749589933
155,4,400316,flow,1,400125,flow,1,5.954062259265273e-06,0.00011817411033882174,0.10140754761441517
155,4,400316,flow,1,400125,flow,2,0.0021964866749163672,0.019714985322332654,0.06867796722904353
155,4,400316,flow,1,400125,flow,3,0.0018132817025960958,0.016904511263017334,0.0699516628454412
155,4,400316,flow,1,400125,flow,9,1.7913029763205252e-06,3.9765821468163765e-05,-0.10692243802285069
155,4,400316,flow,3,400039,flow,1,1.7918816087748938e-11,7.874800152500042e-10,0.15007787566922487
155,4,400316,flow,3,400039,flow,2,1.250367021730823e-10,5.124843960035252e-09,0.1436592613646635
155,4,400316,flow,3,400039,flow,8,0.0003532961754004884,0.004361744404830129,-0.08009108636599868
155,4,400316,flow,3,400039,flow,9,2.905007689480455e-13,1.5138278912612262e-11,-0.16278766217307356
155,4,400316,flow,4,400316,flow,1,1.3629234653909528e-05,0.0002488923839712822,0.09741020273858712
155,4,400316,flow,4,400316,flow,3,1.8649560539889479e-06,4.125248414353433e-05,-0.10674180700190519
155,4,400316,flow,4,400316,flow,4,0.006666986721456149,0.04739627192491155,-0.06086065839853364
155,4,400316,flow,4,400316,flow,7,0.00069564421895287,0.007683924893572994,-0.07603605468171543
155,4,400316,flow,4,400316,flow,8,1.8991961029303503e-06,4.198836829405892e-05,-0.1066601552808311
155,4,400316,flow,4,400316,flow,11,0.0028078507621279026,0.024019634242361462,0.06699935085753136
155,4,400316,flow,5,400503,flow,2,2.492931485756143e-09,8.727280403943711e-08,0.13326838001582267
155,4,400316,flow,5,400503,flow,11,0.000880663318345403,0.009338403375680267,0.0745788233717138
155,4,400316,flow,5,400503,flow,12,0.0010041298871936476,0.01038257805810569,0.07375716314843463
155,4,400316,flow,6,405843,flow,1,0.00039922175968575485,0.004828213890936341,0.07937333309250101
155,4,400316,flow,6,405843,flow,9,0.0036562350670272217,0.02962846649701294,-0.06518922081929308
155,4,400316,flow,7,408093,flow,7,0.0020411939909504083,0.018603287006130304,0.06916749057714278
155,4,400316,flow,7,408093,flow,9,0.0020940700382616356,0.018985063096097095,0.06899709117441012
155,4,400316,flow,7,408093,flow,12,0.00553329406754138,0.0410930554783888,0.0622307194643382
155,4,400316,flow,9,402391,flow,1,4.26292385060293e-11,1.8107995117605368e-09,0.1472646885353555
155,4,400316,flow,9,402391,flow,2,1.2753375457808287e-08,4.0841054097651447e-07,0.12722605562981468
155,4,400316,flow,9,402391,flow,3,0.0020764005149936453,0.018859357610704473,0.06905359014249474
155,4,400316,flow,9,402391,flow,5,6.398240827313745e-05,0.0009906953539066444,0.0895800370286095
155,4,400316,flow,9,402391,flow,11,0.00032681065685442493,0.00408631559366459,0.0805457582391183
155,4,400316,flow,9,402391,flow,12,0.00013559970073269542,0.0019212551891283837,0.08552683276646883
155,4,400316,flow,10,400497,flow,1,4.939541540940989e-11,2.0838690875844796e-09,0.1467811322534689
155,4,400316,flow,10,400497,flow,5,4.270926136165638e-05,0.0006923227357686888,0.09169308374228374
155,4,400316,flow,10,400497,flow,8,2.2224295312406046e-09,7.824690770138069e-08,-0.13368342467308492
155,4,400316,flow,10,400497,flow,9,1.3056371998848515e-06,2.9780109310995554e-05,-0.10833018972951552
155,4,400316,flow,10,400497,flow,11,8.828197790512163e-12,4.0060729469550993e-10,0.15233690587168838
155,4,400316,flow,10,400497,flow,12,5.808854972832946e-30,8.121117631921788e-28,0.25122082574855403
155,4,400316,flow,12,404520,flow,3,6.326237074706465e-10,2.4036362500203982e-08,-0.13810881550027226
155,4,400316,flow,12,404520,flow,10,0.00013839593525304307,0.0019563823308021795,0.08541423975301358
155,4,400316,flow,12,404520,flow,11,1.3467827243777726e-08,4.281163627161132e-07,0.12701942445610534
155,4,400316,flow,12,404520,flow,12,6.872168499941215e-17,4.8038459417064806e-15,0.18583369486025272
155,4,400316,flow,15,401472,flow,1,7.106437568105009e-32,1.1043097228134402e-29,0.25929192766253034
155,4,400316,flow,15,401472,flow,2,1.7097086302165172e-08,5.367689885563484e-07,0.1261110116541628
155,4,400316,flow,15,401472,flow,4,0.002869568911856646,0.02445558828017501,-0.0668673562481866
155,4,400316,flow,15,401472,flow,8,1.1596365029888385e-06,2.678946359845873e-05,-0.10885358521378741
155,4,400316,flow,15,401472,flow,9,1.1547256638516637e-16,7.79439823099873e-15,-0.18448800965506146
155,4,400316,flow,15,401472,flow,10,0.0008501307843655197,0.009092758079868892,-0.0747984431398769
155,4,400316,flow,15,401472,flow,11,1.8815944066600212e-08,5.8774315522569e-07,0.1257444915279501
155,4,400316,flow,15,401472,flow,12,2.010589997356503e-46,4.321268054019947e-44,0.31310634268600135
155,4,400316,flow,16,405838,flow,1,5.912396028106623e-05,0.0009227438887796463,0.08999647431615422
155,4,400316,flow,17,400260,flow,1,0.0002677164661321632,0.0034359332551721477,0.08169913938420144
155,4,400316,flow,17,400260,flow,2,9.428478712019196e-13,4.69792710910299e-11,0.15926248092861736
155,4,400316,flow,17,400260,flow,3,3.39938005126626e-09,1.1720129147222859e-07,0.13214128207973574
155,4,400316,flow,17,400260,flow,4,7.355719964767973e-07,1.763413443274009e-05,0.11084085654323823
155,4,400316,flow,17,400260,flow,5,2.8917553380361393e-07,7.4670550270867434e-06,0.11481357267960988
155,4,400316,flow,17,400260,flow,6,3.207109203500586e-06,6.74195219422021e-05,0.10428271315030842
155,4,400316,flow,17,400260,flow,7,6.294093611773677e-08,1.8297768777161699e-06,0.12103193015131208
155,4,400316,flow,17,400260,flow,9,0.0027470675493399687,0.023597796407135944,-0.06716573601339974
155,4,400316,flow,17,400260,flow,10,8.521939674241645e-10,3.1901888555220026e-08,-0.1370987502173896
155,4,400316,flow,17,400260,flow,11,0.00013485290415513122,0.001911928276830216,-0.08555727303099048
155,4,400316,flow,18,404528,flow,1,8.895502202127077e-17,6.138749123512615e-15,0.185165804810538
155,4,400316,flow,18,404528,flow,2,3.218722598155917e-09,1.1132811548465622e-07,0.1323404280307928
155,4,400316,flow,18,404528,flow,3,1.0832603365079303e-07,3.021100486581187e-06,0.11885382093612722
155,4,400316,flow,18,404528,flow,4,0.0013223208092166807,0.01308089282302739,0.07200659976565214
155,4,400316,flow,18,404528,flow,6,0.00011024660607596843,0.0016041271076058727,0.0866610819361007
155,4,400316,flow,18,404528,flow,12,0.0009685670424399301,0.010082432827326501,0.07398378559645917
155,4,400316,flow,19,401795,flow,1,0.002199569653941597,0.019734456708261055,0.06866857382708207
155,4,400316,flow,19,401795,flow,2,0.006700471619419178,0.047569494487906074,0.06082347642678463
155,4,400316,flow,19,401795,flow,3,0.0004088522016963594,0.004925380678550677,0.07923266022774808
155,4,400316,flow,19,401795,flow,4,0.0016538864014267304,0.01570283352563401,0.0705558490734513
155,4,400316,flow,19,401795,flow,6,0.00014449080762336436,0.0020272825233287888,0.08517606459864373
155,4,400316,flow,19,401795,flow,10,3.567280386827723e-07,9.065088982997508e-06,-0.11393182243369625
155,4,400316,occupancy,0,400593,flow,3,0.0036360968889848906,0.029504016830230514,-0.06522788715534733
155,4,400316,occupancy,0,400593,flow,4,0.005578718943197349,0.04135220630510046,-0.0621711518434412
155,4,400316,occupancy,0,400593,flow,5,0.002203897815510365,0.01975687603860713,-0.06865540685613425
155,4,400316,occupancy,1,400125,flow,1,7.002098507223585e-11,2.916978355950423e-09,0.14562935913025837
155,4,400316,occupancy,1,400125,flow,2,0.00025639826553046764,0.003313312913824769,0.08194700856174328
155,4,400316,occupancy,1,400125,flow,3,0.005444164395169363,0.04055663077622288,0.06234889195562482
155,4,400316,occupancy,1,400125,flow,9,0.002634477588233623,0.022834958228670245,0.06745088636020238
155,4,400316,occupancy,1,400125,flow,10,2.194310367623591e-08,6.795283719092411e-07,0.125154055540241
155,4,400316,occupancy,1,400125,flow,11,3.0891934027992284e-13,1.6059344765454473e-11,0.1626055161358142
155,4,400316,occupancy,1,400125,flow,12,9.875568549533102e-08,2.766696247340013e-06,0.11922760606014318
155,4,400316,occupancy,3,400039,flow,1,2.655617265021072e-19,2.148364529005811e-17,0.19964666035948028
155,4,400316,occupancy,3,400039,flow,2,1.189987320111487e-08,3.8363770320012116e-07,0.12748816910086588
155,4,400316,occupancy,3,400039,flow,3,5.318781530227446e-06,0.00010692013127306918,0.10193757205137638
155,4,400316,occupancy,3,400039,flow,4,0.001572004911378059,0.015057785403887395,0.07088735349365237
155,4,400316,occupancy,3,400039,flow,9,0.0067439899377652966,0.04781231225887923,0.060775401864862626
155,4,400316,occupancy,3,400039,flow,10,8.907607328983858e-05,0.0013269263331451816,0.08781554989147165
155,4,400316,occupancy,3,400039,flow,11,2.7734347175985855e-07,7.187305326950144e-06,0.11498826186877126
155,4,400316,occupancy,3,400039,flow,12,0.00014321418942356366,0.002013949538768864,0.08522515892729994
155,4,400316,occupancy,4,400316,flow,2,0.0031019901640966844,0.026005796450943502,-0.06633185004668554
155,4,400316,occupancy,4,400316,flow,3,0.005310523856277142,0.03981740896459057,-0.06252939130660713
155,4,400316,occupancy,4,400316,flow,8,0.00024385040056550502,0.0031686214035624768,0.0822340880977646
155,4,400316,occupancy,4,400316,flow,9,2.475859950630053e-13,1.3059481058268412e-11,0.1632603190840959
155,4,400316,occupancy,4,400316,flow,10,6.632378123843027e-20,5.574294454280521e-18,0.2029412406513697
155,4,400316,occupancy,4,400316,flow,11,7.321459963502475e-14,4.0342738574401396e-12,0.16681799460029278
155,4,400316,occupancy,4,400316,flow,12,0.002839358146720339,0.024241160462118314,0.06693984572157088
155,4,400316,occupancy,5,400503,flow,1,2.111193090247589e-10,8.436960360656415e-09,0.14192500537974442
155,4,400316,occupancy,5,400503,flow,2,1.716185298435883e-06,3.8275273563464194e-05,0.10711416082545497
155,4,400316,occupancy,5,400503,flow,3,6.942666168199188e-06,0.0001353443946147134,0.10068172686969201
155,4,400316,occupancy,5,400503,flow,4,3.8917971078820455e-07,9.808963539119275e-06,0.11356420849014383
155,4,400316,occupancy,5,400503,flow,5,4.9057040003251376e-08,1.4525456669914045e-06,0.12201905075477326
155,4,400316,occupancy,5,400503,flow,6,2.1664496205654257e-08,6.718637732119626e-07,0.12520323055099844
155,4,400316,occupancy,5,400503,flow,7,1.834014382111245e-07,4.914976507891177e-06,0.1167040373787558
155,4,400316,occupancy,5,400503,flow,8,6.391287114403595e-09,2.1436615166322618e-07,0.12981708857051666
155,4,400316,occupancy,5,400503,flow,9,5.745891183623067e-13,2.9237043478506064e-11,0.16075499067637775
155,4,400316,occupancy,5,400503,flow,10,2.9580379219399692e-18,2.226258505710918e-16,0.19378119726106907
155,4,400316,occupancy,5,400503,flow,11,1.9112686888742367e-20,1.648040067053234e-18,0.20584836815599442
155,4,400316,occupancy,5,400503,flow,12,4.4343602670467146e-16,2.8464244210463305e-14,0.1809504815450132
155,4,400316,occupancy,6,405843,flow,1,2.678427820187728e-13,1.4059305204387588e-11,0.16302795580740098
155,4,400316,occupancy,6,405843,flow,2,3.1088654009241466e-12,1.4693980888394216e-10,0.1556072014559683
155,4,400316,occupancy,6,405843,flow,3,2.3975093238868813e-15,1.4838453122050613e-13,0.17640927771471335
155,4,400316,occupancy,6,405843,flow,4,1.1706607712297575e-16,7.877343507340425e-15,0.1844523322975135
155,4,400316,occupancy,6,405843,flow,5,4.037998214241782e-18,3.0024358494878653e-16,0.19301016695162101
155,4,400316,occupancy,6,405843,flow,6,1.504401752414089e-10,6.108097340628631e-09,0.14307257480718155
155,4,400316,occupancy,6,405843,flow,7,7.32949370329629e-09,2.439400061497687e-07,0.12930743356966898
155,4,400316,occupancy,6,405843,flow,8,4.6508904337461395e-11,1.9640123825790147e-09,0.14697897165321613
155,4,400316,occupancy,6,405843,flow,9,1.4655395587983365e-18,1.1245347946729687e-16,0.19550933551799496
155,4,400316,occupancy,6,405843,flow,10,3.083212391077205e-30,4.367041812935582e-28,0.25239964924506064
155,4,400316,occupancy,6,405843,flow,11,2.7183120646169447e-34,4.482102335551603e-32,0.2691044508157344
155,4,400316,occupancy,6,405843,flow,12,1.9141287350063027e-24,2.125716230135534e-22,0.22612860675336408
155,4,400316,occupancy,7,408093,flow,1,0.006043574142407706,0.04390153067967259,0.06158547480982412
155,4,400316,occupancy,7,408093,flow,2,0.000564685355943111,0.006465520110453855,0.07730450473172824
155,4,400316,occupancy,7,408093,flow,3,5.586973057307993e-05,0.000877024840391371,0.09029392416237722
155,4,400316,occupancy,7,408093,flow,4,6.844728492967174e-05,0.0010496708232026336,0.08922291463899731
155,4,400316,occupancy,7,408093,flow,5,0.0013417043679255388,0.013230227960370525,0.0719130172920056
155,4,400316,occupancy,8,401448,flow,1,0.0002596809458667527,0.0033497213680034983,0.08187407889876508
155,4,400316,occupancy,8,401448,flow,2,1.3515299836378213e-05,0.00024729392330857217,0.09747567021794291
155,4,400316,occupancy,8,401448,flow,3,1.398720078015273e-05,0.00025443166977318847,0.09730781494905494
155,4,400316,occupancy,8,401448,flow,4,1.5502898302507207e-05,0.0002791684896491502,0.09680299697464072
155,4,400316,occupancy,8,401448,flow,5,0.00012328210051880688,0.0017700523921616678,0.08605037515397429
155,4,400316,occupancy,8,401448,flow,6,0.005302006848611552,0.039784456173838495,0.06254103310224361
155,4,400316,occupancy,8,401448,flow,11,0.0003832028014845243,0.0046684605256997885,0.07961449748898897
155,4,400316,occupancy,8,401448,flow,12,0.00022410804187147172,0.002957979654398893,0.08271509275174407
155,4,400316,occupancy,9,402391,flow,1,8.177592683506505e-21,7.194949163492486e-19,0.20775592151240593
155,4,400316,occupancy,9,402391,flow,2,3.80507139418691e-13,1.9615642509412234e-11,0.16198640460768224
155,4,400316,occupancy,9,402391,flow,3,1.46973953934326e-11,6.505404518404593e-10,0.15071374059998996
155,4,400316,occupancy,9,402391,flow,4,5.387511389806003e-11,2.2662170597820774e-09,0.14649543351746475
155,4,400316,occupancy,9,402391,flow,5,7.365716469922735e-10,2.7790301441105863e-08,0.13761091871964976
155,4,400316,occupancy,9,402391,flow,6,1.1494492796960173e-08,3.7167821020110735e-07,0.1276191248864598
155,4,400316,occupancy,9,402391,flow,7,2.2169321584095846e-08,6.855509609398286e-07,0.1251145709218671
155,4,400316,occupancy,9,402391,flow,8,1.1030469564745202e-09,4.0727887623674594e-08,0.13618775531520944
155,4,400316,occupancy,9,402391,flow,9,2.434320724581645e-16,1.593373565180713e-14,0.18253601762603075
155,4,400316,occupancy,9,402391,flow,10,1.889504971996395e-21,1.740439547766402e-19,0.21114186077527333
155,4,400316,occupancy,9,402391,flow,11,1.3125053408776642e-20,1.1454592065841432e-18,0.20671795276174287
155,4,400316,occupancy,9,402391,flow,12,3.3351018675070814e-15,2.040742219211132e-13,0.1755068630502034
155,4,400316,occupancy,10,400497,flow,3,2.8354371271894323e-18,2.141449019136075e-16,0.19388581738209146
155,4,400316,occupancy,10,400497,flow,4,5.425889269269794e-29,7.324950513514223e-27,0.24701218076392642
155,4,400316,occupancy,10,400497,flow,5,1.2258763502368737e-11,5.482179951369871e-10,0.15129349942421283
155,4,400316,occupancy,10,400497,flow,8,4.7695851296559955e-14,2.6518156705423296e-12,0.16805106941325101
155,4,400316,occupancy,10,400497,flow,9,1.6815626226605388e-70,5.044687867981617e-68,0.3832613769375916
155,4,400316,occupancy,10,400497,flow,10,1.333038253171495e-115,6.619224429541217e-113,0.4811518608717195
155,4,400316,occupancy,10,400497,flow,11,3.9526649769772034e-79,1.3340244297298061e-76,0.4046734269961044
155,4,400316,occupancy,10,400497,flow,12,9.983352142181813e-09,3.262335949638838e-07,0.12815032693099762
155,4,400316,occupancy,11,405841,flow,1,2.6668064143202312e-05,0.00045880540461423335,-0.09409980916640184
155,4,400316,occupancy,11,405841,flow,2,0.00064733682996652,0.0072410541311635586,-0.07647586950004684
155,4,400316,occupancy,11,405841,flow,12,0.00046517779845392656,0.005508684455375446,-0.07846706392354989
155,4,400316,occupancy,12,404520,flow,2,7.198890198950399e-05,0.0010985236898433672,-0.08895497417877482
155,4,400316,occupancy,12,404520,flow,4,0.006690126213789579,0.04752503479208311,0.06083494621843
155,4,400316,occupancy,12,404520,flow,5,2.1914017068848847e-06,4.790918711408249e-05,0.10601578884203508
155,4,400316,occupancy,12,404520,flow,6,1.6415872907091358e-07,4.432285684914667e-06,0.11715976701496739
155,4,400316,occupancy,12,404520,flow,7,1.3398684182180576e-08,4.2654617293308837e-07,0.12703895071773844
155,4,400316,occupancy,12,404520,flow,8,4.182746079027192e-15,2.5166383093868343e-13,0.17488492794362412
155,4,400316,occupancy,12,404520,flow,9,1.2451453187955295e-24,1.4007884836449706e-22,0.22702785475727902
155,4,400316,occupancy,12,404520,flow,10,2.065743950154876e-26,2.4857977338911044e-24,0.23541171188738738
155,4,400316,occupancy,12,404520,flow,11,2.9186695223897736e-11,1.255841866207552e-09,0.14850090719675738
155,4,400316,occupancy,14,401469,flow,1,9.098552386314275e-05,0.0013502489285083363,0.08770133810370413
155,4,400316,occupancy,14,401469,flow,2,0.00014448710418582062,0.0020272825233287888,0.08517620642880104
155,4,400316,occupancy,14,401469,flow,3,2.59069375751343e-05,0.00044677832464902267,0.09424592688729153
155,4,400316,occupancy,14,401469,flow,4,1.4425605624860235e-06,3.2576380710609625e-05,0.10788814825694493
155,4,400316,occupancy,14,401469,flow,5,2.9023988985618594e-07,7.485589995096856e-06,0.11479819821863364
155,4,400316,occupancy,14,401469,flow,6,1.8505263693663208e-07,4.946951680484224e-06,0.11666711165389569
155,4,400316,occupancy,14,401469,flow,7,2.3537264173749163e-06,5.107030699678372e-05,0.10569264770880117
155,4,400316,occupancy,14,401469,flow,8,5.158768642299838e-07,1.2698507427199601e-05,0.11236637735975051
155,4,400316,occupancy,14,401469,flow,9,5.079044864715118e-07,1.253082456628744e-05,0.11243289284182158
155,4,400316,occupancy,14,401469,flow,10,3.140295838108023e-07,8.036776078570297e-06,0.11446804606115149
155,4,400316,occupancy,14,401469,flow,11,1.8467049928003236e-10,7.4211772733929285e-09,0.14237940181876946
155,4,400316,occupancy,14,401469,flow,12,1.697598745329859e-09,6.096115195199493e-08,0.1346519084851908
155,4,400316,occupancy,15,401472,flow,1,8.052833673025181e-23,8.090288713364832e-21,0.21813873843073156
155,4,400316,occupancy,15,401472,flow,3,0.000658601797280258,0.0073423477787115205,-0.07637064583820158
155,4,400316,occupancy,15,401472,flow,7,0.001348057091073835,0.013268641224513484,-0.07188261785935432
155,4,400316,occupancy,15,401472,flow,9,4.858736168267439e-38,8.782318094943656e-36,0.28355517966473204
155,4,400316,occupancy,15,401472,flow,10,6.436115205557552e-125,3.390733864391296e-122,0.4979167081727306
155,4,400316,occupancy,15,401472,flow,11,9.282028657216454e-154,6.265369343621107e-151,0.5445704450042879
155,4,400316,occupancy,15,401472,flow,12,1.884733587220697e-50,4.2406505712465684e-48,0.3261793349858435
155,4,400316,occupancy,16,405838,flow,1,1.5208636900746996e-16,1.0123468630389371e-14,0.18376968120079143
155,4,400316,occupancy,16,405838,flow,2,1.6463414746456957e-17,1.189330296065118e-15,0.18948733262350156
155,4,400316,occupancy,16,405838,flow,3,1.5022543078590446e-16,1.0046034999924261e-14,0.1838018541669819
155,4,400316,occupancy,16,405838,flow,4,1.1380114260296118e-19,9.418025594727822e-18,0.2016658553981887
155,4,400316,occupancy,16,405838,flow,5,3.8774830833908414e-21,3.5043361757841917e-19,0.20951271145667377
155,4,400316,occupancy,16,405838,flow,6,5.54946937988877e-17,3.8981638570926e-15,0.1863850709237504
155,4,400316,occupancy,16,405838,flow,7,3.262906539156958e-13,1.692167616945745e-11,0.16244324142960842
155,4,400316,occupancy,16,405838,flow,8,1.326648814927279e-09,4.8323127154180814e-08,0.13553233233045583
155,4,400316,occupancy,16,405838,flow,9,2.571488305687603e-10,1.0154323108382491e-08,0.14125278741831263
155,4,400316,occupancy,16,405838,flow,10,2.181902354304287e-15,1.35623283030137e-13,0.17666603578607268
155,4,400316,occupancy,16,405838,flow,11,2.9416818734878205e-23,3.0329512394910227e-21,0.22032139713918572
155,4,400316,occupancy,16,405838,flow,12,1.1997516324217568e-24,1.356787186403662e-22,0.2271053359912348
155,4,400316,occupancy,17,400260,flow,1,5.553184564500235e-40,1.0709713088679023e-37,0.29071751274407787
155,4,400316,occupancy,17,400260,flow,2,1.6530367824816052e-31,2.523363569017857e-29,0.2577666507930837
155,4,400316,occupancy,17,400260,flow,3,5.602702413009467e-24,6.081325232211281e-22,0.22386547636273274
155,4,400316,occupancy,17,400260,flow,4,2.737503524370557e-16,1.7837127036622633e-14,0.18222681966233426
155,4,400316,occupancy,17,400260,flow,5,1.964436353875359e-11,8.580753335431296e-10,0.14978196664258162
155,4,400316,occupancy,17,400260,flow,6,7.879522288365991e-05,0.0011893618548476969,0.0884732992416313
155,4,400316,occupancy,17,400260,flow,10,5.970011575110041e-06,0.00011835910970387967,0.10139494928816331
155,4,400316,occupancy,17,400260,flow,11,1.7016315622494246e-20,1.4731559817469967e-18,0.2061175996068114
155,4,400316,occupancy,17,400260,flow,12,6.822139041601645e-37,1.2178363908974837e-34,0.27922260257333664
155,4,400316,occupancy,18,404528,flow,1,9.509133303003989e-19,7.42847303236478e-17,0.1965657455065912
155,4,400316,occupancy,18,404528,flow,2,2.923251847705408e-09,1.0143331712519969e-07,0.13269085303781566
155,4,400316,occupancy,18,404528,flow,3,1.1830491287885387e-05,0.00021887675530477463,0.09812430866267165
155,4,400316,occupancy,18,404528,flow,4,0.0005212171084362312,0.006051217168622732,0.07778677096497626
155,4,400316,occupancy,18,404528,flow,5,0.002091177881006874,0.01896282209477266,0.06900630897798309
155,4,400316,occupancy,18,404528,flow,6,0.0021348953728064658,0.019266237749162172,0.06886820350887843
155,4,400316,occupancy,18,404528,flow,7,0.007053567075566105,0.04960346698102812,0.06044123460695806
155,4,400316,occupancy,18,404528,flow,9,0.001856767065143787,0.0172166424585129,0.06979531204516608
155,4,400316,occupancy,18,404528,flow,10,4.778227035504141e-06,9.695603942403893e-05,0.10243864083489469
155,4,400316,occupancy,18,404528,flow,11,7.668300491937423e-08,2.1808464861862848e-06,0.1202441245801513
155,4,400316,occupancy,18,404528,flow,12,3.3193916487332483e-07,8.46503655403048e-06,0.11423505281268524
155,4,400316,occupancy,19,401795,flow,1,1.1318085505245944e-16,7.654624318953344e-15,0.1845401789482401
155,4,400316,occupancy,19,401795,flow,2,1.7467779691389287e-09,6.257115113333476e-08,0.1345495637042105
155,4,400316,occupancy,19,401795,flow,3,7.958406924263696e-08,2.254447076250437e-06,0.12009542971255462
155,4,400316,occupancy,19,401795,flow,4,6.301226733813428e-06,0.00012418476044741793,0.10114034776330075
155,4,400316,occupancy,19,401795,flow,5,0.003167491455181514,0.02642124558096957,0.06618754177663434
155,4,400316,occupancy,19,401795,flow,11,4.1150598021472576e-05,0.0006702933410347243,0.09188519073565049
155,4,400316,occupancy,19,401795,flow,12,5.261523022197868e-08,1.5430943283024296e-06,0.12174248258326403
155,4,400316,speed,1,400125,flow,8,0.001920806387762043,0.017692715554652506,0.06957107358987188
155,4,400316,speed,4,400316,flow,10,0.0009502063136214254,0.00992478548076537,-0.07410381959155994
155,4,400316,speed,4,400316,flow,11,0.0007119225879412017,0.007843676561861747,-0.07589422422865622
155,4,400316,speed,10,400497,flow,11,0.00040386813227689326,0.004873492545911114,-0.07930507217225233
155,4,400316,speed,12,404520,flow,3,0.003628518419622116,0.02946827365333953,0.06524248861704755
155,4,400316,speed,12,404520,flow,10,0.0002448619736099101,0.00317945213704482,-0.08221043738356437
155,4,400316,speed,12,404520,flow,11,0.0017070016436740749,0.016136208097750557,-0.07034878673651389
155,4,400316,speed,14,401469,flow,2,0.004538136446171069,0.03520335688177234,-0.06366086323778078
155,4,400316,speed,14,401469,flow,6,0.0013469889574515325,0.01326417209070121,-0.07188771990853872
155,4,400316,speed,14,401469,flow,8,0.004134750979362254,0.03268458230712706,-0.06432306036545901
155,4,400316,speed,15,401472,flow,11,0.00028290550760472064,0.003605167530538033,-0.08138149277829007
155,4,400316,speed,15,401472,flow,12,1.1380889239998547e-05,0.00021128251618733872,-0.0983123123456922
155,4,400316,speed,16,405838,flow,2,0.00566492884530238,0.04183332070377142,-0.062059293663844495
155,4,400316,speed,17,400260,flow,1,3.681018210266041e-05,0.0006083396583148162,-0.09245895094069012
155,4,400316,speed,17,400260,flow,2,6.826360067627023e-06,0.00013331770113991293,-0.10076179315451661
155,4,400316,speed,17,400260,flow,3,0.0009263901442634871,0.009730137182636189,-0.07426275841619702
155,4,400316,speed,17,400260,flow,5,0.0019443099486622115,0.017867722294163644,-0.06949049224742858
155,4,400316,speed,19,401795,flow,1,0.005279032867859357,0.039675403599778045,-0.06257252033707987
155,4,400316,speed,19,401795,flow,2,0.0017780043729649902,0.016647115065471948,-0.07008105237349287
155,5,400503,flow,0,400593,flow,10,0.0028670655396769006,0.024443898029216916,0.06687333646469665
155,5,400503,flow,2,400331,flow,2,0.004590079375790176,0.03549792857753949,0.06357950488402261
155,5,400503,flow,2,400331,flow,12,0.007049412116370885,0.04960346698102812,0.06044563169509322
155,5,400503,flow,3,400039,flow,3,0.0014660916394235884,0.014251835918789158,0.07134055807098848
155,5,400503,flow,4,400316,flow,10,0.0023130040529425887,0.020526247963664715,0.06833107312761233
155,5,400503,flow,4,400316,flow,11,0.0009448376155183934,0.009879401129442538,0.07413932337070885
155,5,400503,flow,5,400503,flow,1,6.0325874558827785e-80,2.06831569915981e-77,0.4063395975001363
155,5,400503,flow,5,400503,flow,2,3.247354647490101e-30,4.584500678809554e-28,0.2521803764397908
155,5,400503,flow,5,400503,flow,3,7.251801888627041e-07,1.7423684181795785e-05,0.11087464985062583
155,5,400503,flow,5,400503,flow,4,0.003629501828372047,0.02946827365333953,0.06524059231630594
155,5,400503,flow,5,400503,flow,7,0.000230764127820292,0.0030291736012873337,0.08254863125532735
155,5,400503,flow,5,400503,flow,9,0.0008831596950488996,0.009360279397966747,0.07456118035889267
155,5,400503,flow,6,405843,flow,12,0.0011778023709207747,0.011852099330020373,0.07274713257389527
155,5,400503,flow,7,408093,flow,7,0.0009919591892201547,0.0102739479679479,0.07383387248852126
155,5,400503,flow,8,401448,flow,1,0.00015189487927420105,0.002119121840861102,0.08489913202724693
155,5,400503,flow,8,401448,flow,4,0.00019284998682757423,0.002589716950870751,0.08356473146781566
155,5,400503,flow,9,402391,flow,1,9.492784856330397e-05,0.0014020113018580278,0.08747251980298514
155,5,400503,flow,9,402391,flow,2,0.0015295941825781134,0.014736500599325266,0.07106535302216112
155,5,400503,flow,9,402391,flow,12,0.0009058662675422774,0.009552541526138044,0.07440279046869733
155,5,400503,flow,10,400497,flow,5,0.0008251897806367209,0.00886811437886758,0.07498333655629234
155,5,400503,flow,10,400497,flow,11,3.423659247661349e-11,1.4658283399303298e-09,0.14798140963159423
155,5,400503,flow,10,400497,flow,12,0.0003368329751559607,0.004193424935659222,0.08036978841915014
155,5,400503,flow,12,404520,flow,10,0.00014651107734201535,0.0020509651786050106,0.08509919986779269
155,5,400503,flow,12,404520,flow,11,0.0008343346026760776,0.00895039851889907,0.07491494987860921
155,5,400503,flow,13,400183,flow,2,0.0008574294101172435,0.00915495563941298,0.0747452873901759
155,5,400503,flow,13,400183,flow,6,0.001002848741555379,0.010371813654582803,0.07376519731332823
155,5,400503,flow,13,400183,flow,11,0.0013426640574804138,0.013231483416293974,0.07190841643064907
155,5,400503,flow,13,400183,flow,12,2.401314083135662e-05,0.0004171160771671114,0.0946279884037522
155,5,400503,flow,14,401469,flow,3,0.0028733358434440536,0.024468383291303592,0.06685836652208829
155,5,400503,flow,14,401469,flow,5,0.004129003750135777,0.03265110049530763,0.0643329111912345
155,5,400503,flow,14,401469,flow,6,0.0011654164646304323,0.011752098802995955,0.07281444602787969
155,5,400503,flow,14,401469,flow,12,9.331947974867588e-06,0.0001769710941678138,0.09927024249962808
155,5,400503,flow,15,401472,flow,1,8.348846109398667e-08,2.357321254418447e-06,0.11990338209872994
155,5,400503,flow,15,401472,flow,8,0.006346779281483903,0.04565869094972602,-0.061224954134327665
155,5,400503,flow,15,401472,flow,11,2.625621407894601e-07,6.832942459099202e-06,0.11521688941510305
155,5,400503,flow,15,401472,flow,12,7.133276968967166e-06,0.0001385600562317363,0.10055323986614514
155,5,400503,flow,16,405838,flow,1,0.0001291479409043349,0.0018376782104964648,0.08579519374908226
155,5,400503,flow,16,405838,flow,5,0.005189812214318585,0.03915471317823312,0.062695987396576
155,5,400503,flow,16,405838,flow,6,0.0003161592244387503,0.003966912139341856,0.0807383942191582
155,5,400503,flow,16,405838,flow,7,0.001859281408318331,0.017232558858474984,0.06978637493350415
155,5,400503,flow,16,405838,flow,8,0.0010604622974150044,0.010863640324479059,0.07341294892386328
155,5,400503,flow,16,405838,flow,12,1.3048178681482295e-06,2.977714310829557e-05,0.10833296667768433
155,5,400503,flow,17,400260,flow,1,0.001143446493257398,0.011554827721337918,0.07293548783068875
155,5,400503,flow,17,400260,flow,2,2.987014407604716e-05,0.0005080276472776526,0.0935255699764428
155,5,400503,flow,17,400260,flow,3,0.0006980334004368295,0.0077063743672044546,0.0760150464299261
155,5,400503,flow,17,400260,flow,4,0.002544070468018998,0.022252246247908627,0.06768803066066649
155,5,400503,flow,17,400260,flow,12,0.002707209625756846,0.023331164475668874,0.06726544096622278
155,5,400503,flow,18,404528,flow,1,5.6877773059741185e-05,0.0008909063800510585,0.09020006937678048
155,5,400503,flow,18,404528,flow,2,0.005776323547543366,0.042431079281393204,0.061917008418432964
155,5,400503,flow,19,401795,flow,2,0.0001391374727371558,0.001964935868664639,0.08538474032532122
155,5,400503,flow,19,401795,flow,3,0.00502842125697476,0.03819725660300855,0.06292427846392512
155,5,400503,flow,19,401795,flow,4,0.0010649042218823768,0.010891065905615217,0.07338653113875974
155,5,400503,occupancy,0,400593,flow,2,0.00260463861884201,0.02263991716981385,0.06752832282795203
155,5,400503,occupancy,5,400503,flow,3,0.0006110729095856429,0.0069069465447670775,-0.07682655796275958
155,5,400503,occupancy,6,405843,flow,8,0.002168035360364242,0.019520451764846864,-0.06876522893346734
155,5,400503,occupancy,13,400183,flow,6,0.0030942729924611106,0.025961526587333954,0.06634903442051929
155,5,400503,occupancy,14,401469,flow,3,8.57302999756312e-07,2.0304544731070548e-05,0.11017611776138579
155,5,400503,occupancy,14,401469,flow,6,0.0016445069576273494,0.015627518823031563,0.07059304729316805
155,5,400503,occupancy,17,400260,flow,2,0.0009392701833510141,0.009834336384092052,0.07417633918339164
155,5,400503,occupancy,19,401795,flow,2,0.0009151705446123463,0.00963102741224199,0.07433894825781666
155,5,400503,speed,10,400497,flow,1,0.005748936730396473,0.0422946298966498,0.06195175905289217
155,5,400503,speed,14,401469,flow,3,0.00028173824143803695,0.0035936289775439396,-0.08140533011399348
155,6,405843,flow,0,400593,flow,4,0.0010903609762574207,0.011089116260920148,0.07323706671621064
155,6,405843,flow,0,400593,flow,11,0.004175967268382121,0.03291402773109061,0.06425277666247121
155,6,405843,flow,2,400331,flow,1,0.0014875080439709757,0.014430798899516317,-0.07124653855404009
155,6,405843,flow,3,400039,flow,3,5.281559124124792e-05,0.00083545717379052,0.09058839805067567
155,6,405843,flow,6,405843,flow,1,1.2517616203762336e-107,5.752776808537584e-105,0.4658166153153365
155,6,405843,flow,6,405843,flow,2,6.6827544120637784e-31,9.853071351575264e-29,0.2552201429964173
155,6,405843,flow,6,405843,flow,3,3.0388980155096827e-22,2.950121219550973e-20,0.21522375087509032
155,6,405843,flow,6,405843,flow,4,4.244020515171102e-13,2.1826391220879953e-11,0.16166113973102525
155,6,405843,flow,6,405843,flow,5,5.144072145935488e-16,3.282480305825895e-14,0.18055574149465078
155,6,405843,flow,6,405843,flow,6,1.0805466531947682e-12,5.3654730365533317e-11,0.15884916687943867
155,6,405843,flow,6,405843,flow,7,1.9557183509635414e-13,1.0417636592062267e-11,0.1639551099221125
155,6,405843,flow,6,405843,flow,9,1.4958743994212876e-10,6.084912811205238e-09,0.14309174719112955
155,6,405843,flow,6,405843,flow,10,0.00018661975737396813,0.002517960844519192,0.0837494369880496
155,6,405843,flow,6,405843,flow,11,0.001009294042819116,0.01042100923752051,0.07372487417038977
155,6,405843,flow,6,405843,flow,12,3.421571289556728e-08,1.0350971968406908e-06,0.1234326083641723
155,6,405843,flow,7,408093,flow,1,3.246172686101822e-08,9.861790438790344e-07,0.12357594054381978
155,6,405843,flow,8,401448,flow,1,0.004539689398464224,0.035209081151464,0.0636584186495338
155,6,405843,flow,9,402391,flow,2,0.000504969173820771,0.005907031765247037,0.07795711921134375
155,6,405843,flow,10,400497,flow,5,4.319302461615744e-05,0.0006996395438387706,0.09163480977926543
155,6,405843,flow,10,400497,flow,6,9.98072467368689e-07,2.3356842139938985e-05,0.10951238077907889
155,6,405843,flow,10,400497,flow,10,0.00021091129892783535,0.002806952592015554,0.08305931192686863
155,6,405843,flow,10,400497,flow,11,1.852984888115123e-05,0.0003288781724181319,0.09592200132457095
155,6,405843,flow,10,400497,flow,12,1.1298737489605019e-11,5.095046550636084e-10,0.15155336606182612
155,6,405843,flow,12,404520,flow,6,0.0005187239362551312,0.006036873396072647,0.07781555466687433
155,6,405843,flow,14,401469,flow,1,4.117692454581292e-06,8.489453089047087e-05,0.1031304047152385
155,6,405843,flow,14,401469,flow,2,0.0001801480392873784,0.0024426852784729274,0.08394753909601689
155,6,405843,flow,14,401469,flow,3,3.1535378614667386e-07,8.061114533453439e-06,0.11445038547902543
155,6,405843,flow,14,401469,flow,4,3.4953356644453322e-06,7.305200808129577e-05,0.10388728581257121
155,6,405843,flow,14,401469,flow,6,0.005841869552879893,0.04279965309616683,0.06183443728711558
155,6,405843,flow,14,401469,flow,7,0.0013186474031606193,0.013051737912577917,0.07202447715367719
155,6,405843,flow,14,401469,flow,8,3.434434830371399e-08,1.0382616142200451e-06,0.12341796741866244
155,6,405843,flow,14,401469,flow,9,0.0009770844890154948,0.010149086300906319,0.07392881587589677
155,6,405843,flow,14,401469,flow,10,0.0015345887060393545,0.014774734143280614,0.07104415652151276
155,6,405843,flow,14,401469,flow,11,5.1806328822400236e-08,1.5276678533294812e-06,0.12180372962448262
155,6,405843,flow,15,401472,flow,1,7.088957101216249e-10,2.6816370120187565e-08,0.13774513278983316
155,6,405843,flow,15,401472,flow,4,0.007119431610559297,0.04996092358287226,-0.06037184044958499
155,6,405843,flow,15,401472,flow,6,0.0004958816350861688,0.005811743525697908,0.07808543844933577
155,6,405843,flow,15,401472,flow,11,1.8109700568630067e-05,0.0003224810653606014,0.09603571202355296
155,6,405843,flow,15,401472,flow,12,1.2626358474236325e-09,4.6108088426628e-08,0.13570824737359308
155,6,405843,flow,16,405838,flow,1,4.913894557733807e-08,1.4539742800965785e-06,0.122012468860661
155,6,405843,flow,16,405838,flow,2,5.910018996056146e-05,0.0009227062545342447,0.08999859027338268
155,6,405843,flow,16,405838,flow,4,0.00039018681659672437,0.004740177299487764,0.07950821790209678
155,6,405843,flow,16,405838,flow,5,2.992258829612669e-07,7.689802584132499e-06,0.11467052378787086
155,6,405843,flow,16,405838,flow,6,0.00612057812844348,0.044363922004825224,0.06149239880763952
155,6,405843,flow,16,405838,flow,7,0.005668502774383283,0.04185255851193947,0.062054689661892495
155,6,405843,flow,16,405838,flow,8,2.816758545059298e-05,0.0004828728934387368,0.09382318015559572
155,6,405843,flow,16,405838,flow,11,0.0019771569739798463,0.0181267362639918,0.06937936150473903
155,6,405843,flow,16,405838,flow,12,0.001626942915173592,0.015498111121389014,0.07066323284106613
155,6,405843,flow,17,400260,flow,1,5.227049129136818e-08,1.537158082904769e-06,0.12176847266300246
155,6,405843,flow,17,400260,flow,2,1.523459520575409e-12,7.428154773008766e-11,0.15780275141716715
155,6,405843,flow,17,400260,flow,3,9.656878846638102e-09,3.175291521458536e-07,0.12827531784983362
155,6,405843,flow,17,400260,flow,7,7.819769104190055e-05,0.0011815810608639748,0.08851397870517615
155,6,405843,flow,17,400260,flow,8,0.0053399238433233485,0.03999388176691551,0.062489333875398505
155,6,405843,flow,18,404528,flow,3,0.002132861048482254,0.019259949267231055,0.06887457228942058
155,6,405843,flow,19,401795,flow,1,8.15727799812719e-06,0.0001569685565786613,0.09991461233090315
155,6,405843,flow,19,401795,flow,3,0.00030899987563847895,0.00388837594744605,0.08087131597280275
155,6,405843,flow,19,401795,flow,4,0.001252636816964812,0.012504681015911175,0.0723538162161679
155,6,405843,flow,19,401795,flow,7,0.002515758173609565,0.022031370991269655,0.06776388045505503
155,6,405843,occupancy,0,400593,flow,9,0.005555258254855352,0.04122782281562467,0.0622018620297205
155,6,405843,occupancy,0,400593,flow,10,0.00576026591913469,0.042363549149918044,0.06193736559983759
155,6,405843,occupancy,1,400125,flow,11,2.0981486252193696e-05,0.0003680065798192317,0.0953037480465896
155,6,405843,occupancy,2,400331,flow,1,6.60007626730343e-07,1.5982247463425345e-05,0.11128120176264018
155,6,405843,occupancy,3,400039,flow,1,6.617686838290361e-06,0.00012947648161872448,0.10090877105531079
155,6,405843,occupancy,3,400039,flow,2,2.404278250768815e-05,0.0004172953814110599,0.09462179083549582
155,6,405843,occupancy,3,400039,flow,3,0.0001209279426092193,0.001741943021246507,0.08615601747066616
155,6,405843,occupancy,3,400039,flow,5,0.0002814746626827095,0.0035922320318738706,0.08141072558571412
155,6,405843,occupancy,3,400039,flow,6,0.00375138534067986,0.03022940621476776,0.06500910431841746
155,6,405843,occupancy,3,400039,flow,10,0.0002036633598495954,0.002721391013146465,0.0832570631085019
155,6,405843,occupancy,3,400039,flow,11,7.721028396504946e-08,2.1943975442698267e-06,0.1202166983326169
155,6,405843,occupancy,3,400039,flow,12,1.365630754212049e-06,3.09848994653154e-05,0.1081312738772922
155,6,405843,occupancy,4,400316,flow,10,1.8554541207663517e-06,4.1063328902206146e-05,0.10676472128410906
155,6,405843,occupancy,4,400316,flow,11,2.110960806613144e-05,0.0003698033529833245,0.09527336159149455
155,6,405843,occupancy,4,400316,flow,12,0.0019594689676962255,0.017987475436565436,0.06943899271324191
155,6,405843,occupancy,5,400503,flow,4,0.003129720580941381,0.02619215984050129,0.06627042052282357
155,6,405843,occupancy,5,400503,flow,5,4.734011876429563e-05,0.000758003384217039,0.09115920075997443
155,6,405843,occupancy,5,400503,flow,6,4.926457129856385e-05,0.0007853245314014607,0.09095176934488806
155,6,405843,occupancy,5,400503,flow,9,0.001082351131776871,0.011025128246347753,0.07328374408737098
155,6,405843,occupancy,5,400503,flow,10,2.85994762035058e-05,0.0004893058898976042,0.09374609974801904
155,6,405843,occupancy,5,400503,flow,11,0.00016540345175708937,0.0022748898808997962,0.08442508767607133
155,6,405843,occupancy,5,400503,flow,12,1.8321459309727671e-06,4.060990467830864e-05,0.10682141056633665
155,6,405843,occupancy,6,405843,flow,1,0.0017902638704756445,0.016730895327881082,-0.07003582201239426
155,6,405843,occupancy,6,405843,flow,2,5.50282653377759e-36,9.286019775749683e-34,0.27574321068204627
155,6,405843,occupancy,6,405843,flow,3,6.546689473255318e-30,9.12312855627838e-28,0.25099759050320425
155,6,405843,occupancy,6,405843,flow,4,2.139398997555744e-28,2.861363365151955e-26,0.2443879526151886
155,6,405843,occupancy,6,405843,flow,5,1.1935997763028547e-21,1.113682728645428e-19,0.21217583070763554
155,6,405843,occupancy,6,405843,flow,6,1.3459654087042913e-21,1.250445282925277e-19,0.21190592491274957
155,6,405843,occupancy,6,405843,flow,7,1.4024623177496703e-14,8.154289653672377e-13,0.1715229304080776
155,6,405843,occupancy,6,405843,flow,8,2.6038184037036655e-05,0.0004488625500398977,0.09422044211101883
155,6,405843,occupancy,6,405843,flow,9,1.7548333493196695e-18,1.3417486847895526e-16,0.19506758246047118
155,6,405843,occupancy,6,405843,flow,10,6.098022857261755e-13,3.0919552515693405e-11,0.16057648524225507
155,6,405843,occupancy,6,405843,flow,11,4.858003053630824e-12,2.2421552555219189e-10,0.15421712451966074
155,6,405843,occupancy,6,405843,flow,12,1.6364770075367555e-14,9.489370030280246e-13,0.1710892124236424
155,6,405843,occupancy,7,408093,flow,3,6.199365417330888e-06,0.00012240063346832466,0.10121725734512818
155,6,405843,occupancy,7,408093,flow,4,7.112008268988608e-05,0.0010871859774250101,0.08901953163012469
155,6,405843,occupancy,8,401448,flow,1,0.0013021277237011896,0.012922563212472178,0.07210544551626318
155,6,405843,occupancy,8,401448,flow,4,0.000451970605603272,0.0053699477893458065,0.07863849215902947
155,6,405843,occupancy,8,401448,flow,11,0.005662792216021913,0.04182469203832222,0.062062047360049166
155,6,405843,occupancy,9,402391,flow,2,2.37110438505202e-06,5.139573980644619e-05,-0.10565932982432878
155,6,405843,occupancy,10,400497,flow,3,0.0011709163790728145,0.011793795191407224,0.07278447460607748
155,6,405843,occupancy,10,400497,flow,4,4.724981632124403e-06,9.605609718012905e-05,0.1024908979295254
155,6,405843,occupancy,10,400497,flow,5,4.481444856127138e-07,1.1151982591284122e-05,0.11296613108663135
155,6,405843,occupancy,10,400497,flow,9,6.184865958963303e-12,2.8424064832682413e-10,0.15345981465858283
155,6,405843,occupancy,10,400497,flow,10,5.2711734242944735e-22,5.0268143913801605e-20,0.21400232339365682
155,6,405843,occupancy,10,400497,flow,11,5.44831312604401e-17,3.839594242171309e-15,0.18643243911467636
155,6,405843,occupancy,10,400497,flow,12,1.5258468854160424e-07,4.143091480199436e-06,0.11745943890779427
155,6,405843,occupancy,11,405841,flow,1,0.0009635876949100658,0.010035828488332517,-0.07401612876162757
155,6,405843,occupancy,11,405841,flow,5,0.00516281917454386,0.03902603470521343,0.06273371908528565
155,6,405843,occupancy,12,404520,flow,5,3.508745404305427e-05,0.0005832158578914753,0.09270466589312922
155,6,405843,occupancy,12,404520,flow,6,7.424201029601825e-05,0.001128520353549609,0.08879092749646247
155,6,405843,occupancy,12,404520,flow,8,0.005541485827474872,0.041146818107066774,0.0622199447419619
155,6,405843,occupancy,12,404520,flow,9,0.0006261919561713059,0.007042976019260457,0.07667805876256134
155,6,405843,occupancy,12,404520,flow,10,7.196996951326054e-09,2.398998983775351e-07,0.12937542623028805
155,6,405843,occupancy,12,404520,flow,11,1.0472578358373379e-07,2.924469198976923e-06,0.11899054154267193
155,6,405843,occupancy,12,404520,flow,12,0.005378924746765115,0.04019538990836412,0.06243650122027958
155,6,405843,occupancy,13,400183,flow,4,5.1089773487331095e-05,0.0008111276055320483,0.09076200959574565
155,6,405843,occupancy,13,400183,flow,10,0.0006930454771614764,0.007666981975256283,0.0760589818290063
155,6,405843,occupancy,13,400183,flow,11,5.591987347172894e-06,0.00011147847411069175,0.10170258925195055
155,6,405843,occupancy,13,400183,flow,12,1.9887829078872915e-05,0.000350818381464806,0.09557055933510089
155,6,405843,occupancy,14,401469,flow,1,1.1385618914312153e-15,7.180419519682992e-14,0.17842784415132318
155,6,405843,occupancy,14,401469,flow,2,3.6582255602258713e-09,1.2552449896883053e-07,0.131873195303546
155,6,405843,occupancy,14,401469,flow,3,4.937237074469051e-09,1.6781167711806685e-07,0.1307722626455247
155,6,405843,occupancy,14,401469,flow,4,3.038885084090859e-05,0.0005160370897512779,0.09343809779721468
155,6,405843,occupancy,14,401469,flow,5,0.0006429919187025422,0.007201776221921136,0.07651690969616556
155,6,405843,occupancy,14,401469,flow,6,3.8354988294293125e-08,1.1514492663748873e-06,0.12298628066022481
155,6,405843,occupancy,14,401469,flow,7,2.3839966916063123e-09,8.373061551007537e-08,0.13342998756044788
155,6,405843,occupancy,14,401469,flow,8,6.883410769608166e-17,4.8039312640884126e-15,0.1858294723673925
155,6,405843,occupancy,14,401469,flow,9,1.8581660341172145e-05,0.00032966231077562083,0.09590814921192449
155,6,405843,occupancy,14,401469,flow,10,1.5598052073325077e-09,5.619982064784348e-08,0.13495483429908217
155,6,405843,occupancy,14,401469,flow,11,3.553184098265886e-11,1.5182745108317138e-09,0.14786026167342947
155,6,405843,occupancy,14,401469,flow,12,7.150442217509179e-05,0.0010926745801075222,0.0889908819315592
155,6,405843,occupancy,15,401472,flow,1,5.229556323118629e-05,0.0008281185360738104,0.09064013870016904
155,6,405843,occupancy,15,401472,flow,3,0.003038794684055569,0.025604823552018843,-0.06647373419528188
155,6,405843,occupancy,15,401472,flow,5,0.00439017706572793,0.03424005221871215,0.0638973213382983
155,6,405843,occupancy,15,401472,flow,10,8.202569700052657e-12,3.726088444187958e-10,0.15256953685265318
155,6,405843,occupancy,15,401472,flow,11,1.0049891650881851e-25,1.1765726810788507e-23,0.23221506040565348
155,6,405843,occupancy,15,401472,flow,12,2.3317756762734576e-15,1.4473090404455943e-13,0.17648506568788086
155,6,405843,occupancy,16,405838,flow,1,1.9063426853046633e-08,5.95043381540184e-07,0.12569441564036415
155,6,405843,occupancy,16,405838,flow,2,1.6559148584317837e-06,3.7058046837792566e-05,0.10727390851915472
155,6,405843,occupancy,16,405838,flow,3,0.00017136896843070166,0.002342765644369086,0.08422723694954545
155,6,405843,occupancy,16,405838,flow,4,6.215594024828864e-07,1.5119012492826965e-05,0.11156752181131831
155,6,405843,occupancy,16,405838,flow,5,3.2282809082483197e-10,1.258679920905482e-08,0.14047355005107295
155,6,405843,occupancy,16,405838,flow,6,4.6935388727196954e-05,0.0007529182298607161,0.09120384072664123
155,6,405843,occupancy,16,405838,flow,7,0.0026163194231436787,0.022714027146263447,0.06749791338943455
155,6,405843,occupancy,16,405838,flow,8,7.346623220477329e-06,0.0001421927074931096,0.10041326243535631
155,6,405843,occupancy,16,405838,flow,10,0.00019217732095186906,0.002582289351515006,0.08358440172602451
155,6,405843,occupancy,16,405838,flow,11,1.277860321453463e-08,4.0852977402489e-07,0.12721856997818376
155,6,405843,occupancy,16,405838,flow,12,1.2578094877476995e-07,3.4698192765453777e-06,0.11824768603112785
155,6,405843,occupancy,17,400260,flow,1,1.831647704603501e-24,2.0446299958364662e-22,0.22622089710027046
155,6,405843,occupancy,17,400260,flow,2,1.256836398545689e-19,1.0381516714564772e-17,0.20143031435544448
155,6,405843,occupancy,17,400260,flow,3,1.3608832171354862e-08,4.3196293152279943e-07,0.12697990393134467
155,6,405843,occupancy,17,400260,flow,4,8.901564864815803e-05,0.0013269263331451816,0.08781920172648275
155,6,405843,occupancy,17,400260,flow,5,2.4540617787542553e-06,5.2981243799192314e-05,0.10550344028630136
155,6,405843,occupancy,17,400260,flow,6,1.1760688436948635e-05,0.0002179587046229863,0.0981530454911947
155,6,405843,occupancy,17,400260,flow,7,7.390331153619426e-06,0.00014297461076415548,0.10038506547234224
155,6,405843,occupancy,17,400260,flow,11,3.843896570143608e-06,7.971979444560917e-05,0.10344885610087769
155,6,405843,occupancy,17,400260,flow,12,6.485260355380781e-12,2.9741321374994663e-10,0.1533106340951843
155,6,405843,occupancy,18,404528,flow,1,6.071100529513565e-07,1.4792529208967062e-05,0.11166864911183014
155,6,405843,occupancy,18,404528,flow,2,0.0002054595969795336,0.0027411533630376317,0.08320744659682344
155,6,405843,occupancy,18,404528,flow,3,0.00012659022184922055,0.0018042552239809725,0.08590509122268056
155,6,405843,occupancy,18,404528,flow,10,0.0008488108153464602,0.00908339549731785,0.07480810158226482
155,6,405843,occupancy,18,404528,flow,12,0.0007812593910368772,0.008465113040580159,0.07532197988583365
155,6,405843,occupancy,19,401795,flow,1,4.459582707683738e-15,2.6646469290724406e-13,0.17470851159003212
155,6,405843,occupancy,19,401795,flow,2,9.237771286322366e-06,0.00017534267329921222,0.09931896128539108
155,6,405843,occupancy,19,401795,flow,3,4.992422270659753e-06,0.00010092308942091778,0.10223390287767223
155,6,405843,occupancy,19,401795,flow,4,7.125837126279425e-06,0.00013854581266277728,0.10055819304916533
155,6,405843,occupancy,19,401795,flow,6,0.0019462610032823248,0.01788142818838716,0.06948384334372532
155,6,405843,occupancy,19,401795,flow,11,0.004185295360642767,0.03295748442941442,0.06423695732214882
155,6,405843,occupancy,19,401795,flow,12,2.892089748681724e-06,6.145512894395007e-05,0.1047559074401981
155,6,405843,speed,10,400497,flow,7,0.006518337326610077,0.04657495410346598,0.06102777304813102
155,6,405843,speed,13,400183,flow,11,0.0028220199257783037,0.024121737394860055,-0.06698176650185182
155,6,405843,speed,15,401472,flow,8,0.0012394826397539266,0.012403439897468062,0.07242135307609641
155,7,408093,flow,0,400593,flow,3,0.006030483727107286,0.04382854929526157,0.061601403469188035
155,7,408093,flow,0,400593,flow,6,0.0056035212922261116,0.041472009563845814,-0.06213881177881548
155,7,408093,flow,2,400331,flow,3,4.331163904691182e-05,0.0007010351468065158,0.09162061598625308
155,7,408093,flow,3,400039,flow,2,0.0013393666865648625,0.013219246255335174,0.07192423711148987
155,7,408093,flow,3,400039,flow,6,0.0024763643545033342,0.02175077796339241,0.06787072668863901
155,7,408093,flow,5,400503,flow,1,0.0026131462294967122,0.022695600545689178,0.0675061620924208
155,7,408093,flow,5,400503,flow,9,0.0002129893382206762,0.0028311198188102193,0.08300379131412303
155,7,408093,flow,5,400503,flow,10,0.0034641393456823185,0.028364446499900716,0.06556622037378254
155,7,408093,flow,5,400503,flow,11,0.0017293798510717169,0.016301376732772894,0.07026331674546694
155,7,408093,flow,6,405843,flow,2,1.9395152664430698e-07,5.163529029144691e-06,0.11644427715952657
155,7,408093,flow,6,405843,flow,4,0.0004293501906764627,0.005135085336994238,0.0789432608521193
155,7,408093,flow,7,408093,flow,1,5.3538558481005085e-17,3.779192363365065e-15,0.18643129657951488
155,7,408093,flow,7,408093,flow,2,2.17835435601963e-17,1.5658054605665228e-15,0.1887304782952634
155,7,408093,flow,7,408093,flow,3,2.3878334919985887e-21,2.190114795208897e-19,0.2105609989387184
155,7,408093,flow,7,408093,flow,4,1.1075964294021055e-10,4.5526323263721174e-09,0.14410171448661863
155,7,408093,flow,7,408093,flow,5,2.852679536769455e-11,1.2298977643556932e-09,0.14857520516416559
155,7,408093,flow,7,408093,flow,6,3.472162025508255e-06,7.263796586051168e-05,0.10391790101023185
155,7,408093,flow,7,408093,flow,7,4.523854420231422e-07,1.1238097237147638e-05,0.1129260921046741
155,7,408093,flow,7,408093,flow,8,2.128773047863893e-06,4.668172368919807e-05,0.10614664346375681
155,7,408093,flow,7,408093,flow,10,2.9957115774556397e-06,6.346971071411654e-05,0.1045950215608023
155,7,408093,flow,7,408093,flow,11,0.0017858358646652551,0.016705956984309014,0.07005212584552797
155,7,408093,flow,7,408093,flow,12,3.379168745569132e-05,0.0005650664027604482,0.09289714676836609
155,7,408093,flow,9,402391,flow,1,0.0006515868328770413,0.007277288309278228,0.07641676838239188
155,7,408093,flow,9,402391,flow,2,0.002107037152230166,0.01907460288691181,0.06895590564496254
155,7,408093,flow,9,402391,flow,9,0.0009532083424978641,0.009951329240190364,0.07408404770871552
155,7,408093,flow,10,400497,flow,1,0.0068112795218938016,0.048205647992433195,0.06070161291712747
155,7,408093,flow,10,400497,flow,2,0.0031347159178012245,0.02622888391419967,0.0662594073909664
155,7,408093,flow,10,400497,flow,6,0.006103036511753095,0.04425905276275536,0.061513508568787297
155,7,408093,flow,10,400497,flow,7,0.00022724029286157188,0.0029947469956131496,0.0826361890590246
155,7,408093,flow,11,405841,flow,1,0.003712432283519413,0.029988233853410366,0.06508233381009225
155,7,408093,flow,11,405841,flow,4,0.0014745507916767886,0.014327619028438432,0.07130327164382831
155,7,408093,flow,11,405841,flow,6,0.00016535655056269498,0.0022748898808997962,0.08442666960256454
155,7,408093,flow,11,405841,flow,12,1.0528318807818398e-05,0.0001972347669114288,0.09868913883072301
155,7,408093,flow,12,404520,flow,1,0.0037990484068316224,0.030536396555266916,0.06492043424933121
155,7,408093,flow,13,400183,flow,1,0.0013047349634946028,0.01294249148632993,0.07209260384921728
155,7,408093,flow,13,400183,flow,3,0.00010487651421632285,0.0015357533367476182,0.08693270170907265
155,7,408093,flow,13,400183,flow,4,3.827627494975116e-06,7.942051286403699e-05,0.10346845610898107
155,7,408093,flow,13,400183,flow,5,0.003919607936157361,0.03129890255859483,0.06470058072811768
155,7,408093,flow,13,400183,flow,8,1.3578021617777704e-05,0.00024812628337055704,0.09745304105787986
155,7,408093,flow,13,400183,flow,9,0.004653464063865684,0.03590456287890651,0.06348134648713583
155,7,408093,flow,14,401469,flow,7,0.002038904177330272,0.018590261811031603,0.0691749608305029
155,7,408093,flow,15,401472,flow,1,0.0012622781058914216,0.012582006039342274,0.07230472972349292
155,7,408093,flow,15,401472,flow,2,0.0004999675068618843,0.0058564523580350875,0.0780363242513152
155,7,408093,flow,15,401472,flow,3,0.0005001098837861257,0.005856532116985803,0.07803461956141598
155,7,408093,flow,15,401472,flow,6,0.0017888036047500199,0.01673009649820326,0.07004119458584569
155,7,408093,flow,15,401472,flow,8,0.00627350827023251,0.04526733877969674,0.06131063260377175
155,7,408093,flow,16,405838,flow,9,0.0016260640355033687,0.015493155344893147,0.07066676310201463
155,7,408093,flow,17,400260,flow,9,0.006088276542435959,0.04416684242371678,0.061531313214147246
155,7,408093,flow,18,404528,flow,1,0.002625223984630279,0.022777601152044195,0.06747481473245842
155,7,408093,flow,18,404528,flow,3,0.0001402719094015938,0.0019770787883030515,0.08533989592466937
155,7,408093,occupancy,2,400331,flow,1,0.002453548583537231,0.021587229899960973,0.067933321746694
155,7,408093,occupancy,2,400331,flow,3,0.006783092073762442,0.04804551198336407,0.06073244290189301
155,7,408093,occupancy,3,400039,flow,1,0.004273735225978446,0.03350143257213374,0.06408854123795375
155,7,408093,occupancy,3,400039,flow,2,6.821159114319222e-05,0.0010467995514692376,0.08924120806117547
155,7,408093,occupancy,3,400039,flow,5,0.00016569656753686135,0.0022775604393827924,0.08441521074074317
155,7,408093,occupancy,3,400039,flow,6,0.0005287064847614735,0.006126641668909779,0.077701070715723
155,7,408093,occupancy,3,400039,flow,8,0.0001988607884963419,0.002663809631950998,0.08339176746405977
155,7,408093,occupancy,4,400316,flow,12,0.004173868034490476,0.03290348523539938,0.06425634112992257
155,7,408093,occupancy,5,400503,flow,1,8.330039136688038e-05,0.0012521144422579097,0.08817565011928877
155,7,408093,occupancy,5,400503,flow,2,5.272931285378784e-05,0.0008343979176863132,0.0905969489246819
155,7,408093,occupancy,5,400503,flow,3,0.0008023421067465435,0.00865880065237339,0.07515731578409182
155,7,408093,occupancy,5,400503,flow,4,0.005143377297456338,0.038926751795745236,0.06276100604528295
155,7,408093,occupancy,5,400503,flow,6,1.6350990529074877e-05,0.00029370594214388136,0.09654069436146524
155,7,408093,occupancy,5,400503,flow,8,0.007004189053264017,0.04935471944839289,0.060493641116030485
155,7,408093,occupancy,5,400503,flow,9,0.0012948002686837465,0.012873503246752094,0.07214166345759362
155,7,408093,occupancy,5,400503,flow,10,0.0002327178995918016,0.0030501860626109918,0.08250062413902531
155,7,408093,occupancy,5,400503,flow,11,0.0009556304874019368,0.009974205618691391,0.074068137007865
155,7,408093,occupancy,6,405843,flow,1,0.005346229593184869,0.04002723022973767,0.062480768230207075
155,7,408093,occupancy,6,405843,flow,3,0.002459945795669109,0.021639107793301877,0.06791571748411591
155,7,408093,occupancy,6,405843,flow,4,2.603539620587758e-07,6.783649674872808e-06,0.11525210625893514
155,7,408093,occupancy,6,405843,flow,6,9.219338541864924e-07,2.1633646116706397e-05,0.1098592870849568
155,7,408093,occupancy,6,405843,flow,7,0.0019812089909047245,0.018156179127510417,0.06936576993389336
155,7,408093,occupancy,6,405843,flow,8,5.5525574330996215e-05,0.0008725735944339892,0.09032633451919796
155,7,408093,occupancy,6,405843,flow,9,0.00026398260737113614,0.0033950725330256274,0.08177980767186062
155,7,408093,occupancy,6,405843,flow,10,0.0005534894885972034,0.006352482972210198,0.07742532423766141
155,7,408093,occupancy,6,405843,flow,11,0.00023863000185996483,0.00311350530968,0.08235762320229617
155,7,408093,occupancy,7,408093,flow,1,6.432055905086324e-05,0.0009952178191251046,-0.08955217776384082
155,7,408093,occupancy,7,408093,flow,2,1.7545144654388193e-06,3.9029364009761585e-05,0.10701534821326258
155,7,408093,occupancy,7,408093,flow,3,0.0024635638567569386,0.021666522518709232,-0.06790577959301854
155,7,408093,occupancy,7,408093,flow,4,3.4109137391354514e-05,0.0005694837800760418,0.09284935119317292
155,7,408093,occupancy,7,408093,flow,5,5.023823625545001e-05,0.0007993708310259449,0.09084972792919871
155,7,408093,occupancy,7,408093,flow,7,7.5120126660484e-05,0.0011402633421408674,0.08872826397968861
155,7,408093,occupancy,7,408093,flow,12,0.0006140522181655066,0.006931553651620038,0.07679702696472575
155,7,408093,occupancy,8,401448,flow,12,0.005762323417248547,0.04236425657337257,0.0619347543368341
155,7,408093,occupancy,9,402391,flow,1,6.68945711254094e-05,0.001029513884081826,0.08934454218318763
155,7,408093,occupancy,9,402391,flow,2,0.002264856584837519,0.020198555835049717,0.06847243296030706
155,7,408093,occupancy,10,400497,flow,1,0.00021202067695219668,0.002819979447147444,0.08302960825569691
155,7,408093,occupancy,10,400497,flow,2,1.9656603730733706e-05,0.0003470230000685313,0.09562875419000899
155,7,408093,occupancy,10,400497,flow,3,0.004314909169814281,0.03376273793442799,0.06402039217888708
155,7,408093,occupancy,10,400497,flow,6,0.000506667332473114,0.0059220857042312025,0.07795659259649843
155,7,408093,occupancy,10,400497,flow,7,0.00041455478496636467,0.004987125232678071,0.07915081304031539
155,7,408093,occupancy,10,400497,flow,8,0.0007178448794066012,0.007892822293297321,0.07584337049569242
155,7,408093,occupancy,10,400497,flow,12,3.068488600293153e-05,0.0005202461049162645,0.09338880928897604
155,7,408093,occupancy,11,405841,flow,4,0.0014851317942367777,0.014414220065385036,0.07125690876003073
155,7,408093,occupancy,11,405841,flow,12,0.002612555275488865,0.022695030746253564,0.06750769928543561
155,7,408093,occupancy,12,404520,flow,1,8.599542810373697e-05,0.0012890362574883543,0.08800478095259802
155,7,408093,occupancy,12,404520,flow,7,0.00552008744596894,0.04102040138828114,0.06224812062255973
155,7,408093,occupancy,12,404520,flow,9,0.002112941768088557,0.019116038613911132,0.06893722859975387
155,7,408093,occupancy,12,404520,flow,10,0.006004262506870323,0.043682071454496124,0.06163340377667115
155,7,408093,occupancy,12,404520,flow,12,0.00024831865510478913,0.003217566256906686,0.08213030513560582
155,7,408093,occupancy,13,400183,flow,1,1.6904322654231135e-05,0.00030263851581549317,0.09637645464536516
155,7,408093,occupancy,13,400183,flow,2,0.0016974933831828147,0.016063902333734413,0.07038541411407306
155,7,408093,occupancy,13,400183,flow,3,4.509405473212168e-06,9.197654222982324e-05,0.10270839926580666
155,7,408093,occupancy,13,400183,flow,4,2.460044240082526e-07,6.433045470433724e-06,0.11548823563964977
155,7,408093,occupancy,13,400183,flow,5,0.0031819827803839986,0.02652675725831508,0.06615598293902185
155,7,408093,occupancy,13,400183,flow,7,0.00042066555631698274,0.005050010185475916,0.07906426538165465
155,7,408093,occupancy,13,400183,flow,8,9.01978122911876e-05,0.0013404009256894752,0.08774817751906859
155,7,408093,occupancy,13,400183,flow,9,0.006418318239767042,0.04601250380981351,0.061142154953183946
155,7,408093,occupancy,13,400183,flow,10,0.0007418212717564997,0.00811138786464745,0.07564139158411953
155,7,408093,occupancy,14,401469,flow,1,2.723527633348147e-05,0.00046800474845123285,0.09399347299484011
155,7,408093,occupancy,14,401469,flow,2,7.144278284649176e-08,2.0425732752934773e-06,0.12052706896645693
155,7,408093,occupancy,14,401469,flow,3,0.0017569699396958278,0.016521789594005173,0.07015932879027234
155,7,408093,occupancy,14,401469,flow,4,4.166219060045037e-05,0.0006771281542285387,0.09182138681846558
155,7,408093,occupancy,14,401469,flow,5,0.0005758376041126242,0.0065723076612061735,0.07718635211291204
155,7,408093,occupancy,14,401469,flow,7,2.7683379463792247e-06,5.9057876189423466e-05,0.10495545183730695
155,7,408093,occupancy,14,401469,flow,8,0.0008985470626440751,0.009493087088829554,0.07445344009236901
155,7,408093,occupancy,14,401469,flow,9,0.000426649534575263,0.0051056121589061945,0.07898064301395304
155,7,408093,occupancy,14,401469,flow,10,9.991232980609226e-06,0.00018831643314237283,0.09894177587212326
155,7,408093,occupancy,14,401469,flow,11,8.463289631263412e-07,2.0077655797395905e-05,0.11023218698127653
155,7,408093,occupancy,14,401469,flow,12,8.900996337496519e-07,2.0968507855355764e-05,0.11001257605075061
155,7,408093,occupancy,15,401472,flow,2,2.1814000215610253e-05,0.0003815242142973129,0.09510937247819812
155,7,408093,occupancy,15,401472,flow,3,8.723216878777518e-06,0.00016696402600416632,0.09959382157840373
155,7,408093,occupancy,15,401472,flow,5,0.0026635477111203788,0.02300845053397328,0.06737621179328161
155,7,408093,occupancy,15,401472,flow,6,0.0007881402138559864,0.008531109305582214,0.0752677896819001
155,7,408093,occupancy,15,401472,flow,8,0.006220612990613469,0.044980973696118386,0.061373046219026256
155,7,408093,occupancy,15,401472,flow,9,0.0069080432105670725,0.04879454981957121,0.060596642276717586
155,7,408093,occupancy,16,405838,flow,2,0.00033735315754787734,0.0041962730797778,0.08036078938595353
155,7,408093,occupancy,16,405838,flow,5,5.435237082529122e-05,0.000856081825853521,0.09043826642902392
155,7,408093,occupancy,16,405838,flow,6,4.2139223614317077e-05,0.0006838521638386543,0.09176255877902623
155,7,408093,occupancy,16,405838,flow,9,1.1477256562184982e-06,2.6571140594126006e-05,0.10889904006682688
155,7,408093,occupancy,16,405838,flow,11,0.005753418223089578,0.042320392855009326,0.06194606237484112
155,7,408093,occupancy,17,400260,flow,2,0.006839987943468009,0.048377124943978056,0.060670330653528275
155,7,408093,occupancy,17,400260,flow,4,0.001349650583129258,0.013281299587969007,0.07187501330442529
155,7,408093,occupancy,17,400260,flow,6,0.0006189953447553192,0.006978235619371031,0.07674832317358017
155,7,408093,occupancy,17,400260,flow,9,0.00039568946130631337,0.004793545913750067,0.07942572495579109
155,7,408093,occupancy,18,404528,flow,1,2.6636161095174937e-05,0.00045862182515406827,0.09410585373330271
155,7,408093,occupancy,18,404528,flow,2,0.0055891940374850286,0.04139433951986169,0.06215747746769943
155,7,408093,occupancy,18,404528,flow,3,0.004415332304912769,0.03438206380304373,0.0638566158055986
155,7,408093,occupancy,18,404528,flow,11,0.003537256002186803,0.028891937851100377,0.06542053547929966
155,7,408093,occupancy,19,401795,flow,1,0.0015545988639810453,0.014932838230383723,0.07095986625623871
155,7,408093,occupancy,19,401795,flow,10,0.00015459072985695075,0.00214875145747113,0.08480144504478358
155,7,408093,speed,0,400593,flow,5,0.00598883140138405,0.04363968869707496,-0.06165229471254328
155,8,401448,flow,3,400039,flow,7,0.004661608690958112,0.035954560872949556,0.0634688214391374
155,8,401448,flow,5,400503,flow,5,0.0011841500105691048,0.011904882582402914,0.07271288809902403
155,8,401448,flow,6,405843,flow,11,0.0014210930946029023,0.013882547247234395,0.07154229727010868
155,8,401448,flow,8,401448,flow,1,2.0044797243632883e-137,1.1101733858012058e-134,0.5188240191558716
155,8,401448,flow,8,401448,flow,2,6.3648451696691574e-15,3.771760100544686e-13,0.17368279032766737
155,8,401448,flow,8,401448,flow,3,0.002944092640697279,0.024957771208422772,0.0666914734471405
155,8,401448,flow,8,401448,flow,5,0.004076095877768903,0.032309604021948,0.06442418469662438
155,8,401448,flow,12,404520,flow,6,0.0048725072663790584,0.03720260054923565,0.0631511978896949
155,8,401448,flow,14,401469,flow,2,0.0001257842152870419,0.001796323338975276,0.08594015648402929
155,8,401448,flow,14,401469,flow,6,0.005559025550210295,0.04124869525405097,0.06219692274479859
155,8,401448,flow,15,401472,flow,3,0.004313996803475591,0.0337617141141568,-0.06402189588675761
155,8,401448,flow,16,405838,flow,3,0.0005113321289503434,0.0059620912201497536,0.0779016568478096
155,8,401448,flow,16,405838,flow,12,0.003330079073480435,0.027496065744333865,0.06584075597290341
155,8,401448,flow,17,400260,flow,1,0.000125191095819513,0.0017908130262923713,0.08596609553469246
155,8,401448,flow,17,400260,flow,12,0.00042297495482750467,0.005070957081954161,0.07903186224922949
155,8,401448,flow,19,401795,flow,2,1.177250834031884e-05,0.00021808420253077783,0.0981481679858551
155,8,401448,occupancy,0,400593,flow,4,0.000770557378398831,0.00838490648534748,0.07540715019682172
155,8,401448,occupancy,1,400125,flow,3,0.0063653560610964005,0.04575430646245665,-0.06120337302166544
155,8,401448,occupancy,5,400503,flow,10,0.0032288559244738734,0.026844991519875162,0.06605479258859848
155,8,401448,occupancy,6,405843,flow,4,0.0008252273102557331,0.00886811437886758,0.07498305447005897
155,8,401448,occupancy,6,405843,flow,7,2.427940097923535e-05,0.00042089491264164005,0.09457257679208583
155,8,401448,occupancy,6,405843,flow,11,0.0007736457417025559,0.008414273927882784,0.07538245986350298
155,8,401448,occupancy,8,401448,flow,1,6.370572662046958e-08,1.845799725019642e-06,0.12098389237403323
155,8,401448,occupancy,8,401448,flow,2,0.00041021285478005877,0.00494039457108964,-0.07921303491120593
155,8,401448,occupancy,10,400497,flow,6,0.0063666643845079205,0.045756097389908865,0.061201855245124365
155,8,401448,occupancy,14,401469,flow,3,0.004929800159118406,0.0375537589268057,0.06306706035281075
155,8,401448,occupancy,15,401472,flow,6,0.00544544549205736,0.0405591802167031,0.06234718109256828
155,8,401448,occupancy,15,401472,flow,7,3.4303353877939674e-05,0.0005723850473259923,0.09282031749526663
155,8,401448,occupancy,19,401795,flow,3,0.004427533244375075,0.03444434290599734,0.06383694815781144
155,8,401448,occupancy,19,401795,flow,4,0.0029970608432827285,0.025322321226249535,-0.06656891524310872
155,8,401448,speed,6,405843,flow,7,0.0005361992811447637,0.006184512841699672,-0.07761645515808475
155,8,401448,speed,8,401448,flow,1,0.0005898602824051674,0.006704015837911926,-0.07704077394233112
155,8,401448,speed,8,401448,flow,2,0.0027487989520352195,0.023604514630272883,0.06716143489124353
155,8,401448,speed,15,401472,flow,7,0.0019167546042872085,0.01767136477619697,-0.06958505637163376
155,8,401448,speed,15,401472,flow,10,0.004169386365314182,0.032880155345303516,0.06426395637823928
155,8,401448,speed,19,401795,flow,3,0.0007583993598607515,0.008271358835138718,-0.07550524970438736
155,9,402391,flow,1,400125,flow,1,0.0001049974368892675,0.0015365478569161098,0.08692644248300872
155,9,402391,flow,3,400039,flow,1,0.0002575087287193592,0.0033256732677657153,0.08192224053240822
155,9,402391,flow,3,400039,flow,2,0.0007808044613228832,0.008462306254176757,0.07532557828660603
155,9,402391,flow,4,400316,flow,11,0.005497246875319615,0.04089565438501935,0.0622783043648329
155,9,402391,flow,5,400503,flow,1,6.0210999249813856e-05,0.0009380148458679981,0.08990055967797517
155,9,402391,flow,5,400503,flow,2,0.0007742803936742942,0.008419056885660588,0.07537739738079015
155,9,402391,flow,5,400503,flow,3,3.2570230315680605e-05,0.0005474840270962653,0.0930851144234731
155,9,402391,flow,5,400503,flow,5,0.00023962042832476515,0.0031205349241200664,0.08233399235373623
155,9,402391,flow,5,400503,flow,7,2.884853917666059e-05,0.0004927864343344157,0.0937021501673334
155,9,402391,flow,5,400503,flow,8,0.002105791263717739,0.019067319763698666,0.06895985267476136
155,9,402391,flow,5,400503,flow,9,0.006113393343473292,0.044326719106754994,0.061501038459532475
155,9,402391,flow,5,400503,flow,10,9.525313751429622e-05,0.0014063347712295273,0.08745404213629347
155,9,402391,flow,5,400503,flow,12,0.00038907250966083254,0.004729300061155872,0.0795250552162178
155,9,402391,flow,6,405843,flow,1,0.00023458905096914159,0.003069123864890041,0.08245500013071959
155,9,402391,flow,6,405843,flow,4,0.0016736355084826355,0.015855494290888127,0.07047815547012087
155,9,402391,flow,6,405843,flow,6,7.034198096503278e-05,0.001076052966603901,0.08907798426745187
155,9,402391,flow,6,405843,flow,9,0.003160061365586014,0.026392932034199682,0.06620377386661211
155,9,402391,flow,6,405843,flow,11,0.003909740898507426,0.031235215049704723,0.0647183420379819
155,9,402391,flow,6,405843,flow,12,0.0015645379344424665,0.015006225303711047,0.07091836962409331
155,9,402391,flow,7,408093,flow,10,0.0035806837296639684,0.029125501246748904,0.06533529660154691
155,9,402391,flow,8,401448,flow,1,0.0008307147898788257,0.008915994763419944,0.0749419360325639
155,9,402391,flow,8,401448,flow,3,0.006724133962942596,0.0476982901804795,0.060797302034803886
155,9,402391,flow,8,401448,flow,4,0.001737344754678107,0.01635860797778863,0.07023314115931924
155,9,402391,flow,9,402391,flow,1,1.0576752126182921e-111,5.02105155880332e-109,0.4736379199969551
155,9,402391,flow,9,402391,flow,2,1.5135832360536815e-17,1.0970938892201182e-15,0.18965308184526483
155,9,402391,flow,9,402391,flow,3,4.680286217787938e-05,0.0007510711909674552,0.09121853712036475
155,9,402391,flow,9,402391,flow,4,1.7611137583687346e-12,8.538733373909016e-11,0.157359050354734
155,9,402391,flow,9,402391,flow,6,0.0023264457686659693,0.020628583170437167,0.06829208950112282
155,9,402391,flow,9,402391,flow,7,0.001798045903146551,0.016787461209408043,0.07000725825133157
155,9,402391,flow,9,402391,flow,10,0.004598025290480883,0.035540292100335324,0.0635671327299035
155,9,402391,flow,9,402391,flow,12,0.0019223384275444742,0.01769582898395672,0.06956579354216562
155,9,402391,flow,10,400497,flow,1,0.0019219776345031434,0.01769582898395672,0.06956703663770207
155,9,402391,flow,10,400497,flow,5,0.0021436721542156777,0.019333327152842854,0.0688407899664473
155,9,402391,flow,10,400497,flow,6,0.0008451131510592708,0.009057030048563756,0.07483523233310874
155,9,402391,flow,10,400497,flow,10,9.557902800642713e-05,0.0014106641646319277,0.08743558990919874
155,9,402391,flow,10,400497,flow,11,7.111766065105272e-10,2.6879115836618352e-08,0.13773388015632473
155,9,402391,flow,10,400497,flow,12,1.254042173620561e-08,4.018888865015447e-07,0.1272898228936923
155,9,402391,flow,12,404520,flow,11,0.0008962298735585366,0.00947397264011262,0.0744695549205496
155,9,402391,flow,13,400183,flow,10,0.0014514723513771176,0.014131982325781266,0.07140546684092818
155,9,402391,flow,14,401469,flow,12,0.0009343473503822877,0.009792286641561095,0.07420923887968257
155,9,402391,flow,15,401472,flow,1,7.160324631513337e-09,2.3886179465743336e-07,0.12939446014113337
155,9,402391,flow,15,401472,flow,10,0.002170079225271942,0.019534782773858696,0.06875892542421223
155,9,402391,flow,15,401472,flow,11,5.4808850679435966e-09,1.8512449955837637e-07,0.13038654809202768
155,9,402391,flow,15,401472,flow,12,2.1518431098945763e-08,6.682934748198827e-07,0.12522925710974667
155,9,402391,flow,16,405838,flow,1,0.0013062110830058787,0.01295118631761624,0.07208534387612794
155,9,402391,flow,16,405838,flow,4,5.56785232530852e-05,0.0008746589834666475,0.09031190739379717
155,9,402391,flow,16,405838,flow,5,0.00012479812371990167,0.001787559331797,0.08598334531560343
155,9,402391,flow,16,405838,flow,7,0.00023603737412055203,0.0030832892488691036,0.08241991955807577
155,9,402391,flow,16,405838,flow,11,0.003162175303401073,0.0264023914006429,0.06619915213298466
155,9,402391,flow,16,405838,flow,12,0.0008119227528287739,0.008746898484339908,0.07508380939834326
155,9,402391,flow,17,400260,flow,1,1.0026288742262154e-08,3.2714174748166543e-07,0.12813418480776803
155,9,402391,flow,17,400260,flow,2,2.795053972564715e-05,0.00047972320864042784,0.09386234163052823
155,9,402391,flow,17,400260,flow,3,0.0011489011671873476,0.011604519621812817,0.07290523659500694
155,9,402391,flow,18,404528,flow,1,1.6564603806429963e-06,3.7058046837792566e-05,0.10727243772194403
155,9,402391,occupancy,3,400039,flow,1,0.00042102959906771515,0.005050010185475916,0.0790591465000481
155,9,402391,occupancy,5,400503,flow,10,0.0008959900998701274,0.00947397264011262,0.07447122462259192
155,9,402391,occupancy,6,405843,flow,4,0.0004506992743541068,0.005357789942789602,0.07865523956869444
155,9,402391,occupancy,9,402391,flow,4,0.0021201196185208445,0.01917696137355538,0.06891458845622667
155,9,402391,occupancy,12,404520,flow,10,0.002556632276069454,0.022330471962434373,0.06765462386370863
155,9,402391,occupancy,13,400183,flow,2,0.0015872328344511794,0.015186812502390023,0.07082451799503696
155,9,402391,occupancy,13,400183,flow,6,0.004014803518121097,0.03193509703237551,0.06453127578102354
155,9,402391,occupancy,13,400183,flow,10,0.00019802840308440588,0.0026543056199957596,0.08341542459064107
155,9,402391,occupancy,14,401469,flow,3,0.00015577715942678813,0.0021610884778391296,0.08475896032352759
155,9,402391,occupancy,14,401469,flow,4,0.00580582853039838,0.04257541886151927,0.061879735805181774
155,9,402391,occupancy,14,401469,flow,7,0.0009436860537036892,0.009871001820823093,0.07414696309012915
155,9,402391,occupancy,14,401469,flow,10,0.00596225646393504,0.04349366417460211,0.06168493102250514
155,9,402391,occupancy,15,401472,flow,11,0.0003067508499689882,0.003864577637404576,0.08091366688532961
155,9,402391,occupancy,16,405838,flow,11,0.0022072009710076288,0.019778278769452304,0.06864537404389541
155,9,402391,occupancy,17,400260,flow,3,0.0003846627170223387,0.0046849251128742685,0.07959213246189424
155,9,402391,occupancy,18,404528,flow,1,0.0005695998261443247,0.006505911505121537,0.07725217314638136
155,9,402391,speed,3,400039,flow,4,0.0017611956152847523,0.016547118438517028,-0.07014353473995341
155,9,402391,speed,5,400503,flow,9,0.006305090926157958,0.045434516765641995,-0.06127359207613146
155,9,402391,speed,6,405843,flow,2,0.0022076614057212006,0.019778302100198233,-0.06864397663838735
155,9,402391,speed,6,405843,flow,4,0.00043352977097364044,0.005176003354749643,-0.07888583784628124
155,9,402391,speed,6,405843,flow,10,0.005733749076913076,0.0422332412826334,-0.06197109474100575
155,9,402391,speed,6,405843,flow,12,0.0013111646142212681,0.012997317883056168,0.07206103618077486
155,9,402391,speed,10,400497,flow,2,0.002471706204728952,0.021720445086308122,-0.06788346335901076
155,9,402391,speed,10,400497,flow,3,0.006757491112670748,0.047879877983824225,-0.06076054378048166
155,9,402391,speed,10,400497,flow,9,0.002514081830954021,0.02203008825501292,-0.06776839587163667
155,9,402391,speed,13,400183,flow,4,0.002749719784777791,0.023604514630272883,-0.06715914838093807
155,9,402391,speed,14,401469,flow,4,0.001130012872590919,0.011439091107676084,-0.07301056193738323
155,9,402391,speed,15,401472,flow,7,0.0024281193714103116,0.02139399486945247,0.06800371709251922
155,10,400497,flow,1,400125,flow,1,8.568423572649752e-21,7.523493868668075e-19,0.2076999336831315
155,10,400497,flow,1,400125,flow,2,0.00012389584847765264,0.0017775824158866138,0.08602314570610274
155,10,400497,flow,1,400125,flow,4,0.00016441158511070893,0.0022634099671072737,-0.08445863245929577
155,10,400497,flow,1,400125,flow,6,0.0017147152076512592,0.016187870841462938,0.07031921032306129
155,10,400497,flow,1,400125,flow,9,2.375252584465537e-05,0.0004132537722469239,-0.09468279380303492
155,10,400497,flow,1,400125,flow,12,1.222425634429248e-06,2.8119695105081743e-05,0.108621145729392
155,10,400497,flow,3,400039,flow,1,4.1746180936499796e-17,2.9661760139091962e-15,0.187116682826246
155,10,400497,flow,3,400039,flow,2,2.832102177898968e-09,9.842865171780804e-08,0.13280593882896147
155,10,400497,flow,3,400039,flow,6,0.005745116005838608,0.04229301441692179,0.06195661895219073
155,10,400497,flow,3,400039,flow,7,0.00034678661191322573,0.004300321416256182,0.08019980437467471
155,10,400497,flow,3,400039,flow,12,7.598177900532874e-06,0.00014671836045295468,0.10025312244132406
155,10,400497,flow,4,400316,flow,1,8.365956696250312e-17,5.8197959626089125e-15,0.18532487481939644
155,10,400497,flow,4,400316,flow,3,0.0005843166610026072,0.0066556121101417525,-0.07709793691324755
155,10,400497,flow,4,400316,flow,4,6.139621640421075e-06,0.0001213319555655034,-0.10126293054075441
155,10,400497,flow,4,400316,flow,6,1.6749308049554488e-07,4.516667339205704e-06,0.11707721983337196
155,10,400497,flow,4,400316,flow,7,0.0023706273114386753,0.020955821537579453,0.06816539052164643
155,10,400497,flow,4,400316,flow,11,0.0003039066795848007,0.0038332170972447854,0.08096764282436189
155,10,400497,flow,4,400316,flow,12,2.1279059517093673e-23,2.2044493312672584e-21,0.2210183408294804
155,10,400497,flow,5,400503,flow,1,1.852166470247847e-14,1.0640105254615291e-12,0.1707404146822633
155,10,400497,flow,5,400503,flow,2,7.734380478834987e-08,2.19674711824899e-06,0.12020978205214498
155,10,400497,flow,5,400503,flow,6,0.0001912950542320827,0.002572034342616238,0.08361029942831649
155,10,400497,flow,5,400503,flow,7,2.8660255720413696e-05,0.000490151641774296,0.09373534117358776
155,10,400497,flow,5,400503,flow,8,0.0004464418286605045,0.005314490768292586,0.0787116460487076
155,10,400497,flow,5,400503,flow,12,1.82341162146607e-09,6.5154162156604e-08,0.13439554666864456
155,10,400497,flow,6,405843,flow,1,4.553276830750805e-22,4.3614536383244966e-20,0.2143277413291463
155,10,400497,flow,6,405843,flow,2,0.00014638709439732513,0.0020498938340241316,0.08510388820821636
155,10,400497,flow,6,405843,flow,3,0.00020910145394008266,0.0027837235162439357,0.08310808682020979
155,10,400497,flow,6,405843,flow,5,3.158775120261053e-06,6.646813696798708e-05,0.10435234134105714
155,10,400497,flow,6,405843,flow,6,1.960343569340966e-05,0.0003462258470790259,0.09564222762460303
155,10,400497,flow,6,405843,flow,7,4.690931615904029e-13,2.3982040923911723e-11,0.16136226860295172
155,10,400497,flow,6,405843,flow,8,0.0019737056422572284,0.01810277786528923,0.06939095837711849
155,10,400497,flow,6,405843,flow,11,1.4734282177295317e-05,0.00026654982833298064,0.09705280706599127
155,10,400497,flow,6,405843,flow,12,4.9532678895213e-21,4.448673031753018e-19,0.20895468683847684
155,10,400497,flow,7,408093,flow,5,0.005841430688693849,0.04279965309616683,0.06183498736204371
155,10,400497,flow,7,408093,flow,11,0.00015263707692129473,0.0021279821609438043,0.08487207604637385
155,10,400497,flow,8,401448,flow,1,0.002825755665234,0.02414411486117658,0.06697271431509132
155,10,400497,flow,8,401448,flow,3,0.0013181222258764175,0.013051313352707138,0.0720270367881447
155,10,400497,flow,8,401448,flow,5,0.00028807516523194433,0.0036624035132489683,0.08127701547823028
155,10,400497,flow,8,401448,flow,6,2.7402451894231996e-07,7.118375958092738e-06,0.1150385554889701
155,10,400497,flow,8,401448,flow,7,0.0003710399238502045,0.004543346006329035,0.07980398138870701
155,10,400497,flow,8,401448,flow,12,0.0006902434016557535,0.007643813112414393,0.07608379249807114
155,10,400497,flow,9,402391,flow,1,5.3230709283334036e-18,3.937614111369915e-16,0.1923229266822453
155,10,400497,flow,9,402391,flow,2,3.219970718958234e-08,9.789073543912435e-07,0.12366931215182113
155,10,400497,flow,9,402391,flow,5,0.0012186828534326206,0.012215104238582183,0.07252950627540058
155,10,400497,flow,9,402391,flow,6,2.5197434149161855e-06,5.4236629558734036e-05,0.10538355951339914
155,10,400497,flow,9,402391,flow,7,1.434828334022342e-05,0.00026011155698600576,0.09718298389931859
155,10,400497,flow,9,402391,flow,8,0.005250436465682033,0.039501716356228456,0.0626118866917716
155,10,400497,flow,9,402391,flow,11,0.00199666725782603,0.018270252351023013,0.06931415177344624
155,10,400497,flow,9,402391,flow,12,4.213650008517254e-09,1.4389698052802005e-07,0.13135530143094104
155,10,400497,flow,10,400497,flow,1,0.0,0.0,0.869509560584182
155,10,400497,flow,10,400497,flow,2,7.357931045698322e-12,3.3459223281491314e-10,-0.15287473090999482
155,10,400497,flow,10,400497,flow,3,9.597781368931966e-06,0.00018161373418215546,-0.09913521414742568
155,10,400497,flow,10,400497,flow,4,1.6702383027508714e-05,0.0002993954136051355,0.09643579282033513
155,10,400497,flow,10,400497,flow,5,1.1634587175586365e-27,1.4782769587803853e-25,0.2411049039131991
155,10,400497,flow,10,400497,flow,6,2.1984400842812216e-62,6.010924787401821e-60,0.3615460818040388
155,10,400497,flow,10,400497,flow,7,1.4640043932347022e-16,9.82065058815825e-15,0.18386923427788276
155,10,400497,flow,10,400497,flow,8,1.8074845174742548e-11,7.93529788159429e-10,-0.15004999648866404
155,10,400497,flow,10,400497,flow,9,4.30307453660828e-22,4.130951555143949e-20,-0.214400444008284
155,10,400497,flow,10,400497,flow,10,0.0002011860002171093,0.0026923921540986454,-0.08330524827828346
155,10,400497,flow,10,400497,flow,11,1.7237647483387788e-29,2.3791257868445767e-27,0.24912114615904812
155,10,400497,flow,10,400497,flow,12,0.0007283015621821573,0.00799355373126758,0.07575452424184861
155,10,400497,flow,11,405841,flow,2,0.002673596364074604,0.023067577976437565,-0.0673505721235419
155,10,400497,flow,11,405841,flow,3,0.004843691021890403,0.037021842205531744,-0.06319385457915
155,10,400497,flow,11,405841,flow,6,0.00044347526197305943,0.005283544213247703,0.07875124713911591
155,10,400497,flow,11,405841,flow,7,0.003819109289409781,0.030654564771164308,0.06488341569804992
155,10,400497,flow,11,405841,flow,9,0.0018335577150306332,0.017037794943387335,-0.06987833729476607
155,10,400497,flow,11,405841,flow,11,0.0011369301178665307,0.011497046135728963,0.07297180241074085
155,10,400497,flow,12,404520,flow,1,2.6830545620293602e-19,2.1665038706480068e-17,0.19962203487424843
155,10,400497,flow,12,404520,flow,3,1.810826097911832e-14,1.044428403602018e-12,-0.1708040614722674
155,10,400497,flow,12,404520,flow,4,1.849166927312476e-10,7.424164615232245e-09,-0.14237488616204186
155,10,400497,flow,12,404520,flow,6,2.983653910050106e-16,1.9382533671302944e-14,0.18199966205076598
155,10,400497,flow,12,404520,flow,7,3.699295872094047e-08,1.1128800952260643e-06,0.12312776385350915
155,10,400497,flow,12,404520,flow,11,2.948461018180067e-09,1.022259357828081e-07,0.13265964010124626
155,10,400497,flow,12,404520,flow,12,3.845130476607601e-28,5.0184180238504034e-26,0.24325690669525277
155,10,400497,flow,13,400183,flow,1,8.081093798895506e-06,0.0001556412180616522,0.0999594099156329
155,10,400497,flow,13,400183,flow,5,0.0033800817522926857,0.0278040919506004,0.06573720155669033
155,10,400497,flow,13,400183,flow,12,0.00020754429560820902,0.0027672572747761202,0.0831503699957746
155,10,400497,flow,14,401469,flow,1,0.0015210474429424373,0.014683631181030903,0.07110177315910113
155,10,400497,flow,14,401469,flow,2,0.0003949513551274144,0.004785946294952118,0.07943672784995759
155,10,400497,flow,14,401469,flow,3,0.0019467434536562806,0.017882057664884397,0.06948220016768186
155,10,400497,flow,14,401469,flow,6,1.4717112147162291e-05,0.0002663507518883163,0.0970585281701906
155,10,400497,flow,14,401469,flow,7,0.001985449675028181,0.018183469569899816,0.06935157279905216
155,10,400497,flow,14,401469,flow,8,0.00023610001933469895,0.0030832892488691036,0.08241840675433645
155,10,400497,flow,14,401469,flow,9,0.0017644097974479603,0.016573712383072817,0.07013154458061188
155,10,400497,flow,14,401469,flow,12,0.00018218156496331944,0.0024648429710038837,0.08388458133533207
155,10,400497,flow,15,401472,flow,1,1.658518763960625e-159,1.2143730610694746e-156,0.553054305812855
155,10,400497,flow,15,401472,flow,2,1.519261917526709e-32,2.421849255983536e-30,0.2620534870419339
155,10,400497,flow,15,401472,flow,3,0.00018043957772374686,0.002444336706699863,-0.08393847221907522
155,10,400497,flow,15,401472,flow,4,1.1262138643750316e-15,7.112929669737042e-14,-0.17845722747063852
155,10,400497,flow,15,401472,flow,6,3.849695670053516e-19,3.085470370061445e-17,0.19875502495683892
155,10,400497,flow,15,401472,flow,7,7.701145591232077e-27,9.424631431762769e-25,0.23738146222669396
155,10,400497,flow,15,401472,flow,9,4.918028931885162e-17,3.482931964876049e-15,-0.18669587271090296
155,10,400497,flow,15,401472,flow,10,4.087849591147303e-11,1.7415690565834663e-09,-0.1474020498546571
155,10,400497,flow,15,401472,flow,11,0.0026097644257021095,0.02267534657890811,0.06751496315525927
155,10,400497,flow,15,401472,flow,12,3.201317960054679e-82,1.1152978699545333e-79,0.4119770230931606
155,10,400497,flow,16,405838,flow,1,3.45749318675876e-11,1.4788485709700833e-09,0.14794933691149748
155,10,400497,flow,16,405838,flow,2,2.6441960683114957e-12,1.2566476364252652e-10,0.15610826560985133
155,10,400497,flow,16,405838,flow,3,6.476907934063259e-07,1.5701594991668505e-05,0.1113902537868322
155,10,400497,flow,16,405838,flow,4,0.003217229222834897,0.026779249022440763,0.06607976709530482
155,10,400497,flow,16,405838,flow,6,1.0857234406291104e-09,4.015689437943285e-08,0.13624381993533563
155,10,400497,flow,16,405838,flow,7,3.654951598866704e-16,2.363681273518587e-14,0.18146310524819328
155,10,400497,flow,16,405838,flow,8,1.1169834028542217e-06,2.592890005550907e-05,0.10901849007947144
155,10,400497,flow,16,405838,flow,9,0.00031018751875839346,0.003901048270847918,0.08084906794516125
155,10,400497,flow,16,405838,flow,12,2.809981032712811e-05,0.00048190226523697283,0.09383537792253895
155,10,400497,flow,17,400260,flow,1,5.473356018120558e-27,6.736438176148378e-25,0.23805896852591843
155,10,400497,flow,17,400260,flow,2,6.877563571588181e-41,1.3648927910313238e-38,0.2939932440446778
155,10,400497,flow,17,400260,flow,3,1.1865786337114934e-18,9.202907895213018e-17,0.19602576593621107
155,10,400497,flow,17,400260,flow,4,0.0039073522852568,0.03122412481004324,0.06472264781293963
155,10,400497,flow,17,400260,flow,6,0.006308431248481433,0.04545100565950599,0.06126968426892042
155,10,400497,flow,17,400260,flow,7,3.3519172976674054e-09,1.1574966207772334e-07,0.13219258630982514
155,10,400497,flow,17,400260,flow,8,9.06800569506347e-09,2.990365236845358e-07,0.12851152019825546
155,10,400497,flow,17,400260,flow,10,1.9010262901712952e-07,5.069403440456787e-06,-0.11655612224091477
155,10,400497,flow,17,400260,flow,11,1.9801156074195439e-07,5.264061184032264e-06,-0.11638789523433248
155,10,400497,flow,18,404528,flow,1,1.6621142319715213e-15,1.037620445392626e-13,0.17740528913069656
155,10,400497,flow,18,404528,flow,2,7.572674684181401e-11,3.145572561121505e-09,0.14536953059505556
155,10,400497,flow,18,404528,flow,3,0.00011273481988151962,0.001637023266850974,0.08653943203430993
155,10,400497,flow,18,404528,flow,7,0.0004006918214935852,0.004840572340190962,0.07935165622907334
155,10,400497,flow,18,404528,flow,12,0.0010060200616140524,0.010399633084883243,0.07374532701403412
155,10,400497,flow,19,401795,flow,1,1.1977419203515396e-11,5.378633155840593e-10,0.15136753117578886
155,10,400497,flow,19,401795,flow,2,7.740771649344712e-17,5.393569923414381e-15,0.1855259716756372
155,10,400497,flow,19,401795,flow,3,1.458063673075253e-07,3.979049316288751e-06,0.11764531325882872
155,10,400497,flow,19,401795,flow,7,0.00017499621998149585,0.002383887872621581,0.08411007790110933
155,10,400497,flow,19,401795,flow,8,0.00033734757228398983,0.0041962730797778,0.08036088594078848
155,10,400497,flow,19,401795,flow,10,1.662408401584486e-06,3.717186488015e-05,-0.10725643122193922
155,10,400497,flow,19,401795,flow,11,0.00304747075667642,0.025662911635169854,-0.06645409664401543
155,10,400497,occupancy,1,400125,flow,1,3.408695072781779e-21,3.093605612272539e-19,0.20980573076307488
155,10,400497,occupancy,1,400125,flow,4,0.0013405313264002175,0.01322469817321064,-0.07191864510929087
155,10,400497,occupancy,1,400125,flow,6,0.0007380715975662908,0.008080256719428223,0.07567257574944741
155,10,400497,occupancy,1,400125,flow,9,4.08974119186188e-06,8.445354660058948e-05,-0.10316197002185928
155,10,400497,occupancy,1,400125,flow,10,0.00010035727843445994,0.0014746375606696155,-0.0871716473823206
155,10,400497,occupancy,1,400125,flow,12,1.2873096149429294e-07,3.540062085450346e-06,0.11815335888387625
155,10,400497,occupancy,3,400039,flow,1,2.921633830387166e-11,1.2558664823156772e-09,0.14849760837263362
155,10,400497,occupancy,3,400039,flow,2,7.951995284021954e-10,2.984589020588604e-08,0.13734213439568058
155,10,400497,occupancy,3,400039,flow,7,7.935085447289616e-05,0.0011964945595913138,0.08843573295437733
155,10,400497,occupancy,3,400039,flow,10,0.0016726290642075196,0.015852912587486803,-0.07048209441998912
155,10,400497,occupancy,3,400039,flow,12,8.170187583329734e-06,0.0001571469739981498,0.09990706089914755
155,10,400497,occupancy,4,400316,flow,1,8.617782241459714e-19,6.805999868940762e-17,0.19680528820129498
155,10,400497,occupancy,4,400316,flow,3,7.161960019487866e-07,1.723658344522985e-05,-0.11095633846655255
155,10,400497,occupancy,4,400316,flow,4,4.7655694084445573e-08,1.4129896941990726e-06,-0.12213334231614907
155,10,400497,occupancy,4,400316,flow,6,3.392032823892566e-05,0.0005666504949426096,0.09287772734035009
155,10,400497,occupancy,4,400316,flow,7,9.056849869217365e-06,0.00017235943363444502,0.09941389951081157
155,10,400497,occupancy,4,400316,flow,11,4.601900685115922e-05,0.0007406934038636656,0.09130627672912123
155,10,400497,occupancy,4,400316,flow,12,4.677138271771332e-22,4.470185250896494e-20,0.2142681251227894
155,10,400497,occupancy,5,400503,flow,1,2.0168251037104666e-15,1.257241623092239e-13,0.1768801002565249
155,10,400497,occupancy,5,400503,flow,2,1.075690286654129e-05,0.00020090713525057664,0.09858532858408632
155,10,400497,occupancy,5,400503,flow,7,0.00026378514122087435,0.00339354321046509,0.08178410353455871
155,10,400497,occupancy,5,400503,flow,8,0.001002340184307165,0.010369036389384467,0.07376838914843865
155,10,400497,occupancy,5,400503,flow,12,4.946365858305811e-06,0.00010008571666454851,0.10227720658189766
155,10,400497,occupancy,6,405843,flow,1,1.9601923469023976e-19,1.603793738374689e-17,0.2003726490128318
155,10,400497,occupancy,6,405843,flow,2,1.3728826326848167e-06,3.1133086473482456e-05,0.10810780076006829
155,10,400497,occupancy,6,405843,flow,6,2.6404237860763904e-09,9.221205138116416e-08,0.1330601943194358
155,10,400497,occupancy,6,405843,flow,7,1.4866934295196121e-09,5.3699963340507724e-08,0.1351263228562084
155,10,400497,occupancy,6,405843,flow,10,0.00038765816379996847,0.004713434471195788,-0.07954649112221072
155,10,400497,occupancy,6,405843,flow,11,0.000720045995484707,0.007910983470228724,0.0758245691136273
155,10,400497,occupancy,6,405843,flow,12,6.474688184146628e-15,3.82635471347653e-13,0.17367849198882268
155,10,400497,occupancy,7,408093,flow,2,0.001916852206973588,0.01767136477619697,-0.06958471922423376
155,10,400497,occupancy,7,408093,flow,11,0.003923321893715613,0.031311196343712266,0.06469390587260787
155,10,400497,occupancy,8,401448,flow,1,0.00673292147087734,0.04775278403249073,0.06078760268812259
155,10,400497,occupancy,8,401448,flow,3,0.006264915411944498,0.045220442071178334,0.0613207394371244
155,10,400497,occupancy,8,401448,flow,6,3.9752492676155686e-05,0.0006514824292905636,0.09206347177293518
155,10,400497,occupancy,9,402391,flow,1,3.884972295555807e-14,2.1767938154087013e-12,0.16863806163494563
155,10,400497,occupancy,9,402391,flow,2,5.231332141077381e-05,0.0008281185360738104,0.09063836381565928
155,10,400497,occupancy,9,402391,flow,6,0.001976122414469101,0.018121097071760805,0.06938283579392132
155,10,400497,occupancy,9,402391,flow,7,0.0017118053390266727,0.01616746625403416,0.0703303533534368
155,10,400497,occupancy,9,402391,flow,12,9.125814602090715e-10,3.407391450391693e-08,0.13685760911351755
155,10,400497,occupancy,10,400497,flow,1,6.9736399211747765e-62,1.8947248087720146e-59,0.3601482580570704
155,10,400497,occupancy,10,400497,flow,3,1.6343239179305065e-26,1.9832245296235362e-24,-0.235881004240397
155,10,400497,occupancy,10,400497,flow,4,0.00024225314808946726,0.0031531593845932466,-0.08227161998765406
155,10,400497,occupancy,10,400497,flow,5,6.054096087400626e-28,7.737779614665888e-26,0.2423771738213478
155,10,400497,occupancy,10,400497,flow,6,3.3459566465075023e-91,1.314048428446583e-88,0.43222054152735956
155,10,400497,occupancy,10,400497,flow,7,2.2938377302667353e-28,3.039686808206226e-26,0.24425379058055594
155,10,400497,occupancy,10,400497,flow,8,5.6156842974968905e-21,4.971261509259542e-19,-0.20866802455540379
155,10,400497,occupancy,10,400497,flow,9,6.397016403140261e-54,1.5352839367536628e-51,-0.3369440205709501
155,10,400497,occupancy,10,400497,flow,10,5.307871400210633e-25,6.082229296793086e-23,-0.2287995406577018
155,10,400497,occupancy,10,400497,flow,11,7.294087883010583e-30,1.0131980596336243e-27,0.25079557965683197
155,10,400497,occupancy,10,400497,flow,12,1.1320582315053344e-168,8.89180283655099e-166,0.5660963214416239
155,10,400497,occupancy,11,405841,flow,3,1.1810053350794144e-06,2.722488285775384e-05,-0.1087731499088365
155,10,400497,occupancy,11,405841,flow,6,0.00011409345745489149,0.0016534174310806147,0.08647407173546591
155,10,400497,occupancy,11,405841,flow,9,3.0431425052688976e-05,0.0005165569989297303,-0.09343098138645932
155,10,400497,occupancy,11,405841,flow,11,0.002728111232412574,0.023458281297815128,0.0672129895488242
155,10,400497,occupancy,11,405841,flow,12,0.0002813086112607338,0.003591173760775325,0.08141412709693521
155,10,400497,occupancy,12,404520,flow,1,9.016966420487614e-24,9.665830009058684e-22,0.22285474543902187
155,10,400497,occupancy,12,404520,flow,3,4.0407477479744966e-22,3.896435328403979e-20,-0.21459277880652378
155,10,400497,occupancy,12,404520,flow,4,4.648146174134497e-16,2.9704129396835844e-14,-0.18082538535139914
155,10,400497,occupancy,12,404520,flow,6,2.5079245529080348e-11,1.084507914771042e-09,0.14899297042078338
155,10,400497,occupancy,12,404520,flow,7,5.561574450770483e-12,2.561407422956129e-10,0.15379341280287148
155,10,400497,occupancy,12,404520,flow,11,6.090441616396549e-10,2.31608343158742e-08,0.13827590042019708
155,10,400497,occupancy,12,404520,flow,12,4.620175435664585e-31,6.858817141605158e-29,0.2558957629748585
155,10,400497,occupancy,13,400183,flow,1,7.259462252036668e-06,0.0001406317351067193,0.10046997372260312
155,10,400497,occupancy,14,401469,flow,2,0.0008529845836780577,0.009118766150678569,0.0747776088095665
155,10,400497,occupancy,14,401469,flow,3,0.0029789110292645464,0.025211927646971485,0.06661068642395916
155,10,400497,occupancy,14,401469,flow,7,0.0007344717582231189,0.008044923923742073,0.07570265246354717
155,10,400497,occupancy,14,401469,flow,8,0.00022827611553540074,0.003002901398029632,0.0826103202633851
155,10,400497,occupancy,14,401469,flow,9,0.004938472009536365,0.037599927883674826,0.06305440238569715
155,10,400497,occupancy,15,401472,flow,1,2.208880121951081e-207,2.511147928112808e-204,0.6154731248967811
155,10,400497,occupancy,15,401472,flow,2,8.490212913894711e-60,2.250166858161052e-57,0.35425721851615444
155,10,400497,occupancy,15,401472,flow,3,0.001010518976636815,0.010426824496092764,-0.0737172376752499
155,10,400497,occupancy,15,401472,flow,4,2.9038734126651306e-31,4.3709871577398483e-29,-0.25674296605386215
155,10,400497,occupancy,15,401472,flow,5,4.48571640040229e-06,9.153658408000894e-05,-0.10273290398835329
155,10,400497,occupancy,15,401472,flow,6,2.6265765290366964e-19,2.1328591363606257e-17,0.19967300012017528
155,10,400497,occupancy,15,401472,flow,7,1.46731049281087e-44,3.0474910235302684e-42,0.3068299956894055
155,10,400497,occupancy,15,401472,flow,9,9.861227062725001e-29,1.3271184084414954e-26,-0.2458732471851942
155,10,400497,occupancy,15,401472,flow,10,8.858900092458927e-37,1.5431632419122001e-34,-0.27878993827233783
155,10,400497,occupancy,15,401472,flow,12,2.3520155280586323e-97,9.585572718125747e-95,0.44533373981980295
155,10,400497,occupancy,16,405838,flow,1,1.976372076047377e-08,6.160120756511305e-07,0.1255560621454003
155,10,400497,occupancy,16,405838,flow,2,1.7958883972982018e-12,8.678118429897352e-11,0.15729910427893487
155,10,400497,occupancy,16,405838,flow,3,2.5392668191921637e-05,0.00043896089071269095,0.09434698190101938
155,10,400497,occupancy,16,405838,flow,6,1.2207784256055535e-08,3.9239306537321366e-07,0.12739156334221985
155,10,400497,occupancy,16,405838,flow,7,1.4603536910588797e-11,6.477133414142054e-10,0.1507342509896994
155,10,400497,occupancy,16,405838,flow,8,2.3007546022712814e-10,9.135349156077147e-09,0.14163233989730728
155,10,400497,occupancy,16,405838,flow,12,0.00013775146848746,0.0019485472949110256,0.08543999865641332
155,10,400497,occupancy,17,400260,flow,1,2.579477270309715e-22,2.5097616684094525e-20,0.2155858158691341
155,10,400497,occupancy,17,400260,flow,2,2.36427719595421e-47,5.1325012495086364e-45,0.316181854676205
155,10,400497,occupancy,17,400260,flow,3,3.849836599657036e-17,2.744437972032739e-15,0.18732428288489825
155,10,400497,occupancy,17,400260,flow,7,6.990238468752267e-11,2.916978355950423e-09,0.14563497675570833
155,10,400497,occupancy,17,400260,flow,8,7.433407372691869e-10,2.80212215096238e-08,0.13757884064200165
155,10,400497,occupancy,17,400260,flow,10,1.4201657733892273e-10,5.793310803627443e-09,-0.14326680335474623
155,10,400497,occupancy,17,400260,flow,11,4.149479790758187e-11,1.7660840094655537e-09,-0.14735305054959763
155,10,400497,occupancy,18,404528,flow,1,2.0793324209442476e-14,1.1866203511861492e-12,0.17041382744686992
155,10,400497,occupancy,18,404528,flow,2,1.5970040442527496e-10,6.459791639674043e-09,0.14287094784767357
155,10,400497,occupancy,18,404528,flow,3,0.0019959521049766143,0.0182680362150402,0.06931653170883893
155,10,400497,occupancy,19,401795,flow,1,7.813416202390679e-10,2.935126782115455e-08,0.1374038804490208
155,10,400497,occupancy,19,401795,flow,2,5.410772505154709e-23,5.525895324413319e-21,0.21900337361361671
155,10,400497,occupancy,19,401795,flow,3,1.3344656280702466e-05,0.00024468979258333894,0.09753774651415564
155,10,400497,occupancy,19,401795,flow,7,6.680214352856835e-05,0.0010284578048589282,0.08935186615949141
155,10,400497,occupancy,19,401795,flow,8,1.3435513069221405e-05,0.00024625123656782545,0.09750460129182294
155,10,400497,occupancy,19,401795,flow,10,0.00017076908826039268,0.002337378876840477,-0.08424683714936905
155,10,400497,occupancy,19,401795,flow,11,1.5305168051790137e-06,3.440079395615681e-05,-0.10762499381946433
155,10,400497,speed,1,400125,flow,10,0.003102852851558938,0.026005796450943502,0.06632993146046265
155,10,400497,speed,1,400125,flow,11,4.625460611416318e-05,0.0007442061361307724,0.0912797573786823
155,10,400497,speed,3,400039,flow,2,0.006277020632291664,0.04527755740774752,-0.06130650498367677
155,10,400497,speed,3,400039,flow,3,0.004310959045867259,0.03374405341211553,-0.0640269046155421
155,10,400497,speed,3,400039,flow,10,0.003331037708838909,0.027498725209600772,0.06583875739594763
155,10,400497,speed,4,400316,flow,1,0.0020515169604332227,0.018677667584976864,-0.06913390818181303
155,10,400497,speed,4,400316,flow,8,0.0058841617836092935,0.04301841073818268,0.061781601794826044
155,10,400497,speed,4,400316,flow,12,0.006587689667742348,0.04693077072006422,-0.06094938420170738
155,10,400497,speed,5,400503,flow,4,0.0001154332121952166,0.001670031737050689,-0.08641033424830848
155,10,400497,speed,6,405843,flow,1,0.0033286986523319096,0.02749517816075306,-0.06584363481502448
155,10,400497,speed,6,405843,flow,2,0.00045337344780691294,0.005382174483445627,-0.07862006324347265
155,10,400497,speed,6,405843,flow,4,0.0012557541219295582,0.012528539969366493,-0.07233790712850736
155,10,400497,speed,6,405843,flow,6,0.0001579097574659999,0.0021878452605937127,-0.08468335378818063
155,10,400497,speed,6,405843,flow,7,0.003088423927201753,0.025926916761584873,-0.06636208498322008
155,10,400497,speed,6,405843,flow,8,0.005165528567965999,0.03903968406860237,-0.06272992378096032
155,10,400497,speed,8,401448,flow,11,0.0010088377181466652,0.010418787813515644,0.07372772118620194
155,10,400497,speed,9,402391,flow,9,0.005785395626109808,0.04247605218353904,0.061905529751637656
155,10,400497,speed,10,400497,flow,1,6.627524324212075e-09,2.2160143251235422e-07,-0.12968222739867222
155,10,400497,speed,10,400497,flow,2,8.726962285125175e-06,0.00016696402600416632,-0.09959176553049741
155,10,400497,speed,10,400497,flow,5,0.0018067165796678256,0.01686112686144957,-0.06997556616509153
155,10,400497,speed,10,400497,flow,6,6.503529495260091e-05,0.0010048371752333187,-0.08949374573136348
155,10,400497,speed,10,400497,flow,9,9.71606339277989e-09,3.189467618298566e-07,0.1282523573047028
155,10,400497,speed,10,400497,flow,10,3.944770790578493e-07,9.92510763849685e-06,0.1135070229884793
155,10,400497,speed,10,400497,flow,11,6.353293554937048e-05,0.0009844414690576774,0.08961728415330285
155,10,400497,speed,12,404520,flow,1,1.4379893603773017e-12,7.051207760306407e-11,-0.15797912338869669
155,10,400497,speed,12,404520,flow,2,8.801699452864696e-06,0.00016824487449723665,-0.09955091361838808
155,10,400497,speed,12,404520,flow,8,3.643612967421744e-05,0.0006023883666001506,0.09251136117189254
155,10,400497,speed,12,404520,flow,12,1.0768952445959821e-05,0.0002010452660611341,-0.09857991490710936
155,10,400497,speed,14,401469,flow,3,0.0006990959034094791,0.007716132607892053,-0.07600572520467384
155,10,400497,speed,14,401469,flow,7,0.0025796532409473184,0.022499701192999023,-0.06759378948996392
155,10,400497,speed,14,401469,flow,8,0.0022228639388972428,0.019885633083528864,-0.06859798664654936
155,10,400497,speed,14,401469,flow,9,1.3773486455421021e-05,0.0002511669965699401,-0.09738315367776268
155,10,400497,speed,15,401472,flow,1,1.739908438155871e-08,5.450619617718174e-07,-0.12604409750252585
155,10,400497,speed,15,401472,flow,2,1.4085377844335888e-13,7.56826272232973e-12,-0.1649170791367592
155,10,400497,speed,15,401472,flow,3,1.767818432933662e-05,0.0003153169128932048,-0.09615514415701996
155,10,400497,speed,15,401472,flow,9,2.606195712099896e-17,1.8671252862805225e-15,0.18832093840169645
155,10,400497,speed,15,401472,flow,10,1.222575059874732e-21,1.1382595385040608e-19,0.21212197329512975
155,10,400497,speed,15,401472,flow,11,5.386029508084789e-10,2.066398532409084e-08,0.13870413588252384
155,10,400497,speed,16,405838,flow,4,0.006284641016358162,0.045317391404886095,-0.06129755688050453
155,10,400497,speed,16,405838,flow,7,9.834552628735388e-06,0.00018560623571925244,-0.0990179205106831
155,10,400497,speed,17,400260,flow,4,0.0001527024235862452,0.0021279821609438043,-0.08486969983802727
155,10,400497,speed,17,400260,flow,5,0.00038093303845888047,0.004644738148863572,-0.07964942741964612
155,10,400497,speed,17,400260,flow,6,9.816095084578762e-11,4.046329271505749e-09,-0.14450555292252795
155,10,400497,speed,17,400260,flow,7,6.577406352203515e-08,1.900628457626701e-06,-0.12085672072358371
155,10,400497,speed,17,400260,flow,8,7.683399891671428e-11,3.185440262190074e-09,-0.14532133310221806
155,10,400497,speed,17,400260,flow,9,5.4172570445296945e-05,0.0008537960756062852,-0.09045562245956437
155,10,400497,speed,17,400260,flow,11,0.00015992202795951253,0.0022107621145123013,0.08461288858418414
155,10,400497,speed,17,400260,flow,12,2.8246237187855595e-13,1.4754987261370757e-11,0.1628707368924359
155,10,400497,speed,19,401795,flow,5,6.515245847751996e-05,0.0010055684909713691,-0.08948422520826857
155,10,400497,speed,19,401795,flow,6,0.001853787230736583,0.017196394324204507,-0.06980591811994905
155,10,400497,speed,19,401795,flow,7,0.0006753613991375755,0.007500157440293897,-0.07621715227809965
155,10,400497,speed,19,401795,flow,8,2.5167804852060145e-06,5.421049098036739e-05,-0.10538890248805649
155,10,400497,speed,19,401795,flow,11,0.0003819869066570881,0.004656273805752315,0.07963318508317739
155,10,400497,speed,19,401795,flow,12,7.066213256463482e-06,0.0001376907589892749,0.10059806796610628
155,11,405841,flow,0,400593,flow,9,0.0030537711947995518,0.025700938167804527,0.06643986804839994
155,11,405841,flow,2,400331,flow,3,0.005021015489659416,0.03815441849662036,0.06293491213315743
155,11,405841,flow,2,400331,flow,6,0.0006912503843473092,0.007653002717530435,0.07607486553087076
155,11,405841,flow,2,400331,flow,7,0.002555922319081573,0.022328785477113033,0.0676565079155103
155,11,405841,flow,4,400316,flow,12,0.0006544130527557417,0.0073069640421421665,0.07640957527944782
155,11,405841,flow,7,408093,flow,1,0.004075157071916112,0.03230809056832007,0.06442581394823946
155,11,405841,flow,7,408093,flow,6,4.24337354921969e-06,8.716773054031889e-05,0.1029909622305462
155,11,405841,flow,7,408093,flow,11,9.410176725359607e-08,2.6397378865943832e-06,0.11942222758600128
155,11,405841,flow,10,400497,flow,6,0.000752856939547762,0.008218114724259817,0.07555045497447187
155,11,405841,flow,11,405841,flow,1,2.8146878091526385e-53,6.608397464967064e-51,0.3348209051295281
155,11,405841,flow,11,405841,flow,2,1.6712109400442948e-20,1.452642104827234e-18,0.2061085398368337
155,11,405841,flow,11,405841,flow,3,1.4064405855000186e-13,7.56640514241604e-12,0.16492143333760031
155,11,405841,flow,11,405841,flow,4,0.00032859764149790186,0.004106282358319167,0.08051401634640883
155,11,405841,flow,11,405841,flow,5,1.3207405280316318e-07,3.6226025911724754e-06,0.11804895646860014
155,11,405841,flow,11,405841,flow,6,1.7477645070659385e-18,1.3387132394547616e-16,0.19507749167991464
155,11,405841,flow,11,405841,flow,7,6.856429939868885e-05,0.0010507193096925714,0.08921385464957568
155,11,405841,flow,11,405841,flow,9,8.296805251509603e-05,0.001247553034685746,0.08819708133975866
155,11,405841,flow,11,405841,flow,10,4.388801576605537e-05,0.0007095667219661646,0.09155216513380231
155,11,405841,flow,11,405841,flow,11,0.00014888395056538163,0.002080810955815104,0.0850101831181325
155,11,405841,flow,11,405841,flow,12,0.00012562888910884666,0.0017952920970897043,0.08594693825230605
155,11,405841,flow,12,404520,flow,12,0.0002278465918747213,0.0029982006451538716,0.08262103386629355
155,11,405841,flow,13,400183,flow,1,0.000961089863881771,0.010019083523091821,0.07403241162836656
155,11,405841,flow,13,400183,flow,4,1.4708633677422382e-05,0.0002663088746289383,0.09706135556708917
155,11,405841,flow,13,400183,flow,6,0.0051190735350818495,0.03875639269462599,0.06279524803328392
155,11,405841,flow,13,400183,flow,7,3.501227118306355e-07,8.902472719884317e-06,0.11401058638510012
155,11,405841,flow,13,400183,flow,12,0.0015915253933486114,0.015221141685335404,0.07080690566264258
155,11,405841,flow,14,401469,flow,5,0.00711065322481842,0.04990742799547615,0.060381055912022495
155,11,405841,flow,15,401472,flow,1,0.00042039031504743533,0.005050010185475916,0.07906813835184397
155,11,405841,flow,15,401472,flow,10,0.0005260675088309606,0.006099333435721282,-0.07773113853920978
155,11,405841,flow,18,404528,flow,6,0.0009968583106298953,0.010319740958354057,0.07380289022033486
155,11,405841,flow,18,404528,flow,11,0.00203674164104174,0.01858231022027522,-0.06918202292197453
155,11,405841,occupancy,1,400125,flow,5,0.00569698786457476,0.04200544047612726,0.06201808787909565
155,11,405841,occupancy,2,400331,flow,3,0.0017908254628731972,0.016730895327881082,0.0700337568871312
155,11,405841,occupancy,2,400331,flow,4,0.004413942169119047,0.03438206380304373,0.06385885979651569
155,11,405841,occupancy,3,400039,flow,2,0.006561752399601885,0.04677537176208062,0.06097861385614831
155,11,405841,occupancy,4,400316,flow,12,0.0021466813444869703,0.01935238607717803,0.06883141468136553
155,11,405841,occupancy,6,405843,flow,7,0.00111813134679566,0.01133081730742963,0.07307765238805762
155,11,405841,occupancy,6,405843,flow,11,0.0012671897477674785,0.012625137708384472,0.07227985602578123
155,11,405841,occupancy,7,408093,flow,6,1.3888143256194599e-06,3.147784830365198e-05,0.10805664818761848
155,11,405841,occupancy,7,408093,flow,11,2.9603547932790243e-05,0.0005044864973161887,0.0935710902708371
155,11,405841,occupancy,10,400497,flow,5,0.002009731887317361,0.018378581187999572,0.06927081141342116
155,11,405841,occupancy,10,400497,flow,6,0.00019635749433830977,0.0026335435440592928,0.08346319643180715
155,11,405841,occupancy,10,400497,flow,7,0.006487493611191972,0.04640830005025553,0.0610628767170653
155,11,405841,occupancy,11,405841,flow,1,7.248001849300179e-12,3.299406532031272e-10,-0.15292220865375697
155,11,405841,occupancy,11,405841,flow,2,0.004907367344249998,0.03740925873859183,-0.063099898274487
155,11,405841,occupancy,11,405841,flow,5,0.00048234028730736875,0.005688534100922286,0.07825095220788617
155,11,405841,occupancy,11,405841,flow,6,1.10595252589367e-05,0.00020611367178001097,0.09845108557784325
155,11,405841,occupancy,11,405841,flow,12,0.005278154444981648,0.039675403599778045,0.06257372672214724
155,11,405841,occupancy,12,404520,flow,12,0.0010540551662687157,0.01080998990685449,0.07345123528792581
155,11,405841,occupancy,13,400183,flow,4,0.0004210679788908391,0.005050010185475916,0.07905860707397484
155,11,405841,occupancy,13,400183,flow,6,0.005720688048272416,0.04215860178870153,0.06198775993007294
155,11,405841,occupancy,13,400183,flow,7,5.390165053537126e-05,0.0008498362420175324,0.09048187748061386
155,11,405841,occupancy,13,400183,flow,12,0.00017503917435082535,0.002383887872621581,0.08410870421003926
155,11,405841,occupancy,14,401469,flow,5,2.3985254626067897e-06,5.1911973940187035e-05,0.10560723030230915
155,11,405841,occupancy,14,401469,flow,6,0.0005302263169830734,0.006142605763922975,0.07768381749058963
155,11,405841,occupancy,14,401469,flow,10,0.0006892714744322501,0.007635007101403385,0.07609242017475899
155,11,405841,occupancy,15,401472,flow,7,0.0017259036079847578,0.016272159726089377,0.07027652678105305
155,11,405841,occupancy,16,405838,flow,6,0.004864209910000461,0.037158951036608295,0.06316345703665704
155,11,405841,occupancy,16,405838,flow,8,0.0060968943123126665,0.04422193322563922,0.061520913063631624
155,11,405841,occupancy,18,404528,flow,6,0.0022167387639960476,0.019839191927816996,0.06861648148807226
155,11,405841,occupancy,19,401795,flow,10,0.0011175089271392574,0.011327166976165162,0.07308118508185243
155,11,405841,speed,7,408093,flow,7,0.004282798511641055,0.033560111682005005,-0.0640734892338558
155,11,405841,speed,9,402391,flow,1,0.0014537291799142887,0.014150766239814618,0.07139540746841982
155,12,404520,flow,1,400125,flow,1,1.233429495575745e-07,3.413462793649723e-06,0.11832726985617151
155,12,404520,flow,1,400125,flow,2,8.681473587698018e-06,0.00016624098359421734,0.09961679386526978
155,12,404520,flow,1,400125,flow,3,0.00010289395513174868,0.001509856950302834,0.08703630571717388
155,12,404520,flow,1,400125,flow,5,0.00029025011253239826,0.0036835501943007064,0.08123358410531209
155,12,404520,flow,1,400125,flow,9,1.1505874797902233e-06,2.662312754522638e-05,-0.10888807735831349
155,12,404520,flow,1,400125,flow,12,0.004058949573898467,0.032197323098129595,0.06445399506855899
155,12,404520,flow,3,400039,flow,1,1.352271644650953e-18,1.0431809830164495e-16,0.19570623976409174
155,12,404520,flow,3,400039,flow,2,1.8193952559620046e-12,8.781885481291464e-11,0.15725922324255656
155,12,404520,flow,3,400039,flow,4,0.006234996166575102,0.045057182066919436,-0.061356027719437024
155,12,404520,flow,3,400039,flow,8,8.646648640738224e-05,0.0012947494671746663,-0.08797543536129512
155,12,404520,flow,3,400039,flow,9,2.0745498537426743e-16,1.3745483693509744e-14,-0.18295641199274
155,12,404520,flow,3,400039,flow,10,0.0023476713192177963,0.02076564311838837,-0.06823094893686221
155,12,404520,flow,3,400039,flow,12,0.003141920511037275,0.026273899743865712,0.06624355167336954
155,12,404520,flow,4,400316,flow,1,0.0,0.0,0.7936852385108282
155,12,404520,flow,4,400316,flow,2,0.00064187535471275,0.007191134679354461,-0.07650827074040153
155,12,404520,flow,4,400316,flow,3,1.5105917989001765e-12,7.373736238699167e-11,-0.15782867469453787
155,12,404520,flow,4,400316,flow,4,2.6750903989709383e-06,5.729494558033938e-05,-0.10511154320576191
155,12,404520,flow,4,400316,flow,8,1.9964490872946398e-08,6.218212009454105e-07,-0.1254858958241269
155,12,404520,flow,4,400316,flow,11,0.0006206843282152839,0.006991802602060043,0.07671248657787076
155,12,404520,flow,4,400316,flow,12,6.941977407349053e-12,3.1734753862167096e-10,0.15305818928470752
155,12,404520,flow,5,400503,flow,2,3.887828062492968e-15,2.3522993319285183e-13,0.17508597783630592
155,12,404520,flow,5,400503,flow,3,0.0013674483718856285,0.01343807317230645,0.07179063550368465
155,12,404520,flow,5,400503,flow,4,0.00016292232378866826,0.0022479221934431394,0.08450935807179977
155,12,404520,flow,5,400503,flow,7,0.0008630466647038017,0.009192212996845224,0.07470466179553123
155,12,404520,flow,5,400503,flow,11,0.0030943495462542256,0.025961526587333954,0.06634886376108433
155,12,404520,flow,5,400503,flow,12,2.8967765110840138e-05,0.0004942664556589525,0.09368123900599064
155,12,404520,flow,6,405843,flow,1,0.0002987052520839226,0.0037786433060103823,0.08106758849483278
155,12,404520,flow,6,405843,flow,5,0.0002044604277910376,0.0027295088011658913,0.08323499563353383
155,12,404520,flow,6,405843,flow,6,0.004029172821948655,0.03203170149212033,0.06450603706963141
155,12,404520,flow,6,405843,flow,11,0.0004104577074722662,0.004941965708696181,0.07920950974154557
155,12,404520,flow,7,408093,flow,3,0.0006477570922770839,0.007243879468384681,0.07647191346897227
155,12,404520,flow,7,408093,flow,5,0.0015332241408085895,0.014764886955624404,0.0710499413552168
155,12,404520,flow,7,408093,flow,9,0.0009561600227309088,0.009977321976322527,0.07406466354344506
155,12,404520,flow,7,408093,flow,10,0.0031170666743194314,0.026101430573870796,0.06629839019254814
155,12,404520,flow,7,408093,flow,12,0.004749857028428825,0.036478901978333374,0.06333436519525018
155,12,404520,flow,8,401448,flow,7,0.0006786073687184168,0.007534268395948498,0.07618783353782126
155,12,404520,flow,9,402391,flow,1,1.4644507841663e-15,9.195388644765141e-14,0.17774817593297998
155,12,404520,flow,9,402391,flow,2,1.1682434691560653e-13,6.332260711109413e-12,0.165462768578858
155,12,404520,flow,9,402391,flow,3,2.9708918685253675e-05,0.0005058134918118163,0.09355305225918825
155,12,404520,flow,9,402391,flow,4,0.0022826052941986408,0.020306573455302936,0.06842000586723204
155,12,404520,flow,9,402391,flow,5,9.769941094250597e-10,3.629075281785261e-08,0.13661696436758683
155,12,404520,flow,9,402391,flow,6,1.0920737200461424e-06,2.543266021886434e-05,0.10911761913072797
155,12,404520,flow,9,402391,flow,7,0.00021652826999857226,0.002870048656486065,0.08291039836806545
155,12,404520,flow,9,402391,flow,11,1.2991918111578304e-05,0.00023872856759684505,0.0976685001278865
155,12,404520,flow,9,402391,flow,12,2.2746812725056637e-06,4.945457019237276e-05,0.1058472381844674
155,12,404520,flow,10,400497,flow,1,1.6611636191270037e-26,2.0101475727251138e-24,0.23584840570100782
155,12,404520,flow,10,400497,flow,5,1.7491522354199688e-13,9.35190304085924e-12,0.16428293195999727
155,12,404520,flow,10,400497,flow,6,1.9569023996663034e-09,6.975097662176924e-08,0.13414172507463434
155,12,404520,flow,10,400497,flow,8,4.9962264995953754e-14,2.7742543031172264e-12,-0.167917942168986
155,12,404520,flow,10,400497,flow,9,2.4416441131550166e-21,2.2300005430929536e-19,-0.21056243844860756
155,12,404520,flow,10,400497,flow,11,8.802881509384367e-17,6.084551699286475e-15,0.18519294207240838
155,12,404520,flow,10,400497,flow,12,5.251958143541781e-53,1.219809633338736e-50,0.33414860214241543
155,12,404520,flow,12,404520,flow,1,0.0,0.0,0.831612218593823
155,12,404520,flow,12,404520,flow,2,3.611984455896563e-06,7.534414702787615e-05,-0.10368409432744398
155,12,404520,flow,12,404520,flow,3,5.643433293068316e-19,4.4898032828830804e-17,-0.19778322957331573
155,12,404520,flow,12,404520,flow,4,1.953788616134065e-09,6.969749646324657e-08,-0.13411395397760947
155,12,404520,flow,12,404520,flow,8,0.0011023081398693732,0.011191471596323601,-0.07316803009906132
155,12,404520,flow,12,404520,flow,10,4.233599643906126e-06,8.703627798122887e-05,0.10300166355647661
155,12,404520,flow,12,404520,flow,11,1.0697775268959315e-17,7.886414532748164e-16,0.19057523451624167
155,12,404520,flow,12,404520,flow,12,3.199290602634834e-29,4.373713735247621e-27,0.24801438640362555
155,12,404520,flow,13,400183,flow,5,0.004694221699503405,0.03612194881295619,0.06341886573426868
155,12,404520,flow,13,400183,flow,6,0.0008336799105376995,0.008945596655546105,0.07491982264037307
155,12,404520,flow,15,401472,flow,1,6.192306950637033e-59,1.6018422770510172e-56,0.3517825107886787
155,12,404520,flow,15,401472,flow,2,1.6122760629447334e-25,1.8673009629815678e-23,0.23125059660042982
155,12,404520,flow,15,401472,flow,3,0.00017983141624823302,0.002439157670933647,0.08395740173606459
155,12,404520,flow,15,401472,flow,6,2.0069061790662145e-06,4.4233850477377794e-05,0.10641221550443317
155,12,404520,flow,15,401472,flow,8,5.916056371661248e-10,2.2557249360614822e-08,-0.13837723338363309
155,12,404520,flow,15,401472,flow,9,3.8857326835970283e-35,6.506343098115955e-33,-0.27243907085495045
155,12,404520,flow,15,401472,flow,10,2.2824997062967422e-12,1.0919599923811657e-10,-0.15656213099187766
155,12,404520,flow,15,401472,flow,11,0.00031419207543585914,0.003945667924078231,0.08077463382605653
155,12,404520,flow,15,401472,flow,12,1.6607836964449e-54,4.0534381743739935e-52,0.3387194796572292
155,12,404520,flow,16,405838,flow,1,4.669289968474351e-05,0.0007496476962994662,0.09123076125830328
155,12,404520,flow,16,405838,flow,4,0.001619725163778423,0.015446385667820722,0.07069227701083879
155,12,404520,flow,16,405838,flow,6,0.0008096680118833937,0.008724783764869695,0.07510103598595304
155,12,404520,flow,16,405838,flow,7,9.663011916041763e-05,0.0014226921069951605,0.08737647801163195
155,12,404520,flow,17,400260,flow,2,4.978290411970563e-08,1.4710133091458848e-06,0.12196108779276431
155,12,404520,flow,17,400260,flow,3,7.754456749307399e-08,2.201002178515635e-06,0.1201994044090282
155,12,404520,flow,17,400260,flow,4,2.1829838813398525e-07,5.7714139335300876e-06,0.11598439164016801
155,12,404520,flow,17,400260,flow,5,1.1763026371441002e-11,5.292791724451652e-10,0.15142509739376753
155,12,404520,flow,17,400260,flow,6,6.848286870882667e-13,3.4683000330847737e-11,0.1602276711135921
155,12,404520,flow,17,400260,flow,7,4.436933328022195e-20,3.788053750406301e-18,0.20388535842083438
155,12,404520,flow,17,400260,flow,8,0.00012544253954841676,0.0017938158584877868,0.08595508497576161
155,12,404520,flow,17,400260,flow,10,2.068176555722242e-13,1.1003106798916362e-11,-0.16379066346823917
155,12,404520,flow,17,400260,flow,11,2.1958747513458005e-10,8.751087569938983e-09,-0.14179122096444954
155,12,404520,flow,18,404528,flow,1,8.053510058558636e-24,8.676100611714043e-22,0.22309520897970256
155,12,404520,flow,18,404528,flow,2,3.176655054041458e-12,1.499797796006459e-10,0.15554031445922034
155,12,404520,flow,18,404528,flow,3,1.312266584317172e-11,5.844321282732147e-10,0.15107614815366907
155,12,404520,flow,18,404528,flow,4,1.275173606599512e-07,3.510994251440339e-06,0.11819190837098617
155,12,404520,flow,18,404528,flow,6,2.433757637146496e-06,5.2621786749113424e-05,0.1055411222705796
155,12,404520,flow,18,404528,flow,12,0.0008062477764156739,0.008694434333788595,0.07512725224097379
155,12,404520,flow,19,401795,flow,3,6.855734639832676e-05,0.0010507193096925714,0.08921439258552714
155,12,404520,flow,19,401795,flow,4,7.957943157080205e-05,0.001199104096218573,0.08842035093425293
155,12,404520,flow,19,401795,flow,5,1.1837056749316899e-05,0.00021890447413120293,0.0981216140826457
155,12,404520,flow,19,401795,flow,6,7.569218790587997e-09,2.513376262516537e-07,0.12918739590628656
155,12,404520,flow,19,401795,flow,7,5.21351458318632e-07,1.2811366893836689e-05,0.11232127268388813
155,12,404520,flow,19,401795,flow,10,8.566490175830931e-10,3.204089831999101e-08,-0.13708039980544623
155,12,404520,flow,19,401795,flow,11,0.0015114867872557992,0.014614196331569053,-0.07114273776674436
155,12,404520,occupancy,0,400593,flow,3,0.0036360968889848906,0.029504016830230514,-0.06522788715534733
155,12,404520,occupancy,0,400593,flow,4,0.005578718943197349,0.04135220630510046,-0.0621711518434412
155,12,404520,occupancy,0,400593,flow,5,0.002203897815510365,0.01975687603860713,-0.06865540685613425
155,12,404520,occupancy,1,400125,flow,1,7.002098507223585e-11,2.916978355950423e-09,0.14562935913025837
155,12,404520,occupancy,1,400125,flow,2,0.00025639826553046764,0.003313312913824769,0.08194700856174328
155,12,404520,occupancy,1,400125,flow,3,0.005444164395169363,0.04055663077622288,0.06234889195562482
155,12,404520,occupancy,1,400125,flow,9,0.002634477588233623,0.022834958228670245,0.06745088636020238
155,12,404520,occupancy,1,400125,flow,10,2.194310367623591e-08,6.795283719092411e-07,0.125154055540241
155,12,404520,occupancy,1,400125,flow,11,3.0891934027992284e-13,1.6059344765454473e-11,0.1626055161358142
155,12,404520,occupancy,1,400125,flow,12,9.875568549533102e-08,2.766696247340013e-06,0.11922760606014318
155,12,404520,occupancy,3,400039,flow,1,2.655617265021072e-19,2.148364529005811e-17,0.19964666035948028
155,12,404520,occupancy,3,400039,flow,2,1.189987320111487e-08,3.8363770320012116e-07,0.12748816910086588
155,12,404520,occupancy,3,400039,flow,3,5.318781530227446e-06,0.00010692013127306918,0.10193757205137638
155,12,404520,occupancy,3,400039,flow,4,0.001572004911378059,0.015057785403887395,0.07088735349365237
155,12,404520,occupancy,3,400039,flow,9,0.0067439899377652966,0.04781231225887923,0.060775401864862626
155,12,404520,occupancy,3,400039,flow,10,8.907607328983858e-05,0.0013269263331451816,0.08781554989147165
155,12,404520,occupancy,3,400039,flow,11,2.7734347175985855e-07,7.187305326950144e-06,0.11498826186877126
155,12,404520,occupancy,3,400039,flow,12,0.00014321418942356366,0.002013949538768864,0.08522515892729994
155,12,404520,occupancy,4,400316,flow,2,0.0031019901640966844,0.026005796450943502,-0.06633185004668554
155,12,404520,occupancy,4,400316,flow,3,0.005310523856277142,0.03981740896459057,-0.06252939130660713
155,12,404520,occupancy,4,400316,flow,8,0.00024385040056550502,0.0031686214035624768,0.0822340880977646
155,12,404520,occupancy,4,400316,flow,9,2.475859950630053e-13,1.3059481058268412e-11,0.1632603190840959
155,12,404520,occupancy,4,400316,flow,10,6.632378123843027e-20,5.574294454280521e-18,0.2029412406513697
155,12,404520,occupancy,4,400316,flow,11,7.321459963502475e-14,4.0342738574401396e-12,0.16681799460029278
155,12,404520,occupancy,4,400316,flow,12,0.002839358146720339,0.024241160462118314,0.06693984572157088
155,12,404520,occupancy,5,400503,flow,1,2.111193090247589e-10,8.436960360656415e-09,0.14192500537974442
155,12,404520,occupancy,5,400503,flow,2,1.716185298435883e-06,3.8275273563464194e-05,0.10711416082545497
155,12,404520,occupancy,5,400503,flow,3,6.942666168199188e-06,0.0001353443946147134,0.10068172686969201
155,12,404520,occupancy,5,400503,flow,4,3.8917971078820455e-07,9.808963539119275e-06,0.11356420849014383
155,12,404520,occupancy,5,400503,flow,5,4.9057040003251376e-08,1.4525456669914045e-06,0.12201905075477326
155,12,404520,occupancy,5,400503,flow,6,2.1664496205654257e-08,6.718637732119626e-07,0.12520323055099844
155,12,404520,occupancy,5,400503,flow,7,1.834014382111245e-07,4.914976507891177e-06,0.1167040373787558
155,12,404520,occupancy,5,400503,flow,8,6.391287114403595e-09,2.1436615166322618e-07,0.12981708857051666
155,12,404520,occupancy,5,400503,flow,9,5.745891183623067e-13,2.9237043478506064e-11,0.16075499067637775
155,12,404520,occupancy,5,400503,flow,10,2.9580379219399692e-18,2.226258505710918e-16,0.19378119726106907
155,12,404520,occupancy,5,400503,flow,11,1.9112686888742367e-20,1.648040067053234e-18,0.20584836815599442
155,12,404520,occupancy,5,400503,flow,12,4.4343602670467146e-16,2.8464244210463305e-14,0.1809504815450132
155,12,404520,occupancy,6,405843,flow,1,2.678427820187728e-13,1.4059305204387588e-11,0.16302795580740098
155,12,404520,occupancy,6,405843,flow,2,3.1088654009241466e-12,1.4693980888394216e-10,0.1556072014559683
155,12,404520,occupancy,6,405843,flow,3,2.3975093238868813e-15,1.4838453122050613e-13,0.17640927771471335
155,12,404520,occupancy,6,405843,flow,4,1.1706607712297575e-16,7.877343507340425e-15,0.1844523322975135
155,12,404520,occupancy,6,405843,flow,5,4.037998214241782e-18,3.0024358494878653e-16,0.19301016695162101
155,12,404520,occupancy,6,405843,flow,6,1.504401752414089e-10,6.108097340628631e-09,0.14307257480718155
155,12,404520,occupancy,6,405843,flow,7,7.32949370329629e-09,2.439400061497687e-07,0.12930743356966898
155,12,404520,occupancy,6,405843,flow,8,4.6508904337461395e-11,1.9640123825790147e-09,0.14697897165321613
155,12,404520,occupancy,6,405843,flow,9,1.4655395587983365e-18,1.1245347946729687e-16,0.19550933551799496
155,12,404520,occupancy,6,405843,flow,10,3.083212391077205e-30,4.367041812935582e-28,0.25239964924506064
155,12,404520,occupancy,6,405843,flow,11,2.7183120646169447e-34,4.482102335551603e-32,0.2691044508157344
155,12,404520,occupancy,6,405843,flow,12,1.9141287350063027e-24,2.125716230135534e-22,0.22612860675336408
155,12,404520,occupancy,7,408093,flow,1,0.006043574142407706,0.04390153067967259,0.06158547480982412
155,12,404520,occupancy,7,408093,flow,2,0.000564685355943111,0.006465520110453855,0.07730450473172824
155,12,404520,occupancy,7,408093,flow,3,5.586973057307993e-05,0.000877024840391371,0.09029392416237722
155,12,404520,occupancy,7,408093,flow,4,6.844728492967174e-05,0.0010496708232026336,0.08922291463899731
155,12,404520,occupancy,7,408093,flow,5,0.0013417043679255388,0.013230227960370525,0.0719130172920056
155,12,404520,occupancy,8,401448,flow,1,0.0002596809458667527,0.0033497213680034983,0.08187407889876508
155,12,404520,occupancy,8,401448,flow,2,1.3515299836378213e-05,0.00024729392330857217,0.09747567021794291
155,12,404520,occupancy,8,401448,flow,3,1.398720078015273e-05,0.00025443166977318847,0.09730781494905494
155,12,404520,occupancy,8,401448,flow,4,1.5502898302507207e-05,0.0002791684896491502,0.09680299697464072
155,12,404520,occupancy,8,401448,flow,5,0.00012328210051880688,0.0017700523921616678,0.08605037515397429
155,12,404520,occupancy,8,401448,flow,6,0.005302006848611552,0.039784456173838495,0.06254103310224361
155,12,404520,occupancy,8,401448,flow,11,0.0003832028014845243,0.0046684605256997885,0.07961449748898897
155,12,404520,occupancy,8,401448,flow,12,0.00022410804187147172,0.002957979654398893,0.08271509275174407
155,12,404520,occupancy,9,402391,flow,1,8.177592683506505e-21,7.194949163492486e-19,0.20775592151240593
155,12,404520,occupancy,9,402391,flow,2,3.80507139418691e-13,1.9615642509412234e-11,0.16198640460768224
155,12,404520,occupancy,9,402391,flow,3,1.46973953934326e-11,6.505404518404593e-10,0.15071374059998996
155,12,404520,occupancy,9,402391,flow,4,5.387511389806003e-11,2.2662170597820774e-09,0.14649543351746475
155,12,404520,occupancy,9,402391,flow,5,7.365716469922735e-10,2.7790301441105863e-08,0.13761091871964976
155,12,404520,occupancy,9,402391,flow,6,1.1494492796960173e-08,3.7167821020110735e-07,0.1276191248864598
155,12,404520,occupancy,9,402391,flow,7,2.2169321584095846e-08,6.855509609398286e-07,0.1251145709218671
155,12,404520,occupancy,9,402391,flow,8,1.1030469564745202e-09,4.0727887623674594e-08,0.13618775531520944
155,12,404520,occupancy,9,402391,flow,9,2.434320724581645e-16,1.593373565180713e-14,0.18253601762603075
155,12,404520,occupancy,9,402391,flow,10,1.889504971996395e-21,1.740439547766402e-19,0.21114186077527333
155,12,404520,occupancy,9,402391,flow,11,1.3125053408776642e-20,1.1454592065841432e-18,0.20671795276174287
155,12,404520,occupancy,9,402391,flow,12,3.3351018675070814e-15,2.040742219211132e-13,0.1755068630502034
155,12,404520,occupancy,10,400497,flow,3,2.8354371271894323e-18,2.141449019136075e-16,0.19388581738209146
155,12,404520,occupancy,10,400497,flow,4,5.425889269269794e-29,7.324950513514223e-27,0.24701218076392642
155,12,404520,occupancy,10,400497,flow,5,1.2258763502368737e-11,5.482179951369871e-10,0.15129349942421283
155,12,404520,occupancy,10,400497,flow,8,4.7695851296559955e-14,2.6518156705423296e-12,0.16805106941325101
155,12,404520,occupancy,10,400497,flow,9,1.6815626226605388e-70,5.044687867981617e-68,0.3832613769375916
155,12,404520,occupancy,10,400497,flow,10,1.333038253171495e-115,6.619224429541217e-113,0.4811518608717195
155,12,404520,occupancy,10,400497,flow,11,3.9526649769772034e-79,1.3340244297298061e-76,0.4046734269961044
155,12,404520,occupancy,10,400497,flow,12,9.983352142181813e-09,3.262335949638838e-07,0.12815032693099762
155,12,404520,occupancy,11,405841,flow,1,2.6668064143202312e-05,0.00045880540461423335,-0.09409980916640184
155,12,404520,occupancy,11,405841,flow,2,0.00064733682996652,0.0072410541311635586,-0.07647586950004684
155,12,404520,occupancy,11,405841,flow,12,0.00046517779845392656,0.005508684455375446,-0.07846706392354989
155,12,404520,occupancy,12,404520,flow,2,7.198890198950399e-05,0.0010985236898433672,-0.08895497417877482
155,12,404520,occupancy,12,404520,flow,4,0.006690126213789579,0.04752503479208311,0.06083494621843
155,12,404520,occupancy,12,404520,flow,5,2.1914017068848847e-06,4.790918711408249e-05,0.10601578884203508
155,12,404520,occupancy,12,404520,flow,6,1.6415872907091358e-07,4.432285684914667e-06,0.11715976701496739
155,12,404520,occupancy,12,404520,flow,7,1.3398684182180576e-08,4.2654617293308837e-07,0.12703895071773844
155,12,404520,occupancy,12,404520,flow,8,4.182746079027192e-15,2.5166383093868343e-13,0.17488492794362412
155,12,404520,occupancy,12,404520,flow,9,1.2451453187955295e-24,1.4007884836449706e-22,0.22702785475727902
155,12,404520,occupancy,12,404520,flow,10,2.065743950154876e-26,2.4857977338911044e-24,0.23541171188738738
155,12,404520,occupancy,12,404520,flow,11,2.9186695223897736e-11,1.255841866207552e-09,0.14850090719675738
155,12,404520,occupancy,14,401469,flow,1,9.098552386314275e-05,0.0013502489285083363,0.08770133810370413
155,12,404520,occupancy,14,401469,flow,2,0.00014448710418582062,0.0020272825233287888,0.08517620642880104
155,12,404520,occupancy,14,401469,flow,3,2.59069375751343e-05,0.00044677832464902267,0.09424592688729153
155,12,404520,occupancy,14,401469,flow,4,1.4425605624860235e-06,3.2576380710609625e-05,0.10788814825694493
155,12,404520,occupancy,14,401469,flow,5,2.9023988985618594e-07,7.485589995096856e-06,0.11479819821863364
155,12,404520,occupancy,14,401469,flow,6,1.8505263693663208e-07,4.946951680484224e-06,0.11666711165389569
155,12,404520,occupancy,14,401469,flow,7,2.3537264173749163e-06,5.107030699678372e-05,0.10569264770880117
155,12,404520,occupancy,14,401469,flow,8,5.158768642299838e-07,1.2698507427199601e-05,0.11236637735975051
155,12,404520,occupancy,14,401469,flow,9,5.079044864715118e-07,1.253082456628744e-05,0.11243289284182158
155,12,404520,occupancy,14,401469,flow,10,3.140295838108023e-07,8.036776078570297e-06,0.11446804606115149
155,12,404520,occupancy,14,401469,flow,11,1.8467049928003236e-10,7.4211772733929285e-09,0.14237940181876946
155,12,404520,occupancy,14,401469,flow,12,1.697598745329859e-09,6.096115195199493e-08,0.1346519084851908
155,12,404520,occupancy,15,401472,flow,1,8.052833673025181e-23,8.090288713364832e-21,0.21813873843073156
155,12,404520,occupancy,15,401472,flow,3,0.000658601797280258,0.0073423477787115205,-0.07637064583820158
155,12,404520,occupancy,15,401472,flow,7,0.001348057091073835,0.013268641224513484,-0.07188261785935432
155,12,404520,occupancy,15,401472,flow,9,4.858736168267439e-38,8.782318094943656e-36,0.28355517966473204
155,12,404520,occupancy,15,401472,flow,10,6.436115205557552e-125,3.390733864391296e-122,0.4979167081727306
155,12,404520,occupancy,15,401472,flow,11,9.282028657216454e-154,6.265369343621107e-151,0.5445704450042879
155,12,404520,occupancy,15,401472,flow,12,1.884733587220697e-50,4.2406505712465684e-48,0.3261793349858435
155,12,404520,occupancy,16,405838,flow,1,1.5208636900746996e-16,1.0123468630389371e-14,0.18376968120079143
155,12,404520,occupancy,16,405838,flow,2,1.6463414746456957e-17,1.189330296065118e-15,0.18948733262350156
155,12,404520,occupancy,16,405838,flow,3,1.5022543078590446e-16,1.0046034999924261e-14,0.1838018541669819
155,12,404520,occupancy,16,405838,flow,4,1.1380114260296118e-19,9.418025594727822e-18,0.2016658553981887
155,12,404520,occupancy,16,405838,flow,5,3.8774830833908414e-21,3.5043361757841917e-19,0.20951271145667377
155,12,404520,occupancy,16,405838,flow,6,5.54946937988877e-17,3.8981638570926e-15,0.1863850709237504
155,12,404520,occupancy,16,405838,flow,7,3.262906539156958e-13,1.692167616945745e-11,0.16244324142960842
155,12,404520,occupancy,16,405838,flow,8,1.326648814927279e-09,4.8323127154180814e-08,0.13553233233045583
155,12,404520,occupancy,16,405838,flow,9,2.571488305687603e-10,1.0154323108382491e-08,0.14125278741831263
155,12,404520,occupancy,16,405838,flow,10,2.181902354304287e-15,1.35623283030137e-13,0.17666603578607268
155,12,404520,occupancy,16,405838,flow,11,2.9416818734878205e-23,3.0329512394910227e-21,0.22032139713918572
155,12,404520,occupancy,16,405838,flow,12,1.1997516324217568e-24,1.356787186403662e-22,0.2271053359912348
155,12,404520,occupancy,17,400260,flow,1,5.553184564500235e-40,1.0709713088679023e-37,0.29071751274407787
155,12,404520,occupancy,17,400260,flow,2,1.6530367824816052e-31,2.523363569017857e-29,0.2577666507930837
155,12,404520,occupancy,17,400260,flow,3,5.602702413009467e-24,6.081325232211281e-22,0.22386547636273274
155,12,404520,occupancy,17,400260,flow,4,2.737503524370557e-16,1.7837127036622633e-14,0.18222681966233426
155,12,404520,occupancy,17,400260,flow,5,1.964436353875359e-11,8.580753335431296e-10,0.14978196664258162
155,12,404520,occupancy,17,400260,flow,6,7.879522288365991e-05,0.0011893618548476969,0.0884732992416313
155,12,404520,occupancy,17,400260,flow,10,5.970011575110041e-06,0.00011835910970387967,0.10139494928816331
155,12,404520,occupancy,17,400260,flow,11,1.7016315622494246e-20,1.4731559817469967e-18,0.2061175996068114
155,12,404520,occupancy,17,400260,flow,12,6.822139041601645e-37,1.2178363908974837e-34,0.27922260257333664
155,12,404520,occupancy,18,404528,flow,1,9.509133303003989e-19,7.42847303236478e-17,0.1965657455065912
155,12,404520,occupancy,18,404528,flow,2,2.923251847705408e-09,1.0143331712519969e-07,0.13269085303781566
155,12,404520,occupancy,18,404528,flow,3,1.1830491287885387e-05,0.00021887675530477463,0.09812430866267165
155,12,404520,occupancy,18,404528,flow,4,0.0005212171084362312,0.006051217168622732,0.07778677096497626
155,12,404520,occupancy,18,404528,flow,5,0.002091177881006874,0.01896282209477266,0.06900630897798309
155,12,404520,occupancy,18,404528,flow,6,0.0021348953728064658,0.019266237749162172,0.06886820350887843
155,12,404520,occupancy,18,404528,flow,7,0.007053567075566105,0.04960346698102812,0.06044123460695806
155,12,404520,occupancy,18,404528,flow,9,0.001856767065143787,0.0172166424585129,0.06979531204516608
155,12,404520,occupancy,18,404528,flow,10,4.778227035504141e-06,9.695603942403893e-05,0.10243864083489469
155,12,404520,occupancy,18,404528,flow,11,7.668300491937423e-08,2.1808464861862848e-06,0.1202441245801513
155,12,404520,occupancy,18,404528,flow,12,3.3193916487332483e-07,8.46503655403048e-06,0.11423505281268524
155,12,404520,occupancy,19,401795,flow,1,1.1318085505245944e-16,7.654624318953344e-15,0.1845401789482401
155,12,404520,occupancy,19,401795,flow,2,1.7467779691389287e-09,6.257115113333476e-08,0.1345495637042105
155,12,404520,occupancy,19,401795,flow,3,7.958406924263696e-08,2.254447076250437e-06,0.12009542971255462
155,12,404520,occupancy,19,401795,flow,4,6.301226733813428e-06,0.00012418476044741793,0.10114034776330075
155,12,404520,occupancy,19,401795,flow,5,0.003167491455181514,0.02642124558096957,0.06618754177663434
155,12,404520,occupancy,19,401795,flow,11,4.1150598021472576e-05,0.0006702933410347243,0.09188519073565049
155,12,404520,occupancy,19,401795,flow,12,5.261523022197868e-08,1.5430943283024296e-06,0.12174248258326403
155,12,404520,speed,1,400125,flow,8,0.0026377717107777727,0.022847511922773338,0.06744238680058805
155,12,404520,speed,2,400331,flow,3,0.004685357960995454,0.036073331654785885,0.06343241181610339
155,12,404520,speed,3,400039,flow,12,0.00035651823386990543,0.004391670288902172,-0.08003796475354653
155,12,404520,speed,4,400316,flow,1,0.0011696536987715455,0.011789323328728597,0.07279134398514447
155,12,404520,speed,4,400316,flow,3,0.00039270197900512287,0.0047653723295003675,0.07947037793559639
155,12,404520,speed,4,400316,flow,11,1.2180449878182025e-05,0.00022477378673108222,-0.09798262984556805
155,12,404520,speed,6,405843,flow,9,0.0038748316929123517,0.030987176811146537,-0.06478150918350604
155,12,404520,speed,6,405843,flow,11,0.0012284897505211066,0.012307689522845965,-0.07247830257655999
155,12,404520,speed,7,408093,flow,2,1.1345709174125424e-05,0.00021071996402502937,0.09832732051810651
155,12,404520,speed,7,408093,flow,9,0.000431224522801247,0.005154648418653533,0.07891744531151736
155,12,404520,speed,7,408093,flow,11,4.159399408639605e-05,0.0006762741981679749,0.09182984898382372
155,12,404520,speed,10,400497,flow,3,1.3231956120922963e-05,0.0002427263288424085,0.09757916056650237
155,12,404520,speed,10,400497,flow,9,0.007060195076626032,0.049633918195320516,0.060434225169470536
155,12,404520,speed,10,400497,flow,11,0.0035017800677410917,0.028634658134850492,-0.0654908757701255
155,12,404520,speed,11,405841,flow,2,8.69249304956908e-05,0.00130071250343396,0.08794702017399317
155,12,404520,speed,11,405841,flow,3,2.6611465599520937e-05,0.0004583793117620831,0.09411053743429826
155,12,404520,speed,12,404520,flow,1,0.0004070447231428532,0.004906342645025463,0.07925882480060419
155,12,404520,speed,12,404520,flow,3,9.683344854457096e-06,0.0001831525821858785,0.09909251150204061
155,12,404520,speed,12,404520,flow,11,0.0009314720232716637,0.009769262297969379,-0.07422852923969325
155,12,404520,speed,13,400183,flow,1,0.004936515092090824,0.037598281378406845,0.06305725706686693
155,12,404520,speed,14,401469,flow,6,0.002535376606478245,0.022185187239185777,-0.0677112394466784
155,12,404520,speed,14,401469,flow,8,0.002469876822032547,0.02170878508887203,-0.06788847140010877
155,12,404520,speed,15,401472,flow,3,7.219574355553583e-07,1.735590496159793e-05,0.11092168889885387
155,12,404520,speed,15,401472,flow,4,8.60581730888594e-07,2.0359874465710438e-05,0.11015949982954332
155,12,404520,speed,15,401472,flow,5,0.005521611899834603,0.04102040138828114,0.06224611007349004
155,12,404520,speed,15,401472,flow,11,0.0002156960949705136,0.0028600587178410643,-0.08293223010149452
155,12,404520,speed,15,401472,flow,12,0.0004794346098245732,0.005657354587386387,-0.07828703153058682
155,12,404520,speed,16,405838,flow,2,0.0002590217391317129,0.0033442137269844583,-0.08188865457952912
155,12,404520,speed,16,405838,flow,3,0.0030780169772093796,0.025854624424546994,-0.06638536098052213
155,12,404520,speed,17,400260,flow,1,1.3675074563676954e-07,3.7437466486111813e-06,-0.1179071142505961
155,12,404520,speed,17,400260,flow,2,1.0731913604862065e-08,3.483235670398507e-07,-0.12787810505237454
155,12,404520,speed,17,400260,flow,3,3.080185001161584e-05,0.0005218195766673742,-0.09336945966387168
155,12,404520,speed,17,400260,flow,4,0.003515303146965011,0.028723490816888308,-0.06546398664963993
155,12,404520,speed,17,400260,flow,5,0.0018311241745852878,0.017019054290465668,-0.06988709844568523
155,12,404520,speed,19,401795,flow,1,0.0010927823144561218,0.011107810819883403,-0.07322301873760925
155,12,404520,speed,19,401795,flow,2,0.0024129914624325447,0.02127072933709409,-0.06804591600268775
155,12,404520,speed,19,401795,flow,9,0.0022069022828905024,0.019778278769452304,0.06864628069611799
155,12,404520,speed,19,401795,flow,10,0.004619299757764613,0.03567281900883648,0.0635341024081849
155,13,400183,flow,0,400593,flow,4,1.1774011220365829e-11,5.292791724451652e-10,0.151384407682249
155,13,400183,flow,0,400593,flow,12,0.0011362025552597,0.011492378924659106,0.0729758689091658
155,13,400183,flow,1,400125,flow,9,0.006392386975486013,0.0458694444920833,0.06117207147092847
155,13,400183,flow,2,400331,flow,2,0.003336759191948668,0.02753543401951909,0.06582684003783998
155,13,400183,flow,2,400331,flow,4,0.001021397139932476,0.010523338050341752,0.07364979405715912
155,13,400183,flow,2,400331,flow,5,0.00012013188589653952,0.0017322087686016381,0.08619217906889672
155,13,400183,flow,3,400039,flow,2,0.0001866321903738531,0.002517960844519192,0.08374906265769402
155,13,400183,flow,3,400039,flow,6,0.0011159084711098932,0.011313599143850595,0.07309027721209661
155,13,400183,flow,3,400039,flow,11,0.001241224240131794,0.012415116270825075,0.07241237338248015
155,13,400183,flow,5,400503,flow,3,0.005917953412021713,0.043250793590738724,0.061739631320561136
155,13,400183,flow,5,400503,flow,6,0.00141032247921988,0.013799757894065418,0.0715914565938971
155,13,400183,flow,5,400503,flow,12,0.0011437708569383715,0.011555402483568206,0.072933685209176
155,13,400183,flow,7,408093,flow,1,0.0010556887961273589,0.01082243853647411,0.07344145299926497
155,13,400183,flow,7,408093,flow,3,1.117771353452213e-06,2.5933255891050266e-05,0.10901538920303246
155,13,400183,flow,7,408093,flow,5,0.004136754646416191,0.03269443847881073,0.06431962897246737
155,13,400183,flow,7,408093,flow,6,0.006304497612138374,0.045434516765641995,0.06127428638256159
155,13,400183,flow,7,408093,flow,7,0.0010399220650200945,0.010681082550848332,0.07353645539717364
155,13,400183,flow,7,408093,flow,8,0.006672934651104381,0.0474285582309492,0.06085404152238584
155,13,400183,flow,7,408093,flow,9,0.001317537158518808,0.013048511060984069,0.07202988942531528
155,13,400183,flow,7,408093,flow,10,2.2702195584504986e-06,4.938241939831901e-05,0.10585611702698895
155,13,400183,flow,7,408093,flow,11,9.66574382877499e-05,0.0014226921069951605,0.08737494972504725
155,13,400183,flow,7,408093,flow,12,0.0001390373057349569,0.001964163377289123,0.08538871645603942
155,13,400183,flow,10,400497,flow,5,0.004414135557764632,0.03438206380304373,0.06385854758555061
155,13,400183,flow,10,400497,flow,11,6.608475323462875e-06,0.00012935484094861633,0.10091536077711803
155,13,400183,flow,11,405841,flow,2,3.411629682492584e-05,0.0005694837800760418,0.09284827813719637
155,13,400183,flow,11,405841,flow,3,2.3266754493271002e-05,0.00040512849419964013,0.09478649157286491
155,13,400183,flow,11,405841,flow,4,1.3570664258974178e-05,0.0002480967820514958,0.09745569032786693
155,13,400183,flow,11,405841,flow,6,1.631228089683388e-05,0.0002931325019730547,0.09655238138588453
155,13,400183,flow,11,405841,flow,7,0.0030860287304016647,0.02591184473340173,0.06636743569905094
155,13,400183,flow,11,405841,flow,10,0.002228408783779082,0.019926983949338922,0.0685812843006832
155,13,400183,flow,11,405841,flow,11,5.4766938625122055e-06,0.00010963539150163451,0.10180038293188325
155,13,400183,flow,13,400183,flow,1,1.0415142041433062e-12,5.17760801139135e-11,0.15892128059653232
155,13,400183,flow,13,400183,flow,2,1.1977337828146393e-30,1.736312060993034e-28,0.2540241613617295
155,13,400183,flow,13,400183,flow,3,8.620292709119556e-31,1.2538607576901174e-28,0.2546288685806749
155,13,400183,flow,13,400183,flow,4,8.291115454739757e-11,3.424246535800741e-09,0.1450683184056213
155,13,400183,flow,13,400183,flow,5,8.63518006234994e-14,4.7400226009341475e-12,0.16629931030456882
155,13,400183,flow,13,400183,flow,6,0.0004688371531335226,0.00554441965928502,0.07842036869107401
155,13,400183,flow,13,400183,flow,7,0.0002440279253552623,0.0031695749775548197,0.08222993089868022
155,13,400183,flow,13,400183,flow,8,5.610908818632554e-05,0.0008804622628584319,0.090271494281226
155,13,400183,flow,13,400183,flow,9,3.5599531883623845e-08,1.073202915123901e-06,0.12327783177417079
155,13,400183,flow,13,400183,flow,10,5.263116253271042e-07,1.2925902338903298e-05,0.1122807986596628
155,13,400183,flow,13,400183,flow,11,0.00018957851676652064,0.0025509624780024184,0.08366100901133025
155,13,400183,flow,14,401469,flow,1,0.002006862900955714,0.018356230641813857,0.06928030675000395
155,13,400183,flow,14,401469,flow,5,0.002871401672870447,0.024466381117949368,0.06686298104756117
155,13,400183,flow,14,401469,flow,7,1.980446092791748e-06,4.369523555087003e-05,0.10647191912970665
155,13,400183,flow,14,401469,flow,8,0.002121835152347931,0.019183022794147422,0.0689091877755973
155,13,400183,flow,14,401469,flow,11,0.0011621304709428625,0.01172169888973422,0.07283241522437855
155,13,400183,flow,14,401469,flow,12,0.005331611205903253,0.03993854761488131,0.06250063960772236
155,13,400183,flow,15,401472,flow,1,0.005474832239800107,0.040764004267384454,0.06230803539852936
155,13,400183,flow,16,405838,flow,1,0.0004925027312163011,0.005779983153638741,0.07812634021801186
155,13,400183,flow,16,405838,flow,11,5.101877448591923e-05,0.0008108944289152726,0.09076927021062842
155,13,400183,flow,17,400260,flow,2,0.00023595684947203614,0.0030832836954603634,0.08242186468089241
155,13,400183,flow,17,400260,flow,10,0.004680890768136395,0.03605178840853847,0.06343924762894518
155,13,400183,flow,18,404528,flow,10,0.0021032333283709384,0.01904815089845378,0.0689679630386943
155,13,400183,flow,19,401795,flow,1,0.0024726336212611043,0.021724175806076818,0.06788092579690284
155,13,400183,flow,19,401795,flow,9,0.0002618600758637001,0.0033727952526272638,0.08182614177282045
155,13,400183,flow,19,401795,flow,10,0.003802142819086608,0.03055172453433523,0.06491471253823052
155,13,400183,occupancy,0,400593,flow,4,0.0012918577905768577,0.012850162687755065,-0.07215626067552099
155,13,400183,occupancy,2,400331,flow,5,0.00030340704507791455,0.0038291511385819188,0.08097717354152793
155,13,400183,occupancy,5,400503,flow,6,0.0027195958876443218,0.023413021591517476,0.06723431389332679
155,13,400183,occupancy,7,408093,flow,3,0.0002067024734538839,0.0027568838694682876,0.08317335303946403
155,13,400183,occupancy,10,400497,flow,5,0.006803727725621867,0.048175878994732774,0.06070986143263199
155,13,400183,occupancy,10,400497,flow,6,0.00535806871896773,0.0400741981751049,0.06246471071952752
155,13,400183,occupancy,13,400183,flow,1,6.4619380972134025e-12,2.966585821462476e-10,0.15332197146267357
155,13,400183,occupancy,13,400183,flow,3,2.8734904600268266e-06,6.115014180943789e-05,-0.10478536904117053
155,13,400183,occupancy,13,400183,flow,4,3.4307059702440487e-06,7.19099941361198e-05,0.10397316117105443
155,13,400183,occupancy,13,400183,flow,5,2.1835093240671013e-19,1.7797660905603543e-17,-0.20011500236458124
155,13,400183,occupancy,14,401469,flow,7,0.0031848980443212474,0.026540817036010397,0.06614964997068246
155,13,400183,occupancy,16,405838,flow,1,0.0008147376436654458,0.008770047276909413,0.0750623653196189
155,13,400183,occupancy,16,405838,flow,11,0.003473483674030044,0.028435568451411385,0.0655474468230448
155,13,400183,occupancy,19,401795,flow,1,0.00567358715132673,0.04188294000979404,0.062048144379534396
155,13,400183,speed,10,400497,flow,9,0.005726784912420621,0.04219633433678507,0.06197997638805862
155,13,400183,speed,15,401472,flow,5,0.0011716972880702868,0.011798909753994497,-0.07278022963735174
155,13,400183,speed,15,401472,flow,9,2.1987272611548175e-05,0.0003839329736535494,0.09506980536205233
155,13,400183,speed,15,401472,flow,10,0.006003860218682914,0.043682071454496124,0.06163389570727731
155,14,401469,flow,0,400593,flow,8,0.002032410126260219,0.018552503354449194,0.06919618884274423
155,14,401469,flow,3,400039,flow,5,0.000768337900273723,0.008369187415992142,0.07542495086939627
155,14,401469,flow,3,400039,flow,6,8.88111193700979e-05,0.0013252643719475748,0.08783158008567478
155,14,401469,flow,4,400316,flow,7,0.0031378807150896255,0.026250280188201358,0.06625243828759649
155,14,401469,flow,4,400316,flow,12,0.001436732453703758,0.014010573814898949,0.07147152356525535
155,14,401469,flow,5,400503,flow,2,0.00016954613257100706,0.002324466178060141,0.08428699667378368
155,14,401469,flow,5,400503,flow,4,0.0013393156831958872,0.013219246255335174,0.07192448210590743
155,14,401469,flow,6,405843,flow,2,0.0038577692770469098,0.030896483642644884,0.06481257126531785
155,14,401469,flow,6,405843,flow,3,5.122666297922941e-06,0.00010341083367769676,0.10211348109605399
155,14,401469,flow,6,405843,flow,6,0.002589132681215596,0.022564158125582764,0.06756888354516385
155,14,401469,flow,6,405843,flow,8,0.0046950133090137664,0.03612194881295619,0.06341765707624875
155,14,401469,flow,6,405843,flow,9,0.004893034148998047,0.037319751983883404,0.06312095080793562
155,14,401469,flow,6,405843,flow,11,0.0006724956776488965,0.007474096546033529,0.07624314548585505
155,14,401469,flow,8,401448,flow,7,0.00020539761018314393,0.0027411533630376317,0.08320915203074686
155,14,401469,flow,12,404520,flow,12,0.001591332456478176,0.015221141685335404,0.07080769634253697
155,14,401469,flow,13,400183,flow,6,0.004886478309137532,0.03727633108859993,0.0631305985811576
155,14,401469,flow,14,401469,flow,1,3.4597589027485847e-110,1.6071138128896653e-107,0.4707531027385274
155,14,401469,flow,14,401469,flow,2,5.056535712007078e-27,6.241209793105879e-25,0.23809928296238525
155,14,401469,flow,14,401469,flow,3,0.0003233421946910005,0.004049980519179827,0.08058758812653953
155,14,401469,flow,14,401469,flow,4,3.0805024734105835e-06,6.485268365074912e-05,0.10444111355901624
155,14,401469,flow,14,401469,flow,12,0.0018707021988758695,0.01731983175984517,0.06974591942073513
155,14,401469,flow,16,405838,flow,1,4.234959636957016e-06,8.703627798122887e-05,0.10300017310128576
155,14,401469,flow,16,405838,flow,2,0.0010909020081274956,0.011091307778561498,0.07323392528967841
155,14,401469,flow,17,400260,flow,1,1.2687560390841914e-05,0.00023353328030863686,0.09778406916678725
155,14,401469,flow,17,400260,flow,2,7.950055323808853e-05,0.0011983335310137557,0.08842565430399055
155,14,401469,flow,17,400260,flow,3,0.0012578257324133417,0.012543414506061026,0.07232735485702782
155,14,401469,flow,17,400260,flow,4,0.0001068707743606058,0.001559735625803436,0.08683033298919716
155,14,401469,flow,17,400260,flow,5,0.0023381440027502643,0.020702566287930196,0.06825832970450343
155,14,401469,flow,17,400260,flow,10,0.003281771366368084,0.02720117479414836,0.0659421529057658
155,14,401469,flow,19,401795,flow,1,0.001037378889605661,0.010660030454558649,0.07355190388670309
155,14,401469,flow,19,401795,flow,3,0.001566493673082631,0.015021648540992154,0.0709102327860558
155,14,401469,occupancy,6,405843,flow,6,0.0003382337890833131,0.004204805665726367,0.08034558419704159
155,14,401469,occupancy,6,405843,flow,12,0.0026380414229350323,0.022847511922773338,0.06744169131346811
155,14,401469,occupancy,7,408093,flow,3,0.001889755068972947,0.01745911683635395,-0.06967893090008899
155,14,401469,occupancy,10,400497,flow,2,0.0004801904149324282,0.005664725812419688,-0.07827762725234548
155,14,401469,occupancy,10,400497,flow,5,0.0002831839479117987,0.0036065880158578137,0.08137582021163073
155,14,401469,occupancy,10,400497,flow,6,0.0021987057796538745,0.01973080383902106,0.06867120471347286
155,14,401469,occupancy,10,400497,flow,8,0.0009341744937849604,0.009792286641561095,-0.07421039700832083
155,14,401469,occupancy,10,400497,flow,11,0.00594584985597515,0.0433937551536752,0.061705145202721
155,14,401469,occupancy,10,400497,flow,12,0.007125813442623786,0.04999758660408438,0.06036514726226853
155,14,401469,occupancy,11,405841,flow,8,0.0051746091783067775,0.03908096442357566,-0.06271721680338965
155,14,401469,occupancy,11,405841,flow,9,0.004505416253120942,0.0349872338908547,-0.06371254676575108
155,14,401469,occupancy,13,400183,flow,7,0.002279478058422919,0.020295435309948495,-0.0684292161198505
155,14,401469,occupancy,14,401469,flow,1,2.605201035564379e-06,5.585344155651671e-05,-0.10523199383666225
155,14,401469,occupancy,15,401472,flow,3,0.004095397894001098,0.0324150218066778,-0.06439076219606535
155,14,401469,occupancy,15,401472,flow,6,0.00032595872002338434,0.004076843284600522,0.0805609482188615
155,14,401469,occupancy,15,401472,flow,7,0.00010678963898083231,0.001559078203437633,0.08683446252046097
155,14,401469,occupancy,17,400260,flow,1,0.005854701529216068,0.04287559011054995,0.061818370046487145
155,14,401469,occupancy,19,401795,flow,2,0.0027885151777131637,0.023887340011344176,0.06706344533027885
155,14,401469,speed,10,400497,flow,5,0.0007499182841127614,0.008191269247451654,-0.07557454875314214
155,14,401469,speed,10,400497,flow,6,0.005991651122132183,0.04363968869707496,-0.06164883950836563
155,14,401469,speed,12,404520,flow,11,0.007029806389272713,0.049500837166516896,-0.06046641136701865
155,14,401469,speed,14,401469,flow,9,0.006338012443044505,0.04561504772610291,-0.06123515852698409
155,14,401469,speed,15,401472,flow,6,0.005437828080744166,0.040523404017275826,-0.062357359240474156
155,14,401469,speed,15,401472,flow,7,0.004048796349541798,0.032134485081794166,-0.06447170123574447
155,14,401469,speed,18,404528,flow,10,0.00563287763030229,0.04166072823644221,-0.062100700067148774
155,15,401472,flow,0,400593,flow,10,0.0001225745778960506,0.0017621370266586974,0.08608192389898109
155,15,401472,flow,1,400125,flow,1,1.170027282589941e-12,5.7832012137168705e-11,0.1586074357831207
155,15,401472,flow,1,400125,flow,8,0.0009717704623695278,0.010106038510920462,-0.07396305914347619
155,15,401472,flow,1,400125,flow,9,0.0017546652291671413,0.016507303549656033,-0.07016795767961763
155,15,401472,flow,1,400125,flow,11,1.2047309205494457e-06,2.775700040945923e-05,0.1086854665068797
155,15,401472,flow,1,400125,flow,12,4.2352140334124027e-19,3.3881712267299223e-17,0.1985251626874264
155,15,401472,flow,3,400039,flow,1,7.1940925036599e-14,3.974230129899075e-12,0.16686867349635165
155,15,401472,flow,3,400039,flow,2,2.2680758619065908e-05,0.0003957224444037348,0.0949143594775864
155,15,401472,flow,3,400039,flow,9,0.0005531151073538774,0.006349873143153734,-0.07742940352798776
155,15,401472,flow,3,400039,flow,10,0.0021221218966025585,0.019183022794147422,-0.0689082854648768
155,15,401472,flow,3,400039,flow,11,0.005999785984775135,0.04366421067087026,0.061638879481085804
155,15,401472,flow,3,400039,flow,12,4.6696926679055694e-08,1.3874190044946395e-06,0.12221342902145471
155,15,401472,flow,4,400316,flow,1,5.043931924428557e-11,2.1258327720518406e-09,0.14671235635119603
155,15,401472,flow,4,400316,flow,3,3.0078702024257195e-09,1.0420207918587898e-07,-0.13258709723383877
155,15,401472,flow,4,400316,flow,4,0.0031973095710961254,0.02662883621965541,-0.06612274675821386
155,15,401472,flow,4,400316,flow,8,0.0022359108469471793,0.019985795279974787,-0.0685587468363478
155,15,401472,flow,4,400316,flow,10,0.00016758728943181824,0.00230076029283548,0.08435189220389352
155,15,401472,flow,4,400316,flow,11,1.2248460035001715e-23,1.2937248741126507e-21,0.2222015362323535
155,15,401472,flow,4,400316,flow,12,2.418229976234768e-21,2.213295232486059e-19,0.21058424829746017
155,15,401472,flow,5,400503,flow,1,1.6193607067283474e-12,7.869109396025265e-11,0.15761605128312348
155,15,401472,flow,5,400503,flow,2,0.0026352385469706092,0.022836971961711198,0.0674489220576626
155,15,401472,flow,5,400503,flow,6,0.0002763046919389613,0.003532513374301015,0.08151752295925514
155,15,401472,flow,5,400503,flow,7,0.006539391389050219,0.04667906609500487,0.06100389675614117
155,15,401472,flow,5,400503,flow,11,6.055335958065836e-06,0.00011977587609360996,0.10132809364557721
155,15,401472,flow,5,400503,flow,12,9.589828205099477e-17,6.6073457489680614e-15,0.18497082031191542
155,15,401472,flow,6,405843,flow,1,4.239351471289179e-11,1.8025588933040605e-09,0.1472828583597224
155,15,401472,flow,6,405843,flow,2,6.083579844762922e-07,1.481458000528513e-05,0.11165982419334435
155,15,401472,flow,6,405843,flow,4,0.003410780670029855,0.027996527635434112,0.06567431322958102
155,15,401472,flow,6,405843,flow,5,7.434694826110541e-06,0.00014376849439927278,0.10035660796135348
155,15,401472,flow,6,405843,flow,6,2.559539031872373e-08,7.853131120517507e-07,0.12456007259332222
155,15,401472,flow,6,405843,flow,11,1.2174627208444735e-12,6.010787376055e-11,0.15848654585371375
155,15,401472,flow,6,405843,flow,12,2.5360994257140257e-16,1.657481016502964e-14,0.18242818437388755
155,15,401472,flow,7,408093,flow,4,0.0002273551441131589,0.002995346820886997,0.08263331530091973
155,15,401472,flow,7,408093,flow,6,0.0004704618553625973,0.005560588823984735,0.07839974548367933
155,15,401472,flow,8,401448,flow,2,0.003354053474566557,0.027635916479358244,0.0657743878840299
155,15,401472,flow,8,401448,flow,9,5.4953393228911015e-05,0.0008638961380964178,-0.09038064200937944
155,15,401472,flow,8,401448,flow,10,0.001775863022922002,0.016636712246156853,-0.07008898207397227
155,15,401472,flow,9,402391,flow,1,1.550225091788423e-12,7.541635581673409e-11,0.15774951029070966
155,15,401472,flow,9,402391,flow,11,1.7887533993944243e-09,6.402166267923705e-08,0.13446440581677965
155,15,401472,flow,9,402391,flow,12,1.546898543396433e-12,7.533936536045762e-11,0.15775607808680375
155,15,401472,flow,10,400497,flow,1,2.572866200907655e-15,1.59009756622619e-13,0.1762166868663193
155,15,401472,flow,10,400497,flow,2,5.134812713211849e-07,1.2661182032577162e-05,-0.11238625967444367
155,15,401472,flow,10,400497,flow,3,2.6089691693993483e-07,6.793699102956712e-06,-0.1152434203627682
155,15,401472,flow,10,400497,flow,4,2.0666561705988924e-05,0.00036277751552162593,0.0953791950223109
155,15,401472,flow,10,400497,flow,5,1.9399033348776375e-43,3.99065828889114e-41,0.30297760657612727
155,15,401472,flow,10,400497,flow,6,3.493202365317947e-19,2.810173969864717e-17,0.19898877826532752
155,15,401472,flow,10,400497,flow,7,0.00021532955525272295,0.002856952330134408,-0.08294187118512267
155,15,401472,flow,10,400497,flow,8,2.385799215781133e-28,3.151881532775075e-26,-0.24417809413489064
155,15,401472,flow,10,400497,flow,9,6.822627724298974e-08,1.963607712789578e-06,-0.12071086922526997
155,15,401472,flow,10,400497,flow,10,1.8369872557050845e-30,2.645261648215322e-28,0.25335883100316775
155,15,401472,flow,10,400497,flow,11,4.317370663658844e-112,2.072337918556245e-109,0.47458449491593085
155,15,401472,flow,10,400497,flow,12,3.3226079783465265e-90,1.27023597048292e-87,0.43004041861646086
155,15,401472,flow,11,405841,flow,2,0.00034226975541217885,0.004248865929254634,-0.0802763683627979
155,15,401472,flow,11,405841,flow,11,0.0023223724368731232,0.020600921821954603,0.06830388115192056
155,15,401472,flow,12,404520,flow,1,0.00014269610127426018,0.0020092801743963624,0.08524520037745079
155,15,401472,flow,12,404520,flow,2,1.699144124644072e-11,7.474849916967812e-10,-0.15024864631028606
155,15,401472,flow,12,404520,flow,3,2.2797750340308064e-26,2.7357300408369673e-24,-0.23521390722425572
155,15,401472,flow,12,404520,flow,4,1.7316077496636883e-05,0.00030924123516110514,-0.09625752717838595
155,15,401472,flow,12,404520,flow,6,0.00039877809783964217,0.0048255500915049135,0.07937988976762038
155,15,401472,flow,12,404520,flow,10,3.3992894152481344e-10,1.3229666913398144e-08,0.14029612506696604
155,15,401472,flow,12,404520,flow,11,3.244885303472844e-32,5.134763557143841e-30,0.2606992773809557
155,15,401472,flow,12,404520,flow,12,8.657420265663891e-20,7.234053297421279e-18,0.20231287994056651
155,15,401472,flow,13,400183,flow,1,0.001111637747009908,0.01127294616686104,0.07311459813304806
155,15,401472,flow,13,400183,flow,11,0.0025077426697749637,0.02198466396986351,0.06778549602999519
155,15,401472,flow,14,401469,flow,1,1.4859262802164207e-05,0.0002685858380976961,0.09701135355088739
155,15,401472,flow,14,401469,flow,2,0.002098689963642592,0.01901896505755401,0.06898239085312749
155,15,401472,flow,14,401469,flow,6,4.325403594872839e-05,0.0007003651997695152,0.09162750435431379
155,15,401472,flow,14,401469,flow,7,0.000118411191996791,0.0017096803122531319,0.08627112088783823
155,15,401472,flow,14,401469,flow,8,9.539608112908124e-06,0.0001805920554240276,0.09916445501591434
155,15,401472,flow,14,401469,flow,9,0.0051085372679807286,0.03869696825824434,0.06281013840294869
155,15,401472,flow,14,401469,flow,12,4.36842091060007e-06,8.948116801229161e-05,0.10285609355919821
155,15,401472,flow,15,401472,flow,1,0.0,0.0,0.8744693367955603
155,15,401472,flow,15,401472,flow,2,5.729942849433348e-09,1.9323460663194428e-07,-0.13022211970852277
155,15,401472,flow,15,401472,flow,3,8.751092091594682e-23,8.77139624957982e-21,-0.21795745396800265
155,15,401472,flow,15,401472,flow,4,4.587605190186603e-08,1.3649073293117164e-06,-0.1222832733760031
155,15,401472,flow,15,401472,flow,6,1.4552238313398921e-09,5.2695448041813365e-08,0.13520267988483387
155,15,401472,flow,15,401472,flow,8,1.2725535271112997e-17,9.301914106803408e-16,-0.1901379999528695
155,15,401472,flow,15,401472,flow,9,1.1158171029950577e-36,1.9281319539754597e-34,-0.27840713963956676
155,15,401472,flow,15,401472,flow,11,5.122245590860879e-43,1.0487251636264929e-40,0.3014411822567059
155,15,401472,flow,15,401472,flow,12,2.2553444149760437e-12,1.0801649526271074e-10,0.15659900131723742
155,15,401472,flow,16,405838,flow,1,3.4664956696069904e-08,1.0472210694197342e-06,0.12338170666428132
155,15,401472,flow,16,405838,flow,2,1.5273270049688427e-06,3.4346968565671005e-05,0.10763428046014782
155,15,401472,flow,16,405838,flow,3,0.0010661950651081147,0.010900367314812517,0.07337887311354367
155,15,401472,flow,16,405838,flow,5,6.6882905339020006e-06,0.00013079861976666657,0.1008585518978852
155,15,401472,flow,16,405838,flow,6,6.135126421052498e-08,1.7883769324525499e-06,0.12113361483671295
155,15,401472,flow,16,405838,flow,7,4.007653402382531e-06,8.283762056599298e-05,0.10325588032057971
155,15,401472,flow,16,405838,flow,8,0.004372607018388788,0.03412766453376615,0.06392587820841397
155,15,401472,flow,16,405838,flow,11,0.0004443412159935455,0.005292401580072006,0.07873966193281957
155,15,401472,flow,16,405838,flow,12,4.311952612947913e-07,1.0773646783074022e-05,0.11312988265690774
155,15,401472,flow,17,400260,flow,1,5.430590132833726e-46,1.1556723829478667e-43,0.31166624082246325
155,15,401472,flow,17,400260,flow,2,2.8958189156754738e-36,4.905857927732568e-34,0.27681855487977286
155,15,401472,flow,17,400260,flow,3,1.4440433598252458e-19,1.1905090294742484e-17,0.20110052208987297
155,15,401472,flow,17,400260,flow,4,1.3637228538426504e-05,0.0002488923839712822,0.09743177124478507
155,15,401472,flow,17,400260,flow,5,1.1217255575908589e-05,0.00020851352877764674,0.09838249968112464
155,15,401472,flow,17,400260,flow,6,5.354018458701208e-10,2.055943088141264e-08,0.13872487139754103
155,15,401472,flow,17,400260,flow,7,2.0632094700494756e-09,7.317787282934102e-08,0.13395137215777828
155,15,401472,flow,17,400260,flow,9,4.5157722522310384e-08,1.3463171932117383e-06,-0.12234539310455238
155,15,401472,flow,17,400260,flow,10,3.64637602425269e-12,1.7084972261140586e-10,-0.15511201009675862
155,15,401472,flow,17,400260,flow,12,5.630909864682892e-13,2.8719634728961152e-11,0.1608156094074665
155,15,401472,flow,18,404528,flow,1,3.3568703674907865e-13,1.7356773695123257e-11,0.16235896433074853
155,15,401472,flow,18,404528,flow,2,3.355432595583648e-08,1.0165125394755512e-06,0.12350873830556525
155,15,401472,flow,18,404528,flow,12,7.173134228491719e-06,0.0001391465642886584,0.10052678809981257
155,15,401472,flow,19,401795,flow,1,1.179673054477694e-21,1.1030709080830384e-19,0.21220217845343067
155,15,401472,flow,19,401795,flow,2,1.985694638366808e-11,8.664849331055162e-10,0.14974728573668805
155,15,401472,flow,19,401795,flow,3,1.1054699331996865e-06,2.5703068414545992e-05,0.10906404134294219
155,15,401472,flow,19,401795,flow,4,0.0004894961300801016,0.005758778000942372,0.07816295569103453
155,15,401472,flow,19,401795,flow,6,5.596554589579199e-08,1.6369069618809847e-06,0.12149815569700485
155,15,401472,flow,19,401795,flow,7,2.0114559680785282e-05,0.00035438375946571135,0.09551411755905273
155,15,401472,flow,19,401795,flow,9,2.9716542643944212e-05,0.0005058134918118163,-0.09355174950144655
155,15,401472,flow,19,401795,flow,10,2.1378163692483923e-07,5.658925683304568e-06,-0.11607099901047234
155,15,401472,flow,19,401795,flow,12,1.2861656764013278e-05,0.0002365362163496695,0.09771764289116666
155,15,401472,occupancy,0,400593,flow,10,0.0017132810145752604,0.016177866629431964,0.07032470023825252
155,15,401472,occupancy,1,400125,flow,1,2.2697263237404835e-08,7.008733179813359e-07,0.1250239222466959
155,15,401472,occupancy,1,400125,flow,2,0.00042092131711239997,0.005050010185475916,0.07906066864370541
155,15,401472,occupancy,1,400125,flow,9,1.2082966151209002e-06,2.782431437805058e-05,-0.10867243236643365
155,15,401472,occupancy,1,400125,flow,10,1.178647482613203e-05,0.00021824934097252623,-0.0981424107056483
155,15,401472,occupancy,1,400125,flow,12,7.723612353545941e-07,1.8444447411452994e-05,0.11062943045052308
155,15,401472,occupancy,3,400039,flow,1,1.9146493224188626e-07,5.1025817846079495e-06,0.1165266690669598
155,15,401472,occupancy,3,400039,flow,2,3.4719929398373538e-06,7.263796586051168e-05,0.10391812511163279
155,15,401472,occupancy,3,400039,flow,10,5.708041986645814e-07,1.3970958290260577e-05,-0.11193334979674581
155,15,401472,occupancy,4,400316,flow,1,3.4333800665690106e-15,2.097906914791814e-13,0.1754272329782713
155,15,401472,occupancy,4,400316,flow,3,0.00046606831010967534,0.005517717455943539,-0.07845566909558037
155,15,401472,occupancy,4,400316,flow,4,2.1761525673047576e-05,0.0003807605950083658,-0.09512141413436236
155,15,401472,occupancy,4,400316,flow,6,0.00048298728836830264,0.0056946099501939615,0.07824294608108115
155,15,401472,occupancy,4,400316,flow,9,4.9748763685543215e-06,0.00010061547711682898,-0.1022503548385879
155,15,401472,occupancy,4,400316,flow,11,3.3112434732095324e-05,0.0005550862166963593,0.09300086383871188
155,15,401472,occupancy,4,400316,flow,12,1.954855969743709e-18,1.4920455458114526e-16,0.19480238660605811
155,15,401472,occupancy,5,400503,flow,1,1.9980556843936815e-12,9.601335435573643e-11,0.15697165641083072
155,15,401472,occupancy,5,400503,flow,2,0.0009449464228439019,0.009879401129442538,0.07413860196423132
155,15,401472,occupancy,5,400503,flow,6,2.021217005093684e-05,0.00035581326251037955,0.09549000485521844
155,15,401472,occupancy,5,400503,flow,12,7.16191757827859e-07,1.723658344522985e-05,0.11095636408969713
155,15,401472,occupancy,6,405843,flow,1,4.905847653471521e-18,3.6352078667233226e-16,0.19252621359527725
155,15,401472,occupancy,6,405843,flow,6,2.3782192783711858e-07,6.245536341983905e-06,0.11562890819028794
155,15,401472,occupancy,6,405843,flow,7,2.052589702256831e-06,4.517161239811264e-05,0.10631089313437543
155,15,401472,occupancy,6,405843,flow,12,1.1438209662697657e-08,3.7041278667806506e-07,0.127637660398417
155,15,401472,occupancy,7,408093,flow,2,0.0001448607185614363,0.0020313756433466205,-0.08516191536431822
155,15,401472,occupancy,7,408093,flow,11,0.0011907011200621188,0.011954052611360337,0.07267772319743483
155,15,401472,occupancy,8,401448,flow,2,0.0021588659483569744,0.019441944750681946,0.06879357559453136
155,15,401472,occupancy,8,401448,flow,9,0.002317556197693685,0.020562420977688886,-0.06831784784617335
155,15,401472,occupancy,8,401448,flow,11,0.0003742000170679226,0.0045677990215694415,-0.07975419905113688
155,15,401472,occupancy,9,402391,flow,1,2.3479219080071203e-12,1.1207759826067138e-10,0.15647503973661556
155,15,401472,occupancy,9,402391,flow,2,0.00035490323384628815,0.004373023303525284,0.080064534689301
155,15,401472,occupancy,9,402391,flow,7,0.00015799987483162395,0.002188391982278344,0.08468018006582395
155,15,401472,occupancy,9,402391,flow,12,1.0295997188206725e-06,2.4055547784236373e-05,0.1093761363075482
155,15,401472,occupancy,10,400497,flow,1,3.203072836501846e-31,4.8046092547527686e-29,0.2565643236580366
155,15,401472,occupancy,10,400497,flow,2,0.003218261906872071,0.026779396250621538,-0.06607754553613064
155,15,401472,occupancy,10,400497,flow,3,2.40322305009045e-30,3.4491440453125393e-28,-0.25286166897396184
155,15,401472,occupancy,10,400497,flow,4,0.0002265368507461646,0.0029882112831249807,-0.08265382006178829
155,15,401472,occupancy,10,400497,flow,5,2.245953339477909e-19,1.8272162761854176e-17,0.2000476097225372
155,15,401472,occupancy,10,400497,flow,6,2.934977774863064e-48,6.46893060582063e-46,0.31914501219243124
155,15,401472,occupancy,10,400497,flow,7,0.0025457190344009574,0.02225497840823523,0.0676836378908068
155,15,401472,occupancy,10,400497,flow,8,1.963710934801517e-18,1.496160712229727e-16,-0.19479127469872345
155,15,401472,occupancy,10,400497,flow,9,9.326452730327757e-43,1.9004847073120713e-40,-0.30060579186812375
155,15,401472,occupancy,10,400497,flow,10,1.1820020645896726e-07,3.2753360609540638e-06,-0.1185002556795372
155,15,401472,occupancy,10,400497,flow,11,1.4043423346730916e-36,2.397928413354844e-34,0.2780250078454755
155,15,401472,occupancy,10,400497,flow,12,1.7721980310625867e-94,7.023757334119609e-92,0.43927395263210905
155,15,401472,occupancy,11,405841,flow,3,0.0005061158691737048,0.005917241014425994,-0.07796311810783113
155,15,401472,occupancy,11,405841,flow,6,0.002756781353857819,0.023648322971933637,0.06714163706707295
155,15,401472,occupancy,11,405841,flow,9,0.0009009856510590066,0.00951389430089406,-0.07443652250906538
155,15,401472,occupancy,11,405841,flow,11,4.474605875705901e-05,0.0007215489877958004,0.09145182561926457
155,15,401472,occupancy,11,405841,flow,12,0.001010581346415287,0.010426824496092764,0.07371684907804847
155,15,401472,occupancy,12,404520,flow,1,4.973438335179247e-17,3.5164081191447373e-15,0.1866670688465099
155,15,401472,occupancy,12,404520,flow,3,1.5257645041731543e-13,8.177794861076956e-12,-0.16468329379695268
155,15,401472,occupancy,12,404520,flow,4,1.4585994278540463e-12,7.144160462958594e-11,-0.15793567104600065
155,15,401472,occupancy,12,404520,flow,6,2.93956548010651e-07,7.572404814585643e-06,0.1147449350539441
155,15,401472,occupancy,12,404520,flow,9,1.3213407553633472e-06,3.0090627639270744e-05,-0.10827728710686853
155,15,401472,occupancy,12,404520,flow,11,4.765862135909272e-09,1.6237006646000045e-07,0.13090245413939516
155,15,401472,occupancy,12,404520,flow,12,7.615373139596047e-25,8.657476832382875e-23,0.22805130921927727
155,15,401472,occupancy,13,400183,flow,1,0.0046824091278124015,0.036057054246255923,0.06343692353429282
155,15,401472,occupancy,14,401469,flow,2,6.464260743417203e-06,0.00012681928433952008,0.10101968996707751
155,15,401472,occupancy,14,401469,flow,3,0.0007177253713742778,0.007892822293297321,0.07584439283450006
155,15,401472,occupancy,14,401469,flow,7,0.0002789295814321393,0.0035629089053425245,0.0814630683073492
155,15,401472,occupancy,14,401469,flow,8,3.270199636949436e-05,0.0005492714786789099,0.09306451813102144
155,15,401472,occupancy,14,401469,flow,9,0.00029390437591777233,0.003725548427126691,0.08116129366768171
155,15,401472,occupancy,14,401469,flow,12,0.0042596653940862855,0.03341419621687788,0.06411196535210165
155,15,401472,occupancy,15,401472,flow,1,1.5212560464613862e-151,9.808695702556999e-149,0.5412357075250603
155,15,401472,occupancy,15,401472,flow,2,1.1544115242957794e-31,1.787475908587013e-29,0.25841656738741037
155,15,401472,occupancy,15,401472,flow,4,5.62990755076174e-20,4.759530453872938e-18,-0.20332666157042634
155,15,401472,occupancy,15,401472,flow,5,0.0038585992015907704,0.030897402318576697,-0.06481105750713188
155,15,401472,occupancy,15,401472,flow,6,6.905963507058976e-07,1.6676222666570584e-05,0.11111361471468918
155,15,401472,occupancy,15,401472,flow,7,6.46333163626848e-07,1.5686288016112264e-05,0.11139929249954564
155,15,401472,occupancy,15,401472,flow,8,0.0008350907576529946,0.008954063224276339,-0.07490932635489464
155,15,401472,occupancy,15,401472,flow,9,1.1340503299579001e-40,2.2167861653475695e-38,-0.293142205482135
155,15,401472,occupancy,15,401472,flow,10,1.0864865266965131e-36,1.884988672822866e-34,-0.2783839882894112
155,15,401472,occupancy,15,401472,flow,12,1.954850474972078e-07,5.200094859531636e-06,0.11644091904736761
155,15,401472,occupancy,16,405838,flow,1,1.1311137380594325e-05,0.00021016823003943002,0.09834211250425097
155,15,401472,occupancy,16,405838,flow,2,5.542811708211675e-09,1.8706989515214404e-07,0.1303449956451381
155,15,401472,occupancy,16,405838,flow,5,0.0027218347180778626,0.023427626981662415,0.06722870145674689
155,15,401472,occupancy,16,405838,flow,6,0.00017473054327123123,0.0023811859524659903,0.08411858135351848
155,15,401472,occupancy,16,405838,flow,7,2.5457440901986797e-06,5.471449984904625e-05,0.10533692995933022
155,15,401472,occupancy,16,405838,flow,12,0.00527554366282007,0.03966298054887348,0.06257731331877982
155,15,401472,occupancy,17,400260,flow,1,3.674251945455304e-16,2.3726111217289856e-14,0.18144915813474446
155,15,401472,occupancy,17,400260,flow,2,1.9278304710753665e-27,2.4209964055365067e-25,0.24011624913437876
155,15,401472,occupancy,17,400260,flow,3,6.841904934218766e-15,4.0323368780116053e-13,0.1735255558462712
155,15,401472,occupancy,17,400260,flow,4,2.988655432575056e-06,6.335128296724359e-05,0.10460580653592787
155,15,401472,occupancy,17,400260,flow,6,2.2030012614690094e-07,5.820773975257566e-06,0.11594656092293557
155,15,401472,occupancy,17,400260,flow,7,1.289227709850768e-07,3.5429158438647063e-06,0.11814729831366973
155,15,401472,occupancy,17,400260,flow,8,2.6353925118830008e-14,1.4901695878710162e-12,0.16974281843920103
155,15,401472,occupancy,17,400260,flow,10,8.793081388005275e-06,0.00016815454447181402,-0.09955560738767166
155,15,401472,occupancy,17,400260,flow,11,4.797119955673781e-05,0.0007667436457851483,-0.0910903116365282
155,15,401472,occupancy,18,404528,flow,1,3.687051916284736e-06,7.676175555831354e-05,0.10364121620492715
155,15,401472,occupancy,18,404528,flow,2,6.169794809999043e-07,1.5016063988279361e-05,0.11159932821784074
155,15,401472,occupancy,18,404528,flow,3,0.0016078938443112713,0.01536068422694536,0.07074014461702632
155,15,401472,occupancy,18,404528,flow,10,0.006694213726596018,0.04754069258407825,-0.06083041255344578
155,15,401472,occupancy,19,401795,flow,1,3.833486287880207e-12,1.7922793034245124e-10,0.15495629760690838
155,15,401472,occupancy,19,401795,flow,2,6.73947939419848e-07,1.6283305918868813e-05,0.11121893864692949
155,15,401472,occupancy,19,401795,flow,3,1.417143495522752e-06,3.203589691605593e-05,0.10796706771390983
155,15,401472,occupancy,19,401795,flow,7,2.9746067501815348e-05,0.0005061166270493985,0.09354670738106029
155,15,401472,occupancy,19,401795,flow,8,6.798347757902269e-05,0.001044411888838471,0.08925897014374495
155,15,401472,occupancy,19,401795,flow,10,4.6970012288922884e-07,1.1628106194163144e-05,-0.11276629200047955
155,15,401472,occupancy,19,401795,flow,11,0.0006793747931722072,0.007540850736135497,-0.0761809209327289
155,15,401472,speed,1,400125,flow,1,4.94131675232161e-05,0.0007874027432692496,-0.09093607340171911
155,15,401472,speed,3,400039,flow,3,0.005511093604314176,0.04097044290249052,0.062259992488301656
155,15,401472,speed,4,400316,flow,11,4.706558221273842e-06,9.572660789031543e-05,-0.10250911070437796
155,15,401472,speed,6,405843,flow,5,0.001880780476992838,0.017394501521321045,-0.06971040731362553
155,15,401472,speed,6,405843,flow,6,0.0007397150365897147,0.008092096627165276,-0.07565889003188093
155,15,401472,speed,6,405843,flow,11,0.0005052880188081441,0.00590916145438869,-0.0779729265760287
155,15,401472,speed,6,405843,flow,12,0.004937607346023457,0.037599927883674826,-0.06305566359981532
155,15,401472,speed,7,408093,flow,1,0.0018215147516543898,0.016947972705464064,0.06992179875433412
155,15,401472,speed,8,401448,flow,9,0.006667295011289062,0.04739627192491155,0.06086031530594711
155,15,401472,speed,9,402391,flow,12,0.0053868286001960445,0.04023357460727336,-0.062425836387782645
155,15,401472,speed,10,400497,flow,2,2.7181585853459466e-06,5.8102152838666447e-05,0.10503881150993113
155,15,401472,speed,10,400497,flow,3,0.003620200372780892,0.02940817151262402,0.06525854696187129
155,15,401472,speed,10,400497,flow,5,0.0056765898784874895,0.04189794682225518,-0.062044281354724125
155,15,401472,speed,10,400497,flow,6,0.000971222675450994,0.010102773797130494,-0.07396659889489714
155,15,401472,speed,10,400497,flow,8,0.0042481937473122875,0.033355501614665724,0.06413111583213967
155,15,401472,speed,10,400497,flow,9,0.004453941105252824,0.034631075548402085,0.06379454678943534
155,15,401472,speed,10,400497,flow,11,1.651038060594554e-08,5.195273530131418e-07,-0.12624435316108681
155,15,401472,speed,10,400497,flow,12,7.057912715266478e-05,0.0010792985107947323,-0.0890601048595415
155,15,401472,speed,11,405841,flow,2,0.00025921013307245085,0.003345646175300232,0.08188448546860216
155,15,401472,speed,12,404520,flow,3,0.0025575695682979868,0.022334142985743485,0.06765213725203258
155,15,401472,speed,12,404520,flow,11,1.3042727001763796e-05,0.00023949352708993273,-0.09764945906831862
155,15,401472,speed,14,401469,flow,1,0.0025326626585296776,0.022165929264279186,-0.06771849939143851
155,15,401472,speed,14,401469,flow,3,0.0028611493477575314,0.024407909127789368,-0.0668874883970566
155,15,401472,speed,14,401469,flow,4,7.243674507084467e-05,0.0011041875042556422,-0.08892198437628161
155,15,401472,speed,14,401469,flow,8,0.0014147030489014601,0.013833221302069506,-0.07157142117575391
155,15,401472,speed,14,401469,flow,11,0.005221352841992102,0.03932399629952211,-0.06265212278655218
155,15,401472,speed,15,401472,flow,1,1.0039546454846279e-10,4.134493868916676e-09,-0.1444303629771871
155,15,401472,speed,15,401472,flow,3,4.384196091439778e-05,0.0007090874996263512,0.09155760322007396
155,15,401472,speed,15,401472,flow,4,3.8031514649513925e-05,0.0006268452624414352,0.0922912744478034
155,15,401472,speed,15,401472,flow,8,0.00129994975746564,0.012906878768677464,0.07211619103520472
155,15,401472,speed,15,401472,flow,9,7.044470931351819e-08,2.016707383925769e-06,0.12058322982253435
155,15,401472,speed,15,401472,flow,11,1.2780479445590041e-08,4.0852977402489e-07,-0.12721801383092768
155,15,401472,speed,15,401472,flow,12,6.125583807097582e-09,2.0625504323196848e-07,-0.12997468575107007
155,15,401472,speed,16,405838,flow,1,0.00022773678651038392,0.0029982006451538716,-0.08262377578010889
155,15,401472,speed,16,405838,flow,9,0.0009322361595602301,0.009774903420631538,0.0742233973323146
155,15,401472,speed,16,405838,flow,12,0.0006750765676509938,0.007498922016591137,-0.07621973121986407
155,15,401472,speed,17,400260,flow,1,1.8163143532558654e-05,0.0003232994646092022,-0.09602110941790284
155,15,401472,speed,17,400260,flow,3,0.005580931419472801,0.04135441463485849,-0.062168261710005834
155,15,401472,speed,19,401795,flow,1,0.0006325285500297057,0.00709930718661556,-0.07661680993164229
155,15,401472,speed,19,401795,flow,10,0.0027434487808858424,0.02357139764006929,0.06717473369551435
155,16,405838,flow,1,400125,flow,6,0.004862918990287607,0.03715565977722402,0.06316536603899357
155,16,405838,flow,4,400316,flow,5,0.00013445004648241567,0.001906842418923295,0.08557375992006251
155,16,405838,flow,4,400316,flow,6,0.004106387141452329,0.03248414658684135,0.06437179747384532
155,16,405838,flow,5,400503,flow,1,0.00040145207406334563,0.004848400782649296,0.07934047499923667
155,16,405838,flow,5,400503,flow,7,0.00012783709183526615,0.0018202249068172372,0.08585125831689948
155,16,405838,flow,5,400503,flow,12,0.001916134214364317,0.01767136477619697,0.06958719974301045
155,16,405838,flow,6,405843,flow,1,0.0003273231310256861,0.004091539137821076,0.080536638684713
155,16,405838,flow,6,405843,flow,2,0.002863443994013611,0.024422661508664952,0.06688199628135069
155,16,405838,flow,6,405843,flow,5,0.00042617388836930045,0.00510133332711382,0.07898724970862786
155,16,405838,flow,6,405843,flow,6,0.002974923206369314,0.025189471288740568,0.06661989534499053
155,16,405838,flow,6,405843,flow,7,1.6923782451931545e-05,0.00030286139267748246,0.09637077226222349
155,16,405838,flow,6,405843,flow,9,5.256847417189913e-08,1.5430943283024296e-06,0.12174599786717713
155,16,405838,flow,6,405843,flow,12,0.0016701012469942321,0.015837589504032017,0.07049199722774425
155,16,405838,flow,7,408093,flow,4,0.0006347947499188834,0.007121042118020194,-0.07659504348798184
155,16,405838,flow,7,408093,flow,6,0.0004493122246485589,0.00534277129227023,-0.07867356167915412
155,16,405838,flow,8,401448,flow,6,0.004148407240458675,0.032751921897047356,0.06429970306119397
155,16,405838,flow,9,402391,flow,10,0.0021019998776524154,0.0190433208317109,0.06897187713238735
155,16,405838,flow,10,400497,flow,4,0.0001317766079025901,0.0018713837808651847,0.08568436318312293
155,16,405838,flow,10,400497,flow,5,5.512541068105602e-06,0.0001101305197551232,0.10176976748055075
155,16,405838,flow,10,400497,flow,11,0.00587809402820685,0.04298132397063912,0.061789161155738286
155,16,405838,flow,12,404520,flow,5,0.000752048213137987,0.00821245773699723,0.07555707693587466
155,16,405838,flow,14,401469,flow,1,4.850678029884141e-05,0.0007746739034787242,0.09103251757048994
155,16,405838,flow,14,401469,flow,3,0.00020431500310649837,0.0027284105515303645,0.08323901580498838
155,16,405838,flow,14,401469,flow,4,6.3710432956388815e-09,2.1401949484572296e-07,0.1298288696270188
155,16,405838,flow,14,401469,flow,6,0.00030223107023107077,0.003819889477467015,0.08099966379741108
155,16,405838,flow,14,401469,flow,7,0.0003540936759445037,0.004368031639292564,0.08007789605680558
155,16,405838,flow,14,401469,flow,8,0.00188978773904609,0.01745911683635395,0.06967881656781377
155,16,405838,flow,14,401469,flow,9,0.003375060114187835,0.02777721412324528,0.0657475380615938
155,16,405838,flow,15,401472,flow,2,3.5197185158812106e-05,0.0005848147687925704,-0.09268867700321286
155,16,405838,flow,15,401472,flow,6,5.866280822345048e-05,0.000916871677009067,0.0900376690081647
155,16,405838,flow,15,401472,flow,10,0.002740057195870679,0.02354694069258272,0.06718317635091801
155,16,405838,flow,15,401472,flow,11,0.00044448428476052303,0.005292646389651211,0.07873774990785429
155,16,405838,flow,16,405838,flow,1,1.3141415442768486e-58,3.3792211138547534e-56,0.3506741311182688
155,16,405838,flow,16,405838,flow,2,7.6998035474847086e-34,1.2647586055184007e-31,0.267235191170928
155,16,405838,flow,16,405838,flow,3,7.510543260714289e-11,3.1227667840505993e-09,0.14539687824384598
155,16,405838,flow,16,405838,flow,4,0.0023972267375339013,0.02115200062529913,0.06809014954609208
155,16,405838,flow,16,405838,flow,5,1.3949494069748828e-05,0.00025405486670031593,0.09732102728311556
155,16,405838,flow,16,405838,flow,6,3.54104646522784e-10,1.3756583390093768e-08,0.14015553033821765
155,16,405838,flow,16,405838,flow,7,0.006362953762136058,0.0457446501122113,0.061206160641917404
155,16,405838,flow,16,405838,flow,10,4.4891319785075096e-05,0.0007235498475929811,0.0914350195226472
155,16,405838,flow,17,400260,flow,1,8.901908196000571e-07,2.0968507855355764e-05,0.1100121294836412
155,16,405838,flow,17,400260,flow,2,2.8969506151121937e-05,0.0004942664556589525,0.09365743197739694
155,16,405838,flow,17,400260,flow,6,0.004919090201709035,0.0374853936697531,0.06308272106993797
155,16,405838,flow,17,400260,flow,7,0.00037201274934226745,0.004547867922999722,0.0797886139799849
155,16,405838,flow,17,400260,flow,8,0.0027710066118059873,0.02375148524405132,0.0671064851661747
155,16,405838,flow,17,400260,flow,12,0.0001152428432154293,0.0016678361229167658,0.0864193482350455
155,16,405838,flow,18,404528,flow,1,0.0005086401581258315,0.0059377648981815325,0.07793330203245956
155,16,405838,flow,19,401795,flow,1,3.731098888585841e-05,0.0006156740717605361,0.09238956612376213
155,16,405838,flow,19,401795,flow,2,0.0017321528156457443,0.016320392941307778,0.07025279671449453
155,16,405838,flow,19,401795,flow,7,0.00017400168251694993,0.002372001478299854,0.08414197237093501
155,16,405838,occupancy,0,400593,flow,1,0.005239634459430813,0.03944792761370009,0.06262680731803809
155,16,405838,occupancy,1,400125,flow,9,0.0013924005177368825,0.013639841806402113,-0.071674028009648
155,16,405838,occupancy,4,400316,flow,3,0.0013433078508305893,0.013233956477966125,0.07190533171046659
155,16,405838,occupancy,6,405843,flow,7,0.00011683740970757993,0.0016897810844886015,0.08634427489930951
155,16,405838,occupancy,6,405843,flow,9,7.497363692123169e-05,0.001138840054499722,0.08873866941074961
155,16,405838,occupancy,10,400497,flow,3,0.0013046219583488204,0.01294249148632993,0.07209315995255708
155,16,405838,occupancy,10,400497,flow,4,0.005371329771000852,0.04015252571504357,0.062446762607580725
155,16,405838,occupancy,12,404520,flow,3,0.004150009773394675,0.032751921897047356,0.06429696670363128
155,16,405838,occupancy,12,404520,flow,11,0.003329764711836374,0.027496065744333865,0.06584141147263746
155,16,405838,occupancy,14,401469,flow,4,8.642994177907916e-05,0.001294651000296886,0.08797770658012191
155,16,405838,occupancy,14,401469,flow,7,0.003544536766440377,0.028924062771103945,0.06540617883073815
155,16,405838,occupancy,16,405838,flow,5,0.0004953211267347104,0.005809623386612321,0.0780922054250123
155,16,405838,occupancy,16,405838,flow,6,4.4734280898846835e-05,0.0007215489877958004,0.09145319053370299
155,16,405838,occupancy,17,400260,flow,4,0.006956499050618974,0.049064613712120765,0.06054457176736943
155,16,405838,occupancy,17,400260,flow,5,0.0010694197009187265,0.010929484523229002,0.0733597800997283
155,16,405838,occupancy,17,400260,flow,6,8.711160490167646e-05,0.0013030544777536091,0.08793549027642891
155,16,405838,occupancy,18,404528,flow,1,2.2707593442165154e-05,0.00039603069709387754,0.09490843567438469
155,16,405838,speed,1,400125,flow,4,0.005681123064673325,0.04192374706801412,-0.06203845287369708
155,16,405838,speed,7,408093,flow,2,0.0018184873182346235,0.016941697681202444,-0.06993276585652683
155,16,405838,speed,10,400497,flow,3,0.004623341387682382,0.03568489332640324,-0.06352784301682668
155,16,405838,speed,14,401469,flow,7,0.0044666660957570214,0.03471751985187178,-0.0637741963239652
155,16,405838,speed,18,404528,flow,1,0.0008651080726921414,0.009211897643653072,-0.07468981453325985
155,17,400260,flow,0,400593,flow,8,9.672467829280466e-05,0.0014231969013110224,0.087371189920031
155,17,400260,flow,0,400593,flow,9,0.00031103824008232395,0.003909471042058887,0.0808331803835489
155,17,400260,flow,1,400125,flow,2,2.671922229153213e-07,6.949249867514678e-06,-0.11514396600121128
155,17,400260,flow,1,400125,flow,3,0.00035993331223552037,0.004431210911534477,-0.07998214838063071
155,17,400260,flow,1,400125,flow,4,0.005747791038265944,0.04229340365407746,-0.06195321604900018
155,17,400260,flow,1,400125,flow,6,0.00562455740138334,0.041606315023931556,-0.062111483543442876
155,17,400260,flow,1,400125,flow,7,0.0002134796323091326,0.002835020017139419,-0.08299076587211514
155,17,400260,flow,1,400125,flow,8,0.004150802181772857,0.032751921897047356,-0.06429561400416789
155,17,400260,flow,1,400125,flow,11,0.006469474925884722,0.04629473526556568,0.061083453516009856
155,17,400260,flow,4,400316,flow,1,4.888259151130325e-05,0.0007798109133265511,-0.09099232390074845
155,17,400260,flow,4,400316,flow,2,6.371876850160572e-06,0.00012540550338357027,-0.10108769901619258
155,17,400260,flow,4,400316,flow,6,0.005763877028034455,0.04236846819994699,0.06193278313643605
155,17,400260,flow,4,400316,flow,8,0.0022749713215066717,0.02026784101651644,0.06844250960884453
155,17,400260,flow,4,400316,flow,9,0.0020327130564093115,0.018552503354449194,0.06919519723073382
155,17,400260,flow,4,400316,flow,10,3.034450140078246e-08,9.270738758937782e-07,0.12390018972507896
155,17,400260,flow,4,400316,flow,11,0.0019970400833687657,0.018270252351023013,0.06931291136866663
155,17,400260,flow,5,400503,flow,6,0.0018193442702553872,0.016942500935179995,0.06992965978405857
155,17,400260,flow,5,400503,flow,7,0.007106639604124525,0.04989547064816829,0.06038527277173081
155,17,400260,flow,5,400503,flow,11,9.345001276270136e-08,2.6231582529881083e-06,0.11945022363828389
155,17,400260,flow,5,400503,flow,12,0.0017610212728914624,0.016547118438517028,0.0701441856800252
155,17,400260,flow,6,405843,flow,10,0.0013801320088142578,0.013538079650494082,0.07173111895629566
155,17,400260,flow,6,405843,flow,11,2.3225131189105e-05,0.00040456680135860326,0.09479547243027978
155,17,400260,flow,6,405843,flow,12,0.0035675672503721486,0.029051631520466886,0.0653609417986136
155,17,400260,flow,9,402391,flow,10,1.5013910740425053e-05,0.0002709277126091739,0.09696051742692446
155,17,400260,flow,9,402391,flow,11,0.00013114680426179907,0.001863508620473099,0.08571072623086619
155,17,400260,flow,10,400497,flow,1,4.2980148185678906e-15,2.582395551629108e-13,-0.17481011605128552
155,17,400260,flow,10,400497,flow,2,1.346172316113466e-16,9.044268126920953e-15,-0.18408827172383338
155,17,400260,flow,10,400497,flow,3,0.006386821565729377,0.045839955414439124,-0.06117850642187379
155,17,400260,flow,10,400497,flow,4,0.002982765429224195,0.02523114676766893,0.06660179628634111
155,17,400260,flow,10,400497,flow,5,4.589482130402351e-06,9.34774295301186e-05,0.10262646816056259
155,17,400260,flow,10,400497,flow,7,0.0003709522122400026,0.004543346006329035,-0.07980536878974272
155,17,400260,flow,10,400497,flow,9,2.213564507710838e-10,8.809180140263869e-09,0.14176391054019963
155,17,400260,flow,10,400497,flow,10,1.0879683305569771e-23,1.1576411793118573e-21,0.2224545066847013
155,17,400260,flow,10,400497,flow,11,8.769916575681472e-19,6.888370837626175e-17,0.19676272107967818
155,17,400260,flow,12,404520,flow,1,1.2335336007433284e-13,6.669418216784954e-12,-0.16530430926045253
155,17,400260,flow,12,404520,flow,2,1.3850481608436573e-10,5.655395136904158e-09,-0.14335112076829942
155,17,400260,flow,12,404520,flow,5,3.0329695892510726e-07,7.789791097244134e-06,0.11461389456121064
155,17,400260,flow,12,404520,flow,6,4.469626965000162e-06,9.125136336862334e-05,0.10274961815214154
155,17,400260,flow,12,404520,flow,8,0.005499207836912493,0.04090199521792143,0.062275708526278006
155,17,400260,flow,12,404520,flow,10,3.596013408763877e-06,7.504723635681135e-05,0.1037564969766342
155,17,400260,flow,14,401469,flow,1,1.429942130691575e-07,3.909715192776965e-06,0.117724890694611
155,17,400260,flow,14,401469,flow,2,5.716554668482296e-05,0.000894765078545055,0.09017356476953892
155,17,400260,flow,14,401469,flow,3,1.8017237256089534e-08,5.632016276867351e-07,0.12591057713039797
155,17,400260,flow,14,401469,flow,4,0.0024054988488688878,0.021220655558737176,0.0680669061302865
155,17,400260,flow,14,401469,flow,5,1.6723062643912972e-07,4.512406659694193e-06,0.117083659475209
155,17,400260,flow,14,401469,flow,12,0.00010525061854926695,0.001539731365163675,0.08691335922396864
155,17,400260,flow,15,401472,flow,1,4.0519807482702274e-05,0.0006622987829181757,-0.0919649040903255
155,17,400260,flow,15,401472,flow,2,5.518533234973786e-32,8.669114027304273e-30,-0.2597468735096632
155,17,400260,flow,15,401472,flow,3,7.844574707658106e-23,7.917888489972668e-21,-0.21819582724081804
155,17,400260,flow,15,401472,flow,6,0.0006626397341097528,0.007385458336826967,0.07633333515292436
155,17,400260,flow,15,401472,flow,9,1.4956463732430801e-07,4.068760914615936e-06,0.1175412479301924
155,17,400260,flow,15,401472,flow,10,2.2089826880045858e-27,2.766030496284003e-25,0.23984895727072322
155,17,400260,flow,15,401472,flow,11,1.2739278619396425e-32,2.0382845791034282e-30,0.2623666484161197
155,17,400260,flow,15,401472,flow,12,2.969706458418906e-06,6.304241720083379e-05,0.10463489037117492
155,17,400260,flow,16,405838,flow,12,0.0004598702832671243,0.005451810163869312,0.07853540273725684
155,17,400260,flow,17,400260,flow,1,3.1513142329542554e-154,2.1957544332842554e-151,0.5452721096862485
155,17,400260,flow,17,400260,flow,2,2.454775264288331e-77,8.157407032096608e-75,0.40035214379515954
155,17,400260,flow,17,400260,flow,3,0.0012527837832607307,0.012504681015911175,0.07233488130708618
155,17,400260,flow,17,400260,flow,4,1.2360436267872894e-08,3.9670939581880307e-07,0.12734454328628828
155,17,400260,flow,17,400260,flow,5,1.2599271880188684e-09,4.6082395198642804e-08,0.13571588130607473
155,17,400260,flow,17,400260,flow,6,6.872326898583411e-05,0.00105278199297448,0.0892015696259886
155,17,400260,flow,17,400260,flow,7,2.8016937211095177e-05,0.0004806718377757393,0.09385033097591393
155,17,400260,flow,17,400260,flow,9,0.006490130591041942,0.04641947707500197,0.06105986967531235
155,17,400260,flow,17,400260,flow,10,1.071804957485588e-08,3.4813514408554435e-07,0.1278829770194741
155,17,400260,flow,17,400260,flow,11,8.406191686493429e-19,6.651052762939855e-17,0.19686574090498346
155,17,400260,flow,17,400260,flow,12,3.994162736571662e-25,4.589038037763186e-23,0.22938707637548433
155,17,400260,flow,18,404528,flow,3,5.810315294193177e-05,0.0009084532056067508,-0.09008807660938026
155,17,400260,flow,18,404528,flow,4,0.00481738980570412,0.03685994325299645,-0.0632329890162135
155,17,400260,flow,19,401795,flow,1,2.9330274385453332e-64,8.33597272007621e-62,0.36671232025483314
155,17,400260,flow,19,401795,flow,11,0.00020135431171652073,0.0026930359957132183,0.08332145164676362
155,17,400260,flow,19,401795,flow,12,4.829608838009152e-06,9.790666438385516e-05,0.10238873850303903
155,17,400260,occupancy,0,400593,flow,8,0.00015147403440241816,0.0021142740827736557,0.08491452875362408
155,17,400260,occupancy,0,400593,flow,9,0.00039782542395085324,0.004815370780240084,0.07939399194137
155,17,400260,occupancy,1,400125,flow,2,2.934491827198254e-06,6.232549013518416e-05,-0.10468941523627759
155,17,400260,occupancy,1,400125,flow,3,0.000907995762040257,0.009569647485686108,-0.07438812532620336
155,17,400260,occupancy,1,400125,flow,4,0.00646160337735949,0.04625373088681524,-0.06109245876117428
155,17,400260,occupancy,1,400125,flow,7,0.0006213922416720602,0.006997952252406934,-0.07672483700169193
155,17,400260,occupancy,1,400125,flow,8,0.0027848878435267196,0.023860998579998866,-0.06707234180558476
155,17,400260,occupancy,4,400316,flow,1,0.0009757133007858057,0.010139719652140198,-0.07393763520271561
155,17,400260,occupancy,4,400316,flow,2,0.00028033554021422485,0.003579809440512715,-0.08143409802069411
155,17,400260,occupancy,4,400316,flow,6,0.0020492954357307254,0.018661374962809302,0.06914112208056966
155,17,400260,occupancy,4,400316,flow,8,0.002864274929559524,0.02442492636339744,0.0668800084707653
155,17,400260,occupancy,4,400316,flow,10,2.0309424810411208e-07,5.385924811600762e-06,0.11628317615448917
155,17,400260,occupancy,4,400316,flow,11,0.003383145451939817,0.02780667494745055,0.06573090211894114
155,17,400260,occupancy,5,400503,flow,6,0.0027121426632543692,0.02336282413810344,0.06725302853542521
155,17,400260,occupancy,5,400503,flow,11,2.4036530766972928e-06,5.199690180937558e-05,0.10559755138728928
155,17,400260,occupancy,5,400503,flow,12,0.0024785607701401095,0.021758550146322442,0.06786472867806036
155,17,400260,occupancy,6,405843,flow,10,0.002986706605809659,0.025254594905260767,0.06659271682225704
155,17,400260,occupancy,6,405843,flow,11,2.964126856793166e-05,0.0005049301270247034,0.0935646260240524
155,17,400260,occupancy,6,405843,flow,12,0.0023787686490952284,0.02102348724241282,0.06814227970013102
155,17,400260,occupancy,8,401448,flow,7,0.004005183807726233,0.03187618653164578,-0.06454821798495491
155,17,400260,occupancy,9,402391,flow,10,0.0003256390594170459,0.004074024722506916,0.08056665732787657
155,17,400260,occupancy,9,402391,flow,11,0.0013503304331137463,0.013284963495903858,0.07187177140352646
155,17,400260,occupancy,10,400497,flow,1,4.512194317025442e-13,2.3095591764869557e-11,-0.16147830046809555
155,17,400260,occupancy,10,400497,flow,2,4.395708726051754e-15,2.6337672255955033e-13,-0.17474824002647016
155,17,400260,occupancy,10,400497,flow,4,0.006345578921212648,0.045657729746233576,0.061226350576056646
155,17,400260,occupancy,10,400497,flow,5,1.0723631564517046e-05,0.00020063269102950902,0.09860030693006962
155,17,400260,occupancy,10,400497,flow,7,0.0006221983904400762,0.007005204708629474,-0.07671695681841907
155,17,400260,occupancy,10,400497,flow,9,3.547127128272042e-08,1.0700830442831858e-06,0.12329192995335252
155,17,400260,occupancy,10,400497,flow,10,2.1052281699479324e-19,1.7192033448346066e-17,0.2002022275975003
155,17,400260,occupancy,10,400497,flow,11,2.0477105534385067e-16,1.3609399370545153e-14,0.18299059847189994
155,17,400260,occupancy,12,404520,flow,1,4.000424294018457e-11,1.7060052270641396e-09,-0.14747281118315436
155,17,400260,occupancy,12,404520,flow,2,1.3765631853798329e-08,4.362988232458458e-07,-0.1269364206085092
155,17,400260,occupancy,12,404520,flow,5,4.118956869130253e-06,8.489453089047087e-05,0.10312898166992854
155,17,400260,occupancy,12,404520,flow,6,1.0155021833117864e-05,0.00019073780138725727,0.0988633853971721
155,17,400260,occupancy,12,404520,flow,10,1.408064810720445e-05,0.00025601178376735364,0.09727521698809853
155,17,400260,occupancy,14,401469,flow,1,2.423442842314019e-07,6.3522716510840315e-06,0.11555059320177516
155,17,400260,occupancy,14,401469,flow,2,4.30547948489549e-05,0.0006976620920760884,0.09165139750066952
155,17,400260,occupancy,14,401469,flow,3,1.5506045228806834e-08,4.889497473609162e-07,0.12648366205353448
155,17,400260,occupancy,14,401469,flow,4,0.0006026528774740201,0.006824273737058366,0.07691074731076156
155,17,400260,occupancy,14,401469,flow,5,6.360912803742296e-08,1.844237806185686e-06,0.12098992899338844
155,17,400260,occupancy,14,401469,flow,12,0.0009274638566537118,0.00973904681755964,0.07425551192834805
155,17,400260,occupancy,15,401472,flow,1,0.00013553550791758255,0.0019209757027688868,-0.085529443129565
155,17,400260,occupancy,15,401472,flow,2,1.892891992422569e-27,2.3840505560540815e-25,-0.24015213368852975
155,17,400260,occupancy,15,401472,flow,3,5.589080284798301e-20,4.734279770652678e-18,-0.20334376196301626
155,17,400260,occupancy,15,401472,flow,6,0.0003248114242541646,0.004067203921095627,0.08058146320327973
155,17,400260,occupancy,15,401472,flow,9,5.622883915526201e-06,0.00011204270532782837,0.10167670999949947
155,17,400260,occupancy,15,401472,flow,10,8.417900321958805e-22,7.974852936592551e-20,0.21295826838943027
155,17,400260,occupancy,15,401472,flow,11,8.346912725673937e-27,1.018606298726311e-24,0.2372213907421187
155,17,400260,occupancy,15,401472,flow,12,1.8499357839670744e-05,0.0003284719517771378,0.0959301705346923
155,17,400260,occupancy,16,405838,flow,1,2.662293472237318e-11,1.1501107800065213e-09,0.14876230139681282
155,17,400260,occupancy,16,405838,flow,12,0.000588914976094992,0.006696795727113359,0.07705048601544515
155,17,400260,occupancy,17,400260,flow,1,1.589860765941295e-151,1.010029192480352e-148,0.5412066964614676
155,17,400260,occupancy,17,400260,flow,2,4.682128673498522e-75,1.476408457628731e-72,0.3947621062800339
155,17,400260,occupancy,17,400260,flow,4,1.207621702622545e-08,3.887426047190309e-07,0.1274325491626083
155,17,400260,occupancy,17,400260,flow,5,9.160642284749106e-10,3.4174416813571796e-08,0.13684418024123593
155,17,400260,occupancy,17,400260,flow,6,8.670178721008237e-05,0.0012978230102132912,0.0879608332756996
155,17,400260,occupancy,17,400260,flow,7,1.2063205580745294e-05,0.00022270533379837467,0.09802965818755373
155,17,400260,occupancy,17,400260,flow,9,0.00457830234571782,0.03543857038792508,0.06359787796119079
155,17,400260,occupancy,17,400260,flow,10,1.5285975581911344e-07,4.147953172980967e-06,0.11745206563950596
155,17,400260,occupancy,17,400260,flow,11,2.1384267433715862e-16,1.408232245634947e-14,0.18287677018010495
155,17,400260,occupancy,17,400260,flow,12,1.4301216381151458e-21,1.3257779992827102e-19,0.21176953083952385
155,17,400260,occupancy,18,404528,flow,1,0.005776226190761157,0.042431079281393204,0.06191713168952283
155,17,400260,occupancy,18,404528,flow,3,6.296463350505256e-05,0.0009766865951232571,-0.0896647369244264
155,17,400260,occupancy,18,404528,flow,4,0.00404321605939886,0.032113795507635726,-0.06448144983859522
155,17,400260,occupancy,19,401795,flow,1,1.7672433959399507e-64,5.055954616199064e-62,0.36731242766402794
155,17,400260,occupancy,19,401795,flow,11,0.004088156035607022,0.03236956391829606,0.0644032850939088
155,17,400260,occupancy,19,401795,flow,12,3.1839546628935006e-05,0.0005375023112035921,0.09320078303686842
155,17,400260,speed,2,400331,flow,1,0.00044228797838864997,0.005270852597624739,-0.0787671656110906
155,17,400260,speed,3,400039,flow,8,0.0058593156943350985,0.042887569975478865,-0.061812600287264555
155,17,400260,speed,7,408093,flow,3,0.004915962929173241,0.037468171937241355,-0.06308729976116605
155,17,400260,speed,13,400183,flow,8,0.000515088511120878,0.00599941323279103,-0.07785775745820016
155,17,400260,speed,14,401469,flow,5,0.00042304928989265735,0.005070957081954161,-0.07903082199986378
155,17,400260,speed,15,401472,flow,6,0.00639305382608411,0.0458694444920833,-0.06117130076939071
155,17,400260,speed,15,401472,flow,7,0.003766844959886937,0.030337006388351174,-0.06498023243193846
155,17,400260,speed,15,401472,flow,8,0.0015679883999358544,0.015032645112567444,-0.07090402028378105
155,17,400260,speed,16,405838,flow,9,0.0008962992171328768,0.00947397264011262,0.07446907211271958
155,17,400260,speed,16,405838,flow,10,0.003297000825411799,0.027302477789971445,0.06591004075934244
155,17,400260,speed,17,400260,flow,1,1.4183139261418357e-18,1.0921775687937131e-16,-0.19558954137383427
155,17,400260,speed,17,400260,flow,2,1.3077317783647088e-07,3.589200306566418e-06,-0.11808927493769118
155,17,400260,speed,18,404528,flow,1,0.001661723258082636,0.015769081480941048,-0.07052491708387836
155,17,400260,speed,19,401795,flow,1,1.6371648669126985e-20,1.4259177873110601e-18,-0.20620701698931165
155,18,404528,flow,1,400125,flow,2,0.0026296835227772536,0.022811712486742443,0.06746327346257504
155,18,404528,flow,1,400125,flow,10,0.0032334753558301028,0.026878225009016828,0.06604489263396321
155,18,404528,flow,2,400331,flow,10,0.006407142813578838,0.045947637706939874,0.06115503452807327
155,18,404528,flow,3,400039,flow,1,3.291598716044146e-10,1.2822097793787836e-08,0.14040681028173504
155,18,404528,flow,3,400039,flow,2,0.002633510622264939,0.022834958228670245,0.06745338318781098
155,18,404528,flow,3,400039,flow,3,0.0014582822233967887,0.014188691903320106,0.0713751568666956
155,18,404528,flow,3,400039,flow,5,0.000710079487029456,0.007827362551587778,0.07591013078168153
155,18,404528,flow,3,400039,flow,8,0.0025475978109331236,0.022265066848535492,0.06767863487151482
155,18,404528,flow,4,400316,flow,1,0.0009733210248909395,0.010118803768799351,0.07395304954435819
155,18,404528,flow,4,400316,flow,11,0.002480729946101228,0.021773168157572742,0.06785880982163905
155,18,404528,flow,5,400503,flow,1,6.538543064183997e-07,1.5842123408454776e-05,0.1113494469724479
155,18,404528,flow,5,400503,flow,6,7.671959239446362e-05,0.0011621852810670666,0.08861588207070287
155,18,404528,flow,5,400503,flow,7,0.004866286552230055,0.03716824240741485,0.0631603870745553
155,18,404528,flow,5,400503,flow,9,1.0122816666089142e-05,0.0001902156067747068,0.09887870324100927
155,18,404528,flow,5,400503,flow,11,5.464596516304234e-07,1.3390276205578156e-05,0.11212008686407142
155,18,404528,flow,5,400503,flow,12,0.0006345249012647443,0.007119863827178429,0.07659763154412762
155,18,404528,flow,6,405843,flow,11,0.00012130341154604869,0.001746187063908465,0.08613903922400018
155,18,404528,flow,7,408093,flow,4,0.00234356240127228,0.020737791014945207,0.06824274515571903
155,18,404528,flow,7,408093,flow,9,0.0009592647450735229,0.010002470911700746,0.07404433399918925
155,18,404528,flow,7,408093,flow,10,0.006451725957942024,0.04620599492425322,0.06110377273356605
155,18,404528,flow,8,401448,flow,10,0.0023802359745127262,0.02103215260768046,0.06813812210007714
155,18,404528,flow,9,402391,flow,1,0.005287474731359786,0.03972502754691178,0.06256093590340057
155,18,404528,flow,9,402391,flow,2,0.00026668668688745027,0.003425770108099272,0.08172128151278063
155,18,404528,flow,9,402391,flow,3,0.0019430066019858363,0.017866727374582406,0.06949493727002565
155,18,404528,flow,9,402391,flow,6,0.0026041569270654394,0.02263991716981385,0.06752957952209024
155,18,404528,flow,9,402391,flow,8,0.0042518515330724,0.03337815486620528,0.06412500453225829
155,18,404528,flow,9,402391,flow,9,0.0015185462943903686,0.01467144278610749,0.07111246690640326
155,18,404528,flow,9,402391,flow,10,0.001811410229760095,0.016896844597592133,0.06995846868522673
155,18,404528,flow,9,402391,flow,12,2.0064939463330863e-05,0.00035365376777474227,0.09552641796614246
155,18,404528,flow,10,400497,flow,4,0.002496762356207233,0.021904982491501312,0.0678152096124496
155,18,404528,flow,10,400497,flow,5,0.0011255754892759246,0.0114009053075545,0.07303554156925483
155,18,404528,flow,10,400497,flow,9,0.00033943939020061984,0.004218579302838543,0.08032482791554053
155,18,404528,flow,10,400497,flow,10,5.309405727552155e-09,1.7947286966373482e-07,0.13050403697920357
155,18,404528,flow,10,400497,flow,11,1.8996418610471506e-13,1.014394664984387e-11,0.16404061175393933
155,18,404528,flow,10,400497,flow,12,0.00018333110444773584,0.0024780674944124494,0.08384928317738781
155,18,404528,flow,12,404520,flow,6,1.675268945803972e-05,0.00030017261907395933,0.09642094708037623
155,18,404528,flow,12,404520,flow,8,0.0010449139679182845,0.01072980352129068,0.07350623345382862
155,18,404528,flow,12,404520,flow,9,4.653507546503882e-05,0.0007478851414024096,0.09124835376809742
155,18,404528,flow,12,404520,flow,10,0.005316547790537945,0.039846437292026235,0.06252116743261509
155,18,404528,flow,12,404520,flow,11,8.857170343646657e-06,0.00016885691034666177,0.09952080640005663
155,18,404528,flow,13,400183,flow,10,0.004542428717961278,0.03521768137399986,0.06365410837957672
155,18,404528,flow,14,401469,flow,1,0.0005897971794009837,0.006704015837911926,0.07704142181119637
155,18,404528,flow,14,401469,flow,4,0.0005695637332007963,0.006505911505121537,0.07725255594705088
155,18,404528,flow,14,401469,flow,12,7.439938490324212e-06,0.0001438055224975418,0.10035325509049706
155,18,404528,flow,15,401472,flow,1,4.45301575647032e-05,0.0007186039621946875,0.0914769002725026
155,18,404528,flow,15,401472,flow,10,0.00020837330136437148,0.0027765967362556594,0.08312782220477494
155,18,404528,flow,15,401472,flow,11,4.0220040928975454e-14,2.244839493710258e-12,0.16853902086892217
155,18,404528,flow,15,401472,flow,12,9.083812492865971e-16,5.745544651417423e-14,0.17903541812954535
155,18,404528,flow,16,405838,flow,5,0.0009042527607819787,0.009539369784073621,0.07441392344489867
155,18,404528,flow,16,405838,flow,6,6.934702560859501e-05,0.0010619608317232558,0.08915362440235605
155,18,404528,flow,17,400260,flow,1,4.0616336424697954e-05,0.0006636254665457457,0.09195262974409776
155,18,404528,flow,17,400260,flow,2,0.0003026359420532038,0.003823555493560235,0.08099191148554016
155,18,404528,flow,17,400260,flow,3,0.00039316617579814446,0.004769665485672519,0.07946341896054926
155,18,404528,flow,17,400260,flow,4,0.0005072191991996183,0.0059267141935965845,0.07795006893154496
155,18,404528,flow,17,400260,flow,12,7.341517163743607e-07,1.7609857938574337e-05,0.11084922143671563
155,18,404528,flow,18,404528,flow,1,1.0656578046944088e-128,5.754552145349808e-126,0.5041350495939478
155,18,404528,flow,18,404528,flow,2,2.1609446325266396e-24,2.387539849748103e-22,0.2257634327525861
155,18,404528,flow,18,404528,flow,3,7.285465733685619e-05,0.0011089926698210667,0.08886906227727374
155,18,404528,flow,18,404528,flow,5,0.0016969174485561048,0.01606197059106567,0.070387638760643
155,18,404528,flow,18,404528,flow,10,0.005180710675665898,0.03911336965899455,0.06270868996084036
155,18,404528,flow,18,404528,flow,11,0.002275520821174744,0.020268556592731742,0.0684408874638957
155,18,404528,flow,18,404528,flow,12,0.0016083826366232153,0.015361956644289831,0.07073816063670131
155,18,404528,flow,19,401795,flow,2,0.0009240500267634846,0.009712642617076042,0.07427857885640578
155,18,404528,flow,19,401795,flow,5,0.0010084855865811022,0.010418787813515644,0.0737299189541714
155,18,404528,flow,19,401795,flow,12,0.0001978311675111942,0.002652484927524391,0.08342104387977972
155,18,404528,occupancy,1,400125,flow,9,0.006233419742830422,0.04505332656688543,-0.06135789125537526
155,18,404528,occupancy,2,400331,flow,11,0.006834796454905743,0.048356240886329525,0.06067597884029701
155,18,404528,occupancy,3,400039,flow,1,0.0008477913926901303,0.009077281629915614,0.07481557040557293
155,18,404528,occupancy,3,400039,flow,5,0.00039350414315667584,0.004772425318463895,0.07945835716981867
155,18,404528,occupancy,3,400039,flow,10,0.006155808958343598,0.044589360664058254,0.061450165641031965
155,18,404528,occupancy,5,400503,flow,10,0.0055206612776440185,0.04102040138828114,0.062247363757203966
155,18,404528,occupancy,6,405843,flow,5,0.0011401916647360163,0.011527329725391037,0.07295360243779779
155,18,404528,occupancy,6,405843,flow,8,8.024100703386266e-05,0.0012086511519745003,0.08837606449504753
155,18,404528,occupancy,10,400497,flow,10,0.004303145000800131,0.03370731895459033,0.06403980331080254
155,18,404528,occupancy,12,404520,flow,10,0.000989030919095786,0.010250992251664577,0.07385245866545558
155,18,404528,occupancy,13,400183,flow,9,0.00011207173739416758,0.0016284894232855836,0.08657160115314567
155,18,404528,occupancy,14,401469,flow,3,0.00541761574044047,0.04040763121323002,0.06238442881407853
155,18,404528,occupancy,14,401469,flow,5,0.001652878349305793,0.015696712396133274,0.07055983762169447
155,18,404528,occupancy,14,401469,flow,10,0.00016413252668421498,0.0022610092961601043,0.08446810446848699
155,18,404528,occupancy,15,401472,flow,2,0.004884827851137367,0.03727032200090679,0.06313302928882598
155,18,404528,occupancy,17,400260,flow,1,0.00030572879730564887,0.003852824983548434,0.08093300903140753
155,18,404528,occupancy,17,400260,flow,3,0.0018394833212330808,0.01707837512943673,0.0698570486933004
155,18,404528,occupancy,17,400260,flow,8,0.0059700910606142075,0.04353611306862488,0.06167529587116368
155,18,404528,occupancy,17,400260,flow,10,0.005919208731540342,0.043250793590738724,0.06173807632811102
155,18,404528,occupancy,18,404528,flow,1,5.3261847571942776e-05,0.0008415917392494251,0.09054438053229404
155,18,404528,occupancy,18,404528,flow,3,0.005240839051451584,0.03945012145368678,0.06262514206080835
155,18,404528,occupancy,19,401795,flow,1,0.002896443990570091,0.024631177242643295,0.0668034533814703
155,18,404528,occupancy,19,401795,flow,3,0.003950284308720098,0.03149147114536044,0.06464561927267354
155,18,404528,speed,2,400331,flow,8,0.004672280650208768,0.03599830998555712,0.06345243971820928
155,18,404528,speed,3,400039,flow,5,0.0033556251226968064,0.027643593688120145,-0.06578767524155567
155,18,404528,speed,3,400039,flow,9,0.003803017475793307,0.03055172453433523,0.0649130960241085
155,18,404528,speed,6,405843,flow,5,0.00031414326394965853,0.003945667924078231,-0.08077553574675564
155,18,404528,speed,6,405843,flow,8,0.000808835463320344,0.008717987029800115,-0.07510740803836574
155,18,404528,speed,11,405841,flow,7,0.0033170903007766666,0.027424906053142593,0.06586788688922729
155,18,404528,speed,13,400183,flow,9,0.006864617272400962,0.04852748587264303,-0.06064358700128212
155,18,404528,speed,14,401469,flow,3,0.001157684439032166,0.011685039197707844,-0.07285680283447854
155,18,404528,speed,14,401469,flow,10,0.0018267075692832613,0.016986573094606543,-0.06990302630449466
155,18,404528,speed,17,400260,flow,3,0.0032922447699986934,0.027277517081692283,-0.06592005463807718
155,18,404528,speed,18,404528,flow,1,6.288258716925438e-05,0.0009757642836608438,-0.08967162117058393
155,18,404528,speed,19,401795,flow,8,0.006347826338982743,0.04565869094972602,-0.06122373623164098
155,19,401795,flow,1,400125,flow,3,0.0061788512443222724,0.04473376466477664,-0.061422661055888284
155,19,401795,flow,2,400331,flow,1,0.0021752821950913074,0.019569385845052994,0.0687429033899094
155,19,401795,flow,2,400331,flow,5,0.00025023154145939507,0.0032374970323587504,0.08208640915329013
155,19,401795,flow,3,400039,flow,11,0.0045123338561794775,0.035034655389459636,0.06370159173325438
155,19,401795,flow,4,400316,flow,2,2.0590767630951372e-05,0.00036188818619084593,-0.09539751638748213
155,19,401795,flow,4,400316,flow,10,0.003250770914728901,0.027006404522363178,0.06600794033394024
155,19,401795,flow,4,400316,flow,11,0.0002875791072550138,0.003657173221494435,0.08128696420547558
155,19,401795,flow,5,400503,flow,12,0.000802078634332116,0.008658120190691508,0.07515934872216812
155,19,401795,flow,6,405843,flow,10,0.002041062904782982,0.018603287006130304,0.06916791802329429
155,19,401795,flow,6,405843,flow,11,0.001071172147452414,0.010937258973319005,0.07334942620143174
155,19,401795,flow,10,400497,flow,1,0.005430272554719703,0.04048805218569057,-0.06236746741242114
155,19,401795,flow,10,400497,flow,2,1.34486469843668e-11,5.983332128987083e-10,-0.15099775557938855
155,19,401795,flow,10,400497,flow,5,0.0023322463044283034,0.020656622962666623,0.06827533043512919
155,19,401795,flow,10,400497,flow,9,0.003564193314978016,0.0290296288097757,0.06536755233780313
155,19,401795,flow,10,400497,flow,10,9.275036471376135e-13,4.626808031910497e-11,0.15931215718000252
155,19,401795,flow,10,400497,flow,11,1.9559710902415073e-08,6.100935097359791e-07,0.12559586994505673
155,19,401795,flow,11,405841,flow,5,0.006806368233805044,0.048178881055803584,0.060706976380180896
155,19,401795,flow,12,404520,flow,1,0.0033698611753957106,0.027739710895025665,-0.06575825427411994
155,19,401795,flow,12,404520,flow,2,9.177390186688631e-07,2.154691609048635e-05,-0.10987919220616406
155,19,401795,flow,12,404520,flow,5,5.358256967496201e-05,0.0008454225748569608,0.09051296051263848
155,19,401795,flow,12,404520,flow,10,0.0065522238675755256,0.04673468614914469,0.060989377989374725
155,19,401795,flow,13,400183,flow,12,0.005395173887806016,0.04026805666088803,0.06241459123126197
155,19,401795,flow,14,401469,flow,1,0.005902276953795002,0.04314354727647108,0.061759075159620896
155,19,401795,flow,14,401469,flow,2,0.00034183255317943886,0.004244966302627528,0.0802838293164635
155,19,401795,flow,14,401469,flow,4,0.0041508512126466265,0.032751921897047356,0.06429553031254694
155,19,401795,flow,14,401469,flow,7,0.00011111408201310596,0.0016156608357341558,0.08661837942061851
155,19,401795,flow,14,401469,flow,12,0.0005016756466472943,0.005873226648711922,0.07801590233063443
155,19,401795,flow,15,401472,flow,2,3.2133509012428084e-14,1.8098664789268491e-12,-0.1691792943665489
155,19,401795,flow,15,401472,flow,3,4.45904432848303e-15,2.6646469290724406e-13,-0.17470884410686
155,19,401795,flow,15,401472,flow,9,0.0005520165048085627,0.006338945509763399,0.07744138884904624
155,19,401795,flow,15,401472,flow,10,4.358825906926776e-12,2.0247449374111475e-10,0.15455594108594478
155,19,401795,flow,15,401472,flow,11,9.405420567564162e-15,5.498161955599077e-13,0.17264062709535288
155,19,401795,flow,15,401472,flow,12,0.0007754333509758285,0.008423914799937886,0.0753682103279934
155,19,401795,flow,16,405838,flow,2,0.003150741045750842,0.026332368577372096,0.06622418465821614
155,19,401795,flow,16,405838,flow,12,0.0035717053255631404,0.029074367828213238,0.06535284183797932
155,19,401795,flow,17,400260,flow,1,1.649572893650562e-38,3.0453653421241145e-36,0.2853047218096085
155,19,401795,flow,17,400260,flow,11,0.000565626793549432,0.006474583328387774,0.07729444713034021
155,19,401795,flow,17,400260,flow,12,7.00294484229388e-08,2.008812863128125e-06,0.12060682344898212
155,19,401795,flow,19,401795,flow,1,1.80252849575039e-110,8.464046849610526e-108,0.4712945100112999
155,19,401795,flow,19,401795,flow,2,3.1365731634127735e-20,2.6831675378105313e-18,0.2046457069205234
155,19,401795,flow,19,401795,flow,3,0.00011809716541294599,0.00170571633093924,0.0862856442994449
155,19,401795,flow,19,401795,flow,6,4.372584705750509e-06,8.952400914143222e-05,0.10282588712069754
155,19,401795,flow,19,401795,flow,12,0.00028384846982503544,0.0036139858227060215,0.08136230321502355
155,19,401795,occupancy,2,400331,flow,5,0.007000146581282662,0.04934024022049453,0.06049794619200736
155,19,401795,occupancy,4,400316,flow,2,0.00020419972705795235,0.0027277143503103094,-0.0832422044456892
155,19,401795,occupancy,4,400316,flow,11,0.006522701795173381,0.04657889610457546,0.061022817847534404
155,19,401795,occupancy,10,400497,flow,2,1.688205755294088e-08,5.304035536633062e-07,-0.12615935865726186
155,19,401795,occupancy,10,400497,flow,10,1.5212414697227678e-05,0.00027428059888156745,0.09689599111978535
155,19,401795,occupancy,10,400497,flow,11,4.263627440869008e-05,0.0006913990444652446,0.09170193000205677
155,19,401795,occupancy,12,404520,flow,2,5.497343044040405e-06,0.00010994686088080811,-0.10178272409082019
155,19,401795,occupancy,15,401472,flow,2,3.146001714459985e-07,8.0466118451552e-06,-0.11446042747264035
155,19,401795,occupancy,15,401472,flow,3,2.1651895235811085e-10,8.636767074672565e-09,-0.1418391078886207
155,19,401795,occupancy,15,401472,flow,8,0.0015301117578033964,0.014738200208942414,-0.07106315350340711
155,19,401795,occupancy,15,401472,flow,10,0.0013698595500320951,0.013455646330465329,0.07177928226325557
155,19,401795,occupancy,15,401472,flow,11,8.935588693732146e-07,2.103637229260102e-05,0.10999566579617746
155,19,401795,occupancy,15,401472,flow,12,0.00015434767392724744,0.0021467545118020247,0.08481018644156381
155,19,401795,occupancy,16,405838,flow,3,0.0054376153441085704,0.040523404017275826,-0.06235764367711402
155,19,401795,occupancy,16,405838,flow,10,0.002729325797144404,0.02346405461425637,-0.06720995295782736
155,19,401795,occupancy,17,400260,flow,1,5.9894900031380383e-05,0.0009341009679984234,0.0899282805472013
155,19,401795,occupancy,17,400260,flow,9,0.0010883964326393498,0.011078870379363788,-0.07324848569135058
155,19,401795,occupancy,19,401795,flow,2,0.00026099550582984424,0.0033646690098028263,-0.08184511594449673
155,19,401795,speed,10,400497,flow,2,0.007069819597591092,0.049677048617995406,0.060424057268838066
