graph_slot,source_node_index,source_node_id,source_feature,target_node_index,target_node_id,target_feature,lag_5min_steps,raw_p_value,fdr_bh_q_value,parcorr_value
246,0,400593,flow,0,400593,flow,1,3.094363998750752e-10,1.4190713879621283e-08,0.1405839343473069
246,0,400593,flow,0,400593,flow,2,4.1511166057041485e-12,2.310930893897155e-10,0.1547082707146986
246,0,400593,flow,0,400593,flow,3,2.3886469584220747e-28,3.7523472219575864e-26,0.2441161392783639
246,0,400593,flow,0,400593,flow,4,9.488299476256826e-26,1.3395246319421402e-23,0.23227515725144535
246,0,400593,flow,0,400593,flow,5,2.3170054283607717e-13,1.4360779699452702e-11,0.16345598922033744
246,0,400593,flow,0,400593,flow,6,4.439057540534323e-08,1.4774058994690506e-06,0.1224128005567312
246,0,400593,flow,0,400593,flow,7,8.783153614468841e-08,2.7817612620605125e-06,0.1196997107194398
246,0,400593,flow,0,400593,flow,8,3.422452730614098e-11,1.7455721128988078e-09,0.14798255905878932
246,0,400593,flow,0,400593,flow,9,8.628198893393904e-06,0.00018271480009540033,0.09964626584635286
246,0,400593,flow,0,400593,flow,10,3.4254557964085056e-06,7.943085904715374e-05,0.10398020515336545
246,0,400593,flow,0,400593,flow,12,0.00025658217903782405,0.003487177131584367,0.08194289957574735
246,0,400593,flow,2,400331,flow,6,0.00468366277361269,0.036730018378626605,0.06343500514075677
246,0,400593,flow,3,400039,flow,2,0.0014685695890478251,0.014747142316798243,-0.07132961524050462
246,0,400593,flow,6,405843,flow,4,0.004275762013868064,0.03431412205073386,0.06408517270667777
246,0,400593,flow,7,408093,flow,6,0.0009965470200200188,0.010819389443811899,0.07380485464102335
246,0,400593,flow,7,408093,flow,9,0.0062445101761951435,0.04577682667769052,-0.06134478992445796
246,0,400593,flow,8,401448,flow,9,0.0002770076177226942,0.003724472171061435,0.08150289307442375
246,0,400593,flow,10,400497,flow,6,0.0061934128880160285,0.04547169217578049,-0.06140532700067458
246,0,400593,flow,11,405841,flow,5,0.0012357134928159149,0.012854110062158388,0.07244082673461961
246,0,400593,flow,11,405841,flow,10,0.00042461619704680325,0.005352617365749023,0.07900893420139211
246,0,400593,flow,13,400183,flow,2,1.6056106014359782e-06,3.9906332869037395e-05,0.10741157578948457
246,0,400593,flow,14,401469,flow,4,0.0017100418067423427,0.016713530780830134,0.07033711508647501
246,0,400593,occupancy,0,400593,flow,1,5.386733476836485e-12,2.9531330735956364e-10,0.1538935845252983
246,0,400593,occupancy,0,400593,flow,2,3.783834035795484e-09,1.499647984829036e-07,0.13174968621070487
246,0,400593,occupancy,0,400593,flow,3,2.1527873088946174e-23,2.6571546212642133e-21,-0.22099336370338052
246,0,400593,occupancy,0,400593,flow,4,2.655997692363572e-30,4.4472519500041204e-28,-0.2526763349802131
246,0,400593,occupancy,0,400593,flow,8,0.0044226857618218166,0.035231426315821955,0.06384475631028344
246,0,400593,occupancy,2,400331,flow,4,0.0014772957975922596,0.014814108276691183,-0.07129121447070888
246,0,400593,occupancy,3,400039,flow,2,0.004618449119005479,0.03634851556586568,-0.06353542044874004
246,0,400593,occupancy,4,400316,flow,11,0.005567724537970148,0.04193996513344558,0.06218552905988806
246,0,400593,occupancy,5,400503,flow,10,0.0034132255932708263,0.02887805437314918,0.06566932684188631
246,0,400593,occupancy,8,401448,flow,9,0.0023146044861402666,0.021351892761319564,0.0683264206987746
246,0,400593,occupancy,11,405841,flow,10,0.002865069586474807,0.0252748634134596,0.0668781079400068
246,0,400593,occupancy,13,400183,flow,2,0.0008049645929093061,0.009088988607862525,0.07513711450766693
246,0,400593,occupancy,14,401469,flow,4,0.002589181865670617,0.023390350605807332,0.06756875453707822
246,0,400593,speed,0,400593,flow,1,0.0008671109198210204,0.009629612271534211,-0.07467542041782758
246,1,400125,flow,1,400125,flow,1,4.8878271763697064e-113,2.4270590117146127e-110,0.476158216490998
246,1,400125,flow,1,400125,flow,2,6.92018555126559e-28,1.0526479430094136e-25,0.24205818055356168
246,1,400125,flow,1,400125,flow,11,0.003815947686026302,0.03141775110278945,0.06488923809951463
246,1,400125,flow,1,400125,flow,12,9.000334112975174e-05,0.0014315700798252118,0.08775980070794805
246,1,400125,flow,2,400331,flow,9,0.006483533661473307,0.047079073701651444,0.06106739445269379
246,1,400125,flow,2,400331,flow,12,0.00116855175953415,0.01228897574055921,0.07279734447999073
246,1,400125,flow,3,400039,flow,1,0.0029004125235705313,0.025492944256001415,0.06677726950192844
246,1,400125,flow,3,400039,flow,11,0.005510710269799922,0.041608170784762956,0.06226049887776182
246,1,400125,flow,4,400316,flow,3,0.0004663071672382054,0.0057853158026107045,-0.0784526161747624
246,1,400125,flow,4,400316,flow,10,0.001827422516354318,0.017684734029235337,0.0699004455524926
246,1,400125,flow,5,400503,flow,1,0.004436137714436513,0.03529302933032364,0.0638231074304777
246,1,400125,flow,5,400503,flow,7,0.003284425120332962,0.02802432652545605,0.06593654757500832
246,1,400125,flow,5,400503,flow,10,0.002449369008999261,0.022389492422507,0.06794484605290468
246,1,400125,flow,6,405843,flow,1,0.0016423420744409148,0.016194744947694024,0.07060166077313962
246,1,400125,flow,6,405843,flow,7,0.004043217223721277,0.03281363593176013,0.06448144780328559
246,1,400125,flow,6,405843,flow,12,0.00012848616126111576,0.0019408628660655422,0.08582343051365868
246,1,400125,flow,8,401448,flow,5,0.0018077247551874735,0.017529452171514893,0.0699718902641811
246,1,400125,flow,9,402391,flow,11,0.00047272565118412627,0.005849827594143299,0.07837112034833567
246,1,400125,flow,10,400497,flow,3,0.00023797652958448668,0.0032709468908844494,-0.08237326497247816
246,1,400125,flow,10,400497,flow,10,8.011199294591477e-06,0.00017056865920470765,0.10000086530867103
246,1,400125,flow,10,400497,flow,11,8.479938006127698e-09,3.2078224331411256e-07,0.12876276370011794
246,1,400125,flow,10,400497,flow,12,2.360496073888731e-05,0.00044491025476436815,0.09471407970026278
246,1,400125,flow,11,405841,flow,11,0.0003549924442656314,0.004583825491178248,0.0800630640565219
246,1,400125,flow,12,404520,flow,2,0.0013673357030753145,0.013943554755311106,-0.07179116646559866
246,1,400125,flow,12,404520,flow,3,5.432227312381125e-06,0.00011951768690002838,-0.10183862726176676
246,1,400125,flow,12,404520,flow,10,0.00017203775243425053,0.002487292806278321,0.08420546129405554
246,1,400125,flow,14,401469,flow,1,6.857696145049631e-06,0.0001479043801628278,0.1007400935198081
246,1,400125,flow,14,401469,flow,8,0.002799561727727171,0.024808423925705394,0.06703641723908443
246,1,400125,flow,14,401469,flow,12,0.0001979420411001417,0.002800883123329879,0.0834178844174574
246,1,400125,flow,15,401472,flow,1,1.1728841394901789e-05,0.0002393414965799515,0.09816621053912185
246,1,400125,flow,15,401472,flow,3,4.800403526576948e-10,2.1445442848823598e-08,-0.1391039963212042
246,1,400125,flow,15,401472,flow,4,2.3897771615221697e-07,7.027799413053624e-06,-0.11560875717684872
246,1,400125,flow,15,401472,flow,5,0.0010501080130956356,0.011259534913311357,-0.07347492908570191
246,1,400125,flow,15,401472,flow,10,0.001192896767129391,0.012508043771842158,0.07266597740818172
246,1,400125,flow,15,401472,flow,11,6.1572639034627616e-09,2.3728260537876118e-07,0.12995555010274415
246,1,400125,flow,15,401472,flow,12,1.73937373642311e-12,9.899992808099915e-11,0.15739711908118575
246,1,400125,flow,16,405838,flow,1,0.0020349230313309666,0.019262233705520347,0.06918796719254756
246,1,400125,flow,16,405838,flow,2,6.343429000332775e-05,0.0010564230254987506,0.08962549210630323
246,1,400125,flow,17,400260,flow,1,5.3647615344001336e-05,0.0009135108328186275,0.09050660994067124
246,1,400125,flow,17,400260,flow,2,0.0007717339839511356,0.008779616288415358,0.07539773285993283
246,1,400125,flow,19,401795,flow,1,3.968539876975398e-06,9.051791060471869e-05,0.10330127692233763
246,1,400125,flow,19,401795,flow,11,0.0024502751279019785,0.022393036920957368,0.06794234609298008
246,1,400125,occupancy,0,400593,flow,4,0.00012566694936791783,0.0019041782576969663,-0.08594527575550008
246,1,400125,occupancy,1,400125,flow,1,0.0001377708188109371,0.0020601243934345735,-0.0854392235866566
246,1,400125,occupancy,1,400125,flow,6,0.00014535928214390534,0.0021534708465763756,0.08514289881262962
246,1,400125,occupancy,5,400503,flow,12,0.0004907315431535128,0.006041494062192007,0.07814788508972498
246,1,400125,occupancy,7,408093,flow,9,0.00425694795009809,0.034182184283315514,-0.06411649755690231
246,1,400125,occupancy,10,400497,flow,8,0.006770454215315577,0.04866616008346638,-0.06074630291291328
246,1,400125,occupancy,10,400497,flow,11,0.0007158359609668397,0.00826693716887109,0.07586057694715798
246,1,400125,occupancy,11,405841,flow,11,0.0015416754046210712,0.015370500226085918,0.07101418963333166
246,1,400125,occupancy,14,401469,flow,12,0.0010022999568438308,0.010856621093074972,-0.07376864169019864
246,1,400125,occupancy,15,401472,flow,8,0.0008638703227136521,0.009608444372098294,-0.07469872547271346
246,1,400125,occupancy,15,401472,flow,12,0.003182264390834453,0.02735253117470123,0.06615537095255601
246,1,400125,occupancy,18,404528,flow,6,0.0018783123738817698,0.018084041576040218,-0.0697190878128137
246,1,400125,occupancy,18,404528,flow,8,0.001984697415964459,0.018889387171109193,-0.06935408921205502
246,1,400125,speed,0,400593,flow,2,0.002399456634588795,0.02201242867153025,0.06808387664953015
246,1,400125,speed,0,400593,flow,4,7.40415625571168e-05,0.0012144134756805092,0.08880532986271648
246,1,400125,speed,1,400125,flow,1,6.744902940099303e-07,1.8030928651750613e-05,0.11121546822396422
246,1,400125,speed,1,400125,flow,2,0.005023829336689081,0.03876910099052667,0.06293087016547612
246,1,400125,speed,1,400125,flow,3,0.0013084865812041959,0.01348118776723617,0.07207416714014689
246,1,400125,speed,7,408093,flow,8,0.006494383398344845,0.04711891294013784,0.0610550223611165
246,1,400125,speed,12,404520,flow,12,0.004466372244091901,0.0354421897400386,-0.06377466567435322
246,1,400125,speed,16,405838,flow,11,0.0018663717381484375,0.01798511244434809,-0.06976123232338872
246,2,400331,flow,2,400331,flow,1,3.5435361472439466e-75,1.1423937429920785e-72,0.39497010744641814
246,2,400331,flow,2,400331,flow,2,4.6649777411949376e-11,2.3406160095194113e-09,0.14696904110451273
246,2,400331,flow,2,400331,flow,3,2.427351587691368e-19,2.399578686230368e-17,0.19981250253626512
246,2,400331,flow,2,400331,flow,4,1.202823800173146e-29,1.9832819911251872e-27,0.24979755672870158
246,2,400331,flow,2,400331,flow,6,0.0008366192132181016,0.009363018412664112,0.07489797363017704
246,2,400331,flow,2,400331,flow,9,0.00016844210158075115,0.0024410260946958902,0.08432348547451178
246,2,400331,flow,2,400331,flow,12,0.006746869383218462,0.04852085189862454,0.060772230786554825
246,2,400331,flow,3,400039,flow,2,0.00014475988756895987,0.0021467995684789107,0.08516576881455132
246,2,400331,flow,5,400503,flow,12,0.005698776323020972,0.04270375319245551,0.06201579531490813
246,2,400331,flow,6,405843,flow,1,0.0005263384841687407,0.006399612303993695,0.07770851766882891
246,2,400331,flow,6,405843,flow,3,3.4988296658169766e-06,8.074222305731484e-05,0.1038826866917561
246,2,400331,flow,6,405843,flow,4,2.3483469821725893e-06,5.626654998882743e-05,0.10570300926872052
246,2,400331,flow,7,408093,flow,6,0.00011367404738402786,0.0017500779925124746,0.08649416976857185
246,2,400331,flow,7,408093,flow,8,0.001640606404616407,0.016181323442791957,0.07060857407402518
246,2,400331,flow,7,408093,flow,10,0.00017093297038170112,0.0024729753250132248,0.0842414761262093
246,2,400331,flow,10,400497,flow,1,0.00013979059250179433,0.002083116107650057,0.08535888058947612
246,2,400331,flow,10,400497,flow,4,0.003941133451910581,0.03216643966040754,0.06466197379089232
246,2,400331,flow,11,405841,flow,1,0.005877682860418469,0.04377105664024786,0.06178967365304255
246,2,400331,flow,11,405841,flow,12,0.0035521844868764635,0.029820126279258303,0.06539112743720533
246,2,400331,flow,13,400183,flow,2,0.0023536065729744334,0.021637753554478726,0.06821394283164507
246,2,400331,flow,13,400183,flow,3,0.0007718745986898503,0.008779616288415358,0.07539660829628947
246,2,400331,flow,13,400183,flow,7,0.0005037248213484131,0.006176813023630839,0.07799148841491241
246,2,400331,flow,13,400183,flow,10,0.002440785776476913,0.022325205493076993,0.06796856902025904
246,2,400331,flow,14,401469,flow,8,0.0021684124078651867,0.02021760168941005,0.06876406566720379
246,2,400331,flow,14,401469,flow,10,0.0010785033605710142,0.01152110414853309,0.07330628060239058
246,2,400331,flow,14,401469,flow,11,5.786445749525615e-05,0.0009726632543949671,0.09010971558814634
246,2,400331,flow,15,401472,flow,1,0.00521243302813871,0.03988965576892689,0.06266450355722376
246,2,400331,flow,16,405838,flow,8,0.0005583437911372615,0.006718608993133641,0.07737266259278595
246,2,400331,flow,17,400260,flow,12,0.0005085467935127394,0.006221812936774381,0.07793440236744031
246,2,400331,flow,18,404528,flow,3,0.005855973006862924,0.04363947453794692,0.06181677972504213
246,2,400331,flow,18,404528,flow,8,0.004693456183968155,0.03679138217155223,0.06342003472643973
246,2,400331,flow,19,401795,flow,4,0.004449595121990395,0.035355486188357044,0.0638015091731791
246,2,400331,flow,19,401795,flow,5,0.0008361527328647315,0.009362829979200725,0.07490143641025082
246,2,400331,occupancy,0,400593,flow,1,3.349716302301489e-09,1.3386470329271444e-07,0.13216196417875845
246,2,400331,occupancy,2,400331,flow,1,0.004565920166611874,0.03602040745026167,0.06361724130216803
246,2,400331,occupancy,2,400331,flow,2,8.920169011660833e-08,2.8230864564377146e-06,0.11963747523898083
246,2,400331,occupancy,2,400331,flow,3,4.968312022064576e-07,1.3507305182705455e-05,0.11252696872947755
246,2,400331,occupancy,5,400503,flow,7,0.002570969480385608,0.02325441260037978,0.06761667839333851
246,2,400331,occupancy,6,405843,flow,1,0.0006005027529278071,0.007154362638301507,0.07693242105374129
246,2,400331,occupancy,6,405843,flow,9,0.004323422418076469,0.034619434376441785,0.06400637501746148
246,2,400331,occupancy,6,405843,flow,12,0.000187051927515385,0.00267040425269816,-0.0837364390163502
246,2,400331,occupancy,7,408093,flow,2,0.002091455699662852,0.019645767824621702,0.06898807618026846
246,2,400331,occupancy,7,408093,flow,10,0.006994242994719828,0.049892882657182384,0.060504237292840005
246,2,400331,occupancy,7,408093,flow,11,0.00010108511005470733,0.0015770591384483051,0.08713248760882343
246,2,400331,occupancy,11,405841,flow,5,5.2387867705284535e-05,0.0008955899821402025,0.09063091932360273
246,2,400331,occupancy,13,400183,flow,2,0.0025064161998206453,0.022814407887115862,0.06778907923789561
246,2,400331,occupancy,13,400183,flow,3,3.8428141125442684e-05,0.0006828859303246088,0.09223791923736825
246,2,400331,occupancy,13,400183,flow,6,0.00010065378510839579,0.0015714649500118173,0.08715566209881874
246,2,400331,occupancy,13,400183,flow,8,0.0005165860937676847,0.006307665135885805,0.07784033887792483
246,2,400331,occupancy,17,400260,flow,8,0.0009976396444218033,0.010825931333590028,0.07379796205864411
246,2,400331,occupancy,17,400260,flow,12,0.005587276988739153,0.04202862021827118,0.062159978289101386
246,2,400331,occupancy,18,404528,flow,3,0.0039305737781374465,0.03211416697438452,0.06468088904358502
246,2,400331,speed,0,400593,flow,10,0.0011038596450201144,0.011725285631883192,0.073159115514664
246,2,400331,speed,1,400125,flow,5,0.001237753629466166,0.012869063006724035,0.07243027937947606
246,2,400331,speed,2,400331,flow,1,0.00012341500150883777,0.0018739993199233013,-0.08604446807433275
246,2,400331,speed,2,400331,flow,2,8.635670818991818e-05,0.0013817073310386908,-0.08796017656940108
246,2,400331,speed,7,408093,flow,11,0.005414277297844703,0.04100233589301837,-0.06238890862013032
246,2,400331,speed,8,401448,flow,2,0.0020906904318798653,0.019645767824621702,0.06900786371281095
246,2,400331,speed,8,401448,flow,10,0.0010640607535252911,0.011386530728831454,0.07339153971546872
246,2,400331,speed,9,402391,flow,6,0.001196730365366837,0.012542152300787812,0.07264551703135617
246,2,400331,speed,10,400497,flow,1,0.0024933266570312646,0.02272800615140525,0.06782453141992902
246,2,400331,speed,13,400183,flow,1,2.8451174018784445e-05,0.000526151848292589,0.0937724421234491
246,2,400331,speed,15,401472,flow,6,0.0034712596163265514,0.0292601786195721,-0.06555191097547426
246,2,400331,speed,15,401472,flow,7,0.0033346647898215872,0.02835219817364546,-0.06583120033843227
246,3,400039,flow,1,400125,flow,1,7.088640346184248e-07,1.8876505577683282e-05,0.11097302593983151
246,3,400039,flow,1,400125,flow,11,0.0001878146645729025,0.0026792189319421443,0.08371356756505553
246,3,400039,flow,1,400125,flow,12,0.0023289611576635732,0.0214568398402786,0.0682848172805009
246,3,400039,flow,2,400331,flow,9,0.0007374982367123011,0.008468879273251304,0.07567735706014345
246,3,400039,flow,3,400039,flow,1,2.554394137170449e-96,1.0217576548681794e-93,0.4429663882093462
246,3,400039,flow,3,400039,flow,2,1.0807603221592582e-16,8.759633380352711e-15,0.1846145013135535
246,3,400039,flow,3,400039,flow,3,0.002413211054743694,0.02210257037852871,0.06804530172702863
246,3,400039,flow,3,400039,flow,4,0.0004454616691383579,0.005571495109084268,0.07872470310841374
246,3,400039,flow,3,400039,flow,5,0.0016141121487210322,0.01598937051702559,0.07071494612770245
246,3,400039,flow,3,400039,flow,6,0.004875584974834409,0.03787543084208712,0.06314665544636201
246,3,400039,flow,3,400039,flow,10,0.00038815459983264046,0.004959561878961866,0.0795389588037967
246,3,400039,flow,3,400039,flow,11,9.680592533386465e-07,2.5345551360139106e-05,0.10964598457260999
246,3,400039,flow,3,400039,flow,12,2.376676433729046e-05,0.00044756940687486825,0.09467978482318332
246,3,400039,flow,4,400316,flow,6,0.0008368197706318549,0.009363018412664112,0.07489648540112154
246,3,400039,flow,4,400316,flow,10,0.000174071581702093,0.0025108154689584034,0.0841397251384372
246,3,400039,flow,4,400316,flow,11,1.1473238857872466e-07,3.5760744492070025e-06,0.11862105995063972
246,3,400039,flow,5,400503,flow,1,4.174158659395178e-05,0.0007336194226439044,0.09181155149454345
246,3,400039,flow,5,400503,flow,5,0.00020711129038976955,0.002910607594286937,0.08316218075607802
246,3,400039,flow,5,400503,flow,9,0.0009892692727010233,0.010751303793882819,0.07385094389672427
246,3,400039,flow,5,400503,flow,11,0.00021827195480333356,0.0030368271972637715,0.08286490772826617
246,3,400039,flow,6,405843,flow,1,0.0019285569810027882,0.01845672609200719,0.06954440138225425
246,3,400039,flow,6,405843,flow,2,0.0003257822762842066,0.004255758795124804,0.08056409884004644
246,3,400039,flow,6,405843,flow,11,0.0002073059682453261,0.002911449228933058,0.08315686780879869
246,3,400039,flow,6,405843,flow,12,5.4962223590921636e-05,0.0009322214601993775,0.09037979983332643
246,3,400039,flow,7,408093,flow,6,0.00021678747241670333,0.0030259188395481695,0.08290361438798326
246,3,400039,flow,7,408093,flow,12,0.00040432167663916177,0.005129719950311831,0.0792984483728729
246,3,400039,flow,8,401448,flow,4,0.001544143350308656,0.015391553468697262,0.0710037834072512
246,3,400039,flow,8,401448,flow,12,0.0001375113114723827,0.0020576683947374206,0.08544962659159273
246,3,400039,flow,9,402391,flow,1,9.710029077779004e-08,3.055158457101624e-06,0.11926595046817189
246,3,400039,flow,9,402391,flow,12,0.00012612456171051924,0.0019097725432507646,0.08592532399588898
246,3,400039,flow,10,400497,flow,5,0.0011076548430052266,0.011756926097745894,0.07313735790102455
246,3,400039,flow,10,400497,flow,8,0.0069043916546059625,0.04939058113578036,-0.0606005794999416
246,3,400039,flow,10,400497,flow,10,2.5771862514671305e-09,1.0533060176289502e-07,0.13314803211280726
246,3,400039,flow,10,400497,flow,11,8.867331887125852e-17,7.227712028751638e-15,0.1851740289524334
246,3,400039,flow,10,400497,flow,12,1.8978967007695437e-07,5.7016090037026624e-06,0.11656291724579433
246,3,400039,flow,12,404520,flow,2,0.0001761203468466531,0.0025344433656813506,-0.08407423197458058
246,3,400039,flow,12,404520,flow,3,0.00031033831728742594,0.00408217060672899,-0.0808462487519809
246,3,400039,flow,12,404520,flow,6,3.697543179466744e-08,1.248512356831741e-06,0.12312961719719717
246,3,400039,flow,12,404520,flow,10,3.284948152003022e-08,1.1209301750910787e-06,0.12359148839036475
246,3,400039,flow,12,404520,flow,11,1.0065046624774024e-08,3.767851076171905e-07,0.12811967123591184
246,3,400039,flow,13,400183,flow,10,0.0033657552735742815,0.02853790536180745,0.06576672812165638
246,3,400039,flow,14,401469,flow,11,0.0019418893954029734,0.018554341120323056,0.06949874964566448
246,3,400039,flow,14,401469,flow,12,0.0014359058233731825,0.014497623175138585,0.07147524655920098
246,3,400039,flow,15,401472,flow,1,1.0269366098128245e-06,2.68058377908846e-05,0.10938748862974054
246,3,400039,flow,15,401472,flow,3,0.00011391561340025378,0.0017525478984654426,-0.08648258546404232
246,3,400039,flow,15,401472,flow,10,0.00020550751017363054,0.002892774336754917,0.08320612869880302
246,3,400039,flow,15,401472,flow,11,2.91376742844819e-15,2.0737191583025012e-13,0.17587668378215077
246,3,400039,flow,15,401472,flow,12,1.2138081165933937e-14,8.31006507715287e-13,0.17192794565424424
246,3,400039,flow,16,405838,flow,3,5.433628172954994e-06,0.00011951768690002838,0.10183741786260476
246,3,400039,flow,16,405838,flow,12,0.0009645808061129854,0.010520043126503655,0.07400966571669564
246,3,400039,flow,17,400260,flow,1,0.0025433577369876202,0.023077726157921696,0.06768993060923716
246,3,400039,flow,17,400260,flow,9,0.006248349730561303,0.04579720196135872,-0.06134025906639395
246,3,400039,flow,17,400260,flow,12,5.682604558400863e-07,1.531431796150451e-05,0.11195249908194992
246,3,400039,flow,18,404528,flow,1,2.2397523549936015e-08,7.853677088938603e-07,0.12504386476493567
246,3,400039,flow,18,404528,flow,2,0.0003827885472082428,0.00490114559555308,0.07960085860819814
246,3,400039,flow,18,404528,flow,12,0.004092957827671759,0.03315503059355335,0.06439497940705757
246,3,400039,flow,19,401795,flow,1,8.981928799296027e-07,2.364529702191276e-05,0.10994556786574575
246,3,400039,flow,19,401795,flow,12,0.0022043263627007006,0.02049653440995916,0.06865410443472333
246,3,400039,occupancy,1,400125,flow,11,0.006698496874527107,0.0482533041486695,0.06082566456699224
246,3,400039,occupancy,1,400125,flow,12,0.0023094565542991904,0.02131350633320338,0.06834139615036443
246,3,400039,occupancy,3,400039,flow,1,2.4489632053756974e-05,0.00045954840905580155,-0.09452923207271267
246,3,400039,occupancy,3,400039,flow,2,0.0002966697411199185,0.003933742423689527,-0.08110714492637852
246,3,400039,occupancy,3,400039,flow,10,5.9648750424270245e-05,0.0010005991499911042,0.08994996309895106
246,3,400039,occupancy,3,400039,flow,12,0.006288777264346125,0.04604664030843265,0.06129270404875204
246,3,400039,occupancy,4,400316,flow,6,0.0008880648140092803,0.009821914993651027,0.07452664783882702
246,3,400039,occupancy,4,400316,flow,11,7.323396728708752e-08,2.350451253196271e-06,0.12042815836949279
246,3,400039,occupancy,5,400503,flow,1,2.8907089434960717e-06,6.812800128697779e-05,0.1047580884085905
246,3,400039,occupancy,5,400503,flow,3,0.0012996495870544798,0.01341894411107876,0.07211767329955877
246,3,400039,occupancy,5,400503,flow,5,9.137460103110111e-07,2.4025458092170226e-05,0.10989822111313624
246,3,400039,occupancy,5,400503,flow,7,0.0016640910991748456,0.016379297216758563,0.07051559762207031
246,3,400039,occupancy,5,400503,flow,9,0.005467117170979304,0.04131178271581353,0.06231829415691377
246,3,400039,occupancy,5,400503,flow,11,2.718001473534524e-07,7.880380111187344e-06,0.11507259251171348
246,3,400039,occupancy,6,405843,flow,1,0.0025733646265756085,0.023262053121587422,0.06761035815226879
246,3,400039,occupancy,6,405843,flow,2,2.783789603919058e-05,0.0005161360982373533,0.09388277990646825
246,3,400039,occupancy,6,405843,flow,11,0.005942401457706875,0.04410096941641247,0.06170940027669769
246,3,400039,occupancy,7,408093,flow,3,0.0035500614224115777,0.029813890639226317,0.06539530286060527
246,3,400039,occupancy,7,408093,flow,5,0.002131291350842943,0.019941907376308236,0.06887949028648295
246,3,400039,occupancy,7,408093,flow,12,0.0026541273481808713,0.02385236143986138,0.06740032870187956
246,3,400039,occupancy,8,401448,flow,1,0.0030488329405051265,0.026437090130433855,0.06645101808591052
246,3,400039,occupancy,8,401448,flow,2,0.0001985402593777651,0.0028084280304909795,0.08340086615726201
246,3,400039,occupancy,8,401448,flow,4,1.258374600109424e-05,0.0002543836346501035,0.0978240942743733
246,3,400039,occupancy,8,401448,flow,8,0.0030945447108641213,0.02674973362359471,0.06634842870295919
246,3,400039,occupancy,8,401448,flow,10,0.0001600017290576874,0.002335160370031113,0.08461011482866765
246,3,400039,occupancy,8,401448,flow,11,0.001955642303544391,0.018637491178715573,0.06945195841012856
246,3,400039,occupancy,8,401448,flow,12,1.2997044398852682e-06,3.308617077374401e-05,0.10835033550138759
246,3,400039,occupancy,9,402391,flow,11,0.005427881557453266,0.04107997254414525,0.06237066885457984
246,3,400039,occupancy,9,402391,flow,12,2.9847039217890573e-05,0.000548210924410235,0.09352949974187114
246,3,400039,occupancy,10,400497,flow,5,0.0022460208091578883,0.02080651013613496,0.06852848408066843
246,3,400039,occupancy,10,400497,flow,10,4.724070085970403e-06,0.00010590546326617614,0.10249179745432746
246,3,400039,occupancy,10,400497,flow,11,5.0888562565280026e-11,2.532702653018545e-09,0.1466831859516516
246,3,400039,occupancy,11,405841,flow,7,0.0025909131485657125,0.023401097223089855,0.06756421490441816
246,3,400039,occupancy,12,404520,flow,2,0.002941499015933147,0.025754511043435742,-0.06669752608802078
246,3,400039,occupancy,12,404520,flow,6,1.1686678518376015e-06,2.9944514353134273e-05,0.108819417500818
246,3,400039,occupancy,12,404520,flow,8,0.000897937301443932,0.00992094409779485,0.07445767692507362
246,3,400039,occupancy,12,404520,flow,10,0.001460814737852382,0.01469659913256239,0.071363918172309
246,3,400039,occupancy,12,404520,flow,11,3.2809235555858974e-07,9.335702631587759e-06,0.11428405719259187
246,3,400039,occupancy,14,401469,flow,2,0.0013602214213261309,0.013888339730864773,0.07182477509292945
246,3,400039,occupancy,14,401469,flow,9,0.0033933950506638056,0.028732784435256058,0.06570986502713703
246,3,400039,occupancy,14,401469,flow,11,9.604659063460142e-07,2.516199342277005e-05,0.10968041780511978
246,3,400039,occupancy,14,401469,flow,12,3.859831186375872e-05,0.0006853461046092793,0.09221518739182687
246,3,400039,occupancy,15,401472,flow,1,0.00023541634932961554,0.0032440147658817837,0.08243493692965227
246,3,400039,occupancy,15,401472,flow,10,9.237394408728501e-09,3.479123264664963e-07,0.12844208499909568
246,3,400039,occupancy,15,401472,flow,11,1.097711030746933e-10,5.274873918605951e-09,0.1441317355753105
246,3,400039,occupancy,15,401472,flow,12,1.7264175905243216e-08,6.189314515406697e-07,0.12607384895350723
246,3,400039,occupancy,16,405838,flow,1,0.00041754389810534734,0.005272696988643966,0.07910833016330843
246,3,400039,occupancy,16,405838,flow,2,5.575637693582071e-06,0.0001225165556270323,0.10171633926412439
246,3,400039,occupancy,16,405838,flow,3,4.4816594301791435e-09,1.7521057681786335e-07,0.13112874080205073
246,3,400039,occupancy,16,405838,flow,7,0.0002664958595317109,0.003607841156931968,0.0817253934420203
246,3,400039,occupancy,16,405838,flow,12,2.0659697057321017e-05,0.000396018234099976,0.09538085174834704
246,3,400039,occupancy,17,400260,flow,1,4.602604865905299e-06,0.00010334331091845577,0.10261317217807989
246,3,400039,occupancy,17,400260,flow,2,0.004183067159735214,0.03373315312685481,0.06424073317948306
246,3,400039,occupancy,17,400260,flow,12,2.513028427166994e-05,0.00047019828449403945,0.09439929272512443
246,3,400039,occupancy,18,404528,flow,1,1.5255233371641013e-06,3.816016685899779e-05,0.10763953982724374
246,3,400039,occupancy,18,404528,flow,7,0.0021634051128191813,0.020176835249090808,0.06877952929663012
246,3,400039,occupancy,18,404528,flow,11,0.002413375566562961,0.02210257037852871,0.06804484156405585
246,3,400039,occupancy,19,401795,flow,1,0.003352603456495256,0.028476694715020658,0.0657939345828457
246,3,400039,occupancy,19,401795,flow,2,0.00030114433090248064,0.00398481891124214,0.08102052036654964
246,3,400039,occupancy,19,401795,flow,12,0.0006076721858370517,0.007211933634110064,0.0768604301148711
246,3,400039,speed,4,400316,flow,1,0.002972609622926923,0.02596900621040305,0.06662524317136882
246,3,400039,speed,14,401469,flow,2,0.004402003141512031,0.03508607669987449,-0.06387815846175753
246,3,400039,speed,19,401795,flow,6,0.005999043900090483,0.04442212829686473,-0.061639787558207815
246,4,400316,flow,0,400593,flow,9,0.004596733230257419,0.03623040969661019,0.06356914320904956
246,4,400316,flow,1,400125,flow,1,1.5929344100868008e-07,4.8597998951800705e-06,0.11728316882105225
246,4,400316,flow,1,400125,flow,8,0.006756655479506971,0.04858314192987702,-0.060761462622997184
246,4,400316,flow,1,400125,flow,9,4.941233390787378e-07,1.345061641348549e-05,-0.11255028145506425
246,4,400316,flow,1,400125,flow,12,0.001958255320280469,0.018658277423051668,0.06944310233764198
246,4,400316,flow,3,400039,flow,1,3.461454762319843e-11,1.7633826147667125e-09,0.14794560164527934
246,4,400316,flow,3,400039,flow,2,2.8204136597908172e-05,0.000522702145443858,0.09381661346372855
246,4,400316,flow,4,400316,flow,1,1.3629234653909528e-05,0.00027321714016189866,0.09741020273858712
246,4,400316,flow,4,400316,flow,3,1.8649560539889479e-06,4.572423469484821e-05,-0.10674180700190519
246,4,400316,flow,4,400316,flow,4,0.006666986721456149,0.04808244179748007,-0.06086065839853364
246,4,400316,flow,4,400316,flow,7,0.00069564421895287,0.008078448994291393,-0.07603605468171543
246,4,400316,flow,4,400316,flow,8,1.8991961029303503e-06,4.645619519733578e-05,-0.1066601552808311
246,4,400316,flow,4,400316,flow,11,0.0028078507621279026,0.024846200926654117,0.06699935085753136
246,4,400316,flow,5,400503,flow,2,4.757204026976912e-05,0.0008227030182762314,0.09113378351778817
246,4,400316,flow,5,400503,flow,12,0.0002142226240031106,0.002994957073441546,0.08297108051822905
246,4,400316,flow,6,405843,flow,1,2.8374374664371488e-05,0.000525176791820942,0.09378613501893662
246,4,400316,flow,6,405843,flow,9,0.0007663935723941486,0.008740285725297576,-0.07544058402311292
246,4,400316,flow,9,402391,flow,1,1.3274643966990085e-11,6.993470967975265e-10,0.15103936578754884
246,4,400316,flow,9,402391,flow,2,2.1013888139881368e-05,0.0004013262456422967,0.09529604669900754
246,4,400316,flow,9,402391,flow,12,7.375351602887701e-08,2.361862040361369e-06,0.12039990637529428
246,4,400316,flow,10,400497,flow,1,4.939541540940989e-11,2.4640669118781837e-09,0.1467811322534689
246,4,400316,flow,10,400497,flow,5,4.270926136165638e-05,0.0007472690007917586,0.09169308374228374
246,4,400316,flow,10,400497,flow,8,2.2224295312406046e-09,9.187459880343934e-08,-0.13368342467308492
246,4,400316,flow,10,400497,flow,9,1.3056371998848515e-06,3.321762487339551e-05,-0.10833018972951552
246,4,400316,flow,10,400497,flow,11,8.828197790512163e-12,4.685235191033482e-10,0.15233690587168838
246,4,400316,flow,10,400497,flow,12,5.808854972832946e-30,9.688900958547615e-28,0.25122082574855403
246,4,400316,flow,12,404520,flow,3,6.326237074706465e-10,2.785865867760645e-08,-0.13810881550027226
246,4,400316,flow,12,404520,flow,10,0.00013839593525304307,0.0020673251739043775,0.08541423975301358
246,4,400316,flow,12,404520,flow,11,1.3467827243777726e-08,4.918090760196093e-07,0.12701942445610534
246,4,400316,flow,12,404520,flow,12,6.872168499941215e-17,5.654812937094486e-15,0.18583369486025272
246,4,400316,flow,14,401469,flow,2,0.0019528918341731873,0.018619493982847426,0.06946129207342003
246,4,400316,flow,15,401472,flow,1,7.106437568105009e-32,1.2633666787742237e-29,0.25929192766253034
246,4,400316,flow,15,401472,flow,2,1.7097086302165172e-08,6.139602063620411e-07,0.1261110116541628
246,4,400316,flow,15,401472,flow,4,0.002869568911856646,0.025304220655686285,-0.0668673562481866
246,4,400316,flow,15,401472,flow,8,1.1596365029888385e-06,2.9783767496502867e-05,-0.10885358521378741
246,4,400316,flow,15,401472,flow,9,1.1547256638516637e-16,9.306744156416395e-15,-0.18448800965506146
246,4,400316,flow,15,401472,flow,10,0.0008501307843655197,0.00948983201152208,-0.0747984431398769
246,4,400316,flow,15,401472,flow,11,1.8815944066600212e-08,6.701144135837833e-07,0.1257444915279501
246,4,400316,flow,15,401472,flow,12,2.010589997356503e-46,4.825415993655607e-44,0.31310634268600135
246,4,400316,flow,16,405838,flow,5,0.004501422172097062,0.035615647955053675,0.06371887891114042
246,4,400316,flow,16,405838,flow,11,0.0008394474995122702,0.009388477648835578,-0.07487701691515827
246,4,400316,flow,17,400260,flow,1,4.87797142565305e-06,0.00010901622637776087,0.1023422304944496
246,4,400316,flow,17,400260,flow,2,0.001695951594106821,0.01662471269920914,0.07039137109786026
246,4,400316,flow,17,400260,flow,3,0.000522005203985087,0.006359454261747254,0.07777769906174226
246,4,400316,flow,17,400260,flow,10,9.823119741941829e-08,3.0847465987466796e-06,-0.11924909072958718
246,4,400316,flow,18,404528,flow,1,4.3809050637125665e-12,2.426347419902345e-10,0.15454016886773425
246,4,400316,flow,18,404528,flow,2,4.996241445228125e-06,0.00011108473002257076,0.10223032915212232
246,4,400316,flow,18,404528,flow,3,1.1319719026616746e-08,4.1939267748700124e-07,0.12767697370269593
246,4,400316,flow,18,404528,flow,4,0.0019081250165186917,0.018289549747860543,0.06961492787063116
246,4,400316,flow,18,404528,flow,12,0.0024086085458811827,0.02206826917965368,0.06805818724329454
246,4,400316,flow,19,401795,flow,1,8.872674283472008e-05,0.0014128253927238876,0.08783669449789817
246,4,400316,flow,19,401795,flow,2,0.0027177175498870995,0.024251867426604456,0.06723902587992112
246,4,400316,flow,19,401795,flow,8,7.334017939343699e-06,0.00015746996768372157,-0.10042142416723422
246,4,400316,occupancy,1,400125,flow,1,3.321747121915141e-10,1.513707549227153e-08,0.14037547152706545
246,4,400316,occupancy,1,400125,flow,2,3.970322082274716e-05,0.0007022436639393662,0.09206986262356752
246,4,400316,occupancy,1,400125,flow,9,0.0003185100953589711,0.0041721152575826415,0.08069536116812084
246,4,400316,occupancy,1,400125,flow,10,6.279015024451029e-11,3.082425557457778e-09,0.14599011288474104
246,4,400316,occupancy,1,400125,flow,11,1.7398884926514444e-15,1.2675072998742394e-13,0.1772812722903437
246,4,400316,occupancy,1,400125,flow,12,1.261864218276679e-12,7.307310218438677e-11,0.1583775019009476
246,4,400316,occupancy,2,400331,flow,1,3.241940041425885e-05,0.0005894436438956154,0.09310878789518669
246,4,400316,occupancy,2,400331,flow,2,0.000157252320511999,0.002297362274642664,0.08470655884940154
246,4,400316,occupancy,2,400331,flow,3,0.00032075641770420543,0.004198993104491417,0.0806545185676668
246,4,400316,occupancy,2,400331,flow,4,0.001540415905523562,0.015361488254528597,0.07101950628881294
246,4,400316,occupancy,2,400331,flow,5,0.0002866081908906414,0.0038261662071927406,0.08130648307173718
246,4,400316,occupancy,2,400331,flow,6,0.0011494420978384486,0.012125982570603414,0.07290224386562695
246,4,400316,occupancy,2,400331,flow,7,0.0013483733982873937,0.013799983607205735,0.07188110770085679
246,4,400316,occupancy,2,400331,flow,8,0.00010579156776868981,0.0016427734463002877,0.08688550462140565
246,4,400316,occupancy,2,400331,flow,9,8.331232407227623e-05,0.0013404440968053381,0.08817488212879147
246,4,400316,occupancy,2,400331,flow,10,1.9348393962962545e-05,0.00037364801931156995,0.09570734573333241
246,4,400316,occupancy,2,400331,flow,11,9.511818680689002e-05,0.0014990190753974265,0.08746170061898892
246,4,400316,occupancy,2,400331,flow,12,0.001113709934140686,0.011809589876013165,0.07310278667974207
246,4,400316,occupancy,3,400039,flow,1,6.693877210159349e-09,2.5568125152863295e-07,0.129645188481238
246,4,400316,occupancy,3,400039,flow,2,0.00039354093498461735,0.005016514721550743,0.07945780637779176
246,4,400316,occupancy,3,400039,flow,4,0.005884537455192104,0.04379334459156437,0.06178113400463835
246,4,400316,occupancy,3,400039,flow,5,0.004463480933243325,0.0354257535028682,0.06377928527100907
246,4,400316,occupancy,3,400039,flow,8,0.003623253642192602,0.030240447709180916,0.06525264860347449
246,4,400316,occupancy,3,400039,flow,9,2.2255355724971833e-06,5.374127262821595e-05,0.10594597372591853
246,4,400316,occupancy,3,400039,flow,10,7.91615666439541e-12,4.2481735143090895e-10,0.15268189449983197
246,4,400316,occupancy,3,400039,flow,11,6.0599662759193294e-15,4.215628713683012e-13,0.1738618248297305
246,4,400316,occupancy,3,400039,flow,12,2.5748847938475197e-11,1.3226518798360624e-09,0.14890760399845981
246,4,400316,occupancy,4,400316,flow,8,4.92714263889565e-06,0.00010977440020644253,0.1022953951047085
246,4,400316,occupancy,4,400316,flow,9,2.358772276072169e-17,1.9786206276954893e-15,0.18857487721642988
246,4,400316,occupancy,4,400316,flow,10,7.557791848386071e-25,9.923909053199948e-23,0.2280670691041302
246,4,400316,occupancy,4,400316,flow,11,9.142575291632781e-18,7.790123325414914e-16,0.19097004768502968
246,4,400316,occupancy,4,400316,flow,12,5.839534650790551e-05,0.0009808238604749292,0.0900617019822186
246,4,400316,occupancy,5,400503,flow,1,4.047003180456172e-09,1.5937150172808262e-07,0.13150335339108352
246,4,400316,occupancy,5,400503,flow,2,6.3717924729896305e-06,0.00013867074802677683,0.10108776156086072
246,4,400316,occupancy,5,400503,flow,3,3.455408060817373e-06,7.995373766861837e-05,0.1039401572189603
246,4,400316,occupancy,5,400503,flow,4,1.7925098582072592e-07,5.407571639284469e-06,0.11679829111684593
246,4,400316,occupancy,5,400503,flow,5,3.4158551503092816e-10,1.550051916947069e-08,0.14027940298887273
246,4,400316,occupancy,5,400503,flow,6,1.1550688483382674e-09,4.955210948184027e-08,0.13602440987488765
246,4,400316,occupancy,5,400503,flow,7,3.7450893938623126e-09,1.4870207887394474e-07,0.1317873525752324
246,4,400316,occupancy,5,400503,flow,8,4.839227013274e-11,2.4181922925164616e-09,0.14684857490576858
246,4,400316,occupancy,5,400503,flow,9,9.748387061178728e-16,7.174281448772079e-14,0.17884570712605735
246,4,400316,occupancy,5,400503,flow,10,7.081823572290737e-23,8.617881079519995e-21,0.21841854477449527
246,4,400316,occupancy,5,400503,flow,11,1.5688062118298306e-25,2.2004035178911912e-23,0.23130648627505365
246,4,400316,occupancy,5,400503,flow,12,2.607861506557709e-19,2.5662782934690895e-17,0.19969012731477276
246,4,400316,occupancy,6,405843,flow,1,3.1526929815425335e-10,1.4427578051126849e-08,0.14055491602395906
246,4,400316,occupancy,6,405843,flow,2,6.547697696670608e-08,2.1235776313526297e-06,0.12087474696826
246,4,400316,occupancy,6,405843,flow,3,2.25358807183084e-09,9.289599685409569e-08,0.1336331823600246
246,4,400316,occupancy,6,405843,flow,4,7.234768657770666e-12,3.9116646560161795e-10,0.15296606215137565
246,4,400316,occupancy,6,405843,flow,5,1.9704327043222567e-12,1.1156316228928112e-10,0.1570144286420744
246,4,400316,occupancy,6,405843,flow,6,1.6622368898959807e-07,5.056946031232842e-06,0.11710845688833163
246,4,400316,occupancy,6,405843,flow,7,0.0005502284609198349,0.006635921136721627,0.07746094325960118
246,4,400316,occupancy,6,405843,flow,8,0.002784275756830865,0.024708445500224604,0.06707384406487618
246,4,400316,occupancy,6,405843,flow,9,2.9276752274305477e-06,6.892401625340581e-05,0.10470004219927205
246,4,400316,occupancy,6,405843,flow,10,1.2049258201719047e-12,6.996343471965899e-11,0.15851804118296178
246,4,400316,occupancy,6,405843,flow,11,1.1365610325001737e-18,1.0358530929115507e-16,0.196130923312679
246,4,400316,occupancy,6,405843,flow,12,3.0372092724801594e-15,2.1509416487072604e-13,0.17576315250379032
246,4,400316,occupancy,7,408093,flow,1,3.2274078527067515e-06,7.532361925279939e-05,0.10425377114009865
246,4,400316,occupancy,7,408093,flow,2,1.876101246232066e-05,0.0003642587588189899,0.09586048058691357
246,4,400316,occupancy,7,408093,flow,3,0.0006340145674693458,0.007477321680228158,0.07660252883595468
246,4,400316,occupancy,7,408093,flow,4,0.00010659005456451917,0.001652203213917197,0.08684463333128134
246,4,400316,occupancy,7,408093,flow,5,0.0013038874075412452,0.013449841453147515,0.07209677579288286
246,4,400316,occupancy,7,408093,flow,6,0.0003525124357635999,0.004563541272096947,0.08010407621368786
246,4,400316,occupancy,7,408093,flow,7,0.0017353298113175488,0.016926224395781918,0.07024076288104357
246,4,400316,occupancy,7,408093,flow,8,0.00024258812228564316,0.003322703513868036,0.08226372965355107
246,4,400316,occupancy,7,408093,flow,9,0.00011510541442103459,0.0017670767245873114,0.08642586422561538
246,4,400316,occupancy,7,408093,flow,10,8.155216710557617e-05,0.0013145722458809293,0.08828930419075527
246,4,400316,occupancy,7,408093,flow,11,8.753114234006446e-05,0.0013973929597526922,0.08790966254204587
246,4,400316,occupancy,7,408093,flow,12,3.506035435074309e-05,0.0006324038864100632,0.09270862188750721
246,4,400316,occupancy,8,401448,flow,1,0.0027071211756936947,0.024202738987989986,0.06726566371126709
246,4,400316,occupancy,8,401448,flow,2,0.00027442250416873565,0.0036949349951438393,0.08155686893258145
246,4,400316,occupancy,8,401448,flow,3,0.00027421649299456556,0.0036949349951438393,0.08156119080236067
246,4,400316,occupancy,8,401448,flow,4,9.577059881208607e-05,0.001507209423927912,0.0874247706751556
246,4,400316,occupancy,8,401448,flow,5,3.41834860546472e-05,0.0006183947225966328,0.09283821821597824
246,4,400316,occupancy,8,401448,flow,6,0.00010522496003209053,0.0016351504580526298,0.08691468378545254
246,4,400316,occupancy,8,401448,flow,7,0.000641555084530288,0.0075514747613264705,0.07653053814775157
246,4,400316,occupancy,8,401448,flow,8,0.0018993432490845708,0.01822154749288329,0.069645453686695
246,4,400316,occupancy,8,401448,flow,9,0.0002789391304274979,0.003748022308556474,0.08146287108610105
246,4,400316,occupancy,8,401448,flow,10,1.6109145368128777e-06,3.9972147036367785e-05,0.10739686663821968
246,4,400316,occupancy,8,401448,flow,11,8.087272519605383e-08,2.574577544929643e-06,0.12003105464195174
246,4,400316,occupancy,8,401448,flow,12,5.899139582000121e-10,2.6137726147939e-08,0.13838721798650724
246,4,400316,occupancy,9,402391,flow,1,2.733841131401075e-08,9.426198625083717e-07,0.12430505693476247
246,4,400316,occupancy,9,402391,flow,2,3.1447885118926624e-05,0.0005749253648487643,0.09326382545281764
246,4,400316,occupancy,9,402391,flow,3,0.00028075905220294466,0.0037595882393475382,0.08142539806417678
246,4,400316,occupancy,9,402391,flow,4,6.0896019733714596e-05,0.0010188644664974713,0.08984095512350557
246,4,400316,occupancy,9,402391,flow,5,4.16396539970319e-06,9.437738996179318e-05,0.10307859701615
246,4,400316,occupancy,9,402391,flow,6,3.293164948337823e-05,0.0005980022100386463,0.09302880873625242
246,4,400316,occupancy,9,402391,flow,7,5.7828962070800896e-05,0.0009725349092889134,0.09011294064496758
246,4,400316,occupancy,9,402391,flow,8,2.432166881708664e-07,7.1281960169480515e-06,0.11553564799640059
246,4,400316,occupancy,9,402391,flow,9,9.41803133104178e-13,5.505533876874221e-11,0.15926583798052482
246,4,400316,occupancy,9,402391,flow,10,2.699549809626921e-20,2.8169215404802655e-18,0.20504591439465744
246,4,400316,occupancy,9,402391,flow,11,2.1938751002892772e-24,2.812326538056284e-22,0.22584253443164765
246,4,400316,occupancy,9,402391,flow,12,4.0612904217533985e-18,3.515986898191319e-16,0.19299588710127433
246,4,400316,occupancy,10,400497,flow,3,3.584543689889083e-18,3.115740189199364e-16,0.1933056544964132
246,4,400316,occupancy,10,400497,flow,4,4.816873710564095e-31,8.29039618710633e-29,0.2558195470132454
246,4,400316,occupancy,10,400497,flow,5,3.3387875289095956e-13,2.037226288826194e-11,0.16237500160148755
246,4,400316,occupancy,10,400497,flow,8,2.813431444949874e-15,2.005614495409811e-13,0.1759725070096128
246,4,400316,occupancy,10,400497,flow,9,2.5078007622764565e-75,8.145638566191198e-73,0.39543244730064786
246,4,400316,occupancy,10,400497,flow,10,2.9520061050354956e-122,1.6561904381497845e-119,0.49322177466304085
246,4,400316,occupancy,10,400497,flow,11,9.759293530455931e-83,3.427654313135742e-80,0.4131783069011795
246,4,400316,occupancy,10,400497,flow,12,4.4164983488585574e-09,1.7281950060750878e-07,0.1311825874822592
246,4,400316,occupancy,11,405841,flow,3,0.004560563480507068,0.0359912938176663,0.06362563285763473
246,4,400316,occupancy,11,405841,flow,4,1.2448833591721337e-05,0.00025201012706764844,0.09787658213167424
246,4,400316,occupancy,11,405841,flow,5,9.479371162786467e-07,2.4848837028663554e-05,0.1097378082314317
246,4,400316,occupancy,11,405841,flow,6,3.5472456940820964e-05,0.0006387703792594689,0.09264877445399447
246,4,400316,occupancy,11,405841,flow,7,0.0007804998402417343,0.00886677874544869,0.07532798886412193
246,4,400316,occupancy,11,405841,flow,8,2.730710816955744e-05,0.0005067298423216844,0.09398015697523249
246,4,400316,occupancy,11,405841,flow,9,2.4960771616244462e-08,8.682007518693726e-07,0.12465712431516927
246,4,400316,occupancy,11,405841,flow,10,6.78266079184787e-11,3.322119571517324e-09,0.14573483585715022
246,4,400316,occupancy,11,405841,flow,11,5.799310955064794e-08,1.900836367669189e-06,0.12135708320642181
246,4,400316,occupancy,11,405841,flow,12,0.0002917177798098508,0.003886245602007713,0.08120444817847981
246,4,400316,occupancy,12,404520,flow,2,0.005956864018058773,0.04417783725290931,-0.06169156939139637
246,4,400316,occupancy,12,404520,flow,4,4.475002363811616e-06,0.00010079254542057445,0.10274402763669084
246,4,400316,occupancy,12,404520,flow,5,2.3954179297081362e-11,1.237823619179324e-09,0.14914155318331274
246,4,400316,occupancy,12,404520,flow,6,7.962903943280235e-12,4.2626697688935087e-10,0.15266328677987612
246,4,400316,occupancy,12,404520,flow,7,4.878353908866473e-13,2.914867065878722e-11,0.1612451679041546
246,4,400316,occupancy,12,404520,flow,8,1.6563884831558252e-20,1.7538230998120503e-18,0.2061799943508905
246,4,400316,occupancy,12,404520,flow,9,4.998455164399719e-33,9.388402743568169e-31,0.26402312612273937
246,4,400316,occupancy,12,404520,flow,10,1.1924154941416732e-34,2.2996584529875125e-32,0.27052275398986747
246,4,400316,occupancy,12,404520,flow,11,3.8921014993440823e-16,2.949803241608147e-14,0.18129655187918475
246,4,400316,occupancy,13,400183,flow,1,1.1077619433918884e-05,0.00022744922031620523,0.0984431704687566
246,4,400316,occupancy,13,400183,flow,2,9.152610754688952e-05,0.0014513114719742503,0.08766941451781585
246,4,400316,occupancy,13,400183,flow,3,0.0014325654854739503,0.014483227000345109,0.07149031097354075
246,4,400316,occupancy,13,400183,flow,4,0.0031882952834317037,0.027382575794085408,0.06614227664159479
246,4,400316,occupancy,13,400183,flow,5,0.00011650524900602416,0.001782864596904089,0.08635983330795159
246,4,400316,occupancy,13,400183,flow,6,0.00019290321281971096,0.0027358564654666817,0.08356317777242186
246,4,400316,occupancy,13,400183,flow,7,0.0001684062572741685,0.0024410260946958902,0.08432467391148925
246,4,400316,occupancy,13,400183,flow,8,7.486277100736204e-05,0.0012245633121991822,0.0887465571969099
246,4,400316,occupancy,13,400183,flow,9,0.0026483645048381087,0.023815434348252767,0.0674151206271933
246,4,400316,occupancy,13,400183,flow,10,0.004989181082212172,0.03855681981244469,0.0629807839762093
246,4,400316,occupancy,13,400183,flow,11,0.0003106040459332915,0.00408217060672899,0.08084128404665394
246,4,400316,occupancy,13,400183,flow,12,9.020044472269107e-05,0.0014336494525460832,0.08774802034573016
246,4,400316,occupancy,14,401469,flow,1,3.408726235461125e-08,1.1595037273379574e-06,0.12344728160013
246,4,400316,occupancy,14,401469,flow,2,3.26896523805939e-10,1.4928044216085163e-08,0.1404305219862796
246,4,400316,occupancy,14,401469,flow,3,2.7195654942238616e-09,1.1000489639557193e-07,0.1329531056553576
246,4,400316,occupancy,14,401469,flow,4,9.141871150971722e-11,4.422495338432009e-09,0.14474300096232956
246,4,400316,occupancy,14,401469,flow,5,2.3725259013063626e-10,1.0950119544490904e-08,0.141527638137977
246,4,400316,occupancy,14,401469,flow,6,1.557070255152037e-09,6.543330255113617e-08,0.1349611070551547
246,4,400316,occupancy,14,401469,flow,7,1.387592124920128e-07,4.2725573625480774e-06,0.11784763227329488
246,4,400316,occupancy,14,401469,flow,8,4.5464049853078674e-07,1.248599461953591e-05,0.11290494915435002
246,4,400316,occupancy,14,401469,flow,9,1.8237922054358282e-09,7.627088409954286e-08,0.13439479761810408
246,4,400316,occupancy,14,401469,flow,10,2.885619217995803e-14,1.917826926421826e-12,0.1694852639671051
246,4,400316,occupancy,14,401469,flow,11,1.2729388588890736e-16,1.0183510871112588e-14,0.1842341376548745
246,4,400316,occupancy,14,401469,flow,12,5.032455414996074e-16,3.787492577139902e-14,0.1806141255065291
246,4,400316,occupancy,15,401472,flow,1,1.8949406322423555e-21,2.1373742901532573e-19,0.21113537743352717
246,4,400316,occupancy,15,401472,flow,3,4.1434281689196786e-05,0.0007297028002337143,-0.09184971848961122
246,4,400316,occupancy,15,401472,flow,7,0.0039109704959773405,0.031992790271960066,-0.06471612646508046
246,4,400316,occupancy,15,401472,flow,9,3.163373674563982e-35,6.18360826883095e-33,0.27278890776554504
246,4,400316,occupancy,15,401472,flow,10,9.19766588685396e-121,4.787218871230013e-118,0.49055465782541574
246,4,400316,occupancy,15,401472,flow,11,2.3224113014811697e-149,1.4974353466266646e-146,0.5379102471543415
246,4,400316,occupancy,15,401472,flow,12,2.2862812906947655e-49,5.580076370509258e-47,0.3227250682080932
246,4,400316,occupancy,16,405838,flow,1,9.630268883097804e-21,1.0374753509970702e-18,0.20743140345568561
246,4,400316,occupancy,16,405838,flow,2,3.0816870944097234e-19,2.971626841037947e-17,0.19928985705992858
246,4,400316,occupancy,16,405838,flow,3,1.581186790474819e-16,1.2442125564392019e-14,0.1836679947387817
246,4,400316,occupancy,16,405838,flow,4,1.0420571207214531e-19,1.0592204144745122e-17,0.20187451931251038
246,4,400316,occupancy,16,405838,flow,5,4.762409194627904e-19,4.511756079121172e-17,0.19824221698640002
246,4,400316,occupancy,16,405838,flow,6,4.160607832831291e-17,3.4536566225650313e-15,0.18712530437048264
246,4,400316,occupancy,16,405838,flow,7,5.333429487273371e-12,2.9276258430776317e-10,0.1539247581097287
246,4,400316,occupancy,16,405838,flow,8,1.8005181088512363e-06,4.4244813596344374e-05,0.10689945202868233
246,4,400316,occupancy,16,405838,flow,9,2.0964211941529666e-05,0.0004008159786329399,0.0953078584655322
246,4,400316,occupancy,16,405838,flow,10,3.9474306295120395e-09,1.5587660255477156e-07,0.1315946717349019
246,4,400316,occupancy,16,405838,flow,11,5.285108806099169e-15,3.718513036213096e-13,0.17424009744197655
246,4,400316,occupancy,16,405838,flow,12,1.950934720545895e-21,2.1891007773398096e-19,0.21106964104207596
246,4,400316,occupancy,17,400260,flow,1,8.280129171761053e-16,6.146075261513359e-14,0.17928399763335093
246,4,400316,occupancy,17,400260,flow,2,2.5662832676068567e-07,7.47561949835578e-06,0.11531218281953902
246,4,400316,occupancy,17,400260,flow,3,0.0005533131539094919,0.006663821647306955,0.07742724527557995
246,4,400316,occupancy,17,400260,flow,4,0.004138921288060193,0.033427070413946595,0.06431592017164225
246,4,400316,occupancy,17,400260,flow,10,0.0018503714643112784,0.01785482404696163,0.06981809507058871
246,4,400316,occupancy,17,400260,flow,11,5.2396725124087696e-09,2.030079394942232e-07,0.13055287309280897
246,4,400316,occupancy,17,400260,flow,12,3.3389008431262974e-09,1.3355603372505191e-07,0.13220677977378653
246,4,400316,occupancy,18,404528,flow,1,5.849753478512224e-25,7.897167195991502e-23,0.22854223908223367
246,4,400316,occupancy,18,404528,flow,2,3.469525111459953e-13,2.1021526622029446e-11,0.16222057870322779
246,4,400316,occupancy,18,404528,flow,3,9.673448426178172e-08,3.0458671429365672e-06,0.11931101647802454
246,4,400316,occupancy,18,404528,flow,4,4.848157537050823e-06,0.00010846214686721674,0.10237084862974985
246,4,400316,occupancy,18,404528,flow,5,8.236998400784346e-06,0.0001747732470107484,0.0998681612670688
246,4,400316,occupancy,18,404528,flow,6,1.3183028974151438e-05,0.000265257033853443,0.09759724465336528
246,4,400316,occupancy,18,404528,flow,7,2.2978634262301916e-05,0.00043489093483359606,0.09484897364658054
246,4,400316,occupancy,18,404528,flow,8,3.3457623272170023e-06,7.787550244384401e-05,0.10408841682790967
246,4,400316,occupancy,18,404528,flow,9,2.4504306958706143e-09,1.0053049008699957e-07,0.1333305977280162
246,4,400316,occupancy,18,404528,flow,10,7.243096024290636e-14,4.684157907924483e-12,0.16684907169458663
246,4,400316,occupancy,18,404528,flow,11,1.1216545847759401e-16,9.057098703237498e-15,0.18456362736815735
246,4,400316,occupancy,18,404528,flow,12,3.3656452442722293e-13,2.0478292190501452e-11,0.16235121261332616
246,4,400316,occupancy,19,401795,flow,1,1.5522239908611017e-27,2.336448655233435e-25,0.2405410547114567
246,4,400316,occupancy,19,401795,flow,2,5.543094909208717e-19,5.205689132126447e-17,0.19787548035361843
246,4,400316,occupancy,19,401795,flow,3,4.567834882895643e-14,3.0035078682053542e-12,0.16817491269975504
246,4,400316,occupancy,19,401795,flow,4,7.584315012776685e-15,5.233904289967296e-13,0.173239591304061
246,4,400316,occupancy,19,401795,flow,5,7.1222585589834896e-12,3.860496483664827e-10,0.1530154914268134
246,4,400316,occupancy,19,401795,flow,6,2.7356681368549527e-08,9.426198625083717e-07,0.12430246830322056
246,4,400316,occupancy,19,401795,flow,7,3.9653687594894347e-05,0.0007020652885653426,0.09207629496172973
246,4,400316,occupancy,19,401795,flow,8,4.3481818930873166e-05,0.0007583425828880585,0.09160031592344575
246,4,400316,occupancy,19,401795,flow,9,6.976998546585966e-11,3.4057213244351834e-09,0.1456412589901456
246,4,400316,occupancy,19,401795,flow,10,9.047721505808616e-24,1.1395381021893069e-21,0.2228474952417779
246,4,400316,occupancy,19,401795,flow,11,8.177765882668728e-36,1.6280160651211475e-33,0.2750772277612599
246,4,400316,occupancy,19,401795,flow,12,1.6878177345171575e-35,3.3293938872667214e-33,0.2738542686957894
246,4,400316,speed,4,400316,flow,10,0.0009502063136214254,0.010397394313182769,-0.07410381959155994
246,4,400316,speed,4,400316,flow,11,0.0007119225879412017,0.008229878458405115,-0.07589422422865622
246,4,400316,speed,5,400503,flow,1,0.0016106617670824095,0.01595885053622938,-0.07072891709032121
246,4,400316,speed,10,400497,flow,11,0.00040386813227689326,0.0051254710089194445,-0.07930507217225233
246,4,400316,speed,12,404520,flow,3,0.003628518419622116,0.03027853886955291,0.06524248861704755
246,4,400316,speed,12,404520,flow,10,0.0002448619736099101,0.003348539810050053,-0.08221043738356437
246,4,400316,speed,12,404520,flow,11,0.0017070016436740749,0.01668759244324961,-0.07034878673651389
246,4,400316,speed,15,401472,flow,11,0.00028290550760472064,0.003781410250162108,-0.08138149277829007
246,4,400316,speed,15,401472,flow,12,1.1380889239998547e-05,0.0002330115711696385,-0.0983123123456922
246,4,400316,speed,16,405838,flow,4,0.0026155848492451276,0.023569725800456718,-0.06749982209778514
246,4,400316,speed,16,405838,flow,5,0.0003557735863192921,0.0045906269202489304,-0.08005020167003445
246,5,400503,flow,3,400039,flow,1,1.3941395061539452e-05,0.0002781839568861452,0.09732386959491222
246,5,400503,flow,4,400316,flow,1,0.004363257332335925,0.03484797869419707,0.06394111679434283
246,5,400503,flow,4,400316,flow,10,0.00013682872194207277,0.0020502951050633176,0.0854770783986751
246,5,400503,flow,4,400316,flow,11,0.004086823891575699,0.0331239760067674,0.06440559087860766
246,5,400503,flow,4,400316,flow,12,8.306150542548288e-06,0.0001761540026696544,0.09982821454071465
246,5,400503,flow,5,400503,flow,1,5.787723902654598e-114,2.9073217743567287e-111,0.4777895098105495
246,5,400503,flow,5,400503,flow,2,7.837567880996244e-19,7.250169859936569e-17,0.19693864736590952
246,5,400503,flow,5,400503,flow,3,3.026111420140867e-06,7.089371656729147e-05,0.10452263341155767
246,5,400503,flow,5,400503,flow,4,0.0018517240804349403,0.01785989735985475,0.06981327062978962
246,5,400503,flow,5,400503,flow,5,0.0010128739363408521,0.010941773955970195,0.07370258038390223
246,5,400503,flow,5,400503,flow,10,0.005374060685085803,0.04081313944394262,0.06244307142939469
246,5,400503,flow,5,400503,flow,12,6.928283054654483e-07,1.8475421479078623e-05,0.11109968079059224
246,5,400503,flow,6,405843,flow,6,5.7398974821303243e-05,0.0009678515660734974,0.09015215810300328
246,5,400503,flow,6,405843,flow,7,0.0015021672253893654,0.015032111220018666,0.0711828995753905
246,5,400503,flow,8,401448,flow,1,0.00023988674064787132,0.0032940582314011572,0.08232765395872349
246,5,400503,flow,8,401448,flow,3,0.0006575441507898325,0.00769508322938925,0.0763804536564376
246,5,400503,flow,8,401448,flow,4,0.005387474557138911,0.04088877387006341,0.062424965408953294
246,5,400503,flow,8,401448,flow,5,0.00096345821869245,0.010513108120109584,0.0740169718310348
246,5,400503,flow,8,401448,flow,6,6.511017657303311e-05,0.0010809990883762608,0.08948765910042335
246,5,400503,flow,8,401448,flow,10,3.3649944705972637e-06,7.828096991373279e-05,0.10406207814608573
246,5,400503,flow,9,402391,flow,1,1.3868122660115473e-05,0.0002769777618663839,0.09734965598700342
246,5,400503,flow,9,402391,flow,7,0.004243839408025725,0.03412132187357367,0.06413839712955932
246,5,400503,flow,10,400497,flow,4,0.006151747904771477,0.0452272820772852,0.06145502274578142
246,5,400503,flow,10,400497,flow,5,0.0002900701942008618,0.0038676025893448237,0.0812371653035625
246,5,400503,flow,10,400497,flow,8,0.0013572153002150435,0.01386578612725097,-0.07183902504782061
246,5,400503,flow,10,400497,flow,10,1.0429295582544126e-06,2.7108638337298813e-05,0.109319734837466
246,5,400503,flow,10,400497,flow,11,7.1357277386532e-13,4.205503933285379e-11,0.16010388614106558
246,5,400503,flow,10,400497,flow,12,5.055258371946311e-05,0.0008669597525529203,0.09081718362786881
246,5,400503,flow,11,405841,flow,12,0.0019475652898585738,0.018597440433662776,0.06947940193867916
246,5,400503,flow,12,404520,flow,10,1.8058103762783033e-05,0.00035267182755525635,0.09604984916442638
246,5,400503,flow,12,404520,flow,12,0.0014547144349224637,0.014648872631387047,0.07139102039586734
246,5,400503,flow,13,400183,flow,1,0.0005602783598825534,0.006737130157268555,0.07735179419486447
246,5,400503,flow,14,401469,flow,3,0.0005654549958141685,0.006785459949770021,0.07729628132376089
246,5,400503,flow,14,401469,flow,4,0.0014551255347013746,0.01464959755280806,0.07138919068941736
246,5,400503,flow,14,401469,flow,5,0.002345660994960095,0.02158307880346669,0.06823671797840489
246,5,400503,flow,14,401469,flow,6,0.0006607558664721763,0.007725210671609747,0.07635071579410586
246,5,400503,flow,14,401469,flow,7,0.0008636411907546183,0.009608369673087692,0.0747003763611044
246,5,400503,flow,14,401469,flow,9,0.00030204144965333986,0.003992714389542314,0.08100329791293875
246,5,400503,flow,14,401469,flow,12,0.0001227764560749348,0.0018682433611966125,0.08607290460792048
246,5,400503,flow,15,401472,flow,1,1.6047464449374554e-08,5.796408563653685e-07,0.1263528472648048
246,5,400503,flow,15,401472,flow,8,3.838805116633488e-05,0.0006824542429570645,-0.09224328845218681
246,5,400503,flow,15,401472,flow,9,0.0010832945426913344,0.01155953265806634,-0.07327822980473342
246,5,400503,flow,15,401472,flow,11,8.895679588230909e-07,2.346113297994965e-05,0.110015180714673
246,5,400503,flow,15,401472,flow,12,3.148470825615302e-11,1.615367454472459e-09,0.1482544142174994
246,5,400503,flow,16,405838,flow,2,3.859644960001351e-10,1.742284872226315e-08,0.13985859729846292
246,5,400503,flow,16,405838,flow,3,2.4681109627921673e-05,0.0004625700372781849,0.0944900605897188
246,5,400503,flow,16,405838,flow,4,0.005083877720795415,0.03915555670143732,0.06284509720623163
246,5,400503,flow,16,405838,flow,6,2.1741523112699005e-08,7.664070995075497e-07,0.12518957400684214
246,5,400503,flow,16,405838,flow,7,5.429000500593524e-05,0.0009222682722203706,0.09044428040154077
246,5,400503,flow,17,400260,flow,1,0.005651593038820807,0.04244590043064306,0.06207649624086262
246,5,400503,flow,17,400260,flow,2,0.0008578895034941196,0.009554221848658409,0.0747419506044537
246,5,400503,flow,17,400260,flow,10,0.0006321968592854645,0.007466075538855131,-0.07662000184136726
246,5,400503,flow,18,404528,flow,1,0.0021042784537179753,0.01973617655245691,0.06896464820155648
246,5,400503,flow,18,404528,flow,2,0.004491566740348083,0.03558012703144573,0.06373452532533126
246,5,400503,flow,18,404528,flow,12,0.0003614626110472567,0.004654302473097314,0.07995731362264348
246,5,400503,occupancy,5,400503,flow,12,0.0030258117933013233,0.026327305029328733,0.0665032155182991
246,5,400503,occupancy,10,400497,flow,7,0.002234740407358278,0.0207325005007809,-0.06856225847154268
246,5,400503,occupancy,10,400497,flow,11,0.0009480409297462449,0.010378661649892517,0.0741181171108454
246,5,400503,occupancy,14,401469,flow,3,0.0013709627081358662,0.013974891220261779,0.07177409408771515
246,5,400503,occupancy,15,401472,flow,1,0.003343712430306136,0.028423529513818397,0.0658123820456661
246,5,400503,occupancy,15,401472,flow,8,2.1564014769452235e-05,0.00041074313846575685,-0.09516698716119594
246,5,400503,occupancy,15,401472,flow,9,0.0036353647084156147,0.03030055091714346,-0.0652292966425746
246,5,400503,occupancy,16,405838,flow,4,0.002607285264810801,0.02351946615991368,0.06752142173269055
246,5,400503,occupancy,17,400260,flow,10,0.005666443986548234,0.04254264515448101,-0.06205734151110214
246,5,400503,speed,5,400503,flow,1,9.914849882304486e-05,0.0015541419263989614,-0.08723727957169222
246,5,400503,speed,11,405841,flow,10,0.005812152741695154,0.043432796824291756,-0.06187176886491028
246,5,400503,speed,15,401472,flow,8,0.004427172004428314,0.03524117018450399,0.06383752976323917
246,5,400503,speed,16,405838,flow,5,0.001062158256697532,0.011371805870962424,-0.07340285036936676
246,6,405843,flow,2,400331,flow,1,0.001030392913106825,0.011089430454961345,0.07357602667897334
246,6,405843,flow,2,400331,flow,2,1.683002265758713e-08,6.048726945156106e-07,0.1261396091393157
246,6,405843,flow,3,400039,flow,12,0.0060012681718449555,0.04443098286610147,0.06163706605519126
246,6,405843,flow,4,400316,flow,11,0.0027796431475691544,0.024687620060647095,0.0670852237739661
246,6,405843,flow,5,400503,flow,1,0.0003550342614232041,0.004583825491178248,0.08006237482002591
246,6,405843,flow,5,400503,flow,5,3.7761177110400025e-06,8.649431872583675e-05,0.10353104256615546
246,6,405843,flow,5,400503,flow,6,0.0027575293560670134,0.024531562640464372,0.06713978456642562
246,6,405843,flow,5,400503,flow,8,0.001560499157001572,0.015525924362613523,0.07093520259285951
246,6,405843,flow,6,405843,flow,1,8.871596175761996e-99,3.7209024737176524e-96,0.4479848984253988
246,6,405843,flow,6,405843,flow,2,1.0150827858907305e-11,5.380561515396265e-10,0.15181845113678927
246,6,405843,flow,6,405843,flow,3,4.718731188175667e-08,1.5608666717395774e-06,0.12214171509642537
246,6,405843,flow,6,405843,flow,4,0.001737460827218522,0.016943184590483103,0.07023270235096123
246,6,405843,flow,6,405843,flow,5,3.2405008958167796e-07,9.234145032934359e-06,0.11433615235368594
246,6,405843,flow,6,405843,flow,6,6.176135143574059e-11,3.0388273143781244e-09,0.1460447138017824
246,6,405843,flow,6,405843,flow,7,4.6998638725054685e-05,0.0008140902938742431,0.09119684053897159
246,6,405843,flow,6,405843,flow,11,0.0006510791936112696,0.007632733016012714,0.07644072540746864
246,6,405843,flow,6,405843,flow,12,0.001308971187567142,0.01348296502215082,0.07207178917778079
246,6,405843,flow,7,408093,flow,1,2.4803443018536033e-05,0.0004646612048572232,0.0944651852226634
246,6,405843,flow,7,408093,flow,2,4.17300662518802e-05,0.0007336194226439044,0.0918129774973648
246,6,405843,flow,7,408093,flow,3,0.00011583403962685889,0.0017763686588144493,0.08639140074937346
246,6,405843,flow,7,408093,flow,5,0.002222819218190253,0.020646267517914197,0.06859812151060977
246,6,405843,flow,7,408093,flow,10,0.0059676943047508825,0.04423548283549042,0.061678242242491514
246,6,405843,flow,8,401448,flow,6,0.00026368092557697853,0.003575334584094624,0.08178637195349293
246,6,405843,flow,9,402391,flow,1,0.005511446585693905,0.041608170784762956,0.06225952622378522
246,6,405843,flow,9,402391,flow,6,0.00038653871870411994,0.0049447653680835015,0.07956350933528758
246,6,405843,flow,9,402391,flow,12,0.0007050437335657031,0.00816565396515774,0.07595378721173252
246,6,405843,flow,10,400497,flow,2,0.000747945186547474,0.008575897649030773,-0.0755907752172151
246,6,405843,flow,10,400497,flow,3,0.0009967863422771148,0.010819389443811899,-0.07380334433110973
246,6,405843,flow,10,400497,flow,5,1.6031651441576162e-10,7.593940156536077e-09,0.14285794113660702
246,6,405843,flow,10,400497,flow,6,5.103942662425682e-05,0.0008746145300150317,0.09076715726181397
246,6,405843,flow,10,400497,flow,8,0.001909725639519465,0.018300831328136844,-0.06960937792859084
246,6,405843,flow,10,400497,flow,10,4.2169964692569455e-05,0.0007393435368177762,0.09175878945513309
246,6,405843,flow,10,400497,flow,11,1.6031550940621894e-09,6.730447042126976e-08,0.1348568141728075
246,6,405843,flow,10,400497,flow,12,1.1591547183475833e-08,4.287284574710239e-07,0.1275873683785491
246,6,405843,flow,11,405841,flow,1,0.0026481194272322856,0.023815434348252767,0.06741575033786602
246,6,405843,flow,11,405841,flow,4,0.00024531277450940336,0.003353642993293109,0.08219992708574814
246,6,405843,flow,11,405841,flow,6,0.0017969355275364452,0.017444407817881896,0.0700113269051992
246,6,405843,flow,11,405841,flow,11,0.00041422185458983715,0.005235337658947035,0.07915556250500276
246,6,405843,flow,12,404520,flow,6,0.0011217068643257103,0.011879807928136966,0.07305739379774236
246,6,405843,flow,12,404520,flow,11,3.33390077131304e-05,0.0006046369157041282,0.09296604507625286
246,6,405843,flow,13,400183,flow,4,0.000971462983331068,0.01058975545796168,0.0739650458188748
246,6,405843,flow,13,400183,flow,11,0.00095827570532247,0.010466812734877505,0.07405080355695676
246,6,405843,flow,14,401469,flow,1,4.855892561312627e-05,0.0008384274926007414,0.09102692294759543
246,6,405843,flow,14,401469,flow,5,0.0009522085289642239,0.010414027456013792,0.07409062624497685
246,6,405843,flow,14,401469,flow,7,4.546382762617535e-06,0.00010213402774054992,0.10267039401416074
246,6,405843,flow,14,401469,flow,10,0.0004078329531146184,0.005169713490185304,0.07924740128881327
246,6,405843,flow,14,401469,flow,11,0.0020316010274289325,0.019242526723290916,0.06919883801257362
246,6,405843,flow,14,401469,flow,12,0.0028191436396605915,0.02492570717014686,0.0669887435736368
246,6,405843,flow,15,401472,flow,1,0.00677631615076892,0.048700192599104526,0.0607398712086556
246,6,405843,flow,15,401472,flow,3,0.0005603358484968962,0.006737130157268555,-0.07735117508566408
246,6,405843,flow,15,401472,flow,4,0.005488105708900305,0.041455878059886896,-0.06229041608811291
246,6,405843,flow,15,401472,flow,6,1.3363160987106648e-06,3.38784363053408e-05,0.10822739760415966
246,6,405843,flow,15,401472,flow,11,0.0007715249262795396,0.008779616288415358,0.07539940514603428
246,6,405843,flow,15,401472,flow,12,1.4718036579612838e-07,4.509355888221805e-06,0.11760697019560436
246,6,405843,flow,16,405838,flow,1,0.00040478059333602293,0.005132527629033223,0.07929175316884422
246,6,405843,flow,16,405838,flow,2,1.0206625172244861e-05,0.0002110704678989842,0.09883893753013605
246,6,405843,flow,16,405838,flow,6,0.0006659910518447404,0.007773794498701104,0.07630252892775419
246,6,405843,flow,16,405838,flow,7,0.0025626573106507424,0.023201721586397755,0.06763865411621954
246,6,405843,flow,16,405838,flow,12,0.0029878680639341504,0.026075939467061673,0.06659004320312763
246,6,405843,flow,17,400260,flow,3,0.00023219335280170414,0.0032060218983311238,-0.08251347582003911
246,6,405843,flow,17,400260,flow,6,2.301421855610908e-06,5.541885404815564e-05,0.105794371873749
246,6,405843,flow,17,400260,flow,9,0.0022285885974948298,0.020690957965135752,-0.06858074329780749
246,6,405843,flow,17,400260,flow,11,0.00491085664129278,0.038067289952242615,0.06309478162314411
246,6,405843,flow,18,404528,flow,2,3.736244942611351e-05,0.0006675445915033445,0.09238248659766529
246,6,405843,flow,18,404528,flow,3,0.004489675187600597,0.03558012703144573,0.06373753189592327
246,6,405843,flow,19,401795,flow,1,7.397344343953433e-06,0.00015875075790302448,0.10038055594840813
246,6,405843,flow,19,401795,flow,2,0.002658564699260234,0.023872374767832487,0.06738895899325663
246,6,405843,flow,19,401795,flow,6,4.4041976094282057e-08,1.468065869809402e-06,0.12244380492223157
246,6,405843,flow,19,401795,flow,12,0.0002465236168079468,0.0033659356024346716,0.08217178599662595
246,6,405843,occupancy,0,400593,flow,11,0.005639502732457585,0.04236982922472481,0.06209212383235925
246,6,405843,occupancy,2,400331,flow,1,0.0058955712064110675,0.04385890754554126,0.0617674066442557
246,6,405843,occupancy,2,400331,flow,7,1.3726164921080061e-06,3.461589752426495e-05,0.10810866010419405
246,6,405843,occupancy,2,400331,flow,10,0.00021807484805992942,0.003036396902216752,0.08287003287983635
246,6,405843,occupancy,2,400331,flow,12,0.001394102132364323,0.01417170972689784,-0.07166614625716146
246,6,405843,occupancy,3,400039,flow,6,0.0026766293238224895,0.023990263394574135,0.06734285065517288
246,6,405843,occupancy,3,400039,flow,11,0.0017938879146658288,0.017422652408624954,0.07002250588858508
246,6,405843,occupancy,3,400039,flow,12,0.0007639607270597358,0.008717143002900314,0.07546019695398229
246,6,405843,occupancy,4,400316,flow,11,0.0063783328211664434,0.046505312721416094,0.06118833116685106
246,6,405843,occupancy,5,400503,flow,1,0.0009213692388595244,0.010133185111693345,0.0742967480628315
246,6,405843,occupancy,5,400503,flow,5,0.0013083065780281342,0.01348118776723617,0.07207505062219939
246,6,405843,occupancy,5,400503,flow,10,0.0021687121812205136,0.02021760168941005,0.06876314093920455
246,6,405843,occupancy,6,405843,flow,2,0.003885311894324298,0.0318432748781217,0.06476249150072498
246,6,405843,occupancy,7,408093,flow,2,7.233250751064676e-06,0.00015569328970901545,0.1004871555296303
246,6,405843,occupancy,7,408093,flow,3,3.4063004791341984e-06,7.902909811954746e-05,0.10397992756216748
246,6,405843,occupancy,7,408093,flow,4,4.288209351779811e-12,2.3780570474568397e-10,0.1545684273116092
246,6,405843,occupancy,7,408093,flow,7,0.0057698337140760945,0.04316135349750429,0.06192522980746069
246,6,405843,occupancy,8,401448,flow,4,0.003609113281619844,0.030174897187144816,0.06528000327803837
246,6,405843,occupancy,9,402391,flow,10,0.001397393485678944,0.014197412648478451,0.0716509260763307
246,6,405843,occupancy,10,400497,flow,1,0.00372337280079732,0.030849579016962832,-0.06506169605304934
246,6,405843,occupancy,10,400497,flow,4,6.625448558946426e-05,0.0010962059660914807,0.08939546025945211
246,6,405843,occupancy,10,400497,flow,5,1.8054173828334407e-05,0.00035267182755525635,0.09605092751263362
246,6,405843,occupancy,10,400497,flow,9,0.0038363514699303303,0.031567692095426717,0.06485173934171588
246,6,405843,occupancy,10,400497,flow,10,3.66189031699173e-05,0.0006561329808960711,0.0924856884711197
246,6,405843,occupancy,10,400497,flow,11,9.301021892438648e-06,0.0001945782788151814,0.09928618898707227
246,6,405843,occupancy,11,405841,flow,10,0.0031359100135641494,0.027034785988020605,0.06625677715658461
246,6,405843,occupancy,11,405841,flow,11,0.005697315830570225,0.042700215801636666,0.06201766742205398
246,6,405843,occupancy,12,404520,flow,11,0.0005276276527488999,0.006411677805556251,0.07771334572909284
246,6,405843,occupancy,13,400183,flow,2,6.379965604256866e-08,2.0754104977703057e-06,0.12097803104688268
246,6,405843,occupancy,13,400183,flow,7,6.574751068595594e-06,0.00014229922152471424,0.10093956154441888
246,6,405843,occupancy,14,401469,flow,3,0.0004838484962228597,0.005975487431911819,0.07823230480706626
246,6,405843,occupancy,14,401469,flow,11,0.0013590397186558783,0.013879554573506842,0.071830373267507
246,6,405843,occupancy,14,401469,flow,12,0.0002508379214260741,0.0034205171103555564,0.08207255987555268
246,6,405843,occupancy,15,401472,flow,2,5.5966423242696626e-05,0.0009470229079845258,-0.09028485229193244
246,6,405843,occupancy,15,401472,flow,6,1.2115138547465343e-05,0.0002464095975755663,0.09800877360645813
246,6,405843,occupancy,15,401472,flow,10,0.00011093874880736102,0.0017128498743666893,0.08662698500102642
246,6,405843,occupancy,15,401472,flow,11,1.7942721585258366e-07,5.409110764013687e-06,0.11679424640165745
246,6,405843,occupancy,16,405838,flow,2,0.0001605690318009522,0.0023418575873737795,0.0845904090263805
246,6,405843,occupancy,16,405838,flow,6,0.0017454656730762144,0.017002055710686012,0.07020250508993721
246,6,405843,occupancy,17,400260,flow,1,0.005173029988535758,0.039658366549200484,0.06271942519995945
246,6,405843,occupancy,17,400260,flow,6,0.00017232050393682503,0.002490547263322463,0.08419627880408267
246,6,405843,occupancy,17,400260,flow,8,0.00010402858386568604,0.0016194720082874368,0.08697678461275882
246,6,405843,occupancy,17,400260,flow,12,0.003516988506719395,0.02961674531974227,0.06546064209538044
246,6,405843,occupancy,18,404528,flow,2,0.0009332659514640094,0.010248370387200103,0.07421648745000659
246,6,405843,occupancy,18,404528,flow,12,0.0010242164486858904,0.011031201840745566,0.0736324230155205
246,6,405843,occupancy,19,401795,flow,7,0.006954651568405297,0.04966787035131572,0.06054655108835281
246,6,405843,occupancy,19,401795,flow,10,0.0042501010171559295,0.03415259745928872,0.0641279286379995
246,6,405843,occupancy,19,401795,flow,12,0.0025658635673228183,0.023219782005142475,0.06763016970567491
246,6,405843,speed,0,400593,flow,1,7.173770638101615e-05,0.0011792499679071148,0.08897356320532539
246,6,405843,speed,2,400331,flow,3,0.004920810876061821,0.03813076768535796,-0.06308020292417586
246,6,405843,speed,2,400331,flow,7,0.0003708702511254448,0.0047570055963833775,-0.07980666550783053
246,6,405843,speed,2,400331,flow,9,0.006502054350095953,0.04714480495537852,0.061046286284355225
246,6,405843,speed,2,400331,flow,10,0.004169389999872378,0.03364798206510121,-0.0642639501993952
246,6,405843,speed,2,400331,flow,12,0.0011391682268557658,0.012041122437036722,0.0729593082080715
246,6,405843,speed,6,405843,flow,2,5.764921362549836e-05,0.000971691778627206,-0.09012930111727953
246,6,405843,speed,6,405843,flow,11,3.8592920387278746e-05,0.0006853461046092793,0.0922159061397761
246,6,405843,speed,7,408093,flow,2,0.003216310953519894,0.02758063996653073,-0.06608174306552268
246,6,405843,speed,10,400497,flow,4,0.0038760879417343596,0.03180379849628192,-0.06477922709614824
246,6,405843,speed,13,400183,flow,2,0.0023724629477284488,0.021792557801800765,-0.0681601733665099
246,6,405843,speed,13,400183,flow,8,0.00120862840191652,0.012645373447031646,-0.07258239884640298
246,6,405843,speed,15,401472,flow,10,0.006397308212568997,0.0465830775227193,-0.061166385533553
246,7,408093,flow,2,400331,flow,4,0.0003344937212795677,0.0043532155374446475,0.08041041823807973
246,7,408093,flow,2,400331,flow,12,0.0029041449753447668,0.02552055796071886,-0.06678524186785938
246,7,408093,flow,5,400503,flow,1,0.0002790194385258708,0.003748022308556474,0.08146121268388848
246,7,408093,flow,5,400503,flow,6,0.0010985122801423302,0.011682848474187263,0.07318988919686024
246,7,408093,flow,5,400503,flow,8,0.00021539458955164927,0.0030074486970366023,0.08294015946672499
246,7,408093,flow,6,405843,flow,2,0.00455526171440628,0.035962592482154845,0.06363394716664204
246,7,408093,flow,6,405843,flow,3,0.00020830924212472126,0.002922688944393621,0.0831295615218722
246,7,408093,flow,6,405843,flow,4,8.59415282237661e-08,2.72790155713938e-06,0.11978711851116512
246,7,408093,flow,6,405843,flow,5,0.002935947547368022,0.02574242623225057,0.0667104977065696
246,7,408093,flow,6,405843,flow,8,0.005216578032270472,0.03990723764726127,0.06265874788233282
246,7,408093,flow,7,408093,flow,1,2.4624293779790845e-21,2.713697681854501e-19,0.2104913895864632
246,7,408093,flow,7,408093,flow,2,3.096480789899968e-16,2.3759852597456238e-14,0.18185657668313304
246,7,408093,flow,7,408093,flow,3,1.0337279127963038e-26,1.518947137170079e-24,0.23673770395138022
246,7,408093,flow,7,408093,flow,4,4.895922602502034e-10,2.1849571945050398e-08,0.13903563447198825
246,7,408093,flow,7,408093,flow,5,1.1288896006707631e-10,5.412656020974136e-09,0.14403792825166595
246,7,408093,flow,7,408093,flow,6,1.4382866770831478e-12,8.241350339650018e-11,0.1579784922245159
246,7,408093,flow,7,408093,flow,7,0.00029636464486430076,0.003931296872060413,0.08111309579137035
246,7,408093,flow,7,408093,flow,8,2.454944583569778e-14,1.6519253272619065e-12,0.16994393192388196
246,7,408093,flow,7,408093,flow,9,0.00044058909922580283,0.005516941764218748,0.07879001274313464
246,7,408093,flow,7,408093,flow,10,4.477996975027279e-08,1.4892183935425593e-06,0.12237844555843246
246,7,408093,flow,7,408093,flow,11,0.00026408205407184434,0.0035796500583318716,0.08177764535527914
246,7,408093,flow,8,401448,flow,11,0.004019295563527916,0.03268088995753924,0.0645233770144892
246,7,408093,flow,10,400497,flow,7,0.006540561816813752,0.04736836051741057,0.061002571464330434
246,7,408093,flow,11,405841,flow,2,0.001554314957157678,0.015475087842639245,0.07096105517861916
246,7,408093,flow,11,405841,flow,8,0.0016686592971521664,0.016409306086267606,0.0704976522876841
246,7,408093,flow,11,405841,flow,9,0.0001274453036191532,0.0019277440883569395,0.08586812007413663
246,7,408093,flow,13,400183,flow,1,2.944656175676064e-05,0.0005420074426468085,0.09359807754717926
246,7,408093,flow,13,400183,flow,7,7.82294299120933e-05,0.0012709708056421326,0.0885118105767756
246,7,408093,flow,13,400183,flow,9,0.003365643053321615,0.02853790536180745,0.06576695985622395
246,7,408093,flow,14,401469,flow,3,2.9156569468941936e-05,0.0005379801338792774,0.09364829106028495
246,7,408093,flow,14,401469,flow,4,0.00014393867036601972,0.0021360874475479397,0.08519724759640139
246,7,408093,flow,14,401469,flow,5,0.005560621702379402,0.04190838407934232,0.06219483094671697
246,7,408093,flow,14,401469,flow,8,0.00016982212612528822,0.002458550887604709,0.08427790983979468
246,7,408093,flow,14,401469,flow,10,3.547205968022239e-05,0.0006387703792594689,0.09264883182766342
246,7,408093,flow,14,401469,flow,12,0.0009094558334873592,0.010022574491493347,0.0743780886789982
246,7,408093,flow,15,401472,flow,1,0.0031878942717109508,0.027382575794085408,0.06614314662032653
246,7,408093,flow,16,405838,flow,2,0.0034415713923944464,0.02907801372021124,0.06561175194840695
246,7,408093,flow,16,405838,flow,3,0.001228344980932836,0.012802051429746325,0.072479055699049
246,7,408093,flow,16,405838,flow,8,0.00028324551182409217,0.003784783826415336,0.0813745666966293
246,7,408093,flow,16,405838,flow,12,0.0020253365759328786,0.019191607826343573,0.0692193820246977
246,7,408093,flow,17,400260,flow,1,0.001989696893538572,0.018928629332936868,0.06933738163694854
246,7,408093,flow,18,404528,flow,2,1.1374803316311994e-05,0.00023299739367694554,0.09831490549397141
246,7,408093,flow,18,404528,flow,3,0.0015348534210170904,0.015323704134027803,0.07104303485732988
246,7,408093,occupancy,2,400331,flow,4,0.002239101389365268,0.020757334768364718,0.06854918288719923
246,7,408093,occupancy,5,400503,flow,1,0.0010022482450427238,0.010856621093074972,0.07376896634261906
246,7,408093,occupancy,5,400503,flow,8,0.000943776670214703,0.01034275802975017,0.07414636160714065
246,7,408093,occupancy,5,400503,flow,12,0.0016023054804009038,0.015890632863480036,0.07076286698275876
246,7,408093,occupancy,6,405843,flow,2,0.0037788213380087594,0.031208407666733346,0.06494160580168842
246,7,408093,occupancy,6,405843,flow,3,1.862335527666844e-07,5.598670479833518e-06,0.11664089754592935
246,7,408093,occupancy,6,405843,flow,4,7.02785826597447e-08,2.2623209917294863e-06,0.12059265234365674
246,7,408093,occupancy,7,408093,flow,2,4.556967767642121e-08,1.5108289145214092e-06,0.12230965196519065
246,7,408093,occupancy,7,408093,flow,4,2.2851821068534094e-05,0.0004332726762088042,0.09487671093710272
246,7,408093,occupancy,7,408093,flow,5,3.2315982131885034e-07,9.214854310874147e-06,0.11434770999534126
246,7,408093,occupancy,7,408093,flow,6,2.9252951124084726e-09,1.1788502691795338e-07,0.13268831341835252
246,7,408093,occupancy,7,408093,flow,7,0.0037348112284385586,0.030926556463206006,0.06504017787436762
246,7,408093,occupancy,7,408093,flow,8,2.7884644470192274e-08,9.583266834624551e-07,0.12422837788833459
246,7,408093,occupancy,7,408093,flow,10,0.0007476609198383042,0.008575897649030773,0.07559311625775125
246,7,408093,occupancy,10,400497,flow,1,3.117544328347795e-05,0.0005706691312907828,0.09330811925253862
246,7,408093,occupancy,10,400497,flow,6,0.0002743473663854933,0.0036949349951438393,0.08155844488192457
246,7,408093,occupancy,10,400497,flow,7,0.002579749767409756,0.023314893295418714,0.0675935354586347
246,7,408093,occupancy,10,400497,flow,11,0.003301359851263334,0.028141031092063146,0.06590087436760315
246,7,408093,occupancy,10,400497,flow,12,8.89547432720205e-05,0.0014159340122886094,0.0878228849840244
246,7,408093,occupancy,11,405841,flow,1,0.0002114873737085462,0.0029624690480574566,0.08304386923538269
246,7,408093,occupancy,11,405841,flow,8,0.00096400658702379,0.010516435494804983,0.07401340191217921
246,7,408093,occupancy,13,400183,flow,3,4.1975000471600884e-05,0.0007362241252022567,0.09178273930257824
246,7,408093,occupancy,13,400183,flow,5,0.003666611481036572,0.030496267997839797,0.06516937305453605
246,7,408093,occupancy,13,400183,flow,9,0.001079001870001483,0.011523579921894702,0.07330335663088877
246,7,408093,occupancy,14,401469,flow,3,0.0006445310926085567,0.007571798567009831,0.0765023419109047
246,7,408093,occupancy,14,401469,flow,12,0.0019801026390616093,0.018858120372015324,0.06936947840776447
246,7,408093,occupancy,15,401472,flow,1,5.1920052075600564e-05,0.0008885401443518374,0.09067780432661045
246,7,408093,occupancy,16,405838,flow,3,0.0010927301085310447,0.011635676778048097,0.07322332131935001
246,7,408093,occupancy,16,405838,flow,7,0.0031816856946933225,0.02735253117470123,0.06615662860923416
246,7,408093,occupancy,16,405838,flow,8,0.001843587608135162,0.01780527267414241,0.06984234032378296
246,7,408093,occupancy,16,405838,flow,12,0.0008426476510643884,0.009416031693218203,0.07485338356484075
246,7,408093,occupancy,18,404528,flow,2,1.0607068013599446e-06,2.75541393979252e-05,0.10924558477016239
246,7,408093,occupancy,18,404528,flow,3,0.0002235192534249139,0.0031018412296679346,0.08273004017012178
246,7,408093,occupancy,19,401795,flow,9,0.006787175032644527,0.048745795745676404,0.06072797005378371
246,8,401448,flow,0,400593,flow,6,0.0016699295649615748,0.016414324734093294,0.07049267029739718
246,8,401448,flow,0,400593,flow,7,4.2606783884997954e-05,0.0007460936618694413,0.09170550842357095
246,8,401448,flow,5,400503,flow,5,0.006923152504793588,0.049483816711959464,0.06058037078976875
246,8,401448,flow,5,400503,flow,8,0.0051692482096882125,0.0396364079976093,0.06272471625285339
246,8,401448,flow,6,405843,flow,5,0.003880833257280013,0.031836687564469536,0.06477061286317273
246,8,401448,flow,6,405843,flow,11,0.005125958962396188,0.039381367095058746,0.06278553215696377
246,8,401448,flow,7,408093,flow,1,0.0037201489391215426,0.030840612966810715,0.06506777168704618
246,8,401448,flow,7,408093,flow,10,0.0023018191039317635,0.021265736802791313,0.06836367004963449
246,8,401448,flow,8,401448,flow,1,5.534333994695255e-269,8.854934391512408e-266,0.6792270738361507
246,8,401448,flow,8,401448,flow,2,0.003151748778059393,0.027149252246171863,0.06622197515141774
246,8,401448,flow,8,401448,flow,4,2.8505424123762018e-09,1.1497986201181318e-07,-0.13278236813804792
246,8,401448,flow,8,401448,flow,7,0.0006121667290767985,0.007253319444903372,0.0767964013163321
246,8,401448,flow,11,405841,flow,2,0.006512618794281154,0.04719763997868577,0.06103427010057901
246,8,401448,flow,13,400183,flow,9,0.005224895323257218,0.039956714102445,0.06264721109205751
246,8,401448,flow,14,401469,flow,2,9.2786132196928e-05,0.0014688020926739793,0.08759569052604682
246,8,401448,flow,14,401469,flow,6,0.0016978414220186998,0.016635688235701482,0.07038407009046097
246,8,401448,flow,16,405838,flow,1,0.002226995815330458,0.020680614622157305,0.06858553686975707
246,8,401448,flow,16,405838,flow,2,0.0002876523528009456,0.003838919258881943,0.08128549421358672
246,8,401448,flow,16,405838,flow,7,0.0018629191839986648,0.017955847556613634,0.06977346425348822
246,8,401448,flow,16,405838,flow,10,0.00670772589897869,0.04829068723416306,0.06081544320302149
246,8,401448,occupancy,0,400593,flow,8,0.00031729010363755526,0.004159918809451407,0.08071765607776701
246,8,401448,occupancy,3,400039,flow,11,0.004533498646708765,0.03582655417962026,0.06366816836495519
246,8,401448,occupancy,4,400316,flow,9,0.004291253619009477,0.03440010323644635,0.06405947327226333
246,8,401448,occupancy,7,408093,flow,1,0.00013931762753730824,0.002076784509872918,0.08537759585335047
246,8,401448,occupancy,8,401448,flow,1,6.568861907294846e-05,0.0010876766362404651,0.08944086319764762
246,8,401448,occupancy,8,401448,flow,12,0.0035822072506168593,0.030013838872507432,0.06533232336737249
246,8,401448,occupancy,12,404520,flow,9,0.0011484595387042163,0.012121537276330845,0.07290768089464876
246,8,401448,occupancy,14,401469,flow,11,0.004309385700338849,0.03451343386255808,0.06402950004312792
246,8,401448,occupancy,18,404528,flow,10,0.004583149398502755,0.03613689870329835,0.06359031101078946
246,8,401448,speed,3,400039,flow,4,0.006056773224347405,0.044704015597438564,-0.06156944533724923
246,8,401448,speed,8,401448,flow,1,0.00048096682436050894,0.005944997657331612,-0.07826798095413755
246,8,401448,speed,8,401448,flow,12,0.006444693624984368,0.046878391075825004,-0.06111183732895785
246,9,402391,flow,0,400593,flow,3,0.0032196462543917386,0.02759696789478633,0.06607456847976656
246,9,402391,flow,1,400125,flow,1,0.0014389588757736914,0.014520678213834027,0.07146150596638146
246,9,402391,flow,1,400125,flow,2,0.005884730679491463,0.04379334459156437,0.06178089341019298
246,9,402391,flow,1,400125,flow,5,0.0001258220719090874,0.0019058602757617725,0.08593850480401677
246,9,402391,flow,1,400125,flow,12,0.00011488646124355238,0.0017649698171128957,0.08643626073994659
246,9,402391,flow,3,400039,flow,1,4.193561434846304e-05,0.000735832063303657,0.09176455902437129
246,9,402391,flow,3,400039,flow,2,0.005297613102347575,0.04039126121098045,0.06254704546226782
246,9,402391,flow,3,400039,flow,6,0.00591849674760674,0.0439915794040969,0.06173895824212552
246,9,402391,flow,3,400039,flow,11,0.00474630385714684,0.03709938579308356,0.06333973502266914
246,9,402391,flow,4,400316,flow,1,0.00039024843923563245,0.00498189496896552,0.07950728808716673
246,9,402391,flow,4,400316,flow,11,1.9299568002314713e-07,5.793893938151463e-06,0.11649381463606198
246,9,402391,flow,4,400316,flow,12,0.002090373717580431,0.019645767824621702,0.0690088740614252
246,9,402391,flow,5,400503,flow,1,0.00010600405894929259,0.001644890569902816,0.08687459973287802
246,9,402391,flow,5,400503,flow,2,0.0015361171989551063,0.015329236081048877,0.07103768236389035
246,9,402391,flow,5,400503,flow,11,0.00019583317134384836,0.002775588255267142,0.08347826569632118
246,9,402391,flow,5,400503,flow,12,4.9892516513914364e-08,1.6453104682451148e-06,0.12195240604882178
246,9,402391,flow,6,405843,flow,12,0.00588731326818022,0.043805017772198675,0.061777678366626114
246,9,402391,flow,9,402391,flow,1,2.455736159561284e-88,9.225026268960649e-86,0.4257165220621092
246,9,402391,flow,9,402391,flow,2,2.2762977135644618e-32,4.184513243658926e-30,0.26126938892557466
246,9,402391,flow,9,402391,flow,3,3.42703964590787e-05,0.0006189302370535952,0.09282523333816703
246,9,402391,flow,10,400497,flow,5,1.5143964555855752e-05,0.00029982551274654833,0.09691815064223824
246,9,402391,flow,10,400497,flow,8,0.0003840027698055234,0.0049152354535107,-0.07960223262081932
246,9,402391,flow,10,400497,flow,10,5.3825260928814775e-06,0.00011851433599005088,0.10188172983671742
246,9,402391,flow,10,400497,flow,11,1.6723972491361634e-14,1.1395514378971965e-12,0.17102809748217504
246,9,402391,flow,10,400497,flow,12,1.0466478181119066e-12,6.101914405186824e-11,0.1589459082609922
246,9,402391,flow,11,405841,flow,5,0.002394093057205509,0.02196788871522472,0.06809897389115824
246,9,402391,flow,11,405841,flow,11,0.003038839652490665,0.02637160968011184,0.06647363228139243
246,9,402391,flow,12,404520,flow,2,0.00031054920557586354,0.00408217060672899,-0.08084230832357098
246,9,402391,flow,12,404520,flow,5,0.00016415744205776288,0.0023853351822722356,0.08446725815699882
246,9,402391,flow,12,404520,flow,10,0.0030619551638234013,0.02652957542662875,0.06642142567214941
246,9,402391,flow,12,404520,flow,11,1.3426949073808509e-08,4.907311336620369e-07,0.12703095681178164
246,9,402391,flow,12,404520,flow,12,0.003533485980097119,0.02969268752256833,0.06542797999573455
246,9,402391,flow,14,401469,flow,1,0.00035709517586251475,0.004603554639588373,0.08002850018056329
246,9,402391,flow,14,401469,flow,12,0.00010057499161468323,0.0015708024720731436,0.08715990567998924
246,9,402391,flow,15,401472,flow,1,4.4580846257143736e-07,1.2294421791304987e-05,0.11298834181744373
246,9,402391,flow,15,401472,flow,3,0.00219301728529397,0.020408950177660385,-0.06868855242089322
246,9,402391,flow,15,401472,flow,8,0.0007002826562594244,0.0081213988591697,-0.07599532948875996
246,9,402391,flow,15,401472,flow,11,1.097497794808559e-15,8.063249104715944e-14,0.17852680517013345
246,9,402391,flow,15,401472,flow,12,7.481111576357925e-19,6.93527940125885e-17,0.19714899644375103
246,9,402391,flow,16,405838,flow,1,1.5027797011122956e-05,0.00029766200407176145,0.09695597714857851
246,9,402391,flow,16,405838,flow,2,0.0005326918600153516,0.006469577833191788,0.07765592620297623
246,9,402391,flow,16,405838,flow,3,0.0005347144553544846,0.006479569276665845,0.07763313533436368
246,9,402391,flow,16,405838,flow,7,0.0019732796299895307,0.018797283355137313,0.06939239111689192
246,9,402391,flow,16,405838,flow,8,9.168470064032375e-05,0.0014524309012328516,0.0876600827334466
246,9,402391,flow,17,400260,flow,1,0.00017327244511825788,0.0025009587801900234,0.08416546780687238
246,9,402391,flow,17,400260,flow,12,9.231605438323499e-06,0.00019331330825767096,0.09932216747250619
246,9,402391,flow,18,404528,flow,1,2.134349410530583e-06,5.1683797385045504e-05,0.10613484353960141
246,9,402391,flow,18,404528,flow,2,0.0022033826816207067,0.020492170472769543,0.06865697273496132
246,9,402391,flow,18,404528,flow,11,0.0008110230256277163,0.009140671721136797,0.075090678135682
246,9,402391,flow,18,404528,flow,12,8.753165710312196e-06,0.00018508896656166756,0.09957740463542589
246,9,402391,flow,19,401795,flow,1,1.0568724138212816e-05,0.00021834953743223034,0.09867063346497543
246,9,402391,flow,19,401795,flow,2,0.006887654053827598,0.049303505406023566,0.06061865046603083
246,9,402391,flow,19,401795,flow,12,1.1972937664352721e-05,0.00024386181381425625,0.09806616386260024
246,9,402391,occupancy,0,400593,flow,8,0.004425258959247044,0.035239638966695006,0.06384061053086298
246,9,402391,occupancy,5,400503,flow,3,0.001884636523369295,0.0181166661792509,0.06969686622215401
246,9,402391,occupancy,6,405843,flow,1,0.0014273598271716762,0.01444073642478136,0.07151385232422015
246,9,402391,occupancy,6,405843,flow,12,0.0017736750921146247,0.017237967149460468,0.07009709334605278
246,9,402391,occupancy,8,401448,flow,1,0.003162332998153508,0.027208282318309407,0.06619880747540981
246,9,402391,occupancy,8,401448,flow,7,0.0003595323919024034,0.0046335916856157,0.07998867536188797
246,9,402391,occupancy,14,401469,flow,1,0.004471455135382873,0.03546949354545357,0.06376655103665076
246,9,402391,occupancy,14,401469,flow,5,1.2669966420307968e-07,3.929235817353225e-06,0.11821808264057716
246,9,402391,occupancy,14,401469,flow,12,0.004401893411363535,0.03508607669987449,0.06387833605317685
246,9,402391,occupancy,15,401472,flow,1,0.006003346945033468,0.04443114408522286,0.06163452339747261
246,9,402391,occupancy,15,401472,flow,11,0.004962581016807771,0.038412426944873984,0.0630193166541254
246,9,402391,occupancy,15,401472,flow,12,0.001197419443383495,0.012546330330867569,0.07264184575542186
246,9,402391,occupancy,16,405838,flow,1,7.408249364277204e-05,0.0012144134756805092,0.08880238593280419
246,9,402391,occupancy,16,405838,flow,4,0.00030110771090343974,0.00398481891124214,0.08102122439910733
246,9,402391,occupancy,19,401795,flow,12,0.000870776577791499,0.009662868780013552,0.07464915556813156
246,9,402391,speed,0,400593,flow,2,0.006494571100523852,0.04711891294013784,0.06105480848549159
246,9,402391,speed,4,400316,flow,11,0.0015942337743541544,0.015821479221709046,-0.0707958156684288
246,9,402391,speed,12,404520,flow,11,0.006835653183413909,0.048996219930891136,-0.06067504647956464
246,9,402391,speed,14,401469,flow,5,3.173558881348848e-05,0.0005790509048670255,-0.09321744415395104
246,9,402391,speed,16,405838,flow,2,0.003864572534089724,0.03172136300069848,0.06480017103362609
246,9,402391,speed,19,401795,flow,1,0.003429307033660101,0.02898572957427438,-0.06563660970044373
246,9,402391,speed,19,401795,flow,2,0.0009584886847031345,0.010466812734877505,-0.07404940988333435
246,9,402391,speed,19,401795,flow,5,0.006041781546408826,0.04463912481697645,-0.06158765423737296
246,9,402391,speed,19,401795,flow,6,0.001646817271732944,0.01623146386923641,-0.07058386667603576
246,10,400497,flow,1,400125,flow,1,7.709360475437291e-12,4.1578573350673033e-10,0.15276552163948068
246,10,400497,flow,1,400125,flow,2,4.33847157350143e-06,9.802404392011599e-05,0.10288805528722564
246,10,400497,flow,1,400125,flow,4,0.002493767341612521,0.02272800615140525,-0.06782333508948525
246,10,400497,flow,1,400125,flow,9,3.168046750489724e-05,0.0005785173693094388,-0.0932262993720457
246,10,400497,flow,1,400125,flow,12,6.207997032011852e-08,2.0271010716773394e-06,0.12108668972289305
246,10,400497,flow,3,400039,flow,1,7.405255110390151e-13,4.3584062775048296e-11,0.1599921808711277
246,10,400497,flow,3,400039,flow,2,3.6327217167091482e-06,8.351973292274358e-05,0.1037096810389651
246,10,400497,flow,3,400039,flow,7,0.00650316529289016,0.04714494724833947,0.061045021853267475
246,10,400497,flow,3,400039,flow,10,0.0043661928997047565,0.0348585350706423,-0.06393632907698102
246,10,400497,flow,3,400039,flow,12,3.131605932794828e-07,8.965233684343047e-06,0.11447967467514067
246,10,400497,flow,4,400316,flow,1,8.365956696250312e-17,6.844873660568437e-15,0.18532487481939644
246,10,400497,flow,4,400316,flow,3,0.0005843166610026072,0.006980774268615219,-0.07709793691324755
246,10,400497,flow,4,400316,flow,4,6.139621640421075e-06,0.0001341586519302936,-0.10126293054075441
246,10,400497,flow,4,400316,flow,6,1.6749308049554488e-07,5.088397382143135e-06,0.11707721983337196
246,10,400497,flow,4,400316,flow,7,0.0023706273114386753,0.021780327489185618,0.06816539052164643
246,10,400497,flow,4,400316,flow,11,0.0003039066795848007,0.0040136865050637086,0.08096764282436189
246,10,400497,flow,4,400316,flow,12,2.1279059517093673e-23,2.633969544809303e-21,0.2210183408294804
246,10,400497,flow,5,400503,flow,1,9.737911548377088e-16,7.174281448772079e-14,0.1788485974769848
246,10,400497,flow,5,400503,flow,2,3.604795561746792e-09,1.4339518256672322e-07,0.13192698760988272
246,10,400497,flow,5,400503,flow,7,1.0388076018299848e-06,2.703841302423102e-05,0.10933710133281735
246,10,400497,flow,5,400503,flow,8,0.0065083430519615754,0.04717456708804363,0.06103913129281658
246,10,400497,flow,5,400503,flow,11,0.00011360585617741876,0.0017496516887217438,0.08649744407896245
246,10,400497,flow,5,400503,flow,12,5.398236916549953e-09,2.0877693356755412e-07,0.13044272133864668
246,10,400497,flow,6,405843,flow,1,6.539885466152497e-14,4.248466949440419e-12,0.167143719184212
246,10,400497,flow,6,405843,flow,2,4.665692867120698e-07,1.2789208874341e-05,0.11279476192026712
246,10,400497,flow,6,405843,flow,6,5.208502416392936e-06,0.00011515215168279161,0.10203570960079719
246,10,400497,flow,6,405843,flow,7,2.071093297018743e-11,1.0766694396054114e-09,0.14961153227921858
246,10,400497,flow,6,405843,flow,10,0.0011480941992753028,0.0121206425729944,-0.07290970361028346
246,10,400497,flow,6,405843,flow,12,1.5489501739704611e-10,7.345186335403285e-09,0.14297410879305128
246,10,400497,flow,7,408093,flow,2,0.0029987009800693963,0.02614407312593298,0.06656515189357959
246,10,400497,flow,8,401448,flow,2,0.006929705710238367,0.049522462643887086,0.06057332342676501
246,10,400497,flow,8,401448,flow,6,0.0007037403930433954,0.008152744698169664,0.07596513341532614
246,10,400497,flow,8,401448,flow,7,0.00035273914099495006,0.004565108115932247,0.0801003159864557
246,10,400497,flow,8,401448,flow,12,0.0023210219021349353,0.021397385013279813,0.06830779491436734
246,10,400497,flow,9,402391,flow,1,2.6303464784007995e-18,2.3189993442227455e-16,0.19407123526003744
246,10,400497,flow,9,402391,flow,2,1.565854935594055e-06,3.905596606100645e-05,0.10752333793739209
246,10,400497,flow,9,402391,flow,4,1.621567300844898e-06,4.021337967652101e-05,-0.10736746385025404
246,10,400497,flow,9,402391,flow,6,0.00043542251840887776,0.005464933594825107,0.07886000321304723
246,10,400497,flow,9,402391,flow,7,0.00021811874473747023,0.003036396902216752,0.08286889110637527
246,10,400497,flow,9,402391,flow,12,1.129628261896659e-07,3.528556826748783e-06,0.1186840713975566
246,10,400497,flow,10,400497,flow,1,0.0,0.0,0.869509560584182
246,10,400497,flow,10,400497,flow,2,7.357931045698322e-12,3.9732827646770935e-10,-0.15287473090999482
246,10,400497,flow,10,400497,flow,3,9.597781368931966e-06,0.00019972261808182126,-0.09913521414742568
246,10,400497,flow,10,400497,flow,4,1.6702383027508714e-05,0.00032827249626404755,0.09643579282033513
246,10,400497,flow,10,400497,flow,5,1.1634587175586365e-27,1.7635584771415122e-25,0.2411049039131991
246,10,400497,flow,10,400497,flow,6,2.1984400842812216e-62,6.41706835411816e-60,0.3615460818040388
246,10,400497,flow,10,400497,flow,7,1.4640043932347022e-16,1.1625917240393223e-14,0.18386923427788276
246,10,400497,flow,10,400497,flow,8,1.8074845174742548e-11,9.407630259625037e-10,-0.15004999648866404
246,10,400497,flow,10,400497,flow,9,4.30307453660828e-22,5.051435325583633e-20,-0.214400444008284
246,10,400497,flow,10,400497,flow,10,0.0002011860002171093,0.0028404614735727065,-0.08330524827828346
246,10,400497,flow,10,400497,flow,11,1.7237647483387788e-29,2.831431069514648e-27,0.24912114615904812
246,10,400497,flow,10,400497,flow,12,0.0007283015621821573,0.008376631386120659,0.07575452424184861
246,10,400497,flow,11,405841,flow,1,3.137786701718555e-07,8.976979173128582e-06,0.11447140053366754
246,10,400497,flow,11,405841,flow,4,0.00011198089745738023,0.001727088457750384,-0.08657602217278397
246,10,400497,flow,11,405841,flow,6,7.831804253948653e-06,0.00016724366968392574,0.10010886940922165
246,10,400497,flow,11,405841,flow,7,1.5018964916259957e-05,0.0002976235249460688,0.09695886444220297
246,10,400497,flow,11,405841,flow,12,1.1244998742981567e-08,4.1698192763674137e-07,0.12770197067600308
246,10,400497,flow,12,404520,flow,1,2.6830545620293602e-19,2.628298346477741e-17,0.19962203487424843
246,10,400497,flow,12,404520,flow,3,1.810826097911832e-14,1.231932085508522e-12,-0.1708040614722674
246,10,400497,flow,12,404520,flow,4,1.849166927312476e-10,8.70196201088224e-09,-0.14237488616204186
246,10,400497,flow,12,404520,flow,6,2.983653910050106e-16,2.293484856123925e-14,0.18199966205076598
246,10,400497,flow,12,404520,flow,7,3.699295872094047e-08,1.248512356831741e-06,0.12312776385350915
246,10,400497,flow,12,404520,flow,11,2.948461018180067e-09,1.1870784341601015e-07,0.13265964010124626
246,10,400497,flow,12,404520,flow,12,3.845130476607601e-28,5.953750415392414e-26,0.24325690669525277
246,10,400497,flow,13,400183,flow,3,0.000946474542295217,0.010367063952117995,0.07412847845166866
246,10,400497,flow,13,400183,flow,9,0.0012005926383187892,0.012570431889329058,0.07262496470897994
246,10,400497,flow,14,401469,flow,1,2.2619686333453785e-10,1.046221038121203e-08,0.1416902565581413
246,10,400497,flow,14,401469,flow,2,0.0002409327706398711,0.0033042208544896605,0.08230282148558617
246,10,400497,flow,14,401469,flow,5,0.0015696025110688346,0.015609306739911063,0.07089731770316235
246,10,400497,flow,14,401469,flow,6,9.237467683295496e-05,0.0014628247944221608,0.08761966031862822
246,10,400497,flow,14,401469,flow,7,5.68108476784923e-11,2.814482362053747e-09,0.1463205402843375
246,10,400497,flow,14,401469,flow,8,0.005944302428486086,0.04410749998464427,0.06170705434135747
246,10,400497,flow,14,401469,flow,12,2.4828820354343194e-07,7.257138290308701e-06,0.11544977920853905
246,10,400497,flow,15,401472,flow,1,1.658518763960625e-159,1.19413351005165e-156,0.553054305812855
246,10,400497,flow,15,401472,flow,2,1.519261917526709e-32,2.8168289629679757e-30,0.2620534870419339
246,10,400497,flow,15,401472,flow,3,0.00018043957772374686,0.002589057479489773,-0.08393847221907522
246,10,400497,flow,15,401472,flow,4,1.1262138643750316e-15,8.26017639066237e-14,-0.17845722747063852
246,10,400497,flow,15,401472,flow,6,3.849695670053516e-19,3.6957078432513755e-17,0.19875502495683892
246,10,400497,flow,15,401472,flow,7,7.701145591232077e-27,1.143262850657133e-24,0.23738146222669396
246,10,400497,flow,15,401472,flow,9,4.918028931885162e-17,4.062310704731147e-15,-0.18669587271090296
246,10,400497,flow,15,401472,flow,10,4.087849591147303e-11,2.063026896466863e-09,-0.1474020498546571
246,10,400497,flow,15,401472,flow,11,0.0026097644257021095,0.02353691507105034,0.06751496315525927
246,10,400497,flow,15,401472,flow,12,3.201317960054679e-82,1.0804448115184542e-79,0.4119770230931606
246,10,400497,flow,16,405838,flow,1,4.030822611109105e-06,9.174475068488584e-05,0.10322918898366705
246,10,400497,flow,16,405838,flow,2,1.0360869959183006e-19,1.058131400086775e-17,0.20188812208514167
246,10,400497,flow,16,405838,flow,3,2.043555485885789e-05,0.000393061429164141,0.09543523637464232
246,10,400497,flow,16,405838,flow,6,0.002653674356645575,0.02385236143986138,0.06740149036666533
246,10,400497,flow,16,405838,flow,7,3.7157838919342098e-06,8.529323280104031e-05,0.10360539898930654
246,10,400497,flow,16,405838,flow,8,1.3724735542901625e-09,5.818533615832682e-08,0.1354114074405375
246,10,400497,flow,16,405838,flow,10,0.0027040261159791187,0.02418507830440951,-0.06727346223139587
246,10,400497,flow,17,400260,flow,1,1.3621836432113523e-23,1.6958597517789747e-21,0.22197440567758464
246,10,400497,flow,17,400260,flow,2,1.4382723018068407e-13,9.031012127624349e-12,0.16485602009005937
246,10,400497,flow,17,400260,flow,6,0.0027309729811425786,0.02434544630321077,0.06720583672526155
246,10,400497,flow,17,400260,flow,7,0.0011506064385130308,0.012135302281192122,0.0728958064958416
246,10,400497,flow,17,400260,flow,9,0.00015355328332020227,0.0022578290808144105,-0.08483884692664649
246,10,400497,flow,17,400260,flow,10,2.4757461286472015e-07,7.246086230186931e-06,-0.11546175851578859
246,10,400497,flow,17,400260,flow,12,0.0002796551845681927,0.003751188617290538,0.08144809996339765
246,10,400497,flow,18,404528,flow,1,1.7717019262774863e-12,1.0070726738840448e-10,0.15734067602921598
246,10,400497,flow,18,404528,flow,2,4.238140829773854e-11,2.1363790413795858e-09,0.14728379419903095
246,10,400497,flow,18,404528,flow,3,1.2654470495320075e-05,0.00025545473149431175,0.09779679279769866
246,10,400497,flow,19,401795,flow,1,1.735499460797919e-24,2.2514587599540574e-22,0.22633382073825115
246,10,400497,flow,19,401795,flow,2,1.9499981476691702e-16,1.5288551720382603e-14,0.18311890146760476
246,10,400497,flow,19,401795,flow,3,0.002971991010226615,0.02596885348741702,0.06662667373177883
246,10,400497,flow,19,401795,flow,6,4.856091584638464e-07,1.3269016853661078e-05,0.11262439287644592
246,10,400497,flow,19,401795,flow,7,1.2336116303002286e-09,5.260811690915091e-08,0.13579089103220923
246,10,400497,flow,19,401795,flow,10,0.000530239569334304,0.006441605566715955,-0.0776836672517348
246,10,400497,flow,19,401795,flow,12,1.3846405771075375e-11,7.268101206688411e-10,0.15090458289109462
246,10,400497,occupancy,0,400593,flow,12,0.0036641529546179866,0.03048168835730734,-0.06517407104919241
246,10,400497,occupancy,1,400125,flow,1,8.905014375518821e-09,3.359795816789634e-07,0.12857953285344878
246,10,400497,occupancy,1,400125,flow,2,9.3339492163571e-05,0.0014759392611516354,0.08756361160687111
246,10,400497,occupancy,1,400125,flow,9,2.8377201919398227e-05,0.000525176791820942,-0.093785630311324
246,10,400497,occupancy,1,400125,flow,10,0.0012136855305325844,0.012676792775388695,-0.07255574470079522
246,10,400497,occupancy,1,400125,flow,12,2.4156037183913453e-06,5.781389508836904e-05,0.105575069943365
246,10,400497,occupancy,3,400039,flow,1,2.7264069929434956e-12,1.5336039335307162e-10,0.15601362686563636
246,10,400497,occupancy,3,400039,flow,2,1.4434035262665968e-07,4.428624455590695e-06,0.11768661113425956
246,10,400497,occupancy,3,400039,flow,4,0.005934287923991394,0.04407270833627212,-0.061719420567323255
246,10,400497,occupancy,3,400039,flow,10,0.0007078045210429504,0.008191040800711346,-0.07592981741386232
246,10,400497,occupancy,3,400039,flow,12,0.00020599506237855005,0.002898692734447349,0.0831927344852293
246,10,400497,occupancy,4,400316,flow,1,8.617782241459714e-19,7.937914559297648e-17,0.19680528820129498
246,10,400497,occupancy,4,400316,flow,3,7.161960019487866e-07,1.9039795251807743e-05,-0.11095633846655255
246,10,400497,occupancy,4,400316,flow,4,4.7655694084445573e-08,1.5739495293945326e-06,-0.12213334231614907
246,10,400497,occupancy,4,400316,flow,6,3.392032823892566e-05,0.0006144059454597855,0.09287772734035009
246,10,400497,occupancy,4,400316,flow,7,9.056849869217365e-06,0.00019011463282322166,0.09941389951081157
246,10,400497,occupancy,4,400316,flow,11,4.601900685115922e-05,0.0007980815319028817,0.09130627672912123
246,10,400497,occupancy,4,400316,flow,12,4.677138271771332e-22,5.460874955149231e-20,0.2142681251227894
246,10,400497,occupancy,5,400503,flow,1,2.6787356648542533e-16,2.0627697098342913e-14,0.18228402663445126
246,10,400497,occupancy,5,400503,flow,2,2.1784945006077698e-08,7.664070995075497e-07,0.12518189616003397
246,10,400497,occupancy,5,400503,flow,7,1.2643911205183893e-05,0.0002553608995156354,0.09780085970256154
246,10,400497,occupancy,5,400503,flow,8,0.0007978451219570489,0.009024702693846262,0.07519209946176907
246,10,400497,occupancy,5,400503,flow,12,5.2464255865144486e-06,0.00011569453054488218,0.1020017393107883
246,10,400497,occupancy,6,405843,flow,1,6.736398564818778e-20,6.945403770887141e-18,0.2029045985528672
246,10,400497,occupancy,6,405843,flow,2,0.0004575053416668137,0.005692462776499526,0.078566090529335
246,10,400497,occupancy,6,405843,flow,4,1.0690647223678795e-06,2.7754564907627643e-05,-0.1092111354437302
246,10,400497,occupancy,6,405843,flow,6,0.0003521339753849598,0.004561375633172492,0.08011035855344767
246,10,400497,occupancy,6,405843,flow,7,1.1084038727111433e-19,1.1240151948620044e-17,0.20172832618984873
246,10,400497,occupancy,6,405843,flow,10,5.390929503257179e-09,2.0868114206156823e-07,-0.13044772810861982
246,10,400497,occupancy,6,405843,flow,12,5.313763785929636e-07,1.440116659674782e-05,0.11223984870960754
246,10,400497,occupancy,8,401448,flow,2,0.0019903457211042194,0.018930633014465494,0.06933521616671628
246,10,400497,occupancy,8,401448,flow,6,0.0061316727573417495,0.0451334576788488,0.06147907550874617
246,10,400497,occupancy,9,402391,flow,1,2.757166790224258e-15,1.9720133334054296e-13,0.1760277233769028
246,10,400497,occupancy,9,402391,flow,2,1.9173998863834077e-05,0.0003707968699274461,0.0957523448229199
246,10,400497,occupancy,9,402391,flow,4,2.165595996770973e-08,7.643279988603434e-07,-0.12520474688778896
246,10,400497,occupancy,9,402391,flow,7,0.002479011688568493,0.022612606618699092,0.06786349790331536
246,10,400497,occupancy,9,402391,flow,9,0.006780251832047401,0.04871226993920634,-0.0607355557896399
246,10,400497,occupancy,9,402391,flow,10,0.003962913783629118,0.032307581704619344,-0.06462310410113116
246,10,400497,occupancy,9,402391,flow,12,5.193434871500901e-05,0.0008885401443518374,0.09067636558608771
246,10,400497,occupancy,10,400497,flow,1,6.9736399211747765e-62,1.995107580097684e-59,0.3601482580570704
246,10,400497,occupancy,10,400497,flow,3,1.6343239179305065e-26,2.361297433264143e-24,-0.235881004240397
246,10,400497,occupancy,10,400497,flow,4,0.00024225314808946726,0.0033202208113784853,-0.08227161998765406
246,10,400497,occupancy,10,400497,flow,5,6.054096087400626e-28,9.241588373699896e-26,0.2423771738213478
246,10,400497,occupancy,10,400497,flow,6,3.3459566465075023e-91,1.290583277938608e-88,0.43222054152735956
246,10,400497,occupancy,10,400497,flow,7,2.2938377302667353e-28,3.629809155586922e-26,0.24425379058055594
246,10,400497,occupancy,10,400497,flow,8,5.6156842974968905e-21,6.095416121906172e-19,-0.20866802455540379
246,10,400497,occupancy,10,400497,flow,9,6.397016403140261e-54,1.654797057578798e-51,-0.3369440205709501
246,10,400497,occupancy,10,400497,flow,10,5.307871400210633e-25,7.256330521806941e-23,-0.2287995406577018
246,10,400497,occupancy,10,400497,flow,11,7.294087883010583e-30,1.2119407559463737e-27,0.25079557965683197
246,10,400497,occupancy,10,400497,flow,12,1.1320582315053344e-168,8.431882000177664e-166,0.5660963214416239
246,10,400497,occupancy,11,405841,flow,1,9.417189069255856e-09,3.5437505905213673e-07,0.1283697244803494
246,10,400497,occupancy,11,405841,flow,3,0.00042073740668520235,0.00530681926096372,-0.0790632547512052
246,10,400497,occupancy,11,405841,flow,4,2.1954628547228055e-06,5.307442379632076e-05,-0.10600742796398452
246,10,400497,occupancy,11,405841,flow,6,1.5604032907918783e-05,0.00030822781052679076,0.09677100938644356
246,10,400497,occupancy,11,405841,flow,7,2.2518098291249367e-06,5.4315010953767316e-05,0.10589293047164211
246,10,400497,occupancy,11,405841,flow,9,0.00010774229470089976,0.0016688659487554213,-0.0867861608459363
246,10,400497,occupancy,11,405841,flow,12,8.767720854429425e-08,2.7789107917193775e-06,0.11970677939347837
246,10,400497,occupancy,12,404520,flow,1,9.016966420487614e-24,1.1395381021893069e-21,0.22285474543902187
246,10,400497,occupancy,12,404520,flow,3,4.0407477479744966e-22,4.756411518051724e-20,-0.21459277880652378
246,10,400497,occupancy,12,404520,flow,4,4.648146174134497e-16,3.510488019626054e-14,-0.18082538535139914
246,10,400497,occupancy,12,404520,flow,6,2.5079245529080348e-11,1.294412672468663e-09,0.14899297042078338
246,10,400497,occupancy,12,404520,flow,7,5.561574450770483e-12,3.0451206118287054e-10,0.15379341280287148
246,10,400497,occupancy,12,404520,flow,11,6.090441616396549e-10,2.6875084558562915e-08,0.13827590042019708
246,10,400497,occupancy,12,404520,flow,12,4.620175435664585e-31,8.01572605705663e-29,0.2558957629748585
246,10,400497,occupancy,13,400183,flow,12,0.0008805316789359604,0.00975838074671189,-0.0745797550118077
246,10,400497,occupancy,14,401469,flow,1,3.50377278135585e-11,1.7828384470503264e-09,0.147905959890517
246,10,400497,occupancy,14,401469,flow,6,0.00016047214809688262,0.002341234987431722,0.08459376973418553
246,10,400497,occupancy,14,401469,flow,7,5.311681408016962e-08,1.7489682684933901e-06,0.12170496090046037
246,10,400497,occupancy,14,401469,flow,8,0.0015356764114633713,0.015328378229024407,0.0710395487758939
246,10,400497,occupancy,14,401469,flow,10,0.0020718904383347104,0.01951787179441499,-0.06906808186878764
246,10,400497,occupancy,14,401469,flow,12,3.96014618231769e-05,0.0007017158124533396,0.09208308520871734
246,10,400497,occupancy,15,401472,flow,1,2.208880121951081e-207,2.3274053967874807e-204,0.6154731248967811
246,10,400497,occupancy,15,401472,flow,2,8.490212913894711e-60,2.351135883847766e-57,0.35425721851615444
246,10,400497,occupancy,15,401472,flow,3,0.001010518976636815,0.010921796294898777,-0.0737172376752499
246,10,400497,occupancy,15,401472,flow,4,2.9038734126651306e-31,5.07883932903375e-29,-0.25674296605386215
246,10,400497,occupancy,15,401472,flow,5,4.48571640040229e-06,0.00010092861900905153,-0.10273290398835329
246,10,400497,occupancy,15,401472,flow,6,2.6265765290366964e-19,2.5788205921451203e-17,0.19967300012017528
246,10,400497,occupancy,15,401472,flow,7,1.46731049281087e-44,3.5020891320126844e-42,0.3068299956894055
246,10,400497,occupancy,15,401472,flow,9,9.861227062725001e-29,1.583661743902305e-26,-0.2458732471851942
246,10,400497,occupancy,15,401472,flow,10,8.858900092458927e-37,1.8137653269868513e-34,-0.27878993827233783
246,10,400497,occupancy,15,401472,flow,12,2.3520155280586323e-97,9.76991065501278e-95,0.44533373981980295
246,10,400497,occupancy,16,405838,flow,1,4.579918813822281e-05,0.0007952270609209105,0.09133113607246798
246,10,400497,occupancy,16,405838,flow,2,8.062566542041522e-12,4.30535073691216e-10,0.1526239706749335
246,10,400497,occupancy,16,405838,flow,3,1.5702890671151807e-06,3.914396289635073e-05,0.10751073837728084
246,10,400497,occupancy,16,405838,flow,7,1.4226199718426487e-07,4.367958975380414e-06,0.1177458588867709
246,10,400497,occupancy,16,405838,flow,8,2.7635804479152774e-08,9.505308546969743e-07,0.1242631272196705
246,10,400497,occupancy,16,405838,flow,10,0.003307859701451436,0.02817419934990182,-0.06588722657537686
246,10,400497,occupancy,16,405838,flow,11,0.0018304276615169711,0.017701919627833705,-0.0698896079765695
246,10,400497,occupancy,17,400260,flow,1,9.143142111540844e-27,1.3480673693466363e-24,0.2370401242067827
246,10,400497,occupancy,17,400260,flow,2,6.342337821350656e-14,4.13256401029183e-12,0.16723210621680867
246,10,400497,occupancy,17,400260,flow,4,0.005239497739051835,0.040038169157108915,-0.06262699634544482
246,10,400497,occupancy,17,400260,flow,6,0.0024016660327254137,0.022023343794043276,0.0680776666750547
246,10,400497,occupancy,17,400260,flow,7,5.195197949475108e-06,0.00011491682100221438,0.10204768338868808
246,10,400497,occupancy,17,400260,flow,9,0.0005940683038022058,0.007091392850029094,-0.07699771566361818
246,10,400497,occupancy,17,400260,flow,10,2.5042643804919147e-08,8.696480806852951e-07,-0.12464447009502726
246,10,400497,occupancy,18,404528,flow,1,1.6534487094782124e-10,7.806446366061068e-09,0.14275357636534153
246,10,400497,occupancy,18,404528,flow,2,6.406322132466537e-10,2.815392839496993e-08,0.1380993464078191
246,10,400497,occupancy,18,404528,flow,3,1.6372624081024378e-06,4.057930925417402e-05,0.1073244799462575
246,10,400497,occupancy,19,401795,flow,1,1.9012040458955806e-23,2.3601153673186517e-21,0.221260220123518
246,10,400497,occupancy,19,401795,flow,2,6.735443224796134e-13,3.9750156736501776e-11,0.16027766520472453
246,10,400497,occupancy,19,401795,flow,6,0.0007564571452823271,0.008647513234688535,0.07552105586721858
246,10,400497,occupancy,19,401795,flow,7,9.172220205228326e-14,5.8789304579504995e-12,0.16616577490065923
246,10,400497,occupancy,19,401795,flow,10,2.606010520886762e-05,0.00048630520303372837,-0.09421619747026375
246,10,400497,occupancy,19,401795,flow,12,1.6150515836655864e-05,0.0003182948376567214,0.09660150828095695
246,10,400497,speed,1,400125,flow,3,0.00014546199242186335,0.0021542537101900913,-0.0851389887925488
246,10,400497,speed,1,400125,flow,5,0.0027364555990130185,0.0243742024489407,-0.06719215223815618
246,10,400497,speed,1,400125,flow,10,0.00010218358869494974,0.0015930462041219156,0.08707388648158941
246,10,400497,speed,1,400125,flow,11,0.0019364258642093754,0.018511528509370438,0.06951742252911858
246,10,400497,speed,1,400125,flow,12,0.0014360029992226391,0.014497623175138585,0.07147480879431668
246,10,400497,speed,3,400039,flow,2,0.0008045495366701404,0.009088743556896432,-0.07514030765917576
246,10,400497,speed,3,400039,flow,3,0.0009835632588535278,0.01069736474886012,-0.07388729943409413
246,10,400497,speed,3,400039,flow,4,0.002937673756253889,0.02575194541632959,-0.06670646183477594
246,10,400497,speed,4,400316,flow,1,0.0020515169604332227,0.019380173341507812,-0.06913390818181303
246,10,400497,speed,4,400316,flow,8,0.0058841617836092935,0.04379334459156437,0.061781601794826044
246,10,400497,speed,4,400316,flow,12,0.006587689667742348,0.04762594549132132,-0.06094938420170738
246,10,400497,speed,6,405843,flow,6,0.00013328709619309624,0.002002783497579742,-0.08562161572904223
246,10,400497,speed,6,405843,flow,7,9.54319507675887e-06,0.00019868242280288346,-0.09916264710588321
246,10,400497,speed,8,401448,flow,9,0.0018680998218645385,0.017993737414614953,-0.06975511775567345
246,10,400497,speed,9,402391,flow,2,7.594774103849817e-05,0.0012399631189958884,-0.08866983476746267
246,10,400497,speed,10,400497,flow,1,6.627524324212075e-09,2.5359526200705193e-07,-0.12968222739867222
246,10,400497,speed,10,400497,flow,2,8.726962285125175e-06,0.0001846252550036276,-0.09959176553049741
246,10,400497,speed,10,400497,flow,5,0.0018067165796678256,0.01752360939417379,-0.06997556616509153
246,10,400497,speed,10,400497,flow,6,6.503529495260091e-05,0.0010801709888321259,-0.08949374573136348
246,10,400497,speed,10,400497,flow,9,9.71606339277989e-09,3.643523772292459e-07,0.1282523573047028
246,10,400497,speed,10,400497,flow,10,3.944770790578493e-07,1.1022904149611313e-05,0.1135070229884793
246,10,400497,speed,10,400497,flow,11,6.353293554937048e-05,0.0010576581178161097,0.08961728415330285
246,10,400497,speed,11,405841,flow,1,0.0010551304731244275,0.01130496935490458,-0.07344479470092163
246,10,400497,speed,12,404520,flow,1,1.4379893603773017e-12,8.241350339650018e-11,-0.15797912338869669
246,10,400497,speed,12,404520,flow,2,8.801699452864696e-06,0.00018602417630320686,-0.09955091361838808
246,10,400497,speed,12,404520,flow,8,3.643612967421744e-05,0.000653400083821583,0.09251136117189254
246,10,400497,speed,12,404520,flow,12,1.0768952445959821e-05,0.00022216750031779574,-0.09857991490710936
246,10,400497,speed,14,401469,flow,3,0.0017408519274669243,0.01696843778419821,-0.07021989428382074
246,10,400497,speed,14,401469,flow,9,0.0062979958553125125,0.0461063245127098,-0.061281898705016734
246,10,400497,speed,15,401472,flow,1,1.739908438155871e-08,6.232507838170284e-07,-0.12604409750252585
246,10,400497,speed,15,401472,flow,2,1.4085377844335888e-13,8.870092170194029e-12,-0.1649170791367592
246,10,400497,speed,15,401472,flow,3,1.767818432933662e-05,0.00034556450815716834,-0.09615514415701996
246,10,400497,speed,15,401472,flow,9,2.606195712099896e-17,2.181931293851076e-15,0.18832093840169645
246,10,400497,speed,15,401472,flow,10,1.222575059874732e-21,1.3972286398568366e-19,0.21212197329512975
246,10,400497,speed,15,401472,flow,11,5.386029508084789e-10,2.3962561766144477e-08,0.13870413588252384
246,10,400497,speed,16,405838,flow,9,0.0001521906007824476,0.0022446684717657003,-0.08488833696055674
246,10,400497,speed,17,400260,flow,7,0.004884066023123472,0.0378937030805075,-0.06313415151945644
246,10,400497,speed,17,400260,flow,8,0.0006374345955329834,0.007509455829567734,-0.07656977913345463
246,10,400497,speed,17,400260,flow,10,1.2174635845959209e-05,0.0002475031851978531,0.0979849517429532
246,10,400497,speed,17,400260,flow,11,4.124354917879611e-06,9.369859934071605e-05,0.10312291109473683
246,10,400497,speed,17,400260,flow,12,1.0033039694895389e-07,3.1453361017378866e-06,0.1191637578211528
246,10,400497,speed,18,404528,flow,4,0.005413646165795551,0.04100233589301837,-0.062389755806835354
246,10,400497,speed,19,401795,flow,2,1.1530384472331316e-05,0.000235848773297686,-0.09824902581896121
246,10,400497,speed,19,401795,flow,3,7.101410485443652e-09,2.7029157089970553e-07,-0.12942523739013076
246,10,400497,speed,19,401795,flow,4,0.0001743447992407811,0.0025130781872545025,-0.08413094942512375
246,10,400497,speed,19,401795,flow,5,0.0012993474298670287,0.01341894411107876,-0.07211916569366526
246,10,400497,speed,19,401795,flow,6,0.0004045818064371172,0.005131513223160148,-0.07929465243020047
246,10,400497,speed,19,401795,flow,7,1.348927001680554e-08,4.921760681807427e-07,-0.12701338870280765
246,10,400497,speed,19,401795,flow,8,0.00025496108519836426,0.0034690768127777437,-0.0819792134176708
246,11,405841,flow,0,400593,flow,4,0.001054810554855343,0.011304345316236869,0.07344671022791392
246,11,405841,flow,0,400593,flow,9,0.0005992472055709545,0.0071433441723689935,0.07694511065723812
246,11,405841,flow,1,400125,flow,9,0.005528792650091662,0.04169759819901533,-0.06223664635936557
246,11,405841,flow,2,400331,flow,1,0.0018162631336907668,0.017600396450300836,0.06994083381870675
246,11,405841,flow,2,400331,flow,8,0.0017563832683033722,0.01708589951100342,0.07016152431442821
246,11,405841,flow,2,400331,flow,11,0.004442109858678316,0.03532102814189274,0.06381351521808429
246,11,405841,flow,3,400039,flow,1,0.00010423398188189211,0.001620917212850158,0.08696607519651377
246,11,405841,flow,4,400316,flow,12,0.0031319526460444427,0.02700605874433531,0.06626549755041525
246,11,405841,flow,5,400503,flow,2,7.522617880494793e-05,0.0012286468523152174,0.08872074286265554
246,11,405841,flow,5,400503,flow,6,0.00030374125725000895,0.004012728536146907,0.0809707966933351
246,11,405841,flow,6,405843,flow,1,2.954870544466058e-05,0.0005434244679477808,0.09358050268623737
246,11,405841,flow,6,405843,flow,5,0.0010194110746796008,0.01098492352860034,0.07366205774963357
246,11,405841,flow,6,405843,flow,6,0.0021471352300564545,0.0200467348040715,0.06883000162297065
246,11,405841,flow,6,405843,flow,7,0.0029507200830892893,0.025830011669596212,0.06667602930078152
246,11,405841,flow,6,405843,flow,11,0.000391432446966675,0.00499553373972241,0.07948944934043659
246,11,405841,flow,6,405843,flow,12,7.714001008325969e-05,0.0012561127569459853,0.08858671008806156
246,11,405841,flow,7,408093,flow,1,0.00011598062220205878,0.0017779854077817384,0.0863844921845448
246,11,405841,flow,7,408093,flow,3,0.004447441687248469,0.035355486188357044,0.06380496131613528
246,11,405841,flow,7,408093,flow,5,0.004327718634697584,0.03464301893122871,0.06399931073850405
246,11,405841,flow,7,408093,flow,9,0.000698326876280783,0.008100891797886634,0.07601247048133902
246,11,405841,flow,7,408093,flow,11,0.0002053545488113275,0.002891563399168627,0.08321033705653767
246,11,405841,flow,8,401448,flow,6,0.0009738699027372357,0.01060796263193358,0.07394950981953195
246,11,405841,flow,10,400497,flow,1,0.0005743267429181124,0.0068785459645307615,0.07720223361500372
246,11,405841,flow,10,400497,flow,5,4.001292582081697e-07,1.1159189124979298e-05,0.11344681809012283
246,11,405841,flow,10,400497,flow,6,3.742035271082401e-05,0.0006679996847552055,0.09237453178186487
246,11,405841,flow,10,400497,flow,8,2.2924877598433756e-05,0.00043436610186506065,-0.09486071378624887
246,11,405841,flow,10,400497,flow,9,0.00016873664891909246,0.0024436551234679163,-0.08431372859429989
246,11,405841,flow,10,400497,flow,11,0.0004909507077535525,0.006042470249274491,0.07814521522956183
246,11,405841,flow,10,400497,flow,12,5.361936983575601e-10,2.3879966772212987e-08,0.13871973085349817
246,11,405841,flow,11,405841,flow,1,4.19017286280283e-43,9.577537972120755e-41,0.3015998504801738
246,11,405841,flow,11,405841,flow,2,2.206368689096624e-28,3.5042326238593437e-26,0.24420929338723021
246,11,405841,flow,11,405841,flow,3,1.1399610664866394e-13,7.274197647300269e-12,0.16549299259073405
246,11,405841,flow,11,405841,flow,4,4.166526814047891e-09,1.6377976193527653e-07,0.13139658072634428
246,11,405841,flow,11,405841,flow,5,0.0007564572341177771,0.008647513234688535,0.07552105514339572
246,11,405841,flow,11,405841,flow,6,1.67717525906512e-07,5.091635361322079e-06,0.11707172051050616
246,11,405841,flow,11,405841,flow,7,0.0002401153278425305,0.0032946330450226223,0.08232221870376329
246,11,405841,flow,11,405841,flow,11,5.671234971864626e-06,0.00012455381331192265,0.10163648242853593
246,11,405841,flow,12,404520,flow,1,0.00036075805963903495,0.004646615437211184,0.07996874283058994
246,11,405841,flow,12,404520,flow,6,0.006845262034933963,0.049048817367581224,0.06066459653724318
246,11,405841,flow,12,404520,flow,12,0.00010930812329229305,0.0016913004750096917,0.08670763802913942
246,11,405841,flow,13,400183,flow,2,0.004114308239676954,0.03325315546380625,0.06435815613935363
246,11,405841,flow,13,400183,flow,6,0.0002513709817584669,0.00342670445312899,0.082060411055323
246,11,405841,flow,13,400183,flow,7,0.004173626117818476,0.03367587752890515,0.06425675200520842
246,11,405841,flow,13,400183,flow,10,0.0010001379493196885,0.010844869329972527,0.07378222824961245
246,11,405841,flow,14,401469,flow,1,0.006983145100161098,0.04983017316269565,0.06051607656885559
246,11,405841,flow,14,401469,flow,6,8.924395591708819e-05,0.0014200143261945523,0.08780541596593867
246,11,405841,flow,14,401469,flow,8,0.0007197146431299335,0.008308838210372295,0.07582739602803994
246,11,405841,flow,14,401469,flow,11,0.0016237742680920578,0.016059305948163207,0.07067596882793409
246,11,405841,flow,14,401469,flow,12,0.003790444112341793,0.0312852857571963,0.06493636625926642
246,11,405841,flow,15,401472,flow,1,7.110917764337282e-07,1.8915741836168138e-05,0.11098726047067127
246,11,405841,flow,15,401472,flow,6,0.006910634561671747,0.049426186619779336,0.06059384933309608
246,11,405841,flow,15,401472,flow,9,8.017364874473247e-05,0.0012957357372886055,-0.08838055771573376
246,11,405841,flow,15,401472,flow,12,0.0002554893024719473,0.003475169353522709,0.08196735720966002
246,11,405841,flow,16,405838,flow,7,0.003964995919449161,0.032318457305698815,0.06461939843095486
246,11,405841,flow,16,405838,flow,12,0.0028293266051739037,0.025005505184843013,0.06696407166088214
246,11,405841,flow,17,400260,flow,7,0.005994178850551613,0.044401324818900835,0.06164574334734605
246,11,405841,flow,17,400260,flow,12,0.0057208155523024405,0.042824334059862315,0.061987597075945686
246,11,405841,flow,18,404528,flow,1,6.960147610017594e-05,0.0011480655851575413,0.08913418298507839
246,11,405841,flow,18,404528,flow,12,0.0018250976388478031,0.017670151949400515,0.06990884108477462
246,11,405841,flow,19,401795,flow,1,0.0017340615481274445,0.01692149511612957,0.07024556438249527
246,11,405841,flow,19,401795,flow,6,0.0005338817806364148,0.006478565427947506,0.07764250828516951
246,11,405841,flow,19,401795,flow,8,0.001063193472504534,0.011380068883101058,0.07339669352199982
246,11,405841,flow,19,401795,flow,12,0.003892795192011819,0.031874289669240066,0.06474894056094062
246,11,405841,occupancy,1,400125,flow,5,0.0038414170640088557,0.031597337617133014,0.06484245768413084
246,11,405841,occupancy,2,400331,flow,3,0.0006586240631729101,0.007704456953444277,0.07637043951839162
246,11,405841,occupancy,3,400039,flow,1,0.0034465654190473927,0.0290974450073964,0.06560165299058968
246,11,405841,occupancy,5,400503,flow,2,0.003154615753229374,0.027163524125873823,0.06621569267323162
246,11,405841,occupancy,5,400503,flow,6,0.004644538158028979,0.036494006625473245,0.06349509580807815
246,11,405841,occupancy,6,405843,flow,1,0.0017027972135130536,0.01666534653913999,0.07036495970509273
246,11,405841,occupancy,7,408093,flow,1,0.0016614062855934704,0.01636032631357144,0.07052616556574677
246,11,405841,occupancy,7,408093,flow,3,0.002544432994549892,0.023082634473867145,0.06768706444941185
246,11,405841,occupancy,8,401448,flow,1,0.006456989243555219,0.04695201739127848,0.061097742029336224
246,11,405841,occupancy,8,401448,flow,6,4.333693241450665e-06,9.796731974393968e-05,0.1028931742213256
246,11,405841,occupancy,8,401448,flow,9,0.005680112962837766,0.04260824448595095,0.06203975123502464
246,11,405841,occupancy,10,400497,flow,5,0.0001417727552951832,0.0021090161944737995,0.08528108898533159
246,11,405841,occupancy,10,400497,flow,8,0.0018279143425995932,0.017685531825375682,-0.06989867074029137
246,11,405841,occupancy,10,400497,flow,11,0.0016173197812486327,0.016017472386506405,0.07070198269698277
246,11,405841,occupancy,10,400497,flow,12,0.0035660935218509576,0.029913638862905118,0.06536382857015754
246,11,405841,occupancy,11,405841,flow,2,4.534606850488981e-09,1.7712026757786978e-07,-0.13105279859183736
246,11,405841,occupancy,11,405841,flow,3,0.002525616472636682,0.02294083928046776,-0.06773738153374538
246,11,405841,occupancy,11,405841,flow,4,3.932053424011434e-05,0.0006970238322416658,0.09211975696135262
246,11,405841,occupancy,11,405841,flow,6,3.797866575313893e-05,0.0006754542447655834,0.09229842362893394
246,11,405841,occupancy,11,405841,flow,11,0.00012157674474744191,0.0018545605130965716,0.08612671054206171
246,11,405841,occupancy,12,404520,flow,1,0.006676433755475555,0.04813450237592524,0.060850151358720586
246,11,405841,occupancy,14,401469,flow,6,0.0008356047606343445,0.009359119953176996,0.07490550640924626
246,11,405841,occupancy,14,401469,flow,8,0.000862909253919319,0.009605173864806643,0.0747056526625732
246,11,405841,occupancy,15,401472,flow,12,0.0037389065879638137,0.030954535185902025,0.065032488160034
246,11,405841,occupancy,16,405838,flow,6,0.001166028842516911,0.012270997806755312,0.0728111024608049
246,11,405841,occupancy,16,405838,flow,7,0.002604191999766201,0.0235045955933093,0.06752948801313707
246,11,405841,occupancy,16,405838,flow,12,0.0015875406522912138,0.01575867559259661,0.0708232535635858
246,11,405841,occupancy,17,400260,flow,6,0.0023685328611345313,0.021765713593067806,0.06817134778135263
246,11,405841,occupancy,18,404528,flow,12,0.0005055732651299027,0.006194204496203006,0.07796954525484456
246,11,405841,occupancy,19,401795,flow,6,0.001698476573962787,0.016638137867390566,0.07038161797308004
246,11,405841,speed,13,400183,flow,2,0.004349707507485823,0.03475903890554709,0.06396325355405841
246,11,405841,speed,18,404528,flow,5,0.003064713387967129,0.026548148859069576,-0.06641522020069826
246,11,405841,speed,19,401795,flow,2,5.895476048588162e-06,0.00012908492919361814,0.10145410339015966
246,12,404520,flow,0,400593,flow,9,0.005149030274833714,0.03950943301470985,0.06275306241798755
246,12,404520,flow,1,400125,flow,1,6.62319818752e-09,2.5359526200705193e-07,0.12968465479458027
246,12,404520,flow,1,400125,flow,2,0.00018268480977759813,0.002616705498140663,0.08386910285087634
246,12,404520,flow,1,400125,flow,4,0.0015081244918883803,0.015084736756095863,0.07115720092272021
246,12,404520,flow,1,400125,flow,9,2.2448792466411814e-09,9.27139421174943e-08,-0.13364715668911362
246,12,404520,flow,1,400125,flow,10,0.005410102030181751,0.04100233589301837,-0.06239451485774852
246,12,404520,flow,1,400125,flow,12,0.0010157052003678304,0.010961395117634344,0.07368500024046763
246,12,404520,flow,2,400331,flow,2,0.0012576553288001875,0.01303519918526106,0.07232822224544269
246,12,404520,flow,3,400039,flow,1,1.4540283959269117e-14,9.938928275956105e-13,0.171421546038497
246,12,404520,flow,3,400039,flow,2,1.9526915392077446e-09,8.139215835775467e-08,0.13414947070906497
246,12,404520,flow,3,400039,flow,3,0.005824234431932068,0.04350050613061296,0.06185657061314589
246,12,404520,flow,3,400039,flow,4,0.0004979290673630055,0.0061150578376245315,0.0780607803650981
246,12,404520,flow,3,400039,flow,6,0.004628899628275598,0.03639098524868168,0.06351924288771493
246,12,404520,flow,3,400039,flow,10,0.00014532667829627346,0.0021534708465763756,-0.08514414053385218
246,12,404520,flow,3,400039,flow,12,0.0023346243497471713,0.021495262555216922,0.068268470743512
246,12,404520,flow,4,400316,flow,1,0.0,0.0,0.7936852385108282
246,12,404520,flow,4,400316,flow,2,0.00064187535471275,0.0075514747613264705,-0.07650827074040153
246,12,404520,flow,4,400316,flow,3,1.5105917989001765e-12,8.620550292270492e-11,-0.15782867469453787
246,12,404520,flow,4,400316,flow,4,2.6750903989709383e-06,6.360148884730023e-05,-0.10511154320576191
246,12,404520,flow,4,400316,flow,8,1.9964490872946398e-08,7.092648073283588e-07,-0.1254858958241269
246,12,404520,flow,4,400316,flow,11,0.0006206843282152839,0.007346181638054867,0.07671248657787076
246,12,404520,flow,4,400316,flow,12,6.941977407349053e-12,3.7722443270123155e-10,0.15305818928470752
246,12,404520,flow,5,400503,flow,1,1.1043404587331403e-05,0.00022717860865367458,0.09845814781158543
246,12,404520,flow,5,400503,flow,2,2.00381596957004e-10,9.338171508675914e-09,0.14210238639866293
246,12,404520,flow,5,400503,flow,7,0.00035563919563259735,0.004590263893435377,0.08005241268369963
246,12,404520,flow,5,400503,flow,10,0.0032060720834466345,0.02750790744883706,-0.06610381035938762
246,12,404520,flow,5,400503,flow,12,9.954223843402903e-07,2.6030415861683136e-05,0.10952402097752131
246,12,404520,flow,6,405843,flow,1,4.442246691926041e-07,1.2262303967489136e-05,0.11300346431053092
246,12,404520,flow,6,405843,flow,6,0.00026189871491210065,0.003553399649561165,0.08182529515684403
246,12,404520,flow,6,405843,flow,9,0.002813316725081227,0.0248792799434,-0.06700289798193192
246,12,404520,flow,7,408093,flow,4,0.0012810602029933876,0.013249174232538748,0.07221009001914717
246,12,404520,flow,7,408093,flow,10,0.0038590514462171267,0.03168206432470161,0.06481023275051864
246,12,404520,flow,7,408093,flow,12,0.0005008914144157067,0.006143812919579367,0.07802527027988161
246,12,404520,flow,8,401448,flow,5,7.734067093604698e-05,0.001258424476247544,0.08857283953250165
246,12,404520,flow,9,402391,flow,1,3.4258823469781475e-14,2.2629681558020792e-12,0.16899686495648172
246,12,404520,flow,9,402391,flow,2,9.48307784161611e-09,3.565439188492741e-07,0.12834354231447007
246,12,404520,flow,9,402391,flow,3,0.005404703387546584,0.04097634017936336,0.06240176954124314
246,12,404520,flow,9,402391,flow,6,0.0001861573830633039,0.002661151207258348,0.08376337472489494
246,12,404520,flow,9,402391,flow,9,0.0002315182468039785,0.00319948440880738,-0.08253005641135785
246,12,404520,flow,9,402391,flow,12,1.6364605270921543e-09,6.86360143401758e-08,0.13478324367342787
246,12,404520,flow,10,400497,flow,1,1.6611636191270037e-26,2.3920756115428853e-24,0.23584840570100782
246,12,404520,flow,10,400497,flow,5,1.7491522354199688e-13,1.0935365639673322e-11,0.16428293195999727
246,12,404520,flow,10,400497,flow,6,1.9569023996663034e-09,8.144333686472476e-08,0.13414172507463434
246,12,404520,flow,10,400497,flow,8,4.9962264995953754e-14,3.275219799431263e-12,-0.167917942168986
246,12,404520,flow,10,400497,flow,9,2.4416441131550166e-21,2.6976732912607854e-19,-0.21056243844860756
246,12,404520,flow,10,400497,flow,11,8.802881509384367e-17,7.188742555867763e-15,0.18519294207240838
246,12,404520,flow,10,400497,flow,12,5.251958143541781e-53,1.3268104783684498e-50,0.33414860214241543
246,12,404520,flow,11,405841,flow,1,0.0029944098646558946,0.026122477009922183,0.0665750019750116
246,12,404520,flow,11,405841,flow,11,0.00017820779826172609,0.002561922424261753,0.08400823434021953
246,12,404520,flow,11,405841,flow,12,0.0012016260836063815,0.01257622403733092,0.07261947578468672
246,12,404520,flow,12,404520,flow,1,0.0,0.0,0.831612218593823
246,12,404520,flow,12,404520,flow,2,3.611984455896563e-06,8.308718237206152e-05,-0.10368409432744398
246,12,404520,flow,12,404520,flow,3,5.643433293068316e-19,5.2884233895998103e-17,-0.19778322957331573
246,12,404520,flow,12,404520,flow,4,1.953788616134065e-09,8.139215835775467e-08,-0.13411395397760947
246,12,404520,flow,12,404520,flow,8,0.0011023081398693732,0.011711685106334708,-0.07316803009906132
246,12,404520,flow,12,404520,flow,10,4.233599643906126e-06,9.585508627711984e-05,0.10300166355647661
246,12,404520,flow,12,404520,flow,11,1.0697775268959315e-17,9.097320701162252e-16,0.19057523451624167
246,12,404520,flow,12,404520,flow,12,3.199290602634834e-29,5.157065449023314e-27,0.24801438640362555
246,12,404520,flow,13,400183,flow,3,0.00483028868534265,0.03761584958981802,0.06321377227939917
246,12,404520,flow,14,401469,flow,2,0.0003294417333818855,0.0042983639027778485,0.08049907898505555
246,12,404520,flow,14,401469,flow,8,0.00024413676280979593,0.0033428551991705815,0.08222738359159314
246,12,404520,flow,15,401472,flow,1,6.192306950637033e-59,1.682438114890062e-56,0.3517825107886787
246,12,404520,flow,15,401472,flow,2,1.6122760629447334e-25,2.2467847070713704e-23,0.23125059660042982
246,12,404520,flow,15,401472,flow,3,0.00017983141624823302,0.0025818269132348508,0.08395740173606459
246,12,404520,flow,15,401472,flow,6,2.0069061790662145e-06,4.8844139118681956e-05,0.10641221550443317
246,12,404520,flow,15,401472,flow,8,5.916056371661248e-10,2.6185823284402248e-08,-0.13837723338363309
246,12,404520,flow,15,401472,flow,9,3.8857326835970283e-35,7.561425762675298e-33,-0.27243907085495045
246,12,404520,flow,15,401472,flow,10,2.2824997062967422e-12,1.2872583200002515e-10,-0.15656213099187766
246,12,404520,flow,15,401472,flow,11,0.00031419207543585914,0.004121803115344402,0.08077463382605653
246,12,404520,flow,15,401472,flow,12,1.6607836964449e-54,4.348233677964829e-52,0.3387194796572292
246,12,404520,flow,16,405838,flow,3,0.006856669418940221,0.04912240777748218,0.0606522077166742
246,12,404520,flow,16,405838,flow,5,0.0022937834599977554,0.021196031116984607,0.06838717838559348
246,12,404520,flow,16,405838,flow,6,0.001886045278684526,0.01812586082909932,0.06969192550574416
246,12,404520,flow,16,405838,flow,7,1.980447287073064e-05,0.00038194340536409086,0.09559146387643772
246,12,404520,flow,16,405838,flow,8,2.946700393883095e-07,8.48084323889072e-06,0.11473478445070134
246,12,404520,flow,17,400260,flow,1,5.3164214970622894e-05,0.0009067090749036357,0.0905539808267891
246,12,404520,flow,17,400260,flow,2,0.00029866720417151646,0.0039561182692774794,0.08106832556973687
246,12,404520,flow,17,400260,flow,3,0.00022973350254068268,0.0031771167350321517,0.08257410904900828
246,12,404520,flow,17,400260,flow,4,0.004283777950162138,0.03435930327645829,0.06407186434339092
246,12,404520,flow,17,400260,flow,5,0.00043333419582067116,0.005447143856611912,0.07888851330053083
246,12,404520,flow,17,400260,flow,6,0.00014444769974058313,0.0021429054357119475,0.08517771570855436
246,12,404520,flow,17,400260,flow,7,0.00011192106674348025,0.0017267821726136955,0.0865789358750631
246,12,404520,flow,17,400260,flow,10,1.357776680773693e-13,8.600579561499053e-12,-0.16502430108241167
246,12,404520,flow,18,404528,flow,1,6.024496111014731e-15,4.2044948626144814e-13,0.17387807347201809
246,12,404520,flow,18,404528,flow,2,6.545648026266716e-12,3.565851131585399e-10,0.15328146307874865
246,12,404520,flow,18,404528,flow,3,3.4438022472609833e-13,2.0924368084623696e-11,0.1622830310304789
246,12,404520,flow,18,404528,flow,4,1.1364025580232938e-07,3.5471524932519e-06,0.1186598371375777
246,12,404520,flow,18,404528,flow,6,0.0003954726092529567,0.005037412148069887,0.07942895556402269
246,12,404520,flow,18,404528,flow,12,0.0006975806981462472,0.008094409390254602,0.0760190219422309
246,12,404520,flow,19,401795,flow,1,1.6883712883813171e-06,4.1678651233184515e-05,0.10718720138493719
246,12,404520,flow,19,401795,flow,2,6.072814795805681e-07,1.6315024824552575e-05,0.11166743581034663
246,12,404520,flow,19,401795,flow,4,0.004200144618083186,0.033826668065099486,0.06421184055270983
246,12,404520,flow,19,401795,flow,5,0.0008857913737882081,0.009809327697423889,0.0745426310563207
246,12,404520,flow,19,401795,flow,6,0.00052099410859307,0.006348926795830923,0.07778934027324622
246,12,404520,flow,19,401795,flow,7,0.0004906511482273339,0.006041494062192007,0.07814886473816554
246,12,404520,flow,19,401795,flow,9,0.0018516495147695906,0.01785989735985475,-0.06981353650245115
246,12,404520,flow,19,401795,flow,10,0.0005233062027869139,0.006369914894447641,-0.07776275091201319
246,12,404520,flow,19,401795,flow,11,9.337882959462855e-05,0.0014760210166439637,-0.08756133800831116
246,12,404520,occupancy,1,400125,flow,1,3.321747121915141e-10,1.513707549227153e-08,0.14037547152706545
246,12,404520,occupancy,1,400125,flow,2,3.970322082274716e-05,0.0007022436639393662,0.09206986262356752
246,12,404520,occupancy,1,400125,flow,9,0.0003185100953589711,0.0041721152575826415,0.08069536116812084
246,12,404520,occupancy,1,400125,flow,10,6.279015024451029e-11,3.082425557457778e-09,0.14599011288474104
246,12,404520,occupancy,1,400125,flow,11,1.7398884926514444e-15,1.2675072998742394e-13,0.1772812722903437
246,12,404520,occupancy,1,400125,flow,12,1.261864218276679e-12,7.307310218438677e-11,0.1583775019009476
246,12,404520,occupancy,2,400331,flow,1,3.241940041425885e-05,0.0005894436438956154,0.09310878789518669
246,12,404520,occupancy,2,400331,flow,2,0.000157252320511999,0.002297362274642664,0.08470655884940154
246,12,404520,occupancy,2,400331,flow,3,0.00032075641770420543,0.004198993104491417,0.0806545185676668
246,12,404520,occupancy,2,400331,flow,4,0.001540415905523562,0.015361488254528597,0.07101950628881294
246,12,404520,occupancy,2,400331,flow,5,0.0002866081908906414,0.0038261662071927406,0.08130648307173718
246,12,404520,occupancy,2,400331,flow,6,0.0011494420978384486,0.012125982570603414,0.07290224386562695
246,12,404520,occupancy,2,400331,flow,7,0.0013483733982873937,0.013799983607205735,0.07188110770085679
246,12,404520,occupancy,2,400331,flow,8,0.00010579156776868981,0.0016427734463002877,0.08688550462140565
246,12,404520,occupancy,2,400331,flow,9,8.331232407227623e-05,0.0013404440968053381,0.08817488212879147
246,12,404520,occupancy,2,400331,flow,10,1.9348393962962545e-05,0.00037364801931156995,0.09570734573333241
246,12,404520,occupancy,2,400331,flow,11,9.511818680689002e-05,0.0014990190753974265,0.08746170061898892
246,12,404520,occupancy,2,400331,flow,12,0.001113709934140686,0.011809589876013165,0.07310278667974207
246,12,404520,occupancy,3,400039,flow,1,6.693877210159349e-09,2.5568125152863295e-07,0.129645188481238
246,12,404520,occupancy,3,400039,flow,2,0.00039354093498461735,0.005016514721550743,0.07945780637779176
246,12,404520,occupancy,3,400039,flow,4,0.005884537455192104,0.04379334459156437,0.06178113400463835
246,12,404520,occupancy,3,400039,flow,5,0.004463480933243325,0.0354257535028682,0.06377928527100907
246,12,404520,occupancy,3,400039,flow,8,0.003623253642192602,0.030240447709180916,0.06525264860347449
246,12,404520,occupancy,3,400039,flow,9,2.2255355724971833e-06,5.374127262821595e-05,0.10594597372591853
246,12,404520,occupancy,3,400039,flow,10,7.91615666439541e-12,4.2481735143090895e-10,0.15268189449983197
246,12,404520,occupancy,3,400039,flow,11,6.0599662759193294e-15,4.215628713683012e-13,0.1738618248297305
246,12,404520,occupancy,3,400039,flow,12,2.5748847938475197e-11,1.3226518798360624e-09,0.14890760399845981
246,12,404520,occupancy,4,400316,flow,8,4.92714263889565e-06,0.00010977440020644253,0.1022953951047085
246,12,404520,occupancy,4,400316,flow,9,2.358772276072169e-17,1.9786206276954893e-15,0.18857487721642988
246,12,404520,occupancy,4,400316,flow,10,7.557791848386071e-25,9.923909053199948e-23,0.2280670691041302
246,12,404520,occupancy,4,400316,flow,11,9.142575291632781e-18,7.790123325414914e-16,0.19097004768502968
246,12,404520,occupancy,4,400316,flow,12,5.839534650790551e-05,0.0009808238604749292,0.0900617019822186
246,12,404520,occupancy,5,400503,flow,1,4.047003180456172e-09,1.5937150172808262e-07,0.13150335339108352
246,12,404520,occupancy,5,400503,flow,2,6.3717924729896305e-06,0.00013867074802677683,0.10108776156086072
246,12,404520,occupancy,5,400503,flow,3,3.455408060817373e-06,7.995373766861837e-05,0.1039401572189603
246,12,404520,occupancy,5,400503,flow,4,1.7925098582072592e-07,5.407571639284469e-06,0.11679829111684593
246,12,404520,occupancy,5,400503,flow,5,3.4158551503092816e-10,1.550051916947069e-08,0.14027940298887273
246,12,404520,occupancy,5,400503,flow,6,1.1550688483382674e-09,4.955210948184027e-08,0.13602440987488765
246,12,404520,occupancy,5,400503,flow,7,3.7450893938623126e-09,1.4870207887394474e-07,0.1317873525752324
246,12,404520,occupancy,5,400503,flow,8,4.839227013274e-11,2.4181922925164616e-09,0.14684857490576858
246,12,404520,occupancy,5,400503,flow,9,9.748387061178728e-16,7.174281448772079e-14,0.17884570712605735
246,12,404520,occupancy,5,400503,flow,10,7.081823572290737e-23,8.617881079519995e-21,0.21841854477449527
246,12,404520,occupancy,5,400503,flow,11,1.5688062118298306e-25,2.2004035178911912e-23,0.23130648627505365
246,12,404520,occupancy,5,400503,flow,12,2.607861506557709e-19,2.5662782934690895e-17,0.19969012731477276
246,12,404520,occupancy,6,405843,flow,1,3.1526929815425335e-10,1.4427578051126849e-08,0.14055491602395906
246,12,404520,occupancy,6,405843,flow,2,6.547697696670608e-08,2.1235776313526297e-06,0.12087474696826
246,12,404520,occupancy,6,405843,flow,3,2.25358807183084e-09,9.289599685409569e-08,0.1336331823600246
246,12,404520,occupancy,6,405843,flow,4,7.234768657770666e-12,3.9116646560161795e-10,0.15296606215137565
246,12,404520,occupancy,6,405843,flow,5,1.9704327043222567e-12,1.1156316228928112e-10,0.1570144286420744
246,12,404520,occupancy,6,405843,flow,6,1.6622368898959807e-07,5.056946031232842e-06,0.11710845688833163
246,12,404520,occupancy,6,405843,flow,7,0.0005502284609198349,0.006635921136721627,0.07746094325960118
246,12,404520,occupancy,6,405843,flow,8,0.002784275756830865,0.024708445500224604,0.06707384406487618
246,12,404520,occupancy,6,405843,flow,9,2.9276752274305477e-06,6.892401625340581e-05,0.10470004219927205
246,12,404520,occupancy,6,405843,flow,10,1.2049258201719047e-12,6.996343471965899e-11,0.15851804118296178
246,12,404520,occupancy,6,405843,flow,11,1.1365610325001737e-18,1.0358530929115507e-16,0.196130923312679
246,12,404520,occupancy,6,405843,flow,12,3.0372092724801594e-15,2.1509416487072604e-13,0.17576315250379032
246,12,404520,occupancy,7,408093,flow,1,3.2274078527067515e-06,7.532361925279939e-05,0.10425377114009865
246,12,404520,occupancy,7,408093,flow,2,1.876101246232066e-05,0.0003642587588189899,0.09586048058691357
246,12,404520,occupancy,7,408093,flow,3,0.0006340145674693458,0.007477321680228158,0.07660252883595468
246,12,404520,occupancy,7,408093,flow,4,0.00010659005456451917,0.001652203213917197,0.08684463333128134
246,12,404520,occupancy,7,408093,flow,5,0.0013038874075412452,0.013449841453147515,0.07209677579288286
246,12,404520,occupancy,7,408093,flow,6,0.0003525124357635999,0.004563541272096947,0.08010407621368786
246,12,404520,occupancy,7,408093,flow,7,0.0017353298113175488,0.016926224395781918,0.07024076288104357
246,12,404520,occupancy,7,408093,flow,8,0.00024258812228564316,0.003322703513868036,0.08226372965355107
246,12,404520,occupancy,7,408093,flow,9,0.00011510541442103459,0.0017670767245873114,0.08642586422561538
246,12,404520,occupancy,7,408093,flow,10,8.155216710557617e-05,0.0013145722458809293,0.08828930419075527
246,12,404520,occupancy,7,408093,flow,11,8.753114234006446e-05,0.0013973929597526922,0.08790966254204587
246,12,404520,occupancy,7,408093,flow,12,3.506035435074309e-05,0.0006324038864100632,0.09270862188750721
246,12,404520,occupancy,8,401448,flow,1,0.0027071211756936947,0.024202738987989986,0.06726566371126709
246,12,404520,occupancy,8,401448,flow,2,0.00027442250416873565,0.0036949349951438393,0.08155686893258145
246,12,404520,occupancy,8,401448,flow,3,0.00027421649299456556,0.0036949349951438393,0.08156119080236067
246,12,404520,occupancy,8,401448,flow,4,9.577059881208607e-05,0.001507209423927912,0.0874247706751556
246,12,404520,occupancy,8,401448,flow,5,3.41834860546472e-05,0.0006183947225966328,0.09283821821597824
246,12,404520,occupancy,8,401448,flow,6,0.00010522496003209053,0.0016351504580526298,0.08691468378545254
246,12,404520,occupancy,8,401448,flow,7,0.000641555084530288,0.0075514747613264705,0.07653053814775157
246,12,404520,occupancy,8,401448,flow,8,0.0018993432490845708,0.01822154749288329,0.069645453686695
246,12,404520,occupancy,8,401448,flow,9,0.0002789391304274979,0.003748022308556474,0.08146287108610105
246,12,404520,occupancy,8,401448,flow,10,1.6109145368128777e-06,3.9972147036367785e-05,0.10739686663821968
246,12,404520,occupancy,8,401448,flow,11,8.087272519605383e-08,2.574577544929643e-06,0.12003105464195174
246,12,404520,occupancy,8,401448,flow,12,5.899139582000121e-10,2.6137726147939e-08,0.13838721798650724
246,12,404520,occupancy,9,402391,flow,1,2.733841131401075e-08,9.426198625083717e-07,0.12430505693476247
246,12,404520,occupancy,9,402391,flow,2,3.1447885118926624e-05,0.0005749253648487643,0.09326382545281764
246,12,404520,occupancy,9,402391,flow,3,0.00028075905220294466,0.0037595882393475382,0.08142539806417678
246,12,404520,occupancy,9,402391,flow,4,6.0896019733714596e-05,0.0010188644664974713,0.08984095512350557
246,12,404520,occupancy,9,402391,flow,5,4.16396539970319e-06,9.437738996179318e-05,0.10307859701615
246,12,404520,occupancy,9,402391,flow,6,3.293164948337823e-05,0.0005980022100386463,0.09302880873625242
246,12,404520,occupancy,9,402391,flow,7,5.7828962070800896e-05,0.0009725349092889134,0.09011294064496758
246,12,404520,occupancy,9,402391,flow,8,2.432166881708664e-07,7.1281960169480515e-06,0.11553564799640059
246,12,404520,occupancy,9,402391,flow,9,9.41803133104178e-13,5.505533876874221e-11,0.15926583798052482
246,12,404520,occupancy,9,402391,flow,10,2.699549809626921e-20,2.8169215404802655e-18,0.20504591439465744
246,12,404520,occupancy,9,402391,flow,11,2.1938751002892772e-24,2.812326538056284e-22,0.22584253443164765
246,12,404520,occupancy,9,402391,flow,12,4.0612904217533985e-18,3.515986898191319e-16,0.19299588710127433
246,12,404520,occupancy,10,400497,flow,3,3.584543689889083e-18,3.115740189199364e-16,0.1933056544964132
246,12,404520,occupancy,10,400497,flow,4,4.816873710564095e-31,8.29039618710633e-29,0.2558195470132454
246,12,404520,occupancy,10,400497,flow,5,3.3387875289095956e-13,2.037226288826194e-11,0.16237500160148755
246,12,404520,occupancy,10,400497,flow,8,2.813431444949874e-15,2.005614495409811e-13,0.1759725070096128
246,12,404520,occupancy,10,400497,flow,9,2.5078007622764565e-75,8.145638566191198e-73,0.39543244730064786
246,12,404520,occupancy,10,400497,flow,10,2.9520061050354956e-122,1.6561904381497845e-119,0.49322177466304085
246,12,404520,occupancy,10,400497,flow,11,9.759293530455931e-83,3.427654313135742e-80,0.4131783069011795
246,12,404520,occupancy,10,400497,flow,12,4.4164983488585574e-09,1.7281950060750878e-07,0.1311825874822592
246,12,404520,occupancy,11,405841,flow,3,0.004560563480507068,0.0359912938176663,0.06362563285763473
246,12,404520,occupancy,11,405841,flow,4,1.2448833591721337e-05,0.00025201012706764844,0.09787658213167424
246,12,404520,occupancy,11,405841,flow,5,9.479371162786467e-07,2.4848837028663554e-05,0.1097378082314317
246,12,404520,occupancy,11,405841,flow,6,3.5472456940820964e-05,0.0006387703792594689,0.09264877445399447
246,12,404520,occupancy,11,405841,flow,7,0.0007804998402417343,0.00886677874544869,0.07532798886412193
246,12,404520,occupancy,11,405841,flow,8,2.730710816955744e-05,0.0005067298423216844,0.09398015697523249
246,12,404520,occupancy,11,405841,flow,9,2.4960771616244462e-08,8.682007518693726e-07,0.12465712431516927
246,12,404520,occupancy,11,405841,flow,10,6.78266079184787e-11,3.322119571517324e-09,0.14573483585715022
246,12,404520,occupancy,11,405841,flow,11,5.799310955064794e-08,1.900836367669189e-06,0.12135708320642181
246,12,404520,occupancy,11,405841,flow,12,0.0002917177798098508,0.003886245602007713,0.08120444817847981
246,12,404520,occupancy,12,404520,flow,2,0.005956864018058773,0.04417783725290931,-0.06169156939139637
246,12,404520,occupancy,12,404520,flow,4,4.475002363811616e-06,0.00010079254542057445,0.10274402763669084
246,12,404520,occupancy,12,404520,flow,5,2.3954179297081362e-11,1.237823619179324e-09,0.14914155318331274
246,12,404520,occupancy,12,404520,flow,6,7.962903943280235e-12,4.2626697688935087e-10,0.15266328677987612
246,12,404520,occupancy,12,404520,flow,7,4.878353908866473e-13,2.914867065878722e-11,0.1612451679041546
246,12,404520,occupancy,12,404520,flow,8,1.6563884831558252e-20,1.7538230998120503e-18,0.2061799943508905
246,12,404520,occupancy,12,404520,flow,9,4.998455164399719e-33,9.388402743568169e-31,0.26402312612273937
246,12,404520,occupancy,12,404520,flow,10,1.1924154941416732e-34,2.2996584529875125e-32,0.27052275398986747
246,12,404520,occupancy,12,404520,flow,11,3.8921014993440823e-16,2.949803241608147e-14,0.18129655187918475
246,12,404520,occupancy,13,400183,flow,1,1.1077619433918884e-05,0.00022744922031620523,0.0984431704687566
246,12,404520,occupancy,13,400183,flow,2,9.152610754688952e-05,0.0014513114719742503,0.08766941451781585
246,12,404520,occupancy,13,400183,flow,3,0.0014325654854739503,0.014483227000345109,0.07149031097354075
246,12,404520,occupancy,13,400183,flow,4,0.0031882952834317037,0.027382575794085408,0.06614227664159479
246,12,404520,occupancy,13,400183,flow,5,0.00011650524900602416,0.001782864596904089,0.08635983330795159
246,12,404520,occupancy,13,400183,flow,6,0.00019290321281971096,0.0027358564654666817,0.08356317777242186
246,12,404520,occupancy,13,400183,flow,7,0.0001684062572741685,0.0024410260946958902,0.08432467391148925
246,12,404520,occupancy,13,400183,flow,8,7.486277100736204e-05,0.0012245633121991822,0.0887465571969099
246,12,404520,occupancy,13,400183,flow,9,0.0026483645048381087,0.023815434348252767,0.0674151206271933
246,12,404520,occupancy,13,400183,flow,10,0.004989181082212172,0.03855681981244469,0.0629807839762093
246,12,404520,occupancy,13,400183,flow,11,0.0003106040459332915,0.00408217060672899,0.08084128404665394
246,12,404520,occupancy,13,400183,flow,12,9.020044472269107e-05,0.0014336494525460832,0.08774802034573016
246,12,404520,occupancy,14,401469,flow,1,3.408726235461125e-08,1.1595037273379574e-06,0.12344728160013
246,12,404520,occupancy,14,401469,flow,2,3.26896523805939e-10,1.4928044216085163e-08,0.1404305219862796
246,12,404520,occupancy,14,401469,flow,3,2.7195654942238616e-09,1.1000489639557193e-07,0.1329531056553576
246,12,404520,occupancy,14,401469,flow,4,9.141871150971722e-11,4.422495338432009e-09,0.14474300096232956
246,12,404520,occupancy,14,401469,flow,5,2.3725259013063626e-10,1.0950119544490904e-08,0.141527638137977
246,12,404520,occupancy,14,401469,flow,6,1.557070255152037e-09,6.543330255113617e-08,0.1349611070551547
246,12,404520,occupancy,14,401469,flow,7,1.387592124920128e-07,4.2725573625480774e-06,0.11784763227329488
246,12,404520,occupancy,14,401469,flow,8,4.5464049853078674e-07,1.248599461953591e-05,0.11290494915435002
246,12,404520,occupancy,14,401469,flow,9,1.8237922054358282e-09,7.627088409954286e-08,0.13439479761810408
246,12,404520,occupancy,14,401469,flow,10,2.885619217995803e-14,1.917826926421826e-12,0.1694852639671051
246,12,404520,occupancy,14,401469,flow,11,1.2729388588890736e-16,1.0183510871112588e-14,0.1842341376548745
246,12,404520,occupancy,14,401469,flow,12,5.032455414996074e-16,3.787492577139902e-14,0.1806141255065291
246,12,404520,occupancy,15,401472,flow,1,1.8949406322423555e-21,2.1373742901532573e-19,0.21113537743352717
246,12,404520,occupancy,15,401472,flow,3,4.1434281689196786e-05,0.0007297028002337143,-0.09184971848961122
246,12,404520,occupancy,15,401472,flow,7,0.0039109704959773405,0.031992790271960066,-0.06471612646508046
246,12,404520,occupancy,15,401472,flow,9,3.163373674563982e-35,6.18360826883095e-33,0.27278890776554504
246,12,404520,occupancy,15,401472,flow,10,9.19766588685396e-121,4.787218871230013e-118,0.49055465782541574
246,12,404520,occupancy,15,401472,flow,11,2.3224113014811697e-149,1.4974353466266646e-146,0.5379102471543415
246,12,404520,occupancy,15,401472,flow,12,2.2862812906947655e-49,5.580076370509258e-47,0.3227250682080932
246,12,404520,occupancy,16,405838,flow,1,9.630268883097804e-21,1.0374753509970702e-18,0.20743140345568561
246,12,404520,occupancy,16,405838,flow,2,3.0816870944097234e-19,2.971626841037947e-17,0.19928985705992858
246,12,404520,occupancy,16,405838,flow,3,1.581186790474819e-16,1.2442125564392019e-14,0.1836679947387817
246,12,404520,occupancy,16,405838,flow,4,1.0420571207214531e-19,1.0592204144745122e-17,0.20187451931251038
246,12,404520,occupancy,16,405838,flow,5,4.762409194627904e-19,4.511756079121172e-17,0.19824221698640002
246,12,404520,occupancy,16,405838,flow,6,4.160607832831291e-17,3.4536566225650313e-15,0.18712530437048264
246,12,404520,occupancy,16,405838,flow,7,5.333429487273371e-12,2.9276258430776317e-10,0.1539247581097287
246,12,404520,occupancy,16,405838,flow,8,1.8005181088512363e-06,4.4244813596344374e-05,0.10689945202868233
246,12,404520,occupancy,16,405838,flow,9,2.0964211941529666e-05,0.0004008159786329399,0.0953078584655322
246,12,404520,occupancy,16,405838,flow,10,3.9474306295120395e-09,1.5587660255477156e-07,0.1315946717349019
246,12,404520,occupancy,16,405838,flow,11,5.285108806099169e-15,3.718513036213096e-13,0.17424009744197655
246,12,404520,occupancy,16,405838,flow,12,1.950934720545895e-21,2.1891007773398096e-19,0.21106964104207596
246,12,404520,occupancy,17,400260,flow,1,8.280129171761053e-16,6.146075261513359e-14,0.17928399763335093
246,12,404520,occupancy,17,400260,flow,2,2.5662832676068567e-07,7.47561949835578e-06,0.11531218281953902
246,12,404520,occupancy,17,400260,flow,3,0.0005533131539094919,0.006663821647306955,0.07742724527557995
246,12,404520,occupancy,17,400260,flow,4,0.004138921288060193,0.033427070413946595,0.06431592017164225
246,12,404520,occupancy,17,400260,flow,10,0.0018503714643112784,0.01785482404696163,0.06981809507058871
246,12,404520,occupancy,17,400260,flow,11,5.2396725124087696e-09,2.030079394942232e-07,0.13055287309280897
246,12,404520,occupancy,17,400260,flow,12,3.3389008431262974e-09,1.3355603372505191e-07,0.13220677977378653
246,12,404520,occupancy,18,404528,flow,1,5.849753478512224e-25,7.897167195991502e-23,0.22854223908223367
246,12,404520,occupancy,18,404528,flow,2,3.469525111459953e-13,2.1021526622029446e-11,0.16222057870322779
246,12,404520,occupancy,18,404528,flow,3,9.673448426178172e-08,3.0458671429365672e-06,0.11931101647802454
246,12,404520,occupancy,18,404528,flow,4,4.848157537050823e-06,0.00010846214686721674,0.10237084862974985
246,12,404520,occupancy,18,404528,flow,5,8.236998400784346e-06,0.0001747732470107484,0.0998681612670688
246,12,404520,occupancy,18,404528,flow,6,1.3183028974151438e-05,0.000265257033853443,0.09759724465336528
246,12,404520,occupancy,18,404528,flow,7,2.2978634262301916e-05,0.00043489093483359606,0.09484897364658054
246,12,404520,occupancy,18,404528,flow,8,3.3457623272170023e-06,7.787550244384401e-05,0.10408841682790967
246,12,404520,occupancy,18,404528,flow,9,2.4504306958706143e-09,1.0053049008699957e-07,0.1333305977280162
246,12,404520,occupancy,18,404528,flow,10,7.243096024290636e-14,4.684157907924483e-12,0.16684907169458663
246,12,404520,occupancy,18,404528,flow,11,1.1216545847759401e-16,9.057098703237498e-15,0.18456362736815735
246,12,404520,occupancy,18,404528,flow,12,3.3656452442722293e-13,2.0478292190501452e-11,0.16235121261332616
246,12,404520,occupancy,19,401795,flow,1,1.5522239908611017e-27,2.336448655233435e-25,0.2405410547114567
246,12,404520,occupancy,19,401795,flow,2,5.543094909208717e-19,5.205689132126447e-17,0.19787548035361843
246,12,404520,occupancy,19,401795,flow,3,4.567834882895643e-14,3.0035078682053542e-12,0.16817491269975504
246,12,404520,occupancy,19,401795,flow,4,7.584315012776685e-15,5.233904289967296e-13,0.173239591304061
246,12,404520,occupancy,19,401795,flow,5,7.1222585589834896e-12,3.860496483664827e-10,0.1530154914268134
246,12,404520,occupancy,19,401795,flow,6,2.7356681368549527e-08,9.426198625083717e-07,0.12430246830322056
246,12,404520,occupancy,19,401795,flow,7,3.9653687594894347e-05,0.0007020652885653426,0.09207629496172973
246,12,404520,occupancy,19,401795,flow,8,4.3481818930873166e-05,0.0007583425828880585,0.09160031592344575
246,12,404520,occupancy,19,401795,flow,9,6.976998546585966e-11,3.4057213244351834e-09,0.1456412589901456
246,12,404520,occupancy,19,401795,flow,10,9.047721505808616e-24,1.1395381021893069e-21,0.2228474952417779
246,12,404520,occupancy,19,401795,flow,11,8.177765882668728e-36,1.6280160651211475e-33,0.2750772277612599
246,12,404520,occupancy,19,401795,flow,12,1.6878177345171575e-35,3.3293938872667214e-33,0.2738542686957894
246,12,404520,speed,1,400125,flow,1,0.0019296975241586344,0.01845946258716851,-0.069540484722203
246,12,404520,speed,4,400316,flow,3,0.0009046373167918254,0.009979655793004815,0.07441126839213934
246,12,404520,speed,4,400316,flow,10,0.004228221331928534,0.03400207772511405,-0.0641645693892126
246,12,404520,speed,4,400316,flow,11,2.1015957290192135e-07,6.2440808455041285e-06,-0.11614173728706795
246,12,404520,speed,5,400503,flow,1,4.662326447893241e-05,0.0008079121642558686,-0.091238516469508
246,12,404520,speed,5,400503,flow,10,0.00445053550676587,0.035355486188357044,-0.06380000212923838
246,12,404520,speed,6,405843,flow,1,8.70293471464268e-05,0.0013914388588917976,-0.08794056802832083
246,12,404520,speed,6,405843,flow,5,3.0367741017176953e-05,0.0005573009396525252,-0.09344162988111704
246,12,404520,speed,6,405843,flow,6,0.005122407100891728,0.039361079110374,-0.06279054263843067
246,12,404520,speed,7,408093,flow,1,0.00241501875134083,0.02211293133911061,-0.06804024691608382
246,12,404520,speed,10,400497,flow,3,0.00019531997056486058,0.0027692230811952666,0.0834930520345798
246,12,404520,speed,10,400497,flow,10,0.0001795444548435395,0.0025785639791359397,-0.0839663545358149
246,12,404520,speed,10,400497,flow,11,2.4926357559506432e-05,0.0004667614419465444,-0.09444030886420926
246,12,404520,speed,10,400497,flow,12,0.000942292351876822,0.010329111799309492,-0.07415622077137322
246,12,404520,speed,12,404520,flow,1,0.003721844961606875,0.03084875332720971,0.06506457479645252
246,12,404520,speed,12,404520,flow,3,2.635057149316549e-06,6.271871562009638e-05,0.10518016378134773
246,12,404520,speed,12,404520,flow,10,0.004479932307805545,0.035511487760832676,-0.06375303612276285
246,12,404520,speed,12,404520,flow,11,4.573680746971176e-05,0.0007944632419346796,-0.09133821131133776
246,12,404520,speed,14,401469,flow,3,0.005368634216054976,0.04078877913006946,-0.06245040765434008
246,12,404520,speed,14,401469,flow,10,0.0016287418992382012,0.01610317126177773,-0.07065601219437177
246,12,404520,speed,14,401469,flow,11,0.00035647133551059714,0.004596946992965071,-0.08003873473697237
246,12,404520,speed,15,401472,flow,1,0.00017265797982555465,0.0024945902101886157,-0.0841853376318931
246,12,404520,speed,15,401472,flow,3,0.00011908810559899351,0.0018198111644416412,0.08623993735206041
246,12,404520,speed,15,401472,flow,4,1.590360717113025e-05,0.0003138583050675317,0.09667740378286646
246,12,404520,speed,15,401472,flow,10,0.0014340918254250785,0.014488486168934375,-0.07148342340325564
246,12,404520,speed,15,401472,flow,11,2.4557997236432928e-08,8.569511151970132e-07,-0.12471996944067895
246,12,404520,speed,15,401472,flow,12,2.154673126488425e-08,7.610946775494682e-07,-0.12522420109703256
246,12,404520,speed,16,405838,flow,3,0.00024469920037471684,0.0033473734820100593,-0.08221423685367825
246,12,404520,speed,16,405838,flow,4,7.830875014561774e-05,0.0012717812053724385,-0.08850639572764953
246,12,404520,speed,16,405838,flow,5,1.642210258465619e-05,0.0003232049346957391,-0.09651929305807588
246,12,404520,speed,16,405838,flow,6,0.0031895437623762914,0.027387853415753487,-0.0661395687548707
246,12,404520,speed,17,400260,flow,1,0.0009533759664314553,0.010424156352781287,-0.07408294540810685
246,12,404520,speed,17,400260,flow,2,0.0019336067207246478,0.018488669839598227,-0.06952707651874478
246,12,404520,speed,17,400260,flow,4,0.002803744334961416,0.02483529941979356,-0.06702620886141127
246,12,404520,speed,19,401795,flow,1,0.0030436320920250335,0.02640259164166294,-0.06646277884144197
246,12,404520,speed,19,401795,flow,4,0.0036867591611951306,0.030610800646478885,-0.06513098035108905
246,12,404520,speed,19,401795,flow,7,0.001057414667614345,0.011326633682355492,-0.07343113355194865
246,12,404520,speed,19,401795,flow,11,0.006636287402652921,0.04792504443239823,-0.060894894937985625
246,12,404520,speed,19,401795,flow,12,9.345284795333044e-06,0.0001953150958676282,-0.09926338116820825
246,13,400183,flow,0,400593,flow,2,0.0019437468740990938,0.018565081795507594,0.06949241225991187
246,13,400183,flow,0,400593,flow,5,2.354754168912907e-08,8.223555383754049e-07,0.12488214074319941
246,13,400183,flow,0,400593,flow,8,0.0018920292981472074,0.018167518488543977,0.06967097633048659
246,13,400183,flow,0,400593,flow,9,0.0033850420370444725,0.028667676141995925,0.06572700504869533
246,13,400183,flow,0,400593,flow,10,8.839196715027884e-05,0.0014090827181377755,0.08785703199223413
246,13,400183,flow,2,400331,flow,2,0.00021232449396397455,0.0029732311634501464,0.08302149897512173
246,13,400183,flow,2,400331,flow,5,0.004494978002745346,0.03559272042265868,0.06372910611499968
246,13,400183,flow,3,400039,flow,6,0.003882525770692208,0.0318432748781217,0.06476754273465345
246,13,400183,flow,4,400316,flow,3,0.0030324392339649577,0.026342524614374856,0.06648815166715351
246,13,400183,flow,5,400503,flow,5,0.0060909046727876765,0.044889435527232374,0.06152814011412828
246,13,400183,flow,6,405843,flow,2,0.003890396104453397,0.03186068468481265,0.06475328231085543
246,13,400183,flow,6,405843,flow,6,3.554277487060152e-05,0.0006397699476708274,0.09263862850251854
246,13,400183,flow,6,405843,flow,10,0.00012849231011452433,0.0019408628660655422,-0.08582316752506366
246,13,400183,flow,6,405843,flow,12,2.277104125156305e-05,0.0004320197549703662,0.09489445596821175
246,13,400183,flow,7,408093,flow,1,0.004979082445515792,0.03850633040570752,0.062995390884343
246,13,400183,flow,7,408093,flow,4,0.0014968523044300319,0.014982395632849253,0.07120590657132084
246,13,400183,flow,7,408093,flow,5,0.0009804061848183985,0.01066970086372263,0.07390749848898095
246,13,400183,flow,7,408093,flow,12,1.3482002864935797e-06,3.4099679377355174e-05,0.10818818703607376
246,13,400183,flow,8,401448,flow,9,0.00455377804220259,0.035959018147511665,0.06363627545208225
246,13,400183,flow,9,402391,flow,3,0.0004484682412862675,0.005600991044685388,0.07868473603226812
246,13,400183,flow,10,400497,flow,3,0.0019066219044134027,0.018279198018344208,0.06962014359810957
246,13,400183,flow,10,400497,flow,8,0.006183123390639582,0.04541158287582964,0.06141757172311545
246,13,400183,flow,10,400497,flow,10,0.006678080802128548,0.048138343175697186,0.06084832087233356
246,13,400183,flow,11,405841,flow,1,2.1151941273464687e-06,5.1306224762137816e-05,0.10617550181967268
246,13,400183,flow,11,405841,flow,3,0.00012456615902600406,0.0018889287379912567,0.08599355159460735
246,13,400183,flow,11,405841,flow,7,0.006034299854218115,0.044599102429807115,0.06159675672343044
246,13,400183,flow,12,404520,flow,3,0.0008635486183240457,0.009608369673087692,0.0747010434575919
246,13,400183,flow,13,400183,flow,1,1.2965216129411519e-22,1.551516168394952e-20,0.21699151328085728
246,13,400183,flow,13,400183,flow,2,2.5679903488412077e-21,2.8228290857491137e-19,0.21034456692614478
246,13,400183,flow,13,400183,flow,3,1.0900207543498699e-13,6.965813104721063e-12,0.16562331966437505
246,13,400183,flow,13,400183,flow,4,3.469698685083066e-16,2.638925760485712e-14,0.18155579220265888
246,13,400183,flow,13,400183,flow,5,5.400389235808418e-11,2.681572586056594e-09,0.1464875683952511
246,13,400183,flow,13,400183,flow,6,1.9467484853124506e-13,1.2135574973376314e-11,0.16396862360512335
246,13,400183,flow,13,400183,flow,8,5.455375168593965e-05,0.000926020460837954,0.0904188916621942
246,13,400183,flow,13,400183,flow,9,0.0008238682373616727,0.00925646498154077,0.0749932773457435
246,13,400183,flow,13,400183,flow,11,5.912866943407196e-15,4.133266212867166e-13,0.17392983109271903
246,13,400183,flow,14,401469,flow,4,0.002060106234785468,0.01944430617057728,0.06910608366189981
246,13,400183,flow,14,401469,flow,9,9.621710272761505e-09,3.611276140602059e-07,0.12828902626578204
246,13,400183,flow,16,405838,flow,6,0.0031106234513608045,0.02687578661975735,0.06631267179324075
246,13,400183,flow,16,405838,flow,9,0.0024823356149220057,0.02263814620321525,0.06785443160872823
246,13,400183,flow,16,405838,flow,12,0.0028975201876317784,0.02549033643749855,0.06680090570655706
246,13,400183,occupancy,0,400593,flow,5,8.687929082920012e-05,0.0013895540036362255,0.08794984265269239
246,13,400183,occupancy,3,400039,flow,6,0.0027094626864367366,0.024213650817970007,0.06725976929083881
246,13,400183,occupancy,3,400039,flow,8,0.0006530223710048282,0.007653436361206884,-0.07642255123609873
246,13,400183,occupancy,6,405843,flow,2,0.007014047926394249,0.04999807087666655,0.06048315114095779
246,13,400183,occupancy,6,405843,flow,7,0.006364195668699219,0.046455220450371315,0.061204719419259736
246,13,400183,occupancy,7,408093,flow,12,1.1829355808720006e-06,3.0292126315157333e-05,0.10876595323933266
246,13,400183,occupancy,9,402391,flow,3,8.839384643873546e-05,0.0014090827181377755,0.08785691762337525
246,13,400183,occupancy,10,400497,flow,10,0.0035626273655392036,0.02989617369683248,0.06537062242972917
246,13,400183,occupancy,11,405841,flow,1,0.0006104719845249551,0.007240174928805747,0.07683253057177154
246,13,400183,occupancy,13,400183,flow,3,1.1791916837170349e-10,5.647569926449657e-09,0.14389179149997977
246,13,400183,occupancy,13,400183,flow,4,1.4564507176830368e-22,1.738084834362077e-20,-0.21684332381317642
246,13,400183,occupancy,13,400183,flow,11,6.939498965964721e-06,0.00014959398968546704,0.10068389016836535
246,13,400183,occupancy,14,401469,flow,9,5.239103673951569e-06,0.00011565113884246694,0.1020082796910213
246,13,400183,occupancy,16,405838,flow,6,0.0003606846442126414,0.004646615437211184,0.07996993497262996
246,13,400183,occupancy,16,405838,flow,12,0.003523577218088216,0.029650394899826446,0.06544758093112171
246,13,400183,occupancy,18,404528,flow,10,0.002762212068621168,0.024563104438953164,0.06712819778367568
246,13,400183,speed,0,400593,flow,2,0.006811379876739152,0.04887088700799391,0.060701503358969774
246,13,400183,speed,1,400125,flow,6,0.003056288173929473,0.026496417642735953,-0.0664341913056075
246,13,400183,speed,13,400183,flow,1,0.0008971237600390847,0.009917028258364498,-0.07446333384465866
246,13,400183,speed,18,404528,flow,10,0.005257330295678283,0.04012661992461163,-0.06260237884128303
246,13,400183,speed,18,404528,flow,12,0.00039953229976495355,0.005082389678988808,0.07936874780877536
246,14,401469,flow,2,400331,flow,3,0.0029550238733929736,0.02585197070283039,0.06666601696739559
246,14,401469,flow,3,400039,flow,11,0.0009122445141652946,0.010045618917140129,0.07435896046272583
246,14,401469,flow,4,400316,flow,5,0.004357694787320807,0.03481642589462898,0.06395019694771188
246,14,401469,flow,4,400316,flow,11,0.0013675657754225268,0.013943554755311106,0.07179008227184126
246,14,401469,flow,5,400503,flow,6,0.00043337577396238756,0.005447143856611912,0.07888794442022526
246,14,401469,flow,5,400503,flow,12,0.0007980176919095538,0.009024702693846262,0.07519076130166169
246,14,401469,flow,6,405843,flow,3,0.0007911292314331994,0.008965577858844232,0.07524438613955003
246,14,401469,flow,7,408093,flow,2,0.003807543302387501,0.03136629469946375,0.06490473691686721
246,14,401469,flow,7,408093,flow,10,0.00022311366505349097,0.0030972076896885635,0.08274035823477134
246,14,401469,flow,8,401448,flow,1,0.004472288495639618,0.035469591153227745,0.06376522140648795
246,14,401469,flow,8,401448,flow,3,0.00012207688322365658,0.0018595632423349662,0.08610421926850444
246,14,401469,flow,8,401448,flow,5,7.913652721006911e-05,0.0012813710552754818,0.0884501941073075
246,14,401469,flow,8,401448,flow,11,0.006913004267730691,0.049427637266793424,0.060591296100072564
246,14,401469,flow,9,402391,flow,2,0.0027374434259841364,0.024377974851064663,0.06718968930638122
246,14,401469,flow,10,400497,flow,5,8.519758266940952e-05,0.0013661973167477697,0.08805483244176289
246,14,401469,flow,10,400497,flow,11,7.069212813690794e-05,0.0011638338168881183,0.0890516052276176
246,14,401469,flow,11,405841,flow,5,0.004283186769444547,0.03435930327645829,0.06407284507310491
246,14,401469,flow,12,404520,flow,5,0.0004451330307543481,0.00556899708328637,0.07872908701789665
246,14,401469,flow,12,404520,flow,11,0.00041208792879756094,0.005211416429758382,0.0791860891883264
246,14,401469,flow,14,401469,flow,1,1.6015505004369204e-108,7.773818159424153e-106,0.4674450314187794
246,14,401469,flow,14,401469,flow,2,2.1804631758779274e-18,1.934209634454342e-16,0.19443753776868045
246,14,401469,flow,14,401469,flow,3,5.18753518236096e-07,1.4067892019961925e-05,0.11231449044257995
246,14,401469,flow,14,401469,flow,5,0.0018416703949441667,0.017794712829699844,0.06984920721867541
246,14,401469,flow,14,401469,flow,6,5.556086755013473e-05,0.0009408974826208625,0.0903230021001936
246,14,401469,flow,14,401469,flow,7,0.004707895285298375,0.03689118017864861,0.06339801427347216
246,14,401469,flow,14,401469,flow,12,0.0008977211707985655,0.00992094409779485,0.07445917931556253
246,14,401469,flow,15,401472,flow,3,0.0018064196125671258,0.01752360939417379,-0.06997664929368289
246,14,401469,flow,15,401472,flow,11,0.00285510623521636,0.025207559648752657,0.06690197151958603
246,14,401469,flow,15,401472,flow,12,0.0016087106829359584,0.015946833754665764,0.07073682942625162
246,14,401469,flow,16,405838,flow,1,0.00012306116514117303,0.0018692835211317422,0.08606020840529932
246,14,401469,flow,16,405838,flow,2,1.1907067506610714e-05,0.0002426345831535768,0.09809296875431034
246,14,401469,flow,16,405838,flow,6,0.0004540136118153531,0.005657164127609823,0.07861167117331526
246,14,401469,flow,16,405838,flow,8,0.0011872516058296298,0.012454897856202041,0.07269621709592888
246,14,401469,flow,17,400260,flow,1,0.003287431987604627,0.028042502264930647,0.06593020136848264
246,14,401469,flow,18,404528,flow,2,0.00269716579649763,0.024133712180757584,0.06729077704772171
246,14,401469,flow,19,401795,flow,1,0.0006900049572019935,0.008017271154149037,0.07608590809475287
246,14,401469,flow,19,401795,flow,2,0.0006138243030005293,0.0072709651465925045,0.07679928135549295
246,14,401469,flow,19,401795,flow,6,0.0033705979686226026,0.028562148341407696,0.06575673465879685
246,14,401469,occupancy,6,405843,flow,1,0.0027396452333563735,0.02438752814362154,0.06718420249677737
246,14,401469,occupancy,6,405843,flow,2,0.0008567597471236975,0.009544100328969502,-0.07475014702670976
246,14,401469,occupancy,9,402391,flow,6,0.0008423107229497308,0.009414702000369566,0.0748558678815905
246,14,401469,occupancy,10,400497,flow,3,0.00622705341196482,0.045679862013394495,-0.06136542139458968
246,14,401469,occupancy,10,400497,flow,5,0.0011646147528050364,0.012259102661105647,0.07281882580645448
246,14,401469,occupancy,10,400497,flow,11,0.0006656431080823629,0.007771833045718398,0.07630572061283114
246,14,401469,occupancy,14,401469,flow,1,0.0024036586999969735,0.0220369388454731,-0.06807207034796857
246,14,401469,occupancy,14,401469,flow,9,0.0014340672412135808,0.014488486168934375,0.07148353428537219
246,14,401469,occupancy,15,401472,flow,4,0.004737216371404654,0.03704702158665479,-0.06335348529272723
246,14,401469,occupancy,15,401472,flow,6,8.5048909995809e-06,0.00018019190347321964,0.09971515289614255
246,14,401469,occupancy,15,401472,flow,12,0.0005328492578168019,0.006469620836476716,0.07765414973537918
246,14,401469,speed,0,400593,flow,5,0.0018335456645395011,0.01772469910124736,0.06987838065223136
246,14,401469,speed,6,405843,flow,2,0.0033190023945721945,0.028257013644325445,0.06586388685007741
246,14,401469,speed,6,405843,flow,6,0.004669851469253538,0.036646245862262096,-0.06345616559297222
246,14,401469,speed,9,402391,flow,6,3.501219695667099e-05,0.0006320630624856609,-0.09271565903578574
246,14,401469,speed,10,400497,flow,4,0.0010945223341282113,0.011651888820684752,-0.07321294134506577
246,14,401469,speed,13,400183,flow,12,0.0008726303633604045,0.009678467701455576,0.07463591196463526
246,14,401469,speed,15,401472,flow,6,0.00028813663523414435,0.00384419476285208,-0.0812757837790567
246,15,401472,flow,0,400593,flow,4,0.007005717839345916,0.04994999350713709,-0.06049201359916383
246,15,401472,flow,1,400125,flow,1,4.934127038104349e-13,2.9441200006368494e-11,0.1612111725030762
246,15,401472,flow,1,400125,flow,2,0.0041037910279973075,0.03319920831638271,0.06437627356764879
246,15,401472,flow,1,400125,flow,8,0.002085067867097787,0.019611350284917138,-0.06902582112367296
246,15,401472,flow,1,400125,flow,9,0.00015662103584748288,0.0022912389937728614,-0.08472892685702661
246,15,401472,flow,1,400125,flow,11,1.2382147448565093e-05,0.0002508952953930638,0.09790272709878023
246,15,401472,flow,1,400125,flow,12,4.1242653906703067e-13,2.4780009023220756e-11,0.16174648000961345
246,15,401472,flow,3,400039,flow,1,2.4690564777603733e-10,1.1371347530836687e-08,0.14139158959978754
246,15,401472,flow,3,400039,flow,12,4.896308616484938e-09,1.903875177607105e-07,0.13080295150362892
246,15,401472,flow,4,400316,flow,1,5.043931924428557e-11,2.513239436393468e-09,0.14671235635119603
246,15,401472,flow,4,400316,flow,3,3.0078702024257195e-09,1.2098695786293398e-07,-0.13258709723383877
246,15,401472,flow,4,400316,flow,4,0.0031973095710961254,0.02744908057856769,-0.06612274675821386
246,15,401472,flow,4,400316,flow,8,0.0022359108469471793,0.02073665706056637,-0.0685587468363478
246,15,401472,flow,4,400316,flow,10,0.00016758728943181824,0.0024327187175586518,0.08435189220389352
246,15,401472,flow,4,400316,flow,11,1.2248460035001715e-23,1.538178702069983e-21,0.2222015362323535
246,15,401472,flow,4,400316,flow,12,2.418229976234768e-21,2.6786547429062046e-19,0.21058424829746017
246,15,401472,flow,5,400503,flow,1,3.4971815983380165e-13,2.1159418073977914e-11,0.16223733188548095
246,15,401472,flow,5,400503,flow,2,5.775230826279342e-05,0.0009725349092889134,0.09011991168201164
246,15,401472,flow,5,400503,flow,6,0.0024624155348192105,0.022480209447208348,0.06790893229410015
246,15,401472,flow,5,400503,flow,7,0.0036933940459206007,0.030648217976137142,0.06511837886667082
246,15,401472,flow,5,400503,flow,10,0.0009781215382475186,0.010651588215853996,0.07392215329594912
246,15,401472,flow,5,400503,flow,11,2.7177582326376116e-10,1.249012294148349e-08,0.141063660673189
246,15,401472,flow,5,400503,flow,12,7.77878100077153e-16,5.793850676436726e-14,0.17945139944446675
246,15,401472,flow,6,405843,flow,1,1.5562850960342409e-06,3.8839697370698554e-05,0.10755064780114171
246,15,401472,flow,6,405843,flow,5,0.0017947028136632319,0.017426649033547226,0.07001951504088579
246,15,401472,flow,6,405843,flow,6,2.335363575105765e-06,5.601760491092118e-05,0.10572811127102191
246,15,401472,flow,6,405843,flow,7,0.00022716008260521852,0.0031483206828827204,0.08263819685320443
246,15,401472,flow,6,405843,flow,9,0.00027255010697550884,0.003680576624364483,-0.08159626180396072
246,15,401472,flow,6,405843,flow,12,3.166782843491268e-16,2.425620901397567e-14,0.18184233659786908
246,15,401472,flow,7,408093,flow,1,0.006337937803764455,0.04633591354249864,0.061235245459822334
246,15,401472,flow,7,408093,flow,11,0.004904857470885619,0.03803443596163323,0.06310358074780928
246,15,401472,flow,8,401448,flow,5,0.0035734795470205825,0.029958144077486742,0.06534937154984875
246,15,401472,flow,8,401448,flow,6,0.00021967302571705336,0.0030553363525359645,0.08282860183801813
246,15,401472,flow,8,401448,flow,8,0.0011754433407304074,0.012346723743367044,0.07275990260062504
246,15,401472,flow,8,401448,flow,9,0.003858138229441266,0.03168206432470161,0.0648118982704054
246,15,401472,flow,8,401448,flow,11,0.0002073002057156047,0.002911449228933058,0.0831570250065518
246,15,401472,flow,9,402391,flow,1,9.889034138666564e-15,6.791832667573857e-13,0.1725007667714796
246,15,401472,flow,9,402391,flow,11,6.269997185820713e-09,2.411966860440381e-07,0.12988822371543327
246,15,401472,flow,9,402391,flow,12,3.9360101491868584e-16,2.9778570655844535e-14,0.18126681421604504
246,15,401472,flow,10,400497,flow,1,2.572866200907655e-15,1.8432474275159318e-13,0.1762166868663193
246,15,401472,flow,10,400497,flow,2,5.134812713211849e-07,1.3933662638866324e-05,-0.11238625967444367
246,15,401472,flow,10,400497,flow,3,2.6089691693993483e-07,7.594842865097834e-06,-0.1152434203627682
246,15,401472,flow,10,400497,flow,4,2.0666561705988924e-05,0.000396018234099976,0.0953791950223109
246,15,401472,flow,10,400497,flow,5,1.9399033348776375e-43,4.457650216314572e-41,0.30297760657612727
246,15,401472,flow,10,400497,flow,6,3.493202365317947e-19,3.360943033000786e-17,0.19898877826532752
246,15,401472,flow,10,400497,flow,7,0.00021532955525272295,0.0030074486970366023,-0.08294187118512267
246,15,401472,flow,10,400497,flow,8,2.385799215781133e-28,3.7523472219575864e-26,-0.24417809413489064
246,15,401472,flow,10,400497,flow,9,6.822627724298974e-08,2.2011763830449264e-06,-0.12071086922526997
246,15,401472,flow,10,400497,flow,10,1.8369872557050845e-30,3.1120725273121432e-28,0.25335883100316775
246,15,401472,flow,10,400497,flow,11,4.317370663658844e-112,2.1194365076143414e-109,0.47458449491593085
246,15,401472,flow,10,400497,flow,12,3.3226079783465265e-90,1.27023597048292e-87,0.43004041861646086
246,15,401472,flow,11,405841,flow,2,0.0003929313510856651,0.005011701909330007,-0.07946693836009083
246,15,401472,flow,11,405841,flow,3,6.546940617930283e-05,0.0010844625563442801,-0.08945855145434303
246,15,401472,flow,11,405841,flow,6,0.0025629309122752334,0.023201721586397755,0.0676379297319484
246,15,401472,flow,11,405841,flow,11,3.605275930858762e-06,8.297704859515106e-05,0.10374464098039038
246,15,401472,flow,11,405841,flow,12,3.93678914886967e-06,8.984114697895918e-05,0.10333844420675213
246,15,401472,flow,12,404520,flow,1,0.00014269610127426018,0.0021183751117003573,0.08524520037745079
246,15,401472,flow,12,404520,flow,2,1.699144124644072e-11,8.865099780751681e-10,-0.15024864631028606
246,15,401472,flow,12,404520,flow,3,2.2797750340308064e-26,3.250372325746892e-24,-0.23521390722425572
246,15,401472,flow,12,404520,flow,4,1.7316077496636883e-05,0.00033911572851154826,-0.09625752717838595
246,15,401472,flow,12,404520,flow,6,0.00039877809783964217,0.005074289786943312,0.07937988976762038
246,15,401472,flow,12,404520,flow,10,3.3992894152481344e-10,1.5457821340917832e-08,0.14029612506696604
246,15,401472,flow,12,404520,flow,11,3.244885303472844e-32,5.889875844959112e-30,0.2606992773809557
246,15,401472,flow,12,404520,flow,12,8.657420265663891e-20,8.883623645526842e-18,0.20231287994056651
246,15,401472,flow,13,400183,flow,2,0.0020994269865702415,0.0197035076732206,0.06898004843455305
246,15,401472,flow,13,400183,flow,8,0.00204039011739902,0.01929615872846709,0.06917011224649419
246,15,401472,flow,14,401469,flow,1,0.002110121788583179,0.019769520986075328,0.06894614257608452
246,15,401472,flow,14,401469,flow,2,0.0030318818893343416,0.026342524614374856,0.0664894173282512
246,15,401472,flow,14,401469,flow,6,0.0002005679160954255,0.0028343258015447763,0.08334353884815672
246,15,401472,flow,14,401469,flow,7,3.7781682887742074e-07,1.064689302511714e-05,0.11368944678093706
246,15,401472,flow,14,401469,flow,11,0.0015815261096014657,0.015706190329835244,0.07084800061004737
246,15,401472,flow,14,401469,flow,12,1.3943852753670613e-06,3.514436633363889e-05,0.10803889427901085
246,15,401472,flow,15,401472,flow,1,0.0,0.0,0.8744693367955603
246,15,401472,flow,15,401472,flow,2,5.729942849433348e-09,2.2101208133528626e-07,-0.13022211970852277
246,15,401472,flow,15,401472,flow,3,8.751092091594682e-23,1.0619302762833996e-20,-0.21795745396800265
246,15,401472,flow,15,401472,flow,4,4.587605190186603e-08,1.5198201243562978e-06,-0.1222832733760031
246,15,401472,flow,15,401472,flow,6,1.4552238313398921e-09,6.151239678462166e-08,0.13520267988483387
246,15,401472,flow,15,401472,flow,8,1.2725535271112997e-17,1.0800454296897474e-15,-0.1901379999528695
246,15,401472,flow,15,401472,flow,9,1.1158171029950577e-36,2.263065673680117e-34,-0.27840713963956676
246,15,401472,flow,15,401472,flow,11,5.122245590860879e-43,1.164636892237842e-40,0.3014411822567059
246,15,401472,flow,15,401472,flow,12,2.2553444149760437e-12,1.2752732817665588e-10,0.15659900131723742
246,15,401472,flow,16,405838,flow,1,1.540309132062545e-09,6.485512135000188e-08,0.13499978554331873
246,15,401472,flow,16,405838,flow,2,6.745013719784777e-10,2.9582192151746434e-08,0.13791923275555476
246,15,401472,flow,16,405838,flow,3,5.690269658218347e-05,0.000960233004824346,0.09019776884920229
246,15,401472,flow,16,405838,flow,6,1.0723432077883092e-06,2.782295890477775e-05,0.10919769299998035
246,15,401472,flow,16,405838,flow,7,1.0815662149996715e-13,6.922023775997898e-12,0.16568713438077684
246,15,401472,flow,16,405838,flow,8,0.00024916218707112404,0.003400886724003968,0.08211090925159345
246,15,401472,flow,16,405838,flow,10,0.0020105613169185284,0.01907585100476272,-0.06926806860919363
246,15,401472,flow,16,405838,flow,12,0.0013150344695033967,0.013535737212901296,0.0720421050895552
246,15,401472,flow,17,400260,flow,1,5.914283137720923e-22,6.8681997728372e-20,0.2137460767724702
246,15,401472,flow,17,400260,flow,2,2.2650837683262426e-12,1.2791061279959959e-10,0.1565857278319707
246,15,401472,flow,17,400260,flow,6,1.5470517231513837e-06,3.8653923909855276e-05,0.1075771508194325
246,15,401472,flow,17,400260,flow,9,4.6569154870259137e-07,1.277325390727108e-05,-0.11280277658508812
246,15,401472,flow,17,400260,flow,10,0.00022223559922785762,0.0030870025358982153,-0.0827627564159173
246,15,401472,flow,17,400260,flow,12,2.2592187987132608e-13,1.402273737132369e-11,0.16353045179672643
246,15,401472,flow,18,404528,flow,1,9.08769625170001e-19,8.352946341988095e-17,0.19667610925434637
246,15,401472,flow,18,404528,flow,2,3.720955128751767e-07,1.0506226245887341e-05,0.11375388689004609
246,15,401472,flow,18,404528,flow,11,4.535475387004456e-06,0.00010194200661737384,0.10268157375234785
246,15,401472,flow,18,404528,flow,12,3.0034711588780327e-07,8.632731474619495e-06,0.11465485346199726
246,15,401472,flow,19,401795,flow,1,5.915687171635675e-25,7.961298623509694e-23,0.22857509648139343
246,15,401472,flow,19,401795,flow,2,3.203316322303554e-11,1.6415571189028891e-09,0.14819818928011055
246,15,401472,flow,19,401795,flow,6,0.001471225202881338,0.014763514231004367,0.07131790668874141
246,15,401472,flow,19,401795,flow,9,6.50018035314554e-07,1.7419838167238666e-05,-0.111374802032505
246,15,401472,flow,19,401795,flow,11,0.003105887877641648,0.026840239310685975,0.06632318553073556
246,15,401472,flow,19,401795,flow,12,1.904900381032541e-15,1.3853820952963934e-13,0.17703528494526413
246,15,401472,occupancy,0,400593,flow,4,0.0006543700589602659,0.007667151219713449,-0.07640997605524959
246,15,401472,occupancy,0,400593,flow,11,0.0012264564334553475,0.012791626732320378,-0.07248888784014122
246,15,401472,occupancy,1,400125,flow,1,0.00012175224740029099,0.0018561008410377553,0.08611880826120456
246,15,401472,occupancy,1,400125,flow,2,3.691055792254631e-06,8.477065934364703e-05,0.10363620898155185
246,15,401472,occupancy,1,400125,flow,9,0.002404376912824261,0.02203884630469087,-0.06807005431604526
246,15,401472,occupancy,1,400125,flow,10,3.608910378078896e-05,0.0006474457156686391,-0.092560443085488
246,15,401472,occupancy,1,400125,flow,12,2.455573569121857e-05,0.0004604200442103481,0.09451567613173899
246,15,401472,occupancy,3,400039,flow,1,2.2690964432114539e-07,6.704854059284187e-06,0.11582396356767732
246,15,401472,occupancy,3,400039,flow,2,2.889741840563875e-06,6.812800128697779e-05,0.10475961653312707
246,15,401472,occupancy,3,400039,flow,10,0.006011045449570196,0.04446115267351027,-0.061625113846626556
246,15,401472,occupancy,4,400316,flow,1,3.4333800665690106e-15,2.4275289505037847e-13,0.1754272329782713
246,15,401472,occupancy,4,400316,flow,3,0.00046606831010967534,0.0057840135009301855,-0.07845566909558037
246,15,401472,occupancy,4,400316,flow,4,2.1761525673047576e-05,0.00041432256900645893,-0.09512141413436236
246,15,401472,occupancy,4,400316,flow,6,0.00048298728836830264,0.005966557294112289,0.07824294608108115
246,15,401472,occupancy,4,400316,flow,9,4.9748763685543215e-06,0.00011066666278143496,-0.1022503548385879
246,15,401472,occupancy,4,400316,flow,11,3.3112434732095324e-05,0.0006010324287506378,0.09300086383871188
246,15,401472,occupancy,4,400316,flow,12,1.954855969743709e-18,1.7484426064788453e-16,0.19480238660605811
246,15,401472,occupancy,5,400503,flow,1,1.9705881104649624e-15,1.4283457444980935e-13,0.17694315487215007
246,15,401472,occupancy,5,400503,flow,2,6.279262556615735e-08,2.045732597630466e-06,0.12104131116889119
246,15,401472,occupancy,5,400503,flow,7,9.388680175353392e-06,0.0001961271680731463,0.09924112026371838
246,15,401472,occupancy,5,400503,flow,12,1.1002988168373721e-06,2.842877325799909e-05,0.10908464871183486
246,15,401472,occupancy,6,405843,flow,1,4.006264956542164e-11,2.0242180833055142e-09,0.14746803688452378
246,15,401472,occupancy,6,405843,flow,6,6.17656540727394e-09,2.378142830608148e-07,0.12994393832248838
246,15,401472,occupancy,6,405843,flow,7,3.589967223808737e-08,1.2154121008506067e-06,0.12324503231716961
246,15,401472,occupancy,6,405843,flow,9,0.005430149117707351,0.04108993552022378,-0.062367632658121085
246,15,401472,occupancy,6,405843,flow,10,3.738275472769689e-05,0.0006676043837273691,-0.09237969570276212
246,15,401472,occupancy,6,405843,flow,12,1.4139464402432093e-10,6.741996271358348e-09,0.14328158654691553
246,15,401472,occupancy,7,408093,flow,2,0.0035732997290284043,0.029958144077486742,0.06534972319348642
246,15,401472,occupancy,8,401448,flow,6,0.001322093134386541,0.013582502593459826,0.07200770646022267
246,15,401472,occupancy,8,401448,flow,7,0.0032616213279930664,0.02785175753494771,0.0659848494759604
246,15,401472,occupancy,8,401448,flow,8,0.00046108236095210607,0.005730367662005461,0.07851973164720641
246,15,401472,occupancy,9,402391,flow,1,2.1355512152103158e-16,1.6682787069997403e-14,0.18288030471786118
246,15,401472,occupancy,9,402391,flow,2,0.003670062048930111,0.03050734664494531,0.06516278419439613
246,15,401472,occupancy,9,402391,flow,7,0.00388512080406835,0.0318432748781217,0.06476283784176168
246,15,401472,occupancy,9,402391,flow,10,0.0003868812034073607,0.004946217220242079,-0.07955829787667146
246,15,401472,occupancy,9,402391,flow,12,4.911390655175688e-07,1.3407600628249262e-05,0.11257611691297788
246,15,401472,occupancy,10,400497,flow,1,3.203072836501846e-31,5.579546231325796e-29,0.2565643236580366
246,15,401472,occupancy,10,400497,flow,2,0.003218261906872071,0.027590576379613707,-0.06607754553613064
246,15,401472,occupancy,10,400497,flow,3,2.40322305009045e-30,4.039658979140367e-28,-0.25286166897396184
246,15,401472,occupancy,10,400497,flow,4,0.0002265368507461646,0.0031406906136823847,-0.08265382006178829
246,15,401472,occupancy,10,400497,flow,5,2.245953339477909e-19,2.23560332408861e-17,0.2000476097225372
246,15,401472,occupancy,10,400497,flow,6,2.934977774863064e-48,7.123092127757549e-46,0.31914501219243124
246,15,401472,occupancy,10,400497,flow,7,0.0025457190344009574,0.023089452506009103,0.0676836378908068
246,15,401472,occupancy,10,400497,flow,8,1.963710934801517e-18,1.7527337269302795e-16,-0.19479127469872345
246,15,401472,occupancy,10,400497,flow,9,9.326452730327757e-43,2.1094385232992624e-40,-0.30060579186812375
246,15,401472,occupancy,10,400497,flow,10,1.1820020645896726e-07,3.676205125289694e-06,-0.1185002556795372
246,15,401472,occupancy,10,400497,flow,11,1.4043423346730916e-36,2.8349340587793254e-34,0.2780250078454755
246,15,401472,occupancy,10,400497,flow,12,1.7721980310625867e-94,6.897203147919256e-92,0.43927395263210905
246,15,401472,occupancy,11,405841,flow,1,5.565832771613718e-06,0.00012236334642937028,0.10172460368733703
246,15,401472,occupancy,11,405841,flow,3,0.00013286424467861012,0.001997346652303954,-0.08563911372267372
246,15,401472,occupancy,11,405841,flow,6,1.5524976956422093e-07,4.746489770116309e-06,0.11738853491934224
246,15,401472,occupancy,11,405841,flow,9,0.000218136560347496,0.003036396902216752,-0.08286842777538547
246,15,401472,occupancy,11,405841,flow,12,1.1656942626576158e-09,4.9859398165157427e-08,0.13599192975930133
246,15,401472,occupancy,12,404520,flow,1,4.973438335179247e-17,4.100239238163043e-15,0.1866670688465099
246,15,401472,occupancy,12,404520,flow,3,1.5257645041731543e-13,9.552612547866706e-12,-0.16468329379695268
246,15,401472,occupancy,12,404520,flow,4,1.4585994278540463e-12,8.345893415005935e-11,-0.15793567104600065
246,15,401472,occupancy,12,404520,flow,6,2.93956548010651e-07,8.465948582706749e-06,0.1147449350539441
246,15,401472,occupancy,12,404520,flow,9,1.3213407553633472e-06,3.351845016541198e-05,-0.10827728710686853
246,15,401472,occupancy,12,404520,flow,11,4.765862135909272e-09,1.8581700746505465e-07,0.13090245413939516
246,15,401472,occupancy,12,404520,flow,12,7.615373139596047e-25,9.96921574638028e-23,0.22805130921927727
246,15,401472,occupancy,13,400183,flow,3,1.0143159748634503e-05,0.00020985847755795525,0.0988690219971068
246,15,401472,occupancy,13,400183,flow,9,0.00040107117767386826,0.005094464826671894,0.07934607446707806
246,15,401472,occupancy,14,401469,flow,1,0.002964033804226925,0.025909805815986075,0.06664509925497412
246,15,401472,occupancy,14,401469,flow,2,0.0008174632759776276,0.009198857390527095,0.0750416665780634
246,15,401472,occupancy,14,401469,flow,6,3.9712529421385924e-05,0.0007022436639393662,0.09206865466726889
246,15,401472,occupancy,14,401469,flow,7,0.0010915989014895877,0.011628968560935425,0.07322988099605673
246,15,401472,occupancy,14,401469,flow,8,0.0019421928367152977,0.018554341120323056,0.0694977139781159
246,15,401472,occupancy,14,401469,flow,12,1.0888513806921182e-05,0.00022452687181813606,0.09852650895327758
246,15,401472,occupancy,15,401472,flow,1,1.5212560464613862e-151,1.05997195495374e-148,0.5412357075250603
246,15,401472,occupancy,15,401472,flow,2,1.1544115242957794e-31,2.0438761413761338e-29,0.25841656738741037
246,15,401472,occupancy,15,401472,flow,4,5.62990755076174e-20,5.818469047677205e-18,-0.20332666157042634
246,15,401472,occupancy,15,401472,flow,5,0.0038585992015907704,0.03168206432470161,-0.06481105750713188
246,15,401472,occupancy,15,401472,flow,6,6.905963507058976e-07,1.842727754817466e-05,0.11111361471468918
246,15,401472,occupancy,15,401472,flow,7,6.46333163626848e-07,1.7331839024630562e-05,0.11139929249954564
246,15,401472,occupancy,15,401472,flow,8,0.0008350907576529946,0.009355788571216123,-0.07490932635489464
246,15,401472,occupancy,15,401472,flow,9,1.1340503299579001e-40,2.425295755157489e-38,-0.293142205482135
246,15,401472,occupancy,15,401472,flow,10,1.0864865266965131e-36,2.2139725449664793e-34,-0.2783839882894112
246,15,401472,occupancy,15,401472,flow,12,1.954850474972078e-07,5.848306130110372e-06,0.11644091904736761
246,15,401472,occupancy,16,405838,flow,1,0.00016284914010852074,0.0023703109341941023,0.08451186199814993
246,15,401472,occupancy,16,405838,flow,2,1.4125110241327658e-05,0.00028145976126630755,0.09725977923710905
246,15,401472,occupancy,16,405838,flow,3,0.002346185810679441,0.02158331069449571,0.06823521147484604
246,15,401472,occupancy,16,405838,flow,6,0.0006966945628890171,0.008086299064160541,0.07602681068836789
246,15,401472,occupancy,16,405838,flow,7,1.3116442317389424e-05,0.0002644098497952511,0.09762195897891703
246,15,401472,occupancy,16,405838,flow,8,2.6129123766514584e-09,1.065890601240255e-07,0.13309815366213773
246,15,401472,occupancy,17,400260,flow,1,1.8196652367227361e-19,1.8154627765917368e-17,0.2005500905590778
246,15,401472,occupancy,17,400260,flow,2,2.6289012337695574e-09,1.0714012575362724e-07,0.1330760456974409
246,15,401472,occupancy,17,400260,flow,7,6.745584178177038e-05,0.0011152286126951706,0.08930027143401371
246,15,401472,occupancy,17,400260,flow,10,8.93304546855709e-07,2.3530949039125993e-05,-0.10999690688867786
246,15,401472,occupancy,17,400260,flow,11,0.006241533485764035,0.04576277097505199,-0.061348304286666926
246,15,401472,occupancy,17,400260,flow,12,0.006150127655162804,0.04522306633243118,0.06145696140334485
246,15,401472,occupancy,18,404528,flow,1,4.363330422347633e-08,1.4555665964897124e-06,0.12248045629965074
246,15,401472,occupancy,18,404528,flow,2,3.577551805265702e-11,1.8182380939703334e-09,0.1478379534298393
246,15,401472,occupancy,18,404528,flow,5,0.0017691486662828955,0.017197844820751818,-0.07011390329154597
246,15,401472,occupancy,18,404528,flow,12,0.00011578181200549145,0.0017761982523569711,0.08639386427363273
246,15,401472,occupancy,19,401795,flow,1,2.764123241358682e-18,2.427035041192989e-16,0.19394874514582797
246,15,401472,occupancy,19,401795,flow,2,4.249907416357484e-10,1.9084823325014895e-08,0.13952587200881633
246,15,401472,occupancy,19,401795,flow,6,4.3942940442037844e-05,0.0007645328341103644,0.09154568677953297
246,15,401472,occupancy,19,401795,flow,7,1.87478152691229e-05,0.0003642587588189899,0.09586397335207952
246,15,401472,occupancy,19,401795,flow,10,0.005324699568964308,0.040540539545163574,-0.06251005200552662
246,15,401472,occupancy,19,401795,flow,12,1.6989975304503247e-06,4.191701502881441e-05,0.10715916103796043
246,15,401472,speed,0,400593,flow,3,4.847936167951262e-05,0.0008373884144561956,0.09103546157487367
246,15,401472,speed,0,400593,flow,4,0.005846704068952415,0.04362307699114755,0.06182838013887677
246,15,401472,speed,1,400125,flow,9,0.0037023061080631576,0.030704477609585026,0.06510148471669439
246,15,401472,speed,1,400125,flow,11,0.0015078988718195585,0.015084736756095863,-0.07115817250609677
246,15,401472,speed,4,400316,flow,11,4.912829537823945e-06,0.0001095685266050565,-0.10230898195799391
246,15,401472,speed,9,402391,flow,11,4.048435034538777e-05,0.0007135552570056106,-0.09196941968314568
246,15,401472,speed,9,402391,flow,12,0.00518799340005528,0.03972373535667992,-0.06269852421606754
246,15,401472,speed,10,400497,flow,2,1.881500940316488e-06,4.605146777431858e-05,0.10670217455948211
246,15,401472,speed,10,400497,flow,3,0.005562783722362456,0.04191736556882228,0.062191998427621756
246,15,401472,speed,10,400497,flow,8,0.0020284166480396453,0.019216578770901903,0.06920927378461963
246,15,401472,speed,10,400497,flow,10,0.0032746049430923295,0.02794605561864651,-0.06595731065970183
246,15,401472,speed,10,400497,flow,11,2.796654737394181e-09,1.1291166790226975e-07,-0.1328516709461111
246,15,401472,speed,10,400497,flow,12,0.00013925873100764904,0.0020766231203073657,-0.08537993057971877
246,15,401472,speed,12,404520,flow,3,0.0006856172456298573,0.007972722748643293,0.0761249597310491
246,15,401472,speed,12,404520,flow,11,1.424799293723087e-05,0.00028377745269173515,-0.09721735262730931
246,15,401472,speed,15,401472,flow,1,8.214191229329507e-12,4.380901988975737e-10,-0.15256505932372005
246,15,401472,speed,15,401472,flow,3,0.0004460184082287372,0.005576000138378551,0.07871728330208842
246,15,401472,speed,15,401472,flow,4,0.00040012341507683586,0.005088410812869976,0.0793600288744876
246,15,401472,speed,15,401472,flow,8,0.000998085663921437,0.010826719252178233,0.07379515044904474
246,15,401472,speed,15,401472,flow,9,7.193235223297382e-07,1.9111178453041014e-05,0.11093749623600933
246,15,401472,speed,15,401472,flow,11,8.010325407144973e-12,4.2827482374834514e-10,-0.15264451966580264
246,15,401472,speed,15,401472,flow,12,4.54337704500781e-10,2.036036186144579e-08,-0.13929475313556802
246,15,401472,speed,16,405838,flow,6,4.376956497013303e-05,0.0007627451418756542,-0.09156616257737034
246,15,401472,speed,16,405838,flow,7,0.004499964758828711,0.03561413700725816,-0.06372119073503035
246,15,401472,speed,17,400260,flow,1,0.0017005531685838644,0.016649009756947802,-0.07037360678713549
246,15,401472,speed,19,401795,flow,2,0.004967986542873629,0.03844116400718982,-0.06301147116025543
246,15,401472,speed,19,401795,flow,11,0.0008367763113832067,0.009363018412664112,-0.0748968078608493
246,15,401472,speed,19,401795,flow,12,0.0009138105182653891,0.010057736150080206,-0.07434824260055481
246,16,405838,flow,3,400039,flow,12,0.004261114403415386,0.034209281216789574,0.06410954973771507
246,16,405838,flow,4,400316,flow,4,0.0020910845713440034,0.019645767824621702,0.06900660656647747
246,16,405838,flow,4,400316,flow,10,0.0005643172341525855,0.006774622347263278,0.07730844170835403
246,16,405838,flow,5,400503,flow,5,0.00019169021275737094,0.0027258121103088955,0.0835986862651624
246,16,405838,flow,5,400503,flow,6,7.690001307564267e-05,0.001254562146853385,0.08860334456857225
246,16,405838,flow,5,400503,flow,8,0.0004937724845830609,0.006072010058066676,0.07811093922367111
246,16,405838,flow,5,400503,flow,10,4.422426556417506e-06,9.982159010561032e-05,0.10279898571838814
246,16,405838,flow,6,405843,flow,3,3.280499909877578e-06,7.652138018720916e-05,0.10417888898415803
246,16,405838,flow,6,405843,flow,5,0.0005405018126344192,0.006533206017293483,0.07756836327515088
246,16,405838,flow,6,405843,flow,10,0.003617327545455299,0.030214336806587187,0.0652641008686062
246,16,405838,flow,7,408093,flow,2,0.0018410922422040712,0.017793106233381626,0.06985127928012105
246,16,405838,flow,7,408093,flow,8,0.0010819978484130587,0.011549865839249848,0.07328581018908312
246,16,405838,flow,8,401448,flow,3,0.004107035200489208,0.03321797044973665,0.06437068052190563
246,16,405838,flow,8,401448,flow,5,0.001285128145843979,0.013284885355458218,0.07218976109714752
246,16,405838,flow,8,401448,flow,7,0.0014014260661289468,0.0142259783400344,0.07163232320764958
246,16,405838,flow,8,401448,flow,8,0.004285991977791924,0.03437068005209043,0.0640681925073398
246,16,405838,flow,8,401448,flow,9,0.0006071432018036184,0.007207635701543367,0.0768657147779373
246,16,405838,flow,8,401448,flow,10,0.005306197624634489,0.04042817237816753,0.06253530267322734
246,16,405838,flow,8,401448,flow,12,0.0003658495998764126,0.0047009823660502745,0.07988661288139272
246,16,405838,flow,9,402391,flow,5,0.0038043337709538177,0.03136225393708058,0.06491066392331762
246,16,405838,flow,9,402391,flow,6,0.006646264972266787,0.04796502619477534,0.06088375215902568
246,16,405838,flow,10,400497,flow,1,0.0004125357352842887,0.005215552755130604,-0.0791796709214149
246,16,405838,flow,10,400497,flow,4,4.646973786454469e-06,0.00010428533380510808,0.1025684847035052
246,16,405838,flow,10,400497,flow,5,0.005058820962902001,0.03899733504592549,0.06288077635585122
246,16,405838,flow,10,400497,flow,9,0.0005329949203014035,0.006469620836476716,0.07765250615349237
246,16,405838,flow,10,400497,flow,10,1.1636944811232104e-06,2.9844088295580314e-05,0.10883820139276144
246,16,405838,flow,10,400497,flow,11,0.0018178340962890247,0.0176077203945484,0.0699351344003785
246,16,405838,flow,11,405841,flow,8,0.0036014058672993077,0.030124490784235028,0.06529495439196992
246,16,405838,flow,12,404520,flow,4,2.6942658857023427e-05,0.000500827393555685,0.09404806486023672
246,16,405838,flow,12,404520,flow,5,0.0009890254619573315,0.010751303793882819,0.07385249335024793
246,16,405838,flow,12,404520,flow,10,0.0016618288220329415,0.016360757773888575,0.07052450134031277
246,16,405838,flow,14,401469,flow,1,5.39730768366794e-05,0.0009179759502273922,0.09047494340610426
246,16,405838,flow,14,401469,flow,4,4.360013043539946e-05,0.0007600991262345669,0.09158624735725392
246,16,405838,flow,14,401469,flow,5,0.00607649641182324,0.04482661287410587,0.06154555124004749
246,16,405838,flow,14,401469,flow,6,9.278566975921906e-07,2.4381635849137854e-05,0.10983133017251906
246,16,405838,flow,14,401469,flow,8,0.002285708606038966,0.021134976836661674,0.06841087748583094
246,16,405838,flow,14,401469,flow,10,0.0009482541095399483,0.010378661649892517,0.07411670819423202
246,16,405838,flow,14,401469,flow,12,0.003012001029152854,0.026244139665067223,0.06653470359065346
246,16,405838,flow,15,401472,flow,1,2.3142308069489737e-06,5.560332083436912e-05,-0.10576925692573659
246,16,405838,flow,15,401472,flow,2,5.493450451513845e-07,1.4869489943947249e-05,-0.11209754010829544
246,16,405838,flow,15,401472,flow,5,9.903966380748451e-05,0.0015529994469993943,0.0872432258906529
246,16,405838,flow,15,401472,flow,6,0.0062818934974456725,0.04601861881700212,0.06130078198113695
246,16,405838,flow,15,401472,flow,10,5.3327241725231765e-06,0.00011747765642682368,0.10192530336333493
246,16,405838,flow,15,401472,flow,11,1.3195697137653873e-07,4.071815116761766e-06,0.1180525694576788
246,16,405838,flow,16,405838,flow,1,2.589257136667985e-83,9.321325692004746e-81,0.4143245252288477
246,16,405838,flow,16,405838,flow,2,1.2071547263206542e-13,7.668982967213568e-12,0.16528515607804134
246,16,405838,flow,16,405838,flow,3,4.460296197136317e-06,0.00010056617730495246,0.10273358103566518
246,16,405838,flow,16,405838,flow,4,4.945846748609302e-18,4.2732115907984375e-16,0.1924584008855161
246,16,405838,flow,16,405838,flow,5,0.001231399874525645,0.012830794640498761,0.0724631808315811
246,16,405838,flow,16,405838,flow,6,5.4419707135423664e-05,0.0009241082343751189,0.09043178047945716
246,16,405838,flow,16,405838,flow,12,0.0012202837005418135,0.01273339513608849,0.07252112203212767
246,16,405838,flow,17,400260,flow,10,0.002781067996324246,0.024695197829641816,0.067081721881889
246,16,405838,flow,18,404528,flow,5,0.00011983767573546247,0.0018293242373752575,0.08620560099447207
246,16,405838,flow,18,404528,flow,6,0.0010998795195076628,0.011694510273869316,0.07318200768750802
246,16,405838,flow,19,401795,flow,6,0.00604574934740568,0.0446608022927369,0.06158283098986859
246,16,405838,flow,19,401795,flow,11,5.674947014957465e-05,0.0009580215359365473,0.09021192729966257
246,16,405838,flow,19,401795,flow,12,0.0007592832081203788,0.008672933524801788,0.07549806918699768
246,16,405838,occupancy,3,400039,flow,10,0.003304949110097849,0.028166068565047758,0.06589333494892699
246,16,405838,occupancy,5,400503,flow,2,9.935879115476523e-05,0.0015563088389723922,0.08722580744452843
246,16,405838,occupancy,5,400503,flow,5,0.004196884206959283,0.03381301710940713,0.06421734846920793
246,16,405838,occupancy,6,405843,flow,4,0.0034644966155531333,0.029213633805965308,0.06556550174192201
246,16,405838,occupancy,7,408093,flow,2,0.005041065555965951,0.03887433631162605,0.06290615563710715
246,16,405838,occupancy,8,401448,flow,3,0.0012363971092587693,0.012858053712079643,0.07243729069938963
246,16,405838,occupancy,8,401448,flow,5,0.0003868690867703246,0.004946217220242079,0.07955848217737418
246,16,405838,occupancy,8,401448,flow,10,0.0036210924969558547,0.030239937341676574,0.06525682307369443
246,16,405838,occupancy,10,400497,flow,3,0.0010656067914731737,0.011400250963754606,0.07338236202790674
246,16,405838,occupancy,10,400497,flow,9,0.003182058045791024,0.02735253117470123,0.06615581936991251
246,16,405838,occupancy,11,405841,flow,8,0.0069017328751037246,0.04937973835781399,0.06060344745634126
246,16,405838,occupancy,14,401469,flow,6,5.50302109803854e-05,0.0009330082866376174,0.09037331997414795
246,16,405838,occupancy,18,404528,flow,3,0.0055865650647514194,0.04202862021827118,0.062160907202568616
246,16,405838,occupancy,18,404528,flow,6,0.003745289061652428,0.030995495682640786,0.06502051924926869
246,16,405838,occupancy,19,401795,flow,11,0.004758280401036116,0.03714755468655013,0.06332164964327314
246,16,405838,speed,4,400316,flow,3,0.0015376613295765187,0.015341101486768038,-0.07103114798762282
246,16,405838,speed,5,400503,flow,2,0.0017056527441711466,0.016681955750100414,-0.07035397148743588
246,16,405838,speed,10,400497,flow,2,0.0021514157105601414,0.020082359268841422,-0.06881668886864888
246,16,405838,speed,10,400497,flow,3,0.006579493764202557,0.04758649432672869,-0.060958609271678156
246,16,405838,speed,12,404520,flow,3,0.0007621716368267715,0.00870132524072847,-0.07547465711795619
246,16,405838,speed,15,401472,flow,3,0.00045783484254119985,0.005694922314362175,-0.07856180602676577
246,16,405838,speed,18,404528,flow,10,0.004020620870462645,0.0326855140391393,0.06452104813824662
246,17,400260,flow,1,400125,flow,1,0.0035809764633968253,0.030009346890153804,0.06533472522648019
246,17,400260,flow,1,400125,flow,8,0.004866422731983711,0.03782466031336745,-0.06316018579734754
246,17,400260,flow,1,400125,flow,12,0.006898883124212888,0.049367525420903884,0.06060652251003062
246,17,400260,flow,2,400331,flow,6,0.005374674775384017,0.04081313944394262,-0.0624422416412297
246,17,400260,flow,4,400316,flow,2,0.00032598600097944684,0.004257132781835582,-0.08056046122602034
246,17,400260,flow,4,400316,flow,3,0.002234982750743904,0.0207325005007809,-0.06856153123764486
246,17,400260,flow,4,400316,flow,10,0.0004405807633848157,0.005516941764218748,0.07879012504893848
246,17,400260,flow,4,400316,flow,12,4.706025932762264e-05,0.0008148309430674541,0.09119002926316742
246,17,400260,flow,5,400503,flow,3,0.0063671611177464945,0.046455220450371315,-0.06120127906193689
246,17,400260,flow,5,400503,flow,11,0.0007052961935594375,0.008166388518297426,0.075951591678404
246,17,400260,flow,6,405843,flow,1,0.0001307479528104124,0.001971487455989464,0.08572748353722734
246,17,400260,flow,6,405843,flow,12,3.3937375938156585e-06,7.882229250152498e-05,0.10402298172017996
246,17,400260,flow,7,408093,flow,3,0.004076814617423242,0.033067666442486675,0.0644229375891205
246,17,400260,flow,7,408093,flow,5,0.005100401420473903,0.039240844410413644,0.0628216553721696
246,17,400260,flow,8,401448,flow,1,0.004881006801104347,0.0378937030805075,0.06313865958033599
246,17,400260,flow,9,402391,flow,1,4.267965291404733e-06,9.658255662057855e-05,0.10296414108403414
246,17,400260,flow,9,402391,flow,10,0.001577547377138932,0.015670279763716224,0.0708644188695824
246,17,400260,flow,10,400497,flow,2,2.9032969402439527e-08,9.954160937979267e-07,-0.12407181841018808
246,17,400260,flow,10,400497,flow,3,1.2761078136192957e-07,3.946160168099755e-06,-0.11818892833069505
246,17,400260,flow,10,400497,flow,4,0.0023087622272598947,0.02131350633320338,0.06834341830125426
246,17,400260,flow,10,400497,flow,5,0.00608257161025265,0.044856110201931455,0.0615382053670604
246,17,400260,flow,10,400497,flow,10,8.071732876973594e-13,4.7377562538758046e-11,0.15973222744989854
246,17,400260,flow,10,400497,flow,11,1.2478485746654575e-11,6.582058415817798e-10,0.15123683016325606
246,17,400260,flow,10,400497,flow,12,2.6527258680051655e-07,7.70146219743435e-06,0.11517405095744702
246,17,400260,flow,12,404520,flow,2,2.1558290558342645e-07,6.383263551202209e-06,-0.11603625032197146
246,17,400260,flow,12,404520,flow,3,9.068712413094395e-05,0.001439266628382358,-0.08771903654313915
246,17,400260,flow,12,404520,flow,5,0.003287853564163744,0.028042502264930647,0.0659293120236285
246,17,400260,flow,12,404520,flow,10,0.00011156413388046478,0.0017218901692161767,0.08659634875255708
246,17,400260,flow,12,404520,flow,12,0.004199348870647494,0.03382656558119927,0.06421318447662244
246,17,400260,flow,13,400183,flow,1,0.005414118630879613,0.04100233589301837,0.062389121594978
246,17,400260,flow,14,401469,flow,1,8.182066209627953e-06,0.00017394943910232659,0.09990012258565738
246,17,400260,flow,14,401469,flow,2,5.551635108267947e-07,1.4998789035470625e-05,0.11205241896266845
246,17,400260,flow,14,401469,flow,5,2.449861078832201e-05,0.00045954840905580155,0.09452738875435866
246,17,400260,flow,14,401469,flow,6,0.0010955287654560346,0.01165685779992628,0.07320711931434132
246,17,400260,flow,14,401469,flow,7,3.2826232169865295e-07,9.335702631587759e-06,0.11428188032343288
246,17,400260,flow,14,401469,flow,11,0.0019956111481542645,0.018960441600639026,0.06931766664398392
246,17,400260,flow,14,401469,flow,12,0.0038537163946195784,0.03166233325362605,0.0648199678543752
246,17,400260,flow,15,401472,flow,2,3.164240511622386e-07,9.046670423698681e-06,-0.11443616380276388
246,17,400260,flow,15,401472,flow,3,2.1121869721123604e-10,9.811449160779997e-09,-0.14192340502976178
246,17,400260,flow,15,401472,flow,4,7.651734613397169e-07,2.027944388335937e-05,-0.11066996512864628
246,17,400260,flow,15,401472,flow,10,6.736919028076943e-07,1.8020736966744514e-05,0.11122057791060935
246,17,400260,flow,15,401472,flow,11,2.186430147958637e-22,2.5877748600496748e-20,0.215950329976375
246,17,400260,flow,15,401472,flow,12,2.1082459871890636e-15,1.5230138235211965e-13,0.17675950854673525
246,17,400260,flow,16,405838,flow,2,5.305299275040789e-15,3.72664924685792e-13,0.17422956631288755
246,17,400260,flow,16,405838,flow,4,0.005099697382732211,0.039240844410413644,0.06282265277607475
246,17,400260,flow,16,405838,flow,6,0.0015752659991770058,0.01565885961976167,0.07087385017971594
246,17,400260,flow,16,405838,flow,7,0.004308065551301146,0.03451343386255808,0.06403167845435188
246,17,400260,flow,17,400260,flow,1,2.1829204578829175e-101,9.430216378054204e-99,0.4535237519716525
246,17,400260,flow,17,400260,flow,2,2.4357729033678277e-18,2.156257980030536e-16,0.1942128180798277
246,17,400260,flow,17,400260,flow,3,8.126234468501982e-05,0.001311858479220051,0.08828620255347
246,17,400260,flow,17,400260,flow,4,4.67499905273059e-06,0.00010485979183694781,0.10254046820380995
246,17,400260,flow,17,400260,flow,5,4.748724585224152e-05,0.0008215654869110268,0.09114306284837735
246,17,400260,flow,17,400260,flow,6,0.0016203282754804866,0.01604035531679123,0.07068984554183401
246,17,400260,flow,17,400260,flow,10,0.003805577202272602,0.03136225393708058,0.06490836715378369
246,17,400260,flow,17,400260,flow,11,9.847160237691301e-07,2.5766040113159553e-05,0.10957135297137131
246,17,400260,flow,17,400260,flow,12,5.458506967579469e-08,1.7945776331768118e-06,0.1215970663690802
246,17,400260,flow,18,404528,flow,1,0.005240180750330875,0.040038169157108915,0.06262605206942407
246,17,400260,flow,19,401795,flow,1,5.6377351653564647e-42,1.2489751750943553e-39,0.2977888345086991
246,17,400260,flow,19,401795,flow,6,0.00013287903422966584,0.001997346652303954,0.08563850083283871
246,17,400260,flow,19,401795,flow,11,3.778473390480375e-06,8.650241148317552e-05,0.1035281625260539
246,17,400260,flow,19,401795,flow,12,2.2787284371400785e-11,1.1831859192842716e-09,0.1493030531760364
246,17,400260,occupancy,1,400125,flow,8,0.005131012130192544,0.03939916886319195,-0.06277840923827567
246,17,400260,occupancy,1,400125,flow,11,0.0012666410611606705,0.013118890875603204,0.07228263028522802
246,17,400260,occupancy,1,400125,flow,12,0.0033195450056701767,0.028257013644325445,0.06586275210701828
246,17,400260,occupancy,3,400039,flow,8,0.004002946536354244,0.032578615367464835,-0.06455216355100342
246,17,400260,occupancy,4,400316,flow,2,9.502879214772879e-05,0.0014988111795479675,-0.0874667794330454
246,17,400260,occupancy,4,400316,flow,10,3.689711807539635e-07,1.0424823419601847e-05,0.11378948127685677
246,17,400260,occupancy,4,400316,flow,11,6.806914306581983e-05,0.0011245074495003504,0.08925229319500902
246,17,400260,occupancy,4,400316,flow,12,0.0035334692514261247,0.02969268752256833,0.06542801304528185
246,17,400260,occupancy,5,400503,flow,10,0.00013815656130835178,0.0020651776638480265,0.08542379416283431
246,17,400260,occupancy,5,400503,flow,11,0.0004971257898266946,0.006108030182170991,0.07807044329189182
246,17,400260,occupancy,6,405843,flow,1,0.0015241538534680752,0.015234485532119585,0.07108851410454729
246,17,400260,occupancy,6,405843,flow,5,0.0009209046747992704,0.010130654940496177,0.07429990164971641
246,17,400260,occupancy,6,405843,flow,6,0.0032531773990429834,0.027799166501126155,0.06600281302521491
246,17,400260,occupancy,6,405843,flow,9,0.002698359227975132,0.024139390898431496,-0.06728776204916055
246,17,400260,occupancy,6,405843,flow,11,0.0012974976389147298,0.01340954497634362,0.07212830903804887
246,17,400260,occupancy,6,405843,flow,12,9.440947212170386e-06,0.0001968382816437069,0.0992144384201922
246,17,400260,occupancy,7,408093,flow,1,0.0023789240143583493,0.0218426179426739,0.06814183936866257
246,17,400260,occupancy,7,408093,flow,3,0.0005756067721475257,0.006890056125456667,0.07718877600503712
246,17,400260,occupancy,7,408093,flow,11,0.005855446085340388,0.04363947453794692,0.06181743874300405
246,17,400260,occupancy,9,402391,flow,9,0.0013455566228856807,0.01377768336303897,0.07189456745768093
246,17,400260,occupancy,9,402391,flow,10,4.1673232791152266e-05,0.0007330145181505611,0.09182001788357606
246,17,400260,occupancy,9,402391,flow,11,0.0019542972181915185,0.01862878195628279,0.06945652142497985
246,17,400260,occupancy,10,400497,flow,1,3.046554908431272e-09,1.224289972504474e-07,-0.13254060612251525
246,17,400260,occupancy,10,400497,flow,2,1.2936401818768714e-09,5.505936537643433e-08,-0.13562198520990273
246,17,400260,occupancy,10,400497,flow,4,1.6281227123277317e-05,0.0003207245835501961,0.09656177610076093
246,17,400260,occupancy,10,400497,flow,5,0.006618681904428069,0.04780589504619505,0.06091459321937997
246,17,400260,occupancy,10,400497,flow,7,0.0016611754519244932,0.01636032631357144,-0.07052707490439276
246,17,400260,occupancy,10,400497,flow,9,0.0001272317159823916,0.0019258619938469926,0.0858773330182308
246,17,400260,occupancy,10,400497,flow,10,1.4142600820603762e-21,1.612032600132144e-19,0.21179462045648628
246,17,400260,occupancy,10,400497,flow,11,1.7954542077225587e-13,1.1208615863239094e-11,0.1642062631905601
246,17,400260,occupancy,12,404520,flow,1,1.8141385152151334e-06,4.4528854464371455e-05,-0.10686568366509791
246,17,400260,occupancy,12,404520,flow,2,2.46678027004845e-09,1.0091373832016386e-07,-0.13330653988556967
246,17,400260,occupancy,12,404520,flow,5,0.0004793381901027199,0.005926562625196766,0.07828823224872618
246,17,400260,occupancy,12,404520,flow,9,0.002478851577245858,0.022612606618699092,0.0678639349012107
246,17,400260,occupancy,12,404520,flow,10,1.7033898315121226e-07,5.167587129306439e-06,0.11700801129811084
246,17,400260,occupancy,12,404520,flow,11,0.0018967724969248976,0.01820901597047902,0.06965441424526889
246,17,400260,occupancy,14,401469,flow,1,2.8066400154296984e-08,9.638064281920745e-07,0.1242031860545137
246,17,400260,occupancy,14,401469,flow,2,9.718261533633059e-05,0.0015288743563472255,0.08734564921792366
246,17,400260,occupancy,14,401469,flow,4,0.004777526259595574,0.037267810475718456,0.06329267316491073
246,17,400260,occupancy,14,401469,flow,5,2.0959861663202924e-09,8.698040574931473e-08,0.13389460536552447
246,17,400260,occupancy,14,401469,flow,6,5.194229527260236e-06,0.00011491682100221438,0.10204855609690797
246,17,400260,occupancy,14,401469,flow,7,3.350111932654008e-05,0.0006073220121303111,0.09294127003331909
246,17,400260,occupancy,14,401469,flow,9,0.005182164806133896,0.0396931772384724,0.06270665915158068
246,17,400260,occupancy,14,401469,flow,10,0.0008254938157488439,0.009272317431188263,0.07498105166008324
246,17,400260,occupancy,14,401469,flow,11,0.000130890669545049,0.0019729507761151836,0.08572148192673228
246,17,400260,occupancy,15,401472,flow,2,2.9609433680016944e-15,2.1038281825275196e-13,-0.17583274645303829
246,17,400260,occupancy,15,401472,flow,3,1.4419126228001368e-10,6.860201024775982e-09,-0.14321560408967232
246,17,400260,occupancy,15,401472,flow,5,0.0006798930199741891,0.007917548871238056,0.07617625708657803
246,17,400260,occupancy,15,401472,flow,9,8.999090715064161e-06,0.00018917796539696924,0.09944459011154365
246,17,400260,occupancy,15,401472,flow,10,2.218013054670946e-21,2.4695403082934244e-19,0.21077975467337884
246,17,400260,occupancy,15,401472,flow,11,3.618418168037038e-34,6.947362882631113e-32,0.2686101469551397
246,17,400260,occupancy,15,401472,flow,12,6.475821064336125e-14,4.21318478884519e-12,0.1671720922232412
246,17,400260,occupancy,16,405838,flow,1,3.429591033582658e-09,1.3667742864462253e-07,0.13210898762179069
246,17,400260,occupancy,16,405838,flow,2,2.7838271043559877e-14,1.8558847362373252e-12,0.16958728298883935
246,17,400260,occupancy,16,405838,flow,3,0.006387708275901094,0.04655795470202924,0.061177480834285196
246,17,400260,occupancy,16,405838,flow,4,0.000865122888004453,0.009613610759394596,0.07468970794487091
246,17,400260,occupancy,16,405838,flow,5,0.0031523298441388445,0.027149252246171863,0.066220701425544
246,17,400260,occupancy,16,405838,flow,6,4.965374843991936e-05,0.000853917966801161,0.09091075582791038
246,17,400260,occupancy,16,405838,flow,12,0.00026907105278500874,0.0036381438123043435,0.08167013448340109
246,17,400260,occupancy,17,400260,flow,2,7.303688574122916e-16,5.458812221489792e-14,0.1796201413748962
246,17,400260,occupancy,17,400260,flow,4,9.509550706662296e-10,4.120487367380253e-08,0.13671232859143628
246,17,400260,occupancy,17,400260,flow,5,4.4379984174439897e-08,1.4774058994690506e-06,0.1224137390595061
246,17,400260,occupancy,17,400260,flow,6,1.3771793821557523e-05,0.0002753084188298403,0.09738375480170806
246,17,400260,occupancy,17,400260,flow,10,1.1748639278421576e-07,3.656637008845908e-06,0.11852483930515487
246,17,400260,occupancy,17,400260,flow,11,5.6734740441187255e-14,3.713546647059529e-12,0.1675528536367809
246,17,400260,occupancy,17,400260,flow,12,3.325055059724454e-12,1.8630658700401612e-10,0.15539864409118442
246,17,400260,occupancy,18,404528,flow,11,0.0016817337718209246,0.016515321423656273,0.07044654007886235
246,17,400260,occupancy,19,401795,flow,1,2.7309532242399085e-31,4.795820296226181e-29,0.25679219555861155
246,17,400260,occupancy,19,401795,flow,5,0.00046036524440443263,0.005723101743387479,0.07852899868175908
246,17,400260,occupancy,19,401795,flow,6,0.00024461845340897464,0.003347328852476308,0.0822161225371059
246,17,400260,occupancy,19,401795,flow,10,3.9987291352333436e-08,1.3401481663466287e-06,0.12282300048251465
246,17,400260,occupancy,19,401795,flow,11,1.504178864992263e-13,9.431135989501561e-12,0.16472498656471435
246,17,400260,occupancy,19,401795,flow,12,2.1955290164002932e-13,1.3666693589119981e-11,0.1636147185150467
246,17,400260,speed,2,400331,flow,1,0.0004236167825230605,0.0053415776430228296,-0.07902288609032246
246,17,400260,speed,3,400039,flow,8,0.0053701326485587255,0.040792989347237026,0.06244838120488393
246,17,400260,speed,5,400503,flow,10,0.0004964464567967803,0.006101418757786888,-0.07807862660416717
246,17,400260,speed,7,408093,flow,1,0.0013620253366101018,0.013897399561387002,-0.07181623789940775
246,17,400260,speed,7,408093,flow,3,0.00312075091742323,0.02693016252587403,-0.06629023603640559
246,17,400260,speed,8,401448,flow,10,0.003952430202107375,0.032234280674162466,-0.06464178908346095
246,17,400260,speed,14,401469,flow,2,1.907591559336426e-06,4.661083448152353e-05,-0.10664035056620784
246,17,400260,speed,14,401469,flow,11,0.0035001952304634185,0.02948107505479035,-0.06549403321916095
246,17,400260,speed,15,401472,flow,11,0.0018794636173494416,0.018087063548562234,-0.06971503750336727
246,17,400260,speed,16,405838,flow,2,0.0004090367040411189,0.005179693029446967,-0.0792299954972922
246,17,400260,speed,17,400260,flow,4,0.0058235462325065546,0.04350050613061296,-0.061857435575535996
246,17,400260,speed,19,401795,flow,1,3.393362392351923e-10,1.5447129120084623e-08,-0.1403021273454086
246,17,400260,speed,19,401795,flow,11,0.004252444920056676,0.03416049048380552,-0.06412401357133182
246,17,400260,speed,19,401795,flow,12,0.0017066966384478026,0.01668759244324961,-0.07034995875237997
246,18,404528,flow,0,400593,flow,7,0.002591847447652436,0.02340464250388487,0.0675617662107549
246,18,404528,flow,0,400593,flow,11,0.003113437696959647,0.02688934596334601,-0.0663064306200011
246,18,404528,flow,1,400125,flow,12,3.7203557852532786e-08,1.254639890108834e-06,0.12310556084220756
246,18,404528,flow,2,400331,flow,1,0.001008635134799193,0.010906718065182208,0.07372898548825717
246,18,404528,flow,2,400331,flow,8,0.0008524936977202398,0.009508837526856277,0.07478118794706375
246,18,404528,flow,3,400039,flow,1,6.873910129305294e-14,4.458752516306137e-12,0.1669585821704188
246,18,404528,flow,3,400039,flow,10,4.18982492400761e-05,0.0007357470368137175,0.09179219653944443
246,18,404528,flow,4,400316,flow,9,0.006827245043479174,0.048960323020966194,0.060684201434112794
246,18,404528,flow,4,400316,flow,10,0.0005345166516677511,0.006479569276665845,0.07763536066782864
246,18,404528,flow,4,400316,flow,11,0.003940054058417898,0.03216370659932978,0.06466390516701181
246,18,404528,flow,4,400316,flow,12,0.000990948018086236,0.01076683963313013,0.07384028480130807
246,18,404528,flow,5,400503,flow,1,0.00045038140682340366,0.005620010622406423,0.07865943376254407
246,18,404528,flow,5,400503,flow,3,0.00352372980128956,0.029650394899826446,0.06544727872022216
246,18,404528,flow,5,400503,flow,5,0.0014633178268663796,0.014711503402519805,0.07135282767824436
246,18,404528,flow,5,400503,flow,8,0.003216464447948653,0.02758063996653073,0.06608141273405398
246,18,404528,flow,5,400503,flow,9,8.399929925727789e-05,0.0013499887380633946,0.08813084252156814
246,18,404528,flow,5,400503,flow,10,3.0826726058530185e-05,0.0005645250384605782,0.09336535336091933
246,18,404528,flow,5,400503,flow,11,0.0008628563947846455,0.009605173864806643,0.0747060338679139
246,18,404528,flow,5,400503,flow,12,2.0771245751889817e-07,6.175621586246662e-06,0.11619019855402556
246,18,404528,flow,6,405843,flow,1,0.005927153507259741,0.04404501688851754,0.061728241838120694
246,18,404528,flow,6,405843,flow,5,0.0018540141791248618,0.017877993870132596,0.0698051097959371
246,18,404528,flow,6,405843,flow,7,0.0029904281808242963,0.026093010990024156,0.0665841532850447
246,18,404528,flow,6,405843,flow,11,1.5786399474138783e-06,3.9306769872207224e-05,0.1074871019132905
246,18,404528,flow,6,405843,flow,12,0.0004182134217330278,0.005279608363198948,0.0790988534491263
246,18,404528,flow,7,408093,flow,2,4.305095636208499e-05,0.0007520876144488671,0.09165185884325693
246,18,404528,flow,7,408093,flow,4,5.42854868528436e-08,1.7860876100859434e-06,0.12161885104132365
246,18,404528,flow,7,408093,flow,6,0.00048629796445396543,0.006000591849303429,0.07820213485346687
246,18,404528,flow,7,408093,flow,8,5.0283759421961205e-06,0.00011174168760435823,0.10220036297360711
246,18,404528,flow,7,408093,flow,10,0.004865687171725401,0.03782466031336745,0.06316127303501716
246,18,404528,flow,7,408093,flow,12,3.668731371403008e-07,1.037232953171531e-05,0.11381354703050134
246,18,404528,flow,8,401448,flow,4,0.0011295231447201182,0.011950869422461206,0.0730133143394292
246,18,404528,flow,8,401448,flow,10,0.0003260958209086323,0.004257279982850685,0.08055850121392163
246,18,404528,flow,8,401448,flow,12,0.00012776544404439317,0.0019319101094566974,0.08585433825057992
246,18,404528,flow,9,402391,flow,1,0.000611463411167689,0.007248962503414974,0.07682267968492117
246,18,404528,flow,9,402391,flow,2,0.0059277251895796515,0.04404501688851754,0.06172753463553054
246,18,404528,flow,9,402391,flow,11,1.0632458953587199e-07,3.3284219332968626e-06,0.11892927408347322
246,18,404528,flow,9,402391,flow,12,1.5567926512050134e-05,0.0003077960756615862,0.09678240665168342
246,18,404528,flow,10,400497,flow,5,0.0030947955706186656,0.02674973362359471,0.06634786952674072
246,18,404528,flow,10,400497,flow,9,3.5363966293195795e-05,0.000637614083416552,0.09266446572454078
246,18,404528,flow,10,400497,flow,10,1.4612714465729453e-14,9.972658213578394e-13,0.1714075893615355
246,18,404528,flow,10,400497,flow,11,2.309489851254793e-12,1.3007817675907047e-10,0.15652590845262912
246,18,404528,flow,10,400497,flow,12,3.062921414432632e-05,0.0005616222627482585,0.0933980438268895
246,18,404528,flow,12,404520,flow,8,0.0003346534444410573,0.0043532155374446475,0.08040763561570911
246,18,404528,flow,12,404520,flow,9,7.752802269557966e-06,0.0001658846250841526,0.10015718379197322
246,18,404528,flow,12,404520,flow,10,2.2141889705045147e-08,7.776663701284149e-07,0.1251193380725012
246,18,404528,flow,12,404520,flow,11,1.807311578452185e-05,0.0003528055137330971,0.09604573201985801
246,18,404528,flow,13,400183,flow,3,0.0062303096521065665,0.04569598929898195,0.06136156902690812
246,18,404528,flow,13,400183,flow,8,0.000499446801863883,0.006131316237715187,0.0780425625465207
246,18,404528,flow,14,401469,flow,2,0.0003251103445287552,0.004248265845021847,0.0805761116405632
246,18,404528,flow,14,401469,flow,5,0.0012341952416475355,0.012847526370885189,0.07244868641453873
246,18,404528,flow,14,401469,flow,6,2.103492547945832e-05,0.0004015504996520545,0.09529105254672161
246,18,404528,flow,14,401469,flow,10,0.000437927474827325,0.005491572398415222,0.07882597296472027
246,18,404528,flow,14,401469,flow,12,2.2535685098410027e-05,0.0004279303719785992,0.09494650041985067
246,18,404528,flow,15,401472,flow,1,1.271351791960583e-07,3.939913731183442e-06,0.11820412165093004
246,18,404528,flow,15,401472,flow,10,3.4088943623747554e-11,1.7407120148296623e-09,0.14799550318966545
246,18,404528,flow,15,401472,flow,11,1.3423750190718801e-19,1.3486186238117494e-17,0.2012739975250262
246,18,404528,flow,15,401472,flow,12,1.3578903218419168e-16,1.0803105322941217e-14,0.1840656600948784
246,18,404528,flow,16,405838,flow,1,8.15139405110528e-05,0.0013145722458809293,0.08829181496456913
246,18,404528,flow,16,405838,flow,4,0.0010326491430981946,0.011105412741309934,0.07358072803821457
246,18,404528,flow,16,405838,flow,6,2.4345578519085047e-06,5.8203043277502714e-05,0.105539631471654
246,18,404528,flow,16,405838,flow,7,0.0014886804381876169,0.014917883305429145,0.07124142771901626
246,18,404528,flow,16,405838,flow,10,0.0008453843676892996,0.009441728201700554,0.07483323860922718
246,18,404528,flow,16,405838,flow,12,0.000176596559398238,0.002540450005329298,0.08405911139680311
246,18,404528,flow,17,400260,flow,1,5.472639054139299e-07,1.482244558864061e-05,0.11211379083621019
246,18,404528,flow,17,400260,flow,8,0.00286384929784621,0.025269258510407733,-0.0668810266250772
246,18,404528,flow,17,400260,flow,12,3.3817689132595724e-08,1.1521483994701383e-06,0.12347825069380175
246,18,404528,flow,18,404528,flow,1,8.056970860011655e-105,3.663801485815826e-102,0.46019978121074206
246,18,404528,flow,18,404528,flow,2,2.185250953273497e-24,2.812326538056284e-22,0.22573997210863195
246,18,404528,flow,18,404528,flow,3,1.1432925098234666e-12,6.656366094929078e-11,0.15863822836656352
246,18,404528,flow,18,404528,flow,10,0.001532435650988777,0.015310180416909151,0.07105328617916662
246,18,404528,flow,18,404528,flow,11,0.00024204844707688145,0.003318468077981999,0.08227644676656713
246,18,404528,flow,18,404528,flow,12,4.309512853200726e-06,9.74717043237023e-05,0.10291916135093879
246,18,404528,flow,19,401795,flow,1,0.0003918024561894721,0.004998779122086591,0.07948388496146236
246,18,404528,flow,19,401795,flow,2,0.0016448863987314293,0.01621613245668593,0.07059153867442534
246,18,404528,flow,19,401795,flow,6,0.006992069382923717,0.049885614755128746,0.06050655478188325
246,18,404528,flow,19,401795,flow,12,4.83633376049929e-07,1.3223393573010716e-05,0.11264176996530473
246,18,404528,occupancy,6,405843,flow,8,0.006937831564656,0.049564134875663836,0.0605645931290066
246,18,404528,occupancy,9,402391,flow,11,0.00027959718917801144,0.003751188617290538,0.08144929500250113
246,18,404528,occupancy,10,400497,flow,1,0.0029062890333990993,0.0255342050524387,0.06678017937527371
246,18,404528,occupancy,10,400497,flow,10,0.0006799561646364164,0.007917548871238056,0.07617568903409089
246,18,404528,occupancy,11,405841,flow,6,0.0034650615653186627,0.029213633805965308,0.06556436550907505
246,18,404528,occupancy,12,404520,flow,7,0.00390702672758455,0.03197869545882011,0.06472323485645363
246,18,404528,occupancy,15,401472,flow,9,0.0039807035569757905,0.032434250030432696,0.06459149961235594
246,18,404528,occupancy,15,401472,flow,10,0.001728715753620027,0.016873140658921187,0.0702658384887751
246,18,404528,occupancy,15,401472,flow,11,0.0005173458578774209,0.006313373180877001,0.07783151993679699
246,18,404528,occupancy,17,400260,flow,8,0.005452759813726683,0.041232141423594035,-0.06233742000331937
246,18,404528,occupancy,19,401795,flow,1,0.0036731803454424206,0.030515934641942157,0.06515683464627814
246,18,404528,speed,4,400316,flow,7,0.004041372730844851,0.03280664459105078,-0.0644846727609934
246,18,404528,speed,9,402391,flow,11,0.0023888182694275684,0.021924144728971945,-0.06811385141538161
246,18,404528,speed,9,402391,flow,12,0.006978482083795379,0.04980512572607969,-0.06052105613110387
246,18,404528,speed,12,404520,flow,7,0.003241748352585858,0.027725901570324504,-0.06602719482074876
246,18,404528,speed,14,401469,flow,2,0.004372413225404237,0.03490174636686309,-0.06392619376225185
246,18,404528,speed,18,404528,flow,2,0.0019290339096009004,0.018457201527078384,0.06954276333639785
246,19,401795,flow,1,400125,flow,11,0.00045214501000557036,0.00563875994002328,0.07863619813489872
246,19,401795,flow,1,400125,flow,12,7.684906558516373e-06,0.00016459492480312707,0.10019908333615393
246,19,401795,flow,3,400039,flow,10,1.3164097103898508e-05,0.00026524673269049233,0.09760425928325135
246,19,401795,flow,3,400039,flow,12,3.229050645134363e-05,0.0005883382027406346,0.09312910141791812
246,19,401795,flow,4,400316,flow,2,0.0018864321825840403,0.01812586082909932,-0.06969056916854721
246,19,401795,flow,4,400316,flow,3,0.0028026066542456425,0.02483031326156927,-0.0670289841916573
246,19,401795,flow,4,400316,flow,6,0.0012407269183454077,0.012896872683474883,0.07241493638763047
246,19,401795,flow,4,400316,flow,10,2.326160639220144e-05,0.00043868513918076627,0.09478760152525441
246,19,401795,flow,4,400316,flow,11,3.082491784390823e-05,0.0005645250384605782,0.09336565173785202
246,19,401795,flow,5,400503,flow,1,0.0025114414646077833,0.02283565177761788,0.0677755135781086
246,19,401795,flow,5,400503,flow,10,0.00011073815764747111,0.0017103641081053814,0.08663684601263445
246,19,401795,flow,5,400503,flow,11,0.0007845490545414847,0.008906138787231484,0.07529601701216095
246,19,401795,flow,6,405843,flow,1,0.00028005915703084567,0.003753818052662902,0.08143978223581333
246,19,401795,flow,6,405843,flow,5,4.380798422652634e-05,0.0007631068220104588,0.09156161860714376
246,19,401795,flow,6,405843,flow,6,0.0001649486776381799,0.0023960265211732928,0.08444044452677146
246,19,401795,flow,6,405843,flow,11,1.6064146495198155e-06,3.9906332869037395e-05,0.1074093429626131
246,19,401795,flow,6,405843,flow,12,0.0003240415317047593,0.004235580686730893,0.08059526780912876
246,19,401795,flow,7,408093,flow,1,9.91861035548365e-05,0.0015541674550485806,0.08723522642766131
246,19,401795,flow,8,401448,flow,11,0.0011480325239733857,0.0121206425729944,0.07291004513658543
246,19,401795,flow,8,401448,flow,12,0.0065894361327384215,0.047626508438062536,0.060947419764681626
246,19,401795,flow,9,402391,flow,1,0.0009413091864317662,0.010320953516206167,0.07416275908727961
246,19,401795,flow,9,402391,flow,6,0.0011792855388342801,0.012374334534282463,0.07273911589715656
246,19,401795,flow,9,402391,flow,10,0.0006824037066741073,0.007941767275948662,0.0761537084979573
246,19,401795,flow,9,402391,flow,11,9.418649747076087e-05,0.0014876989728471188,0.0875148556501617
246,19,401795,flow,9,402391,flow,12,3.452726395702323e-08,1.1735466584920562e-06,0.12339723969969446
246,19,401795,flow,10,400497,flow,2,7.581847714640595e-09,2.883237863314029e-07,-0.12918117509957733
246,19,401795,flow,10,400497,flow,5,1.682773670621326e-06,4.156422102392298e-05,0.10720204051380873
246,19,401795,flow,10,400497,flow,6,0.0052828545231126305,0.040292562126653296,0.06256727396170798
246,19,401795,flow,10,400497,flow,8,0.0002946221466149587,0.0039125965981451636,-0.081147193291968
246,19,401795,flow,10,400497,flow,10,2.9935386378176495e-10,1.3742919144922684e-08,0.1407326480059558
246,19,401795,flow,10,400497,flow,11,4.501427745026826e-21,4.935575598608093e-19,0.20917286380302832
246,19,401795,flow,10,400497,flow,12,4.992794888702489e-07,1.3565329508927518e-05,0.11250599592848341
246,19,401795,flow,11,405841,flow,5,0.0020425147447518392,0.0193120238505755,0.06916318526300352
246,19,401795,flow,11,405841,flow,6,0.0003025838100793418,0.003998660322859457,0.08099290914164578
246,19,401795,flow,11,405841,flow,11,0.001353154230470545,0.013831798246678894,0.07185832205811345
246,19,401795,flow,12,404520,flow,2,1.1160836380508095e-07,3.4887708512152656e-06,-0.11873295001405491
246,19,401795,flow,12,404520,flow,3,0.0004277011477732083,0.005386789966123206,-0.0789660605339461
246,19,401795,flow,12,404520,flow,5,0.005929243913155619,0.04404872520177519,0.06172565618889842
246,19,401795,flow,12,404520,flow,6,6.72671748524253e-08,2.1751062527131534e-06,0.12076730050321505
246,19,401795,flow,12,404520,flow,10,2.7771718105951954e-07,8.035755004535328e-06,0.11498263530520499
246,19,401795,flow,12,404520,flow,11,2.7657163863950528e-06,6.550380915146178e-05,0.10495977085574043
246,19,401795,flow,13,400183,flow,6,0.005524254236503227,0.041685202273701205,0.06224262637324487
246,19,401795,flow,14,401469,flow,1,8.417587711857499e-09,3.1870270740775106e-07,0.12879038774041676
246,19,401795,flow,14,401469,flow,5,6.838938667650265e-06,0.00014757350171952619,0.10075307129867478
246,19,401795,flow,14,401469,flow,6,0.00034427655690461153,0.004467632099212742,0.08024223573981604
246,19,401795,flow,14,401469,flow,7,4.769392636363095e-06,0.00010686605907203614,0.10244727256850922
246,19,401795,flow,14,401469,flow,10,0.001096436917158278,0.011663648072208228,0.07320187005484109
246,19,401795,flow,14,401469,flow,11,0.0026766914250427624,0.023990263394574135,0.06734269263811182
246,19,401795,flow,14,401469,flow,12,1.0942040560152771e-07,3.4228541071585785e-06,0.11881313200565802
246,19,401795,flow,15,401472,flow,1,0.0026761924223668515,0.023990263394574135,0.06734396244912856
246,19,401795,flow,15,401472,flow,2,1.3992450842010017e-05,0.000279073811807402,-0.09730597803377417
246,19,401795,flow,15,401472,flow,3,7.377207862748514e-10,3.215896868524075e-08,-0.13760545285973486
246,19,401795,flow,15,401472,flow,4,9.951491494570325e-05,0.0015581893170186227,-0.087217305191496
246,19,401795,flow,15,401472,flow,6,0.001995674258289483,0.018960441600639026,0.06931745655731483
246,19,401795,flow,15,401472,flow,10,1.7026348705369754e-05,0.0003340319092061641,0.09634092470750823
246,19,401795,flow,15,401472,flow,11,1.3633073754132305e-11,7.164827082463693e-10,0.1509542239842237
246,19,401795,flow,15,401472,flow,12,1.791585042941216e-17,1.508703194055761e-15,0.1892732120562914
246,19,401795,flow,16,405838,flow,1,2.4264633365786884e-10,1.1187109513361723e-08,0.14145096790227266
246,19,401795,flow,16,405838,flow,2,4.579717869456497e-09,1.7872069734464377e-07,0.1310491270560039
246,19,401795,flow,16,405838,flow,3,1.1652269942879731e-09,4.9859398165157427e-08,0.13599335204655827
246,19,401795,flow,16,405838,flow,6,2.219521834329151e-08,7.789061189522284e-07,0.1251100757939333
246,19,401795,flow,16,405838,flow,12,4.003297365268422e-05,0.000707620483549901,0.09202723420099145
246,19,401795,flow,17,400260,flow,1,2.523443461778758e-10,1.1609452348119523e-08,0.14128195457621157
246,19,401795,flow,17,400260,flow,12,9.08896215050043e-09,3.4262056274137745e-07,0.12850286182960852
246,19,401795,flow,18,404528,flow,1,0.004252664764395974,0.03416049048380552,0.06412364646137182
246,19,401795,flow,18,404528,flow,11,8.96296572521802e-06,0.00018851028204937607,0.09946388104199763
246,19,401795,flow,19,401795,flow,1,2.3057769802738285e-96,9.309305191385925e-94,0.4430597390380155
246,19,401795,flow,19,401795,flow,2,1.2658188752664901e-24,1.6520657224021865e-22,0.22693779038874384
246,19,401795,flow,19,401795,flow,4,4.422651006068013e-06,9.982159010561032e-05,0.10279874977198596
246,19,401795,flow,19,401795,flow,5,0.0008415011648549995,0.009408087557385087,0.07486184087081547
246,19,401795,flow,19,401795,flow,6,3.3119858647385877e-07,9.406823757837409e-06,0.11424444428782363
246,19,401795,flow,19,401795,flow,9,2.301324597391748e-05,0.0004352768065119243,0.09484142846550442
246,19,401795,flow,19,401795,flow,10,3.3851819121014295e-05,0.0006134222256828093,0.09288806066088898
246,19,401795,flow,19,401795,flow,11,0.0004525193864177549,0.00564180014235123,0.07863127656918999
246,19,401795,flow,19,401795,flow,12,5.202940424135487e-13,3.095964549898802e-11,0.1610524370400124
246,19,401795,occupancy,0,400593,flow,9,0.006185797779093799,0.045423502304411376,0.061414387381206116
246,19,401795,occupancy,2,400331,flow,8,0.0023318632933405727,0.021474417879410092,0.06827643586442399
246,19,401795,occupancy,4,400316,flow,10,0.003541130563593628,0.029750455143377035,0.06541289204560352
246,19,401795,occupancy,5,400503,flow,11,5.214221708156739e-06,0.00011521963058433305,0.10203057132952967
246,19,401795,occupancy,6,405843,flow,5,0.005283012289177514,0.040292562126653296,0.06256705745379826
246,19,401795,occupancy,6,405843,flow,6,0.000313569144510042,0.004114880632695569,0.08078615396537495
246,19,401795,occupancy,9,402391,flow,6,0.004272379013116289,0.03429334324909396,0.06409079607878859
246,19,401795,occupancy,10,400497,flow,9,0.0004701519509303537,0.005822982878495206,0.07840367413556514
246,19,401795,occupancy,10,400497,flow,10,1.1073478589256572e-05,0.00022744922031620523,0.09844498074939619
246,19,401795,occupancy,10,400497,flow,11,0.004110351229168803,0.03323323853883292,0.06436496773283917
246,19,401795,occupancy,11,405841,flow,5,0.0011551180726394948,0.012171000180006384,0.07287091940561059
246,19,401795,occupancy,11,405841,flow,8,0.004436024949612079,0.03529302933032364,-0.06382328866115773
246,19,401795,occupancy,11,405841,flow,10,0.0011624173413425233,0.012238954215451379,0.07283084462826188
246,19,401795,occupancy,11,405841,flow,11,0.0004088746742649414,0.005179693029446967,0.07923233560091458
246,19,401795,occupancy,14,401469,flow,2,0.0014385768932693793,0.0145202153713171,0.07146322364950929
246,19,401795,occupancy,14,401469,flow,5,0.0014181864530966868,0.014361381803510752,0.07155552987814964
246,19,401795,occupancy,14,401469,flow,11,0.004736506898826656,0.03704702158665479,0.06335455979904683
246,19,401795,occupancy,14,401469,flow,12,0.0004979808674250717,0.0061150578376245315,0.07806015774132341
246,19,401795,occupancy,15,401472,flow,9,0.005015838434272714,0.03872818951931747,0.06294235409523423
246,19,401795,occupancy,15,401472,flow,10,3.994596004605261e-07,1.114770978029375e-05,0.11345390806072711
246,19,401795,occupancy,15,401472,flow,11,8.934575628583868e-06,0.00018810352392744978,0.09947909366748395
246,19,401795,occupancy,15,401472,flow,12,0.0004382998890968928,0.005494647477941315,0.07882092916654318
246,19,401795,occupancy,16,405838,flow,3,0.00014078628610392086,0.0020957848241520954,0.0853196749287118
246,19,401795,occupancy,17,400260,flow,12,0.004255921332772415,0.03418029402784315,0.06411821045119015
246,19,401795,occupancy,18,404528,flow,11,0.0007026103515442745,0.008141836691714768,0.07597498677198693
246,19,401795,occupancy,19,401795,flow,12,0.004342363713155149,0.03471319622655485,0.06397527744958398
246,19,401795,speed,1,400125,flow,2,0.004064458286286127,0.032973633421138154,-0.06444440525071315
246,19,401795,speed,1,400125,flow,3,0.0025309073557781814,0.022984065118691915,-0.06772319870041647
246,19,401795,speed,2,400331,flow,8,0.0011685905634772507,0.01228897574055921,-0.07279713308843667
246,19,401795,speed,4,400316,flow,3,0.003299748287957972,0.02813284508383351,-0.06590426196455418
246,19,401795,speed,10,400497,flow,1,0.002132294290878124,0.019946971278894533,-0.06887634760685614
246,19,401795,speed,10,400497,flow,3,0.0009370455750922574,0.010279423271707853,-0.07419118660536311
246,19,401795,speed,12,404520,flow,1,0.0018289783415790224,0.017691863940038906,-0.0698948326761263
246,19,401795,speed,12,404520,flow,2,0.002232589653102237,0.020723651270738427,-0.06856871570857083
246,19,401795,speed,12,404520,flow,7,0.005365889447510355,0.04077509659321853,0.06245412094711957
246,19,401795,speed,15,401472,flow,2,2.650658942328137e-06,6.305532285714511e-05,-0.10515330278254154
246,19,401795,speed,15,401472,flow,3,7.502189616753573e-05,0.0012264678769202668,-0.08873523934880845
246,19,401795,speed,16,405838,flow,10,0.0005581303613388589,0.006718091838907413,-0.07737496900266674
246,19,401795,speed,17,400260,flow,4,0.00011636880357116489,0.0017820391046700897,-0.08636623652786847
246,19,401795,speed,17,400260,flow,8,0.0024060654013562098,0.022049644747260982,-0.06806531687753634
246,19,401795,speed,19,401795,flow,4,0.002582313899957452,0.023333185626053528,-0.06758679053851814
246,19,401795,speed,19,401795,flow,11,0.00017568005173320558,0.0025295705098318244,0.08408824633103068
