graph_slot,source_node_index,source_node_id,source_feature,target_node_index,target_node_id,target_feature,lag_5min_steps,raw_p_value,fdr_bh_q_value,parcorr_value
35,0,400593,flow,0,400593,flow,1,7.249438213707844e-13,5.0757816990628665e-11,0.1599766708558071
35,0,400593,flow,0,400593,flow,2,2.2629282661384925e-23,3.313847494819759e-21,0.2207776043023466
35,0,400593,flow,0,400593,flow,3,2.1508526701651735e-23,3.1604365765692342e-21,0.22094099031084147
35,0,400593,flow,0,400593,flow,4,7.569558937279331e-13,5.291342169748659e-11,0.15988624648224775
35,0,400593,flow,0,400593,flow,5,3.630460543560922e-09,1.61353801936041e-07,0.13190105249313044
35,0,400593,flow,0,400593,flow,6,3.519137965808001e-08,1.2927445588682454e-06,0.12332286747699386
35,0,400593,flow,0,400593,flow,7,1.7358836128557473e-05,0.00034336159375168625,0.0962453319018023
35,0,400593,flow,0,400593,flow,8,9.743545816690207e-05,0.0015245243726222997,0.08733159592787455
35,0,400593,flow,0,400593,flow,10,3.6035163259499727e-09,1.6032122068078148e-07,0.1319282850049601
35,0,400593,flow,0,400593,flow,11,8.284337314973838e-07,2.3181796138624722e-05,0.11032513671562719
35,0,400593,flow,0,400593,flow,12,0.000721222476611247,0.008175274914034206,0.07581454177620166
35,0,400593,flow,2,400331,flow,5,0.004511256041632776,0.0351526444802554,0.06370329760933438
35,0,400593,flow,4,400316,flow,9,0.001967975398688895,0.01839786566183949,0.06941025379853474
35,0,400593,flow,6,405843,flow,5,0.003193027873772302,0.026946435660668774,0.06613201699859854
35,0,400593,flow,7,408093,flow,3,0.002228247411401637,0.02031665009973633,0.06858176985341162
35,0,400593,flow,7,408093,flow,9,0.0003732763414969894,0.00473167193446888,0.07976870937453895
35,0,400593,flow,7,408093,flow,10,0.001383978617276857,0.013904157271246564,0.07171316878050205
35,0,400593,flow,8,401448,flow,1,0.005832050721258882,0.04276045335342561,0.06184675317775927
35,0,400593,flow,8,401448,flow,12,0.006704382480010726,0.047400331495138746,0.06081914465895382
35,0,400593,flow,10,400497,flow,4,0.0002268879697198165,0.003132489706582318,0.08264501324242612
35,0,400593,flow,11,405841,flow,2,0.003301060882510138,0.02763522599898853,0.06590150270305423
35,0,400593,flow,11,405841,flow,8,0.005168944533558467,0.0390997030029287,0.06272514127499382
35,0,400593,flow,11,405841,flow,10,0.0032338074169034866,0.02723737188735243,0.06604418148639286
35,0,400593,flow,12,404520,flow,5,0.0048154184653947186,0.037008731134149056,0.06323593001428332
35,0,400593,flow,13,400183,flow,10,0.005337776040957544,0.04001248047360158,-0.06249225350507253
35,0,400593,flow,14,401469,flow,1,0.0023911136822057115,0.021421839707857056,0.06810737352062063
35,0,400593,flow,14,401469,flow,12,0.0017502342352060808,0.016802248657978375,0.07018457671729059
35,0,400593,flow,15,401472,flow,6,0.003334042059356154,0.027832003278103545,0.0658324972711861
35,0,400593,occupancy,0,400593,flow,1,3.399683826375292e-08,1.256119686274094e-06,0.12345764315425346
35,0,400593,occupancy,0,400593,flow,2,3.9975031838357636e-16,3.9337616752096806e-14,-0.18122571188234313
35,0,400593,occupancy,0,400593,flow,3,1.6202637405670184e-22,2.2874311631534376e-20,-0.21660942609341136
35,0,400593,occupancy,0,400593,flow,4,5.716525413237601e-22,7.966254769414979e-20,-0.213821814105537
35,0,400593,occupancy,4,400316,flow,3,0.0040834682376137835,0.032475299680580896,0.06441140214348032
35,0,400593,occupancy,4,400316,flow,9,0.00010105449394863555,0.0015703432153169265,0.08713412949147446
35,0,400593,occupancy,12,404520,flow,3,0.003990756070924891,0.03191422848277587,0.0645736974023452
35,0,400593,occupancy,12,404520,flow,9,0.003195743235028619,0.026964083545553973,0.06612613669746169
35,0,400593,occupancy,19,401795,flow,3,0.0017844457138495968,0.017047336319836928,-0.07005725201307515
35,0,400593,occupancy,19,401795,flow,5,0.0006370447023081898,0.007374150894885799,-0.07657350443594821
35,0,400593,speed,0,400593,flow,1,0.00018772358204119813,0.0026532014609721853,-0.08371629417636402
35,0,400593,speed,0,400593,flow,4,0.0018473627661069814,0.017505170321522615,0.06982883795985408
35,0,400593,speed,4,400316,flow,2,0.0037987384249151745,0.030691135207842817,-0.06492100765337665
35,0,400593,speed,12,404520,flow,2,0.006822296188762348,0.04798847847681121,-0.060689594582115924
35,0,400593,speed,12,404520,flow,10,0.0022616843947963713,0.020526031717722295,0.0684818427430138
35,0,400593,speed,16,405838,flow,4,0.003069181674033065,0.026115550190708763,-0.06640517821248447
35,0,400593,speed,19,401795,flow,5,0.0020997561991553497,0.019374085391608523,0.0689790023691075
35,1,400125,flow,0,400593,flow,9,6.993187326036954e-05,0.0011458437032675862,0.08910903884819915
35,1,400125,flow,1,400125,flow,1,1.4832468961222098e-135,1.033488159878701e-132,0.5156490390099
35,1,400125,flow,1,400125,flow,2,2.8682447837904686e-20,3.665922327211487e-18,0.20480368046566144
35,1,400125,flow,1,400125,flow,3,1.1649290593824228e-06,3.125772382939172e-05,0.10880626999673022
35,1,400125,flow,1,400125,flow,10,0.003482191480115238,0.028679365466539108,0.06552999339703912
35,1,400125,flow,1,400125,flow,11,0.00020621878159230895,0.002887581510447312,0.08318659834505973
35,1,400125,flow,1,400125,flow,12,0.000590898561069269,0.006929103647717812,0.07703012334148533
35,1,400125,flow,3,400039,flow,1,0.0001331883726573464,0.00198314686462605,0.0856256963202387
35,1,400125,flow,3,400039,flow,11,0.005648911280058658,0.04168653353237684,0.062079960004485846
35,1,400125,flow,3,400039,flow,12,0.0054069800100063035,0.04037710223548355,0.06239870942443215
35,1,400125,flow,4,400316,flow,11,0.0004249999933934473,0.005254722299541192,0.07900358452168676
35,1,400125,flow,5,400503,flow,4,0.0036692120028028446,0.02985683905087265,0.06516440683500012
35,1,400125,flow,5,400503,flow,5,0.002401787536966359,0.021497134578163803,0.06807732531363984
35,1,400125,flow,5,400503,flow,10,0.00025401659806105936,0.0034421320690833637,0.08200047058481767
35,1,400125,flow,6,405843,flow,1,1.3591159151768745e-05,0.0002780009826498153,0.097448313838325
35,1,400125,flow,6,405843,flow,2,0.0001963747837323533,0.0027606217563415757,0.08346270017103428
35,1,400125,flow,6,405843,flow,11,1.7043119223849705e-05,0.00033820062033546494,0.09633606065278999
35,1,400125,flow,6,405843,flow,12,1.6307224912999762e-06,4.226615132031346e-05,0.10734234239280963
35,1,400125,flow,9,402391,flow,1,0.0002212917735955838,0.003069943679938735,0.08278692479664788
35,1,400125,flow,9,402391,flow,11,0.00021494393460672057,0.0029943818042600222,0.08295203078968853
35,1,400125,flow,9,402391,flow,12,0.001027930190343851,0.010918756878006974,0.07360960833373692
35,1,400125,flow,10,400497,flow,2,0.0010340815495020641,0.010976000721987513,-0.07357198576206338
35,1,400125,flow,10,400497,flow,10,5.914915945350603e-08,2.101351717427188e-06,0.12127877136637474
35,1,400125,flow,10,400497,flow,11,5.0800137314090665e-12,3.2136845932592236e-10,0.15407726455793574
35,1,400125,flow,10,400497,flow,12,7.878486255719228e-07,2.214382604079835e-05,0.11054331102437237
35,1,400125,flow,12,404520,flow,2,0.0011540103882372028,0.012001263546424449,-0.07287702129216049
35,1,400125,flow,12,404520,flow,3,0.0024088960922890247,0.02153203210984603,-0.06805738154833352
35,1,400125,flow,12,404520,flow,7,0.003943717110197666,0.03162000355615056,0.06465735275846494
35,1,400125,flow,12,404520,flow,11,2.646073457041193e-05,0.0004957084707032938,0.09413921465139544
35,1,400125,flow,13,400183,flow,7,0.0059507364804440984,0.043358376784480526,0.06169911926577476
35,1,400125,flow,13,400183,flow,12,0.0011245564513517883,0.011728835996715899,0.07304129094475521
35,1,400125,flow,15,401472,flow,1,7.189183848228802e-05,0.0011741880614120387,0.08896214981251349
35,1,400125,flow,15,401472,flow,12,0.0014133686762322038,0.014114083868060843,0.0715775181375719
35,1,400125,flow,16,405838,flow,1,0.0004394613127216262,0.0053933888379472305,0.07880522504181273
35,1,400125,flow,16,405838,flow,4,0.004269347619434495,0.03366845877319646,0.06409583842294678
35,1,400125,flow,17,400260,flow,1,5.285379485055925e-06,0.00011939587625408431,0.10196708945607777
35,1,400125,flow,17,400260,flow,8,0.0019143215847863362,0.018005376107722564,-0.06959346580706083
35,1,400125,flow,17,400260,flow,12,0.00038842403336368097,0.004886406010865176,0.07953487451133495
35,1,400125,flow,19,401795,flow,1,2.8415284376068893e-06,6.907936325527159e-05,0.1048364271509238
35,1,400125,flow,19,401795,flow,2,0.0014041764549410608,0.014045015710454694,0.07161966354205945
35,1,400125,flow,19,401795,flow,3,0.0019186788577730133,0.018038504168834422,0.06957841235796891
35,1,400125,flow,19,401795,flow,4,0.0019054692499065953,0.017945557356870485,0.06962414581132083
35,1,400125,flow,19,401795,flow,11,0.0028384429449687673,0.024632530177310315,0.06694205267247708
35,1,400125,flow,19,401795,flow,12,0.0003236214537351307,0.004189525562288776,0.0806028129829011
35,1,400125,occupancy,1,400125,flow,1,6.563495656532089e-05,0.0010876218349144084,-0.08944518805180855
35,1,400125,occupancy,1,400125,flow,7,0.0032761950396384986,0.02746586953471437,0.0659539448300765
35,1,400125,occupancy,7,408093,flow,8,0.0005975918442442354,0.0069867300869691385,-0.07696187895841589
35,1,400125,occupancy,8,401448,flow,2,0.0013886509030180522,0.013936325151149617,0.07169142732093355
35,1,400125,occupancy,9,402391,flow,10,0.0018471937045390345,0.017505170321522615,-0.06982944208939865
35,1,400125,occupancy,14,401469,flow,7,0.001812237803362889,0.017267020976020467,0.06995545831665707
35,1,400125,occupancy,16,405838,flow,4,0.00015820379555711044,0.0022903498552503923,0.08467300473550396
35,1,400125,occupancy,16,405838,flow,7,0.0061716630452995054,0.04455478669066488,0.06143123138074286
35,1,400125,occupancy,19,401795,flow,6,0.007168627442077395,0.049700642833853864,-0.0603203830021441
35,1,400125,speed,1,400125,flow,1,0.0008012599265986612,0.008893567083149034,0.07516566977832166
35,1,400125,speed,7,408093,flow,4,0.0007621613292907544,0.008565923898734609,-0.07547474051891
35,1,400125,speed,14,401469,flow,5,0.00041434813651375704,0.005146589849739593,-0.07915376059338475
35,1,400125,speed,14,401469,flow,7,0.0002589163093687935,0.0034931869346445594,-0.08189098895390948
35,1,400125,speed,16,405838,flow,4,0.003076622592909055,0.02616855601765528,-0.06638848508126434
35,1,400125,speed,16,405838,flow,9,0.00030413713374684813,0.003985054345727582,-0.08096325176409513
35,1,400125,speed,16,405838,flow,11,0.006771599743672838,0.0477683064870455,-0.06074504564837255
35,1,400125,speed,17,400260,flow,9,1.5144060849994098e-05,0.0003061410522787763,-0.09691811940174144
35,1,400125,speed,19,401795,flow,6,0.0037787954255492735,0.030557834058865713,0.06495798777897513
35,1,400125,speed,19,401795,flow,12,6.398553595729081e-06,0.00014167991559994685,0.10106796444254623
35,2,400331,flow,0,400593,flow,4,0.0035029180800552804,0.028824011630169167,0.06548860932559013
35,2,400331,flow,0,400593,flow,5,7.169042972262669e-05,0.0011713413630928416,0.08897706865981395
35,2,400331,flow,0,400593,flow,6,0.006803781934028444,0.04790964815324506,0.06070980219373739
35,2,400331,flow,0,400593,flow,10,0.0025004658522268333,0.02218072378156041,0.06780517433697689
35,2,400331,flow,1,400125,flow,11,0.002183531091974053,0.019977583057928995,0.06871757352313032
35,2,400331,flow,2,400331,flow,1,2.704352250382741e-63,1.1342525943352854e-60,0.36380978822636273
35,2,400331,flow,2,400331,flow,2,7.421031670385516e-19,8.688037077524507e-17,0.19707119652551358
35,2,400331,flow,2,400331,flow,3,4.0582384477833235e-13,2.9366147561849173e-11,0.16175434668349709
35,2,400331,flow,2,400331,flow,4,4.299249368695556e-05,0.0007489015029340646,0.0916588902174027
35,2,400331,flow,2,400331,flow,5,6.395442629555688e-08,2.249862553719916e-06,0.12096839136575564
35,2,400331,flow,2,400331,flow,6,0.0028966715259773593,0.025002239744699686,0.06680291466628631
35,2,400331,flow,2,400331,flow,8,0.0004312093779967808,0.005308311648390809,0.07891765348401052
35,2,400331,flow,2,400331,flow,12,0.0061208914117894175,0.0442844597201981,0.061492022294389104
35,2,400331,flow,5,400503,flow,4,0.0035678977908464487,0.0291918910160164,0.06536029447756012
35,2,400331,flow,5,400503,flow,10,0.0008915180846364954,0.009688951259445687,0.07450244228977819
35,2,400331,flow,6,405843,flow,5,8.983646402997821e-06,0.00019327366763421608,0.09945282838891537
35,2,400331,flow,6,405843,flow,6,0.0018388539924909788,0.017447505485528286,0.06985930665740246
35,2,400331,flow,6,405843,flow,10,1.4897275269512869e-05,0.000301716967483805,0.09699881146685639
35,2,400331,flow,9,402391,flow,1,0.006367072027789071,0.04562241028371005,0.06120138239840408
35,2,400331,flow,10,400497,flow,9,0.0005962693946949858,0.006976933329042086,0.07697530603704816
35,2,400331,flow,10,400497,flow,10,0.002400297700244579,0.02149074832136079,0.06808151204269744
35,2,400331,flow,11,405841,flow,11,0.006050273164697281,0.0438740053530732,0.06157733532572335
35,2,400331,flow,11,405841,flow,12,0.007111058952422274,0.049388705264411935,0.06038062975830298
35,2,400331,flow,12,404520,flow,11,0.0033754034626554894,0.028065292223498267,0.06574683086998864
35,2,400331,flow,14,401469,flow,2,0.00234247650537264,0.021060350683058907,0.06824586579620973
35,2,400331,flow,15,401472,flow,1,0.0004787850399218596,0.005792078892361898,0.07829512500030966
35,2,400331,flow,15,401472,flow,3,0.00014095015417819743,0.0020746325930146945,0.0853132476071269
35,2,400331,flow,16,405838,flow,2,0.005076232152703883,0.038591072926601834,0.0628559671136661
35,2,400331,flow,16,405838,flow,6,3.69364326408103e-05,0.0006593611116045476,0.0924413753866033
35,2,400331,flow,18,404528,flow,1,0.004055706826688799,0.032325928950729915,0.06445964571193062
35,2,400331,flow,18,404528,flow,3,0.006321587986981595,0.04539438182141039,0.06125431042017518
35,2,400331,flow,18,404528,flow,5,0.0005234052497586827,0.0062617299334187465,0.07776161430531892
35,2,400331,flow,19,401795,flow,1,0.0013444593941997242,0.013576588552928492,0.07189981751586592
35,2,400331,occupancy,0,400593,flow,12,0.00018520221738061043,0.002627499438700286,0.08379227035185632
35,2,400331,occupancy,6,405843,flow,10,0.0032357192711952717,0.02723754335846371,0.0660400883200688
35,2,400331,occupancy,11,405841,flow,5,0.0032875990488635135,0.027540096744406394,0.06592984892880696
35,2,400331,occupancy,11,405841,flow,9,0.0021087624983773343,0.019415716097591823,0.06895044320251623
35,2,400331,occupancy,13,400183,flow,6,0.00034154033157452217,0.004395157081924146,0.08028882111874104
35,2,400331,occupancy,15,401472,flow,1,0.0003561163279187521,0.0045555893888333115,0.08004456637061856
35,2,400331,occupancy,15,401472,flow,6,0.0012861442708064549,0.013144564484667066,0.07218469243326503
35,2,400331,occupancy,15,401472,flow,12,0.0019040693758945488,0.017944109301624017,0.06962900940156043
35,2,400331,occupancy,18,404528,flow,1,0.0003774604122078856,0.004774901846963589,0.07970324652423896
35,2,400331,occupancy,18,404528,flow,5,0.0008857825821547166,0.009636315172269896,0.07454269293883435
35,2,400331,occupancy,18,404528,flow,10,0.0022825583984158785,0.02065490632835483,0.06842014389813074
35,2,400331,speed,0,400593,flow,6,0.0010970191027833355,0.011505517174129667,-0.07319850704350205
35,2,400331,speed,0,400593,flow,9,8.05555441919859e-05,0.0013014209084120385,0.08835512994133625
35,2,400331,speed,0,400593,flow,10,0.00011997084366227339,0.0018195301656317908,0.08619952200588747
35,2,400331,speed,5,400503,flow,6,0.005895345873137086,0.043071020077713865,0.06176768675537598
35,2,400331,speed,8,401448,flow,3,0.001336357398829631,0.013522673056652793,-0.07193870694768366
35,2,400331,speed,11,405841,flow,4,0.006003372313408248,0.04363884972896455,-0.061634492372964186
35,2,400331,speed,17,400260,flow,7,0.000600327919832252,0.007014921865499942,0.07693418658247071
35,3,400039,flow,1,400125,flow,1,0.0018208652895143063,0.01733011247125315,0.06992415006817632
35,3,400039,flow,1,400125,flow,2,0.0030892080983548394,0.026254926194949648,0.06636033401678926
35,3,400039,flow,1,400125,flow,11,3.0668698658265414e-07,9.330195648148351e-06,0.11456729566087878
35,3,400039,flow,1,400125,flow,12,3.7891573985069576e-06,8.949786747703694e-05,0.10351512187175316
35,3,400039,flow,3,400039,flow,1,5.578094475003047e-105,3.3939955115511494e-102,0.4606186483501828
35,3,400039,flow,3,400039,flow,2,1.4461500506140036e-14,1.2297968934355305e-12,0.171394246247551
35,3,400039,flow,3,400039,flow,6,8.787565729260668e-05,0.0013972132480826677,0.08788854061309756
35,3,400039,flow,3,400039,flow,10,0.004334194593654306,0.03406790510295961,0.0639886743011375
35,3,400039,flow,3,400039,flow,11,0.0035320722159386197,0.028977635621505217,0.0654307735628492
35,3,400039,flow,3,400039,flow,12,2.452862526283483e-10,1.2906657872770579e-08,0.14141404663157292
35,3,400039,flow,4,400316,flow,6,0.0004989228736953694,0.00600709814482719,0.07804884557564873
35,3,400039,flow,4,400316,flow,9,0.006412147486544266,0.045846536150068236,0.06114926419378672
35,3,400039,flow,4,400316,flow,10,0.0033756309813263194,0.028065292223498267,0.06574636228797927
35,3,400039,flow,4,400316,flow,11,0.0029485346275782915,0.02535868921190169,0.06668111864096869
35,3,400039,flow,5,400503,flow,8,0.003268605354496052,0.02741820413868533,0.06597002367314585
35,3,400039,flow,5,400503,flow,12,0.0011524567689177561,0.011987992395195537,0.07288558881476997
35,3,400039,flow,6,405843,flow,1,0.002543714350721004,0.02250429243316555,0.0676889799124556
35,3,400039,flow,6,405843,flow,4,0.0012970966405274308,0.013231304573975209,0.07213029272115085
35,3,400039,flow,6,405843,flow,12,7.131178142667166e-07,2.03210353405819e-05,0.11097496099562147
35,3,400039,flow,8,401448,flow,10,0.0025650762661218705,0.022674707324834217,0.06763225216782669
35,3,400039,flow,9,402391,flow,1,0.0006342215134439386,0.0073473771468967955,0.07660054248867469
35,3,400039,flow,9,402391,flow,2,0.0021653419045968452,0.01986046078101565,0.06877354417283908
35,3,400039,flow,9,402391,flow,7,2.1217571080794225e-06,5.292142440475234e-05,0.10616153183277507
35,3,400039,flow,9,402391,flow,10,0.0034044056637655682,0.028235010331943616,0.06568733027685633
35,3,400039,flow,9,402391,flow,11,5.016619022527462e-05,0.000858288878309649,0.09085721399652603
35,3,400039,flow,9,402391,flow,12,0.00016225287653788404,0.002341123669484499,0.08453230223742011
35,3,400039,flow,10,400497,flow,5,0.00011686640681896936,0.0017789389621492163,0.08634291865333246
35,3,400039,flow,10,400497,flow,8,0.004183022088533363,0.033138924303070104,-0.06424080957490268
35,3,400039,flow,10,400497,flow,10,3.963751849993954e-14,3.2126469028093585e-12,0.16858071161764973
35,3,400039,flow,10,400497,flow,11,3.198434066081799e-10,1.6627238466273612e-08,0.14050545408148243
35,3,400039,flow,10,400497,flow,12,3.8315787875303577e-07,1.1542831493815304e-05,0.11363013337252226
35,3,400039,flow,11,405841,flow,10,0.0005532333677799971,0.00655324417002903,0.07742811467456896
35,3,400039,flow,12,404520,flow,2,7.068275098779222e-05,0.0011561985167324981,-0.08905231006285805
35,3,400039,flow,12,404520,flow,5,0.00044672025312276597,0.005468597149137731,0.07870794193154235
35,3,400039,flow,12,404520,flow,6,4.864803913778577e-09,2.1142809766120171e-07,0.13082674463715696
35,3,400039,flow,12,404520,flow,7,0.00017890061482381728,0.0025548782017814566,0.0839864904755212
35,3,400039,flow,12,404520,flow,9,0.005688467120570122,0.041913999592125065,0.062029019246338656
35,3,400039,flow,12,404520,flow,10,1.85798310681862e-05,0.00036351843394277344,0.09590863765287092
35,3,400039,flow,12,404520,flow,11,2.0572130486367477e-07,6.454001721213327e-06,0.11623003876186026
35,3,400039,flow,14,401469,flow,10,0.003922102340170032,0.031494194542529635,-0.06469609706467508
35,3,400039,flow,15,401472,flow,1,4.064800389545098e-06,9.48673024464334e-05,0.10319031052240189
35,3,400039,flow,15,401472,flow,11,5.758649179780307e-05,0.0009710134448341502,0.09013502134128328
35,3,400039,flow,15,401472,flow,12,0.00040902673051577504,0.0051010262004276795,0.07923013951423771
35,3,400039,flow,16,405838,flow,1,0.0012778463548606765,0.013087473335699673,0.07222619288078867
35,3,400039,flow,17,400260,flow,3,0.00022373848710995116,0.003094941608437365,-0.08272447023090809
35,3,400039,flow,17,400260,flow,8,0.00033405473788653895,0.004312960154422739,-0.08041807240609362
35,3,400039,flow,17,400260,flow,12,1.4847300799248097e-06,3.8896506642056875e-05,0.1077601136338293
35,3,400039,flow,18,404528,flow,1,1.6719666976924107e-06,4.319913955760296e-05,0.10720395950791253
35,3,400039,flow,19,401795,flow,1,0.0014001709197708988,0.014014685758596577,0.07163810808438059
35,3,400039,flow,19,401795,flow,7,0.003815128453109498,0.03078900601052313,0.06489074751146147
35,3,400039,flow,19,401795,flow,12,2.105773440288198e-08,8.188065942434758e-07,0.12531248355076482
35,3,400039,occupancy,1,400125,flow,1,0.0005476387075231514,0.006494096119956119,0.07748937046159844
35,3,400039,occupancy,1,400125,flow,2,9.367513786289036e-05,0.0014734712547923873,0.08754424116914121
35,3,400039,occupancy,1,400125,flow,9,0.00023744067201430453,0.0032558978114535643,0.08238612154978092
35,3,400039,occupancy,1,400125,flow,12,5.1029015183310286e-05,0.0008709812152979077,0.09076822236950045
35,3,400039,occupancy,2,400331,flow,1,0.0007940946265057509,0.008830086966550434,0.07522124845400334
35,3,400039,occupancy,2,400331,flow,7,4.549414487848171e-05,0.0007877142520041723,0.09136582144852483
35,3,400039,occupancy,3,400039,flow,12,8.474631198856286e-05,0.0013559409918170058,0.08808333845330259
35,3,400039,occupancy,4,400316,flow,6,0.006923165755437281,0.048512694344669996,0.06058035653389339
35,3,400039,occupancy,5,400503,flow,3,0.00021797515973410466,0.003029770560010721,0.08287262662167054
35,3,400039,occupancy,5,400503,flow,7,0.0013629989899143584,0.013741320038343123,0.07181163432600751
35,3,400039,occupancy,5,400503,flow,8,0.0010866273383434153,0.011415929235514481,0.07325878492241954
35,3,400039,occupancy,5,400503,flow,10,0.00038494076553391947,0.004855311261624912,0.07958788191429211
35,3,400039,occupancy,6,405843,flow,1,2.2786392818243548e-05,0.00043326239865674353,0.09489107906276364
35,3,400039,occupancy,6,405843,flow,2,0.0013162942578948747,0.013373450597614907,0.07203595336578715
35,3,400039,occupancy,6,405843,flow,3,0.0001839961282578207,0.0026164031404667066,0.0838289575431842
35,3,400039,occupancy,6,405843,flow,4,0.005572511229559579,0.04129345517233473,0.062179266432691636
35,3,400039,occupancy,6,405843,flow,6,0.0067752501017425415,0.04778625377882086,0.060741040503783116
35,3,400039,occupancy,6,405843,flow,10,0.005634916814423808,0.04162592448411569,0.062098059362761526
35,3,400039,occupancy,6,405843,flow,12,1.0383845539182903e-06,2.812427130361764e-05,0.10933888745321835
35,3,400039,occupancy,9,402391,flow,1,0.0070815377119350835,0.04926739458680814,0.06041169432718091
35,3,400039,occupancy,10,400497,flow,5,0.0034775533210808715,0.02865350056660188,0.06553928490977667
35,3,400039,occupancy,10,400497,flow,7,0.0035336616771779973,0.028977635621505217,0.06542763289313175
35,3,400039,occupancy,10,400497,flow,10,0.00016071938920309985,0.002320547330739944,0.08458519719349213
35,3,400039,occupancy,10,400497,flow,11,0.0004752648568534847,0.005757555192392187,0.07833916437159759
35,3,400039,occupancy,10,400497,flow,12,0.0021990028162989415,0.020089422848502847,0.06867029999629243
35,3,400039,occupancy,11,405841,flow,10,0.0013949192851735914,0.01398480230204204,0.0716623644162054
35,3,400039,occupancy,12,404520,flow,6,0.00011228567234273619,0.0017170764761791871,0.08656120264611568
35,3,400039,occupancy,12,404520,flow,7,0.002421308945396374,0.021628450249359315,0.06802268475396371
35,3,400039,occupancy,12,404520,flow,10,0.0019039447131406306,0.017944109301624017,0.0696294426771828
35,3,400039,occupancy,15,401472,flow,1,0.0005892809954905399,0.0069138889204756445,0.07704672381445901
35,3,400039,occupancy,15,401472,flow,11,0.0014589171682099114,0.014458642272692859,0.07137233744596146
35,3,400039,occupancy,15,401472,flow,12,0.005645890232782058,0.04167265277921418,0.06208386376951747
35,3,400039,occupancy,16,405838,flow,7,0.0060509565716113465,0.0438740053530732,0.061576505424850395
35,3,400039,occupancy,17,400260,flow,1,0.005487046057330382,0.04081976746627734,0.06229182126570073
35,3,400039,occupancy,17,400260,flow,12,0.0002408964179142537,0.0032943099885709907,0.0823036827928895
35,3,400039,occupancy,18,404528,flow,1,0.003129089397788629,0.026541657566163123,0.0662718132205783
35,3,400039,speed,2,400331,flow,1,0.0024051828304370764,0.021512194259809877,-0.06806779275147004
35,3,400039,speed,3,400039,flow,11,0.0068751435993503205,0.048262301509901503,0.06063218330254658
35,3,400039,speed,7,408093,flow,1,0.0005383466342663384,0.006397957249052496,-0.07759240822030701
35,3,400039,speed,7,408093,flow,5,0.006513224955494589,0.04637649069226995,-0.06103358117377733
35,3,400039,speed,7,408093,flow,6,0.00014621786435054128,0.002138324895038383,-0.08511029357433444
35,3,400039,speed,7,408093,flow,8,0.0013711396706904562,0.013813720562926238,-0.07177326218726227
35,3,400039,speed,7,408093,flow,9,0.0031123605065151634,0.026430897165609406,-0.06630881890583852
35,3,400039,speed,7,408093,flow,11,0.0025036215133254496,0.02219959962554586,-0.06779663423218164
35,3,400039,speed,10,400497,flow,7,0.0008360740305803624,0.009197453048401237,-0.07490202081010183
35,3,400039,speed,14,401469,flow,2,0.006148400305538972,0.04444626726895642,-0.06145902871421734
35,3,400039,speed,16,405838,flow,8,0.004994187874087816,0.03817889155204276,-0.0629735519367698
35,3,400039,speed,19,401795,flow,4,0.0009197176546219274,0.009937919629731683,-0.07430796615998
35,4,400316,flow,1,400125,flow,1,1.129909509341985e-07,3.7721863063039994e-06,0.11868306247464108
35,4,400316,flow,1,400125,flow,2,0.0018696940344490533,0.0176896150434076,0.069749481473714
35,4,400316,flow,1,400125,flow,3,9.662339789082214e-05,0.001512914385242304,0.08737685407537145
35,4,400316,flow,1,400125,flow,6,0.0054137732521840455,0.04039905075365132,0.06238958520795593
35,4,400316,flow,1,400125,flow,12,1.608379590819527e-06,4.1781117452437504e-05,0.10740389087040729
35,4,400316,flow,2,400331,flow,12,0.0021023703165933168,0.01939406313833681,0.0689707014020427
35,4,400316,flow,3,400039,flow,1,1.1687678641181733e-10,6.359039260693336e-09,0.14392156776673753
35,4,400316,flow,3,400039,flow,2,1.7919647113418182e-07,5.692123200732835e-06,0.1167995430798501
35,4,400316,flow,3,400039,flow,3,7.190084020197294e-10,3.5867393726619295e-08,0.13769550857196197
35,4,400316,flow,3,400039,flow,4,0.004979561951361518,0.038094045740892084,0.06299469671058085
35,4,400316,flow,3,400039,flow,6,0.0007601812061930323,0.008556495077524491,0.07549078165253362
35,4,400316,flow,3,400039,flow,12,5.878622638523909e-05,0.0009893124191049196,0.09002661411970869
35,4,400316,flow,4,400316,flow,1,2.6381645485651756e-05,0.0004944412516182889,0.09413070386570327
35,4,400316,flow,4,400316,flow,3,3.8015675765543664e-06,8.974192311866046e-05,-0.1035000184374259
35,4,400316,flow,4,400316,flow,8,0.004206158733763806,0.0333038961324407,-0.06420169087515883
35,4,400316,flow,4,400316,flow,11,0.0018427798668317495,0.0174809157327913,0.0698452326164169
35,4,400316,flow,4,400316,flow,12,1.3772401132050889e-09,6.581501425935823e-08,0.1353990557690638
35,4,400316,flow,5,400503,flow,1,0.006342765774149561,0.045485969695096454,0.0612296241877536
35,4,400316,flow,5,400503,flow,2,8.569434242329702e-05,0.0013695877146453685,0.08802361734356956
35,4,400316,flow,5,400503,flow,4,0.005060083420718826,0.03850038642722569,0.06287897488541225
35,4,400316,flow,5,400503,flow,6,0.0006514697078352643,0.0075089358000222555,0.07643706895830815
35,4,400316,flow,5,400503,flow,12,0.001958294044041972,0.018339107457752697,0.06944297117606862
35,4,400316,flow,6,405843,flow,1,0.0013372421133801095,0.013522673056652793,0.0719344497780456
35,4,400316,flow,6,405843,flow,3,0.004342239451686884,0.03412284198578138,0.06397548105965113
35,4,400316,flow,7,408093,flow,9,0.0018693789481448808,0.0176896150434076,-0.06975059510027325
35,4,400316,flow,8,401448,flow,2,0.00543351459186016,0.040505233885825526,0.062363128495091326
35,4,400316,flow,9,402391,flow,1,0.00014057045416799614,0.002069749018424483,0.08532815115712875
35,4,400316,flow,9,402391,flow,2,5.70601707835135e-06,0.00012772017501801986,0.10160774644623038
35,4,400316,flow,9,402391,flow,3,2.6896996447189527e-07,8.275998906827547e-06,0.11511629031832561
35,4,400316,flow,9,402391,flow,4,0.002799745708111216,0.024386599704535522,0.06703596791052982
35,4,400316,flow,9,402391,flow,7,0.004235948155400997,0.03350905700665136,0.06415161010110437
35,4,400316,flow,9,402391,flow,11,4.645480757490733e-05,0.000801136801291815,0.09125732284994909
35,4,400316,flow,9,402391,flow,12,0.0036924292590780985,0.030006878763964354,0.06512020998574128
35,4,400316,flow,10,400497,flow,1,1.280534290723632e-15,1.2078402043506747e-13,0.17811087917517962
35,4,400316,flow,10,400497,flow,5,2.0892792621508635e-08,8.1385810752856e-07,0.12534271085463244
35,4,400316,flow,10,400497,flow,6,7.894955622082643e-05,0.0012769078355446281,0.08846283971710212
35,4,400316,flow,10,400497,flow,8,2.1840749500913e-05,0.00041711776235165413,-0.09510324475317168
35,4,400316,flow,10,400497,flow,9,4.0625944791794934e-05,0.0007151755562369769,-0.09195140948550255
35,4,400316,flow,10,400497,flow,11,2.618069834488743e-11,1.518129085233741e-09,0.1488536924817587
35,4,400316,flow,10,400497,flow,12,4.6452407602413377e-35,1.1210860382258425e-32,0.2721349805612692
35,4,400316,flow,12,404520,flow,3,2.3321322615140957e-10,1.2316395317531654e-08,-0.1415508611245626
35,4,400316,flow,12,404520,flow,10,0.0002923665338725145,0.0038660037536861424,0.0811916129104125
35,4,400316,flow,12,404520,flow,11,7.393908320956393e-08,2.5553347157225294e-06,0.12038986227632399
35,4,400316,flow,12,404520,flow,12,2.972218744326728e-16,2.931503419061979e-14,0.18200979904809972
35,4,400316,flow,13,400183,flow,12,0.0018200059375729374,0.017325750661778515,0.06992726245133912
35,4,400316,flow,14,401469,flow,10,0.005898325316231805,0.04308550112634663,-0.06176398379746508
35,4,400316,flow,15,401472,flow,1,0.00012813338146534025,0.0019193349789537791,0.08583853891040946
35,4,400316,flow,15,401472,flow,2,1.010296102588655e-09,4.920495110691082e-08,0.13649854690908045
35,4,400316,flow,15,401472,flow,3,0.0004203559096675597,0.005208966323257773,0.07906862264259301
35,4,400316,flow,15,401472,flow,5,3.7794635036855e-05,0.0006710761338233193,0.09232339240416709
35,4,400316,flow,15,401472,flow,6,0.0010991571687045808,0.011519551113061108,0.0731861705805999
35,4,400316,flow,15,401472,flow,9,0.00034367441719686855,0.0044173563888440116,-0.08025245764249127
35,4,400316,flow,15,401472,flow,12,0.004114198854297412,0.032677586046267366,0.06435834435537123
35,4,400316,flow,16,405838,flow,1,0.0005404635191196262,0.006421348742015361,0.07756878972965651
35,4,400316,flow,16,405838,flow,2,0.0006139028936746527,0.007136868946917382,0.07679850389899727
35,4,400316,flow,16,405838,flow,7,0.0014325314561982015,0.014259739944907165,0.07149046460680142
35,4,400316,flow,17,400260,flow,1,1.0123878050972989e-05,0.00021438800578531036,0.09887819767055445
35,4,400316,flow,17,400260,flow,5,0.007046836489356656,0.04909837249403733,0.060448358583653564
35,4,400316,flow,17,400260,flow,6,0.0037925667774513557,0.03065273803290899,0.06493243280981568
35,4,400316,flow,17,400260,flow,7,0.006799856336887379,0.04790900670046515,0.06071409317886784
35,4,400316,flow,17,400260,flow,10,3.234493838009382e-07,9.812509396208237e-06,-0.11434394747004137
35,4,400316,flow,17,400260,flow,12,0.0011824602787661,0.01225288655377681,0.07272198734043886
35,4,400316,flow,18,404528,flow,1,1.5130948694195092e-15,1.4240892888654204e-13,0.17761569212966558
35,4,400316,flow,18,404528,flow,2,2.4954038605434926e-20,3.217953635088922e-18,0.2051783299503764
35,4,400316,flow,18,404528,flow,3,6.758516608474484e-08,2.350788385556342e-06,0.12074850483476376
35,4,400316,flow,18,404528,flow,4,1.8817286879025033e-12,1.2564247189704504e-10,0.15715586691948366
35,4,400316,flow,18,404528,flow,6,0.005569811462524682,0.041293265004473355,0.062182798053268644
35,4,400316,flow,18,404528,flow,12,0.00043218211602922906,0.00531764950511612,0.07890429657033636
35,4,400316,flow,19,401795,flow,1,2.63846843527611e-06,6.44693644818597e-05,0.10517427769894165
35,4,400316,flow,19,401795,flow,7,0.00374594347721662,0.03033987628973899,0.06501929308566544
35,4,400316,flow,19,401795,flow,10,0.0046375659864003275,0.035897303460400314,-0.06350585226935913
35,4,400316,flow,19,401795,flow,12,0.005781109833943847,0.04243737380227259,0.0619109504312734
35,4,400316,occupancy,0,400593,flow,5,0.0029797915023226868,0.025505645512252838,0.06660865469727142
35,4,400316,occupancy,0,400593,flow,7,0.0017243802385119723,0.01660176867518291,0.07028232342809519
35,4,400316,occupancy,0,400593,flow,8,0.004482366857996448,0.0349642690211311,0.06374915906860329
35,4,400316,occupancy,0,400593,flow,12,0.004146094149313926,0.03288255319448533,0.06430365440181068
35,4,400316,occupancy,1,400125,flow,1,4.3465615086681243e-10,2.2038903424232744e-08,0.13944807850801827
35,4,400316,occupancy,1,400125,flow,2,0.00013878155727691235,0.0020496968459359365,0.0853988806382674
35,4,400316,occupancy,1,400125,flow,10,1.0863413783779687e-08,4.4652661794413175e-07,0.12783219606415216
35,4,400316,occupancy,1,400125,flow,11,1.1079369733146865e-17,1.1935879612766697e-15,0.19048703102041697
35,4,400316,occupancy,1,400125,flow,12,3.2755879384440517e-18,3.675464907552806e-16,0.19352892771464084
35,4,400316,occupancy,2,400331,flow,1,1.0679162842280832e-05,0.00022460556708205062,0.09862039560688379
35,4,400316,occupancy,2,400331,flow,2,0.0007958741213899953,0.008845320824298378,0.07520740227150371
35,4,400316,occupancy,2,400331,flow,3,0.001989358765677711,0.018549600405196872,0.06933851039968522
35,4,400316,occupancy,2,400331,flow,4,0.0013089633099945615,0.01331776142057585,0.07207182782652065
35,4,400316,occupancy,2,400331,flow,5,0.0004673590693189157,0.00566973091675854,0.07843918875105145
35,4,400316,occupancy,2,400331,flow,6,0.0007025928490571239,0.007989264445735056,0.07597513949999522
35,4,400316,occupancy,2,400331,flow,7,0.0011669296763004288,0.012126861201871186,0.07280618687810599
35,4,400316,occupancy,2,400331,flow,8,8.187275607266879e-05,0.0013177731230772324,0.08826829112210038
35,4,400316,occupancy,2,400331,flow,9,1.8938849609882205e-06,4.815528564725787e-05,0.10667272760923671
35,4,400316,occupancy,2,400331,flow,10,7.733235117396975e-07,2.1749723767678993e-05,0.11062403137771831
35,4,400316,occupancy,2,400331,flow,11,1.3427863944528497e-06,3.547912675251566e-05,0.10820600821112078
35,4,400316,occupancy,2,400331,flow,12,0.0007541675388673447,0.008493231928850181,0.07553973761248867
35,4,400316,occupancy,3,400039,flow,1,2.26110307171639e-11,1.325368421955876e-09,0.14932814779907244
35,4,400316,occupancy,3,400039,flow,2,1.6227833032124322e-05,0.0003244064724607916,0.09657796941508807
35,4,400316,occupancy,3,400039,flow,3,0.005233541088195525,0.03942266347167336,0.06263523624171391
35,4,400316,occupancy,3,400039,flow,10,8.778775311994797e-07,2.4357295663338163e-05,0.11007283366968691
35,4,400316,occupancy,3,400039,flow,11,1.932652853671183e-11,1.1405820120026653e-09,0.14983450946672633
35,4,400316,occupancy,3,400039,flow,12,2.288462666699788e-12,1.5024557325445417e-10,0.15655409231635126
35,4,400316,occupancy,4,400316,flow,1,0.005496302575385497,0.040867784097876836,0.06227955468732458
35,4,400316,occupancy,4,400316,flow,3,0.004255197135369364,0.033605944469461885,0.0641194189880102
35,4,400316,occupancy,4,400316,flow,4,3.533830075940388e-05,0.0006345031557798203,0.09266818447489814
35,4,400316,occupancy,4,400316,flow,5,1.541843312799974e-07,4.978148812627719e-06,0.11741673853006494
35,4,400316,occupancy,4,400316,flow,6,1.315939000518711e-06,3.485503667836193e-05,0.10829541620150242
35,4,400316,occupancy,4,400316,flow,7,5.1091056286289574e-08,1.8270973771255874e-06,0.12185866397714085
35,4,400316,occupancy,4,400316,flow,8,7.1733343585285e-15,6.363204194834316e-13,0.17339430296312733
35,4,400316,occupancy,4,400316,flow,9,2.3321945829599377e-25,3.875030999379589e-23,0.23049426060887754
35,4,400316,occupancy,4,400316,flow,10,5.669307172501599e-34,1.353116408022481e-31,0.26783204068988187
35,4,400316,occupancy,4,400316,flow,11,8.012355594017529e-23,1.138597900202491e-20,0.218149719213308
35,4,400316,occupancy,4,400316,flow,12,1.7545055941368946e-06,4.498198318499338e-05,0.10701537084272729
35,4,400316,occupancy,5,400503,flow,1,3.732412019537222e-05,0.0006642066337851325,0.09238775874427961
35,4,400316,occupancy,5,400503,flow,2,1.929497574375004e-05,0.000374963091376519,0.09572108806425908
35,4,400316,occupancy,5,400503,flow,3,6.016904663237999e-06,0.00013418479170490376,0.10135809412035457
35,4,400316,occupancy,5,400503,flow,4,2.9291911339576097e-07,8.93651532393847e-06,0.1147597367835254
35,4,400316,occupancy,5,400503,flow,5,4.279736764367291e-07,1.2812517548209769e-05,0.11316170787672003
35,4,400316,occupancy,5,400503,flow,6,2.6974390081403383e-05,0.00050380183809625,0.09404211779752224
35,4,400316,occupancy,5,400503,flow,7,0.0005779497640835336,0.0067994089892180415,0.07716421488677197
35,4,400316,occupancy,5,400503,flow,8,8.303255230686646e-06,0.00017944003299933122,0.09982988067713247
35,4,400316,occupancy,5,400503,flow,9,3.3934397969157654e-10,1.7556478949312704e-08,0.14030204889214123
35,4,400316,occupancy,5,400503,flow,10,4.717491262539592e-10,2.380789982963906e-08,0.13916441984836472
35,4,400316,occupancy,5,400503,flow,11,1.1575174526982597e-08,4.7308187281518283e-07,0.12759270741775233
35,4,400316,occupancy,5,400503,flow,12,1.4821271371590463e-05,0.0003006004334519756,0.09702391927619758
35,4,400316,occupancy,6,405843,flow,1,7.588903421522546e-18,8.320828116999339e-16,0.19143704263915584
35,4,400316,occupancy,6,405843,flow,2,7.585769104601179e-10,3.749487703876098e-08,0.13750766732108366
35,4,400316,occupancy,6,405843,flow,3,1.6319430648676588e-06,4.226615132031346e-05,0.10733900342925934
35,4,400316,occupancy,6,405843,flow,4,4.8692806289905e-06,0.00011129784294835428,0.10235055540252218
35,4,400316,occupancy,6,405843,flow,5,0.00025526388561885444,0.0034546992038641954,0.08197241403721817
35,4,400316,occupancy,6,405843,flow,6,0.0016092879497295336,0.015686200232020726,0.07073448748635867
35,4,400316,occupancy,6,405843,flow,9,2.808091845988182e-05,0.0005205322353286403,0.09383878295055142
35,4,400316,occupancy,6,405843,flow,10,3.6800432247302216e-11,2.1001039274550272e-09,0.14774572266788766
35,4,400316,occupancy,6,405843,flow,11,8.69372049093667e-15,7.605327596754267e-13,0.17285987495973262
35,4,400316,occupancy,6,405843,flow,12,5.179710308054008e-14,4.120874499225288e-12,0.16781444173057483
35,4,400316,occupancy,7,408093,flow,1,1.5970480405605937e-17,1.6827433012736013e-15,0.18951735987600948
35,4,400316,occupancy,7,408093,flow,2,9.642897379065188e-15,8.364923027622813e-13,0.17257108728030718
35,4,400316,occupancy,7,408093,flow,3,3.2242860460891784e-12,2.0789426446425747e-10,0.15549414910562775
35,4,400316,occupancy,7,408093,flow,4,6.708265045256364e-08,2.339203135514661e-06,0.12077824675434384
35,4,400316,occupancy,7,408093,flow,5,0.0021706241498080604,0.019892015967693723,0.06875724573392829
35,4,400316,occupancy,7,408093,flow,9,0.0013015256068858582,0.013257700122015815,0.07210841454527427
35,4,400316,occupancy,7,408093,flow,10,8.26339827740899e-07,2.3150376497021294e-05,0.11033613868712946
35,4,400316,occupancy,7,408093,flow,11,3.6465636051802146e-08,1.3350131164727567e-06,0.12318390024492558
35,4,400316,occupancy,7,408093,flow,12,1.3427207252462886e-08,5.431229899872629e-07,0.12703088386874453
35,4,400316,occupancy,8,401448,flow,1,3.1041335098828827e-06,7.479005444893505e-05,0.10443229643282104
35,4,400316,occupancy,8,401448,flow,2,0.0051764497585232855,0.039135916970284554,0.06271464363673619
35,4,400316,occupancy,8,401448,flow,10,6.789293503514224e-05,0.0011181756742349007,0.08926603587346266
35,4,400316,occupancy,8,401448,flow,11,1.0178820594760552e-06,2.7661126774447905e-05,0.10942629936538921
35,4,400316,occupancy,8,401448,flow,12,1.3014812468812417e-05,0.0002679885122272147,0.09765991150337563
35,4,400316,occupancy,9,402391,flow,1,2.0077900467354921e-13,1.4954574141202288e-11,0.16383710730801873
35,4,400316,occupancy,9,402391,flow,2,4.3759052747845964e-17,4.490240091940488e-15,-0.18699586902497672
35,4,400316,occupancy,9,402391,flow,3,1.1894148214713109e-14,1.0276544057512126e-12,-0.1719847816862616
35,4,400316,occupancy,9,402391,flow,4,9.51532481242082e-13,6.566486132533217e-11,-0.15923471508923256
35,4,400316,occupancy,9,402391,flow,5,2.355488897455797e-08,9.037044437841069e-07,-0.1248809373751283
35,4,400316,occupancy,9,402391,flow,6,1.903335262874447e-06,4.8338673342843095e-05,-0.10665038060382996
35,4,400316,occupancy,9,402391,flow,7,7.831382531023227e-06,0.00017058335844945998,-0.10010912607942199
35,4,400316,occupancy,9,402391,flow,8,0.0005178179995871478,0.006205197664955558,-0.07782604563993908
35,4,400316,occupancy,9,402391,flow,11,0.007091121186295323,0.04930571949910799,0.060401597126936386
35,4,400316,occupancy,10,400497,flow,3,8.459281688832741e-14,6.5845219631995385e-12,0.16640024430865133
35,4,400316,occupancy,10,400497,flow,4,2.9250373761602797e-25,4.78318043417158e-23,0.23002886817588314
35,4,400316,occupancy,10,400497,flow,5,1.1748995529790714e-10,6.376339282499482e-09,0.1439040209715258
35,4,400316,occupancy,10,400497,flow,7,0.003926136630708344,0.03151414017959875,-0.06468885094678085
35,4,400316,occupancy,10,400497,flow,8,7.313220305877938e-10,3.631392151884217e-08,0.13763599461356502
35,4,400316,occupancy,10,400497,flow,9,1.397417158711452e-62,5.641908528629414e-60,0.36209285244534206
35,4,400316,occupancy,10,400497,flow,10,1.1402609651886061e-109,7.244010837668791e-107,0.46996870134734586
35,4,400316,occupancy,10,400497,flow,11,2.326565358104192e-75,1.0924741681532727e-72,0.3955128822105463
35,4,400316,occupancy,10,400497,flow,12,1.1420925642002142e-07,3.804039997952911e-06,0.11863958949954032
35,4,400316,occupancy,11,405841,flow,4,0.004027995125297039,0.03216439730366582,0.06450810253991954
35,4,400316,occupancy,11,405841,flow,5,0.0005711360960925099,0.0067357573986340236,0.07723590040378765
35,4,400316,occupancy,11,405841,flow,6,0.005139907602117171,0.03894142553691017,0.06276588560573383
35,4,400316,occupancy,11,405841,flow,10,0.000531327104514299,0.006344204233006555,0.0776713500166527
35,4,400316,occupancy,12,404520,flow,1,0.0013800720845731668,0.013877819844869833,-0.0717313989569537
35,4,400316,occupancy,12,404520,flow,2,6.557236431516435e-08,2.2955641316167748e-06,-0.12086895055993473
35,4,400316,occupancy,12,404520,flow,5,1.8650393800084633e-05,0.00036423915558935627,0.0958898295266265
35,4,400316,occupancy,12,404520,flow,6,5.098567865536809e-06,0.00011610866198797584,0.10213553960393923
35,4,400316,occupancy,12,404520,flow,7,2.2881745222845892e-08,8.810083722165264e-07,0.12499272786229446
35,4,400316,occupancy,12,404520,flow,8,4.1185204801798584e-16,4.0344690418088407e-14,0.1811466106151275
35,4,400316,occupancy,12,404520,flow,9,2.0503345547681505e-29,4.1389931199057996e-27,0.2488550133585716
35,4,400316,occupancy,12,404520,flow,10,6.310769874461864e-37,1.6227693962901934e-34,0.27935149090274825
35,4,400316,occupancy,12,404520,flow,11,1.185203892518218e-19,1.4797921432597402e-17,0.20156952489245364
35,4,400316,occupancy,14,401469,flow,1,3.30264058464196e-05,0.0005977129168685911,0.0930141436531893
35,4,400316,occupancy,15,401472,flow,1,2.6728903180881423e-28,5.201300078441791e-26,0.24395913382217915
35,4,400316,occupancy,15,401472,flow,2,1.871738034807752e-18,2.1334850423138492e-16,0.19490917903357158
35,4,400316,occupancy,15,401472,flow,3,9.019031006462292e-12,5.510921350483324e-10,0.15226915399143215
35,4,400316,occupancy,15,401472,flow,4,3.6243902452559366e-10,1.8639721261316246e-08,0.14007541151867955
35,4,400316,occupancy,15,401472,flow,5,9.374644857061356e-08,3.178843468014526e-06,0.11943746692567384
35,4,400316,occupancy,15,401472,flow,6,0.0004660538441212338,0.005660254727589908,0.07845585403754098
35,4,400316,occupancy,15,401472,flow,9,3.9688865455131575e-05,0.000701538047324748,0.09207172601450714
35,4,400316,occupancy,15,401472,flow,10,2.0359771451850118e-14,1.7045390052711727e-12,0.17047335735400232
35,4,400316,occupancy,15,401472,flow,11,5.1169796204405336e-21,6.843762216812107e-19,0.20888046298101726
35,4,400316,occupancy,15,401472,flow,12,1.2301733402322477e-20,1.6153035956848968e-18,0.2068674513855829
35,4,400316,occupancy,16,405838,flow,1,6.506271874802212e-15,5.807250929575528e-13,0.17366500708825902
35,4,400316,occupancy,16,405838,flow,2,4.988104404235535e-07,1.475932262075172e-05,0.11251000626050708
35,4,400316,occupancy,16,405838,flow,3,4.673083212300794e-06,0.00010742166469860174,0.1025423783190651
35,4,400316,occupancy,16,405838,flow,4,4.761985962621449e-07,1.4158141334153242e-05,0.112707778072984
35,4,400316,occupancy,16,405838,flow,5,1.1712956241467151e-06,3.133125137036414e-05,0.10880952369309124
35,4,400316,occupancy,16,405838,flow,6,1.2989134755622463e-05,0.00026784277873168993,0.0976695452638873
35,4,400316,occupancy,16,405838,flow,11,0.002755579810883554,0.024038983810615817,0.06714461376644375
35,4,400316,occupancy,16,405838,flow,12,4.038797197293016e-05,0.0007124378886200829,0.09198171278939087
35,4,400316,occupancy,17,400260,flow,1,4.3196825195172396e-15,3.9039808544590954e-13,0.17479627390701072
35,4,400316,occupancy,17,400260,flow,2,1.999720662954681e-06,5.010900965176463e-05,0.10642835357335056
35,4,400316,occupancy,17,400260,flow,3,0.00295413215514844,0.025371472982587,0.06666809036726451
35,4,400316,occupancy,17,400260,flow,4,0.0040743040851494005,0.032417223183955575,0.0644272945602054
35,4,400316,occupancy,17,400260,flow,8,0.0017921556535199774,0.01709830482156869,-0.07002886779274894
35,4,400316,occupancy,17,400260,flow,10,5.308297823005301e-06,0.00011974854618998902,0.10194681736707202
35,4,400316,occupancy,17,400260,flow,11,3.769560197137318e-12,2.405391440418495e-10,0.15500864269975598
35,4,400316,occupancy,17,400260,flow,12,5.933036017280299e-13,4.160830453677093e-11,0.16065882668944553
35,4,400316,occupancy,18,404528,flow,1,3.164689948092366e-27,5.7929917693894155e-25,0.23902451591229323
35,4,400316,occupancy,18,404528,flow,2,1.3006477681815047e-13,9.962408437134929e-12,0.16510874326326863
35,4,400316,occupancy,18,404528,flow,3,1.0358134832418007e-07,3.479560068121757e-06,0.119034955224203
35,4,400316,occupancy,18,404528,flow,4,1.970165757556057e-05,0.00038183562461382525,0.09561736410890234
35,4,400316,occupancy,18,404528,flow,5,0.0002759445724983193,0.0036815335181987004,0.08152503157630986
35,4,400316,occupancy,18,404528,flow,6,0.0019258470752165585,0.018090148651740665,0.06955371581211713
35,4,400316,occupancy,18,404528,flow,9,0.0007726488549839591,0.008651744565916804,0.07539041959871959
35,4,400316,occupancy,18,404528,flow,10,1.1979728647638698e-07,3.965703276459707e-06,0.11844576834618042
35,4,400316,occupancy,18,404528,flow,11,8.856471588543763e-10,4.3427874304777585e-08,0.13696318149599282
35,4,400316,occupancy,18,404528,flow,12,1.216223512463512e-07,4.007693038781367e-06,0.11838435621902721
35,4,400316,occupancy,19,401795,flow,1,1.2035700698190184e-07,3.978135196341362e-06,0.1184268385247771
35,4,400316,occupancy,19,401795,flow,11,0.0015377055867943766,0.015111547541625017,0.07103096079113509
35,4,400316,occupancy,19,401795,flow,12,0.00042468596844521243,0.005252352381786349,0.07900796133288326
35,4,400316,speed,4,400316,flow,10,0.006391785343793264,0.0457387985509142,-0.061172766858829275
35,4,400316,speed,6,405843,flow,1,0.00014017051964069132,0.002065972858573137,-0.08534388995557197
35,4,400316,speed,6,405843,flow,2,0.0004028613573386203,0.005035766966732753,-0.07931980048978128
35,4,400316,speed,7,408093,flow,1,0.006254177153106678,0.04499258168429783,-0.06133338721159577
35,4,400316,speed,9,402391,flow,5,0.003104130594191127,0.026366189868080356,0.06632709069910223
35,4,400316,speed,10,400497,flow,11,0.000932190982802119,0.010045061226503255,-0.07422370062920047
35,4,400316,speed,12,404520,flow,3,0.0016790803992722337,0.016230985287214252,0.07045688332631288
35,4,400316,speed,12,404520,flow,10,0.00040176293634017326,0.005026399898608597,-0.0793359087606676
35,4,400316,speed,12,404520,flow,11,0.004033245504851735,0.032194420881299875,-0.0644988985278113
35,4,400316,speed,14,401469,flow,7,0.005721583166122434,0.04210773301132694,-0.06198661671268944
35,4,400316,speed,16,405838,flow,1,0.005580846782841865,0.04132543383935011,-0.062168372250901736
35,4,400316,speed,16,405838,flow,5,0.002212404423843978,0.02019777495986049,-0.06862959723625553
35,5,400503,flow,0,400593,flow,4,0.004460778143874991,0.03484730846571422,0.06378360610807099
35,5,400503,flow,0,400593,flow,9,0.00012029777319141427,0.0018228213966569964,0.08618462490538786
35,5,400503,flow,1,400125,flow,1,8.410237309387309e-09,3.5205644550923617e-07,0.12879365739535037
35,5,400503,flow,1,400125,flow,2,8.013350335330756e-06,0.00017395815803331087,0.09999958435280773
35,5,400503,flow,1,400125,flow,3,0.0017189596337579285,0.01656458982340899,0.0703029878685418
35,5,400503,flow,1,400125,flow,6,0.0034994307136599597,0.028800801453631217,0.06549555682007463
35,5,400503,flow,1,400125,flow,12,9.107173806559018e-05,0.001437449427999085,0.0876962348384027
35,5,400503,flow,2,400331,flow,1,0.0003281069791247358,0.004245049864686609,0.08052271578794691
35,5,400503,flow,2,400331,flow,2,0.0009063057037515614,0.009822480281502122,0.0743997616007017
35,5,400503,flow,2,400331,flow,9,0.0015344159229087103,0.015092615635167643,0.07104488874330323
35,5,400503,flow,3,400039,flow,1,0.0019255621377216486,0.018090148651740665,0.06955469589175681
35,5,400503,flow,3,400039,flow,5,0.001261015056217211,0.012947599952850962,0.07231114053310288
35,5,400503,flow,4,400316,flow,1,0.001555238721784794,0.015243474412759387,0.0709571874430848
35,5,400503,flow,5,400503,flow,1,1.5445510747585708e-87,7.8499536975965e-85,0.4238378882437475
35,5,400503,flow,5,400503,flow,2,1.0319277243377975e-30,2.2861168046868128e-28,0.2542983161882738
35,5,400503,flow,5,400503,flow,3,1.250167778033307e-07,4.1164060984023525e-06,0.11824287583510645
35,5,400503,flow,5,400503,flow,6,1.7100309017900066e-08,6.771158107912767e-07,0.12611029155686407
35,5,400503,flow,6,405843,flow,1,0.00024961739244768334,0.0033931627922403774,0.08210046796725466
35,5,400503,flow,6,405843,flow,2,0.00042819900065942844,0.005283689468291148,0.07895916858527616
35,5,400503,flow,6,405843,flow,6,1.571840976798718e-05,0.00031583037301257955,0.09673507055616185
35,5,400503,flow,6,405843,flow,8,0.004040561865647977,0.032229001587147824,0.06448609092057311
35,5,400503,flow,9,402391,flow,1,0.00156480925207991,0.015317274623172112,0.07091724024989753
35,5,400503,flow,10,400497,flow,1,6.117942241622504e-06,0.0001360337213847724,0.10127960925694864
35,5,400503,flow,10,400497,flow,6,0.005876359647830323,0.042983192818535375,0.061791323181608494
35,5,400503,flow,10,400497,flow,11,1.3607857814998822e-06,3.59262312706835e-05,0.10814702308563585
35,5,400503,flow,10,400497,flow,12,0.0008696496583039626,0.009484692057240895,0.07465721914967277
35,5,400503,flow,12,404520,flow,1,0.00019666700403333885,0.002763830375484788,0.08345431871639214
35,5,400503,flow,12,404520,flow,10,0.0019510425870939185,0.018279123782792728,0.06946757423885175
35,5,400503,flow,12,404520,flow,11,0.0036656034541190383,0.02983418659884858,0.06517129894546549
35,5,400503,flow,15,401472,flow,1,2.498429789342508e-06,6.14998101992002e-05,0.10542212884038407
35,5,400503,flow,15,401472,flow,2,0.00014654268081051134,0.0021416251052145093,0.08509800539870167
35,5,400503,flow,15,401472,flow,11,0.0009062199022494414,0.009822480281502122,0.07440035289121713
35,5,400503,flow,15,401472,flow,12,2.8670197645862874e-05,0.0005290698583089603,0.09373358341743036
35,5,400503,flow,16,405838,flow,2,0.0023536665772873502,0.02114335540420327,0.06821377110352249
35,5,400503,flow,17,400260,flow,1,2.6074934766966343e-08,9.924556669012741e-07,0.12448827187000662
35,5,400503,flow,18,404528,flow,1,2.36836144535755e-06,5.839795344717246e-05,0.10566457311972204
35,5,400503,flow,19,401795,flow,1,3.930193082525938e-06,9.222397673281941e-05,0.10334620154258471
35,5,400503,flow,19,401795,flow,2,0.006837957413193175,0.04808721475662464,0.06067253935223763
35,5,400503,occupancy,5,400503,flow,6,4.272181767538437e-05,0.0007453887413475786,0.09169156332052854
35,5,400503,occupancy,6,405843,flow,6,0.0043039571972804495,0.033879546450895665,0.06403846162494405
35,5,400503,occupancy,10,400497,flow,1,9.99090387002713e-06,0.0002119877441970393,0.0989419346179045
35,5,400503,occupancy,12,404520,flow,1,0.00037399880852112023,0.00473804942173384,0.07975735704991332
35,5,400503,occupancy,15,401472,flow,1,0.0017378103197666793,0.016705252740080227,0.07023138126870042
35,5,400503,occupancy,15,401472,flow,2,0.006143387550846602,0.044424898258549256,0.06146503099414882
35,5,400503,occupancy,15,401472,flow,12,0.001382248787227748,0.013890008748136477,0.07172123532603213
35,5,400503,occupancy,17,400260,flow,1,0.0008605682754610906,0.009411784683523826,0.07472255592267392
35,5,400503,occupancy,17,400260,flow,4,0.006257028353001029,0.045005598543064344,0.06133002709752076
35,5,400503,occupancy,17,400260,flow,10,0.0012492361220368775,0.012846227201140944,-0.07237121329213318
35,5,400503,occupancy,18,404528,flow,1,0.001522774711972793,0.015007871618768003,0.07109439760457503
35,5,400503,speed,8,401448,flow,11,0.00561358912590582,0.041510963751991,0.062125721029080594
35,5,400503,speed,9,402391,flow,8,8.210256073304892e-05,0.0013204879462649715,0.08825327629268785
35,5,400503,speed,11,405841,flow,10,0.0003203330050496113,0.004151930938536816,0.08066219654621244
35,6,405843,flow,1,400125,flow,1,1.918282231162698e-06,4.863250726891348e-05,0.1066152522540233
35,6,405843,flow,1,400125,flow,3,0.002071129851405018,0.019159059867386894,0.06907052862682057
35,6,405843,flow,2,400331,flow,2,4.146378173867113e-05,0.0007266674933511533,0.09184604298504817
35,6,405843,flow,2,400331,flow,4,0.00014166843439834267,0.002082366915960668,0.08528515755039695
35,6,405843,flow,2,400331,flow,6,0.00025195597704902035,0.0034174248692363197,0.08204710635652447
35,6,405843,flow,2,400331,flow,8,0.001437458990886074,0.014295172285054879,0.07146825300156462
35,6,405843,flow,2,400331,flow,9,0.0005023102871301881,0.0060411482193831086,0.07800833129343725
35,6,405843,flow,2,400331,flow,10,0.004112181347281647,0.0326735762741525,0.06436181663080075
35,6,405843,flow,3,400039,flow,12,0.004240579601172775,0.033527276495363086,0.0641438525900907
35,6,405843,flow,5,400503,flow,5,0.0008662356623537876,0.009463925952249945,0.07468170694813282
35,6,405843,flow,5,400503,flow,6,0.0003110238349852972,0.004059212837782743,0.0808334490659697
35,6,405843,flow,5,400503,flow,11,0.0005445599601344451,0.006466462418308968,0.07752332851592646
35,6,405843,flow,6,405843,flow,1,1.752505514503035e-85,8.80328351471292e-83,0.41939469668446105
35,6,405843,flow,6,405843,flow,2,2.776040000645048e-13,2.0395395923106473e-11,0.16288157516076177
35,6,405843,flow,6,405843,flow,3,1.4713167754199654e-25,2.4828470585211916e-23,0.23138089140426923
35,6,405843,flow,6,405843,flow,5,1.3278575949974135e-05,0.00027263996247095187,0.09756198850192495
35,6,405843,flow,6,405843,flow,9,0.0020244588748464807,0.01883217557996726,0.06922226506163043
35,6,405843,flow,6,405843,flow,10,3.859820444613961e-05,0.0006842192991683344,0.09221520171094355
35,6,405843,flow,6,405843,flow,11,0.0003485933116623002,0.004475149617057302,0.08016944022735642
35,6,405843,flow,7,408093,flow,1,0.00011309706828836337,0.00172764969945449,0.08652193298271858
35,6,405843,flow,7,408093,flow,2,0.0008491268688848587,0.009308110048090219,0.07480578769692937
35,6,405843,flow,7,408093,flow,4,0.0030051895733526207,0.025687413844248757,0.06655028196752842
35,6,405843,flow,7,408093,flow,7,0.001620634045589188,0.015768331254381287,0.07068861313532891
35,6,405843,flow,8,401448,flow,1,0.004448885623722809,0.03477326921382764,0.0638026463933956
35,6,405843,flow,8,401448,flow,11,0.002221598712658285,0.020273144145931118,0.06860180314391132
35,6,405843,flow,10,400497,flow,1,0.0016976859058459195,0.01638883377263547,0.07038467061687836
35,6,405843,flow,10,400497,flow,6,0.00022836433573770378,0.0031508589280960725,0.08260812212860379
35,6,405843,flow,10,400497,flow,10,0.0015553989632278561,0.015243474412759387,0.07095651673893691
35,6,405843,flow,10,400497,flow,11,1.0166764377936241e-08,4.2029112069554603e-07,0.1280818378589207
35,6,405843,flow,10,400497,flow,12,1.982828400356185e-06,4.980127145080651e-05,0.10646651250406149
35,6,405843,flow,11,405841,flow,6,0.0004031911200458453,0.0050378664388658284,0.07931497254313949
35,6,405843,flow,11,405841,flow,8,0.0005215281041310494,0.0062410011353078495,0.07778318951522886
35,6,405843,flow,12,404520,flow,9,0.0008713479863595432,0.00949602245477605,0.0746450705935534
35,6,405843,flow,14,401469,flow,1,0.001579207630269342,0.015431298264563575,0.07085756320033773
35,6,405843,flow,14,401469,flow,5,2.6105914785991326e-07,8.055539419677323e-06,0.11524082846611304
35,6,405843,flow,14,401469,flow,8,0.000864102468932964,0.009445654518700415,0.07469705328038595
35,6,405843,flow,15,401472,flow,2,0.0009921316657379973,0.010603683315161178,0.0738327793373813
35,6,405843,flow,15,401472,flow,4,0.004690675511478761,0.036244202120524156,0.06342428244641216
35,6,405843,flow,15,401472,flow,11,2.829264392713821e-05,0.0005227725481832209,0.09380074587710015
35,6,405843,flow,15,401472,flow,12,0.0016482395510467424,0.016000887327015566,0.07057822077720848
35,6,405843,flow,16,405838,flow,1,3.6217673910451297e-06,8.610916416794145e-05,0.1037236040166622
35,6,405843,flow,16,405838,flow,4,0.002002490397594598,0.0186398589045651,0.06929480216978712
35,6,405843,flow,16,405838,flow,6,5.6202163811100645e-05,0.0009502675055340695,0.0902627967381054
35,6,405843,flow,17,400260,flow,1,4.5097615082228705e-08,1.6316725054876717e-06,0.1223200358060037
35,6,405843,flow,17,400260,flow,12,0.006119986347556385,0.0442844597201981,0.06149311007485067
35,6,405843,flow,19,401795,flow,1,6.5203839744351e-06,0.00014422969160040773,0.10097882674849586
35,6,405843,flow,19,401795,flow,2,5.635083433102082e-05,0.0009518647184702846,0.0902489323165092
35,6,405843,flow,19,401795,flow,4,0.0012797444584281756,0.01310070156495194,0.07221667799637708
35,6,405843,flow,19,401795,flow,7,0.002389401443490865,0.021410940128356225,0.06811220509786088
35,6,405843,flow,19,401795,flow,12,0.004538880432498859,0.03531057710858107,0.06365969199321118
35,6,405843,occupancy,1,400125,flow,1,0.00429790905221913,0.0338566139780938,0.06404845820493359
35,6,405843,occupancy,2,400331,flow,6,0.0052760372756166804,0.039644975275010534,0.06257663508885374
35,6,405843,occupancy,2,400331,flow,12,0.006011867725862891,0.04367855461777277,0.06162410945508627
35,6,405843,occupancy,6,405843,flow,2,3.133146952668397e-07,9.518421122030574e-06,0.11447761025187458
35,6,405843,occupancy,6,405843,flow,4,0.00474531038918709,0.0365929012866204,0.06334123707872152
35,6,405843,occupancy,6,405843,flow,5,9.16579748432357e-06,0.0001965074200113043,0.09935651496762442
35,6,405843,occupancy,6,405843,flow,8,0.0030144661248352254,0.025746329891831107,0.06652907362083509
35,6,405843,occupancy,6,405843,flow,10,2.0645936152615603e-07,6.472456036233628e-06,0.11621522801013308
35,6,405843,occupancy,6,405843,flow,12,0.0033125297302155614,0.02771132539607131,0.06587743593528561
35,6,405843,occupancy,7,408093,flow,7,0.0028339529402037814,0.02460839538026198,0.0669528894486931
35,6,405843,occupancy,9,402391,flow,2,0.005948827997297804,0.04335322200972174,0.061701472179715985
35,6,405843,occupancy,10,400497,flow,1,0.002364239737657063,0.021220684950505945,0.06818357382157603
35,6,405843,occupancy,10,400497,flow,11,0.004049036803366349,0.03229063871246562,0.06447128144392228
35,6,405843,occupancy,10,400497,flow,12,0.0012055347777475763,0.012447204206189125,0.07259875492201452
35,6,405843,occupancy,14,401469,flow,5,0.0021062265038782587,0.01940891317566996,0.06895847357155964
35,6,405843,occupancy,16,405838,flow,1,9.61262006132023e-05,0.0015056750784954095,0.08740474157786729
35,6,405843,occupancy,16,405838,flow,4,0.0006049518811248298,0.007059406068231401,0.07688765224403445
35,6,405843,occupancy,16,405838,flow,6,0.000696852721450033,0.007947211606821918,0.07602541986872424
35,6,405843,occupancy,19,401795,flow,1,0.006975370976746349,0.048744099999262734,0.060524380094731975
35,6,405843,occupancy,19,401795,flow,2,0.0029585309503493036,0.025404201362570048,0.06665786793420175
35,6,405843,occupancy,19,401795,flow,4,3.131466779788589e-05,0.0005717640105108498,0.09328543830924992
35,6,405843,occupancy,19,401795,flow,7,0.006803835449540705,0.04790964815324506,0.06070974371245276
35,6,405843,speed,1,400125,flow,10,0.005343523734827689,0.04004166961744253,0.062484442714252936
35,6,405843,speed,2,400331,flow,12,0.003957783412656827,0.0317151258443285,-0.06463224239649841
35,6,405843,speed,6,405843,flow,1,0.004972011871644019,0.0380430238850552,-0.06300563387204379
35,6,405843,speed,7,408093,flow,5,0.0012054755525825744,0.012447204206189125,-0.07259906842487499
35,6,405843,speed,9,402391,flow,2,0.0015539635095507146,0.015236319476302967,-0.07096252721973693
35,6,405843,speed,10,400497,flow,1,0.0005342320088948935,0.006363061148127764,-0.07763856430538355
35,6,405843,speed,12,404520,flow,1,0.004382859659180685,0.034375369875926945,-0.06390920183149398
35,6,405843,speed,14,401469,flow,3,0.00617033645790869,0.04455265501949782,0.061432814022124985
35,6,405843,speed,15,401472,flow,2,0.004698646517096917,0.036296718630795324,-0.06341211212637143
35,6,405843,speed,17,400260,flow,4,0.001827025774625026,0.01736784422623804,-0.06990187756079483
35,6,405843,speed,19,401795,flow,4,0.0002528552243367257,0.003428545414735264,-0.0820267108896828
35,7,408093,flow,0,400593,flow,8,0.001331533076774224,0.013487040777642782,0.0719619669826502
35,7,408093,flow,2,400331,flow,1,0.00708332842080244,0.04926739458680814,0.06040980669569459
35,7,408093,flow,2,400331,flow,7,0.00038082664225199363,0.004813256566789386,0.07965106954165967
35,7,408093,flow,2,400331,flow,10,3.257427176898414e-05,0.0005915126273308594,0.0930844815308217
35,7,408093,flow,2,400331,flow,12,0.0038685313785107762,0.031144345052490783,0.06479296440325855
35,7,408093,flow,5,400503,flow,9,0.006705171892749835,0.047400331495138746,0.060818270560813646
35,7,408093,flow,6,405843,flow,1,6.460055179903466e-05,0.0010741893139793292,0.089529214610894
35,7,408093,flow,6,405843,flow,2,0.00010271409783275436,0.0015921237984840287,0.08704579758218277
35,7,408093,flow,6,405843,flow,3,3.698074101948268e-05,0.0006598793936561966,0.09243522064937468
35,7,408093,flow,6,405843,flow,7,0.0008264226218714782,0.009119146172374932,0.07497407628978191
35,7,408093,flow,6,405843,flow,9,8.865776624498072e-07,2.456712958167522e-05,0.11002985807335068
35,7,408093,flow,6,405843,flow,10,0.0024292946475485445,0.021669528964298395,0.06800044876424613
35,7,408093,flow,6,405843,flow,11,0.002605879063452589,0.022960223443025052,0.06752508758735262
35,7,408093,flow,6,405843,flow,12,0.00038111805771612355,0.004815530884275091,0.07964657284714038
35,7,408093,flow,7,408093,flow,1,8.331045030354091e-26,1.4512142956100674e-23,0.232539584554674
35,7,408093,flow,7,408093,flow,2,7.047151381422256e-11,3.903037688172326e-09,0.1456081038036953
35,7,408093,flow,7,408093,flow,3,2.7468348479105855e-18,3.1145214023553096e-16,0.19391629663344886
35,7,408093,flow,7,408093,flow,4,3.2226203632723766e-27,5.874143446977497e-25,0.2390472277158169
35,7,408093,flow,7,408093,flow,5,1.9455535695094705e-06,4.902579122710129e-05,0.10655183094712095
35,7,408093,flow,7,408093,flow,6,1.367951530311571e-10,7.386938263682483e-09,0.14339292833210837
35,7,408093,flow,7,408093,flow,7,2.8524485293669023e-08,1.0780907827528451e-06,0.1241403892437428
35,7,408093,flow,7,408093,flow,9,2.411021028450205e-08,9.225518904255877e-07,0.12479102220818977
35,7,408093,flow,7,408093,flow,10,6.616749229180944e-05,0.0010953663191744475,0.08940241635408581
35,7,408093,flow,7,408093,flow,11,0.0015449773767976787,0.015169158489732902,0.07100027014958293
35,7,408093,flow,7,408093,flow,12,1.711439145177182e-11,1.018377012006257e-09,0.15022548854664744
35,7,408093,flow,8,401448,flow,1,0.006395936214316445,0.04575334400703269,0.06116797032813385
35,7,408093,flow,10,400497,flow,1,0.0014728318430580868,0.014579820261253288,0.07131083248716116
35,7,408093,flow,10,400497,flow,7,0.00023376477481137618,0.0032120350737441,0.0824750561285741
35,7,408093,flow,10,400497,flow,11,0.0010330194066349373,0.010967421569582034,0.07357846716816527
35,7,408093,flow,10,400497,flow,12,0.005983334958628532,0.043529819840477026,0.06165903410673863
35,7,408093,flow,11,405841,flow,4,0.00019440528824214804,0.002737388674074575,0.08351949653970406
35,7,408093,flow,11,405841,flow,7,0.0007024400644574709,0.007989264445735056,0.07597647285985265
35,7,408093,flow,11,405841,flow,9,0.0037168351444349114,0.03015914317047111,0.06507402179389168
35,7,408093,flow,11,405841,flow,10,0.006666707140719041,0.04720566275677144,0.060860969553385956
35,7,408093,flow,12,404520,flow,8,6.648774808415078e-05,0.001098382683455187,0.08937685083549471
35,7,408093,flow,14,401469,flow,1,0.001038602805632784,0.011013166716577386,0.07354446485692942
35,7,408093,flow,14,401469,flow,3,8.639747798489824e-09,3.60964318080039e-07,0.12869285176350026
35,7,408093,flow,14,401469,flow,6,0.001673427848349474,0.016201721884513062,0.07047896801722157
35,7,408093,flow,14,401469,flow,8,0.0003359205771523849,0.004333164805309951,0.08038560411852554
35,7,408093,flow,14,401469,flow,9,0.0013696376090536666,0.01380180655729377,0.07178032652156252
35,7,408093,flow,14,401469,flow,10,0.004629213849057669,0.03585192511281665,0.06351875698072443
35,7,408093,flow,14,401469,flow,12,0.0007904398128510535,0.008800773174011728,0.07524977689460513
35,7,408093,flow,15,401472,flow,8,0.0014950001857699517,0.014765433933530386,0.07121394161379478
35,7,408093,flow,16,405838,flow,3,0.0008344185227124183,0.009188600606978452,0.07491432553239583
35,7,408093,flow,16,405838,flow,7,0.0006956945288529812,0.007936098137430363,0.07603561161282925
35,7,408093,flow,17,400260,flow,9,0.0022815158282657125,0.02065331397817529,0.06842321322189825
35,7,408093,flow,18,404528,flow,1,2.1934890259166118e-06,5.452170651300208e-05,0.10598492711470343
35,7,408093,flow,18,404528,flow,3,0.0022143443433427948,0.020211213951491388,0.06862372411789894
35,7,408093,flow,19,401795,flow,2,0.002818476710364973,0.024498630560918878,0.06699036228662433
35,7,408093,occupancy,1,400125,flow,8,0.0021382016092211897,0.019653257344330936,0.06885786465466234
35,7,408093,occupancy,2,400331,flow,5,0.002264948405144855,0.020538574958492387,0.06847216077010451
35,7,408093,occupancy,2,400331,flow,6,0.0008861848893659758,0.009638264657756836,0.07453986176298176
35,7,408093,occupancy,2,400331,flow,7,0.0011128612926746284,0.011629319749284942,0.07310762147357397
35,7,408093,occupancy,2,400331,flow,10,0.0008097329111310648,0.00897164959242421,0.07510053952377255
35,7,408093,occupancy,2,400331,flow,12,0.00028234821730439076,0.003756526944117549,0.08139286197631597
35,7,408093,occupancy,5,400503,flow,2,0.0007625858049132719,0.008567934141028178,0.07547130684177977
35,7,408093,occupancy,5,400503,flow,5,0.0011856856893597125,0.012283362537251697,0.07270462882863624
35,7,408093,occupancy,6,405843,flow,1,0.00025185320316155834,0.0034171037614884802,0.08204944167193105
35,7,408093,occupancy,6,405843,flow,2,3.004789107118493e-08,1.127774886425012e-06,0.12393836633364341
35,7,408093,occupancy,6,405843,flow,3,0.0001069251475718409,0.0016461747594809432,0.08682756722065287
35,7,408093,occupancy,6,405843,flow,5,0.0022361038538508413,0.020375382089507774,0.06855816792512702
35,7,408093,occupancy,6,405843,flow,6,0.0038224985630693586,0.030831506173771228,0.06487717887791966
35,7,408093,occupancy,6,405843,flow,7,2.892956095973758e-05,0.0005334003557237148,0.09368793075702779
35,7,408093,occupancy,6,405843,flow,9,3.258916205865506e-05,0.0005915343701402935,0.09308215035061702
35,7,408093,occupancy,6,405843,flow,10,0.00010377603276644997,0.0016068547008998707,0.08698997994880044
35,7,408093,occupancy,6,405843,flow,11,9.16053314932425e-06,0.00019649207152473068,0.09935927277144062
35,7,408093,occupancy,6,405843,flow,12,1.1321031615919359e-05,0.00023695182451924238,0.09833787472825077
35,7,408093,occupancy,7,408093,flow,2,1.7418185721583672e-10,9.255419719217893e-09,0.14257745442498276
35,7,408093,occupancy,7,408093,flow,3,1.5718230095435817e-15,1.4761468263539723e-13,0.17751260996046822
35,7,408093,occupancy,7,408093,flow,5,0.0017323490981489473,0.016660169421200917,0.07025205264750126
35,7,408093,occupancy,7,408093,flow,6,1.260838397123797e-07,4.148379189318205e-06,0.11823790306806722
35,7,408093,occupancy,7,408093,flow,7,1.8404315456135817e-07,5.837492127056295e-06,0.11668964868458154
35,7,408093,occupancy,7,408093,flow,9,7.193088548755851e-07,2.0430073984632005e-05,0.11093758441813893
35,7,408093,occupancy,7,408093,flow,10,2.6194674209948155e-05,0.000492004315595548,0.09419021471522207
35,7,408093,occupancy,7,408093,flow,12,3.1947029350069836e-09,1.4331377652367777e-07,0.13236772120456855
35,7,408093,occupancy,8,401448,flow,8,0.0024494209031769164,0.021803668854598487,0.06794470285530804
35,7,408093,occupancy,8,401448,flow,11,0.0033428760726540558,0.02786805216878719,0.06581411965070823
35,7,408093,occupancy,9,402391,flow,2,0.00016351811177327204,0.0023578045489336956,0.08448901287673134
35,7,408093,occupancy,9,402391,flow,7,0.002257656608759798,0.020502888280321447,0.06849380793703125
35,7,408093,occupancy,10,400497,flow,1,0.003877110372359203,0.03118435451236596,0.06477737025578767
35,7,408093,occupancy,10,400497,flow,6,0.0034428139422774244,0.02843777481957643,0.06560923800981258
35,7,408093,occupancy,10,400497,flow,7,0.00018636405340751605,0.002640513974157,0.08375714087308517
35,7,408093,occupancy,10,400497,flow,8,0.003482684056422781,0.028679365466539108,0.06552900729192311
35,7,408093,occupancy,11,405841,flow,4,0.0028288520888672315,0.024569041061331804,0.06696521954691315
35,7,408093,occupancy,11,405841,flow,7,0.0023548680184329717,0.021149750186341867,0.06821033350625944
35,7,408093,occupancy,12,404520,flow,7,0.0014079148080940874,0.014072632973082965,0.07160249299204519
35,7,408093,occupancy,12,404520,flow,8,0.0002562292189949705,0.003465592442261342,0.08195078782721898
35,7,408093,occupancy,14,401469,flow,3,0.00035799453337639,0.0045769055465700054,0.08001377493120239
35,7,408093,occupancy,15,401472,flow,8,0.0004981953811753894,0.006000011281510126,0.07805757998195104
35,7,408093,occupancy,18,404528,flow,3,0.0011800810483030984,0.012231166335579139,0.07273481992057322
35,7,408093,speed,3,400039,flow,5,0.0048146929411890865,0.037008731134149056,-0.06323701268151297
35,7,408093,speed,7,408093,flow,1,0.004635539121853537,0.03588804481434996,-0.06350898200146483
35,7,408093,speed,7,408093,flow,3,0.005868980474124011,0.04294375956676105,-0.06178498526564486
35,8,401448,flow,1,400125,flow,1,0.0009257300904603646,0.009995386130439328,0.07426721698154985
35,8,401448,flow,1,400125,flow,12,0.00011918001292892333,0.0018109660775692887,0.08623571631953329
35,8,401448,flow,3,400039,flow,1,0.001727016536257368,0.01661998537899717,0.07025463115635004
35,8,401448,flow,4,400316,flow,8,0.0027435968809987974,0.023953796535801947,0.06717436524780139
35,8,401448,flow,5,400503,flow,11,0.0042844165914612,0.03376880072087646,0.06407080501750412
35,8,401448,flow,6,405843,flow,1,0.006948694631697866,0.04861273005495511,0.06055293633552255
35,8,401448,flow,6,405843,flow,2,0.0005462341390136369,0.006479943098562928,0.07750484050831927
35,8,401448,flow,7,408093,flow,4,0.003010640180825336,0.025723824329836727,0.06653781339735294
35,8,401448,flow,8,401448,flow,1,2.1060740200412778e-72,9.783053512449806e-70,0.3879399250112353
35,8,401448,flow,8,401448,flow,2,2.4513941641195883e-32,5.693560639245495e-30,0.2611371094563979
35,8,401448,flow,8,401448,flow,3,2.0800046881566496e-08,8.117091465977169e-07,0.12535980931859442
35,8,401448,flow,8,401448,flow,4,1.594650300711799e-07,5.121850779981391e-06,0.11727875509383755
35,8,401448,flow,8,401448,flow,5,0.00016276609765806277,0.002347744714132992,0.08451470451681209
35,8,401448,flow,8,401448,flow,6,6.197448474672098e-08,2.189123255158092e-06,0.12109344936424646
35,8,401448,flow,8,401448,flow,10,8.422006586597951e-06,0.000181824430055488,0.09976199512456224
35,8,401448,flow,8,401448,flow,12,0.005639411591822377,0.04165200560210749,0.06209224175283764
35,8,401448,flow,10,400497,flow,11,5.7302387770891114e-12,3.603294252842061e-10,0.15369966084952882
35,8,401448,flow,10,400497,flow,12,0.00010174186450803256,0.0015787530699522294,0.08709737961540531
35,8,401448,flow,11,405841,flow,6,0.0002872856941757223,0.0038081442124551098,0.0812928563372607
35,8,401448,flow,11,405841,flow,9,0.0018331866808481577,0.017408793961651386,0.06987967238954748
35,8,401448,flow,12,404520,flow,11,0.006235125355992714,0.04490202240832524,0.06135587501969541
35,8,401448,flow,15,401472,flow,1,3.367555870639031e-07,1.0194703126251307e-05,0.11417446317979302
35,8,401448,flow,16,405838,flow,1,0.00028263254596802925,0.003759152089229946,0.0813870588061923
35,8,401448,flow,17,400260,flow,1,1.0575285505493098e-06,2.860690881886674e-05,0.10925875330011929
35,8,401448,flow,18,404528,flow,1,0.0009912793599638336,0.010597195830348332,0.07383818293973805
35,8,401448,flow,19,401795,flow,1,0.0013551139754542213,0.013665014878529964,0.07184900327074334
35,8,401448,flow,19,401795,flow,6,0.0038926548328755656,0.031291903382996734,0.06474919450906022
35,8,401448,occupancy,0,400593,flow,6,0.005318938785552153,0.03990589710591404,0.06251790557778746
35,8,401448,occupancy,0,400593,flow,7,0.0013243708859109898,0.013436548208397079,0.07199664254388888
35,8,401448,occupancy,2,400331,flow,1,0.006756186302406608,0.04766736048733717,0.060761978563807544
35,8,401448,occupancy,2,400331,flow,10,0.00018418788310271467,0.0026174067598806823,0.08382310961003793
35,8,401448,occupancy,5,400503,flow,6,8.339962820003917e-06,0.0001801431969120846,0.09980879788259922
35,8,401448,occupancy,5,400503,flow,11,0.0024707597010721017,0.021966828377508706,0.06788605404433135
35,8,401448,occupancy,6,405843,flow,1,0.00011636161883432057,0.0017731583613363297,0.08636657389496684
35,8,401448,occupancy,6,405843,flow,4,0.003257061875161421,0.027342610378346944,0.06599454395518678
35,8,401448,occupancy,6,405843,flow,5,0.0017442156059859558,0.016750995372190335,0.07020721241419652
35,8,401448,occupancy,8,401448,flow,2,7.467730232492107e-09,3.1412458232099225e-07,-0.12923775687967018
35,8,401448,occupancy,8,401448,flow,6,0.00015529915740587806,0.002259657662490378,0.0847760403154042
35,8,401448,occupancy,8,401448,flow,10,0.004113689614089822,0.032677586046267366,0.06435922064888441
35,8,401448,occupancy,9,402391,flow,1,0.0009652291964958406,0.010354581894368093,0.07400544939417195
35,8,401448,occupancy,10,400497,flow,3,0.00017637140586832979,0.0025237644032831555,-0.0840662556321487
35,8,401448,occupancy,10,400497,flow,5,0.00046682393026597477,0.005666421406993569,0.07844601622225182
35,8,401448,occupancy,10,400497,flow,6,0.003547002903389751,0.029064970680280206,0.06540132203163496
35,8,401448,occupancy,10,400497,flow,9,0.002116090744218164,0.01946659287696437,-0.06892728753743195
35,8,401448,occupancy,10,400497,flow,10,0.002313114482678489,0.020865847912238614,0.06833075201585942
35,8,401448,occupancy,10,400497,flow,11,1.7773563491817222e-12,1.1941181070707683e-10,0.15733090759045115
35,8,401448,occupancy,10,400497,flow,12,0.0001201465899031171,0.0018211693627419856,0.08619150908208785
35,8,401448,occupancy,11,405841,flow,6,9.814161272969169e-05,0.0015305839963619785,0.08729252851562375
35,8,401448,occupancy,11,405841,flow,7,4.636542130770539e-06,0.00010671210444820846,0.10257895441673474
35,8,401448,occupancy,15,401472,flow,1,0.00013826674806243224,0.002044190115091401,0.08541939421726598
35,8,401448,occupancy,15,401472,flow,5,0.0014966854457375885,0.014777733510677576,0.07120663007877219
35,8,401448,occupancy,16,405838,flow,2,0.0019884175106802135,0.018548831021676794,0.06934165349172024
35,8,401448,occupancy,17,400260,flow,6,0.003005056752758559,0.025687413844248757,0.06655058605929222
35,8,401448,occupancy,18,404528,flow,1,0.005096937847891622,0.03867692166325629,0.0628265633835965
35,8,401448,occupancy,19,401795,flow,1,2.0115932092509055e-05,0.0003889920619500408,0.09551377776097161
35,8,401448,occupancy,19,401795,flow,6,1.7979714092233053e-05,0.00035337745622587255,0.09607140111293519
35,8,401448,occupancy,19,401795,flow,12,0.0006989788858875633,0.00796725273623819,0.07600675114201894
35,8,401448,speed,2,400331,flow,10,0.0007702045564932857,0.00863556627057097,-0.0754099767190976
35,8,401448,speed,10,400497,flow,5,0.002949654481523495,0.025359050772701206,-0.06667851037172466
35,8,401448,speed,11,405841,flow,7,0.00026996121722811206,0.003612863873684771,-0.0816511483381237
35,8,401448,speed,15,401472,flow,5,0.0013101163833524477,0.01332220468206583,-0.07206617292902405
35,8,401448,speed,16,405838,flow,3,0.003989110279640283,0.03190697353831887,0.06457660918181402
35,8,401448,speed,16,405838,flow,10,0.0007505913965197152,0.008461781923186768,-0.0755690222377656
35,8,401448,speed,17,400260,flow,6,0.00023763891460455998,0.0032569800478797557,-0.0823813620416411
35,9,402391,flow,0,400593,flow,11,0.0015696672480891652,0.01535196402930766,0.07089704901561507
35,9,402391,flow,1,400125,flow,1,4.1600929406458e-10,2.12179474658676e-08,0.1395997231512804
35,9,402391,flow,1,400125,flow,3,0.001193209245123537,0.012343198912058019,0.072664307404826
35,9,402391,flow,1,400125,flow,4,4.112239885166984e-06,9.587089208808079e-05,0.10313654614925478
35,9,402391,flow,1,400125,flow,5,0.0004627459590463277,0.005630902576452208,0.07849828521873976
35,9,402391,flow,1,400125,flow,6,0.005042714009917695,0.0384274554998138,0.06290379596693019
35,9,402391,flow,1,400125,flow,10,0.0028750915936536525,0.024850731661832288,0.06685418012304137
35,9,402391,flow,1,400125,flow,11,9.973824616543302e-07,2.7218523274458035e-05,0.10951540868819662
35,9,402391,flow,1,400125,flow,12,1.8749875796086595e-05,0.00036552104440024406,0.09586342785949813
35,9,402391,flow,2,400331,flow,3,0.0004313003214317533,0.005308311648390809,0.0789164035260115
35,9,402391,flow,2,400331,flow,8,0.001651439395460372,0.01602241784137558,0.0705655349905285
35,9,402391,flow,2,400331,flow,9,0.007117108906064481,0.04940670812451725,0.06037427780959365
35,9,402391,flow,2,400331,flow,11,0.0071858609745040925,0.04979436789301312,0.060302432110901805
35,9,402391,flow,2,400331,flow,12,0.0013303462050068791,0.013481473194127748,0.071967701285888
35,9,402391,flow,3,400039,flow,1,0.0028041859433653796,0.024418631879335698,0.06702513185082454
35,9,402391,flow,3,400039,flow,2,0.003317287788948612,0.02772965024817725,0.06586747365311599
35,9,402391,flow,3,400039,flow,6,0.002971423704441924,0.025474400482613832,0.06662798588206804
35,9,402391,flow,5,400503,flow,2,0.002068638919763632,0.01914421622403361,0.06907854755949804
35,9,402391,flow,5,400503,flow,4,0.003514083643233608,0.02887738508420998,0.06546640763355092
35,9,402391,flow,5,400503,flow,5,0.0003450600741233671,0.0044338474723764005,0.08022895977063162
35,9,402391,flow,5,400503,flow,6,0.000524631751167525,0.006274665462468737,0.07774755624569285
35,9,402391,flow,5,400503,flow,7,0.0007586030526810122,0.00854095696529052,0.07550359418476248
35,9,402391,flow,5,400503,flow,9,0.0004467286884098855,0.005468597149137731,0.07870782974335856
35,9,402391,flow,5,400503,flow,10,1.741574349549303e-05,0.00034432957391546863,0.09622914552482785
35,9,402391,flow,5,400503,flow,12,0.0028918685773121843,0.0249657718904649,0.06681429437742264
35,9,402391,flow,6,405843,flow,1,4.1347076938898384e-05,0.000724916283993673,0.09186059813119914
35,9,402391,flow,6,405843,flow,3,3.962003536085771e-05,0.0007008949744426918,0.09208066935740834
35,9,402391,flow,6,405843,flow,6,0.0005028265413649493,0.006045673973550184,0.07800217913258511
35,9,402391,flow,6,405843,flow,7,0.005246241236880364,0.03947809206584913,0.0626176781953915
35,9,402391,flow,6,405843,flow,10,7.208966440555971e-05,0.001176974112743832,0.0889475347625995
35,9,402391,flow,6,405843,flow,11,1.1434552111762739e-05,0.00023886491838885412,0.0982895042407799
35,9,402391,flow,6,405843,flow,12,9.729751217635721e-07,2.6654156466312836e-05,0.10962383106605905
35,9,402391,flow,8,401448,flow,10,0.001262124411061847,0.012954092315959086,0.07230550950972459
35,9,402391,flow,9,402391,flow,1,2.222588956068061e-51,7.219236308431597e-49,0.3289462502219337
35,9,402391,flow,9,402391,flow,2,5.579380242405668e-20,7.089094896233084e-18,0.20329767646607394
35,9,402391,flow,9,402391,flow,3,1.7463027281513227e-09,8.22685690906621e-08,0.13455053921478333
35,9,402391,flow,9,402391,flow,4,3.782002502012407e-14,3.071099776070225e-12,0.1687147694048452
35,9,402391,flow,9,402391,flow,5,5.709424867930404e-09,2.4516217509430844e-07,0.13023540048560941
35,9,402391,flow,9,402391,flow,6,0.0014781486095568701,0.014622399801432743,0.07128747277645649
35,9,402391,flow,9,402391,flow,7,0.0015817660063756948,0.015452802233249664,0.07084701188987626
35,9,402391,flow,9,402391,flow,8,0.002680587777566242,0.02348436260208105,0.06733278502574218
35,9,402391,flow,9,402391,flow,9,0.000997252682452526,0.010647878369241009,0.07380040232469297
35,9,402391,flow,9,402391,flow,10,1.8256398138830522e-09,8.572569560842158e-08,0.13439116338856047
35,9,402391,flow,9,402391,flow,12,0.0003398120943892619,0.00437682840716044,0.08031842518381052
35,9,402391,flow,10,400497,flow,5,0.0002309217770776853,0.0031800512495237503,0.08254474346601073
35,9,402391,flow,10,400497,flow,10,1.719046396985132e-09,8.116153480847836e-08,0.13460692435267635
35,9,402391,flow,10,400497,flow,11,7.678692502638585e-08,2.6495169018689046e-06,0.1202387047997113
35,9,402391,flow,10,400497,flow,12,2.8094737450120686e-05,0.0005205322353286403,0.09383629203294273
35,9,402391,flow,11,405841,flow,4,0.0035796431772727607,0.02927135817872104,0.06533732795719575
35,9,402391,flow,11,405841,flow,6,0.001721753162894352,0.016587809241087423,0.0702923309049132
35,9,402391,flow,11,405841,flow,10,0.0006377323848198653,0.007378222121321767,0.07656693528031103
35,9,402391,flow,11,405841,flow,12,0.00027715406658663453,0.0036931078582796463,0.0814998494334886
35,9,402391,flow,12,404520,flow,9,0.0031590148363136797,0.026732505568805284,0.06620606295132386
35,9,402391,flow,12,404520,flow,10,0.0003149664600320815,0.004095891352614667,0.08076034253996212
35,9,402391,flow,13,400183,flow,1,0.005845823053948791,0.0428323534482001,0.06182948362323119
35,9,402391,flow,13,400183,flow,4,0.0008477376921121968,0.009299712620428365,0.0748159640748038
35,9,402391,flow,13,400183,flow,9,8.433686821243179e-05,0.0013513919535523193,0.08810932662258668
35,9,402391,flow,13,400183,flow,10,0.00086947351666915,0.009484692057240895,0.0746584803916914
35,9,402391,flow,15,401472,flow,1,6.490756388240387e-05,0.0010768075114131518,0.08950414345588935
35,9,402391,flow,15,401472,flow,2,2.3130956028311797e-06,5.719847168992958e-05,0.10577147736601304
35,9,402391,flow,15,401472,flow,6,0.0012861591221455483,0.013144564484667066,0.07218461837877672
35,9,402391,flow,15,401472,flow,11,6.224862526635666e-10,3.116037788536046e-08,0.13819970263869125
35,9,402391,flow,15,401472,flow,12,8.810897649145629e-05,0.0013998925282938256,0.08787428035803417
35,9,402391,flow,16,405838,flow,3,0.00035446320283078777,0.004537128996234084,0.08007179365400267
35,9,402391,flow,17,400260,flow,1,0.0003489714836932789,0.004477448201826447,0.08016310313163338
35,9,402391,flow,18,404528,flow,1,0.0022872783629213677,0.02067596260267903,0.06840626437092492
35,9,402391,flow,19,401795,flow,1,4.1715193675941356e-08,1.5130951862306186e-06,0.12265704907683853
35,9,402391,flow,19,401795,flow,2,0.004386807528136598,0.0343938448666971,0.06390278986771177
35,9,402391,flow,19,401795,flow,5,0.00013229559098612608,0.0019714279167301297,0.08566272799877682
35,9,402391,flow,19,401795,flow,12,4.031700233844397e-07,1.2111922816556184e-05,0.11341476738026311
35,9,402391,occupancy,1,400125,flow,1,0.003385884920191365,0.028131430005899478,0.06572527374456527
35,9,402391,occupancy,2,400331,flow,8,0.005058860022718952,0.03850038642722569,0.06288072061316409
35,9,402391,occupancy,5,400503,flow,11,0.006917296822759933,0.048479432631932044,0.060586673098780325
35,9,402391,occupancy,6,405843,flow,3,0.004384344234084376,0.03438077163050373,0.06390679003349622
35,9,402391,occupancy,7,408093,flow,3,0.0033753838707250333,0.028065292223498267,0.06574687122154245
35,9,402391,occupancy,7,408093,flow,7,0.0052487819563067604,0.03948926863679068,-0.06261417023908833
35,9,402391,occupancy,9,402391,flow,3,0.0050317016196745465,0.03837738523480586,-0.06291957283262303
35,9,402391,occupancy,11,405841,flow,7,0.005737414420954403,0.042195489102014,0.06196642410105473
35,9,402391,occupancy,15,401472,flow,11,0.0035418790942670603,0.029028491153924682,0.06541141627882037
35,9,402391,occupancy,16,405838,flow,1,0.0015035526324253445,0.014832946727740324,0.07117691479962011
35,9,402391,occupancy,19,401795,flow,8,0.0028400877258310006,0.024634887247874552,-0.06693808685274558
35,9,402391,speed,1,400125,flow,6,0.005593446178767556,0.04139035199088017,0.062151933238820935
35,9,402391,speed,7,408093,flow,3,0.0005156843411320576,0.0061847761068586585,-0.07785082163823649
35,9,402391,speed,7,408093,flow,6,0.004390491627659931,0.034416483091074035,-0.06389681101979067
35,9,402391,speed,7,408093,flow,8,0.0004735184774698191,0.00573800791772684,-0.07836112546218346
35,9,402391,speed,9,402391,flow,2,0.004061051648198226,0.032344659144941626,0.06445033428971945
35,9,402391,speed,9,402391,flow,3,0.0008355762258539221,0.00919431812452609,0.07490571841571597
35,9,402391,speed,9,402391,flow,9,0.0053071629567468595,0.03983830403674445,0.06253398326569815
35,9,402391,speed,13,400183,flow,7,3.98576807557584e-05,0.0007042338685680011,0.09204985335598502
35,9,402391,speed,14,401469,flow,8,0.0006302158927978977,0.0073068509309901185,-0.0766390974530627
35,9,402391,speed,19,401795,flow,8,0.0027589518257053994,0.02406354106005921,0.06713626294637508
35,10,400497,flow,0,400593,flow,7,0.002315675934555887,0.020884592979710716,0.06832330766359207
35,10,400497,flow,0,400593,flow,8,0.006185748521119776,0.04461919120260049,0.061414446020511826
35,10,400497,flow,1,400125,flow,1,1.2555182664283506e-19,1.5585743997041595e-17,0.20143280450019854
35,10,400497,flow,1,400125,flow,2,8.275641133353125e-17,8.352983573851753e-15,0.18535299182780773
35,10,400497,flow,1,400125,flow,3,0.0005585851346520091,0.0066114993896403155,0.07737005552415678
35,10,400497,flow,1,400125,flow,6,0.0026068444961358074,0.022964046132354584,0.06752257058704385
35,10,400497,flow,1,400125,flow,12,1.1459996210151106e-09,5.5253553156085686e-08,0.13605236407133017
35,10,400497,flow,2,400331,flow,1,0.002371003656833764,0.02127255617346181,0.06816432059017005
35,10,400497,flow,2,400331,flow,2,0.0010348425823086245,0.010978683584413697,0.07356734557375012
35,10,400497,flow,2,400331,flow,3,0.004616124209957812,0.035795470448784325,0.06353902395014564
35,10,400497,flow,2,400331,flow,12,0.00015778590205725392,0.002285065695230764,0.08468771846558258
35,10,400497,flow,3,400039,flow,1,1.0079486849508744e-11,6.107066366041763e-10,0.15191648599173632
35,10,400497,flow,3,400039,flow,2,2.9640524236499822e-08,1.1153925496661953e-06,0.12399139814896921
35,10,400497,flow,3,400039,flow,7,0.00041976681854458505,0.005206410152490977,0.07907692044345974
35,10,400497,flow,3,400039,flow,12,4.2909819117131405e-07,1.2837286605679201e-05,0.11315057292244854
35,10,400497,flow,4,400316,flow,1,2.0810156068495113e-12,1.3746158136987597e-10,0.15684659835616488
35,10,400497,flow,4,400316,flow,3,0.0003300611616711396,0.004267776768689982,-0.08048814010438567
35,10,400497,flow,4,400316,flow,4,0.0003662163643632064,0.004664076338588006,-0.07988073803473318
35,10,400497,flow,4,400316,flow,6,1.222172887849566e-09,5.866429861677916e-08,0.1358239831971364
35,10,400497,flow,4,400316,flow,7,0.001463390950057469,0.014496328604100588,0.07135250395234463
35,10,400497,flow,4,400316,flow,11,0.0003011267180083235,0.0039552065119974385,0.08102085897072837
35,10,400497,flow,4,400316,flow,12,2.6529389294080728e-19,3.201311780738233e-17,0.1996490776582633
35,10,400497,flow,5,400503,flow,1,2.5660654617491524e-11,1.4919788418245409e-09,0.1489187226011518
35,10,400497,flow,5,400503,flow,6,1.0522621219646377e-07,3.5320686611400427e-06,0.1189712680369994
35,10,400497,flow,5,400503,flow,7,6.744001942568846e-06,0.00014871918525726093,0.10081928177801032
35,10,400497,flow,5,400503,flow,8,0.004238137150807052,0.03352023524622202,0.0641479426522359
35,10,400497,flow,5,400503,flow,11,2.2657382346162194e-08,8.739276047805418e-07,0.12503069809695272
35,10,400497,flow,5,400503,flow,12,2.1448382654941392e-11,1.262357126285379e-09,0.1494986401039283
35,10,400497,flow,6,405843,flow,1,4.2056629484423977e-14,3.38332661774137e-12,0.16841135743522975
35,10,400497,flow,6,405843,flow,2,9.629353142695893e-08,3.2549926116155136e-06,0.11932943748247762
35,10,400497,flow,6,405843,flow,3,0.0004109215883373121,0.005115796142989015,0.0792028365786582
35,10,400497,flow,6,405843,flow,6,0.0007661348318335655,0.008602961005929872,0.07544266717140943
35,10,400497,flow,6,405843,flow,7,4.5478432480125016e-05,0.0007877142520041723,0.09136761401175325
35,10,400497,flow,6,405843,flow,12,1.9456950000118156e-06,4.902579122710129e-05,0.10655150427084654
35,10,400497,flow,7,408093,flow,1,0.00013916270135045088,0.002053921659835831,0.08538373929987565
35,10,400497,flow,7,408093,flow,2,0.0006552606853810505,0.007536544624190996,0.07640167888393842
35,10,400497,flow,7,408093,flow,3,0.0018020458728664833,0.017185073224686993,0.06999262061021999
35,10,400497,flow,7,408093,flow,5,9.048938116241789e-05,0.0014298248962020675,0.08773079521807968
35,10,400497,flow,7,408093,flow,6,0.0015105582438400941,0.014898656651573531,0.07114672900078886
35,10,400497,flow,7,408093,flow,12,0.003338476098168888,0.027852871270933943,0.06582326749692144
35,10,400497,flow,8,401448,flow,1,2.2009989689393745e-11,1.2936483735806936e-09,0.1494151854511049
35,10,400497,flow,8,401448,flow,2,0.00012098363717451948,0.0018293640622818487,0.08615349589606618
35,10,400497,flow,8,401448,flow,6,0.003873022638641938,0.031171043607817736,0.0647847966711734
35,10,400497,flow,8,401448,flow,9,0.0002341183750295585,0.0032138270738090013,-0.08246644434354004
35,10,400497,flow,8,401448,flow,12,5.398979330066389e-07,1.5823331550805156e-05,0.11217179079017586
35,10,400497,flow,9,402391,flow,1,5.893357618859475e-12,3.689754335285932e-10,0.1536115275496535
35,10,400497,flow,9,402391,flow,2,1.5197302397609864e-05,0.0003069736359960781,0.09690087527655063
35,10,400497,flow,9,402391,flow,7,0.002966167758233358,0.02545459816362357,0.06664015349878705
35,10,400497,flow,9,402391,flow,12,0.0006541811555314746,0.007528136899030289,0.0764117372486974
35,10,400497,flow,10,400497,flow,1,0.0,0.0,0.8700812199972389
35,10,400497,flow,10,400497,flow,2,1.5901746929044756e-12,1.0818196335980054e-10,-0.15763246421082733
35,10,400497,flow,10,400497,flow,3,1.941911381087735e-05,0.00037720580783718596,-0.09568920783674857
35,10,400497,flow,10,400497,flow,4,1.3451999363081012e-05,0.00027583379484604924,0.09749860988168868
35,10,400497,flow,10,400497,flow,5,1.0705285495467564e-27,2.0283698833517488e-25,0.24126744515559725
35,10,400497,flow,10,400497,flow,6,1.5332936511531367e-63,6.493949581354462e-61,0.36474415671747457
35,10,400497,flow,10,400497,flow,7,6.048155345857956e-17,6.191476562584449e-15,0.18616333271258986
35,10,400497,flow,10,400497,flow,8,1.3323033920011997e-11,7.993820352007198e-10,-0.15102774072042613
35,10,400497,flow,10,400497,flow,9,3.406719014506464e-22,4.7627916319313666e-20,-0.21491808130741338
35,10,400497,flow,10,400497,flow,10,0.0001967375045904204,0.002763922015709321,-0.08343134307170195
35,10,400497,flow,10,400497,flow,11,9.927948823722192e-29,1.9673733448843975e-26,0.24580031615595976
35,10,400497,flow,10,400497,flow,12,0.0002966843690851815,0.003915907346312203,0.08110685975362661
35,10,400497,flow,11,405841,flow,1,4.822909086588534e-06,0.00011053033026027834,0.10239521645696861
35,10,400497,flow,11,405841,flow,6,2.077897095308261e-05,0.0003998447862686721,0.09535214020388165
35,10,400497,flow,11,405841,flow,7,3.576992971501759e-08,1.3117665226559931e-06,0.12325917789618054
35,10,400497,flow,11,405841,flow,12,2.9920719893370876e-05,0.0005495010464964547,0.09351697790805734
35,10,400497,flow,12,404520,flow,1,2.8025066020905077e-19,3.372375632599163e-17,0.1995176439612762
35,10,400497,flow,12,404520,flow,3,1.5871235251916465e-14,1.3417560917471454e-12,-0.1711753692391864
35,10,400497,flow,12,404520,flow,4,1.3737340820331512e-10,7.408902914336096e-09,-0.1433787310340789
35,10,400497,flow,12,404520,flow,6,4.796930516824498e-16,4.688402677077337e-14,0.18074162495414914
35,10,400497,flow,12,404520,flow,7,2.6865578562918428e-08,1.0207502145277715e-06,0.12437264135251325
35,10,400497,flow,12,404520,flow,11,3.82499145347653e-09,1.692679196672091e-07,0.1317100829292863
35,10,400497,flow,12,404520,flow,12,5.811053714154858e-29,1.1622107428309718e-26,0.24688173740208735
35,10,400497,flow,14,401469,flow,1,1.8224744040352855e-06,4.642151783863463e-05,0.10684513681041483
35,10,400497,flow,14,401469,flow,2,2.8103190140716765e-10,1.466253398646092e-08,0.14094904611032233
35,10,400497,flow,14,401469,flow,4,1.5071276851177915e-05,0.000304955110056621,-0.09694178671479384
35,10,400497,flow,14,401469,flow,7,1.305826810306298e-09,6.254070754460318e-08,0.13558862903731028
35,10,400497,flow,14,401469,flow,8,0.0033622300921830766,0.027987385393753797,0.06577401097373564
35,10,400497,flow,14,401469,flow,10,2.3449848308349536e-05,0.00044528942721789005,-0.09474716684682809
35,10,400497,flow,15,401472,flow,1,5.46733866127246e-24,8.316515146724306e-22,0.22391728972023917
35,10,400497,flow,15,401472,flow,2,4.090322815206347e-14,3.309025198818618e-12,0.16849087504107593
35,10,400497,flow,15,401472,flow,6,4.115682429088353e-05,0.0007222948295056703,0.09188440970796433
35,10,400497,flow,15,401472,flow,7,1.547392264203454e-05,0.00031164263782559073,0.0968121982456793
35,10,400497,flow,15,401472,flow,8,0.004898508601901378,0.037580460238348344,0.0631129033847345
35,10,400497,flow,15,401472,flow,9,0.00022194080229277535,0.003076971328320891,-0.08277029487342907
35,10,400497,flow,15,401472,flow,10,0.005195922282440294,0.03921686956529461,-0.06268747115777112
35,10,400497,flow,15,401472,flow,12,1.407594928622246e-12,9.59118310985505e-11,0.1580443313913593
35,10,400497,flow,16,405838,flow,1,0.0002869415934163267,0.0038059185863019073,0.08129977352804645
35,10,400497,flow,16,405838,flow,4,0.003874583038774504,0.031175635551324004,-0.06478196096541217
35,10,400497,flow,16,405838,flow,10,5.129760114833271e-07,1.5126664638962274e-05,-0.11239046450965844
35,10,400497,flow,16,405838,flow,11,1.6467100435071883e-07,5.2694721392230026e-06,-0.11714698007900888
35,10,400497,flow,17,400260,flow,1,4.103490069471612e-24,6.26398484103087e-22,0.2245242435390228
35,10,400497,flow,17,400260,flow,2,1.7046860981694468e-19,2.0980751977470114e-17,0.20070564491442727
35,10,400497,flow,17,400260,flow,6,0.001341091057908871,0.013552078058868591,0.07191595915946479
35,10,400497,flow,17,400260,flow,7,0.0003486887409957148,0.004475149617057302,0.08016784049518848
35,10,400497,flow,17,400260,flow,8,9.872532345160669e-05,0.0015385764693756888,0.08726043489336494
35,10,400497,flow,17,400260,flow,9,5.172276897949051e-07,1.5231244852856102e-05,-0.11235520532228141
35,10,400497,flow,17,400260,flow,10,4.0699053009825274e-09,1.7886053815101242e-07,-0.13148265904025333
35,10,400497,flow,17,400260,flow,12,3.8747015990315205e-06,9.111981985746416e-05,0.10341196073320527
35,10,400497,flow,18,404528,flow,1,2.7174341711548572e-17,2.8219508700454288e-15,0.18821442844841824
35,10,400497,flow,18,404528,flow,2,2.0204033170677284e-09,9.446041482394575e-08,0.13402684583863217
35,10,400497,flow,18,404528,flow,3,0.0036565955078954808,0.02977099998889649,0.06518853051879307
35,10,400497,flow,18,404528,flow,7,0.0001734949469511321,0.0024875478620275163,0.08415828914300151
35,10,400497,flow,19,401795,flow,1,2.0993518168883774e-14,1.751423522427145e-12,0.17038674999163197
35,10,400497,flow,19,401795,flow,2,3.919699051960926e-10,2.0015484520651535e-08,0.13980531694345155
35,10,400497,flow,19,401795,flow,6,0.0013789328322664424,0.013876053658027094,0.0717367243340349
35,10,400497,flow,19,401795,flow,7,0.00020944821050935663,0.002930104499353694,0.08309871121078026
35,10,400497,flow,19,401795,flow,8,0.00011670346280210432,0.001777084805446213,0.0863505439515813
35,10,400497,flow,19,401795,flow,10,6.071598134821843e-05,0.001017428391870844,-0.08985655881117438
35,10,400497,occupancy,1,400125,flow,1,6.743355312371191e-12,4.1675672316800495e-10,0.15318776885000485
35,10,400497,occupancy,1,400125,flow,2,1.1106601430307436e-12,7.628063303486188e-11,0.15876569251571263
35,10,400497,occupancy,1,400125,flow,3,0.0007796901547873937,0.008696776319859387,0.07533440044495465
35,10,400497,occupancy,1,400125,flow,10,0.001432575725946692,0.014259739944907165,-0.07149026474114845
35,10,400497,occupancy,1,400125,flow,12,1.798835087020039e-06,4.5900576349241394e-05,0.10690364167175379
35,10,400497,occupancy,2,400331,flow,1,0.0026472715994798404,0.023244335995432745,0.06741792918576706
35,10,400497,occupancy,2,400331,flow,2,4.1774413866939794e-05,0.0007315179080064041,0.09180749013781667
35,10,400497,occupancy,2,400331,flow,12,0.0029116819187013114,0.025111730662387033,0.06676746088147223
35,10,400497,occupancy,3,400039,flow,1,1.4390018382862502e-13,1.0963823529800003e-11,0.16485453763418703
35,10,400497,occupancy,3,400039,flow,2,8.647410045934425e-08,2.962475130724561e-06,0.11976230174440974
35,10,400497,occupancy,3,400039,flow,7,0.002405719094963739,0.02151253672167947,0.06806628827093011
35,10,400497,occupancy,3,400039,flow,8,0.005287179761130595,0.03970209728504114,0.06256134039776877
35,10,400497,occupancy,3,400039,flow,9,0.002107610132362722,0.01941338117656068,-0.06895409113655912
35,10,400497,occupancy,3,400039,flow,12,0.00030693234996875937,0.004014374059536907,0.08091023833967603
35,10,400497,occupancy,4,400316,flow,1,2.8699905762335054e-13,2.1049845992069173e-11,0.1628235705320633
35,10,400497,occupancy,4,400316,flow,3,2.1371217012649848e-08,8.272729166187037e-07,-0.12525566237607558
35,10,400497,occupancy,4,400316,flow,4,2.0323812082801975e-06,5.080953020700494e-05,-0.1063554441938211
35,10,400497,occupancy,4,400316,flow,6,6.98987671323476e-07,2.0010780252600506e-05,0.11106145137104968
35,10,400497,occupancy,4,400316,flow,7,1.6265614975089273e-05,0.00032486110352466786,0.09656650570102367
35,10,400497,occupancy,4,400316,flow,11,3.236675142546979e-06,7.763707171461937e-05,0.10424061570893753
35,10,400497,occupancy,4,400316,flow,12,1.0893078269735814e-19,1.3679679687575209e-17,0.20176949844186623
35,10,400497,occupancy,5,400503,flow,1,5.612794514031657e-12,3.5345877989237256e-10,0.15376465101030717
35,10,400497,occupancy,5,400503,flow,6,2.396565938475238e-07,7.4269475281298625e-06,0.11559696485187647
35,10,400497,occupancy,5,400503,flow,7,5.0771728140955393e-05,0.0008669322749759972,0.09079460885789577
35,10,400497,occupancy,5,400503,flow,11,3.760706451289933e-06,8.897764117026617e-05,0.10354992685143857
35,10,400497,occupancy,5,400503,flow,12,7.482302003434615e-10,3.7110843461351933e-08,0.13755584656520106
35,10,400497,occupancy,6,405843,flow,1,7.185654470154131e-14,5.654285484711447e-12,0.16687206200881088
35,10,400497,occupancy,6,405843,flow,2,7.842482859597026e-09,3.2924709381398596e-07,0.12905498948976185
35,10,400497,occupancy,6,405843,flow,3,0.006436576847916864,0.04597554891369188,0.06112115539277392
35,10,400497,occupancy,6,405843,flow,6,1.5105685963147663e-06,3.9501551671185174e-05,0.10768337832903614
35,10,400497,occupancy,6,405843,flow,7,0.0028416174508075487,0.024635334913683745,0.0669344003307198
35,10,400497,occupancy,6,405843,flow,12,1.3754976619542067e-05,0.0002805547639113396,0.09738973111067226
35,10,400497,occupancy,7,408093,flow,1,4.897328580732613e-05,0.0008398753262709365,0.09098266783789424
35,10,400497,occupancy,7,408093,flow,6,1.0500391248936238e-05,0.00022170914074000266,0.09870196911088011
35,10,400497,occupancy,8,401448,flow,1,1.243630520445583e-08,5.061863385274465e-07,0.12732138339197663
35,10,400497,occupancy,8,401448,flow,2,0.0001926718135477777,0.0027147496233737756,0.08356993537360027
35,10,400497,occupancy,8,401448,flow,6,0.00014932900094290146,0.002177189618877267,0.08499363613413341
35,10,400497,occupancy,8,401448,flow,9,0.00016879985460721664,0.002430118225648344,-0.08431163699234899
35,10,400497,occupancy,8,401448,flow,10,0.0003660316576180823,0.004663098675641744,-0.079883695986557
35,10,400497,occupancy,8,401448,flow,12,2.0309345847398227e-07,6.376189975345955e-06,0.11628319222588053
35,10,400497,occupancy,9,402391,flow,1,1.3471122357544061e-11,8.071463049180353e-10,0.15099241939846242
35,10,400497,occupancy,9,402391,flow,2,0.003981073065251141,0.031854483500435134,0.06459084452060948
35,10,400497,occupancy,9,402391,flow,9,0.005133566650230951,0.038922554059673445,-0.06277481081074884
35,10,400497,occupancy,10,400497,flow,1,1.7462973778903972e-61,6.796400605843708e-59,0.35903172059252036
35,10,400497,occupancy,10,400497,flow,3,1.2350818815512628e-26,2.213922708838778e-24,-0.23644076347947726
35,10,400497,occupancy,10,400497,flow,4,0.00031574361897459814,0.004104762064310153,-0.08074603306096648
35,10,400497,occupancy,10,400497,flow,5,4.611081900646697e-28,8.853277249241658e-26,0.24290527485885044
35,10,400497,occupancy,10,400497,flow,6,3.649446425151875e-92,1.9707010695820125e-89,0.43430980036141387
35,10,400497,occupancy,10,400497,flow,7,1.3124096482017962e-28,2.588862867685735e-26,0.24532624336100653
35,10,400497,occupancy,10,400497,flow,8,1.7080537389263623e-21,2.342473699099011e-19,-0.21136958600937777
35,10,400497,occupancy,10,400497,flow,9,7.750455730986661e-54,2.5955014540978588e-51,-0.3366903926813619
35,10,400497,occupancy,10,400497,flow,10,2.6013192760483846e-25,4.289198195621764e-23,-0.23026999344882618
35,10,400497,occupancy,10,400497,flow,11,4.209263515225374e-30,8.913734502830203e-28,0.2518210411749905
35,10,400497,occupancy,10,400497,flow,12,5.028688820182248e-170,4.344787140637463e-167,0.5679723745552401
35,10,400497,occupancy,11,405841,flow,1,3.9815534463336276e-07,1.1969596999416333e-05,0.11346774976639697
35,10,400497,occupancy,11,405841,flow,4,2.7161248443710386e-06,6.621703909527588e-05,-0.10504222106255891
35,10,400497,occupancy,11,405841,flow,6,3.57324811801114e-06,8.504921140390152e-05,0.10378576125139066
35,10,400497,occupancy,11,405841,flow,7,3.177842342832567e-08,1.1814353632561695e-06,0.12372058716511218
35,10,400497,occupancy,11,405841,flow,12,1.600466316540456e-07,5.136712100635045e-06,0.11726382881707377
35,10,400497,occupancy,12,404520,flow,1,1.1985662802462175e-23,1.7916284881189136e-21,0.22224785954275317
35,10,400497,occupancy,12,404520,flow,3,6.628125789359394e-22,9.177404939113008e-20,-0.21349209895378876
35,10,400497,occupancy,12,404520,flow,4,2.8628668235588115e-16,2.8301109102457815e-14,-0.18210872413654883
35,10,400497,occupancy,12,404520,flow,6,2.4055679633950125e-11,1.4081373444263487e-09,0.1491278712745983
35,10,400497,occupancy,12,404520,flow,7,6.234361099400693e-12,3.864051642670157e-10,0.1534347528188439
35,10,400497,occupancy,12,404520,flow,11,6.901982015672607e-10,3.447001422856146e-08,0.13783872885302867
35,10,400497,occupancy,12,404520,flow,12,2.120862730252721e-31,4.7719411430686223e-29,0.2573144353967125
35,10,400497,occupancy,14,401469,flow,1,6.704416388158212e-07,1.924457062913188e-05,0.11121358289859157
35,10,400497,occupancy,14,401469,flow,2,1.87047243920332e-13,1.4004230394035255e-11,0.164045286617853
35,10,400497,occupancy,14,401469,flow,3,0.00045382430289892434,0.005541325575249726,-0.0786141517216338
35,10,400497,occupancy,14,401469,flow,4,5.462799857979976e-05,0.0009261889869102628,-0.09041176547969852
35,10,400497,occupancy,14,401469,flow,5,0.0008569799559723406,0.00938667618707749,-0.0747485486182558
35,10,400497,occupancy,14,401469,flow,7,4.559546819250005e-05,0.0007888362939191038,0.09135427595699047
35,10,400497,occupancy,14,401469,flow,8,0.00014141778323597146,0.0020793901415227935,0.0852949446036343
35,10,400497,occupancy,14,401469,flow,10,8.810921068195607e-07,2.4430795259695134e-05,-0.1100569072534939
35,10,400497,occupancy,14,401469,flow,11,1.3072400860464042e-06,3.473110191710004e-05,-0.10832476193270249
35,10,400497,occupancy,15,401472,flow,1,3.588373544484222e-20,4.572794605360424e-18,0.2043820013627562
35,10,400497,occupancy,15,401472,flow,2,1.91017470214949e-09,8.950059341958565e-08,0.13422860188971666
35,10,400497,occupancy,15,401472,flow,6,0.00042887598063451224,0.005287512090014534,0.07894980890372083
35,10,400497,occupancy,15,401472,flow,7,3.1313599413281516e-06,7.536197741803686e-05,0.104392289821059
35,10,400497,occupancy,15,401472,flow,9,0.00016869759470066966,0.00243005538215036,-0.08431502134420607
35,10,400497,occupancy,15,401472,flow,10,3.4311135663517935e-06,8.189177130740192e-05,-0.10397261474517364
35,10,400497,occupancy,15,401472,flow,12,3.339772832065888e-11,1.9211476211084736e-09,0.14806228595819518
35,10,400497,occupancy,16,405838,flow,1,1.8391869418828284e-12,1.233740308840655e-10,0.15718691010024735
35,10,400497,occupancy,16,405838,flow,4,3.0349171790210813e-09,1.368563905362325e-07,-0.13255453160506533
35,10,400497,occupancy,16,405838,flow,7,0.0010722619857507474,0.011289719177292783,0.07334299505418124
35,10,400497,occupancy,16,405838,flow,10,1.0539582788861258e-07,3.5350153453323475e-06,-0.11896475556883426
35,10,400497,occupancy,16,405838,flow,11,2.644207044456107e-09,1.2024183612684613e-07,-0.13305500443243212
35,10,400497,occupancy,17,400260,flow,1,5.289316809305943e-30,1.1038574210725445e-27,0.25139558779658444
35,10,400497,occupancy,17,400260,flow,2,2.171606696997447e-19,2.665153673587776e-17,0.20012806394099006
35,10,400497,occupancy,17,400260,flow,4,0.00012066818245956168,0.0018264552320000522,-0.08616779259679558
35,10,400497,occupancy,17,400260,flow,6,0.0019832040816680557,0.018512190217817633,0.06935908721962172
35,10,400497,occupancy,17,400260,flow,7,2.001233871732162e-08,7.87370703632326e-07,0.12550808557910806
35,10,400497,occupancy,17,400260,flow,8,0.00031980208148768384,0.0041487837598402225,0.08067183750504531
35,10,400497,occupancy,17,400260,flow,9,0.0002724049819038284,0.003641056688813548,-0.08159932562645159
35,10,400497,occupancy,17,400260,flow,10,5.923402551196884e-13,4.160830453677093e-11,-0.16066370370681066
35,10,400497,occupancy,17,400260,flow,11,0.005179052792673666,0.03914874551942299,-0.06271100595476375
35,10,400497,occupancy,17,400260,flow,12,1.1024180459836324e-05,0.00023141136825312398,0.09846658249317546
35,10,400497,occupancy,18,404528,flow,1,4.0196421273757966e-13,2.9135661057489e-11,0.16182305108716163
35,10,400497,occupancy,18,404528,flow,2,3.5983814568207416e-11,2.0589414428431266e-09,0.1478190016937824
35,10,400497,occupancy,18,404528,flow,7,0.005484373524295298,0.040813942506383614,0.062295366332637964
35,10,400497,occupancy,18,404528,flow,12,0.0004616159083428348,0.005618993305272038,0.07851284552402284
35,10,400497,occupancy,19,401795,flow,1,6.5063747709053154e-18,7.170290563854837e-16,0.19182202514878266
35,10,400497,occupancy,19,401795,flow,2,2.836023663729739e-08,1.0728215610606369e-06,0.12416279216380173
35,10,400497,occupancy,19,401795,flow,4,0.0057161213975994996,0.04208187531975092,-0.06199359482814483
35,10,400497,occupancy,19,401795,flow,5,0.006798974968583081,0.04790900670046515,-0.06071505688922649
35,10,400497,occupancy,19,401795,flow,7,1.7464939070621846e-05,0.00034514426708639697,0.09621519317506769
35,10,400497,occupancy,19,401795,flow,8,0.0023117231963012096,0.02085765289895828,0.06833479867640015
35,10,400497,occupancy,19,401795,flow,10,1.258711301170085e-08,5.105758517422317e-07,-0.12727575206420327
35,10,400497,speed,1,400125,flow,4,2.194331943839868e-05,0.00041870644864788997,-0.09507981401265617
35,10,400497,speed,1,400125,flow,5,0.004700473382185401,0.036296718630795324,-0.06340932545644393
35,10,400497,speed,1,400125,flow,10,0.005519177748974056,0.04100231792874965,0.06224932062878526
35,10,400497,speed,1,400125,flow,11,0.0022868962119678305,0.02067596260267903,0.06840738714812633
35,10,400497,speed,1,400125,flow,12,0.00012734180995473086,0.0019094641409386926,0.08587258237906262
35,10,400497,speed,2,400331,flow,5,0.005328147879996515,0.03994883689043816,-0.06250535465309058
35,10,400497,speed,3,400039,flow,6,0.0016790209864020376,0.016230985287214252,-0.07045711509860299
35,10,400497,speed,3,400039,flow,7,0.0005586104808376655,0.0066114993896403155,-0.07736978178751269
35,10,400497,speed,4,400316,flow,1,0.0001888079358847354,0.0026655238007256762,-0.08368391373156181
35,10,400497,speed,4,400316,flow,12,0.0015324901148396227,0.015077106117301686,-0.07105305508912915
35,10,400497,speed,5,400503,flow,1,0.0043646748313199615,0.034257622222569464,-0.06393880458252967
35,10,400497,speed,5,400503,flow,2,0.007015942035315752,0.0489484328045285,-0.060481137298664965
35,10,400497,speed,5,400503,flow,3,0.002271263749411264,0.02057856417251816,-0.06845346389319311
35,10,400497,speed,6,405843,flow,1,0.00021034945739413076,0.002938905743669615,-0.08307441124596301
35,10,400497,speed,6,405843,flow,2,0.0002980119048062395,0.003929827316126236,-0.08108103402349433
35,10,400497,speed,6,405843,flow,3,1.13016668458122e-05,0.0002367759494369966,-0.0983461721195732
35,10,400497,speed,6,405843,flow,4,0.00010544217279068668,0.0016279849408712167,-0.08690348029116547
35,10,400497,speed,6,405843,flow,5,0.0012097407505473213,0.012478701151777526,-0.07257652727289925
35,10,400497,speed,6,405843,flow,7,4.064609650924829e-05,0.0007152388469244506,-0.09194885111441636
35,10,400497,speed,6,405843,flow,8,0.0002655281809134782,0.003559049772095023,-0.08174628743590034
35,10,400497,speed,7,408093,flow,2,0.00022878396961661354,0.003155506620777044,-0.08259767723103151
35,10,400497,speed,7,408093,flow,3,3.310891297060207e-06,7.92412764725767e-05,-0.10413654536073762
35,10,400497,speed,7,408093,flow,4,6.512856186401677e-08,2.285583974431783e-06,-0.12089598881368037
35,10,400497,speed,7,408093,flow,5,6.162243671030884e-15,5.52300677569573e-13,-0.17381549073980992
35,10,400497,speed,7,408093,flow,6,7.50294532211121e-15,6.61484159010621e-13,-0.17326955698668345
35,10,400497,speed,7,408093,flow,7,3.187606014667166e-09,1.431440538811035e-07,-0.1323758235405119
35,10,400497,speed,7,408093,flow,8,7.327523416915042e-06,0.00016052181116162767,-0.10042563450758939
35,10,400497,speed,7,408093,flow,9,2.2894666148093434e-09,1.0578070348637822e-07,-0.13357616001170144
35,10,400497,speed,7,408093,flow,11,1.8260440989522993e-05,0.00035824298399064183,-0.0959946288406269
35,10,400497,speed,7,408093,flow,12,0.004926403509800931,0.03773415454315607,-0.06307202379680592
35,10,400497,speed,10,400497,flow,1,7.066690702210097e-09,2.998831417833754e-07,-0.12944349170778324
35,10,400497,speed,10,400497,flow,2,1.6019921405049538e-06,4.165195181297241e-05,-0.10742163750053155
35,10,400497,speed,10,400497,flow,5,0.002673671210471588,0.02343802684504314,-0.06735038147940725
35,10,400497,speed,10,400497,flow,6,1.4725329267461241e-05,0.00029893525580560414,-0.09705578940862876
35,10,400497,speed,10,400497,flow,9,8.951037891592116e-08,3.059215481936546e-06,0.11962358159970413
35,10,400497,speed,10,400497,flow,10,1.9015227125839894e-07,6.022417975339321e-06,0.11655504539514425
35,10,400497,speed,10,400497,flow,11,2.7619147606539e-05,0.0005138446066332837,0.09392269545549115
35,10,400497,speed,11,405841,flow,1,0.006235352602489423,0.04490202240832524,-0.06135560642502466
35,10,400497,speed,11,405841,flow,2,0.0016725426464651962,0.016196781512507617,-0.07048243273715618
35,10,400497,speed,11,405841,flow,12,1.7171917761170126e-05,0.00033997564036780453,-0.09629885562904034
35,10,400497,speed,12,404520,flow,1,1.7965668756017324e-13,1.3474251567012994e-11,-0.16420444476729745
35,10,400497,speed,12,404520,flow,2,4.03232024535513e-06,9.418260642849024e-05,-0.10322746874202995
35,10,400497,speed,12,404520,flow,8,0.0002654473708541991,0.003559049772095023,0.08174803550200073
35,10,400497,speed,12,404520,flow,12,3.843171984072451e-06,9.062501621830233e-05,-0.10344972734673936
35,10,400497,speed,13,400183,flow,4,0.0012865160419360687,0.013145102415240816,-0.07218283887664195
35,10,400497,speed,14,401469,flow,1,0.0008969990103328286,0.00973382498025074,-0.07446420170562476
35,10,400497,speed,14,401469,flow,2,0.001268103141237051,0.013006186063969753,-0.07227524019888504
35,10,400497,speed,14,401469,flow,3,0.0016806845662758788,0.016242857553270238,-0.07045062824639162
35,10,400497,speed,14,401469,flow,8,5.092386364759515e-06,0.00011609028546575781,-0.10214121391926521
35,10,400497,speed,14,401469,flow,9,0.001249588463697647,0.012846792392131925,-0.07236940877554252
35,10,400497,speed,15,401472,flow,3,5.291332448071146e-05,0.0008999431565223366,-0.09057872787212251
35,10,400497,speed,15,401472,flow,4,0.00022348377703069135,0.003092408445780226,-0.08273094197934872
35,10,400497,speed,15,401472,flow,6,0.0003859890146941708,0.004864272297196085,-0.07957188299224184
35,10,400497,speed,15,401472,flow,7,0.0015780440720839313,0.015423417175118966,-0.07086236717574353
35,10,400497,speed,15,401472,flow,8,0.004351679214746478,0.03417424869606396,-0.0639600284358941
35,10,400497,speed,16,405838,flow,2,2.3568603432690577e-05,0.00044734783316881943,-0.09472181651513013
35,10,400497,speed,16,405838,flow,3,0.0026783699594443594,0.023469692139553005,-0.06733842286131853
35,10,400497,speed,16,405838,flow,6,0.0037402561403519813,0.0303150216253669,-0.06502995582823592
35,10,400497,speed,16,405838,flow,7,1.3150980958976275e-05,0.00027014853895757253,-0.09760912471420517
35,10,400497,speed,16,405838,flow,8,4.49550845936159e-06,0.00010385345745690945,-0.10272275978902427
35,10,400497,speed,16,405838,flow,9,0.0002629007544516609,0.0035337002465189024,-0.08180338034452633
35,10,400497,speed,17,400260,flow,4,0.006247397987276344,0.044966276749473184,-0.06134138193554164
35,10,400497,speed,17,400260,flow,7,0.005526176791904786,0.04104725540066829,-0.062240092588795856
35,10,400497,speed,17,400260,flow,8,4.102377517599258e-05,0.0007204175152857234,-0.09190112391724144
35,10,400497,speed,17,400260,flow,10,0.001606723238125326,0.015671809412285864,0.07074489829730594
35,10,400497,speed,17,400260,flow,11,1.2443747488799726e-08,5.061863385274465e-07,0.12731911893932063
35,10,400497,speed,17,400260,flow,12,4.0123789131413896e-05,0.0007083562282292931,0.09201555261128305
35,10,400497,speed,19,401795,flow,2,0.0035045551209139654,0.028826500613763007,-0.06548535019891388
35,10,400497,speed,19,401795,flow,3,0.0001276094517556962,0.0019128134336731703,-0.08586104954287974
35,10,400497,speed,19,401795,flow,6,0.0020093213003864363,0.018699414083734177,-0.06927216954939798
35,10,400497,speed,19,401795,flow,7,0.0008030699369447628,0.0089046769188947,-0.07515170310324674
35,10,400497,speed,19,401795,flow,8,0.005022222531952317,0.03833893150385936,-0.06293317801932817
35,10,400497,speed,19,401795,flow,11,0.004951960789179753,0.03790303084559981,0.06303475319936001
35,11,405841,flow,0,400593,flow,1,0.0014227273829605697,0.014184588724647267,0.07153486805002356
35,11,405841,flow,0,400593,flow,3,9.407367860263213e-07,2.587029952814031e-05,0.109771121745881
35,11,405841,flow,0,400593,flow,6,0.0035636976591134286,0.02917963208371875,0.0653685239536829
35,11,405841,flow,0,400593,flow,8,0.0034069625338476843,0.028235010331943616,0.0656821067740016
35,11,405841,flow,0,400593,flow,10,0.000913677280634396,0.009887489610071621,0.07434915382772941
35,11,405841,flow,0,400593,flow,11,0.0001719577329791779,0.0024696057395945763,0.08420806253907197
35,11,405841,flow,1,400125,flow,2,0.003367152506164688,0.028016430188995183,0.06576384342805398
35,11,405841,flow,2,400331,flow,2,0.00036676345488609357,0.004668291470559588,0.07987198492637021
35,11,405841,flow,2,400331,flow,3,0.0007230928062373857,0.008190274902894965,0.07579863187197285
35,11,405841,flow,2,400331,flow,6,0.0029984597606848586,0.025650190428036814,0.06656570526193861
35,11,405841,flow,2,400331,flow,11,0.0012821698735162766,0.013119312774965218,0.07220453871128966
35,11,405841,flow,4,400316,flow,12,0.0010445237040063093,0.011060839425596056,0.07350859137116578
35,11,405841,flow,5,400503,flow,1,0.00526385279308995,0.03957508539183534,0.06259339348163374
35,11,405841,flow,5,400503,flow,6,0.0062467025195746565,0.044966276749473184,0.06134220254741451
35,11,405841,flow,5,400503,flow,12,0.0001728898305783012,0.0024805183264638366,0.08417783253130273
35,11,405841,flow,6,405843,flow,3,0.0008161078068004758,0.009037646053263407,0.07505195214382447
35,11,405841,flow,6,405843,flow,6,3.012629256210223e-07,9.171640864572348e-06,0.11464209594882227
35,11,405841,flow,6,405843,flow,10,0.006651069997016472,0.04712583629180115,0.06087839135009338
35,11,405841,flow,7,408093,flow,2,0.005503925963782217,0.0409101172806937,0.06226946628723391
35,11,405841,flow,7,408093,flow,3,0.0007605669332391208,0.008558606802795004,0.07548765380926514
35,11,405841,flow,7,408093,flow,4,0.000510787239039881,0.006131242397905404,0.07790804969770254
35,11,405841,flow,7,408093,flow,11,5.5154034278507313e-05,0.0009340079501495554,0.09036153785607054
35,11,405841,flow,8,401448,flow,4,0.0006926803026597458,0.007907978085333249,0.0760622099413577
35,11,405841,flow,10,400497,flow,5,1.775161913334596e-05,0.00034984942817543137,0.09613462475091988
35,11,405841,flow,10,400497,flow,6,0.00020627491993612047,0.002887581510447312,0.0831850595708414
35,11,405841,flow,10,400497,flow,11,0.0004890943065146739,0.005905219128405231,0.0781678651102091
35,11,405841,flow,10,400497,flow,12,5.658805137422993e-05,0.0009552965296470234,0.09022688193026421
35,11,405841,flow,11,405841,flow,1,7.0247820735979634e-40,1.983467879604131e-37,0.2902061968321729
35,11,405841,flow,11,405841,flow,2,6.351837768647226e-24,9.628048828265268e-22,0.22348962220988958
35,11,405841,flow,11,405841,flow,3,1.563324049464228e-09,7.421494388665347e-08,0.1349130863359665
35,11,405841,flow,11,405841,flow,4,3.1210054227665934e-15,2.844460638470819e-13,0.17564506178385056
35,11,405841,flow,11,405841,flow,5,5.1305874271079474e-06,0.00011677627863596593,0.10210625216624902
35,11,405841,flow,11,405841,flow,6,8.957101650137436e-10,4.377226145768521e-08,0.13692337673281696
35,11,405841,flow,11,405841,flow,7,0.006675764024422044,0.04725430212273182,0.060850895797048166
35,11,405841,flow,11,405841,flow,11,0.0023422875220402194,0.021060350683058907,0.06824640903049227
35,11,405841,flow,11,405841,flow,12,0.003050827037723964,0.025982806446164873,0.06644651365294263
35,11,405841,flow,12,404520,flow,12,4.792440320933237e-05,0.0008238496691775401,0.09109539039126681
35,11,405841,flow,13,400183,flow,3,2.539084098516645e-07,7.840488424297288e-06,0.1153277021607201
35,11,405841,flow,14,401469,flow,2,0.005399230319063544,0.040335726145145745,0.06240913091464246
35,11,405841,flow,14,401469,flow,9,0.00031130028082347746,0.004059212837782743,0.08082829485692113
35,11,405841,flow,15,401472,flow,4,0.000870759123419005,0.009491999528564474,0.07464928038775388
35,11,405841,flow,15,401472,flow,11,0.0029363111038439717,0.025273687923104117,0.06670964753265464
35,11,405841,flow,16,405838,flow,5,0.007071726706332998,0.0492263283457276,0.060422043963255165
35,11,405841,flow,16,405838,flow,8,0.0012560531626021401,0.012904042003427455,0.07233638289785184
35,11,405841,flow,17,400260,flow,2,0.0008304631739537665,0.009152043141531304,0.07494381590983056
35,11,405841,flow,18,404528,flow,3,0.0005265916596763204,0.00629556226696762,0.0777251553362096
35,11,405841,occupancy,0,400593,flow,1,0.0030334413374040726,0.025867482387654156,0.06648587654672207
35,11,405841,occupancy,0,400593,flow,2,0.004533747594369337,0.035276998572902625,0.06366777606878549
35,11,405841,occupancy,0,400593,flow,3,1.8253471267216118e-05,0.00035824298399064183,0.09599652125612228
35,11,405841,occupancy,0,400593,flow,6,0.0004305295910057863,0.005304302288502514,0.0789270045088175
35,11,405841,occupancy,0,400593,flow,8,0.0017531422620804644,0.016826426510081326,0.07017366541905053
35,11,405841,occupancy,0,400593,flow,10,0.0012238472806401358,0.012609158722550409,0.07250249460263927
35,11,405841,occupancy,2,400331,flow,2,0.005939113857756787,0.04330586566875571,0.06171345900809553
35,11,405841,occupancy,5,400503,flow,12,0.0011734567124997808,0.012174190677231155,0.07277067509000545
35,11,405841,occupancy,6,405843,flow,6,0.00023464458574580814,0.0032200273520390445,0.08245365125511782
35,11,405841,occupancy,7,408093,flow,2,0.0031433039722120197,0.026630855383322074,0.06624051077202817
35,11,405841,occupancy,7,408093,flow,3,0.004122034368327636,0.03272164129238693,0.06434487349539116
35,11,405841,occupancy,7,408093,flow,4,0.0001361030433950026,0.002019111083332456,0.08550640486247818
35,11,405841,occupancy,7,408093,flow,10,0.0017278590513261467,0.016624389981578964,0.07026909291580623
35,11,405841,occupancy,7,408093,flow,11,0.00567728805505989,0.04183876560535436,0.062043383410677604
35,11,405841,occupancy,8,401448,flow,12,0.0007923243088235699,0.008819482128621029,0.07523505181160942
35,11,405841,occupancy,10,400497,flow,5,4.83331744557304e-06,0.00011071013449032627,0.10238515636719113
35,11,405841,occupancy,10,400497,flow,6,0.0018372080072712352,0.017439548651750684,0.06986521563231814
35,11,405841,occupancy,10,400497,flow,11,0.0002649441936060077,0.0035556350306864036,0.08175893135483268
35,11,405841,occupancy,10,400497,flow,12,0.0005721248647237849,0.006743736468231243,0.0772254485276838
35,11,405841,occupancy,11,405841,flow,1,1.702508871272515e-07,5.41992507287934e-06,-0.11701013686562227
35,11,405841,occupancy,11,405841,flow,2,0.003265867480892789,0.02740588095854089,-0.06597583223508591
35,11,405841,occupancy,11,405841,flow,3,0.0001277681966221617,0.0019145286486567414,0.08585421989509022
35,11,405841,occupancy,11,405841,flow,6,0.00014690055134936476,0.002145403589686463,0.08508449638621204
35,11,405841,occupancy,11,405841,flow,7,0.002590202779479782,0.022854730407174548,0.06756607724248681
35,11,405841,occupancy,11,405841,flow,11,0.0009171483241898323,0.00991263637853409,0.07432545502236503
35,11,405841,occupancy,11,405841,flow,12,0.0020706167840696286,0.019158416164448053,0.06907217959585778
35,11,405841,occupancy,12,404520,flow,12,0.003603597965393673,0.029422686090532352,0.06529069912585846
35,11,405841,occupancy,14,401469,flow,2,0.0029328829737520386,0.02525927919977832,0.06671766800526228
35,11,405841,occupancy,14,401469,flow,8,0.005393776336377473,0.04032032146245143,0.0624164733174745
35,11,405841,occupancy,14,401469,flow,9,0.005375859877770369,0.04021422454020432,0.06244064051604843
35,11,405841,occupancy,15,401472,flow,1,0.0011389302562858276,0.011858709826837252,0.07296063559666201
35,11,405841,occupancy,15,401472,flow,4,0.0028430930167172583,0.02463705706636204,0.06693084604317742
35,11,405841,occupancy,16,405838,flow,8,0.0030142796114007637,0.025746329891831107,0.06652949944738586
35,11,405841,occupancy,19,401795,flow,11,0.0028066078564445533,0.02442987293943274,-0.06701922795202338
35,11,405841,speed,8,401448,flow,1,0.0007011509827829671,0.00798569007546116,0.07598773348237702
35,11,405841,speed,17,400260,flow,2,0.007025434188544452,0.04898920018040857,0.0604710524554982
35,12,404520,flow,0,400593,flow,2,0.003675742925789629,0.029904349226763084,0.0651519488099119
35,12,404520,flow,1,400125,flow,1,1.8464233824808195e-07,5.852200302507072e-06,0.11667625734986471
35,12,404520,flow,1,400125,flow,2,5.470736386859523e-05,0.0009271707018922379,0.09040415816794378
35,12,404520,flow,1,400125,flow,3,4.762029604052421e-09,2.0758797063074125e-07,0.1309054174173298
35,12,404520,flow,1,400125,flow,4,1.0295648807683899e-06,2.7902887609281334e-05,0.1093762846330828
35,12,404520,flow,1,400125,flow,5,4.188714664465473e-06,9.749594477635153e-05,0.10305111331347372
35,12,404520,flow,1,400125,flow,6,7.742900322651197e-06,0.00016900598242074955,0.10016327255732815
35,12,404520,flow,1,400125,flow,7,0.005728414341327677,0.042143647742737676,0.061977897447458886
35,12,404520,flow,1,400125,flow,10,0.003800378146560753,0.030692902585796326,-0.06491797498085286
35,12,404520,flow,1,400125,flow,12,5.971863844174421e-07,1.73726948194165e-05,0.1117394540958867
35,12,404520,flow,2,400331,flow,1,0.0008571860545838125,0.00938667618707749,0.07474705297516028
35,12,404520,flow,2,400331,flow,3,0.00032084968799068293,0.004157380480263199,0.0806528285195406
35,12,404520,flow,3,400039,flow,1,2.1000865384658824e-14,1.751423522427145e-12,0.17038576107095568
35,12,404520,flow,3,400039,flow,2,2.121886203125442e-08,8.221119639015165e-07,0.12528317619003798
35,12,404520,flow,3,400039,flow,3,3.127099008142144e-08,1.1645748030322468e-06,0.12378322964291852
35,12,404520,flow,3,400039,flow,4,0.0020379264065172637,0.01893706619951512,0.0691781530389596
35,12,404520,flow,3,400039,flow,5,0.0005803272725591114,0.006825520875184757,0.07713938645200759
35,12,404520,flow,3,400039,flow,6,6.527414167033127e-07,1.879895280105541e-05,0.1113567876099651
35,12,404520,flow,3,400039,flow,9,0.0004797905860425772,0.005799371381376423,-0.07828260049485465
35,12,404520,flow,3,400039,flow,10,0.001977704896223263,0.018476804787724444,-0.06937752213097836
35,12,404520,flow,3,400039,flow,12,1.6544246829320795e-06,4.2822735951267726e-05,0.10727792859483709
35,12,404520,flow,4,400316,flow,1,0.0,0.0,0.7854995205678152
35,12,404520,flow,4,400316,flow,2,6.323071658522932e-05,0.0010554740944675063,-0.08961997145361301
35,12,404520,flow,4,400316,flow,3,4.180362349286776e-14,3.369247266589342e-12,-0.16842861506463602
35,12,404520,flow,4,400316,flow,4,5.114964383589517e-07,1.5093337525346115e-05,-0.11240280069479598
35,12,404520,flow,4,400316,flow,7,0.005080476093743543,0.038591072926601834,-0.06284993156525728
35,12,404520,flow,4,400316,flow,8,2.220230610591396e-08,8.57906640228518e-07,-0.12510884639543374
35,12,404520,flow,4,400316,flow,11,0.00014676699700787572,0.0021441779745486073,0.08508953421328003
35,12,404520,flow,4,400316,flow,12,3.648212097913751e-13,2.657719437266004e-11,0.16211164666853203
35,12,404520,flow,5,400503,flow,1,0.000713976289850324,0.008101858608230627,0.0758765450956589
35,12,404520,flow,5,400503,flow,2,6.220470901427988e-07,1.802309476470081e-05,0.11156414825031802
35,12,404520,flow,5,400503,flow,3,0.00039251553487176354,0.0049290882396707284,0.07947317516245692
35,12,404520,flow,5,400503,flow,4,0.0013973894136087288,0.013999479558894084,0.07165094488635797
35,12,404520,flow,5,400503,flow,6,6.943311224351188e-06,0.00015280982239035848,0.10068128639168328
35,12,404520,flow,5,400503,flow,11,0.0007262824624064551,0.008222065612148548,0.0757715870727936
35,12,404520,flow,5,400503,flow,12,9.598641848839508e-06,0.00020466995452609417,0.09913478289699258
35,12,404520,flow,6,405843,flow,1,1.2893832264229386e-06,3.4277757157828274e-05,0.10838559463682
35,12,404520,flow,6,405843,flow,3,5.681006446823905e-07,1.6604836163923727e-05,0.11195370489493436
35,12,404520,flow,6,405843,flow,5,0.002502412383770853,0.022193433582200956,0.06779990531273189
35,12,404520,flow,7,408093,flow,4,0.00036112612602956073,0.004612417737072233,0.07996276947148921
35,12,404520,flow,7,408093,flow,8,0.0014697243370663032,0.014552393160959042,-0.07132452158441761
35,12,404520,flow,7,408093,flow,9,0.0015775192663965046,0.015421776942369085,-0.07086453500416981
35,12,404520,flow,8,401448,flow,2,0.0011121456277245942,0.011624653065013904,0.07311170133547497
35,12,404520,flow,8,401448,flow,8,0.0018518056886236331,0.017539575915049538,-0.0698129796574466
35,12,404520,flow,8,401448,flow,9,0.0007520778405403665,0.008474116513130889,-0.07555683422611352
35,12,404520,flow,9,402391,flow,1,8.7576160205841e-09,3.6518244410157637e-07,0.12864208836724675
35,12,404520,flow,9,402391,flow,2,4.403941941646519e-13,3.1708381979854936e-11,0.16155078858110783
35,12,404520,flow,9,402391,flow,3,4.065400440134049e-11,2.3169564513692734e-09,0.1474200777874723
35,12,404520,flow,9,402391,flow,4,6.681549979357529e-05,0.0011033752259489496,0.08935080721502596
35,12,404520,flow,9,402391,flow,6,0.00011999632967326325,0.0018195301656317908,0.08619835931866791
35,12,404520,flow,9,402391,flow,7,0.0010197346876846501,0.010853052108395388,0.07366005797565167
35,12,404520,flow,9,402391,flow,11,0.00039169734377504715,0.004920420253295155,0.07948546519404819
35,12,404520,flow,9,402391,flow,12,4.149295589920002e-05,0.000726883898964088,0.09184241052158763
35,12,404520,flow,10,400497,flow,1,4.8694158295303315e-26,8.516549143146167e-24,0.2336850843865263
35,12,404520,flow,10,400497,flow,5,1.2674644068297994e-13,9.742786899474616e-12,0.1652251826766084
35,12,404520,flow,10,400497,flow,6,1.9361421613004148e-09,9.061900473258712e-08,0.13418007069912405
35,12,404520,flow,10,400497,flow,8,3.781555349270245e-14,3.071099776070225e-12,-0.16871510696832948
35,12,404520,flow,10,400497,flow,9,6.689801975874777e-22,9.233209116862312e-20,-0.21347144093255474
35,12,404520,flow,10,400497,flow,11,3.2150620802207657e-17,3.3307117953366205e-15,0.18778527168569245
35,12,404520,flow,10,400497,flow,12,1.9642280365855507e-53,6.428382665189075e-51,0.3354580719821861
35,12,404520,flow,11,405841,flow,11,0.005628614515309957,0.04160070950579814,0.062106223504601356
35,12,404520,flow,11,405841,flow,12,0.001551806097811099,0.015218620527909075,0.07097157027408055
35,12,404520,flow,12,404520,flow,1,0.0,0.0,0.8314816460094419
35,12,404520,flow,12,404520,flow,2,4.791383924515641e-06,0.00010992447452951444,-0.10237448557425152
35,12,404520,flow,12,404520,flow,3,2.2026480294963733e-19,2.695591922783097e-17,-0.20004474903515201
35,12,404520,flow,12,404520,flow,4,1.2098840886121127e-09,5.81390351813607e-08,-0.13582595569725658
35,12,404520,flow,12,404520,flow,8,0.0010934482783153264,0.011473637508676731,-0.07321916003123277
35,12,404520,flow,12,404520,flow,10,3.149655454414624e-06,7.576008665407113e-05,0.10436559320052095
35,12,404520,flow,12,404520,flow,11,6.037805748596465e-18,6.6880309830607e-16,0.19200869428938006
35,12,404520,flow,12,404520,flow,12,1.9330020113496917e-29,3.9389474948257865e-27,0.24896611360981213
35,12,404520,flow,13,400183,flow,6,0.0019866651605873475,0.018537834546239952,0.06934750867525731
35,12,404520,flow,14,401469,flow,1,0.0001569514774540977,0.0022760335099083653,0.08471720792430473
35,12,404520,flow,14,401469,flow,2,0.0029360137868382897,0.025273687923104117,0.06671034279894558
35,12,404520,flow,14,401469,flow,10,0.0005642012620007805,0.00666853475196545,-0.07730968249852001
35,12,404520,flow,15,401472,flow,1,2.6382076707227263e-06,6.44693644818597e-05,0.10517472738348058
35,12,404520,flow,15,401472,flow,2,4.209441140458727e-11,2.395887447533821e-09,0.1473060562559313
35,12,404520,flow,15,401472,flow,3,1.830980148339873e-05,0.00035904830870759193,0.09598124614904685
35,12,404520,flow,15,401472,flow,4,0.0001752332973625583,0.002509972959569801,0.08410250005747097
35,12,404520,flow,15,401472,flow,5,1.1328247297132422e-06,3.0453035671196057e-05,0.10895654878373241
35,12,404520,flow,15,401472,flow,6,1.9807948406429456e-07,6.241454202463548e-06,0.11638647876816971
35,12,404520,flow,15,401472,flow,9,1.332984811021166e-06,3.5284892056442626e-05,-0.10823844896322377
35,12,404520,flow,15,401472,flow,12,0.0013393391710457526,0.013537541457458238,0.07192436928107437
35,12,404520,flow,16,405838,flow,1,0.0007759194138815411,0.008677044134700947,0.07536434105339399
35,12,404520,flow,16,405838,flow,2,0.00017642998906118799,0.002523766730941497,0.08406439593336229
35,12,404520,flow,16,405838,flow,7,3.624606645773834e-05,0.0006497220211511603,0.09253818771534256
35,12,404520,flow,17,400260,flow,1,9.196437480972587e-06,0.00019696881466436082,0.09934049368095822
35,12,404520,flow,17,400260,flow,2,0.0031899572846687996,0.026937700026852033,0.0661386720590588
35,12,404520,flow,17,400260,flow,3,0.0022273451734792175,0.020312710891767404,0.06858448518707076
35,12,404520,flow,17,400260,flow,5,3.153235022833112e-05,0.0005750187770061218,0.09325016702332677
35,12,404520,flow,17,400260,flow,6,1.0097468115374432e-06,2.7538549405566634e-05,0.10946145392215906
35,12,404520,flow,17,400260,flow,7,0.00015838708602598767,0.0022922352148484646,0.08466656273743733
35,12,404520,flow,17,400260,flow,9,0.002183660814804183,0.019977583057928995,-0.06871717588404398
35,12,404520,flow,17,400260,flow,10,5.080894854620486e-12,3.2136845932592236e-10,-0.15407672149403748
35,12,404520,flow,17,400260,flow,11,0.006049291914631899,0.0438740053530732,-0.061578527062476345
35,12,404520,flow,18,404528,flow,1,1.7888721349258258e-21,2.445546716101129e-19,0.21126534093401864
35,12,404520,flow,18,404528,flow,2,1.3130520487324558e-25,2.238532841938353e-23,0.23167002809273965
35,12,404520,flow,18,404528,flow,3,5.388294966999359e-10,2.712987675691985e-08,0.1387026729628183
35,12,404520,flow,18,404528,flow,4,1.4427647462561607e-10,7.72335031453112e-09,0.14321361329578014
35,12,404520,flow,18,404528,flow,6,0.000609319951966234,0.007100788218219938,0.07684399595440886
35,12,404520,flow,18,404528,flow,12,4.349424516961779e-06,0.00010085622068317167,0.10287634194976375
35,12,404520,flow,19,401795,flow,1,5.247343099704887e-05,0.0008931647829284915,0.09062238698407944
35,12,404520,flow,19,401795,flow,4,0.0032527798560477417,0.027319897047982825,0.06600365980097002
35,12,404520,flow,19,401795,flow,6,0.0003762839121724481,0.004762808381438546,0.07972158495710269
35,12,404520,flow,19,401795,flow,7,4.323024717720685e-05,0.000752436211948161,0.09163035163126529
35,12,404520,flow,19,401795,flow,10,2.0797810518343903e-05,0.0003998587260033862,-0.09534761949924965
35,12,404520,occupancy,0,400593,flow,5,0.0029797915023226868,0.025505645512252838,0.06660865469727142
35,12,404520,occupancy,0,400593,flow,7,0.0017243802385119723,0.01660176867518291,0.07028232342809519
35,12,404520,occupancy,0,400593,flow,8,0.004482366857996448,0.0349642690211311,0.06374915906860329
35,12,404520,occupancy,0,400593,flow,12,0.004146094149313926,0.03288255319448533,0.06430365440181068
35,12,404520,occupancy,1,400125,flow,1,4.3465615086681243e-10,2.2038903424232744e-08,0.13944807850801827
35,12,404520,occupancy,1,400125,flow,2,0.00013878155727691235,0.0020496968459359365,0.0853988806382674
35,12,404520,occupancy,1,400125,flow,10,1.0863413783779687e-08,4.4652661794413175e-07,0.12783219606415216
35,12,404520,occupancy,1,400125,flow,11,1.1079369733146865e-17,1.1935879612766697e-15,0.19048703102041697
35,12,404520,occupancy,1,400125,flow,12,3.2755879384440517e-18,3.675464907552806e-16,0.19352892771464084
35,12,404520,occupancy,2,400331,flow,1,1.0679162842280832e-05,0.00022460556708205062,0.09862039560688379
35,12,404520,occupancy,2,400331,flow,2,0.0007958741213899953,0.008845320824298378,0.07520740227150371
35,12,404520,occupancy,2,400331,flow,3,0.001989358765677711,0.018549600405196872,0.06933851039968522
35,12,404520,occupancy,2,400331,flow,4,0.0013089633099945615,0.01331776142057585,0.07207182782652065
35,12,404520,occupancy,2,400331,flow,5,0.0004673590693189157,0.00566973091675854,0.07843918875105145
35,12,404520,occupancy,2,400331,flow,6,0.0007025928490571239,0.007989264445735056,0.07597513949999522
35,12,404520,occupancy,2,400331,flow,7,0.0011669296763004288,0.012126861201871186,0.07280618687810599
35,12,404520,occupancy,2,400331,flow,8,8.187275607266879e-05,0.0013177731230772324,0.08826829112210038
35,12,404520,occupancy,2,400331,flow,9,1.8938849609882205e-06,4.815528564725787e-05,0.10667272760923671
35,12,404520,occupancy,2,400331,flow,10,7.733235117396975e-07,2.1749723767678993e-05,0.11062403137771831
35,12,404520,occupancy,2,400331,flow,11,1.3427863944528497e-06,3.547912675251566e-05,0.10820600821112078
35,12,404520,occupancy,2,400331,flow,12,0.0007541675388673447,0.008493231928850181,0.07553973761248867
35,12,404520,occupancy,3,400039,flow,1,2.26110307171639e-11,1.325368421955876e-09,0.14932814779907244
35,12,404520,occupancy,3,400039,flow,2,1.6227833032124322e-05,0.0003244064724607916,0.09657796941508807
35,12,404520,occupancy,3,400039,flow,3,0.005233541088195525,0.03942266347167336,0.06263523624171391
35,12,404520,occupancy,3,400039,flow,10,8.778775311994797e-07,2.4357295663338163e-05,0.11007283366968691
35,12,404520,occupancy,3,400039,flow,11,1.932652853671183e-11,1.1405820120026653e-09,0.14983450946672633
35,12,404520,occupancy,3,400039,flow,12,2.288462666699788e-12,1.5024557325445417e-10,0.15655409231635126
35,12,404520,occupancy,4,400316,flow,1,0.005496302575385497,0.040867784097876836,0.06227955468732458
35,12,404520,occupancy,4,400316,flow,3,0.004255197135369364,0.033605944469461885,0.0641194189880102
35,12,404520,occupancy,4,400316,flow,4,3.533830075940388e-05,0.0006345031557798203,0.09266818447489814
35,12,404520,occupancy,4,400316,flow,5,1.541843312799974e-07,4.978148812627719e-06,0.11741673853006494
35,12,404520,occupancy,4,400316,flow,6,1.315939000518711e-06,3.485503667836193e-05,0.10829541620150242
35,12,404520,occupancy,4,400316,flow,7,5.1091056286289574e-08,1.8270973771255874e-06,0.12185866397714085
35,12,404520,occupancy,4,400316,flow,8,7.1733343585285e-15,6.363204194834316e-13,0.17339430296312733
35,12,404520,occupancy,4,400316,flow,9,2.3321945829599377e-25,3.875030999379589e-23,0.23049426060887754
35,12,404520,occupancy,4,400316,flow,10,5.669307172501599e-34,1.353116408022481e-31,0.26783204068988187
35,12,404520,occupancy,4,400316,flow,11,8.012355594017529e-23,1.138597900202491e-20,0.218149719213308
35,12,404520,occupancy,4,400316,flow,12,1.7545055941368946e-06,4.498198318499338e-05,0.10701537084272729
35,12,404520,occupancy,5,400503,flow,1,3.732412019537222e-05,0.0006642066337851325,0.09238775874427961
35,12,404520,occupancy,5,400503,flow,2,1.929497574375004e-05,0.000374963091376519,0.09572108806425908
35,12,404520,occupancy,5,400503,flow,3,6.016904663237999e-06,0.00013418479170490376,0.10135809412035457
35,12,404520,occupancy,5,400503,flow,4,2.9291911339576097e-07,8.93651532393847e-06,0.1147597367835254
35,12,404520,occupancy,5,400503,flow,5,4.279736764367291e-07,1.2812517548209769e-05,0.11316170787672003
35,12,404520,occupancy,5,400503,flow,6,2.6974390081403383e-05,0.00050380183809625,0.09404211779752224
35,12,404520,occupancy,5,400503,flow,7,0.0005779497640835336,0.0067994089892180415,0.07716421488677197
35,12,404520,occupancy,5,400503,flow,8,8.303255230686646e-06,0.00017944003299933122,0.09982988067713247
35,12,404520,occupancy,5,400503,flow,9,3.3934397969157654e-10,1.7556478949312704e-08,0.14030204889214123
35,12,404520,occupancy,5,400503,flow,10,4.717491262539592e-10,2.380789982963906e-08,0.13916441984836472
35,12,404520,occupancy,5,400503,flow,11,1.1575174526982597e-08,4.7308187281518283e-07,0.12759270741775233
35,12,404520,occupancy,5,400503,flow,12,1.4821271371590463e-05,0.0003006004334519756,0.09702391927619758
35,12,404520,occupancy,6,405843,flow,1,7.588903421522546e-18,8.320828116999339e-16,0.19143704263915584
35,12,404520,occupancy,6,405843,flow,2,7.585769104601179e-10,3.749487703876098e-08,0.13750766732108366
35,12,404520,occupancy,6,405843,flow,3,1.6319430648676588e-06,4.226615132031346e-05,0.10733900342925934
35,12,404520,occupancy,6,405843,flow,4,4.8692806289905e-06,0.00011129784294835428,0.10235055540252218
35,12,404520,occupancy,6,405843,flow,5,0.00025526388561885444,0.0034546992038641954,0.08197241403721817
35,12,404520,occupancy,6,405843,flow,6,0.0016092879497295336,0.015686200232020726,0.07073448748635867
35,12,404520,occupancy,6,405843,flow,9,2.808091845988182e-05,0.0005205322353286403,0.09383878295055142
35,12,404520,occupancy,6,405843,flow,10,3.6800432247302216e-11,2.1001039274550272e-09,0.14774572266788766
35,12,404520,occupancy,6,405843,flow,11,8.69372049093667e-15,7.605327596754267e-13,0.17285987495973262
35,12,404520,occupancy,6,405843,flow,12,5.179710308054008e-14,4.120874499225288e-12,0.16781444173057483
35,12,404520,occupancy,7,408093,flow,1,1.5970480405605937e-17,1.6827433012736013e-15,0.18951735987600948
35,12,404520,occupancy,7,408093,flow,2,9.642897379065188e-15,8.364923027622813e-13,0.17257108728030718
35,12,404520,occupancy,7,408093,flow,3,3.2242860460891784e-12,2.0789426446425747e-10,0.15549414910562775
35,12,404520,occupancy,7,408093,flow,4,6.708265045256364e-08,2.339203135514661e-06,0.12077824675434384
35,12,404520,occupancy,7,408093,flow,5,0.0021706241498080604,0.019892015967693723,0.06875724573392829
35,12,404520,occupancy,7,408093,flow,9,0.0013015256068858582,0.013257700122015815,0.07210841454527427
35,12,404520,occupancy,7,408093,flow,10,8.26339827740899e-07,2.3150376497021294e-05,0.11033613868712946
35,12,404520,occupancy,7,408093,flow,11,3.6465636051802146e-08,1.3350131164727567e-06,0.12318390024492558
35,12,404520,occupancy,7,408093,flow,12,1.3427207252462886e-08,5.431229899872629e-07,0.12703088386874453
35,12,404520,occupancy,8,401448,flow,1,3.1041335098828827e-06,7.479005444893505e-05,0.10443229643282104
35,12,404520,occupancy,8,401448,flow,2,0.0051764497585232855,0.039135916970284554,0.06271464363673619
35,12,404520,occupancy,8,401448,flow,10,6.789293503514224e-05,0.0011181756742349007,0.08926603587346266
35,12,404520,occupancy,8,401448,flow,11,1.0178820594760552e-06,2.7661126774447905e-05,0.10942629936538921
35,12,404520,occupancy,8,401448,flow,12,1.3014812468812417e-05,0.0002679885122272147,0.09765991150337563
35,12,404520,occupancy,9,402391,flow,2,4.3759052747845964e-17,4.490240091940488e-15,-0.18699586902497672
35,12,404520,occupancy,9,402391,flow,3,1.1894148214713109e-14,1.0276544057512126e-12,-0.1719847816862616
35,12,404520,occupancy,9,402391,flow,4,9.51532481242082e-13,6.566486132533217e-11,-0.15923471508923256
35,12,404520,occupancy,9,402391,flow,5,2.355488897455797e-08,9.037044437841069e-07,-0.1248809373751283
35,12,404520,occupancy,9,402391,flow,6,1.903335262874447e-06,4.8338673342843095e-05,-0.10665038060382996
35,12,404520,occupancy,9,402391,flow,7,7.831382531023227e-06,0.00017058335844945998,-0.10010912607942199
35,12,404520,occupancy,9,402391,flow,8,0.0005178179995871478,0.006205197664955558,-0.07782604563993908
35,12,404520,occupancy,9,402391,flow,11,0.007091121186295323,0.04930571949910799,0.060401597126936386
35,12,404520,occupancy,10,400497,flow,3,8.459281688832741e-14,6.5845219631995385e-12,0.16640024430865133
35,12,404520,occupancy,10,400497,flow,4,2.9250373761602797e-25,4.78318043417158e-23,0.23002886817588314
35,12,404520,occupancy,10,400497,flow,5,1.1748995529790714e-10,6.376339282499482e-09,0.1439040209715258
35,12,404520,occupancy,10,400497,flow,7,0.003926136630708344,0.03151414017959875,-0.06468885094678085
35,12,404520,occupancy,10,400497,flow,8,7.313220305877938e-10,3.631392151884217e-08,0.13763599461356502
35,12,404520,occupancy,10,400497,flow,9,1.397417158711452e-62,5.641908528629414e-60,0.36209285244534206
35,12,404520,occupancy,10,400497,flow,10,1.1402609651886061e-109,7.244010837668791e-107,0.46996870134734586
35,12,404520,occupancy,10,400497,flow,11,2.326565358104192e-75,1.0924741681532727e-72,0.3955128822105463
35,12,404520,occupancy,10,400497,flow,12,1.1420925642002142e-07,3.804039997952911e-06,0.11863958949954032
35,12,404520,occupancy,11,405841,flow,4,0.004027995125297039,0.03216439730366582,0.06450810253991954
35,12,404520,occupancy,11,405841,flow,5,0.0005711360960925099,0.0067357573986340236,0.07723590040378765
35,12,404520,occupancy,11,405841,flow,6,0.005139907602117171,0.03894142553691017,0.06276588560573383
35,12,404520,occupancy,11,405841,flow,10,0.000531327104514299,0.006344204233006555,0.0776713500166527
35,12,404520,occupancy,12,404520,flow,1,0.0013800720845731668,0.013877819844869833,-0.0717313989569537
35,12,404520,occupancy,12,404520,flow,2,6.557236431516435e-08,2.2955641316167748e-06,-0.12086895055993473
35,12,404520,occupancy,12,404520,flow,5,1.8650393800084633e-05,0.00036423915558935627,0.0958898295266265
35,12,404520,occupancy,12,404520,flow,6,5.098567865536809e-06,0.00011610866198797584,0.10213553960393923
35,12,404520,occupancy,12,404520,flow,7,2.2881745222845892e-08,8.810083722165264e-07,0.12499272786229446
35,12,404520,occupancy,12,404520,flow,8,4.1185204801798584e-16,4.0344690418088407e-14,0.1811466106151275
35,12,404520,occupancy,12,404520,flow,9,2.0503345547681505e-29,4.1389931199057996e-27,0.2488550133585716
35,12,404520,occupancy,12,404520,flow,10,6.310769874461864e-37,1.6227693962901934e-34,0.27935149090274825
35,12,404520,occupancy,12,404520,flow,11,1.185203892518218e-19,1.4797921432597402e-17,0.20156952489245364
35,12,404520,occupancy,14,401469,flow,1,3.30264058464196e-05,0.0005977129168685911,0.0930141436531893
35,12,404520,occupancy,15,401472,flow,1,2.6728903180881423e-28,5.201300078441791e-26,0.24395913382217915
35,12,404520,occupancy,15,401472,flow,2,1.871738034807752e-18,2.1334850423138492e-16,0.19490917903357158
35,12,404520,occupancy,15,401472,flow,3,9.019031006462292e-12,5.510921350483324e-10,0.15226915399143215
35,12,404520,occupancy,15,401472,flow,4,3.6243902452559366e-10,1.8639721261316246e-08,0.14007541151867955
35,12,404520,occupancy,15,401472,flow,5,9.374644857061356e-08,3.178843468014526e-06,0.11943746692567384
35,12,404520,occupancy,15,401472,flow,6,0.0004660538441212338,0.005660254727589908,0.07845585403754098
35,12,404520,occupancy,15,401472,flow,9,3.9688865455131575e-05,0.000701538047324748,0.09207172601450714
35,12,404520,occupancy,15,401472,flow,10,2.0359771451850118e-14,1.7045390052711727e-12,0.17047335735400232
35,12,404520,occupancy,15,401472,flow,11,5.1169796204405336e-21,6.843762216812107e-19,0.20888046298101726
35,12,404520,occupancy,15,401472,flow,12,1.2301733402322477e-20,1.6153035956848968e-18,0.2068674513855829
35,12,404520,occupancy,16,405838,flow,1,6.506271874802212e-15,5.807250929575528e-13,0.17366500708825902
35,12,404520,occupancy,16,405838,flow,2,4.988104404235535e-07,1.475932262075172e-05,0.11251000626050708
35,12,404520,occupancy,16,405838,flow,3,4.673083212300794e-06,0.00010742166469860174,0.1025423783190651
35,12,404520,occupancy,16,405838,flow,4,4.761985962621449e-07,1.4158141334153242e-05,0.112707778072984
35,12,404520,occupancy,16,405838,flow,5,1.1712956241467151e-06,3.133125137036414e-05,0.10880952369309124
35,12,404520,occupancy,16,405838,flow,6,1.2989134755622463e-05,0.00026784277873168993,0.0976695452638873
35,12,404520,occupancy,16,405838,flow,11,0.002755579810883554,0.024038983810615817,0.06714461376644375
35,12,404520,occupancy,16,405838,flow,12,4.038797197293016e-05,0.0007124378886200829,0.09198171278939087
35,12,404520,occupancy,17,400260,flow,1,4.3196825195172396e-15,3.9039808544590954e-13,0.17479627390701072
35,12,404520,occupancy,17,400260,flow,2,1.999720662954681e-06,5.010900965176463e-05,0.10642835357335056
35,12,404520,occupancy,17,400260,flow,3,0.00295413215514844,0.025371472982587,0.06666809036726451
35,12,404520,occupancy,17,400260,flow,4,0.0040743040851494005,0.032417223183955575,0.0644272945602054
35,12,404520,occupancy,17,400260,flow,8,0.0017921556535199774,0.01709830482156869,-0.07002886779274894
35,12,404520,occupancy,17,400260,flow,10,5.308297823005301e-06,0.00011974854618998902,0.10194681736707202
35,12,404520,occupancy,17,400260,flow,11,3.769560197137318e-12,2.405391440418495e-10,0.15500864269975598
35,12,404520,occupancy,17,400260,flow,12,5.933036017280299e-13,4.160830453677093e-11,0.16065882668944553
35,12,404520,occupancy,18,404528,flow,1,3.164689948092366e-27,5.7929917693894155e-25,0.23902451591229323
35,12,404520,occupancy,18,404528,flow,2,1.3006477681815047e-13,9.962408437134929e-12,0.16510874326326863
35,12,404520,occupancy,18,404528,flow,3,1.0358134832418007e-07,3.479560068121757e-06,0.119034955224203
35,12,404520,occupancy,18,404528,flow,4,1.970165757556057e-05,0.00038183562461382525,0.09561736410890234
35,12,404520,occupancy,18,404528,flow,5,0.0002759445724983193,0.0036815335181987004,0.08152503157630986
35,12,404520,occupancy,18,404528,flow,6,0.0019258470752165585,0.018090148651740665,0.06955371581211713
35,12,404520,occupancy,18,404528,flow,9,0.0007726488549839591,0.008651744565916804,0.07539041959871959
35,12,404520,occupancy,18,404528,flow,10,1.1979728647638698e-07,3.965703276459707e-06,0.11844576834618042
35,12,404520,occupancy,18,404528,flow,11,8.856471588543763e-10,4.3427874304777585e-08,0.13696318149599282
35,12,404520,occupancy,18,404528,flow,12,1.216223512463512e-07,4.007693038781367e-06,0.11838435621902721
35,12,404520,occupancy,19,401795,flow,1,1.2035700698190184e-07,3.978135196341362e-06,0.1184268385247771
35,12,404520,occupancy,19,401795,flow,11,0.0015377055867943766,0.015111547541625017,0.07103096079113509
35,12,404520,occupancy,19,401795,flow,12,0.00042468596844521243,0.005252352381786349,0.07900796133288326
35,12,404520,speed,2,400331,flow,9,0.006612332287698697,0.046897513516431406,-0.06092170917401225
35,12,404520,speed,2,400331,flow,11,0.002655540951363912,0.0233027359534676,-0.06739670478026309
35,12,404520,speed,4,400316,flow,8,0.005675761328472777,0.04183465097935915,-0.06204534710479944
35,12,404520,speed,4,400316,flow,10,0.0007789625441272402,0.008694600997232418,-0.07534016737861805
35,12,404520,speed,4,400316,flow,11,1.7144937116395605e-05,0.000339597103818565,-0.09630662726355746
35,12,404520,speed,5,400503,flow,8,0.005754281360916731,0.04230513185697801,-0.06194496565090329
35,12,404520,speed,6,405843,flow,1,1.7768448311010199e-06,4.547375397130572e-05,-0.10695873188890966
35,12,404520,speed,6,405843,flow,2,4.105589968659154e-06,9.576754138556989e-05,-0.10314404676347302
35,12,404520,speed,6,405843,flow,5,0.005196389793792527,0.03921686956529461,-0.06268681991091932
35,12,404520,speed,6,405843,flow,11,0.00029891860422235044,0.003938179542203419,-0.08106345700397034
35,12,404520,speed,6,405843,flow,12,0.0006179182270251331,0.0071777540756885585,-0.07675890493959459
35,12,404520,speed,7,408093,flow,1,1.2559424659354548e-10,6.799087033635544e-09,-0.14368015098635598
35,12,404520,speed,7,408093,flow,2,2.5492150830618264e-09,1.1690667896844044e-07,-0.13318755551803238
35,12,404520,speed,7,408093,flow,3,8.52646479289425e-11,4.692271070739256e-09,-0.14493902849775356
35,12,404520,speed,7,408093,flow,4,1.2966359271624e-07,4.2499751178615835e-06,-0.11812397226195692
35,12,404520,speed,7,408093,flow,5,3.89788092567198e-10,1.9927627927695804e-08,-0.13982458143738957
35,12,404520,speed,7,408093,flow,6,1.7088825698038538e-09,8.076994203011651e-08,-0.13462817334390384
35,12,404520,speed,7,408093,flow,7,0.0001255580376430535,0.001884679369763694,-0.08595003435422408
35,12,404520,speed,7,408093,flow,8,5.478636988628811e-09,2.3596921027793081e-07,-0.13038806511206724
35,12,404520,speed,7,408093,flow,9,2.6023845151995217e-06,6.373186567835564e-05,-0.10523691266873303
35,12,404520,speed,7,408093,flow,10,1.3613713099562242e-06,3.59262312706835e-05,-0.1081451168897922
35,12,404520,speed,7,408093,flow,11,1.086060911880981e-09,5.2573944899585135e-08,-0.13624271946746522
35,12,404520,speed,7,408093,flow,12,7.033140014285979e-09,2.987528501643602e-07,-0.1294612143513761
35,12,404520,speed,9,402391,flow,4,0.00044362424281496225,0.005435214773002374,0.07874925249009901
35,12,404520,speed,9,402391,flow,5,2.1617792424788778e-09,1.0063455094298224e-07,0.13378321908498478
35,12,404520,speed,9,402391,flow,6,0.0006949034418998794,0.00793126253370536,0.07604258199922923
35,12,404520,speed,10,400497,flow,3,0.005082144366205573,0.038591780035169755,0.06284756026757685
35,12,404520,speed,10,400497,flow,10,0.0005114499314278205,0.006137399177133846,-0.0779002755798561
35,12,404520,speed,10,400497,flow,11,0.0002968285858651971,0.003916614205673951,-0.08110404894608204
35,12,404520,speed,10,400497,flow,12,0.0045987229058103325,0.0356797466830112,-0.06356604743492764
35,12,404520,speed,11,405841,flow,6,0.0057012894340042865,0.04199415235276815,-0.062012574938732815
35,12,404520,speed,12,404520,flow,1,0.0021084704086237077,0.019415716097591823,0.06895136767003081
35,12,404520,speed,12,404520,flow,3,0.0003042622428121639,0.003985484805786987,0.08096086924691982
35,12,404520,speed,12,404520,flow,8,0.0037794098929749883,0.030557834058865713,-0.06495684573413336
35,12,404520,speed,12,404520,flow,10,0.0010093051787609802,0.010752647033902428,-0.073724804707981
35,12,404520,speed,12,404520,flow,11,7.58549720556863e-05,0.0012314674155601835,-0.08867635419596255
35,12,404520,speed,14,401469,flow,1,8.630317701734549e-07,2.4007065339016904e-05,-0.11014712176655513
35,12,404520,speed,14,401469,flow,2,0.0003028080619587405,0.00397125327159004,-0.08098861874697169
35,12,404520,speed,14,401469,flow,3,3.0353660343204004e-06,7.329670915742945e-05,-0.10453486093130199
35,12,404520,speed,14,401469,flow,4,0.00014362867236914997,0.0021075305241172256,-0.08520917435157746
35,12,404520,speed,14,401469,flow,6,8.28534565695291e-07,2.3181796138624722e-05,-0.11032460757943703
35,12,404520,speed,14,401469,flow,7,2.9584994242277635e-12,1.919026653553144e-10,-0.1557608151090655
35,12,404520,speed,14,401469,flow,8,7.230294413922872e-08,2.50079038175715e-06,-0.12047927425104445
35,12,404520,speed,14,401469,flow,9,5.587201702080222e-09,2.404054915636112e-07,-0.13031548696539955
35,12,404520,speed,14,401469,flow,10,4.1980016999928986e-05,0.000734225398541268,-0.09178212174014701
35,12,404520,speed,14,401469,flow,11,1.3543156963274505e-05,0.00027728169706798985,-0.09746560741802947
35,12,404520,speed,14,401469,flow,12,8.749654466564368e-09,3.6518244410157637e-07,-0.12864549628047603
35,12,404520,speed,15,401472,flow,1,4.467586029970203e-06,0.00010326362573285863,-0.10275174244878081
35,12,404520,speed,15,401472,flow,2,0.002147184534708207,0.01971904164527945,-0.06882984814183532
35,12,404520,speed,15,401472,flow,4,0.0024256927776389755,0.02165528580161268,-0.06801046979290393
35,12,404520,speed,15,401472,flow,5,0.00015566500479709353,0.002263998972701587,-0.08476296340795951
35,12,404520,speed,15,401472,flow,6,0.00013375511722822764,0.0019883761404884495,-0.085602309411546
35,12,404520,speed,15,401472,flow,7,0.0014741476793559193,0.014589502805996727,-0.0713050440158435
35,12,404520,speed,15,401472,flow,9,0.006808704302849692,0.047928307949015266,-0.06070442479953327
35,12,404520,speed,15,401472,flow,10,0.0006538925324664312,0.0075268205175992075,-0.07641442906585867
35,12,404520,speed,15,401472,flow,11,0.003777446044210781,0.030557834058865713,-0.06496049632158622
35,12,404520,speed,15,401472,flow,12,0.0002558236679857076,0.003461190872841393,-0.08195986400663259
35,12,404520,speed,16,405838,flow,1,1.6724609300596275e-07,5.3321263600425025e-06,-0.11708327971278559
35,12,404520,speed,16,405838,flow,2,0.0008014503855254442,0.008893567083149034,-0.0751641987538774
35,12,404520,speed,16,405838,flow,3,2.4276268615500275e-05,0.0004597697519463445,-0.09457322530587457
35,12,404520,speed,16,405838,flow,4,3.1947259719767615e-05,0.0005818387942217373,-0.09318357446004226
35,12,404520,speed,16,405838,flow,5,3.532582747889436e-10,1.821092776954936e-08,-0.140163769202873
35,12,404520,speed,16,405838,flow,6,4.042429576144869e-07,1.2135716309204888e-05,-0.11340351388923942
35,12,404520,speed,16,405838,flow,7,2.551290712792453e-06,6.265819146823989e-05,-0.10532704179650917
35,12,404520,speed,16,405838,flow,8,0.0019095318651223727,0.017972721301637667,-0.06961004958774036
35,12,404520,speed,16,405838,flow,9,0.0019100176735143178,0.017972721301637667,-0.06960836580100886
35,12,404520,speed,16,405838,flow,10,0.0011256241623564275,0.011735897658025157,-0.07303526707781707
35,12,404520,speed,16,405838,flow,11,0.00020412232350054433,0.0028611565137000375,-0.08324434644702113
35,12,404520,speed,16,405838,flow,12,2.3099304419141226e-08,8.885930106027614e-07,-0.12495625234486675
35,12,404520,speed,17,400260,flow,1,1.3006374678921595e-05,0.0002679885122272147,-0.09766307519167948
35,12,404520,speed,17,400260,flow,2,0.005998857812745945,0.043613372182871896,-0.06164001528616527
35,12,404520,speed,17,400260,flow,3,0.0018221220190139447,0.017338253572996128,-0.0699196008988762
35,12,404520,speed,17,400260,flow,4,0.003766655909835171,0.030488951715360577,-0.06498058484526832
35,12,404520,speed,17,400260,flow,5,0.002170421243467741,0.019892015967693723,-0.06875787113283588
35,12,404520,speed,18,404528,flow,9,0.0030900472061727983,0.02625689207448169,-0.0663584608314087
35,12,404520,speed,18,404528,flow,12,0.001833565104757264,0.017408793961651386,-0.06987831070678281
35,12,404520,speed,19,401795,flow,1,2.21995048447769e-05,0.0004234077745228972,-0.09502174380824463
35,12,404520,speed,19,401795,flow,3,0.006032973758792522,0.04378610679663329,-0.06159837115694425
35,13,400183,flow,0,400593,flow,2,0.005902820366848721,0.043099666493889466,0.061758400375305805
35,13,400183,flow,0,400593,flow,9,0.001537739884096842,0.015111547541625017,0.07103081572590167
35,13,400183,flow,0,400593,flow,11,0.00537993094955969,0.040237710703078015,0.06243514274496218
35,13,400183,flow,1,400125,flow,1,0.0039995381366415665,0.031968067332265045,0.0645581783213311
35,13,400183,flow,1,400125,flow,3,0.0016981235676531469,0.016389396363408387,0.07038298071284844
35,13,400183,flow,2,400331,flow,5,0.0012356066526149447,0.01271818141362059,0.07244137953321948
35,13,400183,flow,3,400039,flow,5,0.003799863276453615,0.030692902585796326,0.06491892710743431
35,13,400183,flow,6,405843,flow,2,0.0005266704174264116,0.00629556226696762,0.07772425679261534
35,13,400183,flow,6,405843,flow,7,1.6974697266944263e-05,0.000337152607784824,0.09635593420073844
35,13,400183,flow,11,405841,flow,1,2.171652228824232e-08,8.398869855434809e-07,0.12516270291987633
35,13,400183,flow,11,405841,flow,2,0.005057263035706406,0.03850038642722569,0.0628830000076743
35,13,400183,flow,11,405841,flow,3,0.0054005055561000695,0.040335726145145745,0.06240741509702798
35,13,400183,flow,11,405841,flow,7,0.0004944896274498578,0.005957041803076926,0.07810225720871215
35,13,400183,flow,11,405841,flow,8,0.0008184195653041948,0.0090562820750874,0.07503441957562634
35,13,400183,flow,11,405841,flow,12,0.0003118740110316999,0.004065466890938272,0.08081761156504652
35,13,400183,flow,13,400183,flow,1,2.9810833164470156e-14,2.453005700390687e-12,0.16935068511913867
35,13,400183,flow,13,400183,flow,2,1.182932963259841e-30,2.607280816980874e-28,0.2541089400298188
35,13,400183,flow,13,400183,flow,3,1.965481746022236e-25,3.3038448026521634e-23,0.23078849696708315
35,13,400183,flow,13,400183,flow,4,1.1988833300321796e-12,8.220914263077803e-11,0.1585333361209998
35,13,400183,flow,13,400183,flow,5,1.3927785078670987e-09,6.633741073854318e-08,0.13535907797819066
35,13,400183,flow,13,400183,flow,6,0.00033525015559574396,0.004327100902819282,0.08039725096572906
35,13,400183,flow,13,400183,flow,7,0.00024175591819694173,0.003303972055080001,0.08228335114193337
35,13,400183,flow,13,400183,flow,9,0.0002404247704168649,0.0032889012292617367,0.08231486862486335
35,13,400183,flow,13,400183,flow,10,0.00019536554426371737,0.0027495241180238144,0.08349173749041253
35,13,400183,flow,13,400183,flow,11,4.226823140521736e-06,9.83299728974362e-05,0.10300909695987631
35,13,400183,flow,13,400183,flow,12,3.7242636571972556e-06,8.830306805209739e-05,0.1035948788307358
35,13,400183,flow,15,401472,flow,1,0.001853823829559108,0.017554842051063887,0.06980578775946669
35,13,400183,flow,15,401472,flow,7,0.004905571844630581,0.0376087855384365,0.06310253244894971
35,13,400183,flow,15,401472,flow,8,0.0033464096613591335,0.027892127603842284,0.06580678100906645
35,13,400183,flow,16,405838,flow,1,0.005973834928775627,0.04347534853825928,0.0616706956030698
35,13,400183,flow,17,400260,flow,1,2.2339403310638925e-05,0.00042588800662824426,0.0949903011644614
35,13,400183,flow,19,401795,flow,1,1.9140607269376115e-07,6.057686696242112e-06,0.11652793742832593
35,13,400183,flow,19,401795,flow,2,4.938569601914318e-08,1.769039857402144e-06,0.121992704143118
35,13,400183,flow,19,401795,flow,3,0.00034272554785319477,0.004409095791321624,0.08026859964235836
35,13,400183,flow,19,401795,flow,4,9.775884250992614e-05,0.0015277983956570658,0.08731367191857081
35,13,400183,flow,19,401795,flow,6,0.0014588319479505833,0.014458642272692859,0.07137271579391972
35,13,400183,flow,19,401795,flow,7,0.0010110759772507338,0.010766202173337862,0.07371376804774035
35,13,400183,flow,19,401795,flow,9,4.402371391757291e-05,0.00076470624899041,0.09153617349375642
35,13,400183,flow,19,401795,flow,11,3.1830210892713546e-06,7.643497001474292e-05,0.10431728687492554
35,13,400183,occupancy,0,400593,flow,9,0.001373527926459599,0.013831089526402515,0.07176204467241509
35,13,400183,occupancy,6,405843,flow,2,0.005135614771762469,0.038922554059673445,0.06277192688986867
35,13,400183,occupancy,7,408093,flow,1,0.005481380693602436,0.04080251595211579,0.06229933811850519
35,13,400183,occupancy,11,405841,flow,8,0.00046577913847524775,0.005660100923243517,0.07845936705707927
35,13,400183,occupancy,13,400183,flow,1,6.864927164431758e-11,3.817582411656322e-09,0.1456949074651619
35,13,400183,occupancy,13,400183,flow,2,0.0008393009411737872,0.009225903475498119,-0.07487810125762401
35,13,400183,occupancy,13,400183,flow,3,2.419149445430359e-25,4.004109426919215e-23,-0.2304191140138315
35,13,400183,occupancy,13,400183,flow,12,0.0019954301601006756,0.018590162371436098,0.06931826916701761
35,13,400183,occupancy,14,401469,flow,3,0.0006356735397013882,0.007360251116349496,0.07658662230018673
35,13,400183,occupancy,17,400260,flow,1,6.394456141289687e-05,0.0010647433095044695,0.08958316378284237
35,13,400183,occupancy,19,401795,flow,12,0.0071738616460758735,0.04972895107677756,-0.06031492683144291
35,13,400183,speed,4,400316,flow,12,0.0008298995055978619,0.009148165001742188,-0.07494802911553049
35,13,400183,speed,12,404520,flow,12,0.0009416265219580932,0.010134097097306833,-0.07416064802963693
35,13,400183,speed,13,400183,flow,4,0.0036332492598463917,0.029614409061389457,0.06523337044543341
35,14,401469,flow,0,400593,flow,5,0.00021814769319147294,0.003031193420994413,0.08286813826127348
35,14,401469,flow,0,400593,flow,7,0.0016742496408615364,0.016205999061576222,0.07047575299220883
35,14,401469,flow,0,400593,flow,11,0.0030044464201950103,0.025687413844248757,0.06655198356868523
35,14,401469,flow,0,400593,flow,12,0.0034338831570767114,0.028412900284565015,0.06562732524029691
35,14,401469,flow,1,400125,flow,8,0.0010039760670209241,0.010701151269505039,-0.07375812726576479
35,14,401469,flow,2,400331,flow,3,0.00043072899139043563,0.005304302288502514,0.07892426016698706
35,14,401469,flow,2,400331,flow,6,0.007103984593607193,0.049355441370831574,0.06038806339914446
35,14,401469,flow,2,400331,flow,9,0.004640491888668616,0.03591351658733146,0.06350133649285547
35,14,401469,flow,4,400316,flow,5,0.002654795451996028,0.023300927169083382,0.06739861572728961
35,14,401469,flow,4,400316,flow,11,0.0017719250274979366,0.01696450972896764,0.070103587944321
35,14,401469,flow,4,400316,flow,12,3.6012242992211816e-06,8.566789081847745e-05,0.10374982346004569
35,14,401469,flow,7,408093,flow,1,0.0009315214575807815,0.010041910149688991,0.0742281971230434
35,14,401469,flow,7,408093,flow,2,0.0034819611377075034,0.028679365466539108,0.06553045457079974
35,14,401469,flow,7,408093,flow,4,0.003963709774225323,0.03175672519409012,0.06462168723254806
35,14,401469,flow,7,408093,flow,5,0.00013966751354325713,0.002059261633129252,0.0853637450910324
35,14,401469,flow,7,408093,flow,11,0.002139182231580535,0.01965808815236739,0.06885480098994361
35,14,401469,flow,8,401448,flow,6,0.000306689072435223,0.004013622517177108,0.08091483429956023
35,14,401469,flow,10,400497,flow,2,1.7871102752568168e-05,0.0003517228423284487,-0.09610141031471763
35,14,401469,flow,10,400497,flow,4,0.004486114735994147,0.034975099140161066,0.06374319424717212
35,14,401469,flow,10,400497,flow,5,9.409168542856855e-06,0.00020110611837488107,0.09923064428229958
35,14,401469,flow,10,400497,flow,8,0.00048791021131329085,0.005892569507613689,-0.07818235409304337
35,14,401469,flow,10,400497,flow,10,1.8405732107065435e-05,0.0003607657109914822,0.09595533523614437
35,14,401469,flow,10,400497,flow,11,3.8271711955075825e-10,1.9612549898686545e-08,0.13988774607785487
35,14,401469,flow,10,400497,flow,12,0.0064705651764855624,0.046134414197751494,0.06108220701915767
35,14,401469,flow,11,405841,flow,4,0.0023424212009263566,0.021060350683058907,0.06824602476518543
35,14,401469,flow,11,405841,flow,10,0.0025971807419042877,0.022905362509429192,0.06754780366349783
35,14,401469,flow,12,404520,flow,5,0.00022347920023539744,0.003092408445780226,0.08273105833117204
35,14,401469,flow,12,404520,flow,10,0.004905856278868974,0.0376087855384365,0.0631021150978736
35,14,401469,flow,12,404520,flow,11,0.0005183455146939204,0.006209796515467932,0.07781993480625336
35,14,401469,flow,12,404520,flow,12,6.448316166492863e-06,0.00014270863647156338,0.10103136105713144
35,14,401469,flow,13,400183,flow,4,0.004589768171298247,0.03562946720576536,0.06357998983802568
35,14,401469,flow,14,401469,flow,1,1.8792612033870923e-88,9.664771903133617e-86,0.4259749208091192
35,14,401469,flow,14,401469,flow,2,3.528281036986959e-24,5.405026269426831e-22,0.2247877742368917
35,14,401469,flow,14,401469,flow,4,0.00032025159493263036,0.004151930938536816,0.08066367388933267
35,14,401469,flow,14,401469,flow,5,8.048573043910315e-15,7.081432902177711e-13,0.17307444542594486
35,14,401469,flow,14,401469,flow,6,1.2694339280069132e-09,6.086520054372769e-08,0.13568915808475696
35,14,401469,flow,14,401469,flow,7,0.00017182019852742024,0.002468451139469423,0.08421253612109102
35,14,401469,flow,14,401469,flow,11,1.5286188729916322e-06,3.994938615440926e-05,0.10763051713085686
35,14,401469,flow,14,401469,flow,12,2.6115525122326103e-06,6.388395726412727e-05,0.10522092017306275
35,14,401469,flow,15,401472,flow,6,0.000510794939584758,0.006131242397905404,0.07790795930781956
35,14,401469,flow,15,401472,flow,11,4.865839196905905e-06,0.00011129784294835428,0.10235385587882533
35,14,401469,flow,15,401472,flow,12,0.0006776600943241241,0.00776111242704193,0.07619637616873454
35,14,401469,flow,16,405838,flow,6,1.704139660337634e-05,0.00033820062033546494,0.09633656006472681
35,14,401469,flow,18,404528,flow,2,0.0008233892176771658,0.009099619903723091,0.07499688423333224
35,14,401469,flow,18,404528,flow,9,0.004366552778637999,0.034266136246532526,0.06393574233875543
35,14,401469,flow,19,401795,flow,2,0.000793217859872937,0.008824880645508853,-0.07522808112688473
35,14,401469,flow,19,401795,flow,9,7.993707714450661e-06,0.00017379374598101084,-0.1000112938500266
35,14,401469,occupancy,6,405843,flow,3,0.0028986817229073826,0.025014592574829988,0.06679815697924779
35,14,401469,occupancy,7,408093,flow,2,0.0005090046524487401,0.006113150121152508,0.07792900813819476
35,14,401469,occupancy,7,408093,flow,5,0.002447426324823263,0.021790770245747108,0.06795020872255135
35,14,401469,occupancy,10,400497,flow,5,0.0005761113235822441,0.0067851715318301385,0.07718347904422516
35,14,401469,occupancy,10,400497,flow,8,0.0022753794225691295,0.020607209864777022,-0.06844130484395534
35,14,401469,occupancy,10,400497,flow,11,0.001172446810251998,0.012169558434138951,0.07277615774153676
35,14,401469,occupancy,10,400497,flow,12,0.002940946807655307,0.025298467162626296,0.06669881538325764
35,14,401469,occupancy,11,405841,flow,7,0.005886349470337218,0.04303440465706005,0.06177887804209547
35,14,401469,occupancy,14,401469,flow,6,0.0008814609439157415,0.00959655059908267,0.07457318116335383
35,14,401469,occupancy,14,401469,flow,10,0.0021702415881103,0.019892015967693723,0.06875842491215582
35,14,401469,occupancy,16,405838,flow,1,0.0024180834070742746,0.021609682082252515,0.06803168520697166
35,14,401469,occupancy,17,400260,flow,12,0.00016881446285117315,0.002430118225648344,0.08431115368123152
35,14,401469,occupancy,19,401795,flow,7,8.926441892683851e-05,0.0014156471724080116,-0.08780418198465985
35,14,401469,speed,4,400316,flow,11,0.004110431690117769,0.032665682305571674,-0.06436482916823706
35,14,401469,speed,6,405843,flow,3,0.0020642195656856363,0.01910741059301896,-0.06909279637401712
35,14,401469,speed,7,408093,flow,5,0.0004345699169569445,0.005340944640836416,-0.07887162761304693
35,14,401469,speed,8,401448,flow,12,0.0033867516876382583,0.028131430005899478,-0.06572349379034668
35,14,401469,speed,10,400497,flow,6,0.0035956812496205225,0.029369149174438756,-0.06530607804002826
35,14,401469,speed,10,400497,flow,10,0.004943466067279142,0.03784471630452931,-0.06304712186376646
35,14,401469,speed,10,400497,flow,11,0.0058893128865251535,0.04304705419819364,-0.06177518993046159
35,14,401469,speed,13,400183,flow,8,0.0004057477811347883,0.005063057234264256,0.07927766589333883
35,14,401469,speed,14,401469,flow,6,0.00044268025560325903,0.0054251878133505784,-0.07876190176097991
35,14,401469,speed,14,401469,flow,10,0.0018704786945935884,0.017693163916453473,-0.06974670895544041
35,14,401469,speed,15,401472,flow,3,0.0009091509833594867,0.009848375747525031,-0.07438018300988856
35,14,401469,speed,16,405838,flow,1,0.002149115051924613,0.01973257603467445,-0.06882384114481613
35,14,401469,speed,16,405838,flow,4,0.0006694311058547158,0.00767296995832415,-0.07627105644888708
35,14,401469,speed,16,405838,flow,6,0.0022621397455573115,0.020526031717722295,-0.06848049127706626
35,14,401469,speed,16,405838,flow,7,0.005699963887633455,0.04199154842185629,-0.06201427337434121
35,14,401469,speed,16,405838,flow,10,0.0009299421868187034,0.010035848731093677,-0.074238815280782
35,14,401469,speed,16,405838,flow,11,0.0004551095739118482,0.0055538795460428935,-0.0785973295138715
35,14,401469,speed,16,405838,flow,12,0.0001781006657280405,0.0025451368704767943,-0.08401160375492722
35,14,401469,speed,17,400260,flow,12,0.0027703902842929813,0.024153554042675437,-0.06710800475008838
35,14,401469,speed,18,404528,flow,8,0.0019596845172144047,0.018348151526584804,-0.06943826306871277
35,14,401469,speed,18,404528,flow,9,0.004791217305060497,0.0368817868101592,-0.06327212417534392
35,15,401472,flow,0,400593,flow,4,9.999144549635094e-05,0.0015560628405772191,0.08719143169100312
35,15,401472,flow,1,400125,flow,1,0.00024378966029093213,0.0033270587716687497,0.0822355111387701
35,15,401472,flow,1,400125,flow,3,0.005218452673721481,0.03934330811601535,0.06265614614625063
35,15,401472,flow,1,400125,flow,7,0.0033360410406304136,0.02784331007635894,0.06582833486434404
35,15,401472,flow,1,400125,flow,9,0.006521259092169976,0.046400430191963625,0.0610244554909875
35,15,401472,flow,1,400125,flow,11,2.2322924608745456e-08,8.617965532598782e-07,0.12508798283124994
35,15,401472,flow,1,400125,flow,12,2.4313915313982065e-05,0.0004600352552662894,0.09456543632510496
35,15,401472,flow,2,400331,flow,1,0.003432094996358628,0.028403544797450716,0.0656309518848548
35,15,401472,flow,2,400331,flow,6,0.0007393738875857501,0.0083571302835438,0.07566172862332989
35,15,401472,flow,2,400331,flow,10,7.539897425988849e-06,0.0001649233259760599,0.10028976806051595
35,15,401472,flow,3,400039,flow,10,0.0003020759493650172,0.003966468392878037,0.0810026365603519
35,15,401472,flow,3,400039,flow,11,0.0040629645861583255,0.03235392997641284,0.06444700438662009
35,15,401472,flow,3,400039,flow,12,8.518749761236036e-05,0.0013624953338963225,0.08805546793883698
35,15,401472,flow,4,400316,flow,6,0.0034848647825299053,0.028691854127175894,0.06552464314593044
35,15,401472,flow,4,400316,flow,7,7.490819122584743e-05,0.0012179276857194614,0.0887433243470484
35,15,401472,flow,4,400316,flow,9,5.007807059543671e-05,0.0008572754887698035,0.09086638407521108
35,15,401472,flow,4,400316,flow,10,6.278941500947794e-06,0.00013924551993888332,0.10115707194145664
35,15,401472,flow,4,400316,flow,11,0.0020859861456373305,0.019284100468977678,0.06902288528531042
35,15,401472,flow,5,400503,flow,6,0.0003160673410094558,0.0041052643209887225,0.08074008223042482
35,15,401472,flow,5,400503,flow,8,0.007127962154754346,0.049466339772753054,0.060362894929316784
35,15,401472,flow,5,400503,flow,10,2.673135639946172e-05,0.0005003442792273598,0.0940878376991389
35,15,401472,flow,5,400503,flow,12,0.006348427423431927,0.045511461117202,0.061223037151689676
35,15,401472,flow,6,405843,flow,1,0.0003632151928248659,0.004635338264602924,0.07992897334146518
35,15,401472,flow,6,405843,flow,2,0.0018513949079270123,0.017539530706676958,0.06981444440722079
35,15,401472,flow,6,405843,flow,5,0.0029289585249633594,0.025230510125307505,0.06672686016976023
35,15,401472,flow,6,405843,flow,7,0.0034077679790306247,0.028235010331943616,0.0656804620456812
35,15,401472,flow,6,405843,flow,9,0.0001204278691866039,0.0018240422119009854,0.08617870746685787
35,15,401472,flow,6,405843,flow,11,6.0545836736783536e-05,0.0010149709534454981,0.08987134530461333
35,15,401472,flow,7,408093,flow,5,0.002127098021526378,0.019559522037024168,0.06889264463989166
35,15,401472,flow,7,408093,flow,11,0.004769057994517171,0.03673739396632343,0.06330540991710777
35,15,401472,flow,7,408093,flow,12,0.0030244847122441704,0.025811485493668147,0.06650623552252773
35,15,401472,flow,8,401448,flow,11,0.0006072933189346972,0.007080990925230478,0.07686421464085685
35,15,401472,flow,9,402391,flow,1,0.0001320932297947074,0.001969771324518937,0.08567115444003247
35,15,401472,flow,9,402391,flow,2,0.0016706800547426038,0.016186000978892234,0.07048972851347449
35,15,401472,flow,9,402391,flow,6,0.0010575140741065296,0.011175940286604,0.07343053964830934
35,15,401472,flow,9,402391,flow,10,0.0012067383312512497,0.012456653741948384,0.07259238710238619
35,15,401472,flow,10,400497,flow,2,6.78880065131537e-05,0.0011181756742349007,-0.08926642073950201
35,15,401472,flow,10,400497,flow,5,1.7307511850108707e-06,4.4540273354769434e-05,0.10707636262951048
35,15,401472,flow,10,400497,flow,6,0.006079851773485164,0.044061331423344924,0.06154149326182357
35,15,401472,flow,10,400497,flow,10,1.5416277820789236e-10,8.242366359629888e-09,0.14299010213017446
35,15,401472,flow,10,400497,flow,11,3.3311423101282566e-14,2.7203279356812984e-12,0.1690767715888778
35,15,401472,flow,10,400497,flow,12,2.6118632410620597e-11,1.5165657528747442e-09,0.14886138693569376
35,15,401472,flow,11,405841,flow,6,3.408298875176372e-05,0.0006158030590030083,0.09285327216849072
35,15,401472,flow,11,405841,flow,9,2.5460947774028882e-05,0.000479473820330448,0.09433345342071488
35,15,401472,flow,12,404520,flow,2,0.0029837046360955714,0.025529023624347134,-0.06659963160144278
35,15,401472,flow,12,404520,flow,3,3.4443567879492876e-05,0.0006210192539207396,-0.09279945351442076
35,15,401472,flow,12,404520,flow,6,6.818750286939352e-05,0.0011213171389256947,0.08924308104236935
35,15,401472,flow,12,404520,flow,7,3.246680507481545e-08,1.2059896640000237e-06,0.12363713908145627
35,15,401472,flow,12,404520,flow,9,6.939181394597988e-05,0.0011389537851315846,0.08915019744160696
35,15,401472,flow,12,404520,flow,10,2.235628713900982e-06,5.5473383366181745e-05,0.10592552666637133
35,15,401472,flow,12,404520,flow,11,0.0002763904376654758,0.0036852058355396774,0.08151573648155179
35,15,401472,flow,13,400183,flow,5,0.0034078088858970836,0.028235010331943616,0.06568037852282646
35,15,401472,flow,14,401469,flow,1,0.006805302874857932,0.04791217147879118,0.06070814028379904
35,15,401472,flow,14,401469,flow,5,0.00011114911506237188,0.0017021062639824406,0.08661666148771227
35,15,401472,flow,14,401469,flow,7,0.002163980636747641,0.019852190169356146,0.06877775028537386
35,15,401472,flow,14,401469,flow,12,0.00012206299169995215,0.0018413291137288953,0.0861048427986189
35,15,401472,flow,15,401472,flow,1,1.3895431177507531e-173,1.250588805975678e-170,0.5726167834749091
35,15,401472,flow,15,401472,flow,2,3.1814853270943e-14,2.6030334494407912e-12,0.16916564279511484
35,15,401472,flow,15,401472,flow,11,2.5293902088293976e-10,1.3260880706484221e-08,0.141309168383219
35,15,401472,flow,15,401472,flow,12,7.752572638088087e-13,5.398307580701797e-11,0.1598539753608478
35,15,401472,flow,16,405838,flow,1,2.2888691303035837e-06,5.672928653420242e-05,0.10581911488734849
35,15,401472,flow,16,405838,flow,5,1.5131572557548305e-05,0.0003060318045346848,0.09692217253128592
35,15,401472,flow,16,405838,flow,7,0.005966899126391576,0.043444085689236564,0.061679220003692865
35,15,401472,flow,16,405838,flow,8,1.2606190420624394e-05,0.00026119301015394426,0.09781541433659721
35,15,401472,flow,16,405838,flow,11,0.006929954187393268,0.04853664411403845,0.060573056330422606
35,15,401472,flow,16,405838,flow,12,3.8890574135256743e-10,1.9906075860700135e-08,0.1398324021169269
35,15,401472,flow,17,400260,flow,1,0.00010601877971136722,0.0016333849085346163,0.08687384503800571
35,15,401472,flow,17,400260,flow,2,0.0009801229608605588,0.010495777270214059,0.07390931350497272
35,15,401472,flow,17,400260,flow,11,0.0008422593832064465,0.009249715296998837,0.07485624651258749
35,15,401472,flow,17,400260,flow,12,1.6096106852707114e-06,4.1787969713758854e-05,0.10740047823068065
35,15,401472,flow,18,404528,flow,1,7.209583349531911e-07,2.0436614219145572e-05,0.11092767841999017
35,15,401472,flow,18,404528,flow,2,0.005739073448722318,0.04220050603996666,0.0619643109347162
35,15,401472,flow,18,404528,flow,8,0.005185095038016154,0.03918724733448194,0.06270256841148573
35,15,401472,flow,18,404528,flow,10,0.004119307123777893,0.032712144806471506,0.0643495595532448
35,15,401472,flow,19,401795,flow,1,7.437691453973978e-09,3.1347148371870814e-07,0.12925279040915302
35,15,401472,flow,19,401795,flow,7,0.001292830606726263,0.013194018948871854,0.07215143128201056
35,15,401472,flow,19,401795,flow,11,1.1656700121272747e-07,3.873611117222943e-06,0.11855671667037537
35,15,401472,flow,19,401795,flow,12,1.381935720358268e-07,4.488693467629863e-06,0.11786429944337584
35,15,401472,occupancy,0,400593,flow,4,0.0010153709865519658,0.010809272207748872,0.07368707311039059
35,15,401472,occupancy,1,400125,flow,11,2.380434722973772e-05,0.00045142572446210254,0.09467185076302265
35,15,401472,occupancy,1,400125,flow,12,0.0006339636723169023,0.007346360151311744,0.07660301743959104
35,15,401472,occupancy,2,400331,flow,6,0.004733877828694645,0.0365250084300069,0.0633585428328156
35,15,401472,occupancy,2,400331,flow,10,6.372167670093435e-05,0.0010620279450155724,0.08960161319927075
35,15,401472,occupancy,3,400039,flow,12,0.00023666912106618394,0.003246778669437646,0.08240468087126136
35,15,401472,occupancy,4,400316,flow,3,0.0030551976340712573,0.026001829806725208,-0.06643665036343327
35,15,401472,occupancy,4,400316,flow,7,0.0019675592507607917,0.01839786566183949,0.06941165709789375
35,15,401472,occupancy,4,400316,flow,9,0.002002033806468508,0.0186396250947068,0.0692963175023419
35,15,401472,occupancy,4,400316,flow,10,1.5945283741607022e-06,4.149616009863996e-05,0.10744246083758839
35,15,401472,occupancy,4,400316,flow,11,0.00017937210860056175,0.00255991909201991,0.08397173796469873
35,15,401472,occupancy,4,400316,flow,12,0.0013537330696229356,0.013657465812169738,0.07185556832499555
35,15,401472,occupancy,5,400503,flow,6,0.005986426266955703,0.04354497638196437,0.061655243052331624
35,15,401472,occupancy,5,400503,flow,10,0.0010603571140591996,0.01119438595487718,0.0734135757275653
35,15,401472,occupancy,6,405843,flow,1,0.004617875810779015,0.035802626530088554,0.06353630889744813
35,15,401472,occupancy,6,405843,flow,9,0.006408563769972804,0.04583589681745156,0.06115339576874552
35,15,401472,occupancy,6,405843,flow,11,0.0011980484677016731,0.012381744929357005,0.07263849613648787
35,15,401472,occupancy,7,408093,flow,5,0.0017974612707418252,0.017145137314207737,0.0700094001818495
35,15,401472,occupancy,7,408093,flow,12,0.006456041565092454,0.04608410370323761,0.061098827558718864
35,15,401472,occupancy,8,401448,flow,11,0.002028065142073323,0.01885760097666112,0.06921042665199814
35,15,401472,occupancy,10,400497,flow,2,3.4700612550600866e-06,8.263872448654671e-05,-0.10392068605479762
35,15,401472,occupancy,10,400497,flow,3,0.002879351517946935,0.024882573629787477,-0.0668440324731886
35,15,401472,occupancy,10,400497,flow,5,6.128464366031943e-08,2.1718593979703032e-06,0.12113793176070128
35,15,401472,occupancy,10,400497,flow,6,0.002620609744897459,0.023080599588087714,0.0674867752365539
35,15,401472,occupancy,10,400497,flow,10,6.234601595398308e-08,2.200447621905285e-06,0.12106969046735622
35,15,401472,occupancy,10,400497,flow,11,6.459365331970978e-18,7.13669008545131e-16,0.19184014394050625
35,15,401472,occupancy,10,400497,flow,12,1.8723935276652855e-15,1.7283632563064173e-13,0.17708204021900234
35,15,401472,occupancy,11,405841,flow,6,5.410248264188579e-05,0.0009188079280987806,0.09046240277287204
35,15,401472,occupancy,11,405841,flow,9,0.0008071334091331507,0.008947437329882502,0.07512045394788877
35,15,401472,occupancy,12,404520,flow,2,0.001649435556106743,0.01600890047715374,-0.07057347656585652
35,15,401472,occupancy,12,404520,flow,3,1.5716276817812028e-07,5.059188960726375e-06,-0.11733836141124956
35,15,401472,occupancy,12,404520,flow,6,0.0029275049630808903,0.025223018429416526,0.0667302676717574
35,15,401472,occupancy,12,404520,flow,7,1.7643071783861075e-05,0.00034818670674408334,0.09616498411947959
35,15,401472,occupancy,12,404520,flow,10,1.0930016550245014e-06,2.9492611803284485e-05,0.10911388756199983
35,15,401472,occupancy,12,404520,flow,11,9.412883596157629e-06,0.00020110611837488107,0.09922874705751356
35,15,401472,occupancy,12,404520,flow,12,0.0006508384145147636,0.007505664577425997,0.07644298087772551
35,15,401472,occupancy,14,401469,flow,1,0.003975310173075871,0.031820436385052414,0.06460106768945681
35,15,401472,occupancy,14,401469,flow,2,0.002426265139946854,0.02165592025737688,0.06800887647235594
35,15,401472,occupancy,14,401469,flow,5,0.0007382490384381929,0.008350971055388828,0.07567109675162983
35,15,401472,occupancy,14,401469,flow,7,0.0001374697460839315,0.002035192950934147,0.08545129456159453
35,15,401472,occupancy,14,401469,flow,12,9.530355745532801e-05,0.0014944559221520789,0.08745118342026804
35,15,401472,occupancy,15,401472,flow,1,0.000341131210600705,0.004391200327160446,0.0802958165371891
35,15,401472,occupancy,15,401472,flow,11,5.629202911829817e-07,1.6475715839501903e-05,0.1119929699169572
35,15,401472,occupancy,15,401472,flow,12,5.5440678609330435e-12,3.4964048407636127e-10,0.15380330286303398
35,15,401472,occupancy,16,405838,flow,1,6.612046075151399e-06,0.00014610761659669588,0.10091280529575905
35,15,401472,occupancy,16,405838,flow,5,0.0002288472741410759,0.003155506620777044,0.08259610310959929
35,15,401472,occupancy,16,405838,flow,7,0.004690771621663208,0.036244202120524156,0.06342413559171411
35,15,401472,occupancy,16,405838,flow,8,5.41075779880393e-05,0.0009188079280987806,0.09046190956746736
35,15,401472,occupancy,16,405838,flow,12,6.459325933455951e-09,2.754618759381017e-07,0.12977775690468293
35,15,401472,occupancy,17,400260,flow,1,0.00010802376181135656,0.0016589500569678646,0.08677196691501868
35,15,401472,occupancy,17,400260,flow,2,0.0009649280399596381,0.010353922336377637,0.07400740741465912
35,15,401472,occupancy,17,400260,flow,11,0.003681184015145579,0.029926072535620813,0.0651415850380964
35,15,401472,occupancy,17,400260,flow,12,7.555101965499351e-07,2.131811919722874e-05,0.11072504154303699
35,15,401472,occupancy,18,404528,flow,1,6.229443327854837e-07,1.8026020502401687e-05,0.1115300129993997
35,15,401472,occupancy,19,401795,flow,1,1.3836339630500152e-07,4.490832998028599e-06,0.1178592884827262
35,15,401472,occupancy,19,401795,flow,11,8.26486170515474e-05,0.0013277873769530857,0.08821775701911418
35,15,401472,occupancy,19,401795,flow,12,9.267004046891736e-06,0.00019828359327673254,0.09930378825597604
35,15,401472,speed,0,400593,flow,2,0.006514179294460511,0.04637649069226995,-0.06103249664561439
35,15,401472,speed,3,400039,flow,10,0.0021722893213547826,0.019903053803293023,-0.06875211535619544
35,15,401472,speed,4,400316,flow,10,4.799692395153444e-05,0.0008247681442745776,-0.09108752179588334
35,15,401472,speed,5,400503,flow,5,0.0022725668725531384,0.020586053448164308,-0.0684496118592088
35,15,401472,speed,6,405843,flow,5,0.004036588729739438,0.032215154835533666,-0.06449304345496928
35,15,401472,speed,6,405843,flow,11,0.003223841244281112,0.027174622781062252,-0.06606555421443291
35,15,401472,speed,7,408093,flow,4,0.0015030860811972213,0.014831731089017808,-0.07117892967229461
35,15,401472,speed,7,408093,flow,8,0.006409598441532983,0.04583589681745156,-0.0611522027091826
35,15,401472,speed,7,408093,flow,9,6.633083041612665e-06,0.00014649753956935945,-0.10089777648956678
35,15,401472,speed,7,408093,flow,11,4.6273659920136226e-05,0.0007983315129991553,-0.09127761825601878
35,15,401472,speed,7,408093,flow,12,0.0006347552078975464,0.007351588466802682,-0.07659542266242607
35,15,401472,speed,9,402391,flow,7,0.002550744908198824,0.02255725282173781,0.0676702619734751
35,15,401472,speed,10,400497,flow,10,8.727163543078362e-05,0.0013901676440301815,-0.08792562458620119
35,15,401472,speed,10,400497,flow,11,5.283619428103303e-05,0.0008989852670108809,-0.09058635808205152
35,15,401472,speed,11,405841,flow,6,0.004175703370893798,0.033090002728856066,-0.06425322466714457
35,15,401472,speed,11,405841,flow,9,0.0004533387047883089,0.005536961279857208,-0.07862051901445186
35,15,401472,speed,12,404520,flow,1,1.3652054054428787e-05,0.00027898237235161953,0.09742645902674008
35,15,401472,speed,12,404520,flow,5,0.0024425407775817785,0.02176400171320716,-0.06796371222187082
35,15,401472,speed,12,404520,flow,10,1.1750728303367871e-05,0.0002449958796841178,-0.09815715919018923
35,15,401472,speed,14,401469,flow,1,0.0022911580035029078,0.020702368908455473,-0.06839487551709299
35,15,401472,speed,14,401469,flow,6,0.0001263293812819783,0.0018949407192296744,-0.0859164160032793
35,15,401472,speed,14,401469,flow,9,6.693841714804366e-05,0.0011045605885391468,-0.08934107116367833
35,15,401472,speed,14,401469,flow,11,7.554371359497852e-05,0.0012268753486101775,-0.08869828335917755
35,15,401472,speed,14,401469,flow,12,0.001144680700520757,0.011912841788122549,-0.07292863135522692
35,15,401472,speed,15,401472,flow,1,0.00045888287957723367,0.0055888752178563554,-0.07854819748276642
35,15,401472,speed,15,401472,flow,10,0.0004258396190730981,0.005263597008285504,-0.07899189680487873
35,15,401472,speed,15,401472,flow,11,0.0005823650769027196,0.006845760903999316,-0.07711818076578557
35,15,401472,speed,15,401472,flow,12,6.538475799665714e-10,3.269237899832857e-08,-0.13802798795762458
35,15,401472,speed,16,405838,flow,3,0.0017712975610156931,0.016962991495428494,-0.0701059179464336
35,15,401472,speed,16,405838,flow,5,0.0007928281516205553,0.0088228171432272,-0.0752311203856051
35,15,401472,speed,16,405838,flow,6,0.0012021167151354015,0.012417848420337002,-0.07261687142527304
35,15,401472,speed,16,405838,flow,7,0.00024416304894978253,0.0033294961220424893,-0.08222676853217945
35,15,401472,speed,16,405838,flow,11,0.0013908013071282936,0.013949992214521078,-0.07168144352886914
35,15,401472,speed,16,405838,flow,12,0.0010365243069896891,0.01099382520548848,-0.07355710290059839
35,15,401472,speed,17,400260,flow,5,0.007059523506968871,0.04916514839610756,-0.060434935118579544
35,15,401472,speed,17,400260,flow,12,0.0003511244041917107,0.004498390943381347,-0.08012714808165215
35,15,401472,speed,18,404528,flow,9,0.0015450068832135364,0.015169158489732902,-0.07100014588856599
35,15,401472,speed,18,404528,flow,10,0.0006530287351385988,0.007520885459340834,-0.07642249179616568
35,16,405838,flow,1,400125,flow,12,0.006215173935061226,0.04479654036241178,0.061379491058527275
35,16,405838,flow,2,400331,flow,8,0.002174125759357642,0.019915655810909698,0.0687464614837011
35,16,405838,flow,3,400039,flow,11,0.002631998186003335,0.023162012962995332,0.06745729016797491
35,16,405838,flow,3,400039,flow,12,0.002599716118492009,0.022919946187521384,0.06754117523986637
35,16,405838,flow,4,400316,flow,4,6.326975724764596e-05,0.001055717849786908,0.08963920920534627
35,16,405838,flow,4,400316,flow,5,1.039857283258614e-06,2.8146512930308346e-05,0.10933267256733172
35,16,405838,flow,4,400316,flow,6,0.003692513136787836,0.030006878763964354,0.06512005077262768
35,16,405838,flow,4,400316,flow,12,0.0004013715594083745,0.005024413609516598,0.07934165821265711
35,16,405838,flow,5,400503,flow,11,0.004842676658956156,0.03719836978430048,0.06319536031686387
35,16,405838,flow,5,400503,flow,12,0.0005053778170304051,0.006074658234756122,0.07797186191260687
35,16,405838,flow,6,405843,flow,1,0.005815591923251942,0.04265425655084616,0.061867439625447114
35,16,405838,flow,6,405843,flow,7,0.001822863604865974,0.017341490361200192,0.06991691782257202
35,16,405838,flow,6,405843,flow,11,0.001777724664209436,0.01699816411993086,0.07008208767349827
35,16,405838,flow,7,408093,flow,4,0.00204031082367379,0.018946996470917396,0.06917037089808796
35,16,405838,flow,9,402391,flow,1,0.0048345350466619435,0.037142435357601984,0.06320745620549488
35,16,405838,flow,10,400497,flow,1,0.0010666672679414619,0.011236290167049781,-0.07337607387537096
35,16,405838,flow,10,400497,flow,2,0.001539658408808902,0.01512696003196374,-0.07102270579562114
35,16,405838,flow,10,400497,flow,4,0.0024839520992047783,0.022052349092816774,0.06785002651960985
35,16,405838,flow,10,400497,flow,5,0.00028532808510268754,0.0037891710041303723,0.08133231257040405
35,16,405838,flow,10,400497,flow,6,0.0016187976806981193,0.015754012121234232,0.07069601782136163
35,16,405838,flow,10,400497,flow,10,7.014975948436779e-06,0.00015422237199616735,0.10063259189957592
35,16,405838,flow,10,400497,flow,11,8.876403460562692e-10,4.3476261847654007e-08,0.136955262451697
35,16,405838,flow,12,404520,flow,4,0.0018272419446354604,0.01736784422623804,0.06990109727661642
35,16,405838,flow,12,404520,flow,5,1.3051064326168452e-05,0.00026822358653210137,0.09764634134146753
35,16,405838,flow,12,404520,flow,10,0.0009932688336213974,0.010613014930942506,0.07382557639827574
35,16,405838,flow,14,401469,flow,4,0.0011914576079414356,0.012331329339499285,0.07267367404897815
35,16,405838,flow,14,401469,flow,5,1.1095319084416258e-05,0.00023267853613921473,0.09843543986456094
35,16,405838,flow,14,401469,flow,6,8.190984145229023e-05,0.0013178790133105914,0.08826586537010062
35,16,405838,flow,14,401469,flow,9,0.0010005813469753046,0.010680779389506586,-0.07377943962221133
35,16,405838,flow,15,401472,flow,10,0.0038202883951200897,0.030824889553453097,0.06488124538007413
35,16,405838,flow,15,401472,flow,12,3.4626688807980474e-06,8.250816086623036e-05,0.10393049917359459
35,16,405838,flow,16,405838,flow,1,1.327254508740254e-54,4.514755494297557e-52,0.3388529194447978
35,16,405838,flow,16,405838,flow,2,5.346093532313968e-28,1.0219081442299266e-25,0.24255925763507288
35,16,405838,flow,16,405838,flow,3,2.1570363496731425e-05,0.00041304951376719754,0.09516551611136426
35,16,405838,flow,16,405838,flow,5,0.003016527376524466,0.02575884219526723,0.06652436920080988
35,16,405838,flow,16,405838,flow,6,4.756921167239997e-06,0.00010919181425333043,0.10245948402157594
35,16,405838,flow,16,405838,flow,11,9.629869005922562e-06,0.00020513330426817292,0.0991191575652184
35,16,405838,flow,18,404528,flow,1,0.00034955105344667333,0.004480891842402459,0.08015340362379443
35,16,405838,flow,18,404528,flow,5,0.0028390699987255463,0.024633023487636792,0.06694054050215033
35,16,405838,flow,18,404528,flow,8,0.0025131889483762855,0.022262291127552465,0.06777080207422863
35,16,405838,flow,19,401795,flow,6,0.0002567731392425875,0.003469690214350885,0.08193863607212369
35,16,405838,occupancy,6,405843,flow,1,0.0033515378027651867,0.027922140062274194,0.06579614329484607
35,16,405838,occupancy,6,405843,flow,11,0.00016502316424596577,0.0023787122774193265,0.08443792653305614
35,16,405838,occupancy,10,400497,flow,1,0.0002394536206846156,0.0032776921462532933,-0.08233796584153996
35,16,405838,occupancy,10,400497,flow,11,0.0030391133400668323,0.025900512189956038,0.06647301204116059
35,16,405838,occupancy,11,405841,flow,1,0.004611989162349198,0.035776249203355245,-0.0635454371425289
35,16,405838,occupancy,14,401469,flow,9,0.0005949501483624842,0.006967158148348961,-0.07698872821857251
35,16,405838,occupancy,18,404528,flow,4,0.002044935564157843,0.01897770491334454,-0.06915530064314514
35,16,405838,occupancy,19,401795,flow,8,0.005967637588254116,0.043444085689236564,-0.061678311977916116
35,16,405838,speed,0,400593,flow,6,0.005587676096390128,0.041354738284059195,-0.06215945758289455
35,16,405838,speed,13,400183,flow,7,0.0035954185064925787,0.029369149174438756,0.06530658896902336
35,17,400260,flow,0,400593,flow,8,0.004040214983304765,0.032229001587147824,0.06448669767795819
35,17,400260,flow,1,400125,flow,1,1.9846461281112977e-06,4.98179620769367e-05,0.10646239137956705
35,17,400260,flow,1,400125,flow,10,0.0004780177155566326,0.005785493422513223,0.07830469885525751
35,17,400260,flow,1,400125,flow,11,0.005467248137569745,0.04072157233500224,0.06231811990118598
35,17,400260,flow,1,400125,flow,12,0.00021999686520858438,0.003054922718422001,0.08282024111318137
35,17,400260,flow,2,400331,flow,1,0.0019641764128574633,0.01837427913283725,0.06942307453454613
35,17,400260,flow,4,400316,flow,1,0.005384066264830334,0.04026166914326994,-0.062429562058020506
35,17,400260,flow,4,400316,flow,10,0.0024392420392574713,0.021744790775056286,0.06797284380667815
35,17,400260,flow,5,400503,flow,9,0.003395926443220851,0.02819062689222536,0.06570467829804343
35,17,400260,flow,5,400503,flow,10,0.0062444178864610725,0.04495980878251972,0.06134489886160454
35,17,400260,flow,6,405843,flow,1,0.00034676890608784794,0.00445448014956736,0.08020010267710889
35,17,400260,flow,7,408093,flow,6,0.007101552623247237,0.049355441370831574,-0.060390620414776074
35,17,400260,flow,9,402391,flow,4,0.006050882386756147,0.0438740053530732,-0.06157659550776424
35,17,400260,flow,10,400497,flow,2,2.4622688566132297e-12,1.6044683248496114e-10,-0.15632837906842775
35,17,400260,flow,10,400497,flow,3,1.5921884273203746e-09,7.550223936360065e-08,-0.13488136519004987
35,17,400260,flow,10,400497,flow,5,0.00013698656904414722,0.002030126855131101,0.0854707187979022
35,17,400260,flow,10,400497,flow,6,0.0041048125552533895,0.032627028958039817,0.06437451199322634
35,17,400260,flow,10,400497,flow,7,0.0004267511865974001,0.005271847658280722,-0.07897923196531612
35,17,400260,flow,10,400497,flow,8,0.00036807504055362935,0.004678094072349747,-0.07985104994594944
35,17,400260,flow,10,400497,flow,10,9.33252104605518e-10,4.555535697057444e-08,0.13677862737994032
35,17,400260,flow,10,400497,flow,11,7.518919137732591e-19,8.778846128379672e-17,0.19713675790108545
35,17,400260,flow,10,400497,flow,12,4.51425738467174e-05,0.0007825678933299325,0.09140607176826991
35,17,400260,flow,12,404520,flow,1,0.0001382261892750221,0.002044190115091401,-0.08542101341505481
35,17,400260,flow,12,404520,flow,2,1.7060352956306369e-06,4.4026717306597077e-05,-0.10714068246660564
35,17,400260,flow,12,404520,flow,3,0.0003709793372434489,0.004708080895686543,-0.07980493970027035
35,17,400260,flow,12,404520,flow,5,8.97661516562473e-05,0.0014215167710959983,0.08777400922399707
35,17,400260,flow,12,404520,flow,6,0.003466143533753709,0.028586750793845022,0.06556218991312773
35,17,400260,flow,12,404520,flow,7,0.0071406398921611824,0.049522498529677814,0.06034961819767675
35,17,400260,flow,12,404520,flow,10,0.0009152042738580564,0.009901533841890317,0.07433871791663935
35,17,400260,flow,13,400183,flow,6,0.003510271535936204,0.02885703717458497,-0.06547398043678425
35,17,400260,flow,14,401469,flow,1,1.2808075371921136e-06,3.407074236865721e-05,0.10841509770002926
35,17,400260,flow,14,401469,flow,7,0.0013369474013275975,0.013522673056652793,0.07193586761837455
35,17,400260,flow,14,401469,flow,11,0.004122775313760696,0.03272164129238693,0.0643436008597223
35,17,400260,flow,15,401472,flow,1,2.494443274124123e-05,0.00047036206653060724,0.09443666051270544
35,17,400260,flow,15,401472,flow,11,0.00013176705512968524,0.0019655859052494485,0.08568476216723485
35,17,400260,flow,15,401472,flow,12,3.2129906914247406e-05,0.0005846722740924548,0.09315451968142548
35,17,400260,flow,16,405838,flow,1,1.9255499841339473e-07,6.0806841604229915e-06,0.11650324710975293
35,17,400260,flow,16,405838,flow,7,0.00648891959021159,0.046234756110364615,0.0610612504861682
35,17,400260,flow,17,400260,flow,1,3.318142215545178e-104,1.9636129275555025e-101,0.4590819039219112
35,17,400260,flow,17,400260,flow,2,2.9097749476615655e-22,4.0812427837331047e-20,0.21526674564894904
35,17,400260,flow,17,400260,flow,8,0.00038783136629137353,0.004880371402210118,0.07954386213506598
35,17,400260,flow,17,400260,flow,9,0.00014028410309836623,0.0020669417646144,-0.08533941576334027
35,17,400260,flow,17,400260,flow,11,7.176369937194801e-07,2.0395998768869435e-05,0.11094764716807624
35,17,400260,flow,17,400260,flow,12,1.81079427536185e-07,5.747708500781184e-06,0.11675651148805735
35,17,400260,flow,18,404528,flow,11,0.005951757949230199,0.043358506476685425,0.06169786020546365
35,17,400260,flow,19,401795,flow,1,5.633595878455237e-165,4.680218114408966e-162,0.5607893092381069
35,17,400260,flow,19,401795,flow,3,7.4453778335393535e-09,3.1348959299113065e-07,-0.12924893799210446
35,17,400260,flow,19,401795,flow,4,0.001996492696150031,0.018592565774006732,-0.06931473261980217
35,17,400260,flow,19,401795,flow,9,0.0004644675211842404,0.005645750398187728,-0.07847616709293759
35,17,400260,occupancy,0,400593,flow,8,0.0017131918485815123,0.016520064254178866,0.07032504169417375
35,17,400260,occupancy,1,400125,flow,1,6.0198388760678985e-05,0.0010103226085708362,0.08990166293680397
35,17,400260,occupancy,1,400125,flow,9,0.003505347830678287,0.02882753213122063,0.06548377251853822
35,17,400260,occupancy,1,400125,flow,10,8.225129154878572e-09,3.446416871879285e-07,0.1288769270611166
35,17,400260,occupancy,1,400125,flow,11,3.2058279546413284e-05,0.0005836146971786995,0.09316589513938378
35,17,400260,occupancy,1,400125,flow,12,7.690343057719069e-05,0.0012470826580084976,0.08860310735338703
35,17,400260,occupancy,4,400316,flow,1,0.0005015180069390193,0.006033299331597224,-0.07801778430018784
35,17,400260,occupancy,4,400316,flow,5,0.0023649210002366777,0.02122239036356969,0.06818163235367068
35,17,400260,occupancy,4,400316,flow,6,0.0020874667691856636,0.01928953249814346,0.06901815406137643
35,17,400260,occupancy,4,400316,flow,7,0.00026221366126262286,0.003526659454092561,0.08181839876256572
35,17,400260,occupancy,4,400316,flow,9,0.002377646233970774,0.021327723693425546,0.06814546159651702
35,17,400260,occupancy,5,400503,flow,9,0.0017864207016114178,0.017058659219631577,0.07004997036024113
35,17,400260,occupancy,7,408093,flow,1,0.0013227673717549164,0.013423432102375473,0.07200442959960926
35,17,400260,occupancy,8,401448,flow,10,0.0026770195326463802,0.023462617936766815,0.06734185782120834
35,17,400260,occupancy,9,402391,flow,1,0.0020867649439330507,0.019287172780895975,-0.069020396308928
35,17,400260,occupancy,9,402391,flow,2,9.730001098929478e-07,2.6654156466312836e-05,-0.10962371873158981
35,17,400260,occupancy,9,402391,flow,3,2.6653312747213093e-05,0.0004990997445511945,-0.09410260321095452
35,17,400260,occupancy,9,402391,flow,4,4.296390291148818e-06,9.97335091765873e-05,-0.10293332292069914
35,17,400260,occupancy,9,402391,flow,5,0.0008209578729310008,0.009077394448584396,-0.07501522164445734
35,17,400260,occupancy,10,400497,flow,1,5.4264253794160574e-05,0.0009203831032225115,-0.090446765514041
35,17,400260,occupancy,10,400497,flow,2,7.302150251252462e-09,3.0896463354956546e-07,-0.1293213669102375
35,17,400260,occupancy,10,400497,flow,3,2.4634384154730875e-06,6.067305561484457e-05,-0.10548613924533101
35,17,400260,occupancy,10,400497,flow,9,9.78695905058466e-07,2.677622742148558e-05,0.1095981853412019
35,17,400260,occupancy,10,400497,flow,10,1.2115384871009367e-07,3.998354670951907e-06,0.11840003555414819
35,17,400260,occupancy,10,400497,flow,11,1.2375297483334715e-06,3.296010180518247e-05,0.10856694601715791
35,17,400260,occupancy,12,404520,flow,1,7.796715537800355e-06,0.0001700242863366862,-0.10013027048923463
35,17,400260,occupancy,12,404520,flow,2,0.0016185135665914585,0.015754012121234232,-0.07069716413104457
35,17,400260,occupancy,12,404520,flow,5,7.024787528622119e-06,0.00015435952250075053,0.10062596219647156
35,17,400260,occupancy,12,404520,flow,6,1.1727896814910189e-05,0.0002446379248692034,0.09816660153347694
35,17,400260,occupancy,12,404520,flow,7,1.54161138630455e-05,0.0003107681376031571,0.09683060466633972
35,17,400260,occupancy,12,404520,flow,9,0.0052414733147949375,0.03946259386903495,0.06262426537863434
35,17,400260,occupancy,12,404520,flow,10,0.006942833865032782,0.048587465246949006,0.060559223294493585
35,17,400260,occupancy,13,400183,flow,5,4.600813216431145e-05,0.0007943850157866724,-0.09130750390144912
35,17,400260,occupancy,13,400183,flow,6,0.00033840209642229443,0.004362569551012569,-0.08034268237677157
35,17,400260,occupancy,14,401469,flow,1,3.888129858728505e-09,1.713951121398688e-07,0.13165012713910235
35,17,400260,occupancy,14,401469,flow,7,0.0022434903690512265,0.0204211512732855,0.06853604687868996
35,17,400260,occupancy,14,401469,flow,9,0.0044616844273310885,0.03484808664991919,0.0637821570062648
35,17,400260,occupancy,15,401472,flow,1,1.2317759879882414e-06,3.282709604015548e-05,0.10858751748296305
35,17,400260,occupancy,15,401472,flow,8,2.8099101221907158e-05,0.0005205322353286403,0.09383550569079395
35,17,400260,occupancy,15,401472,flow,11,0.0006919692074735803,0.007901948126581727,0.07606850050186978
35,17,400260,occupancy,15,401472,flow,12,0.0013008270896709842,0.013256836582634234,0.0721118605107706
35,17,400260,occupancy,16,405838,flow,1,2.0439913748643586e-12,1.3522270657601882e-10,0.1569017953890859
35,17,400260,occupancy,16,405838,flow,2,0.00030093452990012393,0.003953884334454183,0.08102455495157657
35,17,400260,occupancy,16,405838,flow,4,0.006902318267892977,0.04840586837223646,0.06060281592320958
35,17,400260,occupancy,16,405838,flow,5,0.0009095176581105587,0.009849877871741321,0.07437766402099678
35,17,400260,occupancy,16,405838,flow,11,0.0019120824322673,0.017988231941190626,0.06960121383598235
35,17,400260,occupancy,16,405838,flow,12,0.0003946459176444652,0.004948825440418257,0.0794412866008845
35,17,400260,occupancy,17,400260,flow,8,0.003793822112359161,0.030657148382700294,0.06493010752555461
35,17,400260,occupancy,17,400260,flow,11,5.066765798714623e-05,0.0008661823605242252,0.09080531792798506
35,17,400260,occupancy,17,400260,flow,12,5.892556662157353e-06,0.00013169086797992636,0.10145643484963085
35,17,400260,occupancy,19,401795,flow,1,0.000750998402850659,0.008464161493125089,-0.07554669586971405
35,17,400260,occupancy,19,401795,flow,2,0.0007248373475796329,0.008207856727507245,-0.07578382637877915
35,17,400260,occupancy,19,401795,flow,3,3.160123561271664e-14,2.5904618187274358e-12,-0.16922683957523466
35,17,400260,occupancy,19,401795,flow,4,6.519587767133676e-08,2.2860892170468733e-06,-0.1208918762066153
35,17,400260,occupancy,19,401795,flow,5,0.0006679208759221194,0.007657691571081622,-0.07628485474351485
35,17,400260,occupancy,19,401795,flow,6,1.662288507714532e-05,0.0003307732083522238,-0.09645934019809208
35,17,400260,occupancy,19,401795,flow,7,0.0008579494408937349,0.009390492634380599,-0.07474151603595776
35,17,400260,occupancy,19,401795,flow,9,5.355684329436979e-07,1.571776922769548e-05,-0.11220623823012912
35,17,400260,occupancy,19,401795,flow,10,0.002053073157114683,0.01903622475789905,-0.06912885904944178
35,17,400260,speed,1,400125,flow,6,0.003387013615663924,0.028131430005899478,0.065722955988407
35,17,400260,speed,6,405843,flow,7,0.0001931177383441937,0.00272014551564042,0.08355691973505315
35,17,400260,speed,14,401469,flow,2,0.005674805734098094,0.04183465097935915,-0.06204657644405753
35,17,400260,speed,14,401469,flow,5,0.0014897669233484088,0.014723846050938287,-0.07123669469585614
35,17,400260,speed,14,401469,flow,8,0.0017433251904795917,0.01674708655297273,-0.07021056730451442
35,17,400260,speed,15,401472,flow,1,0.00014448440459102296,0.002116556893296776,-0.08517630981705411
35,17,400260,speed,15,401472,flow,2,0.006385458788505299,0.045716283510993896,-0.0611800828882161
35,17,400260,speed,15,401472,flow,3,0.0019302063186919845,0.018119679815799088,-0.06953873819129404
35,17,400260,speed,15,401472,flow,6,2.1401923879455145e-05,0.00041055200337143086,0.09520468509650112
35,17,400260,speed,15,401472,flow,7,0.00012246918524701775,0.0018453675628430997,0.0860866380769012
35,17,400260,speed,15,401472,flow,8,0.00014100234892255815,0.0020746939623482673,-0.08531120187353064
35,17,400260,speed,15,401472,flow,9,4.855298938853612e-07,1.4415732931854023e-05,-0.11262508869873057
35,17,400260,speed,16,405838,flow,1,1.3717449500792286e-05,0.0002801729559030482,-0.09740309222676369
35,17,400260,speed,17,400260,flow,1,3.465193646249305e-05,0.0006243069396517623,-0.09276859648422568
35,17,400260,speed,19,401795,flow,1,0.00018810021947218665,0.0026571453245569777,-0.08370502734755557
35,17,400260,speed,19,401795,flow,10,0.00021729021483227876,0.00302122216953796,0.08289047801983815
35,18,404528,flow,1,400125,flow,2,9.983962748396644e-06,0.00021194456546964866,0.09894528381611581
35,18,404528,flow,1,400125,flow,4,0.001262761853637456,0.012957556312859404,0.07230227595206806
35,18,404528,flow,1,400125,flow,10,6.61783817834562e-05,0.0010953663191744475,0.08940154514312221
35,18,404528,flow,1,400125,flow,11,2.6532720855830707e-06,6.479443419852383e-05,0.10514881866597657
35,18,404528,flow,1,400125,flow,12,0.0001308374571763315,0.0019523931433566568,0.0857237189247139
35,18,404528,flow,2,400331,flow,9,0.00024381907357111097,0.0033270587716687497,0.08223482199429952
35,18,404528,flow,2,400331,flow,11,0.0013356705982012513,0.01351943998179336,0.07194201356453968
35,18,404528,flow,3,400039,flow,1,5.250060290307007e-11,2.972511199754426e-09,0.14654400907913426
35,18,404528,flow,3,400039,flow,2,0.0033883501392714768,0.028133139730257117,0.06572021236937842
35,18,404528,flow,3,400039,flow,11,0.001634155884042268,0.015878437739681957,0.07063432605344339
35,18,404528,flow,3,400039,flow,12,9.978428783304262e-05,0.0015535390242331268,0.0872026651129312
35,18,404528,flow,4,400316,flow,1,0.0006589338209744191,0.007572743034342885,0.07634838269152047
35,18,404528,flow,4,400316,flow,5,8.17665581107476e-05,0.0013177731230772324,0.08827524326822865
35,18,404528,flow,4,400316,flow,10,2.83320660233571e-07,8.680462781624305e-06,0.11489913430310093
35,18,404528,flow,5,400503,flow,2,0.0037681487817188748,0.03049532172541315,0.06497780237959536
35,18,404528,flow,5,400503,flow,9,0.0025465379080155137,0.02252465962863845,0.06768145688653598
35,18,404528,flow,5,400503,flow,11,1.9174256581871445e-06,4.863250726891348e-05,0.10661725826138614
35,18,404528,flow,5,400503,flow,12,5.777004779288686e-06,0.00012924215767233104,0.10154961470332065
35,18,404528,flow,6,405843,flow,4,1.9418445612513286e-06,4.899981603157558e-05,0.1065604061652327
35,18,404528,flow,6,405843,flow,9,0.0008309510108272913,0.009155083822427693,0.07494017165480367
35,18,404528,flow,6,405843,flow,12,0.0002385327484588633,0.003268193699150934,0.08235994855257923
35,18,404528,flow,7,408093,flow,2,4.4449164400271174e-07,1.3251924790142958e-05,0.11297261958410229
35,18,404528,flow,9,402391,flow,1,1.3858368271196795e-05,0.000282396938356463,0.0973530985898753
35,18,404528,flow,9,402391,flow,2,2.4536488219074728e-08,9.380321159858657e-07,0.12472335355819378
35,18,404528,flow,9,402391,flow,5,0.00010257649176963893,0.0015905615378493903,0.08705307025283003
35,18,404528,flow,9,402391,flow,6,2.910413120191577e-06,7.059508522867835e-05,0.10472705999478739
35,18,404528,flow,9,402391,flow,7,0.004247824025429131,0.03357226452589434,0.06413173381580374
35,18,404528,flow,9,402391,flow,8,0.006377525046570561,0.045689731676923424,0.061189266685513034
35,18,404528,flow,9,402391,flow,9,1.5318064526500216e-07,4.960572620275932e-06,0.11744348027899944
35,18,404528,flow,9,402391,flow,10,0.0010225412080050158,0.010866858594296846,0.07364273959439305
35,18,404528,flow,9,402391,flow,11,7.3561833652464975e-09,3.1094630271883435e-07,0.1292938820065536
35,18,404528,flow,9,402391,flow,12,3.659356701780892e-05,0.000654322059258835,0.09248923996591438
35,18,404528,flow,10,400497,flow,1,0.004546621655685787,0.0353580658011928,0.06364751542212302
35,18,404528,flow,10,400497,flow,4,0.0010316818935842051,0.010955913914168551,0.0735866377094683
35,18,404528,flow,10,400497,flow,5,4.802532090539173e-06,0.00011012175494229951,0.1024149719310342
35,18,404528,flow,10,400497,flow,9,6.865289833516277e-05,0.0011281115283678326,0.08920700448737885
35,18,404528,flow,10,400497,flow,10,3.331025031078489e-11,1.9186704179012097e-09,0.14807083395605644
35,18,404528,flow,10,400497,flow,11,6.109305353963362e-12,3.7923304109366046e-10,0.15349845609904816
35,18,404528,flow,10,400497,flow,12,2.793601177377926e-08,1.057700007561143e-06,0.1242212421380422
35,18,404528,flow,11,405841,flow,12,0.006301698873825725,0.0452741379260388,0.06127756230766825
35,18,404528,flow,12,404520,flow,5,1.8530889617152345e-05,0.00036272516151381116,0.09592172271474664
35,18,404528,flow,12,404520,flow,6,0.002975284190056627,0.025495053379566052,0.06661906127657799
35,18,404528,flow,12,404520,flow,7,6.42344489324353e-07,1.851186253423085e-05,0.11142595411595868
35,18,404528,flow,12,404520,flow,8,6.209321893863658e-06,0.00013797062691373808,0.10120968671259961
35,18,404528,flow,12,404520,flow,9,1.2250631931158293e-06,3.266835181642212e-05,0.10861163486513196
35,18,404528,flow,12,404520,flow,10,1.0900647301294507e-13,8.394081344312348e-12,0.16566436919210228
35,18,404528,flow,12,404520,flow,11,0.0009316661083322565,0.010041910149688991,0.07422722540338383
35,18,404528,flow,13,400183,flow,11,0.0001546187937543021,0.0022512746512254296,0.08480043657195295
35,18,404528,flow,14,401469,flow,3,0.00030484249117380865,0.003991874998092917,0.0809498312458911
35,18,404528,flow,14,401469,flow,9,0.0013930250737698377,0.013969053664544333,0.07167113408207045
35,18,404528,flow,15,401472,flow,1,2.291637848672705e-06,5.676534120565416e-05,0.10581364622019081
35,18,404528,flow,15,401472,flow,2,0.0008378642315543059,0.009214800102633914,0.07488874035636517
35,18,404528,flow,15,401472,flow,5,0.0009380971124929977,0.010103663739640365,0.07418416440006873
35,18,404528,flow,15,401472,flow,10,0.00012139583102481783,0.0018349544787516201,0.0861348677215824
35,18,404528,flow,15,401472,flow,11,0.0001544023723392027,0.002248881485183263,0.08480821810947282
35,18,404528,flow,15,401472,flow,12,3.1823254291182518e-09,1.4305562803112225e-07,0.13238186361832982
35,18,404528,flow,16,405838,flow,3,0.0001814892169357304,0.0025841576043584553,0.08390594190957479
35,18,404528,flow,16,405838,flow,6,3.3700528359890124e-06,8.061255953196309e-05,0.10405517460609368
35,18,404528,flow,16,405838,flow,10,0.001062406455954596,0.011210596534406493,0.07340137372254826
35,18,404528,flow,16,405838,flow,12,0.0005515547132941837,0.006535151841554782,0.07744643344142503
35,18,404528,flow,17,400260,flow,1,9.369753508210507e-05,0.0014734712547923873,0.08754295093615796
35,18,404528,flow,17,400260,flow,2,0.0025171141444245335,0.022291785780881476,0.06776023000746172
35,18,404528,flow,17,400260,flow,10,0.002559162884095857,0.022627064386602745,0.06764791213744366
35,18,404528,flow,17,400260,flow,12,2.4040245620762024e-07,7.4447212244940455e-06,0.11558404610145048
35,18,404528,flow,18,404528,flow,1,2.5592915261788227e-104,1.5355749157072936e-101,0.4592037183014679
35,18,404528,flow,18,404528,flow,2,1.6160284860943355e-32,3.7736448972581236e-30,0.261816263212028
35,18,404528,flow,18,404528,flow,3,1.7453237108372913e-08,6.891954689960784e-07,0.12600071343306107
35,18,404528,flow,18,404528,flow,10,9.069670259106465e-05,0.0014325768014383886,0.08771846758007676
35,18,404528,flow,18,404528,flow,11,0.00036752618429481494,0.004673868460858406,0.07985980206585257
35,18,404528,flow,19,401795,flow,6,0.0013303592645038562,0.013481473194127748,0.07196763816401373
35,18,404528,flow,19,401795,flow,12,3.634864250751481e-06,8.63255281102056e-05,0.10370696257576223
35,18,404528,occupancy,2,400331,flow,6,0.0019393863279758704,0.018181746824773786,0.069507298467584
35,18,404528,occupancy,2,400331,flow,11,0.0002511675175690553,0.003408871114980581,0.0820650452958275
35,18,404528,occupancy,5,400503,flow,5,0.006021153280866419,0.04372770621648091,0.061612775939334785
35,18,404528,occupancy,6,405843,flow,1,0.005338812782876559,0.0400133088515384,0.06249084407059985
35,18,404528,occupancy,7,408093,flow,5,0.0053676204277782,0.040173458503121665,0.06245177897032341
35,18,404528,occupancy,10,400497,flow,10,0.0007173099418436529,0.008135413359844003,0.07584794788188558
35,18,404528,occupancy,15,401472,flow,3,0.0002695567636554742,0.003609687597618254,0.08165976757020249
35,18,404528,occupancy,18,404528,flow,10,0.0016353244263758685,0.015886218848535534,0.07062965403570554
35,18,404528,speed,0,400593,flow,7,0.006883533678558274,0.048313347670790804,-0.060623105128692845
35,18,404528,speed,7,408093,flow,5,0.00015570233675686146,0.002263998972701587,-0.0847616306341222
35,18,404528,speed,10,400497,flow,1,0.00012294742960604566,0.0018499926711881478,0.0860652769601004
35,18,404528,speed,16,405838,flow,1,0.0005841705768846062,0.0068632496386769075,-0.07709945006949673
35,18,404528,speed,18,404528,flow,7,0.0011439577613379102,0.011908186816818728,0.07293264671947002
35,19,401795,flow,0,400593,flow,7,0.005102115884138806,0.0387094145055842,0.06281922702700704
35,19,401795,flow,1,400125,flow,1,0.0008541095167341267,0.00935779226000592,0.07476941391479165
35,19,401795,flow,1,400125,flow,12,0.0004586638691652663,0.005587783177647914,0.07855103889072536
35,19,401795,flow,2,400331,flow,10,0.0005967038199888309,0.006980125920259273,0.07697089218321097
35,19,401795,flow,2,400331,flow,11,0.00013538940935012758,0.002011286961459942,0.08553538848342646
35,19,401795,flow,2,400331,flow,12,0.005080785881664412,0.038591072926601834,0.06284949117671243
35,19,401795,flow,3,400039,flow,1,0.004235290141800673,0.03350905700665136,0.06415271287464978
35,19,401795,flow,3,400039,flow,10,0.00042862878931505853,0.005285973079763211,0.07895322488327043
35,19,401795,flow,5,400503,flow,6,0.0015481459934565246,0.015193072902617415,0.07098693854331142
35,19,401795,flow,5,400503,flow,9,0.00018487099293379203,0.0026262502120157237,0.08380232323398677
35,19,401795,flow,6,405843,flow,2,1.957974492948573e-10,1.0378466023972804e-08,0.14214549486754413
35,19,401795,flow,7,408093,flow,1,0.00031455021510225185,0.004092942557957012,0.08076802025920923
35,19,401795,flow,7,408093,flow,5,0.0014336664173943187,0.014267309198671864,0.07148534236721948
35,19,401795,flow,7,408093,flow,12,0.006159235958683756,0.04449481495236426,0.06144606911986871
35,19,401795,flow,8,401448,flow,12,0.0007776951459950609,0.00868798301189207,0.07535022452978311
35,19,401795,flow,9,402391,flow,11,0.005759484639286878,0.04232897863511282,0.06193835737724074
35,19,401795,flow,9,402391,flow,12,0.0023530822157529657,0.021142502437713834,0.0682154436756036
35,19,401795,flow,10,400497,flow,1,0.0050126135540783925,0.03828108209494046,-0.06294699333487262
35,19,401795,flow,10,400497,flow,2,8.681410319232583e-06,0.00018714417454633112,-0.09961682876334191
35,19,401795,flow,10,400497,flow,5,0.0005691428858276115,0.00671775209501443,0.0772570211083979
35,19,401795,flow,10,400497,flow,7,0.0008248709341868934,0.009106799926861907,-0.0749857336017477
35,19,401795,flow,10,400497,flow,10,1.20893716296592e-06,3.227817394321863e-05,0.1086700948083829
35,19,401795,flow,10,400497,flow,11,1.3226495928520904e-16,1.3195949748547415e-14,0.18413425364228156
35,19,401795,flow,11,405841,flow,4,0.0037914807660116836,0.03064969481506451,0.06493444501644437
35,19,401795,flow,11,405841,flow,6,1.2918662202315485e-05,0.00026664415056857575,0.09769607873878304
35,19,401795,flow,11,405841,flow,7,0.006926714753916966,0.048521822177592495,0.06057653917971499
35,19,401795,flow,11,405841,flow,10,1.504492572492502e-06,3.936649250858636e-05,0.10770130888219666
35,19,401795,flow,11,405841,flow,11,0.0022557571972701613,0.020502888280321447,0.0684994572305004
35,19,401795,flow,12,404520,flow,1,0.00282510801760453,0.024551330991855903,-0.06697428286752004
35,19,401795,flow,12,404520,flow,2,0.0005164877891165201,0.00619269289198825,-0.07784148082899466
35,19,401795,flow,12,404520,flow,6,0.005603259495903812,0.04144876887380902,0.06213915246353095
35,19,401795,flow,12,404520,flow,10,0.002446209531217166,0.02178442625202671,0.06795356959527046
35,19,401795,flow,13,400183,flow,1,0.00018519199629290725,0.002627499438700286,0.08379258031604059
35,19,401795,flow,13,400183,flow,4,0.0001587947589539677,0.002296596446873587,0.08465225960617188
35,19,401795,flow,13,400183,flow,8,4.674831704476187e-06,0.00010742166469860174,0.10254063502210395
35,19,401795,flow,13,400183,flow,9,0.00045837240298482283,0.00558580756246667,0.07855482229156145
35,19,401795,flow,13,400183,flow,11,0.0011187383106237602,0.011687906896964072,0.0730742091668489
35,19,401795,flow,14,401469,flow,6,0.00223964686145481,0.020390462468882566,0.06854754903276115
35,19,401795,flow,15,401472,flow,1,5.693347736259236e-07,1.6629656673860647e-05,0.11194440156947529
35,19,401795,flow,15,401472,flow,10,0.0013860893560876516,0.013922125129734142,0.07170333855650918
35,19,401795,flow,15,401472,flow,11,8.244389764202537e-06,0.0001784356902873495,0.09986387628240835
35,19,401795,flow,15,401472,flow,12,3.237187734387593e-05,0.0005883319736034666,0.0931162685322637
35,19,401795,flow,16,405838,flow,1,4.910394001147788e-07,1.4559301362359949e-05,0.11257698234462042
35,19,401795,flow,16,405838,flow,11,0.0009475189580750119,0.010189897682061367,0.07412156808786614
35,19,401795,flow,17,400260,flow,1,0.002043587688861743,0.018971815608613427,0.06914230419407416
35,19,401795,flow,17,400260,flow,11,0.0020498271236104437,0.01901901454896288,0.06913939489213848
35,19,401795,flow,17,400260,flow,12,4.444558553723631e-11,2.5263806515902745e-09,0.14712789055567294
35,19,401795,flow,18,404528,flow,1,5.234807350410555e-05,0.0008913822528093652,0.09063489208313272
35,19,401795,flow,19,401795,flow,1,0.00018532960590829196,0.0026284435243723618,0.08378840852141398
35,19,401795,flow,19,401795,flow,2,3.6249782661523816e-37,9.607304361827171e-35,0.28019884598991335
35,19,401795,flow,19,401795,flow,3,8.338026709419022e-11,4.60029059830015e-09,0.14504954779218812
35,19,401795,flow,19,401795,flow,4,2.0501854747514818e-05,0.0003953929129877858,0.09541909086460075
35,19,401795,flow,19,401795,flow,5,8.044691006596771e-09,3.3740839949998107e-07,0.12895986715305674
35,19,401795,flow,19,401795,flow,6,3.4076816618513555e-12,2.1841520443913734e-10,0.1553224264895476
35,19,401795,flow,19,401795,flow,7,3.519572029954078e-15,3.200958140926656e-13,0.17535922039721258
35,19,401795,flow,19,401795,flow,8,8.761875970276608e-07,2.434167472128292e-05,0.11008122886248588
35,19,401795,flow,19,401795,flow,10,1.0889470003612353e-09,5.262025773557647e-08,0.1362333217389392
35,19,401795,flow,19,401795,flow,11,1.469800799090092e-08,5.91204790695456e-07,0.12668738344076175
35,19,401795,flow,19,401795,flow,12,2.668552333847783e-10,1.3973510402693844e-08,0.1411261509989844
35,19,401795,occupancy,6,405843,flow,6,0.002258165334207626,0.020502888280321447,-0.06849229560749963
35,19,401795,occupancy,7,408093,flow,1,0.006097699090987278,0.04416036599504553,0.06151994251122487
35,19,401795,occupancy,8,401448,flow,12,0.0009742557667056706,0.010441044187964517,0.07394702247955134
35,19,401795,occupancy,10,400497,flow,2,0.00011097879695304931,0.0017001007192807554,-0.08662501825708628
35,19,401795,occupancy,10,400497,flow,10,0.0004562816243422917,0.005565038444829758,0.07858202776129398
35,19,401795,occupancy,10,400497,flow,11,1.5059496202085993e-08,6.051816148187115e-07,0.12659493507219025
35,19,401795,occupancy,11,405841,flow,10,0.0003592043289039502,0.004591013907884808,0.07999402128743531
35,19,401795,occupancy,12,404520,flow,1,0.005323747493731139,0.039928106202983545,-0.06251134942346262
35,19,401795,occupancy,12,404520,flow,6,0.005980389092641032,0.04351571649016213,0.06166264843794734
35,19,401795,occupancy,12,404520,flow,10,0.004310024028199664,0.03391494317271867,0.0640284469390739
35,19,401795,occupancy,13,400183,flow,8,0.0006785072890543424,0.007768755602212455,0.07618873554439641
35,19,401795,occupancy,14,401469,flow,1,0.004257866214678538,0.03361473327377793,0.06411496576454422
35,19,401795,occupancy,14,401469,flow,6,0.0009158143687308287,0.00990565366278713,0.0743345528599701
35,19,401795,occupancy,14,401469,flow,12,0.0012530176336537305,0.012878982101794232,0.07235187077039142
35,19,401795,occupancy,15,401472,flow,1,0.00012874792888680202,0.001925202674942834,0.08581224509552078
35,19,401795,occupancy,15,401472,flow,11,0.004598535442721939,0.0356797466830112,0.06356633906059378
35,19,401795,occupancy,16,405838,flow,1,5.270957907321411e-07,1.5511265776313688e-05,0.11227443368546905
35,19,401795,occupancy,16,405838,flow,12,0.0026057887214466858,0.022960223443025052,0.0675253231635262
35,19,401795,occupancy,17,400260,flow,7,0.007004842843871069,0.04888678689099033,0.06049294506385495
35,19,401795,occupancy,17,400260,flow,12,5.2244882616136396e-08,1.865332118276147e-06,0.12177040993522646
35,19,401795,occupancy,18,404528,flow,1,0.0005919088816558209,0.006937184939644998,0.07701977623072832
35,19,401795,occupancy,19,401795,flow,1,2.1184188765671242e-18,2.408307775465783e-16,0.1945566279388461
35,19,401795,occupancy,19,401795,flow,2,3.229719190771138e-12,2.0793423106007923e-10,-0.15548892566086606
35,19,401795,occupancy,19,401795,flow,7,0.00011972264841212791,0.0018172938901630097,0.08621085700713604
35,19,401795,speed,6,405843,flow,6,0.0001564118035810206,0.0022697312444407425,0.08473635919496918
35,19,401795,speed,9,402391,flow,1,0.0001860716551625705,0.002637236057422259,0.08376596246574974
35,19,401795,speed,12,404520,flow,8,0.004499633646721304,0.035068405834089905,-0.06372171605657852
35,19,401795,speed,14,401469,flow,12,0.0014246567252130047,0.014200546961052562,-0.07152610767283882
35,19,401795,speed,16,405838,flow,1,0.0005852775500728034,0.006874385579974201,-0.07708799267437023
35,19,401795,speed,16,405838,flow,12,0.003985692085392134,0.031885536683137074,-0.0645826602298665
35,19,401795,speed,19,401795,flow,2,0.00514137158531766,0.03894568691666191,0.06276382638954137
