graph_slot,source_node_index,source_node_id,source_feature,target_node_index,target_node_id,target_feature,lag_5min_steps,raw_p_value,fdr_bh_q_value,parcorr_value
296,0,400593,flow,0,400593,flow,1,7.753781650255503e-14,4.969782897493141e-12,0.16656943127910778
296,0,400593,flow,0,400593,flow,2,2.4068877460099107e-30,3.808701488191507e-28,0.2527356208279877
296,0,400593,flow,0,400593,flow,3,1.781179947009569e-18,1.5767822481724053e-16,0.19498279486723172
296,0,400593,flow,0,400593,flow,4,1.8771249060249725e-18,1.6549346110260982e-16,0.19485394961178326
296,0,400593,flow,0,400593,flow,5,8.797359163011529e-08,2.683940083630636e-06,0.11969321475858594
296,0,400593,flow,0,400593,flow,6,1.758436369373151e-05,0.0003368711802967633,0.09618147823671402
296,0,400593,flow,0,400593,flow,7,0.00030903973379327245,0.004196974629547096,0.08087056801660833
296,0,400593,flow,0,400593,flow,8,0.0023791919238461893,0.023138471659197517,0.0681410801295926
296,0,400593,flow,0,400593,flow,9,4.730283949390987e-05,0.000814461006830174,0.09116329735216457
296,0,400593,flow,0,400593,flow,11,0.001759538047338487,0.01824143116031261,0.07014972597679218
296,0,400593,flow,5,400503,flow,4,0.0036932032253140525,0.03266715383570169,0.06511874100053679
296,0,400593,flow,9,402391,flow,2,0.0024650016378960768,0.023780274845268092,-0.06790183407978842
296,0,400593,flow,9,402391,flow,9,0.0013757130450153217,0.01482804479657233,-0.0717517970188333
296,0,400593,flow,13,400183,flow,4,0.0014896246569454643,0.01587365199310411,0.07123731426592293
296,0,400593,flow,13,400183,flow,12,1.6084794054697476e-06,3.991172332928954e-05,0.1074036140870248
296,0,400593,flow,15,401472,flow,11,0.0003308331829404236,0.0044495621117765565,0.08047453332748437
296,0,400593,flow,15,401472,flow,12,0.0006986798930853172,0.00844042823861457,0.07600937325078919
296,0,400593,flow,17,400260,flow,12,0.0002743072760477471,0.0037847570505470055,0.081559285907105
296,0,400593,occupancy,0,400593,flow,1,1.7597641435302245e-18,1.5610228131520677e-16,0.19506069368350787
296,0,400593,occupancy,0,400593,flow,4,5.683302570127582e-17,4.6765461148478395e-15,-0.18632369235503288
296,0,400593,occupancy,5,400503,flow,3,0.0038060357332395265,0.03348009441579058,-0.06490752036304462
296,0,400593,occupancy,8,401448,flow,5,0.0046927265105317015,0.039494600673089714,0.06342114914595276
296,0,400593,occupancy,15,401472,flow,11,0.003391421693950691,0.030529519033825163,0.06571391080373942
296,0,400593,occupancy,17,400260,flow,12,0.000233329284357486,0.003280125312152097,0.08248567911723302
296,0,400593,speed,0,400593,flow,1,9.24477209518959e-06,0.0001917302710092128,-0.09931532340176728
296,0,400593,speed,7,408093,flow,4,0.00024707337974457346,0.0034441981300308397,0.08215905174044362
296,0,400593,speed,16,405838,flow,6,0.0033695740242384036,0.030402171647263793,-0.06575884659718033
296,1,400125,flow,1,400125,flow,1,6.050669768656893e-94,2.5626366079017434e-91,0.43793902164738424
296,1,400125,flow,1,400125,flow,2,2.1245947600207294e-21,2.2774812315854967e-19,0.2108250865463815
296,1,400125,flow,1,400125,flow,5,0.003372185108529221,0.030419377049167334,0.06575346225383397
296,1,400125,flow,1,400125,flow,11,1.102177549579779e-05,0.0002241717049992771,0.09846763867047154
296,1,400125,flow,1,400125,flow,12,0.0016797191058899215,0.01754021401364385,0.0704543921789864
296,1,400125,flow,3,400039,flow,1,0.0003570433576724146,0.004745930169676404,0.0800092482127621
296,1,400125,flow,3,400039,flow,12,0.002547642040469743,0.024457363588509536,0.06767851713271583
296,1,400125,flow,4,400316,flow,3,6.215743960953697e-05,0.00103795956363819,-0.0897328381002953
296,1,400125,flow,4,400316,flow,4,0.0001280262867908149,0.0019584757752702563,-0.08584313317415762
296,1,400125,flow,4,400316,flow,12,0.0006499795157958253,0.007923000869745952,0.07645103283329556
296,1,400125,flow,6,405843,flow,6,0.0019335300949205243,0.01965376472954509,0.06952733909949857
296,1,400125,flow,9,402391,flow,1,0.002236698637515157,0.02200532478721357,0.06855638419924855
296,1,400125,flow,9,402391,flow,2,0.0008571660624062089,0.010002586141531124,0.07474719804238886
296,1,400125,flow,10,400497,flow,2,0.000819521807113077,0.00965457923841967,-0.07502607624116833
296,1,400125,flow,10,400497,flow,3,1.0784628283759905e-06,2.760047048924336e-05,-0.10917270673654855
296,1,400125,flow,10,400497,flow,4,0.000712381287187387,0.008584343544350104,-0.07589027144892024
296,1,400125,flow,10,400497,flow,8,0.0001330912167761607,0.002023061423198502,-0.08562971489597943
296,1,400125,flow,10,400497,flow,10,0.001742435335012398,0.018090172187583655,0.07021392165799598
296,1,400125,flow,10,400497,flow,11,1.2834042946450138e-08,4.4107450699017183e-07,0.1272021700270694
296,1,400125,flow,10,400497,flow,12,1.302717546108159e-06,3.277658590091582e-05,0.10834009292803436
296,1,400125,flow,11,405841,flow,11,0.0011453948511425001,0.012726609457138889,0.07292466710369104
296,1,400125,flow,12,404520,flow,2,0.0004837366345309954,0.006153540227249412,-0.07823368599683628
296,1,400125,flow,12,404520,flow,3,3.417496062219059e-06,7.807288730188439e-05,-0.10399090421786424
296,1,400125,flow,12,404520,flow,4,0.0019809824281151237,0.020051181090574823,-0.06936652921409323
296,1,400125,flow,14,401469,flow,12,0.0002989288453956788,0.004089210298002952,0.08106325875658832
296,1,400125,flow,15,401472,flow,1,0.004951641172887758,0.04110428711375733,0.06303521822654874
296,1,400125,flow,15,401472,flow,2,3.839219293770148e-05,0.0006745352277429483,-0.09224273350191417
296,1,400125,flow,15,401472,flow,3,2.176007889609936e-11,1.0503188919681478e-09,-0.14945206179115936
296,1,400125,flow,15,401472,flow,4,6.91503100541116e-16,5.213426517168624e-14,-0.17976642419837627
296,1,400125,flow,15,401472,flow,5,1.543375217571677e-05,0.0003001508536709102,-0.0968249816346524
296,1,400125,flow,15,401472,flow,11,7.385011114489912e-07,1.9572544794230936e-05,0.11082365419152322
296,1,400125,flow,15,401472,flow,12,5.269160464317282e-10,2.178255809172312e-08,0.13878042968129825
296,1,400125,flow,16,405838,flow,12,0.00111958619368075,0.012488025707980478,0.07306940213273143
296,1,400125,flow,17,400260,flow,1,4.399733269048971e-09,1.6314890748748115e-07,0.1311965664699155
296,1,400125,flow,17,400260,flow,9,0.005994153640603181,0.04767073587519467,-0.061645774220674215
296,1,400125,flow,17,400260,flow,12,0.00044343534865691914,0.00571833046626236,0.0787517816297905
296,1,400125,flow,18,404528,flow,8,0.00596705515790948,0.04751645766298425,-0.0616790281361459
296,1,400125,flow,19,401795,flow,1,0.0009164895844374521,0.010574879820432141,0.07432994622408125
296,1,400125,flow,19,401795,flow,2,2.2736869792010095e-05,0.00042228408212159765,0.0949019804912649
296,1,400125,flow,19,401795,flow,12,4.766417389213797e-05,0.0008200287981443092,0.09112371878046117
296,1,400125,occupancy,1,400125,flow,1,4.06620449068635e-05,0.0007103115001926822,-0.09194682723027822
296,1,400125,occupancy,1,400125,flow,8,0.004581783244994441,0.03873273111311055,-0.06359244304072662
296,1,400125,occupancy,8,401448,flow,9,0.0021072035609550014,0.020979763501557055,0.06895537861669988
296,1,400125,occupancy,8,401448,flow,12,0.0006097770620356569,0.007500674567181201,0.0768394442439301
296,1,400125,occupancy,9,402391,flow,3,0.001091097986218251,0.012227090273574175,-0.07323278772529157
296,1,400125,occupancy,10,400497,flow,11,0.0016181502468698178,0.016995888807385395,0.07069863027976155
296,1,400125,occupancy,10,400497,flow,12,0.0004134772099067591,0.005385051392213444,0.07916619824582191
296,1,400125,occupancy,14,401469,flow,6,0.0044218867814432485,0.03768504812751003,0.06384604402337628
296,1,400125,occupancy,15,401472,flow,12,0.00030649855081062106,0.004167685676744989,0.0809184359857047
296,1,400125,occupancy,16,405838,flow,2,0.0010608363188541342,0.011949968441851004,0.07341072053835745
296,1,400125,occupancy,16,405838,flow,12,0.0012921020405995695,0.014063695679995316,0.07215504781924485
296,1,400125,occupancy,17,400260,flow,1,0.0009887474334342669,0.011263150830716578,0.07385426069416741
296,1,400125,occupancy,17,400260,flow,11,0.0017706751830822126,0.018286676526213623,0.07010822980210626
296,1,400125,speed,1,400125,flow,1,0.0002551965410406374,0.0035471333889818325,0.08197392560527543
296,1,400125,speed,1,400125,flow,8,0.0012865927236478682,0.014024638260885501,0.07218245662252284
296,1,400125,speed,8,401448,flow,3,0.003565783998118079,0.03174157608050711,-0.06536443500978775
296,1,400125,speed,8,401448,flow,9,7.45875402961975e-05,0.0012186769065036806,-0.08876618687706937
296,1,400125,speed,10,400497,flow,11,0.0012575526641751794,0.013760454683983726,-0.0723287448812259
296,1,400125,speed,15,401472,flow,12,0.004695535557181352,0.039502850257105045,-0.0634168597897892
296,1,400125,speed,17,400260,flow,2,0.0011294607485478833,0.012588417011679195,-0.07301366510183274
296,2,400331,flow,0,400593,flow,4,0.00022060686911485442,0.0031226136126348988,0.08280452364862942
296,2,400331,flow,2,400331,flow,1,2.455621323448844e-58,8.036578876741671e-56,0.3498884950684064
296,2,400331,flow,2,400331,flow,2,7.944208688262901e-23,9.250399335120143e-21,0.2181146846858589
296,2,400331,flow,2,400331,flow,3,5.964661590555257e-07,1.6064425231420643e-05,0.11174463689434579
296,2,400331,flow,2,400331,flow,4,1.951586864403409e-09,7.568092687812142e-08,0.13415150538704435
296,2,400331,flow,2,400331,flow,5,2.7608757113142845e-10,1.183232447706122e-08,0.14100980354021247
296,2,400331,flow,2,400331,flow,6,0.003208975662802381,0.029314389645392864,0.06609754591745234
296,2,400331,flow,2,400331,flow,7,0.0001635133642881467,0.0024108455075931524,0.08448917472001506
296,2,400331,flow,2,400331,flow,8,6.147140831212151e-07,1.6524983441715304e-05,0.11161514499023155
296,2,400331,flow,2,400331,flow,9,1.3692048487490976e-10,6.0480214177874255e-09,0.14338984622142037
296,2,400331,flow,2,400331,flow,12,0.0007781580483893106,0.009242900107346226,0.07534654951138633
296,2,400331,flow,5,400503,flow,9,0.003795289339752631,0.03341958815273413,0.06492739063356898
296,2,400331,flow,6,405843,flow,1,0.0003123989317524512,0.0042319328478224805,0.08078755752919003
296,2,400331,flow,6,405843,flow,2,0.005632969082340161,0.045450927223962455,0.06210058162005518
296,2,400331,flow,6,405843,flow,10,0.0030440497145575343,0.028171154170712396,0.06646183378941206
296,2,400331,flow,7,408093,flow,3,0.002725498391705566,0.025752740709028967,0.0672195262216641
296,2,400331,flow,7,408093,flow,10,0.0001380689044939479,0.0020906332541670344,0.08542729680907306
296,2,400331,flow,10,400497,flow,12,0.003140003361178305,0.0288797413674479,0.06624776765997942
296,2,400331,flow,11,405841,flow,3,0.004847684790838599,0.04045199593668678,0.06318792892963093
296,2,400331,flow,11,405841,flow,5,0.0013485637694937022,0.014586368262926372,0.07188019896121124
296,2,400331,flow,11,405841,flow,7,0.0001983404284209103,0.002853890901020901,0.08340654563614758
296,2,400331,flow,13,400183,flow,3,9.72889746287977e-06,0.00020090266271338721,0.09906992400044484
296,2,400331,flow,14,401469,flow,3,8.852305906477833e-06,0.00018403253857547758,0.09952343939512766
296,2,400331,flow,14,401469,flow,6,0.0021058650330155067,0.020971270038328698,0.06895961891077217
296,2,400331,flow,15,401472,flow,1,0.0012329490869928818,0.013528930799617093,0.07245514417558199
296,2,400331,flow,17,400260,flow,3,0.005035445710232247,0.04164871810875609,0.06291420537635925
296,2,400331,flow,18,404528,flow,12,0.0022540211729168715,0.022135420475109992,0.06850462438294529
296,2,400331,occupancy,0,400593,flow,7,0.00046811280917874156,0.005993619844849329,0.07842958465376126
296,2,400331,occupancy,2,400331,flow,2,9.668415664651161e-05,0.0015265919470501834,-0.08737345544080183
296,2,400331,occupancy,2,400331,flow,12,0.0004166612100451618,0.005420250853937847,0.07912084578989592
296,2,400331,occupancy,3,400039,flow,6,0.0034076920105240013,0.03065525598348813,-0.06568061715913957
296,2,400331,occupancy,6,405843,flow,12,0.0015422183368648235,0.016317372557570507,0.07101189901562074
296,2,400331,occupancy,7,408093,flow,10,4.5403244108819833e-05,0.0007839409054760259,0.09137620007741151
296,2,400331,occupancy,11,405841,flow,5,0.004106100023469795,0.03560488177717687,0.06437229238261721
296,2,400331,occupancy,13,400183,flow,7,0.00030853358280647186,0.004192718080289268,0.0808800728788737
296,2,400331,occupancy,18,404528,flow,12,0.003166116212964109,0.029058997396473305,0.06619054357205503
296,2,400331,speed,2,400331,flow,2,0.0006195048086857957,0.007601992235024484,0.07674332408607716
296,2,400331,speed,17,400260,flow,4,0.0025083080902717375,0.024138763533022734,0.06778396918000405
296,3,400039,flow,1,400125,flow,1,0.001537904348186132,0.016283693098441396,0.07101226687795777
296,3,400039,flow,1,400125,flow,11,0.0019600315749491795,0.019867049281512096,0.069437088417813
296,3,400039,flow,3,400039,flow,1,1.3686960101983066e-112,6.497545894567786e-110,0.4753164790229399
296,3,400039,flow,3,400039,flow,2,1.766479152600008e-16,1.3900163823737768e-14,0.18333256010815852
296,3,400039,flow,3,400039,flow,4,1.506538050932689e-05,0.0002943575024888836,0.0969437088050333
296,3,400039,flow,3,400039,flow,5,0.0012040275249038895,0.013268874764246947,0.0726067378503417
296,3,400039,flow,3,400039,flow,7,0.001399159644714972,0.015050721277810456,0.07164277245305323
296,3,400039,flow,3,400039,flow,10,0.0062231947503305855,0.0490305867360217,0.06136998881738695
296,3,400039,flow,3,400039,flow,11,8.924490867346083e-08,2.7208045551824335e-06,0.11963552723610402
296,3,400039,flow,3,400039,flow,12,4.51917340734579e-06,0.00010006575663625736,0.10269833087218756
296,3,400039,flow,4,400316,flow,2,0.0012962991048166164,0.014098541842612939,-0.07213423970070763
296,3,400039,flow,4,400316,flow,10,3.152426808651598e-08,1.0324855051838442e-06,0.12375184037640301
296,3,400039,flow,4,400316,flow,11,0.0007473981654110572,0.008936507264256205,0.07559528087146108
296,3,400039,flow,4,400316,flow,12,0.0007109523631605327,0.008569515091667135,0.07590259280784854
296,3,400039,flow,5,400503,flow,1,0.00021455065822242569,0.00304687325286285,0.08296240972316118
296,3,400039,flow,5,400503,flow,4,0.0017680861381375744,0.01827106937270941,0.07011785496448728
296,3,400039,flow,5,400503,flow,8,0.003558755691487479,0.03169860739634208,0.06537821823447633
296,3,400039,flow,6,405843,flow,10,0.00036689386111916347,0.004854460888314812,0.07986990030810438
296,3,400039,flow,6,405843,flow,12,0.005522673842249875,0.0447364541506084,0.062244709810442014
296,3,400039,flow,9,402391,flow,1,0.0003122985234998002,0.004231899691088886,0.08080971864935253
296,3,400039,flow,9,402391,flow,2,0.002349795989154716,0.02288349565633087,0.06822485666771892
296,3,400039,flow,9,402391,flow,8,0.0011269537682083283,0.012566959934589516,0.07302777301426217
296,3,400039,flow,9,402391,flow,11,2.103518420571213e-05,0.0003949239277213229,0.09529099115607052
296,3,400039,flow,10,400497,flow,4,0.004456844700478746,0.037945544158589244,0.0637898985777473
296,3,400039,flow,10,400497,flow,5,1.7722846711971782e-06,4.357580978697672e-05,0.10697023796906359
296,3,400039,flow,10,400497,flow,10,6.01762665180008e-13,3.503523872746138e-11,0.1606163325957912
296,3,400039,flow,10,400497,flow,11,1.2226633761282227e-18,1.0981093107845991e-16,0.19595258310531488
296,3,400039,flow,10,400497,flow,12,0.00260134027003449,0.02485232641967097,0.06753693220239843
296,3,400039,flow,11,405841,flow,10,0.003487166889388021,0.03119678592927759,0.06552003878229275
296,3,400039,flow,11,405841,flow,12,0.003569872640752567,0.031771425232902946,0.06535642812313787
296,3,400039,flow,12,404520,flow,2,0.0003985179575722495,0.005210646418620212,-0.07938373742933134
296,3,400039,flow,12,404520,flow,5,1.245238312399784e-05,0.0002485848825614941,0.09787519424830883
296,3,400039,flow,12,404520,flow,6,1.7089670938745582e-07,5.012041986108684e-06,0.1169945791589878
296,3,400039,flow,12,404520,flow,9,0.0022376619476253286,0.022009789648773724,0.0685534962024664
296,3,400039,flow,12,404520,flow,10,7.090864936785949e-12,3.629447455795651e-10,0.15302942011647322
296,3,400039,flow,12,404520,flow,11,0.0010224573632392712,0.011584096011522821,0.07364325634346583
296,3,400039,flow,15,401472,flow,3,0.002770066156577071,0.026093950711759586,-0.06710880402573119
296,3,400039,flow,15,401472,flow,8,0.0020073942116941666,0.020209608470097413,-0.06927854735940005
296,3,400039,flow,15,401472,flow,10,9.727070273824756e-07,2.5132143291221857e-05,0.10962503646256996
296,3,400039,flow,15,401472,flow,11,7.164251999975784e-21,7.386531894963099e-19,0.20811060559821895
296,3,400039,flow,15,401472,flow,12,3.331565122561553e-14,2.234838715755576e-12,0.16907641003879098
296,3,400039,flow,16,405838,flow,6,0.0049554635182915,0.04111312156523772,0.06302965866428654
296,3,400039,flow,16,405838,flow,10,0.004328691755326911,0.03705895438567629,0.06399771151654836
296,3,400039,flow,17,400260,flow,1,1.490949005143857e-06,3.727372512859643e-05,0.10774152808376516
296,3,400039,flow,17,400260,flow,6,0.00042213444331095653,0.005479629792978762,0.07904363630172072
296,3,400039,flow,17,400260,flow,8,0.0022572198648002644,0.022161795036220778,-0.06849510653024915
296,3,400039,flow,17,400260,flow,11,8.233807297406595e-05,0.0013292244964423204,0.08823792967121864
296,3,400039,flow,17,400260,flow,12,0.005979973255096652,0.047584241042581576,0.06166315876494207
296,3,400039,flow,18,404528,flow,1,0.00015412827928735758,0.0022959798845564993,0.0847967922052738
296,3,400039,flow,18,404528,flow,2,0.0029841227224689363,0.027693684556532337,0.06658192363336571
296,3,400039,flow,18,404528,flow,11,4.189791018521114e-07,1.162485369300656e-05,0.11325180101563691
296,3,400039,flow,18,404528,flow,12,9.126916314130808e-06,0.00018937693793009166,0.09937691923755922
296,3,400039,flow,19,401795,flow,1,8.764993691110232e-05,0.0014008424989121792,0.08790237049290782
296,3,400039,flow,19,401795,flow,6,0.0011821791648818137,0.01306842642064639,0.07272350230927614
296,3,400039,flow,19,401795,flow,12,5.48225866292267e-10,2.2641833101172022e-08,0.13864251829335025
296,3,400039,occupancy,1,400125,flow,1,0.002563438738231516,0.024576243562272858,-0.06763658540551855
296,3,400039,occupancy,1,400125,flow,11,0.003293982588211887,0.029857332734106904,0.06591639413463499
296,3,400039,occupancy,3,400039,flow,4,0.00018298248843707309,0.002657090252262708,0.08385996588360468
296,3,400039,occupancy,3,400039,flow,8,0.004580890717451373,0.03873273111311055,0.06359383623698388
296,3,400039,occupancy,3,400039,flow,10,0.003203817538680275,0.029292046067933945,0.06610867808013497
296,3,400039,occupancy,3,400039,flow,11,1.9189642176508723e-06,4.686221266394442e-05,0.10661365572535998
296,3,400039,occupancy,3,400039,flow,12,0.0026473542493562086,0.02513667998965436,0.06741771675431749
296,3,400039,occupancy,4,400316,flow,10,0.0004890506909362118,0.006212656746606494,0.07816839822481428
296,3,400039,occupancy,6,405843,flow,3,1.1629526226654401e-05,0.00023443946856638935,0.09820748586714433
296,3,400039,occupancy,6,405843,flow,10,0.004772087872778229,0.03996010779298692,0.06330085045986385
296,3,400039,occupancy,7,408093,flow,3,0.003449439419609291,0.03094181539184414,0.06559584719733833
296,3,400039,occupancy,7,408093,flow,9,0.004141831096242558,0.03581407192907896,0.0643109420062194
296,3,400039,occupancy,8,401448,flow,11,0.001983729527148455,0.020060186229591118,0.06935732822427405
296,3,400039,occupancy,9,402391,flow,1,0.0008379294414194111,0.009820551239641496,0.07488825709914601
296,3,400039,occupancy,9,402391,flow,11,0.0011190414061046524,0.012485172712737856,0.07307249039448895
296,3,400039,occupancy,10,400497,flow,3,0.0007057067404296032,0.008520550918546355,0.07594802289089393
296,3,400039,occupancy,10,400497,flow,4,0.0002765008646118611,0.003810155454938564,0.08151343654500483
296,3,400039,occupancy,10,400497,flow,5,0.00010340947875240797,0.0016191698014150142,0.08700918570519033
296,3,400039,occupancy,10,400497,flow,9,2.3550114952301004e-05,0.000435515824460361,0.09472575520721276
296,3,400039,occupancy,10,400497,flow,10,2.2338305838848722e-06,5.34634245007349e-05,0.10592916289165244
296,3,400039,occupancy,10,400497,flow,11,2.1181489409920646e-09,8.162720695929507e-08,0.13385670872517041
296,3,400039,occupancy,11,405841,flow,5,6.781932605370531e-05,0.0011199521733639408,0.08927178671626838
296,3,400039,occupancy,11,405841,flow,10,0.0027156589861060446,0.025676618122079477,0.06724419339655129
296,3,400039,occupancy,12,404520,flow,6,9.384952437519886e-05,0.0014889090903446901,0.08753420299461626
296,3,400039,occupancy,12,404520,flow,10,1.2496305073395293e-05,0.0002492021537440181,0.09785805170870907
296,3,400039,occupancy,13,400183,flow,4,0.005329836704721873,0.04348422014050707,0.06250305510587875
296,3,400039,occupancy,13,400183,flow,11,0.0025691511230099334,0.02461462153781972,0.06762148021488196
296,3,400039,occupancy,15,401472,flow,5,0.005386151370271491,0.043844817335531784,0.06242674963486404
296,3,400039,occupancy,15,401472,flow,6,0.004342170678933402,0.03714490560988573,0.0639755937503115
296,3,400039,occupancy,15,401472,flow,10,5.2999265225143275e-08,1.6798006292928757e-06,0.12171372342704087
296,3,400039,occupancy,15,401472,flow,11,1.023689657097386e-09,4.087189758466458e-08,0.13645199042802325
296,3,400039,occupancy,15,401472,flow,12,3.538260270857017e-08,1.1500918594114433e-06,0.1233017051596015
296,3,400039,occupancy,16,405838,flow,5,0.0002413237947349004,0.003381507600566882,0.08229356462352945
296,3,400039,occupancy,16,405838,flow,7,0.00016268719284931896,0.002401122900953392,0.08451740666879774
296,3,400039,occupancy,16,405838,flow,10,0.00516858805924083,0.042457312066781494,0.0627256402217306
296,3,400039,occupancy,17,400260,flow,1,4.281024814727751e-09,1.590200103149087e-07,0.1312970551921967
296,3,400039,occupancy,17,400260,flow,4,0.005881354050369146,0.046998611723260655,0.06178509886570344
296,3,400039,occupancy,17,400260,flow,5,0.0017485355380959674,0.01814914349969865,0.07019095816056607
296,3,400039,occupancy,17,400260,flow,10,0.0006328194399222008,0.007754851281598452,0.07661401193494997
296,3,400039,occupancy,17,400260,flow,11,0.0011301645462063732,0.012589764929374761,0.0730097097144478
296,3,400039,occupancy,17,400260,flow,12,3.6380852783749826e-05,0.0006425400001054753,0.0925191495315633
296,3,400039,occupancy,18,404528,flow,1,0.004736336660275912,0.039734906913027404,0.06335481764941109
296,3,400039,occupancy,18,404528,flow,11,4.4422626596755875e-05,0.0007705575449248503,0.09148943187850314
296,3,400039,occupancy,18,404528,flow,12,0.0019554745979317068,0.019839479246277533,0.069452527170945
296,3,400039,occupancy,19,401795,flow,2,7.532924526392854e-06,0.00015959898947531697,0.10029417059677555
296,3,400039,occupancy,19,401795,flow,6,0.00028723460993343176,0.003945480174602306,0.08129388275375249
296,3,400039,occupancy,19,401795,flow,7,0.001414877601600742,0.01518576705320548,0.07157062400848445
296,3,400039,occupancy,19,401795,flow,11,0.00014736292911687266,0.0022119800339989223,0.08506708817546141
296,3,400039,occupancy,19,401795,flow,12,2.1933438267606314e-05,0.00040947473343154396,0.0950820666956069
296,3,400039,speed,3,400039,flow,9,0.0032614329032559673,0.029657257560244076,-0.0659852498672254
296,3,400039,speed,6,405843,flow,3,0.0026295917077719974,0.025016155422979584,-0.06746351089918941
296,3,400039,speed,9,402391,flow,12,0.00311473039165521,0.02871454394355635,0.06630356552387318
296,3,400039,speed,10,400497,flow,9,0.0015454667398780173,0.01634773828666267,-0.07099820956628218
296,3,400039,speed,17,400260,flow,1,0.0025517362153580424,0.024485785096283304,-0.06766762654152815
296,3,400039,speed,17,400260,flow,3,0.0057400783136186935,0.04609990391305588,-0.061963031268001886
296,3,400039,speed,17,400260,flow,10,0.0047096810145121635,0.03960517452114872,-0.06339529518087003
296,4,400316,flow,1,400125,flow,1,3.187794024604931e-05,0.0005700029050618089,0.09319464282313751
296,4,400316,flow,1,400125,flow,8,0.004528782003451918,0.038380290575030056,-0.0636756046226294
296,4,400316,flow,1,400125,flow,9,1.0191549676884808e-06,2.620684202627522e-05,-0.10942082325642769
296,4,400316,flow,1,400125,flow,10,0.0008028642225991032,0.009486798253906253,-0.07515328899623804
296,4,400316,flow,1,400125,flow,12,0.004942393082292761,0.04104409480104715,0.06304868554010269
296,4,400316,flow,3,400039,flow,1,6.12320618838643e-15,4.23914274580599e-13,0.17383308576166095
296,4,400316,flow,3,400039,flow,2,1.884587164258676e-09,7.341223218753363e-08,0.1342770554407672
296,4,400316,flow,3,400039,flow,3,0.00010226858103754022,0.0016042130358829836,0.08706937714799505
296,4,400316,flow,3,400039,flow,6,0.0022814313175471505,0.022353783832623472,0.06842346207748022
296,4,400316,flow,3,400039,flow,12,0.0007477380292846676,0.008938097084974445,0.07559248115157179
296,4,400316,flow,4,400316,flow,1,1.7470679600584426e-05,0.00033521107613779456,0.09618943575843
296,4,400316,flow,4,400316,flow,3,1.5194956875423685e-06,3.794347612822562e-05,-0.10765715946860047
296,4,400316,flow,4,400316,flow,7,0.0006926022302681168,0.008373729639089614,-0.07606290029990193
296,4,400316,flow,4,400316,flow,8,2.4905041732074933e-06,5.895330426441847e-05,-0.1054365516542196
296,4,400316,flow,4,400316,flow,11,0.002459509059062914,0.02374109694678782,0.06789984351076553
296,4,400316,flow,5,400503,flow,1,0.0010644378201111334,0.011978044758739507,0.0733893002130901
296,4,400316,flow,5,400503,flow,2,0.0017527736289165556,0.018188763096131443,0.07017504765829881
296,4,400316,flow,5,400503,flow,8,0.005762266351190136,0.046247576977801165,-0.06193482675059632
296,4,400316,flow,6,405843,flow,8,0.00077572785630218,0.009216568589728873,-0.07536586566749444
296,4,400316,flow,7,408093,flow,11,2.7787137514760714e-05,0.0005050081365745321,0.09389201531701541
296,4,400316,flow,8,401448,flow,3,0.0027572297612073644,0.025988065032305024,0.0671405264873324
296,4,400316,flow,8,401448,flow,5,0.004407699284935386,0.03758638158492078,0.06386894510944585
296,4,400316,flow,9,402391,flow,1,1.2397655939095692e-06,3.132039395139964e-05,0.10855897697638614
296,4,400316,flow,9,402391,flow,2,0.0007454942784324331,0.008916210639059,0.07561098653232412
296,4,400316,flow,9,402391,flow,3,0.00011409243664583893,0.0017723096954693426,0.08647412056781056
296,4,400316,flow,9,402391,flow,11,0.005078049289830321,0.04193686280265147,0.06285338230249252
296,4,400316,flow,9,402391,flow,12,1.8992833424052077e-07,5.530141202418821e-06,0.11655990521732211
296,4,400316,flow,10,400497,flow,1,2.009187474003413e-11,9.730594044500834e-10,0.1497093794004298
296,4,400316,flow,10,400497,flow,5,6.107561437485333e-05,0.0010214736898930175,0.08982543331883
296,4,400316,flow,10,400497,flow,8,4.01789440964808e-09,1.4976103407834086e-07,-0.13152982107150227
296,4,400316,flow,10,400497,flow,9,1.1120399538925763e-06,2.8358988198441142e-05,-0.10903799250211822
296,4,400316,flow,10,400497,flow,11,8.502247865080598e-12,4.321142444370375e-10,0.15245601512211737
296,4,400316,flow,10,400497,flow,12,4.21115398526231e-30,6.567575890372989e-28,0.2518202055543151
296,4,400316,flow,11,405841,flow,12,0.0003046192575053415,0.004147811020842512,0.08095407546682494
296,4,400316,flow,12,404520,flow,3,4.3660694811170224e-10,1.8258877210479706e-08,-0.13939779088039156
296,4,400316,flow,12,404520,flow,10,0.0001376337964540457,0.0020862385988823767,0.0854447141721337
296,4,400316,flow,12,404520,flow,11,6.997825303060726e-09,2.523963600166685e-07,0.12947995778508187
296,4,400316,flow,12,404520,flow,12,2.3333599149463414e-16,1.8189471863702118e-14,0.18264746435079282
296,4,400316,flow,15,401472,flow,1,4.320617283042914e-32,7.234521962304414e-30,0.26018625653228167
296,4,400316,flow,15,401472,flow,2,2.3808801367130213e-08,7.893631765617998e-07,0.12483957269955745
296,4,400316,flow,15,401472,flow,4,0.0026467625530849277,0.02513667998965436,-0.06741923769955435
296,4,400316,flow,15,401472,flow,8,1.423755977026913e-06,3.565580185945661e-05,-0.10794640600679128
296,4,400316,flow,15,401472,flow,9,5.780669681208654e-17,4.7386134768162024e-15,-0.1862799265481345
296,4,400316,flow,15,401472,flow,10,0.000877587089414405,0.010202344483454605,-0.07460062829222368
296,4,400316,flow,15,401472,flow,11,3.639377060354358e-08,1.1776860599798372e-06,0.12319161155747932
296,4,400316,flow,15,401472,flow,12,1.222178534834869e-46,3.2193971161503864e-44,0.3138248219767131
296,4,400316,flow,16,405838,flow,1,1.8588415767752692e-07,5.418485567927911e-06,0.11664863669514124
296,4,400316,flow,16,405838,flow,5,0.0013153182950850495,0.014275210068838248,0.0720407186552637
296,4,400316,flow,17,400260,flow,1,2.415639389311837e-10,1.0425137024802335e-08,0.14146621946212262
296,4,400316,flow,17,400260,flow,2,1.6709468423885667e-05,0.0003223979615506301,0.0964336993015866
296,4,400316,flow,17,400260,flow,3,1.5041394207798075e-05,0.000294021823428451,0.09695153525793629
296,4,400316,flow,17,400260,flow,5,5.109539127497439e-05,0.0008731490914077902,0.09076143550847601
296,4,400316,flow,17,400260,flow,6,7.193947677735808e-06,0.00015309287668876202,0.10051303076896838
296,4,400316,flow,17,400260,flow,9,1.0025450061689922e-05,0.00020653287680734601,-0.09892529850830814
296,4,400316,flow,17,400260,flow,10,0.001858066556027109,0.01901195528668193,-0.0697906916812291
296,4,400316,flow,17,400260,flow,12,2.9044942293372157e-05,0.0005243382812677297,0.09366774636228649
296,4,400316,flow,18,404528,flow,1,9.699950379398312e-06,0.00020040069650406842,0.09908426584018507
296,4,400316,flow,18,404528,flow,2,1.4461842363347007e-12,8.071725970240189e-11,0.1579617734054513
296,4,400316,flow,18,404528,flow,3,1.9936471987326785e-08,6.676399921337342e-07,0.12552266422580438
296,4,400316,flow,18,404528,flow,4,1.0274862665989944e-07,3.1149057345316884e-06,0.11906757111402574
296,4,400316,flow,18,404528,flow,5,0.0004026925866059202,0.0052636368355146,0.07932227283355928
296,4,400316,flow,18,404528,flow,6,0.0034865931460875198,0.03119678592927759,0.0655211860475997
296,4,400316,flow,18,404528,flow,7,0.00047966162825204727,0.006110699599082408,0.07828420535078069
296,4,400316,flow,18,404528,flow,12,0.0010107764414007865,0.011479581380161544,0.07371563367476291
296,4,400316,flow,19,401795,flow,1,5.212411329358976e-06,0.00011372533809510493,0.10203219720914088
296,4,400316,flow,19,401795,flow,2,0.0011790485043549613,0.013043507141647715,0.07274039646793388
296,4,400316,flow,19,401795,flow,5,0.0031492895861504402,0.028952821902894024,0.06622736819227351
296,4,400316,flow,19,401795,flow,9,0.0007584661027808669,0.0090388236248644,-0.07550470720382463
296,4,400316,flow,19,401795,flow,10,3.387670616974757e-05,0.0006022525541288456,-0.09288430462095464
296,4,400316,occupancy,2,400331,flow,8,0.005040395137009686,0.041673697592118364,-0.06290711550397203
296,4,400316,occupancy,2,400331,flow,9,0.0035192146741631607,0.031424157487360174,-0.065456226554761
296,4,400316,occupancy,2,400331,flow,12,0.0023906807197461685,0.02322928634571176,-0.06810859495051472
296,4,400316,occupancy,3,400039,flow,1,0.00015688546240775756,0.002332227108057511,0.08471954725626749
296,4,400316,occupancy,5,400503,flow,1,2.977237603416265e-09,1.1272275588745192e-07,0.13262432596199977
296,4,400316,occupancy,5,400503,flow,2,9.662413670597973e-09,3.3908714099905154e-07,0.12824110931946175
296,4,400316,occupancy,5,400503,flow,3,4.461367258951149e-05,0.0007724692007482551,-0.09146718724428649
296,4,400316,occupancy,5,400503,flow,4,0.0010318461757941296,0.011675158406051964,-0.07358563362197947
296,4,400316,occupancy,5,400503,flow,5,0.0018222218915309027,0.018707220939670862,-0.06991923949917221
296,4,400316,occupancy,5,400503,flow,6,0.0008886569896668359,0.010300504951330107,-0.07452249082306654
296,4,400316,occupancy,5,400503,flow,7,0.0005020377328585435,0.006345317050124839,-0.07801158167739913
296,4,400316,occupancy,5,400503,flow,8,1.950585515480031e-05,0.0003689102681083273,-0.0956670464632408
296,4,400316,occupancy,5,400503,flow,9,1.7498321989077275e-05,0.0003353715660728209,-0.09620574674572825
296,4,400316,occupancy,5,400503,flow,10,4.4838074970009704e-06,9.93335814720215e-05,-0.1027348840082544
296,4,400316,occupancy,5,400503,flow,11,1.3463231132591671e-06,3.377535336399304e-05,-0.10819435841800946
296,4,400316,occupancy,5,400503,flow,12,1.1280923492767583e-07,3.4031836235164774e-06,-0.11868958548740531
296,4,400316,occupancy,6,405843,flow,2,0.00012298852421272586,0.0018874260198897895,-0.08606344509455759
296,4,400316,occupancy,6,405843,flow,3,8.277956809656879e-06,0.00017351175845569004,-0.09984446256090886
296,4,400316,occupancy,6,405843,flow,4,0.00017034564267530145,0.0024979401777233613,-0.08423955475801434
296,4,400316,occupancy,6,405843,flow,5,7.01200281528147e-05,0.0011517814510272225,-0.08907240870893736
296,4,400316,occupancy,6,405843,flow,6,9.388692215580049e-07,2.4374489405832823e-05,-0.10977980240213868
296,4,400316,occupancy,6,405843,flow,7,1.3419950174478698e-07,4.003742041004694e-06,-0.11798390044568806
296,4,400316,occupancy,6,405843,flow,8,1.463877376422051e-09,5.754276857273212e-08,-0.13518152404602088
296,4,400316,occupancy,6,405843,flow,9,8.788508410696679e-12,4.4044496907435795e-10,-0.15235117686107236
296,4,400316,occupancy,6,405843,flow,10,8.619773513573003e-12,4.370589387163777e-10,-0.15241256120888513
296,4,400316,occupancy,6,405843,flow,11,6.975858662939354e-08,2.1571731871079464e-06,-0.12062228592132865
296,4,400316,occupancy,6,405843,flow,12,2.3190728930131157e-05,0.00042978957090590564,-0.09480290679757604
296,4,400316,occupancy,7,408093,flow,4,0.001761763447195241,0.01824185209589853,-0.07014141504316214
296,4,400316,occupancy,7,408093,flow,5,0.0005686741332095274,0.007063462494149392,-0.07726199815930178
296,4,400316,occupancy,7,408093,flow,6,0.0005905925684889593,0.0073000283143699685,-0.07703326038485445
296,4,400316,occupancy,7,408093,flow,7,0.00030059309442499954,0.004104802416882306,-0.0810311265686446
296,4,400316,occupancy,7,408093,flow,8,4.847582914735855e-06,0.00010651860728209,-0.10237140185828048
296,4,400316,occupancy,7,408093,flow,9,5.038172861016139e-07,1.3766544439968196e-05,-0.11246738445940394
296,4,400316,occupancy,7,408093,flow,10,3.6236561921584295e-06,8.217425065682107e-05,-0.10372120046942339
296,4,400316,occupancy,7,408093,flow,11,6.356520213316254e-05,0.001058100063324156,-0.08961460197923056
296,4,400316,occupancy,7,408093,flow,12,9.089097333314912e-05,0.001446221012151765,-0.087706940070138
296,4,400316,occupancy,8,401448,flow,1,1.125346332246172e-10,5.001539254427431e-09,0.14404846059257967
296,4,400316,occupancy,8,401448,flow,2,8.43562592723979e-11,3.792081582276368e-09,0.14501082383130964
296,4,400316,occupancy,8,401448,flow,3,8.5329986803635e-10,3.432267625621072e-08,0.1370941862895584
296,4,400316,occupancy,8,401448,flow,4,3.600003747471069e-08,1.1658183050281123e-06,0.12323412363390389
296,4,400316,occupancy,8,401448,flow,5,6.015215318539299e-09,2.1947407243319067e-07,0.13004211100262927
296,4,400316,occupancy,8,401448,flow,6,1.941491657302435e-07,5.640379259950585e-06,0.11646922324331482
296,4,400316,occupancy,8,401448,flow,7,9.678675896105318e-07,2.5032629081291962e-05,0.10964685050108815
296,4,400316,occupancy,8,401448,flow,8,1.8362088332309156e-06,4.494290175386717e-05,0.10681147928252761
296,4,400316,occupancy,8,401448,flow,9,3.499564871504972e-05,0.0006190876431163587,0.09271807931936932
296,4,400316,occupancy,8,401448,flow,10,0.00010226790525729441,0.0016042130358829836,0.08706941298808973
296,4,400316,occupancy,8,401448,flow,11,7.288554826674558e-05,0.0011926726080012913,0.08888911667841315
296,4,400316,occupancy,8,401448,flow,12,0.0009939428242014988,0.011311467335485971,0.07382131087218531
296,4,400316,occupancy,9,402391,flow,1,7.757559880890329e-09,2.774226712371376e-07,0.1290956512960657
296,4,400316,occupancy,9,402391,flow,2,1.7246798288984026e-06,4.2574953490520564e-05,0.10709208041316695
296,4,400316,occupancy,9,402391,flow,3,6.0753690436588245e-05,0.0010176655396900397,0.08985328699371116
296,4,400316,occupancy,9,402391,flow,4,0.0009302651717478657,0.01071118549504706,0.07423664234848798
296,4,400316,occupancy,9,402391,flow,5,0.0017148127520166616,0.017833392124968653,0.07031883708847493
296,4,400316,occupancy,9,402391,flow,6,0.0009764050850003068,0.011155963943933683,0.07393318429287873
296,4,400316,occupancy,9,402391,flow,7,0.0025622100660690175,0.02456991672678836,0.06763983838763112
296,4,400316,occupancy,10,400497,flow,1,1.4446711690106415e-06,3.613769224160956e-05,0.10788165507550808
296,4,400316,occupancy,10,400497,flow,4,0.00034672093353759804,0.004628660175780048,0.08020091097579088
296,4,400316,occupancy,10,400497,flow,5,0.00042093395707017004,0.005468976524941759,0.07906049094215743
296,4,400316,occupancy,10,400497,flow,12,1.375033649534083e-05,0.0002716115850931522,-0.09739138129192988
296,4,400316,occupancy,11,405841,flow,1,4.852523198955739e-06,0.0001065188019282967,-0.10236664755429473
296,4,400316,occupancy,11,405841,flow,2,1.2350055016217623e-07,3.705016504865287e-06,-0.11832207950164439
296,4,400316,occupancy,11,405841,flow,3,6.432377549294985e-07,1.7238133382726013e-05,-0.11141996940646896
296,4,400316,occupancy,11,405841,flow,4,2.4398518834191134e-06,5.7817663940595555e-05,-0.10552978052436701
296,4,400316,occupancy,11,405841,flow,5,1.4298114604692e-07,4.24229773985367e-06,-0.11772526397975107
296,4,400316,occupancy,11,405841,flow,6,2.695782055414514e-05,0.0004917315050036623,-0.09404522242678383
296,4,400316,occupancy,11,405841,flow,7,8.700182940577624e-06,0.00018121885392138542,-0.09960648466666294
296,4,400316,occupancy,11,405841,flow,8,1.5229990875230904e-08,5.192861924309195e-07,-0.12655207719723072
296,4,400316,occupancy,11,405841,flow,9,1.4215462221593554e-07,4.223576120858607e-06,-0.11774894250959209
296,4,400316,occupancy,11,405841,flow,10,1.566196339352613e-06,3.895203331032405e-05,-0.10752236662343703
296,4,400316,occupancy,11,405841,flow,11,6.920890506196871e-08,2.144780989007926e-06,-0.12065384459697735
296,4,400316,occupancy,11,405841,flow,12,2.1910222217977186e-08,7.286540414292644e-07,-0.1251598275901374
296,4,400316,occupancy,12,404520,flow,2,0.003241964498524186,0.029534556376264197,-0.06602673298709241
296,4,400316,occupancy,12,404520,flow,3,0.000339829371294386,0.004550721897060594,-0.08031812854094597
296,4,400316,occupancy,12,404520,flow,4,0.004200041803702041,0.036173881474778194,-0.06421201418113401
296,4,400316,occupancy,12,404520,flow,7,0.0028345471217618955,0.026557049948245058,-0.06695145447271807
296,4,400316,occupancy,12,404520,flow,8,0.0002465572320611959,0.0034424625644808964,-0.08217100659693036
296,4,400316,occupancy,12,404520,flow,9,3.234990880843132e-06,7.449652904941174e-05,-0.10424300392523697
296,4,400316,occupancy,12,404520,flow,10,8.50307636617946e-07,2.2330267417565513e-05,-0.11021177848271785
296,4,400316,occupancy,12,404520,flow,11,5.0730652873956016e-08,1.6114442677609559e-06,-0.12188662651686616
296,4,400316,occupancy,12,404520,flow,12,2.837059407453439e-11,1.3423983176559536e-09,-0.14859303779834437
296,4,400316,occupancy,13,400183,flow,1,5.424184341177567e-07,1.4718892182089882e-05,-0.11215185892365173
296,4,400316,occupancy,13,400183,flow,2,4.839402048412033e-07,1.3265366021027907e-05,-0.1126390669109728
296,4,400316,occupancy,13,400183,flow,3,3.499141849192527e-09,1.315604246171603e-07,-0.13203567993586762
296,4,400316,occupancy,13,400183,flow,4,1.4198079583699354e-10,6.245998350466519e-09,-0.14326765215610526
296,4,400316,occupancy,13,400183,flow,5,1.0323714903916144e-09,4.1104560723426496e-08,-0.1364221280557424
296,4,400316,occupancy,13,400183,flow,6,3.6746589481104735e-13,2.2233230610416308e-11,-0.16209016459076586
296,4,400316,occupancy,13,400183,flow,7,2.490338843843237e-15,1.7636498041643907e-13,-0.17630566117546295
296,4,400316,occupancy,13,400183,flow,8,6.585120816847825e-15,4.544364525364633e-13,-0.17363162092310439
296,4,400316,occupancy,13,400183,flow,9,1.0787262112797643e-16,8.726773844061015e-15,-0.18466512918215985
296,4,400316,occupancy,13,400183,flow,10,8.944404420251771e-15,6.133305888172642e-13,-0.17278069882497077
296,4,400316,occupancy,13,400183,flow,11,8.748301349796281e-12,4.3944955617581325e-10,-0.1523656984745592
296,4,400316,occupancy,13,400183,flow,12,2.262557018902428e-12,1.2372463698301883e-10,-0.15658916608489948
296,4,400316,occupancy,14,401469,flow,1,0.0008775905578823453,0.010202344483454605,0.07460060366718757
296,4,400316,occupancy,14,401469,flow,2,0.0004900383239743391,0.006220880280837923,0.07815633719759094
296,4,400316,occupancy,14,401469,flow,3,0.0021366154310331086,0.0211895745226424,0.06886282292589789
296,4,400316,occupancy,14,401469,flow,4,0.005032467603501954,0.04164003073573729,0.06291847443941592
296,4,400316,occupancy,15,401472,flow,1,9.812573277008863e-19,8.84975293458837e-17,0.19648923179798025
296,4,400316,occupancy,15,401472,flow,5,0.0011767819323458269,0.013028441690758513,0.07275265356485575
296,4,400316,occupancy,15,401472,flow,6,0.0001897716793728196,0.002740934987932399,0.08365528115958465
296,4,400316,occupancy,15,401472,flow,10,6.642504193109848e-06,0.00014205751541700268,0.10089106078632085
296,4,400316,occupancy,15,401472,flow,11,1.017709802937444e-05,0.00020922973258399275,0.09885291198575571
296,4,400316,occupancy,16,405838,flow,1,1.2651590947493566e-15,9.21667333780307e-14,0.1781434883640463
296,4,400316,occupancy,16,405838,flow,2,2.4527573271980425e-12,1.33114468008738e-10,0.15634032126043299
296,4,400316,occupancy,16,405838,flow,3,9.442051771263039e-10,3.7768207085052154e-08,0.1367374644071344
296,4,400316,occupancy,16,405838,flow,4,1.4250389694629022e-08,4.874242555882611e-07,0.12680496688040463
296,4,400316,occupancy,16,405838,flow,5,4.9998359379409675e-08,1.5905221834981574e-06,0.12194404038064646
296,4,400316,occupancy,16,405838,flow,6,3.5104976244611345e-07,9.879706669493225e-06,0.11399944591878752
296,4,400316,occupancy,16,405838,flow,7,2.9833639699077754e-05,0.0005372293601501288,0.09353178010870587
296,4,400316,occupancy,16,405838,flow,8,0.0008963934966137439,0.010359603813192547,0.07446841574298307
296,4,400316,occupancy,17,400260,flow,1,1.4961258328874447e-10,6.548392703215563e-09,0.14309118035799695
296,4,400316,occupancy,17,400260,flow,2,1.0532491293806491e-06,2.6971169169676375e-05,0.10927654459191982
296,4,400316,occupancy,17,400260,flow,3,0.0006869055217861723,0.008307479994726384,0.07611346976409678
296,4,400316,occupancy,18,404528,flow,3,0.0004060046480760367,0.0053021163231211565,-0.07927392984495492
296,4,400316,occupancy,18,404528,flow,4,1.5746824181654126e-05,0.0003051040213575917,-0.09672618097865039
296,4,400316,occupancy,18,404528,flow,5,3.031188559884533e-06,7.03261792626272e-05,-0.1045411630502708
296,4,400316,occupancy,18,404528,flow,6,1.0754987774105295e-07,3.253609746788156e-06,-0.11888292020185642
296,4,400316,occupancy,18,404528,flow,7,3.757273726725246e-08,1.2131107996601692e-06,-0.12306693133732036
296,4,400316,occupancy,18,404528,flow,8,1.7554555045462645e-09,6.86295726664241e-08,-0.1345317969223757
296,4,400316,occupancy,18,404528,flow,9,5.422198865791144e-12,2.805257377271586e-10,-0.15387301036798665
296,4,400316,occupancy,18,404528,flow,10,2.191715111650789e-13,1.346829200900627e-11,-0.16361984048381947
296,4,400316,occupancy,18,404528,flow,11,3.3409903270272093e-12,1.7752863730329083e-10,-0.1553838014780394
296,4,400316,occupancy,18,404528,flow,12,4.045900642034857e-12,2.1289026520816785e-10,-0.15478830733923696
296,4,400316,occupancy,19,401795,flow,1,2.0610139428914847e-38,4.1412001085075414e-36,0.28494509995981304
296,4,400316,occupancy,19,401795,flow,2,2.735888976150127e-29,4.1763393558192755e-27,0.24831038210091977
296,4,400316,occupancy,19,401795,flow,3,6.735130619523124e-22,7.403502360391831e-20,0.21345637812043905
296,4,400316,occupancy,19,401795,flow,4,3.281657136548288e-17,2.7210669539133595e-15,0.18773287877375763
296,4,400316,occupancy,19,401795,flow,5,1.5326041736641915e-16,1.2215590461677689e-14,0.18374958250425258
296,4,400316,occupancy,19,401795,flow,6,1.0554925024255095e-15,7.807752757668153e-14,0.17863187941774028
296,4,400316,occupancy,19,401795,flow,7,4.3254814831344053e-13,2.5809502772293692e-11,0.16160442861813729
296,4,400316,occupancy,19,401795,flow,8,7.176556955698045e-11,3.2497616403160955e-09,0.14554778249055855
296,4,400316,occupancy,19,401795,flow,9,2.5891872305033306e-12,1.399910993213315e-10,0.15617321420590313
296,4,400316,occupancy,19,401795,flow,10,5.311891547224595e-12,2.754786492678302e-10,0.1539374407112159
296,4,400316,occupancy,19,401795,flow,11,4.0001815407965475e-12,2.109985867672904e-10,0.15482372283223103
296,4,400316,occupancy,19,401795,flow,12,3.5166066133955205e-10,1.4821210312066975e-08,0.14017937352290616
296,4,400316,speed,4,400316,flow,10,0.0012961593590800906,0.014098541842612939,-0.07213493152861475
296,4,400316,speed,4,400316,flow,11,0.0007735608383674015,0.009195880081857937,-0.07538313741134721
296,4,400316,speed,10,400497,flow,11,0.0003609982184217636,0.0047903995473929485,-0.07996484464220126
296,4,400316,speed,12,404520,flow,3,0.00141951822605971,0.015218772671213878,0.0715494638273513
296,4,400316,speed,12,404520,flow,10,0.00028768559034457903,0.003950418786676991,-0.08128482727263775
296,4,400316,speed,12,404520,flow,11,0.0019926168048240113,0.020118891910841107,-0.06932764149177688
296,4,400316,speed,15,401472,flow,11,0.0001843901177624805,0.0026739352424770585,-0.0838169482679084
296,4,400316,speed,15,401472,flow,12,1.1629717155966954e-05,0.00023443946856638935,-0.09820740619496869
296,4,400316,speed,16,405838,flow,1,0.005325275047749251,0.04345521006096857,-0.0625092678869775
296,4,400316,speed,16,405838,flow,5,0.004980382305759376,0.041264387343460884,-0.06299350923529312
296,4,400316,speed,17,400260,flow,1,0.0007250956781549886,0.008708405142144984,-0.07578163680308382
296,4,400316,speed,17,400260,flow,3,0.001601646550179787,0.016851225272227665,-0.07076555100466358
296,5,400503,flow,0,400593,flow,12,0.00016085969040805948,0.0023782130820082714,0.08458033807149276
296,5,400503,flow,1,400125,flow,11,0.003036806853275419,0.02811617146624477,0.06647824067517735
296,5,400503,flow,4,400316,flow,6,0.006122647496680118,0.04842518708469079,0.061489912100307506
296,5,400503,flow,5,400503,flow,1,7.49487225067979e-113,3.5975386803262986e-110,0.47580906060078443
296,5,400503,flow,5,400503,flow,2,8.64059599808434e-11,3.880184481468228e-09,0.144894770055711
296,5,400503,flow,5,400503,flow,3,0.0038058225944096534,0.03348009441579058,0.06490791396504082
296,5,400503,flow,5,400503,flow,10,0.00014435274935051625,0.0021734282885530407,0.0851813541162976
296,5,400503,flow,6,405843,flow,1,0.0007081664607743367,0.00854742641984981,0.07592668140792191
296,5,400503,flow,6,405843,flow,2,0.0003561597271582333,0.004740018549980184,0.08004385316921468
296,5,400503,flow,6,405843,flow,5,0.0020953271776860422,0.020899849766135396,0.06899308809201797
296,5,400503,flow,9,402391,flow,9,0.002723620593395804,0.025740627791445793,0.06722422753673382
296,5,400503,flow,10,400497,flow,5,0.0034373960752468687,0.030859735985727395,0.06562020554141564
296,5,400503,flow,10,400497,flow,11,4.091687075843614e-07,1.1378557718863554e-05,0.11335221690126983
296,5,400503,flow,11,405841,flow,1,0.00023669087606458834,0.003323056823526232,0.08240415678754455
296,5,400503,flow,11,405841,flow,11,0.0038438917041059176,0.03373067674535358,0.06483792745536607
296,5,400503,flow,13,400183,flow,1,0.005730202378624297,0.04604626911394524,0.061975616756198545
296,5,400503,flow,13,400183,flow,2,0.0037009871570972256,0.0327159085710252,0.06510398265525909
296,5,400503,flow,13,400183,flow,6,0.0004423723746254234,0.005708030640328044,0.07876603275580006
296,5,400503,flow,13,400183,flow,10,0.0001990905377230094,0.002858328756940514,0.08338525415994778
296,5,400503,flow,13,400183,flow,12,0.00010865054029067065,0.0016950896860082963,0.08674048435450656
296,5,400503,flow,14,401469,flow,10,0.00011608891296102322,0.0018007328689106654,0.08637939362927939
296,5,400503,flow,15,401472,flow,1,1.270479836078744e-07,3.80879451204731e-06,0.11820691311142206
296,5,400503,flow,15,401472,flow,11,2.3280495594671117e-05,0.0004312681859733243,0.09478353007634271
296,5,400503,flow,15,401472,flow,12,0.00012194156196354891,0.0018740218700908262,0.08611029609961092
296,5,400503,flow,16,405838,flow,4,0.0003018402041713996,0.00411797888320953,0.08100715715808272
296,5,400503,flow,16,405838,flow,8,0.0004968738078748005,0.006292860891290349,0.07807347747490043
296,5,400503,flow,16,405838,flow,11,3.830763404235764e-05,0.0006735408183271673,0.09225407470368721
296,5,400503,flow,17,400260,flow,3,0.001766002091129985,0.018260241823076916,0.07012561213153162
296,5,400503,flow,17,400260,flow,5,0.0001044216390117124,0.0016338336853697845,0.08695630816973277
296,5,400503,flow,17,400260,flow,6,0.004882437569020528,0.040686979741837735,0.06313655088696707
296,5,400503,flow,17,400260,flow,11,0.0031163058189766246,0.02872293820776407,0.06630007525049436
296,5,400503,flow,17,400260,flow,12,0.0009787684567415821,0.011180009870765823,0.07391800044208756
296,5,400503,flow,18,404528,flow,10,0.0002977106385509086,0.0040764182521075285,0.08108688536502393
296,5,400503,flow,19,401795,flow,1,2.3503149025351537e-08,7.798279860946133e-07,0.12488941930932698
296,5,400503,flow,19,401795,flow,4,0.0023522177398739275,0.022901917142788747,0.06821791869404917
296,5,400503,flow,19,401795,flow,12,0.0004436387806521905,0.0057192465903236735,0.07874905788186853
296,5,400503,occupancy,1,400125,flow,4,0.0019980194783268046,0.020162214777789757,0.0693096538957833
296,5,400503,occupancy,10,400497,flow,12,0.004385886832992043,0.03747434952240037,0.06390428475484058
296,5,400503,occupancy,11,405841,flow,1,0.00021273101639829523,0.0030230197067126164,0.08301066536537326
296,5,400503,occupancy,15,401472,flow,1,0.0001319703831708615,0.0020095595886433617,0.08567627577797621
296,5,400503,occupancy,16,405838,flow,2,0.0036646339742411,0.03246763488252984,0.06517315164415767
296,5,400503,occupancy,17,400260,flow,1,0.005074344765801308,0.04191428181311979,0.0628586527376123
296,5,400503,occupancy,18,404528,flow,10,0.0020085583393361583,0.02021381516526217,0.06927469394148206
296,5,400503,occupancy,19,401795,flow,1,0.000361165076987473,0.0047903995473929485,0.07996213766826615
296,6,405843,flow,0,400593,flow,3,0.006107128207665172,0.04832534950557747,0.06150857970161343
296,6,405843,flow,1,400125,flow,12,2.2844296434813213e-05,0.0004240969514327163,0.09487836136384512
296,6,405843,flow,2,400331,flow,1,0.002689226310032601,0.025471295021576048,0.06729394303805879
296,6,405843,flow,4,400316,flow,8,0.004108396132459026,0.03561049617219701,0.06436833542918342
296,6,405843,flow,4,400316,flow,12,0.0012830158288002756,0.01399300272763744,0.0722003096580959
296,6,405843,flow,5,400503,flow,2,0.004108020133812623,0.03561049617219701,0.06436898326159103
296,6,405843,flow,5,400503,flow,9,8.184684770351952e-05,0.0013217883442213248,0.08826998640246428
296,6,405843,flow,6,405843,flow,1,7.734106951902285e-72,2.983155538590881e-69,0.3865061085699599
296,6,405843,flow,6,405843,flow,2,8.707261976608047e-17,7.0838741504607844e-15,0.18517539157560614
296,6,405843,flow,6,405843,flow,3,2.1707241282632617e-12,1.1915537781572162e-10,0.15671675081021677
296,6,405843,flow,6,405843,flow,4,1.1948944088743247e-12,6.800980034699713e-11,0.15854347447647563
296,6,405843,flow,6,405843,flow,5,6.6980971242204424e-09,2.4274982866302275e-07,0.12964284496184145
296,6,405843,flow,6,405843,flow,6,3.1330513064112894e-06,7.253366368540605e-05,-0.10438981553570045
296,6,405843,flow,6,405843,flow,7,0.0002460601315107274,0.0034389510453780086,0.08218254248504198
296,6,405843,flow,6,405843,flow,11,0.00012037647694260936,0.0018539264898113099,0.08618104433185061
296,6,405843,flow,6,405843,flow,12,2.1355348385311003e-06,5.1281325750163164e-05,0.10613233891515875
296,6,405843,flow,7,408093,flow,2,8.70486400547538e-05,0.0013927782408760607,0.08793937667501603
296,6,405843,flow,7,408093,flow,6,0.006128945056665245,0.04844838544335564,0.061482349132796016
296,6,405843,flow,7,408093,flow,7,0.005718645364599789,0.04599751236882289,0.06199036938753269
296,6,405843,flow,7,408093,flow,12,0.0017642295950050684,0.01825065098281105,0.07013221627520277
296,6,405843,flow,9,402391,flow,1,1.9588347831679085e-05,0.00037017350233094334,-0.09564605740877395
296,6,405843,flow,10,400497,flow,1,0.006145982723331243,0.048538656974023715,0.061461922980771605
296,6,405843,flow,10,400497,flow,5,0.00014097851588305773,0.0021302105233116805,0.08531213590308709
296,6,405843,flow,10,400497,flow,6,5.750138464107436e-07,1.550599136388522e-05,0.11190183945051696
296,6,405843,flow,10,400497,flow,10,0.004158207168329134,0.03591972598916589,0.06428298445093683
296,6,405843,flow,10,400497,flow,11,8.855627270218152e-12,4.4329443577453556e-10,0.1523270797965074
296,6,405843,flow,10,400497,flow,12,6.010870688787601e-13,3.503523872746138e-11,0.16061970485347132
296,6,405843,flow,11,405841,flow,6,0.0022643496597493508,0.022216987711480948,0.06847393586032341
296,6,405843,flow,11,405841,flow,7,1.0702859523228564e-05,0.0002187150101246329,0.09860968075575319
296,6,405843,flow,11,405841,flow,9,0.003235957077989394,0.029498490350103778,0.06603957934385743
296,6,405843,flow,11,405841,flow,10,0.0006523616924415405,0.007949795518610591,0.07642872479266831
296,6,405843,flow,12,404520,flow,5,0.00015548918070471096,0.00231385897569532,0.08476924448049901
296,6,405843,flow,12,404520,flow,6,0.0038581884477588914,0.03384238394785464,0.06481180667320714
296,6,405843,flow,12,404520,flow,8,0.0005453691171579335,0.006819849755421808,0.07751438637400124
296,6,405843,flow,12,404520,flow,11,0.00010834180170898832,0.001690883610487101,0.08675597057621433
296,6,405843,flow,12,404520,flow,12,0.0002689680498429566,0.0037170248730696498,0.08167233520961902
296,6,405843,flow,13,400183,flow,1,0.00482657497206526,0.04033037500835962,0.063219300204549
296,6,405843,flow,13,400183,flow,8,0.00011478401224823317,0.0017824116927116006,0.08644113172146639
296,6,405843,flow,13,400183,flow,10,0.003487251834548182,0.03119678592927759,0.06551986893932416
296,6,405843,flow,13,400183,flow,11,7.327117222426035e-08,2.2544976069003183e-06,0.12042612880323023
296,6,405843,flow,14,401469,flow,1,0.0020374650662743844,0.02047417791650463,0.06916226927737698
296,6,405843,flow,15,401472,flow,1,6.148553496443105e-13,3.565335718742848e-11,0.16055170327863075
296,6,405843,flow,15,401472,flow,2,0.002890817730693632,0.026992521637972892,0.06681678646517582
296,6,405843,flow,15,401472,flow,4,0.0005471241435217013,0.006837103923644624,-0.0774950336253404
296,6,405843,flow,15,401472,flow,6,2.431234669489826e-05,0.00044846002443194055,0.09456576063836811
296,6,405843,flow,15,401472,flow,7,0.000416681784396472,0.005420250853937847,0.07912055378481327
296,6,405843,flow,15,401472,flow,11,0.0018456023909266483,0.01892449603415393,0.06983513102490013
296,6,405843,flow,15,401472,flow,12,3.108072386849302e-12,1.663800831621931e-10,0.1556079923376336
296,6,405843,flow,16,405838,flow,1,0.0012313975515834286,0.013518773628565213,0.07246319288902246
296,6,405843,flow,16,405838,flow,6,0.0016178849148258635,0.016995888807385395,0.07069970119806063
296,6,405843,flow,16,405838,flow,7,0.001422592146998106,0.015242058717836852,0.07153548251319283
296,6,405843,flow,16,405838,flow,12,1.082179560251562e-05,0.00022072784231759904,0.09855624139448707
296,6,405843,flow,17,400260,flow,1,3.14689242370108e-09,1.1904181497713368e-07,0.13242264687915029
296,6,405843,flow,17,400260,flow,2,0.003187742764949768,0.02918950761928064,0.0661434753340659
296,6,405843,flow,17,400260,flow,8,0.00024565843226514376,0.0034344479850660875,0.08219188042666899
296,6,405843,flow,17,400260,flow,12,2.118538438982227e-07,6.121796693246301e-06,0.11610850312069525
296,6,405843,flow,18,404528,flow,1,0.00022850871293676858,0.0032228457064539346,0.08260452647807912
296,6,405843,flow,18,404528,flow,2,2.2301845454771363e-05,0.00041527574295091503,0.09499872398761726
296,6,405843,flow,18,404528,flow,12,0.00016082950615268604,0.0023782130820082714,0.08458138312141232
296,6,405843,flow,19,401795,flow,1,0.0039596405036601305,0.03459180379335038,-0.06462893327702021
296,6,405843,flow,19,401795,flow,4,0.0043150420938929835,0.03697873803931301,-0.06402017312537789
296,6,405843,occupancy,1,400125,flow,12,1.0868865106383735e-06,2.77816547102684e-05,0.10913853514070125
296,6,405843,occupancy,2,400331,flow,1,5.341536791415634e-05,0.0009088277204636766,-0.09052931839681562
296,6,405843,occupancy,3,400039,flow,1,0.00474775302439404,0.03981035144678233,0.06333754449009096
296,6,405843,occupancy,4,400316,flow,11,7.630842440899187e-05,0.0012439712960258297,0.08864455869468096
296,6,405843,occupancy,4,400316,flow,12,0.00022908304354098642,0.0032288376773150452,0.08259024409124256
296,6,405843,occupancy,5,400503,flow,2,0.0013511061184316806,0.014602898252751715,0.0718680743438667
296,6,405843,occupancy,5,400503,flow,9,0.0002497677536711434,0.0034783903799462915,0.08209702297362026
296,6,405843,occupancy,6,405843,flow,3,3.572732511550825e-13,2.1677253440870174e-11,0.16213348455011428
296,6,405843,occupancy,6,405843,flow,4,5.500910174315261e-13,3.233188020822031e-11,0.1608456145121709
296,6,405843,occupancy,6,405843,flow,5,4.56289079237848e-11,2.119536368072584e-09,0.14700502993864523
296,6,405843,occupancy,6,405843,flow,6,9.987448079981849e-15,6.826863244544555e-13,0.1724303229528842
296,6,405843,occupancy,6,405843,flow,7,0.0003047701489514865,0.004148100325993767,0.0809512063308101
296,6,405843,occupancy,6,405843,flow,11,1.2055577844074694e-05,0.00024155888815585657,0.0980327328626111
296,6,405843,occupancy,6,405843,flow,12,3.973676261956889e-06,8.922183706680748e-05,0.1032952910659053
296,6,405843,occupancy,7,408093,flow,1,5.324482461998027e-06,0.00011587790547018376,0.1019070003144331
296,6,405843,occupancy,7,408093,flow,2,5.388067113540069e-05,0.0009160350228450649,0.09048391581632712
296,6,405843,occupancy,7,408093,flow,5,0.00613008443325688,0.048448526805103774,0.061480981561387024
296,6,405843,occupancy,7,408093,flow,10,0.0025513414094914034,0.024485785096283304,0.06766867603746633
296,6,405843,occupancy,10,400497,flow,5,2.9310007164126996e-10,1.2499430498423357e-08,0.1408050215575021
296,6,405843,occupancy,10,400497,flow,6,3.975344413331024e-08,1.2806478646972426e-06,0.12284599161905066
296,6,405843,occupancy,10,400497,flow,8,0.0014175129621643357,0.015206496142413534,-0.07155859953905977
296,6,405843,occupancy,10,400497,flow,10,1.0814394261022489e-05,0.00022068107325279714,0.0985595505137935
296,6,405843,occupancy,10,400497,flow,11,6.483970022565692e-21,6.717206354312659e-19,0.20833915516330562
296,6,405843,occupancy,10,400497,flow,12,8.989647814996146e-14,5.744863692423572e-12,0.16622406720973937
296,6,405843,occupancy,11,405841,flow,7,1.7354885257445562e-05,0.00033351025049895385,0.09624645753779523
296,6,405843,occupancy,12,404520,flow,3,0.002305999646570771,0.022568913622985343,-0.06835146952933596
296,6,405843,occupancy,12,404520,flow,5,3.378646477339049e-05,0.0006013907203174573,0.09289793665830283
296,6,405843,occupancy,12,404520,flow,6,0.0009201077978076178,0.010605297989671582,0.07430531449893768
296,6,405843,occupancy,12,404520,flow,11,5.731577806767324e-08,1.7994488463106714e-06,0.12140367150776073
296,6,405843,occupancy,12,404520,flow,12,2.619964465483126e-05,0.00047979001657003415,0.09418925744644843
296,6,405843,occupancy,13,400183,flow,2,0.004941135720456664,0.04104154261175311,0.06305051830190105
296,6,405843,occupancy,13,400183,flow,8,0.004059970974638937,0.03526150906803419,0.06445221607646298
296,6,405843,occupancy,13,400183,flow,10,0.005919215214896246,0.04723127027770924,0.06173806829780351
296,6,405843,occupancy,13,400183,flow,11,1.0526372834283663e-06,2.6971169169676375e-05,0.10927909396251176
296,6,405843,occupancy,15,401472,flow,1,3.1233506125424597e-15,2.184197417084133e-13,0.17568658552149066
296,6,405843,occupancy,15,401472,flow,3,0.00024436875194795856,0.003420109011633942,-0.08222195750804727
296,6,405843,occupancy,15,401472,flow,4,0.0011285523435966976,0.0125815383853877,-0.07301877376245039
296,6,405843,occupancy,15,401472,flow,6,3.7133533002253134e-08,1.2007250192345324e-06,0.1231129298645359
296,6,405843,occupancy,15,401472,flow,7,0.00218171289437585,0.02157738027404687,0.06872314911816937
296,6,405843,occupancy,15,401472,flow,11,1.185039039515817e-06,3.011393323946076e-05,0.10875812361196067
296,6,405843,occupancy,15,401472,flow,12,2.010719100138325e-19,1.9389077037048133e-17,0.20031190567872556
296,6,405843,occupancy,16,405838,flow,1,0.00035463244304571184,0.004721146853489908,0.08006900078940456
296,6,405843,occupancy,16,405838,flow,6,2.8280816662605546e-05,0.0005122563018132326,0.09380286353622896
296,6,405843,occupancy,16,405838,flow,7,0.00013954425363060376,0.002111492734445563,0.0853686207897878
296,6,405843,occupancy,16,405838,flow,12,9.07469644017066e-09,3.1976091860960235e-07,0.1285087537398014
296,6,405843,occupancy,17,400260,flow,1,5.314073593717196e-08,1.6830497012359448e-06,0.12170317997667682
296,6,405843,occupancy,17,400260,flow,2,0.0017544298086490094,0.018193771636332935,0.0701688396855047
296,6,405843,occupancy,17,400260,flow,8,0.003053114240926108,0.0282308508578784,0.06644135043031059
296,6,405843,occupancy,17,400260,flow,12,9.335068231559348e-09,3.2800191632116476e-07,0.12840260699450093
296,6,405843,occupancy,18,404528,flow,1,2.696555405911287e-05,0.0004917315050036623,0.09404377317580713
296,6,405843,occupancy,18,404528,flow,2,7.972084689695423e-05,0.0012918006698981331,0.08841085532081172
296,6,405843,occupancy,18,404528,flow,12,0.00010878617040187898,0.0016965929824408563,0.08673369430652694
296,6,405843,occupancy,19,401795,flow,1,6.565644874694924e-11,2.985640616703376e-09,0.1458061243414917
296,6,405843,speed,1,400125,flow,11,0.0044975848039767435,0.03819454757849328,-0.06372496739948874
296,6,405843,speed,10,400497,flow,9,0.003260022595905206,0.029657257560244076,-0.06598824735460387
296,6,405843,speed,10,400497,flow,10,0.0003637523969651049,0.0048203758916980245,-0.07992031201532408
296,6,405843,speed,15,401472,flow,10,0.0024577502573782605,0.023731517907630947,-0.06792175458561545
296,7,408093,flow,4,400316,flow,9,0.0029739736753942145,0.02762236882064214,0.06662208971799871
296,7,408093,flow,5,400503,flow,3,0.0036792613813579817,0.03257051058907066,0.06514524553324208
296,7,408093,flow,5,400503,flow,8,0.0008249335100061842,0.009704357477416872,0.07498526309727503
296,7,408093,flow,6,405843,flow,1,4.1969382646140545e-07,1.1637210079032551e-05,0.11324457418780175
296,7,408093,flow,6,405843,flow,2,7.156814573477744e-05,0.0011728922214500703,0.08898614587887259
296,7,408093,flow,6,405843,flow,3,0.00021668556899274614,0.003071134048716087,0.0829062805489298
296,7,408093,flow,6,405843,flow,4,4.942010510679934e-06,0.00010826311057878965,0.10228132156707613
296,7,408093,flow,6,405843,flow,5,7.67057916775113e-06,0.00016235620776425714,0.10018284650377292
296,7,408093,flow,6,405843,flow,8,0.0017545197369667365,0.018193771636332935,0.07016850275511474
296,7,408093,flow,6,405843,flow,9,6.039278273123811e-05,0.00101358516472008,0.08988468015924715
296,7,408093,flow,6,405843,flow,12,0.0008721033476298809,0.010152213585990529,0.07463967435651521
296,7,408093,flow,7,408093,flow,1,2.105781277574097e-16,1.6480027389710323e-14,0.18287186264569857
296,7,408093,flow,7,408093,flow,2,5.2128068832625395e-11,2.4007809952765637e-09,0.14656744656941703
296,7,408093,flow,7,408093,flow,3,5.355644253761736e-18,4.64586007555235e-16,0.19226017204582302
296,7,408093,flow,7,408093,flow,4,6.025655294257694e-09,2.1948424006065124e-07,0.13003568183928613
296,7,408093,flow,7,408093,flow,5,1.4319875246295114e-07,4.245838096362037e-06,0.11771905191831956
296,7,408093,flow,7,408093,flow,6,1.1280465119368725e-05,0.00022846511634164505,0.09835527217455375
296,7,408093,flow,7,408093,flow,7,2.7389928399021662e-06,6.427185805745442e-05,0.10500402323764664
296,7,408093,flow,7,408093,flow,8,1.7082541550913482e-07,5.012041986108684e-06,0.11699629382011535
296,7,408093,flow,7,408093,flow,9,0.0017609972498586154,0.01824185209589853,0.07014427537917135
296,7,408093,flow,7,408093,flow,10,0.0020606896915527405,0.02064095192090337,0.06910419744282296
296,7,408093,flow,7,408093,flow,11,3.489546521134782e-05,0.0006178213512828795,0.092732755013144
296,7,408093,flow,7,408093,flow,12,3.7536332118635253e-06,8.472150196055606e-05,0.10355861892210975
296,7,408093,flow,8,401448,flow,12,0.0025769733775852,0.02466221752584861,0.06760084562968713
296,7,408093,flow,10,400497,flow,1,0.00034764660102581843,0.004637143119505219,0.08018533264665106
296,7,408093,flow,10,400497,flow,6,0.00019548572830683407,0.002814994487618411,0.08348827223899864
296,7,408093,flow,10,400497,flow,11,0.0012307004784681294,0.013514555330407522,0.07246681205855837
296,7,408093,flow,11,405841,flow,1,0.005552816870874147,0.044946915649571505,0.06220506453098765
296,7,408093,flow,11,405841,flow,2,0.0008424824711528741,0.009863209418375112,0.07485460139272883
296,7,408093,flow,11,405841,flow,7,0.0007993402378882905,0.009455503361657763,0.07518051477610442
296,7,408093,flow,11,405841,flow,9,0.0011898486935050052,0.013136075532690066,0.07268228871049291
296,7,408093,flow,11,405841,flow,12,0.0008841048527024165,0.010261507156567543,0.07455451256058084
296,7,408093,flow,12,404520,flow,9,0.0007742064848530824,0.009201023423838559,0.07537798673753528
296,7,408093,flow,13,400183,flow,2,0.0017846917796815447,0.018400640783351487,0.0700563443806152
296,7,408093,flow,13,400183,flow,3,5.943080332985331e-05,0.0009989924917702968,0.08996923216524783
296,7,408093,flow,13,400183,flow,6,0.00041665977797456167,0.005420250853937847,0.07912086611530951
296,7,408093,flow,13,400183,flow,11,0.004482979480008243,0.03809298063264282,0.06374818375999289
296,7,408093,flow,15,401472,flow,2,0.00340258631665704,0.030623276849913356,0.06569104924663556
296,7,408093,flow,17,400260,flow,1,2.0475387482583552e-05,0.0003849159004558788,0.09542553027172147
296,7,408093,flow,17,400260,flow,3,0.000204726333263206,0.0029295056631237163,0.08322765178397692
296,7,408093,flow,17,400260,flow,10,0.00044288294026849384,0.005712912218452952,0.07875918370079106
296,7,408093,occupancy,3,400039,flow,2,0.0033170811237764482,0.03002889868967782,0.06586790609227809
296,7,408093,occupancy,3,400039,flow,6,0.002479137430304066,0.02390063311518314,0.06786315472972498
296,7,408093,occupancy,3,400039,flow,12,0.002601845605171326,0.02485232641967097,0.06753561252619524
296,7,408093,occupancy,5,400503,flow,3,0.005454591773055715,0.04427628045772395,0.0623349770713846
296,7,408093,occupancy,5,400503,flow,8,9.745627154373563e-05,0.0015370978206240887,0.08733044063002408
296,7,408093,occupancy,6,405843,flow,1,2.2510861792686398e-06,5.372758173724046e-05,0.1058943834267541
296,7,408093,occupancy,6,405843,flow,2,0.00018135513253635788,0.002636117673475996,0.08391008757723835
296,7,408093,occupancy,6,405843,flow,3,2.4948411199844478e-05,0.0004592123407896385,0.09443585782554786
296,7,408093,occupancy,6,405843,flow,4,0.00020266187106003148,0.002902849081496472,0.08326399178704212
296,7,408093,occupancy,6,405843,flow,5,8.688436903901146e-07,2.2761702501426898e-05,0.110117893559939
296,7,408093,occupancy,6,405843,flow,8,7.855629245812201e-05,0.0012743641885808751,0.0884895303404595
296,7,408093,occupancy,6,405843,flow,9,1.7245088009110766e-06,4.2574953490520564e-05,0.10709252394672651
296,7,408093,occupancy,6,405843,flow,12,4.33584566666878e-06,9.650104729525569e-05,0.10289086770159436
296,7,408093,occupancy,7,408093,flow,1,0.00015029545880128415,0.002247408729738828,-0.08495786238995942
296,7,408093,occupancy,7,408093,flow,2,9.308614507964035e-06,0.00019286913512903898,0.09928226930620819
296,7,408093,occupancy,7,408093,flow,4,9.62441022344607e-05,0.0015218686736927901,0.08739811625652726
296,7,408093,occupancy,7,408093,flow,5,0.0015497988332966743,0.01638152914079186,0.07097999436314933
296,7,408093,occupancy,7,408093,flow,6,0.0017080780679353022,0.017784760794120284,0.07034465199645372
296,7,408093,occupancy,7,408093,flow,7,0.00023510134738298304,0.003302887221770688,0.0824425683844503
296,7,408093,occupancy,7,408093,flow,8,0.00016903775409083185,0.0024804453045937282,0.08430377101955573
296,7,408093,occupancy,7,408093,flow,9,0.002577609184911061,0.024662838712770283,0.06759917092843272
296,7,408093,occupancy,7,408093,flow,10,0.0009446497404121001,0.010847609768006035,0.07414056918772738
296,7,408093,occupancy,7,408093,flow,11,3.7947523965519086e-06,8.551554696455007e-05,0.10350830679093373
296,7,408093,occupancy,10,400497,flow,1,0.00393574518199252,0.03441785260365928,0.06467161989600778
296,7,408093,occupancy,10,400497,flow,6,2.7549823338790148e-05,0.0005009058788870936,0.09393540791158655
296,7,408093,occupancy,10,400497,flow,11,8.604791641284829e-07,2.2583657284538558e-05,0.11016001875546037
296,7,408093,occupancy,10,400497,flow,12,5.6757443947348125e-06,0.0001228417624511743,0.10163274737658537
296,7,408093,occupancy,11,405841,flow,1,1.2733178130642992e-05,0.00025314003462668076,0.09776658014249763
296,7,408093,occupancy,11,405841,flow,2,0.0014626229039657148,0.015628322891743478,0.07135590493623913
296,7,408093,occupancy,11,405841,flow,8,0.0003697220695662421,0.004890383773809449,0.07982485924516414
296,7,408093,occupancy,11,405841,flow,12,1.4246743781036816e-08,4.874242555882611e-07,0.12680593925780426
296,7,408093,occupancy,13,400183,flow,1,0.006211483633255388,0.04895750646900798,0.061383866656609866
296,7,408093,occupancy,13,400183,flow,2,0.0062714179160415955,0.04933089110943134,0.06131309011064193
296,7,408093,occupancy,13,400183,flow,3,0.0012135377302443828,0.013356644572371297,0.07255652224285143
296,7,408093,occupancy,13,400183,flow,10,0.0018490122441984043,0.01893276343905453,0.06982294632868198
296,7,408093,occupancy,15,401472,flow,1,0.00011843554671299299,0.0018299054427758574,0.08626999602385604
296,7,408093,occupancy,15,401472,flow,2,0.0007352739007774898,0.008813494038176349,0.07569593872169468
296,7,408093,occupancy,15,401472,flow,12,2.5623616071678893e-05,0.00047014557152959084,0.09430136178425076
296,7,408093,occupancy,17,400260,flow,1,0.00019906593255507643,0.002858328756940514,0.08338595136970758
296,7,408093,occupancy,17,400260,flow,5,0.005763818390011145,0.046247576977801165,0.061932857526874566
296,7,408093,speed,15,401472,flow,12,0.006327169567188139,0.049678975881957035,-0.06124779695093197
296,8,401448,flow,1,400125,flow,1,0.0010091124870240816,0.011468997484725157,0.07370747952273715
296,8,401448,flow,2,400331,flow,1,0.0008789905580103029,0.010211501257296538,0.07459067146006051
296,8,401448,flow,5,400503,flow,6,0.004575136347202431,0.03869340058714664,-0.06360282445823691
296,8,401448,flow,5,400503,flow,10,0.003120459349935785,0.028742823862947957,-0.06629088102890587
296,8,401448,flow,7,408093,flow,11,0.0050459102575968594,0.04171131326601308,0.06289922270088334
296,8,401448,flow,8,401448,flow,1,1.697828038255408e-231,1.1113056250399033e-228,0.6422143347519792
296,8,401448,flow,8,401448,flow,2,0.00011141454650637576,0.0017338286776208331,0.08658192120420088
296,8,401448,flow,8,401448,flow,4,2.1943781228735108e-05,0.0004094908635340633,-0.09507970875852763
296,8,401448,flow,8,401448,flow,8,0.0005987620599372193,0.007379891865702675,0.07695002056595182
296,8,401448,flow,10,400497,flow,8,0.003212662084496675,0.029317068451680688,-0.0660895999336909
296,8,401448,flow,14,401469,flow,1,0.0036952138407536825,0.032678247271352934,0.06511492616603475
296,8,401448,flow,14,401469,flow,4,0.004652637201923437,0.0392336379315035,0.06348261916860119
296,8,401448,flow,16,405838,flow,1,0.004720137345311492,0.03964805236582859,0.063379392236787
296,8,401448,flow,18,404528,flow,5,0.00607210802347892,0.04810472521809817,0.06155086160686037
296,8,401448,flow,19,401795,flow,1,0.0014197142098377762,0.015218772671213878,0.07154857158957405
296,8,401448,occupancy,8,401448,flow,4,0.0018489713599159864,0.01893276343905453,-0.06982309230146191
296,8,401448,occupancy,9,402391,flow,4,0.001693207703514602,0.01765972303037924,-0.07040198494305014
296,8,401448,occupancy,9,402391,flow,8,0.001214735508290965,0.013366422302131864,-0.07255022353269748
296,8,401448,occupancy,9,402391,flow,12,0.0009736132416943603,0.011135846449879895,0.07395116480216749
296,8,401448,occupancy,17,400260,flow,4,0.0047573388963704655,0.03987525035374546,0.063323069886207
296,8,401448,occupancy,19,401795,flow,1,0.0005754417265975701,0.0071311195034466516,0.0771905096497685
296,8,401448,speed,9,402391,flow,8,0.004175104955850892,0.036036869948603105,0.06425424065950516
296,8,401448,speed,11,405841,flow,8,0.0003528744761138595,0.004700640569879349,0.08009807233833578
296,8,401448,speed,15,401472,flow,4,0.0051084149723760785,0.04213930242632167,-0.06281031139988083
296,9,402391,flow,0,400593,flow,3,0.0008918592397407627,0.010321007006911584,-0.07450005569375356
296,9,402391,flow,3,400039,flow,1,0.0006470379650923748,0.007896056523161183,0.07647868424009718
296,9,402391,flow,5,400503,flow,2,0.002592689725226045,0.02478915189459317,0.06755955938634822
296,9,402391,flow,5,400503,flow,12,1.6754885153125037e-05,0.000322985737891567,0.09642030008446341
296,9,402391,flow,6,405843,flow,1,0.0033498294105304637,0.030249295680375425,0.06579968550341979
296,9,402391,flow,6,405843,flow,4,0.00024459120377697517,0.003421742229004316,0.08221675902928112
296,9,402391,flow,6,405843,flow,12,0.004319487819894217,0.03700215622039068,0.06401285026792079
296,9,402391,flow,7,408093,flow,1,0.006007025779424441,0.04775552331084576,0.06163002556207642
296,9,402391,flow,7,408093,flow,2,0.0029565421460397787,0.027479049205877463,0.06666248803189756
296,9,402391,flow,9,402391,flow,1,2.2101873791490062e-142,1.1503625877016516e-139,0.5268021486411358
296,9,402391,flow,9,402391,flow,2,6.931334910346029e-09,2.5078196660548447e-07,0.12948313795851976
296,9,402391,flow,9,402391,flow,5,3.508061583292475e-06,7.995979739819139e-05,0.1038705559478465
296,9,402391,flow,9,402391,flow,6,1.2542476845652274e-10,5.551588112010022e-09,0.14368468637533027
296,9,402391,flow,9,402391,flow,7,0.00011079939336083828,0.001725498843975564,0.0866338338958599
296,9,402391,flow,9,402391,flow,10,0.00011732115199032046,0.0018185409996346767,0.08632169079890727
296,9,402391,flow,9,402391,flow,11,1.11885366517282e-06,2.8515916422103734e-05,0.10901113333152972
296,9,402391,flow,9,402391,flow,12,0.0007126521046417483,0.008585212192003214,0.0758879388248189
296,9,402391,flow,10,400497,flow,4,0.0020629724682685647,0.02064406083604401,0.06909682230556051
296,9,402391,flow,10,400497,flow,5,0.00038794081652389416,0.005090839390593021,0.07954220138902678
296,9,402391,flow,10,400497,flow,7,0.00017780031296220683,0.0025940471192054493,-0.08402106028368565
296,9,402391,flow,10,400497,flow,10,1.6602805636039458e-11,8.113588274625618e-10,0.15032293959243975
296,9,402391,flow,10,400497,flow,11,1.3085238294588337e-09,5.162395381974577e-08,0.13558128798081592
296,9,402391,flow,10,400497,flow,12,8.913269837799991e-05,0.00142086072691129,0.0878121298088411
296,9,402391,flow,12,404520,flow,10,0.004340816328765292,0.03714067447071907,0.06397781331065604
296,9,402391,flow,15,401472,flow,1,4.892512443539079e-06,0.00010723314944743188,0.1023283333547474
296,9,402391,flow,15,401472,flow,8,0.0011124762936174169,0.012418340021775815,-0.07310981597437184
296,9,402391,flow,15,401472,flow,11,4.598764860356918e-11,2.133905928758527e-09,0.1470159739487829
296,9,402391,flow,15,401472,flow,12,9.338943450810941e-09,3.2800191632116476e-07,0.12840104898836843
296,9,402391,flow,16,405838,flow,5,0.0012984901412503578,0.01410834358702602,0.07212340169787719
296,9,402391,flow,16,405838,flow,12,8.574562648280572e-05,0.0013724383342190467,0.08802040452175744
296,9,402391,flow,17,400260,flow,5,0.0029169558645968734,0.02720476972162887,0.06675504365386309
296,9,402391,flow,17,400260,flow,12,3.839541956064606e-05,0.0006745352277429483,0.0922423012104744
296,9,402391,flow,18,404528,flow,1,0.0021489771236071404,0.021282854594183512,0.0688242701585271
296,9,402391,flow,18,404528,flow,6,0.001412118539610622,0.015159920703573276,0.07158323502481863
296,9,402391,flow,19,401795,flow,1,0.0005615111527129209,0.0069946025943478035,0.07733853088262536
296,9,402391,flow,19,401795,flow,4,0.0008238508332056397,0.009697644685145406,0.07499340836025344
296,9,402391,flow,19,401795,flow,5,0.0003408339936906686,0.004561347127458762,0.08030090346681173
296,9,402391,flow,19,401795,flow,11,0.0007523513597299274,0.008983299817670777,0.07555459395664532
296,9,402391,flow,19,401795,flow,12,0.0005454301135412581,0.006819849755421808,0.07751371279253651
296,9,402391,occupancy,3,400039,flow,11,0.0012786056810746211,0.013950758539081102,0.07222238493854043
296,9,402391,occupancy,6,405843,flow,9,0.002436693095368935,0.023570340734424093,0.0679799075442836
296,9,402391,occupancy,9,402391,flow,11,0.0019567211020296168,0.0198474645709508,0.06944830081648587
296,9,402391,occupancy,10,400497,flow,11,6.522219167312505e-05,0.0010828588317751738,0.08947856648232352
296,9,402391,occupancy,18,404528,flow,6,0.006094669647540169,0.048256915097825384,0.06152359657986745
296,9,402391,speed,11,405841,flow,6,0.0012118761699041539,0.01334515690539369,-0.07256526933517332
296,9,402391,speed,16,405838,flow,7,0.0017013868044060676,0.01772363394028023,-0.07037039327604107
296,10,400497,flow,0,400593,flow,2,0.00029122673967583356,0.003993966715554289,0.0812141809344958
296,10,400497,flow,1,400125,flow,1,2.7208316845675052e-11,1.2930685233588144e-09,0.14872882530088471
296,10,400497,flow,1,400125,flow,2,2.074661900651483e-06,4.993058167584628e-05,0.10626271189001894
296,10,400497,flow,1,400125,flow,9,1.040879125949356e-06,2.6701887316515545e-05,-0.10932836538587391
296,10,400497,flow,1,400125,flow,10,0.0012597409237813083,0.013773932651822961,-0.0723176136000005
296,10,400497,flow,1,400125,flow,12,8.423943471280672e-10,3.39472348842654e-08,0.13713944620872462
296,10,400497,flow,3,400039,flow,1,4.500546520036247e-18,3.91983084003157e-16,0.19274072863863834
296,10,400497,flow,3,400039,flow,2,8.238017194361323e-12,4.2016805524959754e-10,0.15255589904483974
296,10,400497,flow,3,400039,flow,3,0.0029321741137675376,0.02731721408556343,0.06671932752466538
296,10,400497,flow,3,400039,flow,7,0.00014178726041938605,0.002140933117832044,0.0852805235016477
296,10,400497,flow,3,400039,flow,8,0.003668214632154729,0.03248603364269871,0.06516631113675239
296,10,400497,flow,4,400316,flow,1,9.396767749942201e-17,7.630458022509457e-15,0.18502360340335372
296,10,400497,flow,4,400316,flow,3,0.000586080785734509,0.007248408228952416,-0.07707969163770234
296,10,400497,flow,4,400316,flow,4,6.514840752316307e-06,0.0001398117836562665,-0.10098284776183868
296,10,400497,flow,4,400316,flow,6,1.6429511583010706e-07,4.834842645681625e-06,0.11715635889456902
296,10,400497,flow,4,400316,flow,7,0.0027893578995519183,0.02623563275868558,0.06706137996511403
296,10,400497,flow,4,400316,flow,11,0.00025774265833647625,0.0035779186504292333,0.0819170356758505
296,10,400497,flow,4,400316,flow,12,1.7475109818108263e-23,2.0970131781729914e-21,0.22144102730444995
296,10,400497,flow,5,400503,flow,1,1.1055239320470938e-09,4.389580318422284e-08,0.13617980918753336
296,10,400497,flow,5,400503,flow,2,3.865601619112605e-05,0.000678010515410737,0.09220750067643552
296,10,400497,flow,5,400503,flow,6,0.0001284378899038098,0.0019640767588830384,0.08582549550821773
296,10,400497,flow,5,400503,flow,7,0.003473382043544082,0.031117815072813013,0.06554765076015807
296,10,400497,flow,5,400503,flow,12,4.195508225057855e-05,0.0007305358940850436,0.09178519203661038
296,10,400497,flow,6,405843,flow,1,7.196646515333057e-08,2.2206794961599147e-06,0.12049790478010369
296,10,400497,flow,6,405843,flow,2,2.658013904721388e-05,0.0004857284292891877,0.09411648471521099
296,10,400497,flow,6,405843,flow,5,1.0470499289246557e-05,0.00021437230772296267,0.09871573798989682
296,10,400497,flow,6,405843,flow,6,0.00030209272072751023,0.004118146271829739,0.08100231508221202
296,10,400497,flow,6,405843,flow,7,2.028032811847775e-10,8.811225632968274e-09,0.142061584719002
296,10,400497,flow,6,405843,flow,11,0.0013858166677108267,0.014918335421158163,0.07170460775634356
296,10,400497,flow,6,405843,flow,12,3.969674755959298e-11,1.8539453995399101e-09,0.14749805953721087
296,10,400497,flow,7,408093,flow,4,0.004587588444140275,0.038760770738677855,0.063583387369561
296,10,400497,flow,7,408093,flow,5,0.003990363096742034,0.03481092200711952,0.06457439256411593
296,10,400497,flow,7,408093,flow,6,0.0020578086636531675,0.0206306183035082,0.06911351609305441
296,10,400497,flow,7,408093,flow,11,0.003931040560107538,0.03438974167251689,0.06468005193625881
296,10,400497,flow,8,401448,flow,6,0.0001060939212598449,0.0016581973221509766,0.08686999426661854
296,10,400497,flow,8,401448,flow,12,2.0425198438761684e-05,0.0003843068695794881,0.09543776289465562
296,10,400497,flow,9,402391,flow,1,1.0294984011742464e-12,5.890639858374496e-11,0.15899602646596347
296,10,400497,flow,9,402391,flow,2,6.670473947068481e-10,2.7288302510734695e-08,0.1379581034744489
296,10,400497,flow,9,402391,flow,3,0.0003391025049812823,0.004543805277664825,0.08033062096645663
296,10,400497,flow,9,402391,flow,7,5.506470320680499e-07,1.4914076354444988e-05,0.1120874035840738
296,10,400497,flow,9,402391,flow,12,2.7100868513745104e-07,7.75336105823701e-06,0.11508476823207914
296,10,400497,flow,10,400497,flow,1,0.0,0.0,0.8694399429818988
296,10,400497,flow,10,400497,flow,2,9.920627015398584e-12,4.943149793139779e-10,-0.1519290871254824
296,10,400497,flow,10,400497,flow,3,8.62117197218599e-06,0.00017983323476505783,-0.09965016615974882
296,10,400497,flow,10,400497,flow,4,1.8885020167276516e-05,0.0003586078554841079,0.09582777449686111
296,10,400497,flow,10,400497,flow,5,1.3457840620712006e-27,1.9509352846132843e-25,0.24082035759186968
296,10,400497,flow,10,400497,flow,6,2.801714430702425e-62,9.920824869372522e-60,0.3612530437440438
296,10,400497,flow,10,400497,flow,7,1.1302689323082917e-16,9.126657546863216e-15,0.18454372100458474
296,10,400497,flow,10,400497,flow,8,1.379817664443358e-11,6.789080080176886e-10,-0.1509157397158913
296,10,400497,flow,10,400497,flow,9,5.99253260137293e-22,6.637882266136168e-20,-0.2136641934898249
296,10,400497,flow,10,400497,flow,10,0.00017993818877187932,0.0026181642825682675,-0.08393299360003272
296,10,400497,flow,10,400497,flow,11,1.2839415220722717e-29,1.9738887456769444e-27,0.2496750304715242
296,10,400497,flow,10,400497,flow,12,0.0008570709402118393,0.010002586141531124,0.07474788831095566
296,10,400497,flow,11,405841,flow,1,6.613944730486995e-10,2.7082693114411202e-08,0.13798786549453457
296,10,400497,flow,11,405841,flow,4,0.0001603531656063739,0.0023731609298373937,-0.08459789961725978
296,10,400497,flow,11,405841,flow,7,4.966102011048147e-06,0.00010868065191351567,0.10225860297587124
296,10,400497,flow,11,405841,flow,12,1.8018523874290648e-09,7.031619072893912e-08,0.1344382292015345
296,10,400497,flow,12,404520,flow,1,2.0677035271747053e-19,1.980594065941181e-17,0.20024518158622454
296,10,400497,flow,12,404520,flow,3,1.9207147672381595e-14,1.300546676249036e-12,-0.17063789474675536
296,10,400497,flow,12,404520,flow,4,1.7966274753713673e-10,7.816143699500813e-09,-0.14247255209422596
296,10,400497,flow,12,404520,flow,6,3.2809408538192393e-16,2.522004357384184e-14,0.1817487364472069
296,10,400497,flow,12,404520,flow,7,4.630347102039997e-08,1.4806143213036853e-06,0.12224675660962962
296,10,400497,flow,12,404520,flow,11,2.658230754429176e-09,1.0162439698348707e-07,0.13303582949168885
296,10,400497,flow,12,404520,flow,12,2.1552295020075676e-28,3.1561326944653194e-26,0.2443737662463923
296,10,400497,flow,13,400183,flow,1,0.001108799921465354,0.012390107761847723,0.07313080676982216
296,10,400497,flow,14,401469,flow,1,0.0010524329276620622,0.011864588328549345,0.07346096324521288
296,10,400497,flow,14,401469,flow,2,0.002456683602475175,0.023726521714045955,0.0679246893611333
296,10,400497,flow,14,401469,flow,6,0.003912410286052416,0.03425539610001305,0.06471353295614396
296,10,400497,flow,14,401469,flow,8,0.0007807728126198625,0.009271408879927999,0.0753258286937037
296,10,400497,flow,15,401472,flow,1,1.1608975531614035e-158,6.513087570983459e-156,0.5518221794235311
296,10,400497,flow,15,401472,flow,2,1.4010334499034045e-32,2.3922784599141138e-30,0.2621975929156906
296,10,400497,flow,15,401472,flow,3,0.00013559018882689904,0.0020574275227685417,-0.08552721948910012
296,10,400497,flow,15,401472,flow,4,1.0929977656748873e-15,8.030187666182845e-14,-0.1785378706764562
296,10,400497,flow,15,401472,flow,6,4.395401559691527e-19,4.092270417643835e-17,0.19843567266560266
296,10,400497,flow,15,401472,flow,7,9.12333510705393e-27,1.2632310148228517e-24,0.23704444052115936
296,10,400497,flow,15,401472,flow,9,3.253054903066154e-17,2.707745121627319e-15,-0.18775525166059082
296,10,400497,flow,15,401472,flow,10,2.631072365649802e-11,1.2545510617667932e-09,-0.14883763062715016
296,10,400497,flow,15,401472,flow,11,0.002074778658235138,0.020742984965461227,0.06905879814876953
296,10,400497,flow,15,401472,flow,12,3.2906854595002274e-82,1.3041982738569708e-79,0.41194912188901595
296,10,400497,flow,16,405838,flow,1,1.656524259990139e-19,1.6009361975743625e-17,0.20077390525950067
296,10,400497,flow,16,405838,flow,2,4.8597711338954626e-12,2.5294230480034216e-10,0.1542159861460194
296,10,400497,flow,16,405838,flow,6,1.1707662366722411e-06,2.976874715964733e-05,0.10881151516856465
296,10,400497,flow,16,405838,flow,7,1.5942514223500328e-15,1.1536291699417323e-13,0.17751825961975992
296,10,400497,flow,16,405838,flow,8,1.2456056977596662e-06,3.143117181262709e-05,0.10853822656485494
296,10,400497,flow,16,405838,flow,12,1.4744955762697235e-07,4.362891020195346e-06,0.11759949862077299
296,10,400497,flow,17,400260,flow,1,4.590871288653235e-40,9.866947247254714e-38,0.29101776064543755
296,10,400497,flow,17,400260,flow,2,2.3113289675910303e-24,2.9367473941156623e-22,0.2257330544280242
296,10,400497,flow,17,400260,flow,6,2.909197991830629e-08,9.55721317468313e-07,0.12406393616987013
296,10,400497,flow,17,400260,flow,7,2.7408803923580257e-11,1.3011651972512826e-09,0.14870500253706245
296,10,400497,flow,17,400260,flow,8,0.0015547080679658867,0.016421366390250932,0.0709594089936938
296,10,400497,flow,17,400260,flow,9,0.0035491397333261123,0.03162599762369803,-0.06539711624998
296,10,400497,flow,17,400260,flow,10,0.0006864121201067428,0.008307479994726384,-0.07611786798256974
296,10,400497,flow,17,400260,flow,12,2.3966218504023726e-10,1.0353406393738248e-08,0.14149317852122648
296,10,400497,flow,18,404528,flow,1,6.915623077751389e-10,2.823770481652741e-08,0.13783181731063068
296,10,400497,flow,18,404528,flow,2,4.117774346278639e-05,0.0007184485127594395,0.09188178641234807
296,10,400497,flow,18,404528,flow,3,0.0008307970955513111,0.009750185962460375,0.07494132122355604
296,10,400497,flow,18,404528,flow,7,1.7652150357112523e-05,0.00033786750908296735,0.09616243814833021
296,10,400497,flow,18,404528,flow,12,0.0008255442992941436,0.009704357477416872,0.07498067233975256
296,10,400497,flow,19,401795,flow,1,2.3928918372447502e-39,5.018103270338505e-37,0.28840066251626134
296,10,400497,flow,19,401795,flow,2,8.532228311275443e-27,1.191903419420046e-24,0.23717771799243093
296,10,400497,flow,19,401795,flow,3,1.1077272440482865e-06,2.8265692228520955e-05,0.10905507480167712
296,10,400497,flow,19,401795,flow,6,1.5397895193597655e-08,5.245970602235163e-07,0.12651032317831343
296,10,400497,flow,19,401795,flow,7,2.1663379509930048e-13,1.3350328028944053e-11,0.16365414575102874
296,10,400497,flow,19,401795,flow,8,5.612761955284125e-07,1.5173424059341314e-05,0.11200550430235351
296,10,400497,flow,19,401795,flow,12,1.262437729311106e-12,7.157127284283436e-11,0.15837611818981776
296,10,400497,occupancy,0,400593,flow,1,0.0009610887166945404,0.011010085537312158,0.07403241911564691
296,10,400497,occupancy,0,400593,flow,2,8.383860880944583e-05,0.001347907666754023,0.08814111327539739
296,10,400497,occupancy,0,400593,flow,3,0.005507405059784313,0.044649090308979275,0.06226486641787205
296,10,400497,occupancy,0,400593,flow,7,0.0028838982795526785,0.026942393836028772,0.06683321664015027
296,10,400497,occupancy,1,400125,flow,1,8.952417670666336e-11,4.007714439096225e-09,0.14481280636770663
296,10,400497,occupancy,1,400125,flow,2,0.0001676241509119169,0.002464725432060861,0.08435066443285548
296,10,400497,occupancy,1,400125,flow,7,0.0018484497254442087,0.01893276343905453,0.06982495499942763
296,10,400497,occupancy,1,400125,flow,10,0.0007226541075596795,0.008683910277212282,-0.07580236021712407
296,10,400497,occupancy,1,400125,flow,12,1.7549719019667161e-06,4.3199308356103785e-05,0.10701418150479863
296,10,400497,occupancy,3,400039,flow,1,6.67970082989734e-13,3.8629595160852087e-11,0.16030266520925468
296,10,400497,occupancy,3,400039,flow,2,1.0924689567553057e-13,6.940391019386648e-12,0.16565796055419407
296,10,400497,occupancy,3,400039,flow,3,0.00013283878518648886,0.0020206463098789854,0.0856401689331638
296,10,400497,occupancy,3,400039,flow,7,0.0015475832600772646,0.01636611917633729,0.0709893043473575
296,10,400497,occupancy,3,400039,flow,8,0.00016729030096024615,0.0024614921667175183,0.08436179347822849
296,10,400497,occupancy,3,400039,flow,9,0.0008252865067549134,0.009704357477416872,0.07498260955186498
296,10,400497,occupancy,4,400316,flow,1,7.159211120920618e-14,4.609208948193304e-12,0.16688270639951927
296,10,400497,occupancy,4,400316,flow,3,0.0032691937470015293,0.02971369027360953,-0.06596877594162678
296,10,400497,occupancy,4,400316,flow,4,0.00016853043502491644,0.002476365575876323,-0.08432055774680806
296,10,400497,occupancy,4,400316,flow,6,0.003377573741138412,0.030461625389807807,0.06574236228160413
296,10,400497,occupancy,4,400316,flow,7,8.400319907929006e-08,2.5718909994509785e-06,0.1198787144436617
296,10,400497,occupancy,4,400316,flow,11,0.0010410673077111477,0.01175386899636069,0.07352951003841389
296,10,400497,occupancy,4,400316,flow,12,4.778868537865427e-16,3.647475633141104e-14,0.18075165571533133
296,10,400497,occupancy,5,400503,flow,1,5.109924917590546e-11,2.3584268850417906e-09,0.14666959219264397
296,10,400497,occupancy,5,400503,flow,2,3.9312165185525125e-07,1.0970836795960501e-05,0.11352158411350209
296,10,400497,occupancy,5,400503,flow,7,0.0023121087361411686,0.022608215799297983,0.06833367708172661
296,10,400497,occupancy,6,405843,flow,1,4.1387411913948747e-17,3.4186160510183286e-15,0.1871388178755501
296,10,400497,occupancy,6,405843,flow,2,1.444541367640538e-10,6.335450465184898e-09,0.14320946631130083
296,10,400497,occupancy,6,405843,flow,5,0.004010687912882859,0.03493179795091523,0.06453851965978954
296,10,400497,occupancy,6,405843,flow,6,6.912175443646625e-08,2.144780989007926e-06,0.12065887041553615
296,10,400497,occupancy,6,405843,flow,7,5.857611821872247e-15,4.061778984026983e-13,0.1739558071869782
296,10,400497,occupancy,6,405843,flow,11,0.004054246694368086,0.03521887335545974,0.06446219140100232
296,10,400497,occupancy,6,405843,flow,12,1.9527742337604968e-08,6.564968630229841e-07,0.12560214435075645
296,10,400497,occupancy,7,408093,flow,1,4.474591584628788e-05,0.000774448543493444,0.09145184217889162
296,10,400497,occupancy,7,408093,flow,5,4.3215308772907686e-05,0.0007509659448872132,0.09163214036741725
296,10,400497,occupancy,7,408093,flow,7,0.0056295315129826756,0.0454316759500937,0.06210503509280871
296,10,400497,occupancy,8,401448,flow,11,0.0022753341566024154,0.022299931415351214,0.06844143846494272
296,10,400497,occupancy,9,402391,flow,1,2.349930398450139e-08,7.798279860946133e-07,0.12489005036477477
296,10,400497,occupancy,9,402391,flow,2,3.551623789600132e-08,1.1527434087958356e-06,0.12328698168641346
296,10,400497,occupancy,9,402391,flow,3,0.0008293135579424041,0.00973710251764886,0.07495241166336426
296,10,400497,occupancy,9,402391,flow,7,1.4067985768721821e-05,0.0002769995374698189,0.09727962199338272
296,10,400497,occupancy,9,402391,flow,12,4.8354931929374355e-06,0.00010646818939513224,0.1023830560417528
296,10,400497,occupancy,10,400497,flow,1,1.1704698391950112e-63,4.178867525059875e-61,0.36506640570631027
296,10,400497,occupancy,10,400497,flow,3,5.641404238910121e-24,6.963104660597636e-22,-0.22385089006357445
296,10,400497,occupancy,10,400497,flow,4,0.0012626738359612613,0.01380250751860488,-0.07230272235008468
296,10,400497,occupancy,10,400497,flow,5,2.2836356662330863e-11,1.0985864229540016e-09,0.14929610015588626
296,10,400497,occupancy,10,400497,flow,6,8.881174241529753e-38,1.7439396692458422e-35,0.2825728523840882
296,10,400497,occupancy,10,400497,flow,7,4.095471307079053e-18,3.5814647867573906e-16,0.19297507728290458
296,10,400497,occupancy,10,400497,flow,8,6.436997041322773e-09,2.3367922032365025e-07,-0.12979062014982304
296,10,400497,occupancy,10,400497,flow,9,2.9848027437006532e-15,2.1034825208461374e-13,-0.1758107866011904
296,10,400497,occupancy,10,400497,flow,10,1.4460519424755379e-11,7.106876440835408e-10,-0.15076575322357832
296,10,400497,occupancy,10,400497,flow,11,2.292511929170634e-26,3.1340669411446646e-24,0.23520272332799966
296,10,400497,occupancy,10,400497,flow,12,2.167949185153187e-104,9.858463663012385e-102,0.4596546152968026
296,10,400497,occupancy,11,405841,flow,1,2.6431675166210987e-11,1.2589287400003469e-09,0.14882275919707497
296,10,400497,occupancy,11,405841,flow,2,3.315372801146887e-06,7.602128716005601e-05,0.1041303329190259
296,10,400497,occupancy,11,405841,flow,6,0.0024430667502278553,0.023626703293002763,0.0679622572641795
296,10,400497,occupancy,11,405841,flow,7,2.0370270693536543e-07,5.898094463544093e-06,0.11627081005729392
296,10,400497,occupancy,11,405841,flow,8,5.744312594335286e-05,0.0009678404995135895,0.09014811846575017
296,10,400497,occupancy,11,405841,flow,9,0.0005122263352062532,0.006460781804645295,0.07789117942792614
296,10,400497,occupancy,11,405841,flow,12,3.818112954458575e-07,1.0689726482994844e-05,0.1136450119217608
296,10,400497,occupancy,12,404520,flow,1,2.399923292848619e-21,2.547338728527281e-19,0.21060144654593813
296,10,400497,occupancy,12,404520,flow,3,1.1301779496326587e-07,3.407096121711853e-06,-0.11868209972148876
296,10,400497,occupancy,12,404520,flow,4,4.530136085516598e-07,1.2488952067282518e-05,-0.112920192353571
296,10,400497,occupancy,12,404520,flow,6,4.6718387439538e-10,1.946224047625884e-08,0.13919813342991502
296,10,400497,occupancy,12,404520,flow,7,1.4684591823520294e-19,1.4319963132642815e-17,0.2010606595205961
296,10,400497,occupancy,12,404520,flow,9,0.0053973910918784255,0.043915220180203156,0.06241160621893732
296,10,400497,occupancy,12,404520,flow,11,2.2436863784476304e-06,5.363987357439825e-05,0.10590926663547237
296,10,400497,occupancy,12,404520,flow,12,1.4687854280075476e-20,1.4929771879982602e-18,0.2064580673109323
296,10,400497,occupancy,13,400183,flow,1,0.00034361611387774576,0.004592888650841156,0.08025344828639809
296,10,400497,occupancy,13,400183,flow,2,0.0015790547201444962,0.01665002780332981,0.07085819433352841
296,10,400497,occupancy,13,400183,flow,3,4.9726068433321616e-05,0.0008517708787944067,0.09090316793246339
296,10,400497,occupancy,13,400183,flow,5,0.0010629230299948583,0.011967233488605128,0.07339830141810734
296,10,400497,occupancy,13,400183,flow,7,0.00017888477118909729,0.002603713650730796,0.08398698683919156
296,10,400497,occupancy,13,400183,flow,9,0.0008914620074868397,0.010320143220734272,0.07450283466590521
296,10,400497,occupancy,14,401469,flow,1,0.002484170470302298,0.02394381176194986,0.0678494316364292
296,10,400497,occupancy,14,401469,flow,3,0.0022733414914190386,0.02228968507246992,0.06844732304276473
296,10,400497,occupancy,14,401469,flow,7,0.0007873519280055478,0.009334139212359953,0.07527397555460436
296,10,400497,occupancy,15,401472,flow,1,1.4193680144922908e-142,7.477646125130117e-140,0.5273321658086214
296,10,400497,occupancy,15,401472,flow,2,5.5496275537372976e-27,7.886312839521423e-25,0.23803155293875364
296,10,400497,occupancy,15,401472,flow,3,6.642368814519721e-06,0.00014205751541700268,-0.10089115722408772
296,10,400497,occupancy,15,401472,flow,4,2.310003796416653e-24,2.9367473941156623e-22,-0.22573425863639676
296,10,400497,occupancy,15,401472,flow,5,2.581559170574165e-07,7.4052693339179225e-06,-0.11528744896942998
296,10,400497,occupancy,15,401472,flow,6,0.0009886272069425048,0.011263150830716578,0.0738550250803131
296,10,400497,occupancy,15,401472,flow,7,1.2604158282467822e-19,1.2318996330375791e-17,0.20142356527623603
296,10,400497,occupancy,15,401472,flow,8,0.001779376928531871,0.018358988132929743,0.07007597423217381
296,10,400497,occupancy,15,401472,flow,9,8.7964584602843e-06,0.0001830476905030259,-0.09955376756547145
296,10,400497,occupancy,15,401472,flow,11,3.3585471099359924e-06,7.68888368570402e-05,0.10407089178436069
296,10,400497,occupancy,15,401472,flow,12,4.288709833012319e-58,1.3930245472641518e-55,0.34935069488817283
296,10,400497,occupancy,16,405838,flow,1,8.415109714999407e-18,7.156156293070362e-16,0.19117808299061567
296,10,400497,occupancy,16,405838,flow,2,1.2093718390782642e-15,8.855061601386612e-14,0.17826517447790952
296,10,400497,occupancy,16,405838,flow,3,3.440388701594032e-12,1.8258573944577662e-10,0.1552927555529056
296,10,400497,occupancy,16,405838,flow,6,1.5882875682142312e-05,0.0003074104970737222,0.09668382726791054
296,10,400497,occupancy,16,405838,flow,7,1.7009539655786172e-26,2.3327368670792465e-24,0.23580102552511287
296,10,400497,occupancy,16,405838,flow,8,5.46327520909718e-07,1.4813484548074035e-05,0.11212112209117714
296,10,400497,occupancy,16,405838,flow,9,1.1501931152616078e-05,0.0002325144715924261,0.09826101055729723
296,10,400497,occupancy,16,405838,flow,12,1.9932380731241576e-08,6.676399921337342e-07,0.1255234519354282
296,10,400497,occupancy,17,400260,flow,1,6.428961740648261e-35,1.1868852444273714e-32,0.2715804618655054
296,10,400497,occupancy,17,400260,flow,2,8.200050226015901e-29,1.2386089851884159e-26,0.2462255458969019
296,10,400497,occupancy,17,400260,flow,3,4.9423692493871766e-09,1.8217606789550002e-07,0.13076843191881027
296,10,400497,occupancy,17,400260,flow,6,1.2786501061000387e-05,0.00025408318575676945,0.09774621265343458
296,10,400497,occupancy,17,400260,flow,7,3.0888070590110355e-13,1.8900349142957045e-11,0.16260588692900035
296,10,400497,occupancy,17,400260,flow,8,4.702849427168262e-10,1.9572552529255195e-08,0.13917519779750925
296,10,400497,occupancy,17,400260,flow,12,1.804899227482158e-09,7.03715222267412e-08,0.13443216705419753
296,10,400497,occupancy,18,404528,flow,1,8.132862740215704e-11,3.667428709575349e-09,0.1451324146133419
296,10,400497,occupancy,18,404528,flow,2,3.186503332447657e-08,1.0428556360737787e-06,0.12370999216880384
296,10,400497,occupancy,18,404528,flow,3,1.539971801312098e-05,0.0002996701883634353,0.0968358371045562
296,10,400497,occupancy,18,404528,flow,5,0.005413619583232056,0.044006122043177366,0.06238979149133046
296,10,400497,occupancy,18,404528,flow,7,7.507080107126165e-06,0.0001591294703767666,0.10031052222950203
296,10,400497,occupancy,18,404528,flow,8,0.002616247844742193,0.024923515398351463,0.06749809935639896
296,10,400497,occupancy,18,404528,flow,12,0.001252546530037476,0.013719576596759372,0.07235427753732576
296,10,400497,occupancy,19,401795,flow,1,5.046787655354095e-38,1.0047061138769443e-35,0.2834934507823166
296,10,400497,occupancy,19,401795,flow,2,8.447899568491125e-19,7.667001289050769e-17,0.19685370675817893
296,10,400497,occupancy,19,401795,flow,3,3.028435197581774e-12,1.6272189121334903e-10,0.15568843963874238
296,10,400497,occupancy,19,401795,flow,6,9.524223601016446e-05,0.0015087878971907242,0.08745466041884292
296,10,400497,occupancy,19,401795,flow,7,2.740951175139985e-07,7.826113071120117e-06,0.11503747957066848
296,10,400497,occupancy,19,401795,flow,8,0.0004292159443401413,0.005561526333381555,0.07894511388566908
296,10,400497,occupancy,19,401795,flow,11,0.005593540949226559,0.04521903236822435,0.062151809713993374
296,10,400497,occupancy,19,401795,flow,12,1.00058764723945e-12,5.732809862167671e-11,0.159082399716056
296,10,400497,speed,0,400593,flow,2,0.00043251387024684126,0.0055941913756477665,-0.07889974758180515
296,10,400497,speed,1,400125,flow,4,0.004064077539579331,0.035282988285736956,-0.06444506769260294
296,10,400497,speed,1,400125,flow,6,0.005153785697617202,0.0423840742693819,-0.0627463861412105
296,10,400497,speed,1,400125,flow,10,8.709221894997276e-09,3.0864510735347197e-07,0.1286628499207562
296,10,400497,speed,1,400125,flow,11,3.549564136829618e-05,0.0006276756885429369,0.0926454271391405
296,10,400497,speed,3,400039,flow,2,0.006346355995671455,0.049811515082305025,-0.06122544653768581
296,10,400497,speed,3,400039,flow,3,0.005429931444527053,0.04410925881977598,-0.06236792406647212
296,10,400497,speed,4,400316,flow,1,0.0008176893916362839,0.009636680380701269,-0.07503995230716687
296,10,400497,speed,4,400316,flow,12,0.00595386112400509,0.0474551292540627,-0.06169526844922424
296,10,400497,speed,5,400503,flow,2,0.0006949746135169784,0.00839801491019118,-0.0760419545937943
296,10,400497,speed,6,405843,flow,5,0.000220103365156256,0.003116507825221324,-0.08281749407389419
296,10,400497,speed,6,405843,flow,6,2.9561661516343446e-05,0.000533220783927364,-0.09357827758717636
296,10,400497,speed,6,405843,flow,12,0.004258844184538526,0.03658422524797462,-0.06411333470468578
296,10,400497,speed,7,408093,flow,1,0.004910935913543022,0.04088503208037359,-0.06309466541771856
296,10,400497,speed,10,400497,flow,1,6.9993249837955745e-09,2.523963600166685e-07,-0.12947915995614942
296,10,400497,speed,10,400497,flow,2,8.363099530119929e-06,0.00017512646616635042,-0.09979555493291968
296,10,400497,speed,10,400497,flow,5,0.001368542766027491,0.014765496376720182,-0.07178548016963027
296,10,400497,speed,10,400497,flow,6,8.467760641500072e-05,0.001358245202716505,-0.088087691036082
296,10,400497,speed,10,400497,flow,9,1.0871234967033703e-08,3.7873979885149673e-07,0.1278294825847117
296,10,400497,speed,10,400497,flow,10,2.589447789122559e-07,7.422969110158895e-06,0.1152747314367464
296,10,400497,speed,10,400497,flow,11,6.665337386280001e-05,0.0011022694899864459,0.08936367483808222
296,10,400497,speed,11,405841,flow,1,0.000300638769606843,0.004104802416882306,-0.08103024705267878
296,10,400497,speed,11,405841,flow,12,0.0035954452065895186,0.03196863943980502,-0.06530653704659707
296,10,400497,speed,12,404520,flow,1,1.8651971814415246e-13,1.1610449313872313e-11,-0.16409436795672147
296,10,400497,speed,12,404520,flow,2,1.1652310630286524e-05,0.00023478536344607174,-0.09819798704652008
296,10,400497,speed,12,404520,flow,8,4.771663747956214e-05,0.0008206045935975656,0.09111799585666312
296,10,400497,speed,12,404520,flow,12,1.087142380148315e-05,0.0002214264536652862,-0.09853410838543565
296,10,400497,speed,15,401472,flow,1,1.2433515838641703e-08,4.2799034599945943e-07,-0.12732223244710203
296,10,400497,speed,15,401472,flow,2,1.4166147434950322e-13,8.882112760375238e-12,-0.16490036902642777
296,10,400497,speed,15,401472,flow,3,2.206631524318943e-05,0.000411599662567264,-0.09505185421863774
296,10,400497,speed,15,401472,flow,9,5.71692996089672e-17,4.69527327586955e-15,0.18630849411591988
296,10,400497,speed,15,401472,flow,10,1.3996965532683228e-21,1.507902521226722e-19,0.21181790305873138
296,10,400497,speed,15,401472,flow,11,4.219826097882893e-10,1.766438831671909e-08,0.13955043580752596
296,10,400497,speed,16,405838,flow,2,0.0033043643323250643,0.0299339545991762,-0.06589456279570559
296,10,400497,speed,16,405838,flow,6,0.0007102237290334667,0.008567904243017526,-0.07590888454503868
296,10,400497,speed,17,400260,flow,2,0.0012154589351403822,0.013370976826601608,-0.07254642205137433
296,10,400497,speed,17,400260,flow,3,0.0020575522494546395,0.0206306183035082,-0.06911434604119795
296,10,400497,speed,17,400260,flow,5,1.2129754234106066e-05,0.0002428199179394727,-0.09800291137564413
296,10,400497,speed,17,400260,flow,6,0.0001991886631500025,0.002858787457833923,-0.08338247449129044
296,10,400497,speed,17,400260,flow,7,4.989084419700305e-06,0.00010912832756002693,-0.10223702835611995
296,10,400497,speed,17,400260,flow,8,0.004196398508263973,0.036167564982993256,-0.06421816930741417
296,10,400497,speed,17,400260,flow,11,3.982166386628649e-06,8.936601968953643e-05,0.10328541304606936
296,10,400497,speed,17,400260,flow,12,0.00014278820082321513,0.002153788504037323,0.08524163264768389
296,10,400497,speed,19,401795,flow,3,3.683063705903441e-06,8.321566532166771e-05,-0.10364620901806251
296,10,400497,speed,19,401795,flow,4,0.0046554769495599155,0.0392368126293037,-0.06347824916803835
296,10,400497,speed,19,401795,flow,5,0.00038123762292699805,0.005018118619880048,-0.07964472882177515
296,10,400497,speed,19,401795,flow,6,0.004195355572199049,0.036167564982993256,-0.06421993217631704
296,10,400497,speed,19,401795,flow,10,1.400666512358282e-05,0.0002759733133853658,0.09730100797168652
296,10,400497,speed,19,401795,flow,11,6.817294080748721e-05,0.0011243269688118644,0.0892442136173899
296,10,400497,speed,19,401795,flow,12,2.5583983225625345e-08,8.475675424440297e-07,0.12456179638074828
296,11,405841,flow,0,400593,flow,2,0.004117540953991481,0.03566382853025088,0.06435259575603419
296,11,405841,flow,0,400593,flow,4,0.0017102721903362837,0.017803315330729506,0.07033623138620206
296,11,405841,flow,0,400593,flow,7,0.001032876936187925,0.011683761100633244,0.07357933701974012
296,11,405841,flow,0,400593,flow,8,0.0038891138220362273,0.03409550680602101,0.06475560391878026
296,11,405841,flow,0,400593,flow,12,1.2522799093588429e-06,3.158113957052073e-05,0.10851462669649528
296,11,405841,flow,1,400125,flow,3,0.004124980243732759,0.03569706220414307,0.06433981493479554
296,11,405841,flow,1,400125,flow,6,0.00456681487796355,0.03865329207053788,0.06361584055411797
296,11,405841,flow,2,400331,flow,1,0.0005673782141266739,0.007053947827290115,0.07727577766573257
296,11,405841,flow,2,400331,flow,4,0.0011082006301428215,0.012386615063950814,0.07313423460724845
296,11,405841,flow,2,400331,flow,6,0.0020450032066610248,0.020540371664207458,0.06915508045412234
296,11,405841,flow,2,400331,flow,11,0.0018101340004648386,0.01861408922163319,0.06996311355320552
296,11,405841,flow,3,400039,flow,3,0.0011097113860013496,0.012390677662253375,0.07312559663860202
296,11,405841,flow,4,400316,flow,12,0.005727678331176894,0.046034549564063595,0.06197883643524591
296,11,405841,flow,5,400503,flow,7,0.0011777729071800577,0.013032732989287525,0.07274729192287864
296,11,405841,flow,5,400503,flow,12,0.00139998500168419,0.015055850652914366,0.07163896537334917
296,11,405841,flow,6,405843,flow,1,1.759578492521969e-06,4.3288035806918604e-05,0.10700244847927005
296,11,405841,flow,6,405843,flow,4,0.00019898750281956335,0.002858328756940514,0.08338817428751538
296,11,405841,flow,6,405843,flow,7,0.002942156307757415,0.02737479054385534,0.066695991731516
296,11,405841,flow,7,408093,flow,4,0.0015023256911103403,0.015985337402947466,0.07118221476706675
296,11,405841,flow,7,408093,flow,6,0.0005854100103945053,0.00724426022602195,0.07708662303410065
296,11,405841,flow,7,408093,flow,12,0.005903969388467354,0.04715316649691065,0.06175697375946104
296,11,405841,flow,10,400497,flow,5,8.096800680958421e-06,0.0001703759324975177,0.09995014109034306
296,11,405841,flow,10,400497,flow,6,6.763386208597835e-05,0.001117316574422281,0.08928630265380397
296,11,405841,flow,10,400497,flow,9,0.0035641387227359845,0.03173346925436821,-0.06536765934693906
296,11,405841,flow,10,400497,flow,11,8.829995132284627e-05,0.0014090742306300964,0.08786263465808275
296,11,405841,flow,10,400497,flow,12,2.0473310141440024e-07,5.923958460215734e-06,0.1162499498188553
296,11,405841,flow,11,405841,flow,1,4.055114430858098e-34,7.179546861191387e-32,0.26828271373465123
296,11,405841,flow,11,405841,flow,2,2.7466656579551527e-19,2.5907414066301877e-17,0.1994673767985295
296,11,405841,flow,11,405841,flow,3,3.119889438128237e-13,1.9036613520782463e-11,0.16253577955746215
296,11,405841,flow,11,405841,flow,4,1.899509642981721e-15,1.3676469429468392e-13,0.17699907830081046
296,11,405841,flow,11,405841,flow,5,1.7513510769258933e-07,5.129380781233802e-06,0.11689386510842745
296,11,405841,flow,11,405841,flow,6,1.5788807947548653e-11,7.724535711597981e-10,0.15048422395476027
296,11,405841,flow,11,405841,flow,7,3.66501018079607e-05,0.000646502408372357,0.0924813184038433
296,11,405841,flow,11,405841,flow,8,0.00018669506984802958,0.0027019185988056546,0.0837471698533566
296,11,405841,flow,11,405841,flow,12,2.5189508486177364e-05,0.00046306092505814277,0.09438744012953398
296,11,405841,flow,12,404520,flow,11,0.000809491513617771,0.00955204408311601,0.07510238633792135
296,11,405841,flow,12,404520,flow,12,0.0029901158722871394,0.02774334314493222,0.06658487154963784
296,11,405841,flow,13,400183,flow,1,0.002130369486276601,0.021147050047598613,0.06888238011418367
296,11,405841,flow,13,400183,flow,2,6.648050274044881e-05,0.001100788700033495,0.0893774279313144
296,11,405841,flow,13,400183,flow,3,0.00034449403425184765,0.004603198972990974,0.0802385479594798
296,11,405841,flow,13,400183,flow,6,0.005605005383624792,0.04528450207080438,0.062136880749946305
296,11,405841,flow,13,400183,flow,7,0.00032919195271371976,0.004430246840259406,0.08050349546406464
296,11,405841,flow,13,400183,flow,8,0.003533816820598333,0.03154150550616694,0.06542732640885264
296,11,405841,flow,13,400183,flow,9,3.0595606083403043e-07,8.67119552029555e-06,0.11457730070459021
296,11,405841,flow,13,400183,flow,10,0.0005243703170445868,0.006590863455433852,0.07775055021389894
296,11,405841,flow,15,401472,flow,1,4.961261659212947e-09,1.827165419249781e-07,0.13075436360731274
296,11,405841,flow,15,401472,flow,9,0.00011311678337921078,0.0017584185109686598,-0.08652098212680011
296,11,405841,flow,15,401472,flow,12,2.5372122573848194e-07,7.282894984652771e-06,0.11535964798951165
296,11,405841,flow,16,405838,flow,5,0.0011605007728988236,0.012876412937001855,0.07284134451158204
296,11,405841,flow,17,400260,flow,5,0.005656921144303971,0.045601603551769274,0.06206961884542347
296,11,405841,flow,17,400260,flow,7,1.250048766581683e-05,0.0002492021537440181,0.0978564222588517
296,11,405841,flow,17,400260,flow,8,0.004176787818563309,0.03604419371992308,0.06425138382219629
296,11,405841,flow,18,404528,flow,1,0.00020623484259011733,0.0029442647719408687,0.08318615806660694
296,11,405841,flow,19,401795,flow,6,0.00531803692691126,0.04342022499474339,0.06251913576030108
296,11,405841,occupancy,0,400593,flow,6,0.005866154318483343,0.046903177227184976,0.061804056487909605
296,11,405841,occupancy,0,400593,flow,7,0.005219636361128193,0.04278715195459923,0.06265450379081015
296,11,405841,occupancy,0,400593,flow,12,4.180391951718451e-06,9.347460264712064e-05,0.10306033817295918
296,11,405841,occupancy,2,400331,flow,4,0.0020288391641729,0.020401734611794526,0.06920788826087837
296,11,405841,occupancy,3,400039,flow,3,0.002009215794436013,0.02021381516526217,0.06927251858218822
296,11,405841,occupancy,5,400503,flow,7,0.000204967943232624,0.00293199177074482,0.08322098669348961
296,11,405841,occupancy,10,400497,flow,5,0.001606217601711736,0.016891565137979774,0.07074695260659483
296,11,405841,occupancy,10,400497,flow,6,0.001085516840025077,0.012174020635795256,0.07326525788972525
296,11,405841,occupancy,10,400497,flow,11,0.0012134185930097676,0.013356644572371297,0.07255714905904734
296,11,405841,occupancy,10,400497,flow,12,0.0034216612794832164,0.030742003128828996,0.06565214728361515
296,11,405841,occupancy,11,405841,flow,1,5.356465438547524e-06,0.00011651526029468935,-0.10187893833680646
296,11,405841,occupancy,11,405841,flow,3,0.00022493139327931896,0.0031765401077693952,0.08267348592843583
296,11,405841,occupancy,11,405841,flow,5,0.0012579570486394545,0.013761393897499224,0.07232668650517801
296,11,405841,occupancy,11,405841,flow,6,5.314928262702644e-07,1.4467857652725536e-05,0.11223891162678992
296,11,405841,occupancy,11,405841,flow,7,0.00011740638312883648,0.001819143547922607,0.08631772077342893
296,11,405841,occupancy,11,405841,flow,8,0.0010695640733922262,0.012026332111021387,0.07335892651798552
296,11,405841,occupancy,13,400183,flow,9,0.001364147918910609,0.014725434806831162,0.07180620592083574
296,11,405841,occupancy,13,400183,flow,10,0.005238479294285387,0.04290091099774952,0.06262840457101149
296,11,405841,occupancy,15,401472,flow,1,0.00030456840400177736,0.004147811020842512,0.08095504272396672
296,11,405841,occupancy,16,405838,flow,1,0.0005266216340379572,0.006611466024539306,0.0777248133453292
296,11,405841,occupancy,17,400260,flow,7,2.7155379254835568e-05,0.0004949841281894078,0.0940083233870003
296,11,405841,speed,7,408093,flow,3,0.0009406817238973082,0.010813584479074963,-0.07416693518815132
296,12,404520,flow,1,400125,flow,1,2.9190436557076283e-06,6.805325738077147e-05,0.10471353276079105
296,12,404520,flow,1,400125,flow,9,9.002578364780892e-09,3.174880406494929e-07,-0.1285386777720498
296,12,404520,flow,1,400125,flow,10,6.498006505232239e-05,0.001079668773177049,-0.08949823925267693
296,12,404520,flow,1,400125,flow,12,0.0013770419866096762,0.01483866645585882,0.0717455719520583
296,12,404520,flow,3,400039,flow,1,1.6097155948552992e-19,1.5591864057791238e-17,0.2008421521319348
296,12,404520,flow,3,400039,flow,2,1.7033527336538873e-16,1.3452438408381707e-14,0.18347327283705445
296,12,404520,flow,3,400039,flow,3,6.911573459932515e-08,2.144780989007926e-06,0.12065921779505887
296,12,404520,flow,3,400039,flow,5,0.0022495762960156197,0.022107507169053627,0.06851787086719725
296,12,404520,flow,3,400039,flow,6,4.4431917694625046e-05,0.0007705575449248503,0.09148834796444406
296,12,404520,flow,3,400039,flow,12,1.0552062492317206e-07,3.196697753633263e-06,0.1189599704016473
296,12,404520,flow,4,400316,flow,1,0.0,0.0,0.7936714254764887
296,12,404520,flow,4,400316,flow,2,0.0006092499341132688,0.007496325022413333,-0.076825387050286
296,12,404520,flow,4,400316,flow,3,1.827101438686539e-12,1.0106374155090715e-10,-0.15724625902899877
296,12,404520,flow,4,400316,flow,4,2.7481298700452927e-06,6.445125428119253e-05,-0.10498884653626916
296,12,404520,flow,4,400316,flow,8,1.8120628832884987e-08,6.130079605173308e-07,-0.1258572101758262
296,12,404520,flow,4,400316,flow,11,0.000556593703500789,0.006939350069620226,0.07737215605744899
296,12,404520,flow,4,400316,flow,12,1.1888700267833962e-11,5.883068173773507e-10,0.1513535218176651
296,12,404520,flow,5,400503,flow,1,7.36638391846805e-06,0.0001565311290102409,0.1004004945699357
296,12,404520,flow,5,400503,flow,2,1.9003991246573783e-05,0.00036055003155555,0.0957965883381009
296,12,404520,flow,5,400503,flow,3,0.002232267807954954,0.02197174055676783,0.06856968247828192
296,12,404520,flow,5,400503,flow,12,0.00022689677662424877,0.0032022021398783232,0.08264479251068489
296,12,404520,flow,6,405843,flow,1,0.0005346063463765714,0.0067019716086674066,0.07763435148831786
296,12,404520,flow,6,405843,flow,4,0.0018752599738782497,0.019151591222586382,0.0697298378191493
296,12,404520,flow,6,405843,flow,5,0.0006347219288176634,0.007772105250828532,0.07659574179758956
296,12,404520,flow,6,405843,flow,12,0.0004687437294314672,0.00599991973672278,0.07842155659230832
296,12,404520,flow,7,408093,flow,3,0.0018500413646292465,0.01893432526699442,0.06981927294443108
296,12,404520,flow,7,408093,flow,7,0.00330583387280362,0.0299339545991762,0.06589147760534314
296,12,404520,flow,7,408093,flow,11,3.846152905179777e-05,0.0006750392622344935,0.09223345167352248
296,12,404520,flow,8,401448,flow,5,0.0031915079773084166,0.029215632101209962,0.06613531042688411
296,12,404520,flow,9,402391,flow,1,2.908308933124018e-11,1.3746055351308268e-09,0.1485124627542493
296,12,404520,flow,9,402391,flow,2,2.0359100713581863e-09,7.866843925104977e-08,0.13399932682872806
296,12,404520,flow,9,402391,flow,3,3.168629711381913e-06,7.320042969609554e-05,0.1043380627146012
296,12,404520,flow,9,402391,flow,5,8.720957784634609e-05,0.0013943204156040528,0.0879294483328948
296,12,404520,flow,9,402391,flow,6,0.0002155254595661425,0.003057701101233943,0.08293671640568541
296,12,404520,flow,9,402391,flow,7,0.00042186859677517376,0.005477824881481066,0.07904736488670762
296,12,404520,flow,9,402391,flow,12,5.11991129638291e-09,1.880783741528416e-07,0.13063823880843545
296,12,404520,flow,10,400497,flow,1,6.0484771797970405e-27,8.539026606772293e-25,0.23786095364985455
296,12,404520,flow,10,400497,flow,5,3.1172531976526323e-13,1.9036613520782463e-11,0.16257870673086866
296,12,404520,flow,10,400497,flow,6,1.1798404247240303e-09,4.676064802575973e-08,0.13594913205953169
296,12,404520,flow,10,400497,flow,8,1.1643498688949905e-13,7.35378864565257e-12,-0.16547249119080604
296,12,404520,flow,10,400497,flow,9,1.9172848325602138e-21,2.060365790213961e-19,-0.2111089182702278
296,12,404520,flow,10,400497,flow,11,8.658161353064929e-17,7.057218310422734e-15,0.18523591259627215
296,12,404520,flow,10,400497,flow,12,5.329133669659428e-53,1.5555309089816708e-50,0.3341291315135769
296,12,404520,flow,11,405841,flow,2,0.004034754391989809,0.03510602008740377,0.06449625543138737
296,12,404520,flow,11,405841,flow,7,0.003043026550447816,0.028167719515608668,0.06646414935171058
296,12,404520,flow,11,405841,flow,12,5.790623127722652e-08,1.8140313206498808e-06,0.12136302933494592
296,12,404520,flow,12,404520,flow,1,0.0,0.0,0.8316925325150701
296,12,404520,flow,12,404520,flow,2,3.589016500557439e-06,8.147425792121985e-05,-0.10371347986651684
296,12,404520,flow,12,404520,flow,3,6.034907400526224e-19,5.5469787170794225e-17,-0.1976209698889432
296,12,404520,flow,12,404520,flow,4,1.9228337767102456e-09,7.476725396389073e-08,-0.1341713521150918
296,12,404520,flow,12,404520,flow,8,0.000992754998127209,0.0113039050920125,-0.07382883014018433
296,12,404520,flow,12,404520,flow,10,4.799972585384179e-06,0.00010584931888136628,0.10241745903728139
296,12,404520,flow,12,404520,flow,11,7.54711863258568e-18,6.456149008469334e-16,0.19145086775406348
296,12,404520,flow,12,404520,flow,12,1.4333330861323068e-28,2.127834684567548e-26,0.24515730258267737
296,12,404520,flow,13,400183,flow,2,0.0008051377232504446,0.009511060881711568,0.07513578301549535
296,12,404520,flow,13,400183,flow,4,0.003090148568128957,0.02851835465566566,0.06635823458705384
296,12,404520,flow,13,400183,flow,8,0.003946779118650947,0.034493396302998365,0.06465187972311161
296,12,404520,flow,15,401472,flow,1,3.012438405686747e-59,1.0166979619192772e-56,0.352682500901645
296,12,404520,flow,15,401472,flow,2,2.987675132838931e-25,3.959127783393921e-23,0.22998527919325198
296,12,404520,flow,15,401472,flow,3,0.00019898734635869332,0.002858328756940514,0.08338817872287557
296,12,404520,flow,15,401472,flow,6,1.9641625598074706e-06,4.777692713045199e-05,0.10650904250345282
296,12,404520,flow,15,401472,flow,8,7.729596914688368e-10,3.147206283831645e-08,-0.1374417475967992
296,12,404520,flow,15,401472,flow,9,1.2669510319431542e-35,2.3900560951940723e-33,-0.2743391085604675
296,12,404520,flow,15,401472,flow,10,3.1067101320894927e-12,1.663800831621931e-10,-0.1556093513909709
296,12,404520,flow,15,401472,flow,11,0.0004317817071164923,0.005588067629548373,0.07890979128742073
296,12,404520,flow,15,401472,flow,12,1.2233253521728598e-54,3.721665860131517e-52,0.3391203648922819
296,12,404520,flow,16,405838,flow,1,4.529248555975953e-07,1.2488952067282518e-05,0.11292102544434726
296,12,404520,flow,16,405838,flow,5,0.00012861671493589007,0.0019661153875550077,0.08581784923169068
296,12,404520,flow,16,405838,flow,6,0.0004697019209149645,0.006009551409362902,0.07840938345667496
296,12,404520,flow,16,405838,flow,12,0.00025378615276928945,0.0035309377776596793,0.08200566835755217
296,12,404520,flow,17,400260,flow,1,3.652151554809049e-09,1.3695568330533935e-07,0.1318792718567255
296,12,404520,flow,17,400260,flow,2,0.0003410283594889792,0.004562534880744472,0.08029757638652288
296,12,404520,flow,17,400260,flow,3,1.486908569291259e-05,0.00029131269928971604,0.09700810959496227
296,12,404520,flow,17,400260,flow,4,0.002857789159463712,0.026727969623042296,0.06689553808655017
296,12,404520,flow,17,400260,flow,5,6.371260933050342e-09,2.3148736106625296e-07,0.129828742777781
296,12,404520,flow,17,400260,flow,6,7.420564140043957e-13,4.279951546727623e-11,0.15998595634058924
296,12,404520,flow,17,400260,flow,7,9.353223922649454e-07,2.4340920087858822e-05,0.10979633430576755
296,12,404520,flow,17,400260,flow,9,9.576432407169104e-07,2.4817149369508414e-05,-0.10969328443171834
296,12,404520,flow,17,400260,flow,10,5.903227127620344e-06,0.0001274459829651169,-0.10144791863220606
296,12,404520,flow,17,400260,flow,11,0.00032260112691394316,0.00435547543411986,-0.08062117765808555
296,12,404520,flow,17,400260,flow,12,0.000825216497924438,0.009704357477416872,0.07498313573824444
296,12,404520,flow,18,404528,flow,1,3.507956245909167e-10,1.481365687422053e-08,0.1401878514554297
296,12,404520,flow,18,404528,flow,2,4.106245917425475e-19,3.831313685373229e-17,0.19859967412267804
296,12,404520,flow,18,404528,flow,3,3.9975592673278205e-10,1.6799081745969052e-08,0.13973741210563229
296,12,404520,flow,18,404528,flow,4,1.4175759219070543e-08,4.86026030368133e-07,0.12682491936816476
296,12,404520,flow,18,404528,flow,5,1.1150935960883423e-05,0.00022605369944165362,0.09841122464472696
296,12,404520,flow,18,404528,flow,6,6.855362676764111e-06,0.00014646472187745282,0.10074170613269252
296,12,404520,flow,18,404528,flow,7,7.0506769661840245e-06,0.0001503401998712487,0.10060851104757039
296,12,404520,flow,18,404528,flow,12,5.438662470729769e-05,0.0009228209691104713,0.09043496608599845
296,12,404520,flow,19,401795,flow,1,5.872247783104895e-06,0.0001269040041171243,0.10147268441952256
296,12,404520,flow,19,401795,flow,2,4.145235169655293e-05,0.000722947756677871,0.09184746679588136
296,12,404520,flow,19,401795,flow,3,0.004820211934198359,0.04030913454945288,0.06322878063986402
296,12,404520,flow,19,401795,flow,4,0.0018980116384525647,0.019333671959714877,0.06965009372967707
296,12,404520,flow,19,401795,flow,5,1.6135362517327343e-08,5.479934439847022e-07,0.12633201487360632
296,12,404520,flow,19,401795,flow,6,0.00011822067199975817,0.0018272390090839188,0.08627992790837093
296,12,404520,flow,19,401795,flow,7,1.7141378964671214e-06,4.238738244269012e-05,0.10711949847291534
296,12,404520,flow,19,401795,flow,9,0.0016640561346560141,0.01741032332698954,-0.07051573514838326
296,12,404520,flow,19,401795,flow,10,9.987007678553876e-07,2.5696172228322064e-05,-0.10950962539810344
296,12,404520,occupancy,2,400331,flow,8,0.005040395137009686,0.041673697592118364,-0.06290711550397203
296,12,404520,occupancy,2,400331,flow,9,0.0035192146741631607,0.031424157487360174,-0.065456226554761
296,12,404520,occupancy,2,400331,flow,12,0.0023906807197461685,0.02322928634571176,-0.06810859495051472
296,12,404520,occupancy,3,400039,flow,1,0.00015688546240775756,0.002332227108057511,0.08471954725626749
296,12,404520,occupancy,5,400503,flow,1,2.977237603416265e-09,1.1272275588745192e-07,0.13262432596199977
296,12,404520,occupancy,5,400503,flow,3,4.461367258951149e-05,0.0007724692007482551,-0.09146718724428649
296,12,404520,occupancy,5,400503,flow,4,0.0010318461757941296,0.011675158406051964,-0.07358563362197947
296,12,404520,occupancy,5,400503,flow,5,0.0018222218915309027,0.018707220939670862,-0.06991923949917221
296,12,404520,occupancy,5,400503,flow,6,0.0008886569896668359,0.010300504951330107,-0.07452249082306654
296,12,404520,occupancy,5,400503,flow,7,0.0005020377328585435,0.006345317050124839,-0.07801158167739913
296,12,404520,occupancy,5,400503,flow,8,1.950585515480031e-05,0.0003689102681083273,-0.0956670464632408
296,12,404520,occupancy,5,400503,flow,9,1.7498321989077275e-05,0.0003353715660728209,-0.09620574674572825
296,12,404520,occupancy,5,400503,flow,10,4.4838074970009704e-06,9.93335814720215e-05,-0.1027348840082544
296,12,404520,occupancy,5,400503,flow,11,1.3463231132591671e-06,3.377535336399304e-05,-0.10819435841800946
296,12,404520,occupancy,5,400503,flow,12,1.1280923492767583e-07,3.4031836235164774e-06,-0.11868958548740531
296,12,404520,occupancy,6,405843,flow,2,0.00012298852421272586,0.0018874260198897895,-0.08606344509455759
296,12,404520,occupancy,6,405843,flow,3,8.277956809656879e-06,0.00017351175845569004,-0.09984446256090886
296,12,404520,occupancy,6,405843,flow,4,0.00017034564267530145,0.0024979401777233613,-0.08423955475801434
296,12,404520,occupancy,6,405843,flow,5,7.01200281528147e-05,0.0011517814510272225,-0.08907240870893736
296,12,404520,occupancy,6,405843,flow,6,9.388692215580049e-07,2.4374489405832823e-05,-0.10977980240213868
296,12,404520,occupancy,6,405843,flow,7,1.3419950174478698e-07,4.003742041004694e-06,-0.11798390044568806
296,12,404520,occupancy,6,405843,flow,8,1.463877376422051e-09,5.754276857273212e-08,-0.13518152404602088
296,12,404520,occupancy,6,405843,flow,9,8.788508410696679e-12,4.4044496907435795e-10,-0.15235117686107236
296,12,404520,occupancy,6,405843,flow,10,8.619773513573003e-12,4.370589387163777e-10,-0.15241256120888513
296,12,404520,occupancy,6,405843,flow,11,6.975858662939354e-08,2.1571731871079464e-06,-0.12062228592132865
296,12,404520,occupancy,6,405843,flow,12,2.3190728930131157e-05,0.00042978957090590564,-0.09480290679757604
296,12,404520,occupancy,7,408093,flow,4,0.001761763447195241,0.01824185209589853,-0.07014141504316214
296,12,404520,occupancy,7,408093,flow,5,0.0005686741332095274,0.007063462494149392,-0.07726199815930178
296,12,404520,occupancy,7,408093,flow,6,0.0005905925684889593,0.0073000283143699685,-0.07703326038485445
296,12,404520,occupancy,7,408093,flow,7,0.00030059309442499954,0.004104802416882306,-0.0810311265686446
296,12,404520,occupancy,7,408093,flow,8,4.847582914735855e-06,0.00010651860728209,-0.10237140185828048
296,12,404520,occupancy,7,408093,flow,9,5.038172861016139e-07,1.3766544439968196e-05,-0.11246738445940394
296,12,404520,occupancy,7,408093,flow,10,3.6236561921584295e-06,8.217425065682107e-05,-0.10372120046942339
296,12,404520,occupancy,7,408093,flow,11,6.356520213316254e-05,0.001058100063324156,-0.08961460197923056
296,12,404520,occupancy,7,408093,flow,12,9.089097333314912e-05,0.001446221012151765,-0.087706940070138
296,12,404520,occupancy,8,401448,flow,1,1.125346332246172e-10,5.001539254427431e-09,0.14404846059257967
296,12,404520,occupancy,8,401448,flow,2,8.43562592723979e-11,3.792081582276368e-09,0.14501082383130964
296,12,404520,occupancy,8,401448,flow,3,8.5329986803635e-10,3.432267625621072e-08,0.1370941862895584
296,12,404520,occupancy,8,401448,flow,4,3.600003747471069e-08,1.1658183050281123e-06,0.12323412363390389
296,12,404520,occupancy,8,401448,flow,5,6.015215318539299e-09,2.1947407243319067e-07,0.13004211100262927
296,12,404520,occupancy,8,401448,flow,6,1.941491657302435e-07,5.640379259950585e-06,0.11646922324331482
296,12,404520,occupancy,8,401448,flow,7,9.678675896105318e-07,2.5032629081291962e-05,0.10964685050108815
296,12,404520,occupancy,8,401448,flow,8,1.8362088332309156e-06,4.494290175386717e-05,0.10681147928252761
296,12,404520,occupancy,8,401448,flow,9,3.499564871504972e-05,0.0006190876431163587,0.09271807931936932
296,12,404520,occupancy,8,401448,flow,10,0.00010226790525729441,0.0016042130358829836,0.08706941298808973
296,12,404520,occupancy,8,401448,flow,11,7.288554826674558e-05,0.0011926726080012913,0.08888911667841315
296,12,404520,occupancy,8,401448,flow,12,0.0009939428242014988,0.011311467335485971,0.07382131087218531
296,12,404520,occupancy,9,402391,flow,1,7.757559880890329e-09,2.774226712371376e-07,0.1290956512960657
296,12,404520,occupancy,9,402391,flow,2,1.7246798288984026e-06,4.2574953490520564e-05,0.10709208041316695
296,12,404520,occupancy,9,402391,flow,3,6.0753690436588245e-05,0.0010176655396900397,0.08985328699371116
296,12,404520,occupancy,9,402391,flow,4,0.0009302651717478657,0.01071118549504706,0.07423664234848798
296,12,404520,occupancy,9,402391,flow,5,0.0017148127520166616,0.017833392124968653,0.07031883708847493
296,12,404520,occupancy,9,402391,flow,6,0.0009764050850003068,0.011155963943933683,0.07393318429287873
296,12,404520,occupancy,9,402391,flow,7,0.0025622100660690175,0.02456991672678836,0.06763983838763112
296,12,404520,occupancy,10,400497,flow,1,1.4446711690106415e-06,3.613769224160956e-05,0.10788165507550808
296,12,404520,occupancy,10,400497,flow,4,0.00034672093353759804,0.004628660175780048,0.08020091097579088
296,12,404520,occupancy,10,400497,flow,5,0.00042093395707017004,0.005468976524941759,0.07906049094215743
296,12,404520,occupancy,10,400497,flow,12,1.375033649534083e-05,0.0002716115850931522,-0.09739138129192988
296,12,404520,occupancy,11,405841,flow,1,4.852523198955739e-06,0.0001065188019282967,-0.10236664755429473
296,12,404520,occupancy,11,405841,flow,2,1.2350055016217623e-07,3.705016504865287e-06,-0.11832207950164439
296,12,404520,occupancy,11,405841,flow,3,6.432377549294985e-07,1.7238133382726013e-05,-0.11141996940646896
296,12,404520,occupancy,11,405841,flow,4,2.4398518834191134e-06,5.7817663940595555e-05,-0.10552978052436701
296,12,404520,occupancy,11,405841,flow,5,1.4298114604692e-07,4.24229773985367e-06,-0.11772526397975107
296,12,404520,occupancy,11,405841,flow,6,2.695782055414514e-05,0.0004917315050036623,-0.09404522242678383
296,12,404520,occupancy,11,405841,flow,7,8.700182940577624e-06,0.00018121885392138542,-0.09960648466666294
296,12,404520,occupancy,11,405841,flow,8,1.5229990875230904e-08,5.192861924309195e-07,-0.12655207719723072
296,12,404520,occupancy,11,405841,flow,9,1.4215462221593554e-07,4.223576120858607e-06,-0.11774894250959209
296,12,404520,occupancy,11,405841,flow,10,1.566196339352613e-06,3.895203331032405e-05,-0.10752236662343703
296,12,404520,occupancy,11,405841,flow,11,6.920890506196871e-08,2.144780989007926e-06,-0.12065384459697735
296,12,404520,occupancy,11,405841,flow,12,2.1910222217977186e-08,7.286540414292644e-07,-0.1251598275901374
296,12,404520,occupancy,12,404520,flow,2,0.003241964498524186,0.029534556376264197,-0.06602673298709241
296,12,404520,occupancy,12,404520,flow,3,0.000339829371294386,0.004550721897060594,-0.08031812854094597
296,12,404520,occupancy,12,404520,flow,4,0.004200041803702041,0.036173881474778194,-0.06421201418113401
296,12,404520,occupancy,12,404520,flow,7,0.0028345471217618955,0.026557049948245058,-0.06695145447271807
296,12,404520,occupancy,12,404520,flow,8,0.0002465572320611959,0.0034424625644808964,-0.08217100659693036
296,12,404520,occupancy,12,404520,flow,9,3.234990880843132e-06,7.449652904941174e-05,-0.10424300392523697
296,12,404520,occupancy,12,404520,flow,10,8.50307636617946e-07,2.2330267417565513e-05,-0.11021177848271785
296,12,404520,occupancy,12,404520,flow,11,5.0730652873956016e-08,1.6114442677609559e-06,-0.12188662651686616
296,12,404520,occupancy,12,404520,flow,12,2.837059407453439e-11,1.3423983176559536e-09,-0.14859303779834437
296,12,404520,occupancy,13,400183,flow,1,5.424184341177567e-07,1.4718892182089882e-05,-0.11215185892365173
296,12,404520,occupancy,13,400183,flow,2,4.839402048412033e-07,1.3265366021027907e-05,-0.1126390669109728
296,12,404520,occupancy,13,400183,flow,3,3.499141849192527e-09,1.315604246171603e-07,-0.13203567993586762
296,12,404520,occupancy,13,400183,flow,4,1.4198079583699354e-10,6.245998350466519e-09,-0.14326765215610526
296,12,404520,occupancy,13,400183,flow,5,1.0323714903916144e-09,4.1104560723426496e-08,-0.1364221280557424
296,12,404520,occupancy,13,400183,flow,6,3.6746589481104735e-13,2.2233230610416308e-11,-0.16209016459076586
296,12,404520,occupancy,13,400183,flow,7,2.490338843843237e-15,1.7636498041643907e-13,-0.17630566117546295
296,12,404520,occupancy,13,400183,flow,8,6.585120816847825e-15,4.544364525364633e-13,-0.17363162092310439
296,12,404520,occupancy,13,400183,flow,9,1.0787262112797643e-16,8.726773844061015e-15,-0.18466512918215985
296,12,404520,occupancy,13,400183,flow,10,8.944404420251771e-15,6.133305888172642e-13,-0.17278069882497077
296,12,404520,occupancy,13,400183,flow,11,8.748301349796281e-12,4.3944955617581325e-10,-0.1523656984745592
296,12,404520,occupancy,13,400183,flow,12,2.262557018902428e-12,1.2372463698301883e-10,-0.15658916608489948
296,12,404520,occupancy,14,401469,flow,1,0.0008775905578823453,0.010202344483454605,0.07460060366718757
296,12,404520,occupancy,14,401469,flow,2,0.0004900383239743391,0.006220880280837923,0.07815633719759094
296,12,404520,occupancy,14,401469,flow,3,0.0021366154310331086,0.0211895745226424,0.06886282292589789
296,12,404520,occupancy,14,401469,flow,4,0.005032467603501954,0.04164003073573729,0.06291847443941592
296,12,404520,occupancy,15,401472,flow,1,9.812573277008863e-19,8.84975293458837e-17,0.19648923179798025
296,12,404520,occupancy,15,401472,flow,5,0.0011767819323458269,0.013028441690758513,0.07275265356485575
296,12,404520,occupancy,15,401472,flow,6,0.0001897716793728196,0.002740934987932399,0.08365528115958465
296,12,404520,occupancy,15,401472,flow,10,6.642504193109848e-06,0.00014205751541700268,0.10089106078632085
296,12,404520,occupancy,15,401472,flow,11,1.017709802937444e-05,0.00020922973258399275,0.09885291198575571
296,12,404520,occupancy,16,405838,flow,1,1.2651590947493566e-15,9.21667333780307e-14,0.1781434883640463
296,12,404520,occupancy,16,405838,flow,2,2.4527573271980425e-12,1.33114468008738e-10,0.15634032126043299
296,12,404520,occupancy,16,405838,flow,3,9.442051771263039e-10,3.7768207085052154e-08,0.1367374644071344
296,12,404520,occupancy,16,405838,flow,4,1.4250389694629022e-08,4.874242555882611e-07,0.12680496688040463
296,12,404520,occupancy,16,405838,flow,5,4.9998359379409675e-08,1.5905221834981574e-06,0.12194404038064646
296,12,404520,occupancy,16,405838,flow,6,3.5104976244611345e-07,9.879706669493225e-06,0.11399944591878752
296,12,404520,occupancy,16,405838,flow,7,2.9833639699077754e-05,0.0005372293601501288,0.09353178010870587
296,12,404520,occupancy,16,405838,flow,8,0.0008963934966137439,0.010359603813192547,0.07446841574298307
296,12,404520,occupancy,17,400260,flow,1,1.4961258328874447e-10,6.548392703215563e-09,0.14309118035799695
296,12,404520,occupancy,17,400260,flow,2,1.0532491293806491e-06,2.6971169169676375e-05,0.10927654459191982
296,12,404520,occupancy,17,400260,flow,3,0.0006869055217861723,0.008307479994726384,0.07611346976409678
296,12,404520,occupancy,18,404528,flow,3,0.0004060046480760367,0.0053021163231211565,-0.07927392984495492
296,12,404520,occupancy,18,404528,flow,4,1.5746824181654126e-05,0.0003051040213575917,-0.09672618097865039
296,12,404520,occupancy,18,404528,flow,5,3.031188559884533e-06,7.03261792626272e-05,-0.1045411630502708
296,12,404520,occupancy,18,404528,flow,6,1.0754987774105295e-07,3.253609746788156e-06,-0.11888292020185642
296,12,404520,occupancy,18,404528,flow,7,3.757273726725246e-08,1.2131107996601692e-06,-0.12306693133732036
296,12,404520,occupancy,18,404528,flow,8,1.7554555045462645e-09,6.86295726664241e-08,-0.1345317969223757
296,12,404520,occupancy,18,404528,flow,9,5.422198865791144e-12,2.805257377271586e-10,-0.15387301036798665
296,12,404520,occupancy,18,404528,flow,10,2.191715111650789e-13,1.346829200900627e-11,-0.16361984048381947
296,12,404520,occupancy,18,404528,flow,11,3.3409903270272093e-12,1.7752863730329083e-10,-0.1553838014780394
296,12,404520,occupancy,18,404528,flow,12,4.045900642034857e-12,2.1289026520816785e-10,-0.15478830733923696
296,12,404520,occupancy,19,401795,flow,1,2.0610139428914847e-38,4.1412001085075414e-36,0.28494509995981304
296,12,404520,occupancy,19,401795,flow,2,2.735888976150127e-29,4.1763393558192755e-27,0.24831038210091977
296,12,404520,occupancy,19,401795,flow,3,6.735130619523124e-22,7.403502360391831e-20,0.21345637812043905
296,12,404520,occupancy,19,401795,flow,4,3.281657136548288e-17,2.7210669539133595e-15,0.18773287877375763
296,12,404520,occupancy,19,401795,flow,5,1.5326041736641915e-16,1.2215590461677689e-14,0.18374958250425258
296,12,404520,occupancy,19,401795,flow,6,1.0554925024255095e-15,7.807752757668153e-14,0.17863187941774028
296,12,404520,occupancy,19,401795,flow,7,4.3254814831344053e-13,2.5809502772293692e-11,0.16160442861813729
296,12,404520,occupancy,19,401795,flow,8,7.176556955698045e-11,3.2497616403160955e-09,0.14554778249055855
296,12,404520,occupancy,19,401795,flow,9,2.5891872305033306e-12,1.399910993213315e-10,0.15617321420590313
296,12,404520,occupancy,19,401795,flow,10,5.311891547224595e-12,2.754786492678302e-10,0.1539374407112159
296,12,404520,occupancy,19,401795,flow,11,4.0001815407965475e-12,2.109985867672904e-10,0.15482372283223103
296,12,404520,occupancy,19,401795,flow,12,3.5166066133955205e-10,1.4821210312066975e-08,0.14017937352290616
296,12,404520,speed,4,400316,flow,1,0.0010879514442309291,0.012194992836215914,0.07325107484706134
296,12,404520,speed,4,400316,flow,3,0.00038834476312663393,0.005094592701813115,0.07953607587927738
296,12,404520,speed,4,400316,flow,10,0.005083793449337906,0.04196825473177862,-0.06284521693670155
296,12,404520,speed,4,400316,flow,11,5.95728658814207e-06,0.0001285488414624063,-0.1014049981242071
296,12,404520,speed,6,405843,flow,1,0.00446875324768469,0.038011906014261604,-0.06375482690339937
296,12,404520,speed,6,405843,flow,6,0.0001495731596115793,0.0022373824429432914,-0.08498457800638459
296,12,404520,speed,7,408093,flow,12,0.0021916504637669526,0.021653981568427946,0.06869272683844346
296,12,404520,speed,10,400497,flow,3,5.6805754105150716e-05,0.0009589716988442794,0.09020672234197853
296,12,404520,speed,10,400497,flow,10,0.003931649262866263,0.03438974167251689,-0.06467896044961037
296,12,404520,speed,10,400497,flow,11,0.0015367138723179057,0.01627507704930952,-0.07103515667448249
296,12,404520,speed,11,405841,flow,3,1.1096465532701166e-05,0.00022547850941330685,0.09843493954079553
296,12,404520,speed,12,404520,flow,1,0.0003800283298039297,0.005006777629621763,0.07966340440472588
296,12,404520,speed,12,404520,flow,3,1.6251517804463428e-05,0.0003141232971600985,0.09657078006464462
296,12,404520,speed,12,404520,flow,11,0.0011130390130107658,0.012421411873434535,-0.07310660870143271
296,12,404520,speed,15,401472,flow,3,2.01618491317843e-06,4.8771384893911994e-05,0.10639145809701042
296,12,404520,speed,15,401472,flow,4,2.6532317621777356e-06,6.249706222795975e-05,0.10514888782818604
296,12,404520,speed,15,401472,flow,11,0.0001588880861977007,0.0023581700221221437,-0.08464899009431999
296,12,404520,speed,15,401472,flow,12,0.00116622898749582,0.012934811876718723,-0.07281001002609434
296,12,404520,speed,16,405838,flow,1,0.0002043906602777464,0.002925671479124799,-0.08323692397630715
296,12,404520,speed,16,405838,flow,2,0.00554581431155447,0.04490323952927958,-0.062214257232142224
296,12,404520,speed,16,405838,flow,5,0.0005754413116213623,0.0071311195034466516,-0.07719051400927739
296,12,404520,speed,16,405838,flow,6,0.003723588772912742,0.03290896787844322,-0.06506128920653423
296,12,404520,speed,17,400260,flow,1,3.161025417431114e-05,0.0005673298630370757,-0.09323760032626
296,12,404520,speed,17,400260,flow,3,0.001394692787722757,0.015010146594325636,-0.07166341245787858
296,12,404520,speed,19,401795,flow,11,0.003931483813743975,0.03438974167251689,-0.06467925710716109
296,12,404520,speed,19,401795,flow,12,0.001232254055777134,0.0135247396365783,-0.07245874854896532
296,13,400183,flow,0,400593,flow,7,0.004851749671447132,0.040470281097995005,0.06318190230043011
296,13,400183,flow,0,400593,flow,10,6.423261509472112e-05,0.0010684824690381026,0.08955940985900707
296,13,400183,flow,0,400593,flow,11,0.0006063324432462086,0.007462553147645644,0.07687382274465598
296,13,400183,flow,0,400593,flow,12,0.0008466090118391858,0.009895925256787506,0.07482424357793827
296,13,400183,flow,2,400331,flow,7,0.0011907348766433121,0.01313914346640896,0.07267754246261533
296,13,400183,flow,2,400331,flow,11,0.0019907358268955178,0.020112204799318606,0.06933391449532095
296,13,400183,flow,5,400503,flow,5,0.0018460144974056633,0.01892449603415393,0.0698336573150216
296,13,400183,flow,5,400503,flow,6,0.004398352742872328,0.037514084598634666,0.06388406855789101
296,13,400183,flow,5,400503,flow,11,0.0008911574472027056,0.010320143220734272,0.07450496609696779
296,13,400183,flow,6,405843,flow,2,0.001109527011298782,0.012390677662253375,0.07312665024574569
296,13,400183,flow,6,405843,flow,4,2.6659644939840303e-05,0.0004869073185406651,0.09410140365784488
296,13,400183,flow,6,405843,flow,7,0.0016940254519297593,0.01766398733366295,0.07039882009750431
296,13,400183,flow,6,405843,flow,10,0.004977740369502419,0.04125832386080286,0.06299733410980898
296,13,400183,flow,7,408093,flow,2,0.00032559104005893915,0.004388621819203174,0.08056751540195152
296,13,400183,flow,7,408093,flow,3,0.00470793296941308,0.03959943619132497,0.0633979568830219
296,13,400183,flow,7,408093,flow,4,1.400947861699322e-05,0.0002759733133853658,0.09730002479600344
296,13,400183,flow,7,408093,flow,5,0.0049348261154554315,0.041004902517344614,0.06305972170795646
296,13,400183,flow,7,408093,flow,10,0.0005075144762097479,0.006412584197795001,0.07794658115094011
296,13,400183,flow,7,408093,flow,12,0.0008156117215715901,0.009619008018534722,0.0750557204951874
296,13,400183,flow,8,401448,flow,12,0.002847966971296962,0.026653417062397912,0.06691911779382319
296,13,400183,flow,9,402391,flow,7,0.0009812340021952812,0.011196330928377218,0.07390219627357464
296,13,400183,flow,10,400497,flow,12,0.00030986592009006614,0.0042068534719958695,0.08085508454931847
296,13,400183,flow,11,405841,flow,1,0.0015338016748507747,0.01625220317722675,0.07104749242337724
296,13,400183,flow,11,405841,flow,3,0.00011078628694472301,0.001725498843975564,0.08663447845390661
296,13,400183,flow,11,405841,flow,6,0.0012291016941845226,0.013500430508205282,0.07247512001875592
296,13,400183,flow,13,400183,flow,1,7.414682003344411e-07,1.9639133203217566e-05,0.11075081771938866
296,13,400183,flow,13,400183,flow,2,1.6030288995170703e-16,1.272993537851791e-14,0.18358663204428155
296,13,400183,flow,13,400183,flow,3,3.4694842548934977e-25,4.5556753742066597e-23,0.22962112454534922
296,13,400183,flow,13,400183,flow,4,2.0670438451065695e-31,3.408255500328389e-29,0.2572984635647273
296,13,400183,flow,13,400183,flow,5,6.86482237423051e-31,1.1065683827117836e-28,0.25510870225724297
296,13,400183,flow,13,400183,flow,6,3.59274823211561e-15,2.507378410781815e-13,0.17530275237287393
296,13,400183,flow,13,400183,flow,7,0.005224278951236809,0.042817084176329,0.0626480654834753
296,13,400183,flow,13,400183,flow,8,0.004459051112343791,0.037956848877488035,0.06378636828306901
296,13,400183,flow,13,400183,flow,10,3.3085200657254525e-07,9.335602014326554e-06,0.11424884632175715
296,13,400183,flow,13,400183,flow,11,0.0031311591252399695,0.02881680319777731,0.06626724734862563
296,13,400183,flow,13,400183,flow,12,0.004504459470188677,0.038239768996162014,0.06371406316947274
296,13,400183,flow,17,400260,flow,3,0.00045066613760842103,0.0058007370231691205,0.07865567667212361
296,13,400183,flow,17,400260,flow,5,0.00011384206246116477,0.001769056510187884,0.08648611014775595
296,13,400183,flow,17,400260,flow,11,2.2126207012308003e-05,0.0004123607173993554,0.09503829305215099
296,13,400183,flow,18,404528,flow,1,8.821169603716939e-05,0.0014082576750945003,0.08786801353253283
296,13,400183,flow,18,404528,flow,2,0.0027666612104671473,0.02606756036906887,0.06711720554031556
296,13,400183,flow,18,404528,flow,3,1.10886327427409e-05,0.0002254253809347797,0.09843835884712876
296,13,400183,flow,18,404528,flow,11,0.006224160593989421,0.0490305867360217,0.06136884532801883
296,13,400183,occupancy,8,401448,flow,12,0.002815567264061053,0.026407404647728505,0.06699742793316656
296,13,400183,occupancy,13,400183,flow,1,0.0007558842858602109,0.009016772980330113,0.0755257251125838
296,13,400183,occupancy,13,400183,flow,3,1.5281620831322263e-11,7.493371395154617e-10,-0.15058888466227938
296,13,400183,occupancy,13,400183,flow,4,8.542732863599418e-09,3.037416129279793e-07,-0.12873514141959144
296,13,400183,occupancy,13,400183,flow,5,1.4265910765344192e-14,9.72062058458784e-13,-0.17147504235209057
296,13,400183,occupancy,14,401469,flow,3,0.001699074945519345,0.017703819982256563,0.07037930862383542
296,13,400183,occupancy,16,405838,flow,4,0.002054468527481566,0.020606696166056107,0.06912433470594531
296,13,400183,occupancy,17,400260,flow,3,0.001670005603507481,0.017451437366115912,0.07049237218475131
296,13,400183,occupancy,17,400260,flow,11,0.002974519901704334,0.02762236882064214,0.06662082730699029
296,13,400183,occupancy,18,404528,flow,3,0.0005170619028882801,0.006508471504887442,0.07783481452403646
296,13,400183,speed,10,400497,flow,9,0.004695490478240545,0.039502850257105045,-0.06341692860607104
296,13,400183,speed,15,401472,flow,10,0.002856952849012663,0.026725933970841713,-0.06689754289935662
296,13,400183,speed,15,401472,flow,11,0.004228176068124891,0.036356927974322314,-0.06416464536805803
296,14,401469,flow,0,400593,flow,1,0.0015238366374644252,0.016174383965224366,0.07108986693293731
296,14,401469,flow,1,400125,flow,8,0.00016895106889202268,0.0024804453045937282,-0.08430663599668291
296,14,401469,flow,7,408093,flow,6,0.0007201861716215699,0.008666307134833375,-0.07582337357211548
296,14,401469,flow,8,401448,flow,5,0.004436062925142315,0.03779840598937831,0.06382322762808522
296,14,401469,flow,8,401448,flow,8,0.005997094993982309,0.047685349482796936,0.06164217288499523
296,14,401469,flow,10,400497,flow,2,0.0026906248820331284,0.025478955480892403,-0.0673073232043302
296,14,401469,flow,10,400497,flow,8,0.00512907440659906,0.04222402310693804,-0.06278113989404807
296,14,401469,flow,10,400497,flow,10,0.00026552728519424766,0.0036777103944826864,0.08174630680917769
296,14,401469,flow,13,400183,flow,11,0.003788940958354538,0.03339772483185391,-0.0649391529204823
296,14,401469,flow,13,400183,flow,12,0.006179260031988448,0.04878363183148775,-0.061422173937370386
296,14,401469,flow,14,401469,flow,1,5.719216405217827e-89,2.3756745067827894e-86,0.42712115120490207
296,14,401469,flow,14,401469,flow,2,8.843645138119565e-27,1.2284420256166084e-24,0.23704836584967545
296,14,401469,flow,14,401469,flow,3,0.004354208159961059,0.037225765388940776,0.0639558937817501
296,14,401469,flow,14,401469,flow,5,1.0000650738686131e-08,3.504199879089726e-07,0.12814381538459402
296,14,401469,flow,14,401469,flow,6,1.3662846654079437e-07,4.073395275750391e-06,0.1179107628380463
296,14,401469,flow,14,401469,flow,11,0.0015795541512713565,0.016651229705935237,0.07085613315053312
296,14,401469,flow,15,401472,flow,2,0.00024467778958031715,0.0034218454224246363,-0.08221473680300581
296,14,401469,flow,15,401472,flow,8,0.0030120884167247845,0.027917232268292357,-0.06653450393658915
296,14,401469,flow,15,401472,flow,12,4.358715405731897e-05,0.000756818752120651,0.09158778862635122
296,14,401469,flow,16,405838,flow,1,0.0009398105766725748,0.010806445811087367,0.07417273741906152
296,14,401469,flow,16,405838,flow,6,4.7751641490467466e-05,0.0008208797900470333,0.09111418080322001
296,14,401469,flow,17,400260,flow,6,0.003386274886151813,0.030501892218882047,0.06572447287690664
296,14,401469,flow,17,400260,flow,9,0.004629120939672059,0.039065837974962485,-0.06351890065150002
296,14,401469,flow,19,401795,flow,5,0.000375833304102448,0.004961748667400982,0.07972862289756356
296,14,401469,occupancy,4,400316,flow,11,0.004782518424640343,0.04002417589005479,0.06328517422691633
296,14,401469,occupancy,6,405843,flow,11,0.00026858296042293775,0.0037128908448866914,0.08168056989911975
296,14,401469,occupancy,10,400497,flow,2,0.001623463390576394,0.017047549458653433,-0.07067721959276864
296,14,401469,occupancy,10,400497,flow,5,4.4908945485280066e-05,0.0007769589287000796,0.09143298380974872
296,14,401469,occupancy,10,400497,flow,8,1.5971664875767716e-05,0.0003089905609642478,-0.09665637257679541
296,14,401469,occupancy,10,400497,flow,11,0.0011045988725577262,0.012355948030681971,0.07315487215834052
296,14,401469,occupancy,10,400497,flow,12,0.0019095698078532973,0.019437656856565136,0.06960991806604824
296,14,401469,occupancy,12,404520,flow,11,0.0031771349274218315,0.029122051530792087,0.06616652587274881
296,14,401469,occupancy,14,401469,flow,1,4.856061278498659e-06,0.00010651881306763178,-0.10236324551394634
296,14,401469,occupancy,14,401469,flow,3,0.0006109160684213083,0.007510408126294969,0.0768281162840739
296,14,401469,occupancy,14,401469,flow,8,0.0008444407882911191,0.009878316228466896,0.07484017745603853
296,14,401469,occupancy,15,401472,flow,1,0.000215693997462157,0.003059087554289292,0.08293228522845168
296,14,401469,occupancy,15,401472,flow,6,0.0007965879158670286,0.00942810903163168,0.07520185633012981
296,14,401469,occupancy,15,401472,flow,9,0.0016133275658035673,0.016953478677381197,-0.07071812057297297
296,14,401469,occupancy,15,401472,flow,12,7.431188775927693e-05,0.001214632444646524,0.08878591536920905
296,14,401469,occupancy,17,400260,flow,6,0.004736915986159516,0.039734906913027404,0.06335394021268959
296,14,401469,occupancy,17,400260,flow,12,0.0035579356421557495,0.031697838676248376,0.06537982804636676
296,14,401469,speed,1,400125,flow,11,0.004914912723541312,0.04089281781106112,0.06308883797502872
296,14,401469,speed,3,400039,flow,5,0.0024219386536206288,0.023464397810363573,-0.0680209289129973
296,14,401469,speed,4,400316,flow,11,0.0012568264102882406,0.013755992126793007,-0.07233244315337904
296,14,401469,speed,6,405843,flow,11,0.0006195975615629909,0.007601992235024484,-0.07674241436475449
296,14,401469,speed,6,405843,flow,12,4.110913035885966e-05,0.0007175411844455504,-0.09189039532882674
296,14,401469,speed,10,400497,flow,5,0.00018638956668286623,0.0026993058265839163,-0.08375637175979557
296,14,401469,speed,12,404520,flow,11,0.0011668397853421386,0.012938264560261906,-0.07280667722898199
296,15,401472,flow,0,400593,flow,1,0.0013853105767470987,0.0149166044156218,0.07170696391440362
296,15,401472,flow,0,400593,flow,2,0.005619757814761865,0.04536975099938564,0.06211771061479571
296,15,401472,flow,1,400125,flow,1,1.0546602258049024e-09,4.191473942481305e-08,0.1363465692105915
296,15,401472,flow,1,400125,flow,8,1.0937109255857194e-07,3.3063899219946174e-06,-0.11881495698855832
296,15,401472,flow,1,400125,flow,9,6.135289196539e-07,1.6503393106505905e-05,-0.11162344206020085
296,15,401472,flow,1,400125,flow,11,6.437620639831398e-06,0.00013822326622302006,0.10103920542532713
296,15,401472,flow,1,400125,flow,12,2.118906055903791e-14,1.4324998687800276e-12,0.17036054561695876
296,15,401472,flow,3,400039,flow,1,1.7213124375418715e-16,1.356947031054906e-14,0.18344581301797458
296,15,401472,flow,3,400039,flow,2,3.096549687367567e-06,7.176552923512816e-05,0.10444350002372117
296,15,401472,flow,3,400039,flow,9,0.00032157041764211227,0.004346633930581743,-0.08063978444416275
296,15,401472,flow,3,400039,flow,12,3.4554199951440564e-08,1.1265973116243264e-06,0.12339419634834112
296,15,401472,flow,4,400316,flow,1,5.840187395595592e-11,2.6726281301878133e-09,0.146229413337839
296,15,401472,flow,4,400316,flow,3,4.453832910432372e-09,1.648719637795017e-07,-0.13115164184120714
296,15,401472,flow,4,400316,flow,4,0.0029837382712058352,0.027693684556532337,-0.06659955409073064
296,15,401472,flow,4,400316,flow,8,0.0021849134422343144,0.021599144325977662,-0.06871333732091439
296,15,401472,flow,4,400316,flow,10,0.00017256163081880152,0.0025278611228796966,0.08418845927352699
296,15,401472,flow,4,400316,flow,11,5.947491227461595e-24,7.319989203029655e-22,0.22373890138119232
296,15,401472,flow,4,400316,flow,12,4.309287471097679e-21,4.518476183286886e-19,0.2092722815863116
296,15,401472,flow,5,400503,flow,1,6.654828212171624e-07,1.7779132885950162e-05,0.11127345670640257
296,15,401472,flow,5,400503,flow,12,0.003667432692308974,0.03248576836328638,0.06516780444074521
296,15,401472,flow,6,405843,flow,1,6.986724914250736e-06,0.00014912377287333586,0.10065173079023591
296,15,401472,flow,6,405843,flow,5,6.448721722258707e-05,0.0010723047667497156,0.08953849820171307
296,15,401472,flow,6,405843,flow,8,0.0015695438562507759,0.016561869709338917,-0.07089756115565791
296,15,401472,flow,6,405843,flow,10,3.176332382310758e-05,0.0005686674107029493,0.0932129940555902
296,15,401472,flow,6,405843,flow,11,8.177403703834546e-10,3.3015312150060974e-08,0.13724390611781015
296,15,401472,flow,6,405843,flow,12,2.970598032547321e-18,2.603039249615502e-16,0.19377072184376007
296,15,401472,flow,7,408093,flow,3,0.0051267202310643,0.04222402310693804,0.06278445867106443
296,15,401472,flow,7,408093,flow,5,0.0008484969270368058,0.009914813970243444,0.07481040040596698
296,15,401472,flow,7,408093,flow,6,0.005452721053431676,0.04426941355163474,0.062337471698469794
296,15,401472,flow,8,401448,flow,6,5.789142548679073e-05,0.0009742538297738058,0.09010726657143286
296,15,401472,flow,8,401448,flow,11,0.0024141808795578213,0.02339973390103161,0.06804258940286839
296,15,401472,flow,8,401448,flow,12,8.100369940937035e-05,0.0013096406491335327,0.08832543519618749
296,15,401472,flow,9,402391,flow,1,4.780389580535631e-13,2.8367146961420224e-11,0.16130581385453827
296,15,401472,flow,9,402391,flow,2,0.004928061493932729,0.04096445190261572,0.06306960063720725
296,15,401472,flow,9,402391,flow,11,0.0026314666055409653,0.025022971023413977,0.06745866385295782
296,15,401472,flow,9,402391,flow,12,1.329999544306864e-06,3.340463971747472e-05,0.10824837499145415
296,15,401472,flow,10,400497,flow,1,3.073188238546863e-15,2.1587273480524308e-13,0.17573091589040776
296,15,401472,flow,10,400497,flow,2,6.770169112065555e-07,1.805378429884148e-05,-0.11119933622009494
296,15,401472,flow,10,400497,flow,3,2.3159524723185918e-07,6.665499453974895e-06,-0.11573912327824547
296,15,401472,flow,10,400497,flow,4,2.2570637511104906e-05,0.0004197380716658338,0.0949387387816619
296,15,401472,flow,10,400497,flow,5,2.1325423555378073e-43,4.953001599958778e-41,0.3028352232975429
296,15,401472,flow,10,400497,flow,6,3.041829805566896e-19,2.862898640533549e-17,0.19932109943897447
296,15,401472,flow,10,400497,flow,7,0.0002233802198657741,0.003156697905855885,-0.08273357516868583
296,15,401472,flow,10,400497,flow,8,4.889677625937622e-28,7.112258365000178e-26,-0.24279159781809026
296,15,401472,flow,10,400497,flow,9,6.083508378372588e-08,1.9016466132105338e-06,-0.1211671819767045
296,15,401472,flow,10,400497,flow,10,1.9086464605767593e-30,3.0425655755319556e-28,0.25328808925985624
296,15,401472,flow,10,400497,flow,11,4.0841541355184966e-112,1.8971554694021404e-109,0.4746301068211421
296,15,401472,flow,10,400497,flow,12,9.283462036331278e-90,3.8936462132962254e-87,0.4290594036624629
296,15,401472,flow,11,405841,flow,3,0.0018007886528072028,0.01853563731266885,-0.06999721811083663
296,15,401472,flow,11,405841,flow,6,0.0004582190238102628,0.005883043753303782,0.07855681414349822
296,15,401472,flow,11,405841,flow,11,1.0189758113037127e-05,0.00020922973258399275,0.09884691555377056
296,15,401472,flow,11,405841,flow,12,3.6288650514754795e-06,8.222294565100901e-05,0.10371457827779328
296,15,401472,flow,12,404520,flow,1,0.00012879467156114724,0.0019681393036581397,0.08581025001928796
296,15,401472,flow,12,404520,flow,2,9.202532479490213e-12,4.5906397588219075e-10,-0.15220531597486037
296,15,401472,flow,12,404520,flow,3,3.669177960785052e-26,5.000267757284361e-24,-0.23425649155105713
296,15,401472,flow,12,404520,flow,4,1.4394937199842243e-05,0.0002828659830464111,-0.09716707393730654
296,15,401472,flow,12,404520,flow,6,0.00040833332669377856,0.005324479237298894,0.0792401602567657
296,15,401472,flow,12,404520,flow,10,3.7071392403070114e-10,1.5609007327608468e-08,0.13999762320161455
296,15,401472,flow,12,404520,flow,11,1.5140730380805194e-32,2.5751163482314345e-30,0.2620595744468687
296,15,401472,flow,12,404520,flow,12,1.1358403722941697e-19,1.1151887291615484e-17,0.20167038139409307
296,15,401472,flow,14,401469,flow,1,4.528614194946999e-05,0.000782231640230749,0.09138959932091784
296,15,401472,flow,14,401469,flow,2,0.002095686840653149,0.020899849766135396,0.06899194322981937
296,15,401472,flow,14,401469,flow,7,8.149934999279712e-06,0.00017141051215622375,0.09991891269556136
296,15,401472,flow,14,401469,flow,12,3.882350216823559e-07,1.0855503518885292e-05,0.11357448528238799
296,15,401472,flow,15,401472,flow,1,0.0,0.0,0.874409905465714
296,15,401472,flow,15,401472,flow,2,6.093854166149985e-09,2.2159469695090854e-07,-0.12999394798701527
296,15,401472,flow,15,401472,flow,3,1.6263562039201682e-22,1.8735623469160338e-20,-0.21660118513947899
296,15,401472,flow,15,401472,flow,4,4.049743524338442e-08,1.3036432209494835e-06,-0.12277329351233655
296,15,401472,flow,15,401472,flow,6,1.493981032213756e-09,5.8672709628758415e-08,0.1351088649682567
296,15,401472,flow,15,401472,flow,8,1.0090694622264638e-17,8.564204473120478e-16,-0.1907221631586148
296,15,401472,flow,15,401472,flow,9,1.2876747117274104e-36,2.4833726583314347e-34,-0.27816918893633985
296,15,401472,flow,15,401472,flow,11,5.117234284176225e-43,1.1821632143123686e-40,0.3014426620679211
296,15,401472,flow,15,401472,flow,12,1.918126425893259e-12,1.0569268061044489e-10,0.1570970562288282
296,15,401472,flow,16,405838,flow,1,2.2950298018969162e-09,8.828609745498377e-08,0.13356739632259057
296,15,401472,flow,16,405838,flow,2,1.2795725733475333e-06,3.2231798932136116e-05,0.1084193619951751
296,15,401472,flow,16,405838,flow,5,0.0002583093905546808,0.003584634009624867,0.08190444439950895
296,15,401472,flow,16,405838,flow,6,2.1181504398465225e-09,8.162720695929507e-08,0.1338567061753211
296,15,401472,flow,16,405838,flow,7,1.9451605232131623e-08,6.549566220016259e-07,0.1256171278482155
296,15,401472,flow,16,405838,flow,11,0.0004420720184190776,0.005705859335435957,0.07877006537186663
296,15,401472,flow,16,405838,flow,12,2.0797474237331595e-16,1.6305823721465063e-14,0.18294984198567663
296,15,401472,flow,17,400260,flow,1,2.072146801705044e-30,3.2910566850609522e-28,0.25313607519112963
296,15,401472,flow,17,400260,flow,2,4.127868390874686e-13,2.4801657091208125e-11,0.1617438771440916
296,15,401472,flow,17,400260,flow,5,2.840699597971397e-05,0.0005143261635891214,0.09378031452487007
296,15,401472,flow,17,400260,flow,6,5.426218300061981e-08,1.7173086488108247e-06,0.12162055049747798
296,15,401472,flow,17,400260,flow,7,3.2480697404461777e-07,9.177018494916604e-06,0.11432635039304852
296,15,401472,flow,17,400260,flow,9,1.5388633932272323e-06,3.838273590497485e-05,-0.10760078163725467
296,15,401472,flow,17,400260,flow,11,1.4383456553271621e-05,0.0002828244529364288,0.09717098451978957
296,15,401472,flow,17,400260,flow,12,4.556919686062713e-25,5.965422134482097e-23,0.22911493035942998
296,15,401472,flow,18,404528,flow,1,1.4701875315741847e-11,7.217284245909634e-10,0.15071276483458546
296,15,401472,flow,18,404528,flow,12,2.1123353802734686e-05,0.00039625570006240137,0.09527011196397286
296,15,401472,flow,19,401795,flow,1,2.892865680280893e-34,5.142872320499366e-32,0.26899698337150757
296,15,401472,flow,19,401795,flow,2,7.505812609540445e-22,8.229723470359066e-20,0.21321456180929646
296,15,401472,flow,19,401795,flow,3,0.00010209279395412209,0.0016032019988433566,0.08707870757548704
296,15,401472,flow,19,401795,flow,5,0.0013549192833433765,0.014640448484350643,0.07184992849564902
296,15,401472,flow,19,401795,flow,6,2.8493657776163768e-09,1.0854726771871912e-07,0.13278386769937703
296,15,401472,flow,19,401795,flow,7,0.0036169747846622295,0.03212625801660549,0.06526478312134824
296,15,401472,flow,19,401795,flow,9,0.0019921949905410815,0.020118891910841107,-0.06932904775690901
296,15,401472,flow,19,401795,flow,11,0.0018842314143826292,0.01922503474287425,0.06969828762772819
296,15,401472,flow,19,401795,flow,12,2.3044542751313237e-21,2.4520301646717536e-19,0.21069329091752098
296,15,401472,occupancy,1,400125,flow,1,1.6191020749918322e-09,6.347115212309179e-08,0.13482140401131518
296,15,401472,occupancy,1,400125,flow,6,0.005613269109531439,0.04533431025084281,0.062126136806111884
296,15,401472,occupancy,1,400125,flow,9,0.00014875907516564193,0.0022277473883687317,-0.08501483434890433
296,15,401472,occupancy,1,400125,flow,10,1.539018063218444e-05,0.0002996195598514501,-0.0968388832287303
296,15,401472,occupancy,1,400125,flow,12,3.55664565698875e-09,1.3349008895040312e-07,0.13197613259750882
296,15,401472,occupancy,3,400039,flow,1,7.495293131987601e-08,2.304602585778394e-06,0.12033541335130885
296,15,401472,occupancy,3,400039,flow,2,1.0976610112824029e-08,3.814879781769896e-07,0.1277931074459897
296,15,401472,occupancy,3,400039,flow,10,0.004997195179671948,0.041395749139372606,-0.06296921119543082
296,15,401472,occupancy,3,400039,flow,11,0.003091751206822191,0.028527050861751103,-0.06635465832518937
296,15,401472,occupancy,4,400316,flow,1,5.809483395404631e-14,3.773980190698948e-12,0.16748472508685702
296,15,401472,occupancy,4,400316,flow,3,0.0013982742908370451,0.015044943801783398,-0.07164685857830394
296,15,401472,occupancy,4,400316,flow,4,2.039099670245717e-05,0.00038383052616389966,-0.09544611531161057
296,15,401472,occupancy,4,400316,flow,6,0.0007712486973536417,0.009173442655748163,0.07540161539062878
296,15,401472,occupancy,4,400316,flow,9,3.6435100341229334e-06,8.236506199587165e-05,-0.1036960083142997
296,15,401472,occupancy,4,400316,flow,11,0.0010735838310856238,0.012065250130826991,0.0733352029342335
296,15,401472,occupancy,4,400316,flow,12,2.315634098741857e-15,1.648029539796511e-13,0.17650399767901317
296,15,401472,occupancy,5,400503,flow,1,5.237623510270625e-06,0.00011410253940680334,0.1020096029263681
296,15,401472,occupancy,5,400503,flow,5,0.003973314537798716,0.03469581931063699,-0.064604611011169
296,15,401472,occupancy,6,405843,flow,1,4.1680486388432843e-11,1.9444892138016185e-09,0.1473017055929339
296,15,401472,occupancy,6,405843,flow,6,1.7560085457986383e-12,9.725585792115535e-11,0.15736794848545402
296,15,401472,occupancy,6,405843,flow,7,0.0008444296096623501,0.009878316228466896,0.07484025970393894
296,15,401472,occupancy,6,405843,flow,9,0.0017655410496465573,0.018259845186672556,-0.07012732933994968
296,15,401472,occupancy,6,405843,flow,10,0.0053205726202693775,0.04342504008986154,-0.0625156774208305
296,15,401472,occupancy,6,405843,flow,11,0.0017911322474991804,0.018445032918227557,0.07003262900931274
296,15,401472,occupancy,6,405843,flow,12,1.3532939490995692e-13,8.49742712225311e-12,0.16503395826720546
296,15,401472,occupancy,8,401448,flow,6,0.00011865084055822513,0.00183243571793394,0.08626006177997643
296,15,401472,occupancy,8,401448,flow,12,0.0004156207675307289,0.005411337298772601,0.07913563002638015
296,15,401472,occupancy,9,402391,flow,1,9.725600383152464e-08,2.9546127746285967e-06,0.1192893343134879
296,15,401472,occupancy,9,402391,flow,2,0.0001355237212299107,0.0020571415169122072,0.0855299225547591
296,15,401472,occupancy,10,400497,flow,1,1.937228721130551e-40,4.205441243861297e-38,0.29237451998708286
296,15,401472,occupancy,10,400497,flow,3,4.283237454744906e-33,7.342692779562696e-31,-0.2642954044941359
296,15,401472,occupancy,10,400497,flow,4,9.47370692210207e-05,0.001501335799834224,-0.0874833846202553
296,15,401472,occupancy,10,400497,flow,5,3.343165994598308e-17,2.7667580644951515e-15,0.18768541020466614
296,15,401472,occupancy,10,400497,flow,6,6.17978893379724e-48,1.668543012125255e-45,0.3180913613515972
296,15,401472,occupancy,10,400497,flow,7,0.0010412513113211195,0.01175386899636069,0.07352839480175313
296,15,401472,occupancy,10,400497,flow,8,6.587536423604047e-19,6.029270624993533e-17,-0.1974575516251759
296,15,401472,occupancy,10,400497,flow,9,2.6064552332787166e-42,5.8952285904523854e-40,-0.29904130051584243
296,15,401472,occupancy,10,400497,flow,10,1.7849131642573522e-08,6.042966198739626e-07,-0.1259464423458412
296,15,401472,occupancy,10,400497,flow,11,3.1384375138484295e-30,4.912336978197542e-28,0.2523666936090826
296,15,401472,occupancy,10,400497,flow,12,2.671287140039426e-83,1.0785009761654504e-80,0.41448295973232685
296,15,401472,occupancy,11,405841,flow,1,0.00016386629515688134,0.0024152248211454365,0.08447715522057897
296,15,401472,occupancy,11,405841,flow,3,0.0003030859170637866,0.004130382213613748,-0.08098330693586127
296,15,401472,occupancy,11,405841,flow,4,0.00014648855471851167,0.0022003844102363368,-0.08510005126970599
296,15,401472,occupancy,11,405841,flow,6,0.0019499796439500978,0.019793026461147608,0.06947118768644064
296,15,401472,occupancy,11,405841,flow,7,0.0008253509530862081,0.009704357477416872,0.07498212520980643
296,15,401472,occupancy,11,405841,flow,10,0.001182208575275141,0.01306842642064639,-0.07272334379626413
296,15,401472,occupancy,11,405841,flow,12,5.7558310251443094e-05,0.0009694031200243048,0.090137593415399
296,15,401472,occupancy,12,404520,flow,1,1.793088604020961e-18,1.5840782759448982e-16,0.19501462971434627
296,15,401472,occupancy,12,404520,flow,3,1.5066172274247357e-10,6.587638079427995e-09,-0.14306761103404947
296,15,401472,occupancy,12,404520,flow,4,6.876029794443146e-12,3.5236593964406155e-10,-0.15312639039240042
296,15,401472,occupancy,12,404520,flow,6,4.541570678312225e-07,1.2512490644329598e-05,0.1129094731766183
296,15,401472,occupancy,12,404520,flow,9,6.604910386153476e-07,1.766762406698639e-05,-0.1113059192269707
296,15,401472,occupancy,12,404520,flow,11,3.7768065907187015e-06,8.51579598559988e-05,0.10353020016782133
296,15,401472,occupancy,12,404520,flow,12,2.3425761547995885e-22,2.656149340875124e-20,0.21579831105387015
296,15,401472,occupancy,14,401469,flow,2,0.00041719529033121207,0.005425296972398664,0.07911327011724391
296,15,401472,occupancy,14,401469,flow,3,3.0117206037721046e-06,7.002493545907154e-05,0.1045706425651545
296,15,401472,occupancy,14,401469,flow,8,0.0021094708220674423,0.02099749758371279,0.06894820183691218
296,15,401472,occupancy,14,401469,flow,9,0.0034437320659867444,0.030903453521110794,0.06560738098341234
296,15,401472,occupancy,15,401472,flow,1,1.4008487194565867e-157,7.758546753913403e-155,0.5502376462646795
296,15,401472,occupancy,15,401472,flow,2,7.165477746849512e-19,6.544368682112027e-17,0.19725361785728193
296,15,401472,occupancy,15,401472,flow,3,2.029437385371165e-10,8.811225632968274e-09,-0.14205923284298067
296,15,401472,occupancy,15,401472,flow,4,4.234112713816432e-38,8.468225427632863e-36,-0.2837787353653157
296,15,401472,occupancy,15,401472,flow,5,3.633852904559377e-06,8.222294565100901e-05,-0.10370824558802837
296,15,401472,occupancy,15,401472,flow,6,3.1086282308200663e-06,7.200683086939778e-05,0.10442566875204348
296,15,401472,occupancy,15,401472,flow,7,8.142647383080432e-07,2.152768463580628e-05,0.1104001129819274
296,15,401472,occupancy,15,401472,flow,8,0.0002802974835319682,0.003857550585721894,-0.08143488039914222
296,15,401472,occupancy,15,401472,flow,9,8.252987740986684e-45,1.9917825162604735e-42,-0.30760704085670526
296,15,401472,occupancy,15,401472,flow,10,2.0042749560644737e-34,3.607694920916053e-32,-0.269564526291236
296,15,401472,occupancy,15,401472,flow,12,1.1842071958684008e-10,5.257733901491769e-09,0.14387755588103582
296,15,401472,occupancy,16,405838,flow,1,4.777554584096184e-07,1.3120811063760657e-05,0.11269387398397844
296,15,401472,occupancy,16,405838,flow,2,6.493381621989899e-09,2.355281998908175e-07,0.12975822106129262
296,15,401472,occupancy,16,405838,flow,6,1.5091211639881693e-07,4.459236271155192e-06,0.11750455117758195
296,15,401472,occupancy,16,405838,flow,7,1.627156220560348e-10,7.100318053354246e-09,0.1428077543435382
296,15,401472,occupancy,16,405838,flow,8,8.57091728610037e-09,3.044931141114605e-07,0.12872280769788635
296,15,401472,occupancy,16,405838,flow,12,0.0002740619173844394,0.0037825798182133485,0.0815644356122886
296,15,401472,occupancy,17,400260,flow,1,2.6112389795883097e-15,1.8462442539806053e-13,0.17617626875956421
296,15,401472,occupancy,17,400260,flow,2,1.0588095334393202e-15,7.818901170013441e-14,0.17862343362678165
296,15,401472,occupancy,17,400260,flow,3,0.0018135567113512783,0.018640411594188725,0.0699506632861128
296,15,401472,occupancy,17,400260,flow,6,0.0010154221116452904,0.01151647026071844,0.07368675598008124
296,15,401472,occupancy,17,400260,flow,7,3.2673778416400615e-16,2.5160556641506356e-14,0.18175968762491415
296,15,401472,occupancy,17,400260,flow,10,7.217553963939714e-05,0.0011823979190071887,-0.08894120223920411
296,15,401472,occupancy,18,404528,flow,1,2.6169604905342636e-05,0.0004794431433039872,0.09419504549949098
296,15,401472,occupancy,19,401795,flow,1,9.043666818626727e-16,6.735972526977149e-14,0.17904731185516087
296,15,401472,occupancy,19,401795,flow,2,1.219009166410446e-12,6.919999472921323e-11,0.15848268291027623
296,15,401472,occupancy,19,401795,flow,3,0.0007396451122607727,0.008858516454024225,0.07565947175078762
296,15,401472,occupancy,19,401795,flow,6,0.00039438558961649183,0.005163384856114386,0.07944517468003598
296,15,401472,occupancy,19,401795,flow,7,2.9266155434354064e-08,9.607127011885224e-07,0.12404076101434128
296,15,401472,occupancy,19,401795,flow,8,0.004352945901207658,0.03722234024785646,0.06395795721732317
296,15,401472,occupancy,19,401795,flow,10,4.7086706756278816e-05,0.0008113864107982629,-0.09118710846975439
296,15,401472,occupancy,19,401795,flow,12,0.006022335370497098,0.04783322081365593,0.06161133426503876
296,15,401472,speed,0,400593,flow,2,0.0005092937547539232,0.006429424373281555,-0.07792560442951216
296,15,401472,speed,3,400039,flow,1,0.0021130016296986233,0.02101811429955803,-0.06893703949495099
296,15,401472,speed,4,400316,flow,11,7.87019390511843e-06,0.0001662554409296412,-0.10008555972206176
296,15,401472,speed,6,405843,flow,1,1.741445909488948e-06,4.293976215178228e-05,-0.10704880401613005
296,15,401472,speed,6,405843,flow,6,0.0009804024723917767,0.01119275549876447,-0.07390752227660455
296,15,401472,speed,6,405843,flow,11,0.0015203189611627615,0.0161449801185426,-0.07110488613664553
296,15,401472,speed,7,408093,flow,10,0.004732165844307594,0.039718197877227135,0.06336113756003364
296,15,401472,speed,8,401448,flow,2,0.005783846415075105,0.046373824263408414,-0.06190748877959977
296,15,401472,speed,10,400497,flow,2,3.009817216749153e-06,7.001836497768628e-05,0.10457353458084996
296,15,401472,speed,10,400497,flow,3,0.0020987965654213504,0.020920168810845022,0.06898205200294352
296,15,401472,speed,10,400497,flow,5,0.004394349376748174,0.037502151931157864,-0.06389055522787686
296,15,401472,speed,10,400497,flow,6,0.0005085827948444571,0.006422325851295103,-0.07793397805672635
296,15,401472,speed,10,400497,flow,8,0.002699442938663546,0.025545659353836844,0.06728502529585569
296,15,401472,speed,10,400497,flow,9,0.000918624956286336,0.01059103232227641,0.07431539837962371
296,15,401472,speed,10,400497,flow,11,2.872284138621498e-08,9.443125935193966e-07,-0.12411350032532506
296,15,401472,speed,10,400497,flow,12,2.3509718237406227e-05,0.000434954958396552,-0.09473437135839874
296,15,401472,speed,11,405841,flow,3,0.0027922578947318006,0.026257192218636,0.06705427692854259
296,15,401472,speed,12,404520,flow,3,0.0016686918413826746,0.01745037219746588,0.0704975246057015
296,15,401472,speed,12,404520,flow,11,8.52702293451641e-06,0.0001782998019221244,-0.09970271875525413
296,15,401472,speed,15,401472,flow,1,3.3955481392012427e-10,1.438114506014644e-08,-0.1402999126564656
296,15,401472,speed,15,401472,flow,3,1.918618464346485e-05,0.00036368722097309417,0.0957491878991038
296,15,401472,speed,15,401472,flow,4,7.972740467734311e-06,0.00016817499424127063,0.10002382335978506
296,15,401472,speed,15,401472,flow,8,0.002026229239127176,0.0203802335576936,0.06921645101565617
296,15,401472,speed,15,401472,flow,9,1.575864746486147e-08,5.356204331093749e-07,0.12642208704829694
296,15,401472,speed,15,401472,flow,11,1.1915373808024312e-07,3.584569279294222e-06,-0.11846763920881873
296,15,401472,speed,15,401472,flow,12,1.8332187276492255e-08,6.187113205816136e-07,-0.12584424826046894
296,15,401472,speed,16,405838,flow,1,2.1745525885461266e-05,0.00040684569867991625,-0.09512509119868928
296,15,401472,speed,16,405838,flow,7,0.0011723656702512626,0.012996201425418154,-0.07277659843117264
296,15,401472,speed,17,400260,flow,5,0.0039398793854411186,0.03444703287817372,-0.06466421775731136
296,16,405838,flow,1,400125,flow,3,0.00022185967702070803,0.003138290126815516,-0.08277237103227274
296,16,405838,flow,3,400039,flow,1,8.34513535510695e-06,0.00017483503750757528,0.099805834193329
296,16,405838,flow,3,400039,flow,6,0.0006806423214910082,0.008254842304438953,0.07616951949051143
296,16,405838,flow,4,400316,flow,6,0.0027574184033381647,0.025988065032305024,0.06714005932273842
296,16,405838,flow,4,400316,flow,7,0.0001627897824750384,0.002401816462746468,0.08451389365352924
296,16,405838,flow,4,400316,flow,11,7.699059268524242e-05,0.0012541454012075688,0.08859706063208617
296,16,405838,flow,6,405843,flow,11,0.005098210912846621,0.04207119607162827,0.06282475905308557
296,16,405838,flow,9,402391,flow,7,0.00042773591252603054,0.005544011827520109,0.07896557903050318
296,16,405838,flow,9,402391,flow,11,0.0016427311849226578,0.01722893595257558,0.07060011183931343
296,16,405838,flow,10,400497,flow,1,0.0009883788576624986,0.011263150830716578,-0.07385660432869644
296,16,405838,flow,10,400497,flow,2,5.423624344612511e-05,0.0009206309300088819,-0.09044946991179331
296,16,405838,flow,10,400497,flow,4,0.004170396999595973,0.03600342733464149,0.06426223846156502
296,16,405838,flow,10,400497,flow,5,3.965904837015104e-06,8.914000466131765e-05,0.10330435063367187
296,16,405838,flow,10,400497,flow,6,0.0012868904181979196,0.014024638260885501,0.07218097283066546
296,16,405838,flow,10,400497,flow,10,1.876355331644459e-05,0.0003564580049562033,0.09585980839370042
296,16,405838,flow,10,400497,flow,11,2.7646018984636134e-06,6.476724621129507e-05,0.10496160816319453
296,16,405838,flow,10,400497,flow,12,0.0008347916722131858,0.009794405279633251,0.07491155008853667
296,16,405838,flow,11,405841,flow,7,0.0006447437165469215,0.00787695943292619,0.07650033203606792
296,16,405838,flow,12,404520,flow,4,0.0017533744045342384,0.018190627828020917,0.07017279510695373
296,16,405838,flow,12,404520,flow,5,0.001099826137133717,0.01231212467586851,0.07318231524258584
296,16,405838,flow,12,404520,flow,6,0.0015196256262627725,0.016141585211347866,0.07110785019857677
296,16,405838,flow,12,404520,flow,7,0.00239361941759407,0.023247382832748163,0.06810030856441246
296,16,405838,flow,12,404520,flow,11,0.0001816077095228373,0.002638901127274326,0.08390228070921547
296,16,405838,flow,13,400183,flow,11,0.0004800417405971863,0.006113739149115109,0.07827947607633784
296,16,405838,flow,14,401469,flow,12,0.001563743869321093,0.016508732931249076,0.07092167599846319
296,16,405838,flow,15,401472,flow,2,3.231101032701204e-06,7.449652904941174e-05,-0.10424852413298502
296,16,405838,flow,15,401472,flow,3,1.5457089687302718e-05,0.00030038069027956695,-0.09681755111972136
296,16,405838,flow,15,401472,flow,6,9.517344827454783e-07,2.469120773276217e-05,0.10972033700656743
296,16,405838,flow,15,401472,flow,11,8.097112763380897e-08,2.481208977781578e-06,0.12002617979934486
296,16,405838,flow,15,401472,flow,12,7.04672720760278e-07,1.872193206447971e-05,0.1110264526510799
296,16,405838,flow,16,405838,flow,1,8.393961256986325e-56,2.608770692818772e-53,0.34244647340325224
296,16,405838,flow,16,405838,flow,2,2.004132739360979e-25,2.6804499795787705e-23,0.23074859908178622
296,16,405838,flow,16,405838,flow,3,2.5720916087819032e-09,9.841838573904183e-08,0.13315519967723785
296,16,405838,flow,16,405838,flow,4,2.516190380912376e-07,7.227355349429165e-06,0.11539429926784467
296,16,405838,flow,16,405838,flow,5,5.74494657422705e-11,2.637424994756733e-09,0.1462836669880251
296,16,405838,flow,16,405838,flow,6,0.0033321686626379696,0.030127602809954013,0.06583640023990349
296,16,405838,flow,16,405838,flow,7,0.00015991357592672704,0.0023715298592635113,0.08461318280783432
296,16,405838,flow,16,405838,flow,11,7.998696395878354e-06,0.00016855789478143653,0.1000083173605246
296,16,405838,flow,16,405838,flow,12,0.002695381763943981,0.025516811933419887,0.06729528637022247
296,16,405838,flow,17,400260,flow,1,0.00020618667939009872,0.0029442647719408687,0.08318747845583276
296,16,405838,flow,17,400260,flow,4,0.005461273861629175,0.044313867547404275,0.06232607272299118
296,16,405838,flow,17,400260,flow,5,0.0011027494006851228,0.01234165132372987,0.07316549353877698
296,16,405838,flow,17,400260,flow,11,0.004061069996516263,0.03526396459286484,0.0644503023435469
296,16,405838,flow,17,400260,flow,12,3.936236549450882e-05,0.0006898394277333797,0.09211428067463734
296,16,405838,flow,18,404528,flow,2,1.4507536966449085e-05,0.0002846165290420529,0.09712887651058745
296,16,405838,flow,18,404528,flow,7,0.00012905106626188826,0.00197066315394612,0.0857993186641294
296,16,405838,flow,19,401795,flow,7,0.0035942634126933217,0.03196863943980502,0.06530883556135962
296,16,405838,flow,19,401795,flow,12,5.779360130723982e-05,0.0009729865847516602,0.0901161553300183
296,16,405838,occupancy,1,400125,flow,3,0.0019018688570322777,0.019368395715180196,-0.06963666131412925
296,16,405838,occupancy,4,400316,flow,10,0.002595871605988514,0.024810100305022967,0.06755122854957941
296,16,405838,occupancy,6,405843,flow,4,0.0011906902085534687,0.01313914346640896,0.07267778161933737
296,16,405838,occupancy,8,401448,flow,12,0.0004756212691155706,0.006068174490783417,0.07833469165548418
296,16,405838,occupancy,9,402391,flow,6,0.00553914972020431,0.044861505045524226,0.062223015987776686
296,16,405838,occupancy,10,400497,flow,5,0.0020088558619045286,0.02021381516526217,0.06927370943066906
296,16,405838,occupancy,10,400497,flow,10,0.000890221758916161,0.010313108067894384,0.07451151862998713
296,16,405838,occupancy,12,404520,flow,4,0.003903287012547489,0.03420324522151147,0.06472998147271297
296,16,405838,occupancy,12,404520,flow,5,0.0062979989070782085,0.04949491591518621,0.061281895130320986
296,16,405838,occupancy,14,401469,flow,1,0.0005968551500320628,0.00736269060005286,0.076969355339514
296,16,405838,occupancy,15,401472,flow,2,0.005732766319455055,0.04605830481689759,-0.06197234749729107
296,16,405838,occupancy,15,401472,flow,10,3.7004083491714146e-05,0.0006519479636386832,0.09243198103314272
296,16,405838,occupancy,16,405838,flow,3,0.0022669979654591083,0.022232533963185808,0.068466087724094
296,16,405838,occupancy,16,405838,flow,5,0.0025376283989126834,0.024372064658298782,0.06770522118003443
296,16,405838,occupancy,16,405838,flow,11,0.0005173074132188633,0.006509665089150857,0.07783196589228791
296,16,405838,occupancy,17,400260,flow,5,0.002032911249363643,0.020433170305376776,0.06919454853893553
296,16,405838,occupancy,17,400260,flow,9,0.0005489936450216845,0.006854487128594443,0.07747448201513908
296,16,405838,occupancy,17,400260,flow,11,0.0039317345861240955,0.03438974167251689,0.06467880746568527
296,16,405838,occupancy,17,400260,flow,12,0.0016759505714459913,0.01750932640543333,0.07046910320040216
296,16,405838,occupancy,19,401795,flow,10,0.006203697501166315,0.048931848101220525,0.06139310636694482
296,16,405838,speed,11,405841,flow,1,0.0016062627219171506,0.016891565137979774,0.07074676926719244
296,16,405838,speed,17,400260,flow,5,0.004453514063461358,0.037924661451119786,-0.06379523064943733
296,16,405838,speed,17,400260,flow,7,0.000632937629118688,0.007754851281598452,-0.07661287544435166
296,17,400260,flow,0,400593,flow,8,0.005318977561856065,0.04342022499474339,0.06251785268909495
296,17,400260,flow,0,400593,flow,12,6.492360720480242e-05,0.0010791457603876353,0.08950283641514449
296,17,400260,flow,1,400125,flow,1,0.001133017193097597,0.012618288925448876,0.0729937009253517
296,17,400260,flow,1,400125,flow,5,0.0006552600282830897,0.007980612692931908,-0.07640168500166965
296,17,400260,flow,1,400125,flow,11,0.0009523509124593036,0.01092447143341527,0.07408968900500632
296,17,400260,flow,1,400125,flow,12,6.63101188043035e-05,0.0010983884709915303,0.08939101628338783
296,17,400260,flow,3,400039,flow,1,0.00037337752158228717,0.004932693863105445,0.07976711826853526
296,17,400260,flow,3,400039,flow,4,0.0015133565549513522,0.016082903609815107,-0.07113470763501614
296,17,400260,flow,3,400039,flow,6,0.0011936283237618196,0.013167707759578807,0.07266206832009324
296,17,400260,flow,4,400316,flow,2,3.283280159761391e-08,1.0737146321097055e-06,-0.12359346742161349
296,17,400260,flow,4,400316,flow,5,0.0005180021576995748,0.006516509380495525,0.07782391165944974
296,17,400260,flow,4,400316,flow,7,0.0011802881254979912,0.013053877885692068,0.0727337020836418
296,17,400260,flow,4,400316,flow,9,0.00035255326450191204,0.0046978103104511415,0.08010339884443018
296,17,400260,flow,4,400316,flow,11,1.9564670615364786e-09,7.580213189092007e-08,0.1341425251015285
296,17,400260,flow,6,405843,flow,4,0.0001616443771665593,0.0023865471953504313,0.08455323487072613
296,17,400260,flow,7,408093,flow,2,0.0020064468403923077,0.020204779371782677,0.06928168479763457
296,17,400260,flow,7,408093,flow,4,0.0011349237972335406,0.012633259182001349,0.0729830219856878
296,17,400260,flow,7,408093,flow,12,0.0004316435625946043,0.005587953822021848,0.07891168811509766
296,17,400260,flow,8,401448,flow,1,0.006030927000648691,0.04789265559338666,0.061600863576820014
296,17,400260,flow,9,402391,flow,11,0.002247030615778389,0.02209188042822631,0.0685254682206026
296,17,400260,flow,10,400497,flow,2,7.401184534510505e-11,3.344468325218136e-09,-0.14544555480944601
296,17,400260,flow,10,400497,flow,3,1.4405212099585748e-05,0.0002828659830464111,-0.09716357658043734
296,17,400260,flow,10,400497,flow,5,3.067581720016442e-07,8.67842372656911e-06,0.11456632249171315
296,17,400260,flow,10,400497,flow,6,0.006066683762027588,0.048079386996806424,0.061557430254410773
296,17,400260,flow,10,400497,flow,10,5.500295149861151e-17,4.53459447469469e-15,0.18640799036949904
296,17,400260,flow,10,400497,flow,11,4.475894929071496e-19,4.1582507728148096e-17,0.19839191269810633
296,17,400260,flow,10,400497,flow,12,5.406446792995739e-05,0.0009184368912993155,0.0904660838057065
296,17,400260,flow,11,405841,flow,6,7.419879557838076e-06,0.00015751292230889674,0.10036609327237572
296,17,400260,flow,11,405841,flow,11,0.0022656981310207186,0.02222483180292803,0.06846993867626898
296,17,400260,flow,12,404520,flow,2,2.976993374657609e-14,2.0000950821960916e-12,-0.16939665470556567
296,17,400260,flow,12,404520,flow,5,3.010665868597733e-10,1.2792796047887493e-08,0.14071308440115082
296,17,400260,flow,12,404520,flow,7,9.118276332152446e-05,0.0014503296669697557,0.08768966964855592
296,17,400260,flow,12,404520,flow,9,0.0051251630087902535,0.04222402310693804,0.06278665470702831
296,17,400260,flow,12,404520,flow,11,3.547777225961957e-07,9.978123448018003e-06,0.11395493125502813
296,17,400260,flow,13,400183,flow,1,0.005646710072788694,0.04553628432788344,0.062082804194895654
296,17,400260,flow,13,400183,flow,5,0.0038367406083907045,0.033683885481289866,0.06485102593123163
296,17,400260,flow,13,400183,flow,7,0.00012068212146454377,0.0018579713639587637,0.08616716012496131
296,17,400260,flow,14,401469,flow,1,9.611327597089325e-05,0.0015203564708687618,0.08740546832682568
296,17,400260,flow,14,401469,flow,6,0.0008790873420343942,0.010211501257296538,0.07458998537397918
296,17,400260,flow,15,401472,flow,1,0.0016805609009603352,0.01754476339330268,0.0704511102555433
296,17,400260,flow,15,401472,flow,2,1.343789675347887e-09,5.296689231298241e-08,-0.13548663052638932
296,17,400260,flow,15,401472,flow,3,2.0922737334937937e-18,1.8408599854772278e-16,-0.1946352874313401
296,17,400260,flow,15,401472,flow,4,6.185509726896739e-07,1.661778732599124e-05,-0.11158838905095551
296,17,400260,flow,15,401472,flow,6,6.055303717833706e-07,1.6298387576972966e-05,0.11167984513323545
296,17,400260,flow,15,401472,flow,10,1.817086970432192e-07,5.3147025810880635e-06,0.11674222698057678
296,17,400260,flow,15,401472,flow,11,4.9959028523585815e-26,6.786886893770149e-24,0.23363323140008893
296,17,400260,flow,15,401472,flow,12,4.988306234124977e-19,4.594772480046888e-17,0.19813033224370913
296,17,400260,flow,16,405838,flow,12,1.2008543529167874e-06,3.0462071665299597e-05,0.10869967916629895
296,17,400260,flow,17,400260,flow,1,5.014448641768335e-123,2.461638424140819e-120,0.4944794636080203
296,17,400260,flow,17,400260,flow,2,2.8260321927681265e-17,2.356845380841372e-15,0.18806796132121248
296,17,400260,flow,17,400260,flow,3,0.0006007259448813108,0.007401985401846157,0.07691084013445569
296,17,400260,flow,17,400260,flow,6,2.2091773924034402e-05,0.0004118966912034036,0.09504608539101722
296,17,400260,flow,17,400260,flow,8,0.0003257914264446729,0.004389953094950052,0.08056393541338708
296,17,400260,flow,17,400260,flow,11,1.0336040050172193e-05,0.00021182017560125176,0.09877814032182206
296,17,400260,flow,17,400260,flow,12,1.7980494224179396e-09,7.02312251794349e-08,0.13444580979207266
296,17,400260,flow,18,404528,flow,1,2.635923362502311e-06,6.212323473000537e-05,0.10517866846181051
296,17,400260,flow,19,401795,flow,1,6.460237846548872e-53,1.8730354024893376e-50,0.3338720941204721
296,17,400260,flow,19,401795,flow,3,4.869422686232803e-07,1.3339192139838749e-05,-0.11261270657148996
296,17,400260,flow,19,401795,flow,10,0.00014956548429226292,0.0022373824429432914,0.08498486254390171
296,17,400260,flow,19,401795,flow,12,8.16925414705211e-12,4.171534032537247e-10,0.15258240713834068
296,17,400260,occupancy,0,400593,flow,7,1.7701293559010937e-05,0.00033851079316036853,0.09614867815963828
296,17,400260,occupancy,0,400593,flow,11,0.0006140241627325978,0.007544324183745229,0.07679730442909453
296,17,400260,occupancy,0,400593,flow,12,9.970162084912095e-08,3.026781462179919e-06,0.11918913512971992
296,17,400260,occupancy,1,400125,flow,7,0.0026154624293700363,0.024923515398351463,-0.06750014023978147
296,17,400260,occupancy,1,400125,flow,11,8.713445899943497e-05,0.0013936351828121403,0.08793408030190966
296,17,400260,occupancy,3,400039,flow,4,9.085001710412244e-07,2.3685701502100723e-05,-0.10992334241724783
296,17,400260,occupancy,3,400039,flow,6,0.00017744344050165973,0.0025905902770096993,0.08403231585227432
296,17,400260,occupancy,4,400316,flow,2,2.5508010782894763e-05,0.0004683153700896956,-0.09432414871695398
296,17,400260,occupancy,4,400316,flow,5,0.0040876699565240955,0.03546642741953021,0.06440412636068951
296,17,400260,occupancy,4,400316,flow,10,0.0002231968186719372,0.0031551382744200544,0.08273824139494104
296,17,400260,occupancy,4,400316,flow,11,4.994549228811311e-08,1.5905221834981574e-06,0.1219482167733332
296,17,400260,occupancy,5,400503,flow,2,0.004386788531927954,0.03747464199709069,-0.06390282070804418
296,17,400260,occupancy,6,405843,flow,3,0.0007582565598693961,0.009038819918972934,0.07550641056169706
296,17,400260,occupancy,6,405843,flow,4,0.000817779404528955,0.009636680380701269,0.07503927000665925
296,17,400260,occupancy,6,405843,flow,11,0.0027308024683522017,0.025791575564673177,0.06720626272323386
296,17,400260,occupancy,7,408093,flow,1,0.005718469879423952,0.04599751236882289,0.06199059360293
296,17,400260,occupancy,7,408093,flow,11,0.000867500670671178,0.010113636591189148,0.07467262292696047
296,17,400260,occupancy,8,401448,flow,12,0.003420194608698289,0.03073692679337759,0.06565513143895269
296,17,400260,occupancy,9,402391,flow,10,0.00030119038406852217,0.004111034626148549,0.08101963509170976
296,17,400260,occupancy,10,400497,flow,2,1.1397259321350062e-12,6.495535655439614e-11,-0.15868720109790274
296,17,400260,occupancy,10,400497,flow,3,9.8310000709404e-06,0.00020291409606527724,-0.09901966039826235
296,17,400260,occupancy,10,400497,flow,4,0.004680803949024771,0.03940961422683105,0.06343938054022621
296,17,400260,occupancy,10,400497,flow,5,4.4833665805600126e-10,1.8713182249293968e-08,0.1393408053770084
296,17,400260,occupancy,10,400497,flow,6,0.003198162951952896,0.029252729096837838,0.06612090046702976
296,17,400260,occupancy,10,400497,flow,8,4.018875240891852e-05,0.000702611940131639,-0.09200721176097293
296,17,400260,occupancy,10,400497,flow,10,4.8550717047628263e-20,4.799521685257531e-18,0.20367425134261763
296,17,400260,occupancy,10,400497,flow,11,3.889390956801838e-20,3.871467496171415e-18,0.2041936785955196
296,17,400260,occupancy,10,400497,flow,12,4.25223931524842e-05,0.0007392222873993229,0.09171576150171759
296,17,400260,occupancy,11,405841,flow,5,0.00014439211083674136,0.0021734282885530407,0.0851798455487568
296,17,400260,occupancy,11,405841,flow,6,1.2398368434403121e-05,0.00024762344723357134,0.09789635516410913
296,17,400260,occupancy,12,404520,flow,1,0.004119502415878516,0.03566382853025088,-0.06434922390125215
296,17,400260,occupancy,12,404520,flow,2,6.07213473930198e-10,2.4935001971278094e-08,-0.1382864044831471
296,17,400260,occupancy,12,404520,flow,3,0.0008266570708247531,0.009712152695031093,-0.07497231671771998
296,17,400260,occupancy,12,404520,flow,5,2.096909703847494e-08,7.000502257048821e-07,0.12532869860636758
296,17,400260,occupancy,12,404520,flow,6,0.00014747929583656868,0.0022129578256824475,0.08506271514170076
296,17,400260,occupancy,12,404520,flow,7,0.004969790123013148,0.04120822529827364,0.06300885518919323
296,17,400260,occupancy,12,404520,flow,10,0.000310331194508377,0.004211846560716898,0.08084638188418726
296,17,400260,occupancy,12,404520,flow,11,2.9910586858822116e-07,8.484158583723673e-06,0.11467220446143472
296,17,400260,occupancy,13,400183,flow,1,0.0028451018807534095,0.026632372968265934,0.06692600987155543
296,17,400260,occupancy,13,400183,flow,7,4.440238886238411e-05,0.0007705575449248503,0.09149179358825667
296,17,400260,occupancy,14,401469,flow,1,8.182056773314868e-07,2.161864541940075e-05,0.11037913393885183
296,17,400260,occupancy,14,401469,flow,6,0.00020704339440076453,0.0029509347464067733,0.08316403480584147
296,17,400260,occupancy,15,401472,flow,2,2.4963368803681494e-12,1.3530960254944046e-10,-0.1562859728423774
296,17,400260,occupancy,15,401472,flow,3,9.760005426930907e-21,9.991285176384246e-19,-0.20740062138122903
296,17,400260,occupancy,15,401472,flow,4,3.8064826041749173e-06,8.573516605857999e-05,-0.10349404980319703
296,17,400260,occupancy,15,401472,flow,5,0.002286334995859237,0.022391673502860813,0.06840903633838358
296,17,400260,occupancy,15,401472,flow,6,4.075642001191202e-10,1.7110567002085515e-08,0.13967059667811074
296,17,400260,occupancy,15,401472,flow,7,0.0059851856337387235,0.04760817885794749,0.0616567643025008
296,17,400260,occupancy,15,401472,flow,10,2.8297746281255816e-10,1.210359048861635e-08,0.14092542400660463
296,17,400260,occupancy,15,401472,flow,11,4.60763203683843e-31,7.511309584581893e-29,0.25590073185068496
296,17,400260,occupancy,15,401472,flow,12,7.405722181630007e-19,6.749518950346335e-17,0.19717358375557406
296,17,400260,occupancy,16,405838,flow,1,1.160744809661872e-19,1.1370561400769359e-17,0.2015692104608524
296,17,400260,occupancy,16,405838,flow,12,1.4651154531993978e-07,4.338107441961205e-06,0.11762559101595273
296,17,400260,occupancy,17,400260,flow,2,6.25341286490974e-14,4.0501864432398916e-12,0.1672727794433718
296,17,400260,occupancy,17,400260,flow,3,0.0007312081846455084,0.008769626201189885,-0.07571101017855257
296,17,400260,occupancy,17,400260,flow,5,6.703430343282121e-05,0.0011078354660665174,0.08933348792274749
296,17,400260,occupancy,17,400260,flow,6,0.0018190926769216904,0.01868397613956658,0.06993057155939994
296,17,400260,occupancy,17,400260,flow,8,0.000265780334506646,0.003680035400861252,0.08174083610454269
296,17,400260,occupancy,17,400260,flow,10,0.004278085490243717,0.036713010166573024,0.0640813128573386
296,17,400260,occupancy,17,400260,flow,11,1.168436777696165e-06,2.972701342548547e-05,0.10882028853933108
296,17,400260,occupancy,17,400260,flow,12,1.14785579973263e-16,9.216983373317773e-15,0.18450354058999846
296,17,400260,occupancy,18,404528,flow,1,9.775790188740701e-07,2.5242925054010656e-05,0.10960318088716219
296,17,400260,occupancy,18,404528,flow,7,0.0032074540950193676,0.029306687162613507,0.06610082803994555
296,17,400260,occupancy,19,401795,flow,1,6.5511755184099346e-52,1.8619130420744023e-49,0.33075905340314077
296,17,400260,occupancy,19,401795,flow,3,4.235651753047306e-06,9.446574895799877e-05,-0.10299941476746725
296,17,400260,occupancy,19,401795,flow,11,0.0005285514997085783,0.006631839903401273,0.07770283270922024
296,17,400260,occupancy,19,401795,flow,12,4.936821400776203e-10,2.0526533639415973e-08,0.13900676053791725
296,17,400260,speed,4,400316,flow,11,0.0020302506995417465,0.0204111776169894,-0.06920326144209402
296,17,400260,speed,6,405843,flow,3,0.0022107169441678985,0.02180433150412174,-0.06863470992816421
296,17,400260,speed,13,400183,flow,7,0.003284721848494882,0.02980465949484959,-0.06593592107404983
296,17,400260,speed,17,400260,flow,3,1.3892584683076565e-05,0.0002742960047115665,-0.09734103277971302
296,17,400260,speed,17,400260,flow,12,2.6985748729979693e-07,7.730665418667923e-06,-0.11510253946315671
296,17,400260,speed,19,401795,flow,1,1.752734378961466e-09,6.86295726664241e-08,-0.13453735905853736
296,18,404528,flow,0,400593,flow,4,0.005236197743410592,0.04289035694261236,0.06263156021790345
296,18,404528,flow,0,400593,flow,12,0.0003892578404404732,0.0051050208582357134,0.07952225172626808
296,18,404528,flow,1,400125,flow,11,0.0012196808212783668,0.013414004959069614,0.07252427834711886
296,18,404528,flow,1,400125,flow,12,0.001972285029821457,0.01998187459856636,0.06939573720329237
296,18,404528,flow,3,400039,flow,1,2.844710464934211e-10,1.215543937538654e-08,0.1408722451733621
296,18,404528,flow,3,400039,flow,12,0.00011497948691848468,0.001784164452183383,0.08643184133907643
296,18,404528,flow,4,400316,flow,11,0.004363699645851161,0.03729215127611674,0.06394039522342185
296,18,404528,flow,5,400503,flow,4,0.006195849039044093,0.048887795157389016,0.06140243060862224
296,18,404528,flow,5,400503,flow,12,0.0002031360263955481,0.002908676281169267,0.08327170736685338
296,18,404528,flow,6,405843,flow,3,0.001209928596539753,0.013327107437663775,0.07257553621272661
296,18,404528,flow,6,405843,flow,5,0.002507886814302206,0.024138763533022734,0.06778510675516644
296,18,404528,flow,6,405843,flow,12,0.0008213275940020393,0.009670578375821231,0.07501242993313877
296,18,404528,flow,7,408093,flow,12,0.006318250501897923,0.04962698576036187,0.06125820759620748
296,18,404528,flow,8,401448,flow,6,0.002807480600197956,0.026367430972577058,0.06701710160356823
296,18,404528,flow,8,401448,flow,12,0.002825992446113791,0.026499429926658515,0.06697214093201284
296,18,404528,flow,9,402391,flow,1,0.0015194106055996,0.016141585211347866,0.0711087696819195
296,18,404528,flow,9,402391,flow,4,0.00541519779586877,0.044006122043177366,0.06238767316886716
296,18,404528,flow,9,402391,flow,7,0.0011298660047847965,0.01258968568653681,0.07301138725816668
296,18,404528,flow,9,402391,flow,10,0.001149819464146456,0.012769203303631592,0.07290015683536819
296,18,404528,flow,9,402391,flow,12,4.0599861133761664e-07,1.1308278536289517e-05,0.11338516164990567
296,18,404528,flow,10,400497,flow,5,4.73759011029111e-06,0.00010468741317881123,0.10247847273906624
296,18,404528,flow,10,400497,flow,6,0.00010410643809411579,0.001629492074516595,0.08697272296230998
296,18,404528,flow,10,400497,flow,10,1.1567694519293486e-08,4.0106292394340177e-07,0.12759514905064534
296,18,404528,flow,10,400497,flow,11,4.402709197651444e-12,2.2970656683398838e-10,0.15452466934534378
296,18,404528,flow,10,400497,flow,12,0.0003794552973021612,0.005003569089808578,0.07967227335758914
296,18,404528,flow,12,404520,flow,5,7.089608831570286e-05,0.0011627604461800925,0.08903629634773176
296,18,404528,flow,12,404520,flow,6,2.358815632840817e-05,0.0004360326715392524,0.09471765426039949
296,18,404528,flow,12,404520,flow,7,0.0010682696963662892,0.012014905202557588,0.0733665831443502
296,18,404528,flow,12,404520,flow,9,3.658028867030789e-05,0.0006455345059466098,0.09249110218990554
296,18,404528,flow,12,404520,flow,10,8.5947917675501e-06,0.0001793695673227847,0.09966483571270182
296,18,404528,flow,12,404520,flow,11,6.984634938436734e-06,0.00014912377287333586,0.10065314959794497
296,18,404528,flow,13,400183,flow,4,0.003121483554308383,0.028746128660439595,0.06628861557224515
296,18,404528,flow,13,400183,flow,9,8.26274948917615e-05,0.0013323867388565142,0.08821912682409119
296,18,404528,flow,13,400183,flow,10,0.0057134232739142875,0.04599751236882289,0.06199704424762632
296,18,404528,flow,15,401472,flow,1,5.7066045856634013e-05,0.0009626135029311165,0.09018271471083118
296,18,404528,flow,15,401472,flow,6,3.6882977445889104e-06,8.329036203149029e-05,0.10363965762148755
296,18,404528,flow,15,401472,flow,10,7.84278659184673e-06,0.00016575752483746515,0.10010218995244759
296,18,404528,flow,15,401472,flow,11,8.666417071871535e-13,4.9852092876810965e-11,0.15951747149858503
296,18,404528,flow,15,401472,flow,12,2.057062928660013e-20,2.06663066321192e-18,0.20567781967296334
296,18,404528,flow,16,405838,flow,1,0.00018309524815552245,0.002657338983188713,0.08385650847586924
296,18,404528,flow,16,405838,flow,12,3.3077872404336463e-06,7.588763079486644e-05,0.10414085305476878
296,18,404528,flow,17,400260,flow,1,0.0007722475971875801,0.00918279554046338,0.07539362616847935
296,18,404528,flow,17,400260,flow,2,0.0029346601269724954,0.027334479837259982,0.06671350910098314
296,18,404528,flow,17,400260,flow,6,0.002209263551491575,0.021799950987765198,0.06863911625348049
296,18,404528,flow,17,400260,flow,7,0.0008091453831005418,0.00955056845626869,0.07510503530421941
296,18,404528,flow,17,400260,flow,12,8.947469584355461e-07,2.3369448974858278e-05,0.10998987242682369
296,18,404528,flow,18,404528,flow,1,7.089082407980708e-124,3.5200960922386963e-121,0.495763030769922
296,18,404528,flow,18,404528,flow,2,8.3620968294796785e-22,9.122287450341468e-20,0.21286831959530064
296,18,404528,flow,18,404528,flow,3,0.00279802437934851,0.02629424694101711,0.06702331783487694
296,18,404528,flow,18,404528,flow,5,0.001959348485391494,0.01986478633393864,0.06943940058318357
296,18,404528,flow,18,404528,flow,12,0.0003584997551020336,0.004763823260660674,0.08000551805401551
296,18,404528,flow,19,401795,flow,11,0.000681595172075993,0.008264078426517793,0.07616096155897593
296,18,404528,flow,19,401795,flow,12,1.3497822980098132e-05,0.00026723462545382186,0.09748199346115947
296,18,404528,occupancy,1,400125,flow,4,0.0011350091687279706,0.012633259182001349,-0.07298254420543714
296,18,404528,occupancy,1,400125,flow,8,0.0052671975013830466,0.04309719795330359,-0.0625887897257887
296,18,404528,occupancy,1,400125,flow,9,0.0006615150315702604,0.008036403083193264,-0.07634370617364247
296,18,404528,occupancy,4,400316,flow,12,0.0005147037763551386,0.006480677102460504,0.07786223997397439
296,18,404528,occupancy,10,400497,flow,2,0.0015101955842660695,0.016065119241638563,-0.07114828846337826
296,18,404528,occupancy,10,400497,flow,8,0.0006355583946126037,0.007777938426987104,-0.07658772508592454
296,18,404528,occupancy,10,400497,flow,11,0.0006152338462120053,0.0075570378607786835,0.07678535151595496
296,18,404528,occupancy,10,400497,flow,12,0.005646431866166127,0.04553628432788344,0.06208316373813569
296,18,404528,occupancy,12,404520,flow,12,0.0021229623407599003,0.021083212211684528,0.06890564144583962
296,18,404528,occupancy,15,401472,flow,3,0.0004226957782719935,0.005485268134980511,-0.07903577058667577
296,18,404528,occupancy,15,401472,flow,11,1.2247320331173193e-05,0.000244729715788188,0.09795600011742253
296,18,404528,occupancy,15,401472,flow,12,0.00017676495212950183,0.002581557110207735,0.08405377380248161
296,18,404528,occupancy,16,405838,flow,12,0.004929452039901411,0.04096812776524451,0.06306756890908138
296,18,404528,occupancy,17,400260,flow,12,0.0018647906322605433,0.01907172237539192,0.0697668313863498
296,18,404528,occupancy,18,404528,flow,1,0.0037286261916162225,0.032926877491280385,-0.06505180583344836
296,18,404528,occupancy,19,401795,flow,1,0.0060375920577890214,0.047929865689752646,0.061592750063501636
296,18,404528,speed,0,400593,flow,11,0.004221862511230436,0.036309866710164215,-0.06417525039818729
296,18,404528,speed,6,405843,flow,12,0.005925951370680841,0.04726755893896092,-0.061729729147846406
296,18,404528,speed,10,400497,flow,11,0.002050733426409863,0.020578788390454374,-0.06913645171339257
296,18,404528,speed,15,401472,flow,3,0.003305709161182298,0.0299339545991762,0.06589173937959192
296,18,404528,speed,15,401472,flow,4,0.0035987267327287757,0.031988682068700224,0.0653001582833949
296,18,404528,speed,18,404528,flow,1,0.0010599570453659114,0.011945089983757252,0.07341596032328983
296,18,404528,speed,19,401795,flow,1,0.004216360691778693,0.03629144887125713,-0.0641845036611306
296,19,401795,flow,1,400125,flow,1,5.3998915861750026e-05,0.0009176841720014167,0.09047243708996984
296,19,401795,flow,1,400125,flow,11,2.7839606320415684e-05,0.0005057489457703774,0.09388246900295402
296,19,401795,flow,3,400039,flow,1,0.0004818192916395969,0.00613095534575275,0.07825740639551401
296,19,401795,flow,3,400039,flow,3,0.0008444588386974132,0.009878316228466896,-0.07484004465046484
296,19,401795,flow,3,400039,flow,5,0.004654407801721745,0.0392368126293037,0.06347989416371899
296,19,401795,flow,3,400039,flow,12,0.006187333380539819,0.04883844363956152,0.061412559530444714
296,19,401795,flow,4,400316,flow,2,0.0002736898625310022,0.003779859994034302,-0.08157225272133717
296,19,401795,flow,4,400316,flow,3,1.9955166013257002e-07,5.7934352941713884e-06,-0.11635589287215746
296,19,401795,flow,4,400316,flow,10,0.004196944519901509,0.036167564982993256,0.06421724654542557
296,19,401795,flow,4,400316,flow,11,1.690788120174259e-07,4.9654688505457505e-06,0.11703851808101985
296,19,401795,flow,6,405843,flow,4,0.004841643819671139,0.04042501217815871,0.0631968937742013
296,19,401795,flow,8,401448,flow,7,0.002434183683180752,0.023567175059033725,0.06798686833401935
296,19,401795,flow,9,402391,flow,1,5.120688003829426e-05,0.0008740170753276619,0.09075005470897328
296,19,401795,flow,10,400497,flow,2,2.846982756288757e-08,9.381361942919474e-07,-0.12414783044323477
296,19,401795,flow,10,400497,flow,5,1.7762187406417413e-08,6.018247027115547e-07,0.12596512063912174
296,19,401795,flow,10,400497,flow,8,0.004100546293443887,0.03556386265343825,-0.06438187159433861
296,19,401795,flow,10,400497,flow,10,7.502525135837415e-12,3.835610483647057e-10,0.15285139119486293
296,19,401795,flow,10,400497,flow,11,2.251053295207552e-18,1.9765346006700457e-16,0.19445519918341972
296,19,401795,flow,10,400497,flow,12,3.32463989357448e-05,0.0005922657459893506,0.09298024957303795
296,19,401795,flow,11,405841,flow,1,0.005347394504464638,0.04358630992318346,-0.06247918682825692
296,19,401795,flow,12,404520,flow,1,2.4840157491419807e-05,0.00045780495035381216,-0.0944577424236796
296,19,401795,flow,12,404520,flow,2,1.0850833065335478e-08,3.7833413109160024e-07,-0.12783656479833364
296,19,401795,flow,12,404520,flow,3,2.7161766268780303e-08,8.984596499320897e-07,-0.12433017213433732
296,19,401795,flow,12,404520,flow,6,0.00021463208425276197,0.0030470279460135777,0.08296025934915115
296,19,401795,flow,12,404520,flow,11,0.00037061849179560415,0.00490074038737989,0.07981065030163098
296,19,401795,flow,14,401469,flow,1,0.0032928812231656063,0.02985361360771337,0.06591871382255797
296,19,401795,flow,14,401469,flow,6,0.0013680557827849813,0.014763929506947588,0.07178777371956489
296,19,401795,flow,15,401472,flow,2,2.5061956979678624e-10,1.0794382268415918e-08,-0.1413406247854872
296,19,401795,flow,15,401472,flow,3,8.39488960064988e-19,7.63493117364368e-17,-0.1968690120908985
296,19,401795,flow,15,401472,flow,4,9.577569020332032e-05,0.0015155713614591348,-0.08742448341023729
296,19,401795,flow,15,401472,flow,6,0.0014028685968283086,0.015079353914651141,0.07162568058333765
296,19,401795,flow,15,401472,flow,10,7.268355711304586e-09,2.616608056069651e-07,0.12933865773748401
296,19,401795,flow,15,401472,flow,11,1.4920748273268826e-12,8.3171138761963e-11,0.1578663613988482
296,19,401795,flow,15,401472,flow,12,1.7539609446896755e-06,4.3199038090418465e-05,0.10701676037865898
296,19,401795,flow,16,405838,flow,1,4.949826115241427e-06,0.00010837936552378594,0.10227393976020806
296,19,401795,flow,16,405838,flow,11,0.00011899764578124421,0.001836619613343962,0.0862440949029294
296,19,401795,flow,16,405838,flow,12,2.188993307991298e-06,5.250666902011332e-05,0.10602075415347327
296,19,401795,flow,17,400260,flow,1,1.5728216859976097e-07,4.637945176457115e-06,0.11733524941334382
296,19,401795,flow,17,400260,flow,9,0.000645751443010043,0.007882583311114398,-0.07649081464907122
296,19,401795,flow,17,400260,flow,10,0.0014432004473332607,0.015436063214854386,0.07144246081465024
296,19,401795,flow,17,400260,flow,11,4.416025533119452e-06,9.813390073598782e-05,0.1028057194446879
296,19,401795,flow,17,400260,flow,12,0.0004358461391501738,0.005635604074016016,0.07885423544566914
296,19,401795,flow,18,404528,flow,6,0.0002121930883361097,0.003016367692043415,0.0830250050291377
296,19,401795,flow,19,401795,flow,1,8.89234659915759e-106,4.0866954583362547e-103,0.4621929774730882
296,19,401795,flow,19,401795,flow,2,1.909201537134258e-17,1.6077486628499016e-15,0.1890652187231723
296,19,401795,flow,19,401795,flow,10,0.0005545376878218959,0.006915712504014407,0.07741391661477094
296,19,401795,flow,19,401795,flow,11,1.549188748746106e-13,9.685232119512557e-12,0.16463869997595132
296,19,401795,flow,19,401795,flow,12,1.5889373781975185e-15,1.1517129989619597e-13,0.17752730469266598
296,19,401795,occupancy,1,400125,flow,7,0.000101258485681155,0.0015912573959352113,-0.08712319864822174
296,19,401795,occupancy,4,400316,flow,3,0.002048093549816393,0.020557620804480203,-0.06914502792222113
296,19,401795,occupancy,5,400503,flow,12,0.0014750417286537086,0.01573377843897289,-0.07130111373383131
296,19,401795,occupancy,6,405843,flow,4,0.002326587334931865,0.02269328807158649,0.0682745117720637
296,19,401795,occupancy,10,400497,flow,2,0.0005958009161574686,0.00735178508369113,-0.07698006923227156
296,19,401795,occupancy,10,400497,flow,10,0.0003520973807673165,0.004693183230221559,0.08011096634872573
296,19,401795,occupancy,10,400497,flow,11,7.373229181076637e-07,1.955331495534136e-05,0.11083056567393186
296,19,401795,occupancy,12,404520,flow,3,0.00031217230544085733,0.004231899691088886,-0.08081206435942614
296,19,401795,occupancy,15,401472,flow,3,4.113073121180124e-06,9.216014462395299e-05,-0.10313560713961016
296,19,401795,occupancy,15,401472,flow,10,0.002226277702780516,0.021927769439151458,0.0685876990987181
296,19,401795,occupancy,15,401472,flow,11,0.0007234683921173795,0.008691277680609231,0.07579544156822764
296,19,401795,occupancy,15,401472,flow,12,6.503207841781023e-05,0.0010801175654169173,0.08949400733061223
296,19,401795,occupancy,19,401795,flow,11,0.0019790060919741455,0.020035871378786756,0.06937315589203878
296,19,401795,speed,1,400125,flow,2,1.8444661988265615e-05,0.0003507083617487124,-0.0959448569065512
296,19,401795,speed,1,400125,flow,3,0.0034189285123364817,0.03073194168392343,-0.06565770843271942
296,19,401795,speed,3,400039,flow,3,4.6224636208458626e-05,0.0007978043484640083,-0.09128312371440687
296,19,401795,speed,4,400316,flow,8,0.00027288451240899933,0.0037699427361908445,0.08158920778267519
296,19,401795,speed,5,400503,flow,2,0.0019169738524829852,0.0195084264846325,-0.06958429904814496
296,19,401795,speed,5,400503,flow,4,0.0033200845901812832,0.03004979138819012,-0.06586162386073777
296,19,401795,speed,10,400497,flow,1,0.0022501275620089626,0.022107507169053627,-0.06851622670037211
296,19,401795,speed,10,400497,flow,9,1.7409640424078815e-06,4.293976215178228e-05,0.10705004221054314
296,19,401795,speed,10,400497,flow,10,0.005100884721115263,0.042085221534029674,0.06282097075649747
296,19,401795,speed,11,405841,flow,6,0.0063207996205461294,0.049637982840863994,-0.06125523082745565
296,19,401795,speed,11,405841,flow,12,0.002813513842065227,0.026399608596267984,-0.06700241871962011
296,19,401795,speed,12,404520,flow,1,2.4457717577743104e-06,5.792617321044419e-05,-0.10551878928503525
296,19,401795,speed,12,404520,flow,2,0.0015214333048942572,0.016152843148545565,-0.07110012483423483
296,19,401795,speed,12,404520,flow,6,0.0008585405417893708,0.010015919904213022,0.07473723184016799
296,19,401795,speed,12,404520,flow,12,1.7222322749121335e-05,0.0003315527374162396,-0.0962843678341404
296,19,401795,speed,15,401472,flow,1,0.00023888773650540253,0.003350633187348503,-0.08235146500473346
296,19,401795,speed,15,401472,flow,2,0.0013749736111790787,0.014823773397288796,-0.07175526309630997
296,19,401795,speed,15,401472,flow,8,0.00015122467089895977,0.002259427677564754,0.0849236707828953
296,19,401795,speed,15,401472,flow,9,1.2247815868844038e-05,0.000244729715788188,0.09795580329816139
296,19,401795,speed,15,401472,flow,10,3.2813664438617696e-06,7.544174048686984e-05,0.10417767646481134
296,19,401795,speed,15,401472,flow,11,5.394543464469675e-06,0.00011710767721863818,0.10187127317144985
296,19,401795,speed,17,400260,flow,11,0.001584105044273466,0.016695130010396127,0.07083737890853933
296,19,401795,speed,17,400260,flow,12,0.0019507486818665055,0.019796181126763693,0.06946857318135201
296,19,401795,speed,19,401795,flow,3,0.0032858609124595418,0.0298087340231525,-0.06593351657452103
296,19,401795,speed,19,401795,flow,12,0.001679311833549524,0.01754020096937607,0.07045598056261783
