graph_slot,source_node_index,source_node_id,source_feature,target_node_index,target_node_id,target_feature,lag_5min_steps,raw_p_value,fdr_bh_q_value,parcorr_value
78,0,400593,flow,0,400593,flow,1,6.5353962710032656e-09,2.6312126645604945e-07,0.12970184193828582
78,0,400593,flow,0,400593,flow,2,2.870893864419084e-23,3.3610464754174646e-21,0.22026562029471922
78,0,400593,flow,0,400593,flow,3,8.733451541942514e-18,8.131144539049927e-16,0.191037685334941
78,0,400593,flow,0,400593,flow,4,5.987067914244224e-22,6.735451403524751e-20,0.21366622542691174
78,0,400593,flow,0,400593,flow,5,1.4808563281243964e-23,1.7478959938517464e-21,0.22174121197239338
78,0,400593,flow,0,400593,flow,6,1.6080054368422124e-13,1.0736605080615699e-11,0.16452958211407134
78,0,400593,flow,0,400593,flow,7,1.2762461703041479e-06,3.458835292166825e-05,0.10843086767846792
78,0,400593,flow,0,400593,flow,8,7.160808176986333e-07,2.0540963694940878e-05,0.11095703392335989
78,0,400593,flow,0,400593,flow,9,1.9460827710580867e-07,6.1862233781978915e-06,0.11645947459582442
78,0,400593,flow,0,400593,flow,10,0.0005161902995311498,0.006344389656498702,0.07784493783556953
78,0,400593,flow,0,400593,flow,11,9.487710473163945e-05,0.0015002529005881495,0.08747540763387082
78,0,400593,flow,0,400593,flow,12,0.0018245483319692336,0.017788419756504376,0.06991082616048178
78,0,400593,flow,1,400125,flow,1,0.003378284166742286,0.0289080762506909,0.06574090008773617
78,0,400593,flow,2,400331,flow,2,0.00035766521930988163,0.004666607512590422,0.08001916279998335
78,0,400593,flow,2,400331,flow,9,0.004421988518525335,0.03569318086702064,0.0638458800424709
78,0,400593,flow,2,400331,flow,12,0.004585474817816541,0.03668379854253233,0.06358668326543107
78,0,400593,flow,3,400039,flow,3,0.001939178802512172,0.018628535527802054,0.06950800769159081
78,0,400593,flow,4,400316,flow,4,0.0015141451833616205,0.015269738573270266,0.07113132343349621
78,0,400593,flow,5,400503,flow,2,0.0031055290273696535,0.02711198963517224,0.06632398283139125
78,0,400593,flow,5,400503,flow,5,0.005975770590345095,0.044927478159225216,0.06166831818195932
78,0,400593,flow,6,405843,flow,4,0.005588158365801482,0.042636602155179094,0.062158828422266964
78,0,400593,flow,7,408093,flow,3,0.0032001919459223338,0.02772729483831625,0.06611651253528239
78,0,400593,flow,7,408093,flow,5,0.005019391085839415,0.03927290037864363,0.06293724644972813
78,0,400593,flow,7,408093,flow,8,0.0023883898874503696,0.021934192843931964,0.06811506098453296
78,0,400593,flow,9,402391,flow,7,0.0066988861800579575,0.04877665312295698,0.060825233146390024
78,0,400593,flow,10,400497,flow,4,1.4739031488652747e-05,0.00029879219160478584,0.09705122570313701
78,0,400593,flow,10,400497,flow,5,0.003493569040302613,0.029737905171912677,0.06550724858043305
78,0,400593,flow,11,405841,flow,5,3.337292935938309e-06,8.117739573903995e-05,0.1041000618184155
78,0,400593,flow,11,405841,flow,6,0.002005291244478247,0.019117194125693696,0.06928551365932488
78,0,400593,flow,13,400183,flow,1,0.0013672956811643857,0.01405357445308148,0.07179135508216367
78,0,400593,flow,13,400183,flow,2,3.582520163816211e-06,8.670300900664444e-05,0.10377382074273364
78,0,400593,flow,13,400183,flow,4,0.003729173033057087,0.03123914582665623,0.0650507770578471
78,0,400593,flow,13,400183,flow,5,2.6039833413199184e-07,8.11631171320494e-06,0.11525139576299226
78,0,400593,flow,13,400183,flow,10,0.0002568887446001328,0.0035412315928485317,0.08193605643407657
78,0,400593,flow,14,401469,flow,1,0.004705778867676184,0.0374520352033182,0.06340123810675048
78,0,400593,flow,14,401469,flow,4,0.00012899357374081003,0.001948434400560487,0.08580176807038431
78,0,400593,flow,14,401469,flow,11,5.611216088606236e-05,0.0009569859258894173,0.09027120693187482
78,0,400593,flow,15,401472,flow,1,0.00037182466445625443,0.0048261460362847754,0.07979158216626356
78,0,400593,flow,15,401472,flow,2,0.00033211537932421875,0.004386237966006191,0.08045200024655007
78,0,400593,flow,15,401472,flow,3,0.00020663176757780577,0.0029269293121643213,0.08317528741618552
78,0,400593,flow,15,401472,flow,5,0.004744774959931316,0.037672170238748914,0.06334204672932797
78,0,400593,flow,15,401472,flow,6,0.0002788629275868691,0.00379788098100654,0.08146444512613968
78,0,400593,flow,15,401472,flow,8,0.00407251486760886,0.03349821825603632,0.06443040119237683
78,0,400593,flow,15,401472,flow,11,0.001468302762246125,0.014889830828411409,0.07133079275253795
78,0,400593,flow,15,401472,flow,12,0.005492291751850783,0.042084589742977886,0.06228486747230487
78,0,400593,flow,16,405838,flow,12,0.000957485902967253,0.01057616747844166,0.07405597429222019
78,0,400593,flow,17,400260,flow,1,0.0005195146633392932,0.006381300385629078,0.07780641178732102
78,0,400593,flow,17,400260,flow,4,0.00021310659491260422,0.00301173394626205,0.08300067364584805
78,0,400593,flow,17,400260,flow,10,0.0030083789854772657,0.02637215344411889,0.06654298350894705
78,0,400593,flow,19,401795,flow,1,0.0022414898656012506,0.020914117104530026,0.0685420313699602
78,0,400593,flow,19,401795,flow,2,0.003710622158161061,0.031125995579137443,0.0650857536839726
78,0,400593,flow,19,401795,flow,4,0.00030669131644559845,0.004108237169131737,0.08091479189049369
78,0,400593,flow,19,401795,flow,5,0.0020467375242538242,0.019445581932651244,0.06914943720448576
78,0,400593,flow,19,401795,flow,10,0.005127999511326662,0.03995824934097134,0.0627826550469387
78,0,400593,flow,19,401795,flow,11,0.0005776845374922806,0.0069924270158774225,0.07716699054977813
78,0,400593,occupancy,0,400593,flow,2,1.13262175109094e-11,6.438060479885342e-10,-0.15154563174947222
78,0,400593,occupancy,0,400593,flow,4,3.2747218466250875e-15,2.5082975846490035e-13,-0.17555693912964435
78,0,400593,occupancy,0,400593,flow,5,9.671492609503713e-12,5.519266588250468e-10,-0.15204766737382508
78,0,400593,occupancy,0,400593,flow,6,0.0007557863393806168,0.008736946711598246,0.07552652378048044
78,0,400593,occupancy,4,400316,flow,3,0.000277386063144494,0.0037825372246976454,0.08149503093944083
78,0,400593,occupancy,8,401448,flow,9,0.0013769139313952418,0.01413561830709944,-0.07174617155091023
78,0,400593,occupancy,10,400497,flow,4,0.004271091718937065,0.034741322210145205,0.06409293693543709
78,0,400593,occupancy,17,400260,flow,1,0.001663584676350186,0.016445505267351952,0.0705175897998058
78,0,400593,occupancy,17,400260,flow,4,0.005226688696217497,0.04052278386155705,0.0626447257041883
78,0,400593,speed,8,401448,flow,9,8.220802593150447e-05,0.001331661081765093,0.08824639875855068
78,0,400593,speed,8,401448,flow,12,0.000945757588849531,0.010481459168368328,0.07413322625198408
78,0,400593,speed,11,405841,flow,4,0.0012994261613575077,0.013510279222778419,0.07211877679764367
78,0,400593,speed,12,404520,flow,8,0.0011955478126495628,0.012621619136476324,0.07265182199671266
78,0,400593,speed,13,400183,flow,9,0.005986620626072337,0.044985564627991824,0.061655004757137984
78,0,400593,speed,17,400260,flow,9,7.935793334181968e-05,0.0012941724123694263,0.08843525595654067
78,0,400593,speed,19,401795,flow,9,0.00031991484831480276,0.004258958843512937,0.08066978853816054
78,1,400125,flow,0,400593,flow,8,0.0018353378004857602,0.017865388233660396,0.06987193544921207
78,1,400125,flow,0,400593,flow,9,0.0008914549470289494,0.010017887276657597,0.07450288407009226
78,1,400125,flow,1,400125,flow,1,9.781004923578281e-132,5.4171719576741246e-129,0.5092900591787686
78,1,400125,flow,1,400125,flow,2,3.4745973279451745e-15,2.6333790274952904e-13,0.17530751450380402
78,1,400125,flow,1,400125,flow,3,1.4796557087564064e-05,0.00029967710557091777,0.09700777490920026
78,1,400125,flow,1,400125,flow,9,0.0027194141027572457,0.024292532927856287,0.06723476978789719
78,1,400125,flow,1,400125,flow,10,0.0018058521657190682,0.017641975024663897,0.06997871939833616
78,1,400125,flow,1,400125,flow,11,5.526915600162204e-05,0.0009442578053873073,0.09035060615686151
78,1,400125,flow,2,400331,flow,9,0.0004672935310851785,0.005847937584843485,0.07844002451657273
78,1,400125,flow,3,400039,flow,1,7.197563541249626e-05,0.001193149443522578,0.08895595440000446
78,1,400125,flow,3,400039,flow,11,0.006424280212485042,0.047303375691043766,0.06113529208011081
78,1,400125,flow,4,400316,flow,11,0.0032808308392681187,0.02824469754013207,0.06594414050279665
78,1,400125,flow,5,400503,flow,1,5.591343140567282e-05,0.0009543501527953638,0.09028982223700864
78,1,400125,flow,5,400503,flow,7,0.0010448221553961063,0.011363624650833785,0.07350678809836995
78,1,400125,flow,5,400503,flow,8,0.00281048103736768,0.02494099852388738,0.0670097959522808
78,1,400125,flow,5,400503,flow,9,1.926503802184065e-05,0.0003781234177844235,0.09572880566084012
78,1,400125,flow,5,400503,flow,11,0.001314008345071694,0.013622704955339104,0.07204711981646192
78,1,400125,flow,5,400503,flow,12,0.0003804554374977448,0.004922983806276644,0.07965680208333888
78,1,400125,flow,7,408093,flow,2,3.137173958386867e-05,0.0005781822312385353,0.09327616845243579
78,1,400125,flow,7,408093,flow,3,0.0009017253139826287,0.010102316795656005,0.07443139951683246
78,1,400125,flow,7,408093,flow,12,0.001855269086175089,0.01803096164741594,0.06980064182191045
78,1,400125,flow,9,402391,flow,1,0.0041385917388962554,0.03390062568317628,0.06431648417180476
78,1,400125,flow,9,402391,flow,7,0.0019422323158722783,0.018641287723990763,0.0694975792437591
78,1,400125,flow,9,402391,flow,10,0.0002697529097454122,0.003695948525531813,0.08165558602704814
78,1,400125,flow,9,402391,flow,11,0.006769059686949956,0.04914905823403353,0.060747833723078314
78,1,400125,flow,10,400497,flow,2,0.0018664630804754946,0.01810979781679329,-0.06976090899205918
78,1,400125,flow,10,400497,flow,3,1.6244144977732313e-05,0.00032533475337878344,-0.0965730169654022
78,1,400125,flow,10,400497,flow,11,1.433939770325297e-10,7.13665876475263e-09,0.1432342867185626
78,1,400125,flow,10,400497,flow,12,0.0007298237593261589,0.008508583766274294,0.07574168959716485
78,1,400125,flow,11,405841,flow,4,0.0013803138346437146,0.014167155537326793,0.07173026942959079
78,1,400125,flow,12,404520,flow,1,0.0015400239282647554,0.015464675430273694,-0.07102116173749917
78,1,400125,flow,12,404520,flow,2,4.312430975216245e-06,0.00010219254971439483,-0.10291601779212249
78,1,400125,flow,12,404520,flow,3,0.0020669812968726084,0.019584454911575348,-0.06908388876893702
78,1,400125,flow,12,404520,flow,9,0.0007586846262043557,0.008765759789255994,0.07550293130911594
78,1,400125,flow,13,400183,flow,8,0.00018369341846907484,0.002648716848419237,0.08383820092365649
78,1,400125,flow,14,401469,flow,8,2.2826776412670014e-05,0.0004388592527936558,0.09488220614799973
78,1,400125,flow,14,401469,flow,11,0.0003427279017865296,0.004509852378062162,0.08026855954599021
78,1,400125,flow,14,401469,flow,12,1.3158943629461716e-05,0.00027251503585462426,0.09760617041200953
78,1,400125,flow,15,401472,flow,1,0.0009013953625655782,0.010101239860657063,0.0744336843180688
78,1,400125,flow,16,405838,flow,7,0.0045007982433091275,0.036154165520557224,0.06371986853611288
78,1,400125,flow,17,400260,flow,7,0.003187312915605756,0.02764897950886921,-0.06614440802590602
78,1,400125,flow,19,401795,flow,2,0.00456285549431482,0.03652313458484347,0.06362204119545177
78,1,400125,occupancy,1,400125,flow,1,0.0005095936385946273,0.00628266129774198,-0.07792207568699272
78,1,400125,occupancy,5,400503,flow,4,0.0013146540962687206,0.013622704955339104,0.07204396357361684
78,1,400125,occupancy,6,405843,flow,10,3.2433797941184596e-05,0.0005957228193278803,0.09310652362578552
78,1,400125,occupancy,7,408093,flow,2,0.0037444794235217543,0.03135206809493629,0.06502203651920334
78,1,400125,occupancy,10,400497,flow,2,0.0026605596360069752,0.02386053067791184,0.06738385306550114
78,1,400125,occupancy,10,400497,flow,9,0.0021047501599526313,0.0198879218546151,0.0689631525791261
78,1,400125,occupancy,14,401469,flow,4,0.0024855230243582605,0.022657648164650105,0.06784574809424378
78,1,400125,occupancy,16,405838,flow,8,0.002961544069573572,0.026046153054881577,-0.06665087369095699
78,1,400125,speed,1,400125,flow,1,2.5946537220664833e-08,9.55575795339063e-07,0.124507370106316
78,1,400125,speed,4,400316,flow,1,0.0038030397084726783,0.0317655288874748,-0.06491305493874135
78,1,400125,speed,6,405843,flow,2,0.001895732311387586,0.018321171331531036,-0.06965804306125561
78,1,400125,speed,6,405843,flow,6,0.0060349116089217295,0.045253980473080845,-0.061596012060172206
78,1,400125,speed,10,400497,flow,2,9.306994131311207e-05,0.0014749161646098465,-0.08757921529752699
78,1,400125,speed,10,400497,flow,9,7.516745056445636e-05,0.0012360996819126436,-0.08872490657464589
78,1,400125,speed,11,405841,flow,5,0.0002469637974946439,0.003422789878655315,0.08216158789276877
78,1,400125,speed,15,401472,flow,4,0.0027025106631283556,0.024166520523110115,-0.06727728364081677
78,1,400125,speed,15,401472,flow,5,0.0011627328940972165,0.012348414963117532,-0.0728291174115391
78,1,400125,speed,15,401472,flow,6,7.633956459558188e-05,0.0012529898140308273,-0.08864238174049448
78,1,400125,speed,16,405838,flow,2,0.0017313440418486327,0.01701411797267082,-0.07025586342877756
78,1,400125,speed,17,400260,flow,2,0.0021915410069487107,0.020543567634567945,-0.0686930612342578
78,1,400125,speed,18,404528,flow,10,0.002859141125041772,0.025305244130670878,-0.06689229827118515
78,2,400331,flow,0,400593,flow,4,0.005882805007552733,0.044371422671124844,0.06178329149061187
78,2,400331,flow,0,400593,flow,7,0.0006566045565466738,0.007799097289748779,0.07638917905044788
78,2,400331,flow,0,400593,flow,8,0.004066150552708364,0.033452238407351224,0.06444146164299175
78,2,400331,flow,1,400125,flow,1,0.0003115021899999536,0.004163643133662746,0.08082453305581094
78,2,400331,flow,1,400125,flow,12,0.00384575955461498,0.03205206748867365,0.06483450980619246
78,2,400331,flow,2,400331,flow,1,1.46834102140445e-73,4.173179745044226e-71,0.39085342619353597
78,2,400331,flow,2,400331,flow,2,3.1698509554085927e-22,3.584752912922806e-20,0.21502461774811088
78,2,400331,flow,2,400331,flow,3,1.2750832498349533e-05,0.00026492926511396795,0.09773531191014699
78,2,400331,flow,2,400331,flow,4,2.6623256131954096e-12,1.5820146697392254e-10,0.15604830139525488
78,2,400331,flow,3,400039,flow,1,0.00018839592074998396,0.002705656755552319,0.08369619650180768
78,2,400331,flow,3,400039,flow,11,0.0031219855065512253,0.02722496837096131,0.06628750554201623
78,2,400331,flow,5,400503,flow,4,9.102276530435974e-05,0.001448318033572133,0.08769913311654706
78,2,400331,flow,5,400503,flow,5,0.000683203215010134,0.008059633776198194,0.07614654425296744
78,2,400331,flow,7,408093,flow,2,8.375453784388953e-05,0.0013500731473343386,0.08814649419763956
78,2,400331,flow,7,408093,flow,7,9.024867707571873e-05,0.0014381198265108997,0.0877451413256666
78,2,400331,flow,7,408093,flow,9,0.0020829793178042864,0.01971619336747265,0.06903250286276452
78,2,400331,flow,7,408093,flow,11,0.0023599705506055376,0.021765740347173188,0.06819575185362559
78,2,400331,flow,8,401448,flow,3,0.004538219674868379,0.03637311501935324,-0.06366073220367495
78,2,400331,flow,10,400497,flow,1,0.0062862857575323675,0.04656507968542494,0.0612956268524058
78,2,400331,flow,10,400497,flow,2,0.0019269978610725366,0.01855277637582652,0.0695497588875556
78,2,400331,flow,10,400497,flow,10,0.0008810862565857094,0.009922556382821336,0.07457583102066434
78,2,400331,flow,11,405841,flow,4,0.0007924681897783219,0.009080802599051328,0.07523392888900625
78,2,400331,flow,11,405841,flow,5,0.00424934155418196,0.03461002170826936,0.06412919760351976
78,2,400331,flow,11,405841,flow,6,0.0018292004878384263,0.017813674723764657,0.06989403160737825
78,2,400331,flow,11,405841,flow,11,0.0036812551607005076,0.03090966432308298,0.0651414496176745
78,2,400331,flow,11,405841,flow,12,0.005962648459788711,0.04484443131317415,0.06168444866693163
78,2,400331,flow,13,400183,flow,2,0.0032779842920328617,0.028225816507039987,0.06595015921584381
78,2,400331,flow,13,400183,flow,6,0.0004599444335830226,0.005774367779943788,0.07853444293412197
78,2,400331,flow,13,400183,flow,7,0.0009604890540613727,0.010601207750498545,0.07403633403157452
78,2,400331,flow,14,401469,flow,2,1.2089131042389698e-05,0.0002536427688349854,0.09801922169897885
78,2,400331,flow,14,401469,flow,5,0.00012106874541155061,0.0018507324139345317,0.08614964472748202
78,2,400331,flow,14,401469,flow,6,0.0003202881964070702,0.004259631656636514,0.08066300964173985
78,2,400331,flow,15,401472,flow,1,1.189206968729178e-06,3.247391975290802e-05,0.10874264886927375
78,2,400331,flow,15,401472,flow,2,0.00038237240362798907,0.004944174749095818,0.07962725421252774
78,2,400331,flow,15,401472,flow,3,1.6287844644469294e-05,0.0003260587991849275,0.09655977266845989
78,2,400331,flow,15,401472,flow,4,2.340946610316602e-06,5.907061540051239e-05,0.10571730071412123
78,2,400331,flow,15,401472,flow,5,9.729314123764131e-06,0.0002096291122925738,0.09906971786320833
78,2,400331,flow,15,401472,flow,6,1.4543411239254309e-07,4.720325811688851e-06,0.11765576159855211
78,2,400331,flow,15,401472,flow,7,6.705410727528909e-06,0.00015095036134926988,0.1008464509590657
78,2,400331,flow,15,401472,flow,8,1.479543936571759e-05,0.00029967710557091777,0.09703248079273047
78,2,400331,flow,15,401472,flow,9,2.2998661285896253e-05,0.0004417706391955172,0.09484460653859579
78,2,400331,flow,15,401472,flow,10,0.0017195220370598047,0.01692103690227416,0.07030084109152102
78,2,400331,flow,15,401472,flow,11,0.003102733406713592,0.0270948217444971,0.06633019707256022
78,2,400331,flow,16,405838,flow,4,0.00015104452162559623,0.002233383509342359,0.08493028414478034
78,2,400331,flow,16,405838,flow,7,0.0007363549003609964,0.008565032766719183,0.07568690175861999
78,2,400331,flow,17,400260,flow,5,0.0034028494582234825,0.02906923009595698,0.06569051124094931
78,2,400331,occupancy,0,400593,flow,7,0.0013552542193535529,0.0139530463003035,0.0718483368730783
78,2,400331,occupancy,0,400593,flow,8,4.362269580447705e-05,0.0007682431548118257,0.09158356819106832
78,2,400331,occupancy,0,400593,flow,9,0.0042567703699130975,0.03465745947611116,0.0641167938197706
78,2,400331,occupancy,1,400125,flow,1,0.0006179859634145775,0.007405546080307837,0.0767582389820036
78,2,400331,occupancy,2,400331,flow,1,6.345328283844306e-10,2.9007215011859687e-08,0.13813276636648414
78,2,400331,occupancy,2,400331,flow,2,3.7098939290586414e-05,0.0006658388771721367,0.09241883625942805
78,2,400331,occupancy,2,400331,flow,3,8.302691054565011e-05,0.00134094898323102,0.08819327991716654
78,2,400331,occupancy,2,400331,flow,10,0.004747208597824606,0.037678990285558815,0.06333836736361086
78,2,400331,occupancy,3,400039,flow,1,0.0065651375642800935,0.04809461468151603,0.06097479310563486
78,2,400331,occupancy,5,400503,flow,4,0.0013629883609513004,0.014015971719375428,0.07181168456491359
78,2,400331,occupancy,7,408093,flow,3,9.51804382161435e-05,0.001504498694086132,0.0874581665646262
78,2,400331,occupancy,7,408093,flow,9,0.00027808694369752684,0.0037908980649205303,0.08148049676349133
78,2,400331,occupancy,9,402391,flow,3,0.005358730306548167,0.04136832545441044,0.06246381434730258
78,2,400331,occupancy,9,402391,flow,4,0.0063806717695659935,0.04709465580817545,-0.061185622930349466
78,2,400331,occupancy,10,400497,flow,1,0.0017222264229905372,0.01693993202941512,0.07029052705108632
78,2,400331,occupancy,10,400497,flow,2,0.0004345309598419622,0.005509755639909823,0.07887215926391665
78,2,400331,occupancy,10,400497,flow,10,0.0004974796708000001,0.0061526257596793595,0.07806618453354104
78,2,400331,occupancy,11,405841,flow,4,0.0001629806235975635,0.002389128924131233,0.08450736414290663
78,2,400331,occupancy,11,405841,flow,8,0.0047182926196784845,0.03753779763722109,0.0633821955476987
78,2,400331,occupancy,11,405841,flow,12,2.0935508822837053e-05,0.00040776103748717794,0.09531469549742588
78,2,400331,occupancy,12,404520,flow,9,0.0009252735345408723,0.01031866962924588,0.07427030267130329
78,2,400331,occupancy,13,400183,flow,3,0.003015796260324144,0.026426449989047265,0.06652603750085666
78,2,400331,occupancy,13,400183,flow,7,0.003860548695772275,0.032134046947468645,0.06480750284879147
78,2,400331,occupancy,13,400183,flow,9,5.726873138056391e-06,0.00013185080776946398,0.10159059600972557
78,2,400331,occupancy,14,401469,flow,2,4.653989216743006e-10,2.1758910623733533e-08,0.13921140243581198
78,2,400331,occupancy,14,401469,flow,5,0.0005590311946060011,0.006804775318957242,0.07736523980223246
78,2,400331,occupancy,15,401472,flow,1,0.00015133504741700633,0.0022358666376247173,0.08491962247105422
78,2,400331,occupancy,15,401472,flow,2,9.065556157580428e-05,0.0014430098865411346,0.08772091176872954
78,2,400331,occupancy,15,401472,flow,3,0.00013671066376928008,0.0020456877986951504,0.08548183943420919
78,2,400331,occupancy,15,401472,flow,4,5.015961986781722e-07,1.4811316324604949e-05,0.11248624131659025
78,2,400331,occupancy,15,401472,flow,5,0.00030084708871774325,0.0040454589522880054,0.08102623726928267
78,2,400331,occupancy,15,401472,flow,6,0.0006857212093463532,0.008084922555612025,0.07612403174872735
78,2,400331,occupancy,15,401472,flow,7,0.00013540695330123238,0.0020296947892481745,0.08553467422863015
78,2,400331,occupancy,15,401472,flow,8,0.0003636898412519279,0.004733775577608703,0.07992131998415442
78,2,400331,occupancy,15,401472,flow,9,1.8428050169533946e-05,0.0003634046423514007,0.09594932555038388
78,2,400331,occupancy,15,401472,flow,10,0.005413710172651116,0.04168846336159148,0.062389669884531984
78,2,400331,occupancy,15,401472,flow,11,0.005488571473308035,0.04206995877340439,0.06228979852693341
78,2,400331,occupancy,17,400260,flow,9,0.0003076683323277253,0.004120047103706675,0.08089635500361902
78,2,400331,speed,4,400316,flow,11,0.0061661189916712555,0.04598245131023619,-0.061437847565986387
78,2,400331,speed,7,408093,flow,2,0.0051365304058174155,0.04000326546445148,-0.06277063793896566
78,2,400331,speed,8,401448,flow,4,0.002681775837940767,0.024015903026335227,0.06732976665208604
78,2,400331,speed,10,400497,flow,5,0.002410907358865423,0.022096335843498533,-0.0680517485080446
78,2,400331,speed,11,405841,flow,4,0.005597371200311189,0.04269181423966161,-0.062146818902368936
78,2,400331,speed,13,400183,flow,8,0.004010880986286068,0.033104711235681726,-0.06453817968047826
78,2,400331,speed,13,400183,flow,9,0.005177557715093685,0.040264715264094905,-0.06271309509037411
78,2,400331,speed,16,405838,flow,7,0.0002841791676778668,0.0038617615739804483,-0.08135558754874793
78,3,400039,flow,0,400593,flow,9,0.006849369726878617,0.049650966775910445,0.06066013330507338
78,3,400039,flow,1,400125,flow,1,1.7126222984874735e-06,4.486675760743411e-05,0.10712345363415376
78,3,400039,flow,1,400125,flow,2,0.004989479119181623,0.03912606606437577,0.06298035329444351
78,3,400039,flow,1,400125,flow,3,2.916533192943402e-05,0.0005421438637485153,0.09364676686280675
78,3,400039,flow,1,400125,flow,5,0.001612272358266962,0.01602626918479815,0.0707223922129985
78,3,400039,flow,1,400125,flow,10,0.0020143970270395744,0.019176278441628385,0.06925539794719031
78,3,400039,flow,1,400125,flow,11,2.8628618709276953e-08,1.0436762263635141e-06,0.12412625051709378
78,3,400039,flow,1,400125,flow,12,1.6478473434961743e-10,8.08025031090065e-09,0.14276504760631908
78,3,400039,flow,2,400331,flow,2,0.0047861295631123815,0.03790993713356342,0.06327975419699436
78,3,400039,flow,2,400331,flow,3,0.00029673376831936785,0.0039971620802608954,0.08110589681088154
78,3,400039,flow,2,400331,flow,5,0.006275180138741152,0.0465213544871721,0.061308667616049244
78,3,400039,flow,2,400331,flow,9,0.0010128993412703313,0.011069378078137695,0.07370242243530534
78,3,400039,flow,2,400331,flow,10,0.004796944954349838,0.03795385018826245,0.06326354325463848
78,3,400039,flow,3,400039,flow,1,1.9011822380229518e-88,5.9087102649346416e-86,0.4259637248602494
78,3,400039,flow,3,400039,flow,2,4.8790671616381014e-17,4.409533501731506e-15,0.18667009866660622
78,3,400039,flow,3,400039,flow,3,0.0032067415557930625,0.02776733517944684,0.06610236552171396
78,3,400039,flow,3,400039,flow,4,5.2330489719713534e-05,0.0009006681895982569,0.09063664842953063
78,3,400039,flow,3,400039,flow,5,4.984463821140015e-05,0.0008633874782407724,0.0908907500453563
78,3,400039,flow,3,400039,flow,9,0.0007486953339587854,0.008680525611116352,0.07558460144030843
78,3,400039,flow,3,400039,flow,10,7.287235422510272e-05,0.0012033966752769255,0.08889008019986189
78,3,400039,flow,3,400039,flow,11,7.224298961958149e-11,3.755592240151529e-09,0.14552579602293053
78,3,400039,flow,3,400039,flow,12,1.3917337465795497e-09,6.07916055128782e-08,0.1353617523260263
78,3,400039,flow,4,400316,flow,3,0.0006385055375299334,0.007621840072200366,-0.07655955751997491
78,3,400039,flow,4,400316,flow,4,0.0031848613175336476,0.02763326148171391,-0.06614972972121208
78,3,400039,flow,4,400316,flow,10,0.0003918162012233118,0.005037636872871152,0.07948367835147979
78,3,400039,flow,4,400316,flow,11,0.00012781709141378362,0.0019333677692841222,0.08583056442136429
78,3,400039,flow,5,400503,flow,1,3.5745479975102677e-05,0.0006450312175958377,0.0926094870580226
78,3,400039,flow,5,400503,flow,7,0.0009084390178824202,0.010153833265852666,0.07438507677134257
78,3,400039,flow,5,400503,flow,8,0.00198165749361677,0.018939735337222225,0.06936426710095633
78,3,400039,flow,5,400503,flow,12,1.380875351412122e-06,3.705205911863582e-05,0.10808206730257183
78,3,400039,flow,7,408093,flow,2,0.00023450361325171433,0.003275317197696107,0.08245707589899277
78,3,400039,flow,7,408093,flow,3,0.00337264650777722,0.02886830377174082,0.06575251119217339
78,3,400039,flow,7,408093,flow,5,0.000520626334892582,0.0063913207352542046,0.07779357984186264
78,3,400039,flow,7,408093,flow,6,0.0007917913601905008,0.009077862728298736,0.07523921287115876
78,3,400039,flow,7,408093,flow,8,0.0006687683142926873,0.007910950486704297,0.07627710851393962
78,3,400039,flow,7,408093,flow,9,0.00437600241350929,0.03541463174664693,0.06392035152820846
78,3,400039,flow,7,408093,flow,12,0.0017598878816644853,0.01725928637636907,0.07014841885307822
78,3,400039,flow,8,401448,flow,1,0.003285618531986305,0.028274645534224777,0.06591744997376828
78,3,400039,flow,8,401448,flow,12,0.000847810569484779,0.00961044780943124,0.0748154298295571
78,3,400039,flow,9,402391,flow,1,1.8023180387157736e-06,4.690369835694061e-05,0.10689497551891931
78,3,400039,flow,9,402391,flow,3,4.5026060239086437e-05,0.0007900592210920122,0.09141947662358628
78,3,400039,flow,9,402391,flow,7,0.004448794592893746,0.035882734580472336,0.06380279231416443
78,3,400039,flow,9,402391,flow,9,0.0007438114727717656,0.008630850288407271,0.0756248994564602
78,3,400039,flow,9,402391,flow,10,0.0007680594416896435,0.008850404876231689,0.07542718753163365
78,3,400039,flow,9,402391,flow,11,1.3183847045827425e-06,3.559638702373405e-05,0.10828719921054523
78,3,400039,flow,9,402391,flow,12,1.1757917160713727e-06,3.214822919891348e-05,0.10879264487638124
78,3,400039,flow,10,400497,flow,9,0.00447085178909703,0.03600686004641904,0.06376751381848554
78,3,400039,flow,10,400497,flow,10,0.00023359710614228327,0.0032639748717369424,0.08247914389869487
78,3,400039,flow,10,400497,flow,11,1.4945903276080216e-10,7.421414040536383e-09,0.14309464346202036
78,3,400039,flow,10,400497,flow,12,2.1970298194415667e-08,8.18204208619618e-07,0.12514928811766715
78,3,400039,flow,11,405841,flow,3,0.002057057644181622,0.01951343857240086,0.06911594722169907
78,3,400039,flow,11,405841,flow,7,0.00016126791659184494,0.002367060854214428,0.08456622240158977
78,3,400039,flow,11,405841,flow,11,0.0002772590579645405,0.0037825372246976454,0.08149766832857688
78,3,400039,flow,11,405841,flow,12,0.0012554335893924518,0.013135076546804049,0.07233954127655687
78,3,400039,flow,12,404520,flow,2,0.002942206697579424,0.025891898418299274,-0.06669587411637286
78,3,400039,flow,12,404520,flow,3,0.00032958718189149693,0.0043621832897404005,-0.08047629066796037
78,3,400039,flow,12,404520,flow,5,0.0004741405303308339,0.005914776468464345,0.07835329437228195
78,3,400039,flow,12,404520,flow,6,8.29597103875958e-05,0.0013407629961631644,0.0881976203329796
78,3,400039,flow,12,404520,flow,7,0.0016004562450602723,0.01595286335639219,0.07077040205268996
78,3,400039,flow,12,404520,flow,9,7.326368268581073e-06,0.0001638194147011917,0.10042638375335278
78,3,400039,flow,12,404520,flow,10,5.014707866467258e-09,2.0456598662076068e-07,0.13071484497092664
78,3,400039,flow,12,404520,flow,11,2.15705426278334e-06,5.494383499542469e-05,0.10608710219103354
78,3,400039,flow,12,404520,flow,12,0.0015491451648050715,0.015530998171171755,0.07098273984674347
78,3,400039,flow,13,400183,flow,5,0.0024036628101273567,0.022055699532179653,0.06807205880921638
78,3,400039,flow,13,400183,flow,9,0.0035606434478783456,0.03014301331537224,0.06537451372317792
78,3,400039,flow,15,401472,flow,1,4.585350662892703e-31,6.950426267963676e-29,0.2557849837208323
78,3,400039,flow,16,405838,flow,4,8.6236488232212e-05,0.0013838453407305801,0.08798974468463105
78,3,400039,flow,16,405838,flow,8,0.005110118037340778,0.039840660388579974,0.06280790261460246
78,3,400039,flow,17,400260,flow,2,0.0003720154236302848,0.0048261460362847754,0.07978857178688853
78,3,400039,flow,18,404528,flow,12,8.483823434467685e-05,0.0013634716233965922,0.08807752026698969
78,3,400039,flow,19,401795,flow,1,2.797251329551687e-06,6.92897118329317e-05,0.10488178625947037
78,3,400039,occupancy,0,400593,flow,2,0.0055684141204992805,0.04252350892797754,0.06218462655121923
78,3,400039,occupancy,0,400593,flow,5,0.00017205488768380403,0.0025034594637724267,0.08420490441506003
78,3,400039,occupancy,0,400593,flow,6,0.0003663321533670238,0.004763861837885439,0.07987888446392981
78,3,400039,occupancy,0,400593,flow,8,0.000979849708966571,0.010778045568686005,0.07391106507588308
78,3,400039,occupancy,0,400593,flow,9,0.0007672528003584093,0.00884346877680984,0.07543367096354743
78,3,400039,occupancy,1,400125,flow,1,1.3933743143778133e-05,0.000285549195356364,0.09732655644840703
78,3,400039,occupancy,1,400125,flow,3,1.1883855975671748e-05,0.00025006457776376986,0.09810244805298303
78,3,400039,occupancy,1,400125,flow,10,0.0002590061879675868,0.0035643211456945103,0.0818889988498409
78,3,400039,occupancy,1,400125,flow,12,8.80747045685739e-05,0.0014091952730971825,0.08787637279124437
78,3,400039,occupancy,2,400331,flow,2,0.00048570755168304125,0.006032462801227236,0.07820939395663706
78,3,400039,occupancy,2,400331,flow,5,0.0005322439296396793,0.006526522214145372,0.07766098443738859
78,3,400039,occupancy,2,400331,flow,10,0.00011836915647625622,0.0018158904686698396,0.08627306288277152
78,3,400039,occupancy,2,400331,flow,11,0.000832531536163863,0.009465688419758351,0.07492837836840197
78,3,400039,occupancy,2,400331,flow,12,0.00020514436418098405,0.002909467016618027,0.08321612457421829
78,3,400039,occupancy,3,400039,flow,11,1.1135204718478702e-07,3.6748727565949572e-06,0.11874226424463827
78,3,400039,occupancy,3,400039,flow,12,4.942626852668489e-05,0.0008575159840774246,0.09093469171251833
78,3,400039,occupancy,4,400316,flow,11,0.004883884783678089,0.03847963207275095,0.06313441852224913
78,3,400039,occupancy,5,400503,flow,7,0.0004253466379668998,0.005399639953032639,0.07899875656774481
78,3,400039,occupancy,5,400503,flow,8,0.00018290102908863332,0.0026390529247257715,0.08386246481337026
78,3,400039,occupancy,5,400503,flow,11,0.004877730803737619,0.03845218443822357,0.06314348991361127
78,3,400039,occupancy,5,400503,flow,12,0.0027317638280804006,0.024369324327400126,0.06720386124256286
78,3,400039,occupancy,6,405843,flow,8,0.000925336253326355,0.01031866962924588,-0.07426987869510544
78,3,400039,occupancy,7,408093,flow,5,8.373596085950894e-05,0.0013500731473343386,0.08814768389673096
78,3,400039,occupancy,7,408093,flow,6,0.0002988615381189643,0.0040220618214140995,0.08106456179903351
78,3,400039,occupancy,7,408093,flow,10,0.0018657574187108735,0.01810979781679329,0.06976340725370943
78,3,400039,occupancy,7,408093,flow,11,7.589508174032442e-05,0.001246641646837268,0.08867353452576243
78,3,400039,occupancy,9,402391,flow,1,0.0012040046607976595,0.012692289249989969,0.07260685901750724
78,3,400039,occupancy,9,402391,flow,7,0.0064644984448611565,0.04753469494774502,0.06108914558682232
78,3,400039,occupancy,9,402391,flow,11,9.986136170076242e-05,0.0015643751401242547,0.0871984831041763
78,3,400039,occupancy,10,400497,flow,6,0.006226703659331199,0.0462744878863079,0.06136583528503559
78,3,400039,occupancy,10,400497,flow,10,4.425671801550455e-06,0.0001043608197745522,0.10279557536032093
78,3,400039,occupancy,10,400497,flow,11,1.381357356658821e-05,0.00028335535521206587,0.09736893763612807
78,3,400039,occupancy,10,400497,flow,12,0.00012304979703943076,0.0018743833681605815,0.08606071481928876
78,3,400039,occupancy,11,405841,flow,1,0.002182952286445281,0.020474063997923606,0.06871934799805954
78,3,400039,occupancy,11,405841,flow,10,0.0004857155007567002,0.006032462801227236,0.07820929616847183
78,3,400039,occupancy,12,404520,flow,5,0.004353986819816891,0.035276112268583966,0.06395625557101814
78,3,400039,occupancy,12,404520,flow,6,0.004174141801968178,0.03413913779724068,0.06425587618473881
78,3,400039,occupancy,12,404520,flow,7,0.0048865106812808565,0.03848628284983282,0.06313055091259011
78,3,400039,occupancy,12,404520,flow,9,0.0012383369797258805,0.012993965879076521,0.07242726645124133
78,3,400039,occupancy,12,404520,flow,10,0.0006991610289177376,0.008212005559882073,0.076005154293519
78,3,400039,occupancy,12,404520,flow,11,0.0009561330376246683,0.01056403140957693,0.07406484050804128
78,3,400039,occupancy,13,400183,flow,7,0.003962373331171316,0.032798338361103824,0.06462406625731384
78,3,400039,occupancy,14,401469,flow,11,0.002409975287761816,0.02209484983686555,0.06805435846482735
78,3,400039,occupancy,15,401472,flow,2,4.802915121289426e-10,2.2430911701589534e-08,0.13906747153171783
78,3,400039,occupancy,15,401472,flow,8,0.0011978127794215168,0.01263626668400721,0.07263975101049086
78,3,400039,occupancy,15,401472,flow,10,0.0001584856023877837,0.0023295604025696686,0.08466310313916423
78,3,400039,occupancy,15,401472,flow,11,9.229166044818843e-06,0.0002002511165927544,0.09932343650027539
78,3,400039,occupancy,15,401472,flow,12,0.002254374203495265,0.02100711078321731,0.06850357331759563
78,3,400039,occupancy,17,400260,flow,2,0.00029647126814950404,0.003994871735514215,0.08111101546581218
78,3,400039,occupancy,18,404528,flow,3,0.004977742148462494,0.03905529618844528,0.0629973315336948
78,3,400039,occupancy,18,404528,flow,10,0.0012649528244744349,0.01320356710705588,0.07229117327634743
78,3,400039,occupancy,19,401795,flow,4,0.0016207232590407356,0.016099159528755985,-0.07068825360078694
78,3,400039,speed,0,400593,flow,5,0.0005937547130178091,0.007160860860516292,-0.07700091466015913
78,3,400039,speed,0,400593,flow,8,0.0011859070671348356,0.012553586204416786,-0.07270343901733677
78,3,400039,speed,2,400331,flow,2,0.00356867777141988,0.030193278442095343,-0.06535876720187407
78,3,400039,speed,2,400331,flow,12,0.002848274241337956,0.02522456892697821,-0.06691837902037677
78,3,400039,speed,10,400497,flow,2,0.0024787393816164635,0.022614897842836584,-0.06786424113636773
78,3,400039,speed,10,400497,flow,8,0.006450885128932207,0.04744266897682522,-0.06110473657017145
78,3,400039,speed,11,405841,flow,1,0.00018039465243786885,0.0026098623527514853,-0.08393986850289707
78,3,400039,speed,15,401472,flow,1,3.550166613521541e-05,0.0006422411964159573,-0.09264455763661064
78,3,400039,speed,15,401472,flow,2,3.852160233032167e-06,9.257936399742169e-05,-0.10343893094376237
78,3,400039,speed,15,401472,flow,3,7.252570529663055e-05,0.001199263121776201,-0.08891545418877295
78,3,400039,speed,15,401472,flow,4,0.00034156535559678585,0.004498665659079619,-0.08028839349587677
78,3,400039,speed,15,401472,flow,5,6.410303461870815e-06,0.00014513894630650904,-0.10105929722235954
78,3,400039,speed,15,401472,flow,6,1.1664071183629873e-05,0.000245679120006246,-0.09819309100018325
78,3,400039,speed,15,401472,flow,7,0.004911023213853311,0.03865820022566747,-0.06309453744589776
78,3,400039,speed,15,401472,flow,8,1.9572755196370663e-06,5.035766315938235e-05,-0.1065248326283215
78,3,400039,speed,15,401472,flow,9,1.903989146540453e-05,0.00037387423241157984,-0.09578721422327043
78,3,400039,speed,15,401472,flow,10,4.39558619976934e-08,1.5667435959573887e-06,-0.12245150051154825
78,3,400039,speed,15,401472,flow,11,2.4474232107309113e-06,6.147016436254382e-05,-0.10551572763832391
78,3,400039,speed,15,401472,flow,12,5.382192325167564e-05,0.0009237612572397248,-0.0904896276976183
78,3,400039,speed,17,400260,flow,7,0.005163253299814214,0.04017308023890675,-0.06273311084386514
78,4,400316,flow,1,400125,flow,2,6.1979249738137634e-06,0.00014121854370714905,0.10121835358152438
78,4,400316,flow,1,400125,flow,4,0.004643680384394749,0.03704653603062847,0.06349641836755224
78,4,400316,flow,1,400125,flow,10,7.927316080023327e-06,0.00017574491179239905,-0.1000510761709156
78,4,400316,flow,2,400331,flow,1,0.006484270279034647,0.047649397292020904,0.06106655388978998
78,4,400316,flow,2,400331,flow,3,0.0014426423526526008,0.014702087670344975,0.07144496377721875
78,4,400316,flow,3,400039,flow,3,3.6782259967326845e-07,1.1174357458428409e-05,-0.11380263975801609
78,4,400316,flow,3,400039,flow,5,1.7865323830087732e-06,4.657706635243151e-05,-0.10693438231376755
78,4,400316,flow,3,400039,flow,8,3.8287177772251293e-10,1.807656917771864e-08,-0.1398863523882114
78,4,400316,flow,3,400039,flow,9,1.1956350626186543e-07,3.930855000390097e-06,-0.11845370015303418
78,4,400316,flow,3,400039,flow,10,0.0002459876571365698,0.0034114500122952858,-0.08218422617479096
78,4,400316,flow,4,400316,flow,1,1.3629234653909528e-05,0.0002801060594904337,0.09741020273858712
78,4,400316,flow,4,400316,flow,3,1.8649560539889479e-06,4.832999492040945e-05,-0.10674180700190519
78,4,400316,flow,4,400316,flow,4,0.006666986721456149,0.048626342456002974,-0.06086065839853364
78,4,400316,flow,4,400316,flow,7,0.00069564421895287,0.008175144248847655,-0.07603605468171543
78,4,400316,flow,4,400316,flow,8,1.8991961029303503e-06,4.9095129274705215e-05,-0.1066601552808311
78,4,400316,flow,4,400316,flow,11,0.0028078507621279026,0.024927898258102217,0.06699935085753136
78,4,400316,flow,5,400503,flow,1,4.369207728799107e-05,0.0007691514828203807,0.0915753388103489
78,4,400316,flow,5,400503,flow,2,7.035715763801838e-05,0.0011708124845771933,0.08907683833147385
78,4,400316,flow,5,400503,flow,12,0.0009363963457567395,0.010409606689728875,0.07419552582595075
78,4,400316,flow,6,405843,flow,1,0.002883295911177981,0.025477272113497398,0.0668346486593657
78,4,400316,flow,6,405843,flow,9,0.002576896482442369,0.023313492783562376,-0.06760104819524074
78,4,400316,flow,6,405843,flow,12,1.706685473832913e-06,4.473835708105694e-05,0.10713897903452937
78,4,400316,flow,7,408093,flow,2,0.001730338210341835,0.0170119733014946,0.0702596791849571
78,4,400316,flow,7,408093,flow,4,0.0026141117488748546,0.023576122662086373,0.06750365126093939
78,4,400316,flow,7,408093,flow,12,6.226648784012222e-05,0.0010499267270465574,0.08972358923077933
78,4,400316,flow,9,402391,flow,1,5.916436805805634e-05,0.001003494581903429,0.08999287919287374
78,4,400316,flow,9,402391,flow,2,8.394328596657407e-10,3.769594546523909e-08,0.13715183552799284
78,4,400316,flow,9,402391,flow,4,5.5795649015091477e-05,0.0009527162203367399,0.09030088468052924
78,4,400316,flow,9,402391,flow,5,0.00226003792361564,0.021041383018276925,0.06848673149446935
78,4,400316,flow,9,402391,flow,12,4.864979280536786e-07,1.4395007186245833e-05,0.11261659831856839
78,4,400316,flow,10,400497,flow,2,5.5297008213215185e-14,3.865421933350964e-12,-0.1676266383004461
78,4,400316,flow,10,400497,flow,3,4.676888562344663e-05,0.0008169898337779597,-0.09122231126497991
78,4,400316,flow,10,400497,flow,7,8.536374121043491e-05,0.0013703878187628347,-0.08804437238500573
78,4,400316,flow,10,400497,flow,8,5.911566585161847e-16,4.791363536191216e-14,-0.18018516887764705
78,4,400316,flow,10,400497,flow,9,2.4626505680836424e-09,1.0399462809502771e-07,-0.13331260192017005
78,4,400316,flow,10,400497,flow,11,6.858240014911547e-11,3.5825389195184867e-09,0.14569813559920572
78,4,400316,flow,10,400497,flow,12,5.202288916713589e-26,6.769243409699609e-24,0.23355135324106988
78,4,400316,flow,12,404520,flow,3,6.326237074706465e-10,2.895057644357196e-08,-0.13810881550027226
78,4,400316,flow,12,404520,flow,10,0.00013839593525304307,0.0020673251739043775,0.08541423975301358
78,4,400316,flow,12,404520,flow,11,1.3467827243777726e-08,5.167052725854332e-07,0.12701942445610534
78,4,400316,flow,12,404520,flow,12,6.872168499941215e-17,6.1849516499470944e-15,0.18583369486025272
78,4,400316,flow,15,401472,flow,2,0.005353982693671914,0.04133906208518797,0.06247024901039215
78,4,400316,flow,16,405838,flow,2,0.0061758808477888364,0.04601553167031351,0.06142620150337626
78,4,400316,flow,16,405838,flow,7,0.001606984757804836,0.015992108163365333,0.07074383602344801
78,4,400316,flow,17,400260,flow,1,9.70449858608671e-05,0.0015311699741378593,0.08735331332495214
78,4,400316,flow,17,400260,flow,3,0.006276075322945347,0.0465213544871721,0.06130761567784451
78,4,400316,flow,17,400260,flow,6,2.6654886239619786e-05,0.0005030542095026539,0.09410230510760864
78,4,400316,flow,17,400260,flow,10,0.00014085754774279945,0.0021019157383381473,-0.0853168790017467
78,4,400316,flow,18,404528,flow,1,4.97130064458311e-10,2.3167226304853326e-08,0.1389825993635199
78,4,400316,flow,18,404528,flow,2,1.4469192978390764e-05,0.00029442728999834244,0.09714185219294455
78,4,400316,flow,18,404528,flow,3,1.9817503156035166e-06,5.092897896137533e-05,0.10646895843488757
78,4,400316,flow,18,404528,flow,11,0.0013098599228588805,0.01360239150661145,0.07206743026450749
78,4,400316,flow,19,401795,flow,1,0.0018945407834881699,0.018313752930563646,0.06966220210000822
78,4,400316,flow,19,401795,flow,8,0.0010579364241205692,0.01147447992016284,-0.0734280168953863
78,4,400316,flow,19,401795,flow,10,0.0009001807127629292,0.010098106152001698,-0.07444210203392873
78,4,400316,occupancy,1,400125,flow,1,1.1577140839322557e-15,9.076814596347268e-14,0.17838288455162132
78,4,400316,occupancy,1,400125,flow,2,1.8148892991595592e-08,6.82954858220322e-07,0.1258827144767196
78,4,400316,occupancy,1,400125,flow,3,0.0003476023424548252,0.004558719245309183,0.08018607660405902
78,4,400316,occupancy,1,400125,flow,10,2.371613261087968e-11,1.3018258307369787e-09,0.14917386485857367
78,4,400316,occupancy,1,400125,flow,11,3.2252749603450115e-18,3.0355529038541284e-16,0.19356724437243972
78,4,400316,occupancy,1,400125,flow,12,2.0763168143637625e-19,2.0859741018724313e-17,0.200235254398879
78,4,400316,occupancy,2,400331,flow,1,0.0015956178319675022,0.015919328023324734,0.07079015506415726
78,4,400316,occupancy,2,400331,flow,8,0.0009589087815524186,0.010586470575789543,0.07404666173470831
78,4,400316,occupancy,2,400331,flow,9,5.74459212902805e-06,0.000132073645542316,0.10157607213111643
78,4,400316,occupancy,2,400331,flow,10,6.733004751221637e-08,2.319504029128985e-06,0.12076357744530196
78,4,400316,occupancy,2,400331,flow,11,6.547955205865869e-10,2.98702919634008e-08,0.13802292358566956
78,4,400316,occupancy,2,400331,flow,12,8.5952545223464e-06,0.00018867631878321367,0.0996645780128553
78,4,400316,occupancy,3,400039,flow,1,8.407791793093205e-13,5.233668666594041e-11,0.1596090339371343
78,4,400316,occupancy,3,400039,flow,2,6.235081529340369e-06,0.00014184071725513637,0.10119015352270691
78,4,400316,occupancy,3,400039,flow,10,0.0003454351553369779,0.004539944846534057,0.08022261433940082
78,4,400316,occupancy,3,400039,flow,11,3.292305649228233e-06,8.021861480353055e-05,0.10416239584065484
78,4,400316,occupancy,3,400039,flow,12,0.00019227894207852794,0.0027523029482413542,0.08358142595445665
78,4,400316,occupancy,4,400316,flow,8,2.4931621936130633e-05,0.000473426842919052,0.09443924602639976
78,4,400316,occupancy,4,400316,flow,9,3.7849813351021935e-16,3.1204426274124956e-14,0.18137050956533152
78,4,400316,occupancy,4,400316,flow,10,1.621803666979103e-25,2.042621528090299e-23,0.23123854636918906
78,4,400316,occupancy,4,400316,flow,11,1.190277924897046e-18,1.1503357126521786e-16,0.1960181631500426
78,4,400316,occupancy,4,400316,flow,12,2.7642772103815156e-06,6.859091067689917e-05,0.10496214356668201
78,4,400316,occupancy,5,400503,flow,1,1.2275814497261912e-08,4.739188438621221e-07,0.12737053847681204
78,4,400316,occupancy,5,400503,flow,2,4.663760304977753e-06,0.00010931874399079703,0.10255168407810832
78,4,400316,occupancy,5,400503,flow,3,0.003511734913546722,0.02984594693394027,0.06547107253329168
78,4,400316,occupancy,5,400503,flow,4,0.00029187677076426176,0.00394156814536296,0.0812013001537936
78,4,400316,occupancy,5,400503,flow,5,1.6827795918153135e-05,0.0003351624385078006,0.09639886151437894
78,4,400316,occupancy,5,400503,flow,6,1.3290249818222337e-05,0.00027431380417926657,0.09755769751792757
78,4,400316,occupancy,5,400503,flow,7,6.043894094697294e-07,1.7605949082327924e-05,0.11168794923730677
78,4,400316,occupancy,5,400503,flow,8,1.845393035651693e-05,0.0003635247566810449,0.09594236534416746
78,4,400316,occupancy,5,400503,flow,9,6.689093595020971e-09,2.685584045584628e-07,0.12964784678763197
78,4,400316,occupancy,5,400503,flow,10,1.668008054706824e-12,1.0106304062178793e-10,0.15752544984251288
78,4,400316,occupancy,5,400503,flow,11,2.007915620329467e-14,1.4385067130718569e-12,0.17051255581731972
78,4,400316,occupancy,5,400503,flow,12,5.2553590004997236e-14,3.679603060317472e-12,0.16777281446033815
78,4,400316,occupancy,6,405843,flow,4,0.0005440014623385147,0.006649932986141436,0.07752950779488643
78,4,400316,occupancy,6,405843,flow,5,0.00036105289081174864,0.004705123644967584,0.07996395755428151
78,4,400316,occupancy,6,405843,flow,9,2.819797340923007e-07,8.738539822659533e-06,0.1149189702862393
78,4,400316,occupancy,6,405843,flow,10,6.29371090308945e-15,4.639732269854338e-13,0.17375703162432565
78,4,400316,occupancy,6,405843,flow,11,1.7615223576424957e-11,9.781203836780954e-10,0.15013280879278837
78,4,400316,occupancy,6,405843,flow,12,0.0023533267685421798,0.021718375646447803,0.06821474366514255
78,4,400316,occupancy,7,408093,flow,1,6.051585264543352e-15,4.4765151271964526e-13,0.1738656556578954
78,4,400316,occupancy,7,408093,flow,2,1.0328424718413782e-12,6.374113540506791e-11,0.15898618966873176
78,4,400316,occupancy,7,408093,flow,3,6.032752567595879e-10,2.766612642464352e-08,0.13830910611188194
78,4,400316,occupancy,7,408093,flow,4,1.7376157667552295e-07,5.5603704536167345e-06,0.1169262430261202
78,4,400316,occupancy,7,408093,flow,5,1.0170508179252984e-05,0.00021772346548252177,0.09885603607728387
78,4,400316,occupancy,7,408093,flow,6,0.0002962909827091936,0.00399368812887275,0.08111453342191527
78,4,400316,occupancy,7,408093,flow,7,7.244156310143482e-05,0.001198573544995015,0.0889216305112871
78,4,400316,occupancy,7,408093,flow,8,2.308193149913989e-06,5.831224799782709e-05,0.10578107850483286
78,4,400316,occupancy,7,408093,flow,9,2.3421055196032517e-09,9.958558902250047e-08,0.13349405503942668
78,4,400316,occupancy,7,408093,flow,10,2.052857100149262e-10,9.986872379104519e-09,0.1420202502909382
78,4,400316,occupancy,7,408093,flow,11,5.610912769380676e-09,2.2770528846249047e-07,0.13029981805189314
78,4,400316,occupancy,7,408093,flow,12,2.744583579525761e-08,1.003096536679466e-06,0.12428986026819609
78,4,400316,occupancy,8,401448,flow,1,0.0003319758221330451,0.004385735631849403,0.08045444884993638
78,4,400316,occupancy,8,401448,flow,11,0.005735790402231847,0.043484095455694816,0.06196849320843434
78,4,400316,occupancy,9,402391,flow,1,1.2560637412928242e-27,1.7117335528028395e-25,0.2409552579064422
78,4,400316,occupancy,9,402391,flow,2,1.3676652155351804e-16,1.1816627462223958e-14,0.18404694457646512
78,4,400316,occupancy,9,402391,flow,3,1.3747463315279691e-08,5.264985950532648e-07,0.12694143436679628
78,4,400316,occupancy,9,402391,flow,4,5.875810089151331e-06,0.00013473195108882032,0.10146983025900307
78,4,400316,occupancy,9,402391,flow,5,0.0002258280641929884,0.0031684872923472226,0.08267163702898499
78,4,400316,occupancy,9,402391,flow,6,3.0395939419444367e-06,7.469309345392472e-05,0.10452849118880647
78,4,400316,occupancy,9,402391,flow,7,8.861590978090619e-07,2.4907009125147344e-05,0.11003191632559478
78,4,400316,occupancy,9,402391,flow,8,1.661444758209336e-09,7.191825005475283e-08,0.13472900534043092
78,4,400316,occupancy,9,402391,flow,9,2.1431119020432565e-13,1.4243451410502873e-11,0.1636858906287439
78,4,400316,occupancy,9,402391,flow,10,4.1672579065386665e-20,4.317159270083223e-18,0.2040322059997767
78,4,400316,occupancy,9,402391,flow,11,4.1064957087120365e-25,5.068588989038857e-23,0.22932984074933913
78,4,400316,occupancy,9,402391,flow,12,3.582897245992927e-23,4.160783898572432e-21,0.2198958520453967
78,4,400316,occupancy,10,400497,flow,1,6.572189170147911e-05,0.001100886282087591,0.08943818331482534
78,4,400316,occupancy,10,400497,flow,3,6.91369458557014e-10,3.135979170958549e-08,0.1378327936163434
78,4,400316,occupancy,10,400497,flow,4,1.2306144907769338e-18,1.184021069077139e-16,0.19593674437275874
78,4,400316,occupancy,10,400497,flow,5,3.994677412087478e-12,2.3320278946240415e-10,0.15482801322393844
78,4,400316,occupancy,10,400497,flow,8,2.7784905500215917e-06,6.886448179055236e-05,0.10493876235105545
78,4,400316,occupancy,10,400497,flow,9,2.959679572600215e-41,5.4177185396749695e-39,0.2953035210624185
78,4,400316,occupancy,10,400497,flow,10,3.6283552819649694e-90,1.1610736902287902e-87,0.4299564973036289
78,4,400316,occupancy,10,400497,flow,11,2.7666223637182923e-66,7.156771623510792e-64,0.3721889011890971
78,4,400316,occupancy,10,400497,flow,12,6.177753789029051e-06,0.0001408332262195541,0.10123373032222906
78,4,400316,occupancy,12,404520,flow,2,5.691982502198338e-07,1.6682065406714262e-05,-0.11194542977778124
78,4,400316,occupancy,12,404520,flow,5,9.881617532719922e-06,0.00021227542387543543,0.0989949266218353
78,4,400316,occupancy,12,404520,flow,6,1.5783274629691e-07,5.0921393876224885e-06,0.11732092887775121
78,4,400316,occupancy,12,404520,flow,7,1.0262410817463501e-09,4.551705824583401e-08,0.1364431889235809
78,4,400316,occupancy,12,404520,flow,8,1.6109861170612975e-16,1.3753873568586571e-14,0.18361916418465876
78,4,400316,occupancy,12,404520,flow,9,9.432644036486966e-29,1.3404283630797268e-26,0.24595815824216208
78,4,400316,occupancy,12,404520,flow,10,1.2520626621182393e-33,2.025809251067713e-31,0.26645275168147775
78,4,400316,occupancy,12,404520,flow,11,7.31409590417961e-16,5.851276723343687e-14,0.17961633050091025
78,4,400316,occupancy,14,401469,flow,1,0.0002618198101296786,0.003598815623003294,0.0818270241554668
78,4,400316,occupancy,14,401469,flow,2,0.001525644720830847,0.015345250742699091,0.07108215948422399
78,4,400316,occupancy,14,401469,flow,3,0.0018694800523570418,0.01812422312877563,0.06975023774341821
78,4,400316,occupancy,14,401469,flow,4,0.00032035979750953783,0.004259631656636514,0.08066171042230975
78,4,400316,occupancy,14,401469,flow,5,0.000832849113044016,0.009465688419758351,0.07492601123316335
78,4,400316,occupancy,14,401469,flow,10,0.0021153713498348573,0.01995284766656459,0.06892955741187107
78,4,400316,occupancy,14,401469,flow,11,0.00017112161601124081,0.0024949219749192046,0.08423531100004605
78,4,400316,occupancy,14,401469,flow,12,7.256652315562476e-05,0.001199263121776201,0.088912460458662
78,4,400316,occupancy,15,401472,flow,1,2.3979586579785155e-62,5.62998989264521e-60,0.361441136159779
78,4,400316,occupancy,15,401472,flow,2,5.5346315294984845e-65,1.3820582778863268e-62,0.36868285844502147
78,4,400316,occupancy,15,401472,flow,3,8.933758602873172e-65,2.1681930991242758e-62,0.36811847218088284
78,4,400316,occupancy,15,401472,flow,4,1.4043775901559487e-61,3.1434773002454393e-59,0.35929717119688753
78,4,400316,occupancy,15,401472,flow,5,8.070956502878575e-57,1.7520870398208766e-54,0.34562125073111644
78,4,400316,occupancy,15,401472,flow,6,9.97335604484438e-45,1.9064114209614035e-42,0.3074011519979414
78,4,400316,occupancy,15,401472,flow,7,3.590231626306678e-33,5.681245650419359e-31,0.26460621235978554
78,4,400316,occupancy,15,401472,flow,8,7.493199459323375e-29,1.0718748895455954e-26,0.24639749845780354
78,4,400316,occupancy,15,401472,flow,9,1.1867549323140206e-33,1.9346344556968182e-31,0.2665462646192349
78,4,400316,occupancy,15,401472,flow,10,7.011107816435892e-49,1.4354495624172064e-46,0.3211593020199235
78,4,400316,occupancy,15,401472,flow,11,2.9599848626038884e-66,7.566351838135382e-64,0.3721103200035432
78,4,400316,occupancy,15,401472,flow,12,1.1105815763205501e-72,3.115397668639465e-70,0.3888229600247966
78,4,400316,occupancy,16,405838,flow,1,9.950962438144544e-08,3.3246835060158105e-06,0.11919691493404778
78,4,400316,occupancy,16,405838,flow,2,0.004735735581981341,0.03762417144361647,0.0633557281345606
78,4,400316,occupancy,16,405838,flow,5,0.002752948426274064,0.024511000003099664,0.06715113689235766
78,4,400316,occupancy,16,405838,flow,9,0.0038699852774814613,0.03217539722617381,-0.06479031942462028
78,4,400316,occupancy,17,400260,flow,1,5.712506309529763e-12,3.2860222712607965e-10,0.15370938938814296
78,4,400316,occupancy,17,400260,flow,2,7.280691630162855e-08,2.4889088285668165e-06,0.12045152615864006
78,4,400316,occupancy,17,400260,flow,3,3.853754643846519e-05,0.0006879429777445026,0.09222329366297441
78,4,400316,occupancy,17,400260,flow,4,0.0007769975471956215,0.008932692035881705,0.07535576665617748
78,4,400316,occupancy,17,400260,flow,11,4.129704391035667e-06,9.840222266560442e-05,0.10311690264832324
78,4,400316,occupancy,17,400260,flow,12,9.177273557598984e-06,0.00019932539853608652,0.0993505082858236
78,4,400316,occupancy,18,404528,flow,1,3.842600614744991e-09,1.5824627889130943e-07,0.13169326515892088
78,4,400316,occupancy,18,404528,flow,2,0.0014965999532584675,0.015137700299874924,0.07120700080711388
78,4,400316,occupancy,18,404528,flow,9,0.003759052816129054,0.031434588009441565,0.06499477130947853
78,4,400316,occupancy,18,404528,flow,10,1.3862945542211837e-06,3.71282856431216e-05,0.10806470086681283
78,4,400316,occupancy,18,404528,flow,11,1.1388903015583301e-10,5.707663692264485e-09,0.14400837450302667
78,4,400316,occupancy,18,404528,flow,12,2.819006288947843e-10,1.3426799523985315e-08,0.14093847876822665
78,4,400316,occupancy,19,401795,flow,1,0.002989354564996695,0.026231996182786356,0.06658662273320473
78,4,400316,speed,2,400331,flow,12,4.5192777469455904e-05,0.0007923409036852658,-0.09140030596155278
78,4,400316,speed,4,400316,flow,10,0.0040179729908149395,0.03313792157373146,-0.06452570178062092
78,4,400316,speed,4,400316,flow,11,0.0012013305623365695,0.012670283274643507,-0.07262104493787143
78,4,400316,speed,10,400497,flow,10,0.0024646546080119725,0.022514924733795138,-0.06790278619546412
78,4,400316,speed,10,400497,flow,11,3.609132554160044e-05,0.0006504569309124485,-0.09256012742696547
78,4,400316,speed,10,400497,flow,12,0.0005522044132430851,0.006739963600990674,-0.07743933726897602
78,4,400316,speed,12,404520,flow,10,0.0009366236389577808,0.010409606689728875,-0.07419400636136256
78,4,400316,speed,12,404520,flow,11,0.0010513286728606572,0.011420014751717474,-0.07346759298084721
78,4,400316,speed,15,401472,flow,1,0.0015222324285739802,0.015335923720708008,-0.07109671236140779
78,4,400316,speed,15,401472,flow,4,0.0007433296470585985,0.008627576774027796,-0.07562888842391531
78,4,400316,speed,15,401472,flow,5,0.00015798750932413262,0.002323820361866711,-0.08468061544922953
78,4,400316,speed,15,401472,flow,6,0.0047034651600848625,0.037440518687242685,-0.06340476396297033
78,4,400316,speed,15,401472,flow,7,0.0018160699103834548,0.017729767260692714,-0.06994153514129449
78,4,400316,speed,15,401472,flow,8,0.003924771776316237,0.03253072539080227,-0.06469130164864924
78,4,400316,speed,15,401472,flow,11,9.637908929103878e-05,0.0015217750940690333,-0.0873905402385183
78,4,400316,speed,15,401472,flow,12,0.0002498191691860969,0.0034579263405445006,-0.08209584541556515
78,5,400503,flow,0,400593,flow,1,0.0006668554050364317,0.007896971901747218,0.07629460692301648
78,5,400503,flow,0,400593,flow,4,0.002495365411668365,0.022724469777528643,0.06781899841471077
78,5,400503,flow,1,400125,flow,1,1.9889536544979556e-06,5.105335583738068e-05,0.1064526398698129
78,5,400503,flow,1,400125,flow,2,0.0009349672879953812,0.010399224212512994,0.07420508696625187
78,5,400503,flow,1,400125,flow,3,0.0026120125124008023,0.023562109111654763,0.06750911140382074
78,5,400503,flow,1,400125,flow,11,0.0061257851778709045,0.04575686178854768,0.06148614307089229
78,5,400503,flow,1,400125,flow,12,0.0001386623152101473,0.0020705883225296796,0.08540362568999227
78,5,400503,flow,5,400503,flow,1,1.2596024387744662e-93,4.42396954106154e-91,0.4371595362314573
78,5,400503,flow,5,400503,flow,2,5.142596584452694e-27,6.920877646366242e-25,0.23806588876983859
78,5,400503,flow,5,400503,flow,3,1.823622492451472e-05,0.00036022172690399444,0.0959771279150181
78,5,400503,flow,5,400503,flow,6,0.00014716861285947813,0.0021862737536208583,0.08507439778201362
78,5,400503,flow,5,400503,flow,8,0.001212898259443208,0.01276735009940219,0.07255988735368538
78,5,400503,flow,7,408093,flow,2,0.00506387791733142,0.03952294959868425,0.06287356275267955
78,5,400503,flow,7,408093,flow,3,0.002509643885771019,0.022824550708485897,0.06778036327429161
78,5,400503,flow,7,408093,flow,8,0.00017269795654105288,0.002511124780401711,0.08418404289430127
78,5,400503,flow,9,402391,flow,1,0.0013593346463041068,0.013991721877611964,0.0718289756631421
78,5,400503,flow,10,400497,flow,5,0.00012471868753579095,0.001895127436351097,0.0859868384370061
78,5,400503,flow,10,400497,flow,10,0.0009636621146911075,0.010622659697539128,0.07401564423328078
78,5,400503,flow,10,400497,flow,11,2.0409283527892974e-05,0.00039840987275416924,0.09544164782343621
78,5,400503,flow,11,405841,flow,6,0.004099985852467888,0.0336728876096222,0.0643828389102978
78,5,400503,flow,11,405841,flow,10,0.000764171149808608,0.008810905313130345,0.07545849829608879
78,5,400503,flow,12,404520,flow,2,0.00371551664804977,0.031154953260044655,-0.06507651000123373
78,5,400503,flow,12,404520,flow,10,0.005501581694346524,0.04212535037861785,0.06227256723032485
78,5,400503,flow,13,400183,flow,8,0.001086779252083811,0.011719636467803454,0.07325789991007278
78,5,400503,flow,14,401469,flow,4,0.004916316319712887,0.03869281563337524,0.06308678222434132
78,5,400503,flow,14,401469,flow,11,2.8314266879998183e-05,0.0005283699046289078,0.09379687648362708
78,5,400503,flow,15,401472,flow,1,1.7186152290120135e-08,6.489875689975436e-07,0.12609115868692425
78,5,400503,flow,15,401472,flow,2,3.1505876642609196e-05,0.0005801593652858982,0.09325444419281138
78,5,400503,flow,15,401472,flow,3,6.650842041423306e-05,0.0011131978930239705,0.08937520459927142
78,5,400503,flow,15,401472,flow,4,0.004959478800227115,0.038947370327178946,0.06302382264992464
78,5,400503,occupancy,0,400593,flow,7,0.005961999375091335,0.04484443131317415,0.06168524738889919
78,5,400503,occupancy,0,400593,flow,8,0.00675153142332414,0.04908551960410684,0.06076709914695985
78,5,400503,occupancy,0,400593,flow,9,0.0006673733423832581,0.007899593783787151,0.076289864472477
78,5,400503,occupancy,10,400497,flow,1,0.005569712463187724,0.0425259063997366,0.06218292758566447
78,5,400503,occupancy,16,405838,flow,11,0.000764223662229153,0.008810905313130345,-0.0754580744521818
78,5,400503,occupancy,19,401795,flow,8,0.0017995577401827868,0.017596399813466813,-0.07000172226519373
78,5,400503,speed,0,400593,flow,11,0.002956569643413246,0.026012995640621636,0.06666242413472717
78,5,400503,speed,2,400331,flow,9,0.0025667699529168865,0.023246218441511424,-0.06762777298058631
78,5,400503,speed,8,401448,flow,9,0.0030604879405401702,0.026767640647176773,-0.06642472871694884
78,5,400503,speed,13,400183,flow,9,0.004635459603300288,0.03700828956987108,-0.06350910481328646
78,5,400503,speed,17,400260,flow,12,0.0019524057003351715,0.018718137206941723,0.06946294301294094
78,5,400503,speed,19,401795,flow,8,0.003506803245573388,0.02982750545555628,0.06548087674223117
78,6,405843,flow,0,400593,flow,1,0.0005119793182406774,0.0063066742366687375,0.07789407202296178
78,6,405843,flow,0,400593,flow,7,0.003860018008594401,0.032134046947468645,0.06480847032891414
78,6,405843,flow,0,400593,flow,10,0.002331447913275266,0.02157478398115005,0.06827763490341995
78,6,405843,flow,2,400331,flow,3,0.005737819853472319,0.043484095455694816,0.061965907635507765
78,6,405843,flow,2,400331,flow,9,0.000808775359302511,0.00923093672968784,0.0751078682900509
78,6,405843,flow,2,400331,flow,11,0.0005453631597423255,0.006664692645224459,0.07751445216534508
78,6,405843,flow,2,400331,flow,12,0.00025899890330732394,0.0035643211456945103,0.08188916012367384
78,6,405843,flow,3,400039,flow,2,0.002545080863453052,0.023088319016973904,0.06768533805257991
78,6,405843,flow,4,400316,flow,1,7.733570756523296e-07,2.199409194745269e-05,0.11062384317640585
78,6,405843,flow,4,400316,flow,12,5.1598065196578924e-08,1.8196215644834362e-06,0.12181964849986425
78,6,405843,flow,5,400503,flow,1,0.0049657660669058514,0.03898965723197615,0.0630146929894732
78,6,405843,flow,5,400503,flow,12,0.002766531880351386,0.024601518573729903,0.06711752484116484
78,6,405843,flow,6,405843,flow,1,7.343847277719082e-111,3.411335509650154e-108,0.472143067873002
78,6,405843,flow,6,405843,flow,2,4.891555076577365e-23,5.650138484174924e-21,0.2192221507185743
78,6,405843,flow,6,405843,flow,3,1.4760493453678092e-11,8.313602571041638e-10,0.15070002404610133
78,6,405843,flow,6,405843,flow,4,5.384911378424427e-13,3.426040818084466e-11,0.1609494862686636
78,6,405843,flow,6,405843,flow,5,1.246424061045747e-16,1.0877882714581065e-14,0.1842889971744747
78,6,405843,flow,6,405843,flow,6,2.4585598780283585e-08,9.093303658461053e-07,0.12471563096515535
78,6,405843,flow,6,405843,flow,7,7.248582111583843e-08,2.4832573134054082e-06,0.1204691836903095
78,6,405843,flow,6,405843,flow,8,0.0002884970405364558,0.003908089723175792,0.0812685671382648
78,6,405843,flow,6,405843,flow,10,0.00022351866620298974,0.003141186200380337,0.08273005509619845
78,6,405843,flow,6,405843,flow,11,0.00016769281262190026,0.0024507204009695843,0.08434837814587792
78,6,405843,flow,6,405843,flow,12,1.161851138313494e-08,4.521799024787653e-07,0.12757859143142242
78,6,405843,flow,7,408093,flow,1,1.5980363304332855e-09,6.952182223033024e-08,0.13483457929201814
78,6,405843,flow,7,408093,flow,2,3.0905532554316844e-09,1.2899700544410508e-07,0.13245533181521602
78,6,405843,flow,7,408093,flow,3,1.3470958180143075e-05,0.0002776457029495138,0.09749172855949115
78,6,405843,flow,7,408093,flow,4,7.955989126850931e-09,3.161901842501934e-07,0.12900130474600696
78,6,405843,flow,7,408093,flow,7,9.033355098978829e-05,0.001438941520191318,0.08774007867190212
78,6,405843,flow,7,408093,flow,10,0.004232999628423865,0.03452248139473494,0.06415655278719364
78,6,405843,flow,9,402391,flow,2,4.6664738893880416e-07,1.3883723968427231e-05,0.11276580865268218
78,6,405843,flow,9,402391,flow,4,0.0010085470315448152,0.011024603178829964,-0.07372953540499078
78,6,405843,flow,10,400497,flow,1,0.0007634991145447484,0.008807252803293227,0.07546392488658622
78,6,405843,flow,10,400497,flow,5,1.418532895027005e-05,0.00028960595966524865,0.09723894429896977
78,6,405843,flow,10,400497,flow,6,1.2807330617496903e-08,4.922390415265714e-07,0.1272100633530305
78,6,405843,flow,10,400497,flow,11,1.7993161583879887e-12,1.0871392733197359e-10,0.15729325708438305
78,6,405843,flow,10,400497,flow,12,7.762840779434832e-08,2.636436491128811e-06,0.12019507830660413
78,6,405843,flow,11,405841,flow,1,0.00018801134750218846,0.002701959485061391,0.08370768397522566
78,6,405843,flow,11,405841,flow,7,0.001731068659218333,0.01701411797267082,0.07025690792702799
78,6,405843,flow,11,405841,flow,11,0.00032110104462227795,0.004268173885440741,0.08064827624965007
78,6,405843,flow,12,404520,flow,1,0.0010905122228590032,0.011748161602870061,0.07323618837875331
78,6,405843,flow,12,404520,flow,12,4.30113835510177e-08,1.53561303256526e-06,0.1225368758534219
78,6,405843,flow,13,400183,flow,11,0.002465187122535932,0.022515028265021622,0.06790132523199147
78,6,405843,flow,14,401469,flow,2,5.4909561269949536e-05,0.0009394427908363642,0.09038482428169078
78,6,405843,flow,15,401472,flow,1,3.470719103732082e-07,1.062615629207838e-05,0.11404745012542815
78,6,405843,flow,15,401472,flow,2,0.0008581504579262294,0.009702198320443106,0.07474005879287773
78,6,405843,flow,15,401472,flow,3,0.00010867207722592263,0.001686896779072892,0.08673940561775305
78,6,405843,flow,15,401472,flow,4,0.0005839977652181495,0.007056979988090646,0.07710124052737613
78,6,405843,flow,15,401472,flow,6,0.0021725853904559153,0.020394543430616155,0.06875120354732332
78,6,405843,flow,15,401472,flow,7,0.00019451563091524206,0.002779713944934984,0.08351630021828821
78,6,405843,flow,16,405838,flow,1,0.00018340847373539879,0.0026454911737459857,0.08384691492337465
78,6,405843,flow,16,405838,flow,3,0.0024960094697771625,0.022724469777528643,0.06781725135519243
78,6,405843,flow,16,405838,flow,7,7.919790107652829e-05,0.0012920503498889812,0.08844604929487798
78,6,405843,flow,18,404528,flow,1,4.955729566439143e-05,0.000858754581910032,0.09092089206909332
78,6,405843,flow,19,401795,flow,2,4.528094087689413e-05,0.0007935645622238647,0.09139019520732078
78,6,405843,flow,19,401795,flow,4,0.0041319985169041736,0.033864984999100796,0.06432777657180572
78,6,405843,occupancy,0,400593,flow,1,5.398607944163415e-06,0.0001251179523540019,0.10186774159183645
78,6,405843,occupancy,0,400593,flow,2,0.00011513533000859208,0.0017770083088142828,0.08642444519658887
78,6,405843,occupancy,0,400593,flow,3,0.000777001283450999,0.008932692035881705,0.07535573696092218
78,6,405843,occupancy,1,400125,flow,9,0.0013395338020606743,0.013801063736947564,-0.07192343443332914
78,6,405843,occupancy,2,400331,flow,1,0.0009504052726232418,0.010516779656076856,0.07410250742536732
78,6,405843,occupancy,2,400331,flow,2,4.974070631139169e-07,1.4707724248132246e-05,0.11252202677865994
78,6,405843,occupancy,2,400331,flow,3,0.00020599787679361522,0.0029206131530962187,0.0831926572529951
78,6,405843,occupancy,2,400331,flow,4,0.0007327415035864991,0.008532192171141983,0.07571715748515581
78,6,405843,occupancy,2,400331,flow,6,0.002982842548862648,0.02619140759699999,0.06660161851750895
78,6,405843,occupancy,2,400331,flow,7,0.0013145696684391953,0.013622704955339104,0.07204437615089077
78,6,405843,occupancy,2,400331,flow,8,0.0012915196239074148,0.013437776433718766,0.07215794023667423
78,6,405843,occupancy,2,400331,flow,9,0.0004541812348149252,0.005706989337988589,0.07860947558436415
78,6,405843,occupancy,2,400331,flow,11,6.72460825477772e-05,0.0011233684323526585,0.08931677548645296
78,6,405843,occupancy,2,400331,flow,12,0.0001239791710539543,0.0018852165397855779,0.08601945882957605
78,6,405843,occupancy,4,400316,flow,1,3.985144678395193e-05,0.0007090537483800343,0.09205065950086389
78,6,405843,occupancy,4,400316,flow,6,0.006238863004065023,0.04632500546160348,0.06135145841377814
78,6,405843,occupancy,4,400316,flow,10,0.00040771653109439554,0.0052125937091677685,0.07924908725027369
78,6,405843,occupancy,4,400316,flow,11,2.3054859097597236e-05,0.00044265329467386695,0.09483237128418981
78,6,405843,occupancy,4,400316,flow,12,2.816406748027715e-05,0.0005264767265893435,0.09382381261273669
78,6,405843,occupancy,6,405843,flow,1,7.084525726496102e-05,0.0011780273725351487,-0.0890177601707917
78,6,405843,occupancy,6,405843,flow,2,8.389814636795897e-37,1.4157812199593076e-34,0.278880102889468
78,6,405843,occupancy,6,405843,flow,3,7.195098775626219e-27,9.623166164305036e-25,0.2375164857584478
78,6,405843,occupancy,6,405843,flow,4,6.032451555352744e-29,8.686730239707951e-27,0.2468105841054108
78,6,405843,occupancy,6,405843,flow,5,5.436464272085938e-26,7.052710407030406e-24,0.23346225960687986
78,6,405843,occupancy,6,405843,flow,6,4.0474405584285883e-14,2.8616928334552376e-12,0.16852100194559347
78,6,405843,occupancy,6,405843,flow,7,3.827795989461199e-10,1.807656917771864e-08,0.13988718298369165
78,6,405843,occupancy,6,405843,flow,8,1.5707875301647583e-05,0.0003157655714430784,0.09673837020156381
78,6,405843,occupancy,6,405843,flow,9,0.001194331013948674,0.012614938827037337,0.07265831556247461
78,6,405843,occupancy,6,405843,flow,10,3.544846964218811e-07,1.0803048734833224e-05,0.11395841383378126
78,6,405843,occupancy,6,405843,flow,11,8.933876589950708e-07,2.5061264200381207e-05,0.1099965012644978
78,6,405843,occupancy,6,405843,flow,12,6.148617484737169e-07,1.7898940386835964e-05,0.11161411229702158
78,6,405843,occupancy,7,408093,flow,1,3.0872160667573567e-44,5.875230576384045e-42,0.30550622654920273
78,6,405843,occupancy,7,408093,flow,2,1.5162317123981878e-26,1.9909182363404774e-24,0.23591550190319807
78,6,405843,occupancy,7,408093,flow,3,2.129995376512796e-18,2.0312538689923351e-16,0.19454321746863254
78,6,405843,occupancy,7,408093,flow,4,3.446315531398973e-11,1.8586870281702326e-09,0.14795989863820402
78,6,405843,occupancy,7,408093,flow,5,2.8893289412943168e-05,0.0005384771797407872,0.09369429176987769
78,6,405843,occupancy,7,408093,flow,6,5.934203192616787e-05,0.0010057182342920565,0.0899770997631652
78,6,405843,occupancy,7,408093,flow,7,6.078045801566338e-06,0.00013877990413724406,0.10131045121835103
78,6,405843,occupancy,7,408093,flow,8,0.00019375284904936036,0.0027715639334213137,0.08353843078268554
78,6,405843,occupancy,7,408093,flow,10,0.003724080804826314,0.031214647025319512,0.06506036240085264
78,6,405843,occupancy,9,402391,flow,2,0.0008220239651151667,0.009367300261929622,-0.07500717489595228
78,6,405843,occupancy,9,402391,flow,4,1.773046191074915e-05,0.00035119484389929543,-0.09614052827488592
78,6,405843,occupancy,9,402391,flow,5,0.0053200821187347905,0.041106697823169905,-0.06251634628189011
78,6,405843,occupancy,9,402391,flow,6,0.001249329087847896,0.013087055430414428,-0.07237073712245369
78,6,405843,occupancy,9,402391,flow,7,0.003287091704237858,0.028281689229849725,-0.06593091929545325
78,6,405843,occupancy,9,402391,flow,8,0.0009535069120939328,0.010548399129950805,-0.07408208442983108
78,6,405843,occupancy,9,402391,flow,9,9.160703329735175e-05,0.0014544005286459374,-0.0876646508564158
78,6,405843,occupancy,9,402391,flow,10,0.003363040442885307,0.02881462656339652,-0.06577233621409613
78,6,405843,occupancy,10,400497,flow,4,0.0005861895207337107,0.007077525795331555,0.07707856872957147
78,6,405843,occupancy,10,400497,flow,5,2.407567299537779e-06,6.0539526973243346e-05,0.10559017619908044
78,6,405843,occupancy,10,400497,flow,10,0.00033545880475734736,0.004426334870347406,0.08039362389190485
78,6,405843,occupancy,10,400497,flow,11,1.8514940104405443e-07,5.894218220414998e-06,0.11666495760388479
78,6,405843,occupancy,12,404520,flow,10,0.006548252890406061,0.04801978015032114,0.060993868051705265
78,6,405843,occupancy,12,404520,flow,11,0.00242733572898642,0.022206883416394183,0.06800589712967323
78,6,405843,occupancy,12,404520,flow,12,0.00680295882181979,0.04935972809919632,0.060710701735611355
78,6,405843,occupancy,14,401469,flow,2,0.002893282232637839,0.025546942706076766,0.06681094318974569
78,6,405843,occupancy,14,401469,flow,4,8.409778875899957e-05,0.001355100512640351,0.08812455659488237
78,6,405843,occupancy,14,401469,flow,5,1.4156924556502675e-06,3.786867745144988e-05,0.10797161410229877
78,6,405843,occupancy,14,401469,flow,6,0.0015504627576525415,0.015540601190392064,0.07097720689430818
78,6,405843,occupancy,15,401472,flow,1,1.4317636684460297e-14,1.0360500917398405e-12,0.1714648800749674
78,6,405843,occupancy,15,401472,flow,2,4.2040358587946335e-10,1.978369815903357e-08,0.13956339824092187
78,6,405843,occupancy,15,401472,flow,3,1.320505848349108e-08,5.070742457660575e-07,0.12709415640080032
78,6,405843,occupancy,15,401472,flow,4,2.3439459552295842e-05,0.00044943837224109204,0.09474939030897922
78,6,405843,occupancy,15,401472,flow,5,7.908516879199131e-05,0.001291186429257001,0.08845366487248603
78,6,405843,occupancy,15,401472,flow,6,2.259993205774239e-05,0.0004354670227004778,0.09493224234607034
78,6,405843,occupancy,15,401472,flow,7,1.4568289689717003e-05,0.00029574723430252564,0.09710838442475138
78,6,405843,occupancy,15,401472,flow,8,0.002573869093881596,0.02329586106341608,0.06760902766414463
78,6,405843,occupancy,15,401472,flow,11,6.677597512487864e-05,0.0011159466635956507,0.08935394148817126
78,6,405843,occupancy,15,401472,flow,12,3.56054758452274e-05,0.0006438495422828899,0.09262959762814099
78,6,405843,occupancy,16,405838,flow,1,0.0009482677683955778,0.010498505277982819,0.074116617932122
78,6,405843,occupancy,18,404528,flow,1,0.00016970392864428357,0.0024775970657090404,0.08428179968255647
78,6,405843,occupancy,18,404528,flow,11,0.003966834906229586,0.03282810802063815,0.06461612697213474
78,6,405843,occupancy,19,401795,flow,1,0.0033185284520936224,0.028517475258325077,0.06586487812707138
78,6,405843,speed,0,400593,flow,7,0.0008864818060181471,0.009973831277043366,-0.07453777302065731
78,6,405843,speed,19,401795,flow,12,0.002668662651015368,0.02392709685933909,-0.06736314973588906
78,7,408093,flow,0,400593,flow,1,0.00015068824070157917,0.002230888279063818,0.08494338525650502
78,7,408093,flow,0,400593,flow,2,2.4295111679590096e-05,0.0004631724733266956,0.09456932530229714
78,7,408093,flow,0,400593,flow,7,0.000934073145112002,0.010392638279293901,0.07421107613049838
78,7,408093,flow,0,400593,flow,8,0.00032999428395230596,0.004366233711099423,0.0804893202159893
78,7,408093,flow,2,400331,flow,1,1.0943804092773763e-05,0.00023224552478013895,0.09850200068529749
78,7,408093,flow,2,400331,flow,2,4.973008003480423e-06,0.00011606372001639884,0.1022521099859212
78,7,408093,flow,2,400331,flow,6,9.790124838555244e-05,0.0015407409581988582,0.0873057966162358
78,7,408093,flow,2,400331,flow,8,0.00572352094731963,0.043439231364056224,0.06198414238931863
78,7,408093,flow,2,400331,flow,9,0.0005548980410759702,0.006763994180158553,0.07740999950143768
78,7,408093,flow,2,400331,flow,10,0.004459435313292061,0.035940150635925455,0.06378575371703299
78,7,408093,flow,2,400331,flow,12,5.838946886362857e-07,1.7054936138666358e-05,0.11183608648631956
78,7,408093,flow,3,400039,flow,1,0.002086905919539266,0.019736062986886228,0.06901994585329706
78,7,408093,flow,3,400039,flow,2,2.4523375877628046e-05,0.0004667003691249037,0.09452230785184591
78,7,408093,flow,5,400503,flow,4,5.63260579276113e-05,0.0009602548154983457,0.09025124045938614
78,7,408093,flow,5,400503,flow,12,1.8401917390087657e-06,4.77455153904977e-05,0.10680176399908509
78,7,408093,flow,6,405843,flow,1,0.0001823067559587077,0.0026322365833610206,0.08388072704043917
78,7,408093,flow,6,405843,flow,2,2.6906959889257914e-10,1.2872432638050298e-08,0.14106269283949066
78,7,408093,flow,6,405843,flow,3,0.00047517029373631795,0.005925911284471402,0.0783403515951166
78,7,408093,flow,6,405843,flow,4,7.433938552405344e-08,2.5326983080750066e-06,0.12036827813913009
78,7,408093,flow,6,405843,flow,5,0.000929577674282504,0.010357945712923438,0.07424126843603229
78,7,408093,flow,6,405843,flow,6,0.00034787108890659143,0.004560552647475668,0.08018156051606233
78,7,408093,flow,6,405843,flow,7,0.0015363791762540084,0.015435135935838024,0.07103657331552646
78,7,408093,flow,6,405843,flow,9,0.003600752508494172,0.030411047579071017,0.06529622313711018
78,7,408093,flow,6,405843,flow,10,0.00022525864539302195,0.00316255231751009,0.08268598870462726
78,7,408093,flow,6,405843,flow,11,0.0017764337875524133,0.017389970455985556,0.07008686759940588
78,7,408093,flow,6,405843,flow,12,0.0005697802734742578,0.006915357270039691,0.07725025966588368
78,7,408093,flow,7,408093,flow,1,9.192685079524291e-19,8.964424276195247e-17,0.19655102234890812
78,7,408093,flow,7,408093,flow,2,5.681050897966485e-25,6.972198829322504e-23,0.22854677839683724
78,7,408093,flow,7,408093,flow,3,4.2207523476965466e-19,4.191643710815881e-17,0.19848437713860534
78,7,408093,flow,7,408093,flow,4,2.7031957493758837e-18,2.572203884868682e-16,0.19395583550495432
78,7,408093,flow,7,408093,flow,5,5.1397382343480564e-11,2.744582097946057e-09,0.14665044959969242
78,7,408093,flow,7,408093,flow,6,0.004281906799309684,0.03479653380928863,0.06407496887924996
78,7,408093,flow,7,408093,flow,7,1.120446799874036e-10,5.634843044768144e-09,0.14406307790637246
78,7,408093,flow,7,408093,flow,8,4.701713480351172e-08,1.664869035665333e-06,0.12218650601017832
78,7,408093,flow,7,408093,flow,10,3.572749157273168e-05,0.0006449760283919802,0.09261206677184926
78,7,408093,flow,7,408093,flow,11,1.3894243719897033e-05,0.00028487485937330414,0.0973404484700214
78,7,408093,flow,7,408093,flow,12,3.6985349909745654e-05,0.0006646285840686407,0.09243458084470262
78,7,408093,flow,9,402391,flow,11,0.004660704938788218,0.0371549092739714,0.06347021027889897
78,7,408093,flow,10,400497,flow,2,0.0010493148295838983,0.011405207114006095,0.07347970030664915
78,7,408093,flow,10,400497,flow,4,0.003842619386363945,0.032034958103351045,0.06484025630787102
78,7,408093,flow,10,400497,flow,7,0.000598657866194474,0.0072140246959205385,0.07695107553971366
78,7,408093,flow,10,400497,flow,9,2.0137535560281962e-06,5.165923611663782e-05,0.10639688839366268
78,7,408093,flow,10,400497,flow,10,0.0020266559038274634,0.01927598746044615,0.06921505050445041
78,7,408093,flow,10,400497,flow,11,0.0002714260307583987,0.003713762783080778,0.08162003287748545
78,7,408093,flow,10,400497,flow,12,0.005492428633585864,0.042084589742977886,0.062284686099453264
78,7,408093,flow,11,405841,flow,2,0.004484687804979576,0.03608239195871846,0.06374546470384274
78,7,408093,flow,11,405841,flow,6,0.000289475607135055,0.003918942722730923,0.08124901511577226
78,7,408093,flow,11,405841,flow,7,6.370614184817273e-08,2.2034470198887607e-06,0.12098386644483872
78,7,408093,flow,12,404520,flow,6,0.005160714560568241,0.04016264979581121,0.06273666845901713
78,7,408093,flow,12,404520,flow,11,0.0028650263159680465,0.02534694590412034,0.06687821141496508
78,7,408093,flow,13,400183,flow,2,0.006245462623375862,0.046326233744820956,0.061343665757484685
78,7,408093,flow,13,400183,flow,5,0.0011000411769037366,0.011830166502922934,0.0731810764051664
78,7,408093,flow,13,400183,flow,11,0.006550660031555937,0.04802112902820575,0.06099114595767895
78,7,408093,flow,13,400183,flow,12,0.00011578129273041035,0.0017844627807987498,0.08639388877257238
78,7,408093,flow,14,401469,flow,3,9.461196322186884e-05,0.001496608132985988,0.08749052057730644
78,7,408093,flow,14,401469,flow,4,7.382661422809215e-08,2.517213681652392e-06,0.1203959469103381
78,7,408093,flow,15,401472,flow,1,8.741347509459946e-14,6.003596381695861e-12,0.16630523956606263
78,7,408093,flow,15,401472,flow,2,1.058179210500422e-15,8.32665608262627e-14,0.1786250365424212
78,7,408093,flow,15,401472,flow,3,7.856257326194496e-11,4.064554688522182e-09,0.14524743042677313
78,7,408093,flow,15,401472,flow,4,1.2629584029277944e-10,6.314792014638972e-09,0.14366143907214213
78,7,408093,flow,15,401472,flow,5,4.3270385000727874e-13,2.7816676071896488e-11,0.16160335489850264
78,7,408093,flow,15,401472,flow,6,3.293962764557304e-11,1.7799473003895295e-09,0.148107294927963
78,7,408093,flow,15,401472,flow,7,1.0274787176824782e-12,6.35918060227551e-11,0.15900198268189317
78,7,408093,flow,15,401472,flow,8,1.6607982844789842e-07,5.3502226614088086e-06,0.11711201152285054
78,7,408093,flow,15,401472,flow,9,3.7604700025660625e-07,1.1392167188699432e-05,0.11370927954746439
78,7,408093,flow,15,401472,flow,10,1.2881649906108997e-09,5.649617014658971e-08,0.13563707119049362
78,7,408093,flow,15,401472,flow,11,4.351722839435955e-10,2.0411989865758226e-08,0.13944397193365052
78,7,408093,flow,15,401472,flow,12,1.4888723205253162e-09,6.483798815190894e-08,0.1351210944742868
78,7,408093,flow,16,405838,flow,1,0.00440831524376422,0.03561608725090973,0.06386794945948236
78,7,408093,flow,16,405838,flow,7,0.0023996340421672878,0.022023409947233234,0.0680833778154277
78,7,408093,flow,16,405838,flow,10,3.487638641694506e-06,8.454881555623046e-05,0.10389743289025352
78,7,408093,flow,17,400260,flow,5,0.00630264835682819,0.046614348401810966,0.06127645079052798
78,7,408093,flow,17,400260,flow,11,0.005131361040487742,0.03997021221584393,0.06277791765000938
78,7,408093,flow,18,404528,flow,1,3.413683343616161e-05,0.0006201476890000763,0.09284520129503898
78,7,408093,flow,18,404528,flow,9,0.0018027362389955468,0.017619503512354667,0.06999009727813185
78,7,408093,occupancy,0,400593,flow,2,0.00019712917111804325,0.0028105545189107154,0.08344108669354047
78,7,408093,occupancy,0,400593,flow,4,0.004111637142071096,0.0337391145579785,0.06436275351185013
78,7,408093,occupancy,0,400593,flow,8,0.0007139702213513328,0.008343566663533081,0.07587659726627449
78,7,408093,occupancy,1,400125,flow,10,0.0020672480184440642,0.019584454911575348,0.06908302907095847
78,7,408093,occupancy,2,400331,flow,2,0.0008754043928385594,0.009868859543482714,0.07461614266421698
78,7,408093,occupancy,2,400331,flow,9,0.0003618468854315018,0.004714048688371796,0.0799510887068644
78,7,408093,occupancy,2,400331,flow,12,0.0029039087705553723,0.025617492115170937,0.06678579979673298
78,7,408093,occupancy,3,400039,flow,2,0.0019849138578417443,0.018962467637939708,0.06935336509372435
78,7,408093,occupancy,5,400503,flow,4,0.003902155775468695,0.03237254609516112,0.0647320234316578
78,7,408093,occupancy,5,400503,flow,9,0.0018707056124623782,0.018132035552697944,0.06974590736282311
78,7,408093,occupancy,5,400503,flow,12,0.005634295803811125,0.04291283122789856,0.062098863468374975
78,7,408093,occupancy,7,408093,flow,1,1.4796522518468257e-06,3.936020768459536e-05,0.10774834510326241
78,7,408093,occupancy,7,408093,flow,5,0.00019663517049063657,0.002805363066445013,0.08345523119746422
78,7,408093,occupancy,7,408093,flow,6,0.004138701385487772,0.03390062568317628,0.06431629651487289
78,7,408093,occupancy,7,408093,flow,7,0.0023670742132205526,0.021817283125907378,0.0681754994714992
78,7,408093,occupancy,7,408093,flow,8,0.003182632946811477,0.02761947434758051,0.06615457009347331
78,7,408093,occupancy,7,408093,flow,10,0.0018982555378961505,0.01833732423246998,0.06964924363024501
78,7,408093,occupancy,10,400497,flow,2,0.0016611198111565301,0.01642865747297667,0.07052729411120008
78,7,408093,occupancy,10,400497,flow,3,9.376386838933024e-05,0.0014853682121082018,0.08753913139076704
78,7,408093,occupancy,10,400497,flow,4,4.06842839716405e-05,0.0007220875380340467,0.09194400630388899
78,7,408093,occupancy,10,400497,flow,9,2.5590476990928662e-05,0.000484235044243591,0.09430788381453198
78,7,408093,occupancy,11,405841,flow,7,0.0008370246497018395,0.009503144511726536,0.07489496544469264
78,7,408093,occupancy,14,401469,flow,3,0.00041114444840215656,0.0052502040115202965,0.0791996331228802
78,7,408093,occupancy,14,401469,flow,4,0.0023667373761819504,0.021817283125907378,0.06817645852969326
78,7,408093,occupancy,15,401472,flow,1,2.140947201851376e-11,1.1827227508948778e-09,0.149504501147285
78,7,408093,occupancy,15,401472,flow,2,2.438305490054832e-11,1.336736004700111e-09,0.14908412383069758
78,7,408093,occupancy,15,401472,flow,3,3.494729958605998e-07,1.069209165805801e-05,0.11401841106108364
78,7,408093,occupancy,15,401472,flow,4,8.33233055844108e-07,2.3557374353707767e-05,0.11030002031467438
78,7,408093,occupancy,15,401472,flow,5,2.267051672024373e-06,5.74071701239466e-05,0.10586243131338498
78,7,408093,occupancy,15,401472,flow,6,4.347235431611459e-06,0.00010279177375238917,0.10287868074970487
78,7,408093,occupancy,15,401472,flow,7,2.2898476430157597e-06,5.791652118166324e-05,0.10581718144143752
78,7,408093,occupancy,15,401472,flow,8,2.0646126462764135e-05,0.000402669373901314,0.09538412844043699
78,7,408093,occupancy,15,401472,flow,9,0.0013146517102083017,0.013622704955339104,0.07204397523335018
78,7,408093,occupancy,15,401472,flow,10,0.0004507109975083777,0.005673285283322237,0.07865508493694018
78,7,408093,occupancy,15,401472,flow,11,4.10006891318195e-05,0.0007265093398255137,0.09190402931847726
78,7,408093,occupancy,15,401472,flow,12,4.822926772858108e-05,0.0008394457557915804,0.09106238782288674
78,7,408093,occupancy,19,401795,flow,10,0.004790406333635874,0.0379209548993436,-0.06327333988784209
78,7,408093,speed,16,405838,flow,1,0.0008349147524381352,0.009484174942237035,0.0748918116221059
78,8,401448,flow,4,400316,flow,4,0.005201985150481174,0.04038198715198323,-0.0626790296393422
78,8,401448,flow,8,401448,flow,1,1.6110891580454438e-88,5.043409538229216e-86,0.42612352185279373
78,8,401448,flow,8,401448,flow,2,1.5141829650389485e-20,1.6312395034833561e-18,0.20633680334101587
78,8,401448,flow,8,401448,flow,3,4.844731340314791e-10,2.260177039974071e-08,0.13907210802085704
78,8,401448,flow,8,401448,flow,4,5.87640351498676e-11,3.0883288545915814e-09,0.14620900958114155
78,8,401448,flow,8,401448,flow,5,0.006682139657490998,0.048692144373852504,0.06084381169272585
78,8,401448,flow,8,401448,flow,7,8.90886577908314e-09,3.5147306087341696e-07,0.1285779118460505
78,8,401448,flow,8,401448,flow,8,0.0007619307530402932,0.008791508688926461,0.07547660644488907
78,8,401448,flow,8,401448,flow,9,1.1316502913568911e-05,0.00023905766546023324,0.09833981396715691
78,8,401448,flow,8,401448,flow,12,3.890791159132829e-07,1.176222379807825e-05,0.11356530166562051
78,8,401448,flow,10,400497,flow,10,3.274920007280378e-05,0.000599014843736293,0.09305715890305404
78,8,401448,flow,10,400497,flow,11,0.0003609908529754987,0.004705123644967584,0.0799649641599867
78,8,401448,flow,14,401469,flow,2,0.00545796333130232,0.04190970776968721,0.06233048300615576
78,8,401448,flow,16,405838,flow,11,0.0019782932226248824,0.0189159511326682,0.06937554764086197
78,8,401448,flow,17,400260,flow,2,0.006230305620331899,0.04629320123490469,0.06136157379566917
78,8,401448,occupancy,0,400593,flow,1,4.629671123874895e-05,0.0008093961657280269,0.09127503145807266
78,8,401448,occupancy,2,400331,flow,1,0.0032769228019064282,0.028225816507039987,0.06595240483863331
78,8,401448,occupancy,8,401448,flow,1,0.006619940979549245,0.04842218935261216,0.06091318291471039
78,8,401448,occupancy,8,401448,flow,2,5.695878672307925e-05,0.0009691294156900448,-0.09019259502091567
78,8,401448,occupancy,8,401448,flow,4,0.003391220418321077,0.028988155455758124,0.06571432357945853
78,8,401448,occupancy,8,401448,flow,8,0.003127621158476771,0.02724606453845463,0.06627505386261207
78,8,401448,occupancy,16,405838,flow,8,0.0029118563490062293,0.025677116610955113,0.0667670498666431
78,8,401448,occupancy,17,400260,flow,2,7.269626723819128e-05,0.0012009478947188768,0.08890295511462783
78,8,401448,occupancy,17,400260,flow,10,0.00029199385236799205,0.003941917006967893,-0.08119898296130784
78,8,401448,occupancy,17,400260,flow,12,0.0021808579193657394,0.020458862566036903,0.06872577241371694
78,8,401448,occupancy,18,404528,flow,9,0.0058431098823714745,0.044129780929798544,0.061832882852146547
78,8,401448,occupancy,18,404528,flow,11,0.0010556316160153655,0.011458112013031103,0.07344179516131004
78,8,401448,occupancy,18,404528,flow,12,0.0010210229274339841,0.011132809304681503,0.07365210308303623
78,8,401448,occupancy,19,401795,flow,2,0.001757272182592831,0.017238996517509483,0.07015819795727087
78,8,401448,occupancy,19,401795,flow,5,0.003980892976328335,0.03290749647481517,0.06459116378875114
78,8,401448,occupancy,19,401795,flow,9,0.0035238103642234865,0.029936796014642008,0.06544711915964006
78,8,401448,speed,9,402391,flow,6,0.003339068287670496,0.028643318115044766,0.06582203565594674
78,8,401448,speed,19,401795,flow,6,0.0017823506469604239,0.01743998821034888,0.07006498448560432
78,9,402391,flow,0,400593,flow,7,0.00039206213560022705,0.0050392990948913445,0.07947998270532049
78,9,402391,flow,1,400125,flow,1,1.4265618048271323e-06,3.8088671179562495e-05,0.10793766662017812
78,9,402391,flow,1,400125,flow,2,0.0010049806925578769,0.010999535322650184,0.07375183291895952
78,9,402391,flow,1,400125,flow,3,3.345989272779627e-08,1.206567083339565e-06,0.12351972666451368
78,9,402391,flow,1,400125,flow,4,0.002057493349474211,0.01951343857240086,0.06911453669898288
78,9,402391,flow,1,400125,flow,5,0.00026959270290326134,0.00369492536974013,0.0816590011856385
78,9,402391,flow,1,400125,flow,10,3.712922659400621e-05,0.0006661057262712077,0.09241464586937444
78,9,402391,flow,1,400125,flow,11,3.293298292405278e-05,0.0006013122833132207,0.09302860208697554
78,9,402391,flow,2,400331,flow,2,4.717820019162583e-07,1.3969144950501959e-05,0.112747461730064
78,9,402391,flow,2,400331,flow,9,0.0009321612110420129,0.010383299268649665,0.07422390051114344
78,9,402391,flow,3,400039,flow,1,0.0008563067067011626,0.009694038189069765,0.07475343666457641
78,9,402391,flow,5,400503,flow,1,6.296370223864778e-05,0.0010600280345711552,0.08966481501639595
78,9,402391,flow,5,400503,flow,2,4.601649860060206e-06,0.0001080387358448918,0.10261413856687862
78,9,402391,flow,5,400503,flow,4,0.0017574199227572166,0.017238996517509483,0.07015764525676375
78,9,402391,flow,5,400503,flow,5,0.00025563263245025904,0.0035293479456219847,0.08196414402945723
78,9,402391,flow,5,400503,flow,6,0.005181284222867165,0.04028644320155895,0.06270788889493732
78,9,402391,flow,5,400503,flow,10,0.002207156298337851,0.020646840007509534,0.0686455096383116
78,9,402391,flow,5,400503,flow,11,0.00151495600752399,0.015269738573270266,0.07112784567564315
78,9,402391,flow,5,400503,flow,12,1.0363097851572088e-06,2.856961245615279e-05,0.10934765733171109
78,9,402391,flow,6,405843,flow,11,0.0036665378452047205,0.030834034438941782,0.06516951372355897
78,9,402391,flow,7,408093,flow,1,2.768792720275486e-07,8.598982423860604e-06,0.11499526105272861
78,9,402391,flow,7,408093,flow,6,0.0002192729318141042,0.0030905679133341932,0.08283894724283175
78,9,402391,flow,7,408093,flow,7,0.0020097153370776653,0.019149963924118395,0.0692708661532424
78,9,402391,flow,7,408093,flow,8,0.0008865627801816325,0.009973831277043366,0.07453720349796955
78,9,402391,flow,7,408093,flow,9,0.003986046341868969,0.03293749081268926,0.06458203288976001
78,9,402391,flow,7,408093,flow,11,0.005565615017321436,0.04250964793993742,0.06218829057456535
78,9,402391,flow,8,401448,flow,9,0.002041736853585016,0.01940660771724372,-0.06916572067698479
78,9,402391,flow,9,402391,flow,1,3.7371499207642377e-125,1.8772660067094775e-122,0.4982211436033202
78,9,402391,flow,9,402391,flow,2,2.497655765437553e-11,1.36753775750193e-09,0.14900625872864062
78,9,402391,flow,9,402391,flow,3,4.612281813272917e-09,1.886842559975284e-07,0.1309903238186041
78,9,402391,flow,9,402391,flow,4,8.25084621624022e-10,3.7128807973080995e-08,0.13717822278945183
78,9,402391,flow,9,402391,flow,5,5.2132520724068264e-05,0.0008990518544030933,0.09065646110745408
78,9,402391,flow,9,402391,flow,7,0.00043935188255415236,0.005559461431265197,0.07880670304271742
78,9,402391,flow,9,402391,flow,8,0.0005406900223114021,0.00661694304925002,0.07756626769286305
78,9,402391,flow,9,402391,flow,9,0.000389900125990542,0.005018976592011745,0.0795125455381544
78,9,402391,flow,9,402391,flow,10,0.0010521150075519109,0.011425683339930255,0.0734628713175353
78,9,402391,flow,9,402391,flow,11,6.096548581530472e-05,0.0010312094703293516,0.08983494625701569
78,9,402391,flow,9,402391,flow,12,0.0008404180434122765,0.009539164339309077,0.0748698405687403
78,9,402391,flow,10,400497,flow,10,0.0008953487482201912,0.010051732308501107,0.07447569281114089
78,9,402391,flow,10,400497,flow,11,0.00010279443668399936,0.0016048860371336365,0.08704155581019483
78,9,402391,flow,11,405841,flow,9,0.0050106218449207165,0.03922777522663555,0.06294985990978759
78,9,402391,flow,12,404520,flow,9,0.004552946086200895,0.03646408433887257,0.0636375813179151
78,9,402391,flow,12,404520,flow,10,0.0035770765999962907,0.03025248808140951,0.06534234069844051
78,9,402391,flow,14,401469,flow,4,0.004970154922371654,0.039017025739861065,0.06300832617669566
78,9,402391,flow,14,401469,flow,12,1.2414007261853215e-06,3.377110287859313e-05,0.10855315774997548
78,9,402391,flow,15,401472,flow,1,2.928279099466172e-08,1.0639331967782897e-06,0.12403855454791633
78,9,402391,flow,15,401472,flow,2,6.700853449974939e-06,0.00015092641764281403,0.10084966925857815
78,9,402391,flow,15,401472,flow,3,0.002591901323769686,0.02341002240996246,0.06756162503205738
78,9,402391,flow,15,401472,flow,5,0.0009083448958063588,0.010153833265852666,0.0743857239940442
78,9,402391,flow,15,401472,flow,6,0.0037854947816169946,0.03163121364910138,0.0649455454961491
78,9,402391,flow,15,401472,flow,12,0.0007375596267107045,0.00857673643981223,0.07567684495822068
78,9,402391,flow,17,400260,flow,3,0.0011105644792030024,0.01191072132610966,0.07312072375175442
78,9,402391,flow,17,400260,flow,11,0.003265687124419936,0.028164840042911005,0.06597621502769313
78,9,402391,flow,18,404528,flow,10,0.005164546542384425,0.04017308023890675,0.0627312991895923
78,9,402391,occupancy,0,400593,flow,7,0.004811671162563343,0.03802857559874431,0.06324152353346633
78,9,402391,occupancy,1,400125,flow,10,0.0004858087519784619,0.006032462801227236,0.07820814911900542
78,9,402391,occupancy,2,400331,flow,2,0.001544171982396067,0.015495523725786317,0.07100366276834999
78,9,402391,occupancy,5,400503,flow,5,0.0014133147523511921,0.014468056232599882,0.07157776463586128
78,9,402391,occupancy,5,400503,flow,10,0.005821402804229801,0.04401528512517008,0.061860130130213825
78,9,402391,occupancy,5,400503,flow,12,0.0003461088342062344,0.0045446509537110415,0.08021123354089846
78,9,402391,occupancy,6,405843,flow,12,0.0023828152067121283,0.02189696169537629,0.06813081964216819
78,9,402391,occupancy,7,408093,flow,8,0.0023127119620822913,0.02146037914785495,0.06833192254807864
78,9,402391,occupancy,8,401448,flow,9,0.005118012390910142,0.0398950081716561,-0.062796746440185
78,9,402391,occupancy,9,402391,flow,1,0.0005062605812251129,0.006243350587760455,-0.0779614050772681
78,9,402391,occupancy,10,400497,flow,4,0.0003316254041053168,0.004383787471649231,0.0804606013612792
78,9,402391,occupancy,10,400497,flow,10,6.429027559952617e-05,0.0010794169863581544,0.08955466707536112
78,9,402391,occupancy,10,400497,flow,11,0.0005409179320755361,0.006617857452750824,0.07756373098693892
78,9,402391,occupancy,11,405841,flow,5,0.0003511945552298972,0.004594671346435966,0.08012597998728664
78,9,402391,occupancy,12,404520,flow,11,0.004752244968857278,0.03770376173638833,0.06333075839573103
78,9,402391,occupancy,15,401472,flow,1,6.276310601825996e-08,2.1778041606335984e-06,0.12104318091439116
78,9,402391,occupancy,15,401472,flow,2,9.798539859460797e-06,0.00021101541472019265,0.09903558584161204
78,9,402391,occupancy,15,401472,flow,3,5.527842569038195e-05,0.0009442578053873073,0.09034972686604101
78,9,402391,occupancy,15,401472,flow,4,0.002342046593656156,0.021651276020959967,0.06824710163944982
78,9,402391,occupancy,15,401472,flow,5,1.3007742141717024e-05,0.00026977170452336795,0.09766256233855973
78,9,402391,occupancy,15,401472,flow,6,0.0003984066188208768,0.005111721393840771,0.07938538492615417
78,9,402391,speed,0,400593,flow,3,0.003993985461997096,0.032984165925879286,0.06456798703915129
78,9,402391,speed,0,400593,flow,5,0.0015810821368826714,0.01579254296261998,-0.07084983078099581
78,9,402391,speed,1,400125,flow,12,0.0029674864860278994,0.026077179860944925,0.06663709877233658
78,9,402391,speed,4,400316,flow,2,0.004675537301893986,0.03725940074558572,-0.06344744741852835
78,9,402391,speed,10,400497,flow,8,0.002678988251552606,0.02399591384347348,-0.06733685069476607
78,9,402391,speed,14,401469,flow,7,0.004491047959017787,0.036115650005504166,0.06373534979975623
78,9,402391,speed,15,401472,flow,1,0.00011895657126128565,0.0018236067702226898,-0.08624598367901731
78,9,402391,speed,15,401472,flow,2,3.67852802402323e-05,0.000661308408813165,-0.09246242432293268
78,9,402391,speed,15,401472,flow,3,0.00018056086639758648,0.0026113925103367045,-0.08393470418162916
78,9,402391,speed,15,401472,flow,4,0.0005504857766159246,0.0067215900366896396,-0.07745812556267381
78,9,402391,speed,15,401472,flow,5,0.0001082307975240728,0.0016818598751942248,-0.08676154867856233
78,9,402391,speed,15,401472,flow,6,0.0010180641414105902,0.011108959562752587,-0.07367038746717877
78,9,402391,speed,15,401472,flow,7,0.0050988652473104076,0.03976516808449034,-0.06282383181518648
78,9,402391,speed,15,401472,flow,9,0.0010643614548231865,0.011526802418741953,-0.07338975370835463
78,9,402391,speed,15,401472,flow,11,0.0038167054832600267,0.03186119359938805,-0.06488784214289572
78,10,400497,flow,0,400593,flow,2,3.65165359477241e-07,1.1101438092481923e-05,0.1138332344027821
78,10,400497,flow,0,400593,flow,7,0.0008041648730396175,0.009193801561132212,0.0751432683553789
78,10,400497,flow,0,400593,flow,8,0.00012795464556031522,0.0019347709794209373,0.08584620853834392
78,10,400497,flow,0,400593,flow,9,7.948079391082473e-05,0.001295686904508539,0.08842698359711587
78,10,400497,flow,1,400125,flow,1,2.8823177171726933e-08,1.049883013337777e-06,0.1240999674153879
78,10,400497,flow,1,400125,flow,2,2.2604409620946058e-10,1.0947427080996296e-08,0.14169255752643
78,10,400497,flow,1,400125,flow,6,0.0016318532250506352,0.016183668347609603,0.07064354144812357
78,10,400497,flow,1,400125,flow,7,0.001230434192465772,0.012926740543414724,0.07246819510183863
78,10,400497,flow,1,400125,flow,12,1.4575882798473377e-08,5.562527711078179e-07,0.12671911558602503
78,10,400497,flow,2,400331,flow,1,0.005553962839829624,0.0424506713872328,0.06220356114070467
78,10,400497,flow,2,400331,flow,2,0.0009364542064651445,0.010409606689728875,0.07419513899229381
78,10,400497,flow,2,400331,flow,3,7.20843149825787e-05,0.0011944926763511315,0.08894792947012825
78,10,400497,flow,2,400331,flow,4,0.006200258065314961,0.04616531341289319,0.06139719122730696
78,10,400497,flow,2,400331,flow,10,0.00018564770991813152,0.0026733270228210936,0.08377877595676199
78,10,400497,flow,2,400331,flow,11,0.0063295710403469185,0.04678943684856038,0.06124499612262572
78,10,400497,flow,2,400331,flow,12,0.002131464137748504,0.020069619010836745,0.0688789487677941
78,10,400497,flow,3,400039,flow,1,0.00023963472597231578,0.003335122474872436,0.0823336518933177
78,10,400497,flow,3,400039,flow,12,0.00034555775786758707,0.004540174920888006,0.08022054160936258
78,10,400497,flow,4,400316,flow,1,4.2839476907164126e-17,3.887952526028341e-15,0.18700406813157022
78,10,400497,flow,4,400316,flow,3,9.131159723521965e-09,3.592587432205363e-07,-0.12848548616327163
78,10,400497,flow,4,400316,flow,4,1.1680701085755152e-08,4.541910773218925e-07,-0.1275584236331337
78,10,400497,flow,4,400316,flow,6,2.236299024640297e-07,7.036279523995691e-06,0.11588436088628738
78,10,400497,flow,4,400316,flow,7,0.002634760989480392,0.02368324484926195,0.06745015474120195
78,10,400497,flow,4,400316,flow,11,0.00022723685468079604,0.003185149942313559,0.0826155232986025
78,10,400497,flow,4,400316,flow,12,3.3738223788096373e-17,3.0813768872003454e-15,0.18766207211305577
78,10,400497,flow,5,400503,flow,1,5.705333839731362e-16,4.6591762169450823e-14,0.1802798668733414
78,10,400497,flow,5,400503,flow,2,4.376900844169116e-06,0.00010326713078542097,0.10284708193906371
78,10,400497,flow,5,400503,flow,6,0.00290609770889243,0.025631568196029596,0.06678063098714573
78,10,400497,flow,5,400503,flow,7,2.4934452568113174e-07,7.80556776045282e-06,0.11543210721422241
78,10,400497,flow,5,400503,flow,8,5.220819681492278e-06,0.00012106248536793688,0.10202465033611303
78,10,400497,flow,5,400503,flow,11,0.006639893512160532,0.04852622605594061,0.06089086596080702
78,10,400497,flow,5,400503,flow,12,7.297067559493919e-07,2.089021329159293e-05,0.11087550155108981
78,10,400497,flow,6,405843,flow,1,5.485845456667507e-13,3.469817331303606e-11,0.16089384450973923
78,10,400497,flow,6,405843,flow,3,6.243447601097862e-06,0.00014195628229864615,-0.1011838262383654
78,10,400497,flow,6,405843,flow,6,2.0877840818579058e-07,6.6123366815441e-06,0.11616902166880702
78,10,400497,flow,6,405843,flow,7,1.703845260536629e-05,0.0003387303969405539,0.09633741368250319
78,10,400497,flow,6,405843,flow,9,2.9659915573080406e-05,0.0005508634362670135,-0.09356143334157142
78,10,400497,flow,6,405843,flow,11,1.9301494036394737e-05,0.0003786669129755916,0.09571940923502598
78,10,400497,flow,6,405843,flow,12,8.117684043879782e-14,5.593045465639659e-12,0.16651955663407508
78,10,400497,flow,7,408093,flow,1,2.048491564652905e-06,5.242585046978999e-05,0.10631989363584723
78,10,400497,flow,7,408093,flow,2,4.877304050207008e-05,0.0008478854525913187,0.09100401026070212
78,10,400497,flow,7,408093,flow,3,3.157620242298095e-08,1.1424555650525772e-06,0.12374543425938937
78,10,400497,flow,7,408093,flow,5,0.000709854510350519,0.008307227307456356,0.07591207502721156
78,10,400497,flow,7,408093,flow,6,0.0045197397396972636,0.03625863635188891,0.06368988027581873
78,10,400497,flow,7,408093,flow,8,0.004171810696762457,0.03412653325130433,0.0642598360355333
78,10,400497,flow,7,408093,flow,12,5.441352820479081e-06,0.00012590596777969806,0.10183075432712442
78,10,400497,flow,8,401448,flow,1,0.0018491050450072995,0.017983191792957078,0.06982261500471879
78,10,400497,flow,8,401448,flow,2,0.004294712130765058,0.03487758351641316,0.06405374733586412
78,10,400497,flow,9,402391,flow,1,1.1037836880319237e-09,4.87560892872997e-08,0.1361853900684638
78,10,400497,flow,9,402391,flow,2,5.5188442600071614e-11,2.9289198038367244e-09,0.1464160701822456
78,10,400497,flow,9,402391,flow,3,6.547402245148508e-05,0.0010980115566398118,0.08945817839104764
78,10,400497,flow,9,402391,flow,8,2.524676744764975e-05,0.00047819145642033874,0.09437600599893582
78,10,400497,flow,9,402391,flow,12,0.0015241183617473438,0.015338453834915491,0.07108866545291051
78,10,400497,flow,10,400497,flow,1,0.0,0.0,0.8255920310831147
78,10,400497,flow,10,400497,flow,2,1.1007727345138686e-47,2.201545469027737e-45,-0.31719570140575626
78,10,400497,flow,10,400497,flow,3,5.897012612217552e-09,2.389783722774843e-07,-0.13011566906405408
78,10,400497,flow,10,400497,flow,4,0.0010647276362021785,0.011527878166399526,0.07338757941384014
78,10,400497,flow,10,400497,flow,5,2.8126280509545205e-27,3.797047868788603e-25,0.2393738112800329
78,10,400497,flow,10,400497,flow,6,7.57357461777711e-63,1.807615599381056e-60,0.3628303003128253
78,10,400497,flow,10,400497,flow,7,2.539272181242295e-08,9.367767568716238e-07,0.12459081047858545
78,10,400497,flow,10,400497,flow,8,2.7459937396914964e-26,3.594755441050686e-24,-0.2348400826999339
78,10,400497,flow,10,400497,flow,9,2.258604197925815e-34,3.724110738564703e-32,-0.2694240675440605
78,10,400497,flow,10,400497,flow,10,0.0001229569549838777,0.0018738697606452302,-0.08606485229801147
78,10,400497,flow,10,400497,flow,11,6.529853908136464e-41,1.1852507934096438e-38,0.29407406223443694
78,10,400497,flow,10,400497,flow,12,2.0516270824979507e-140,1.2661469994844497e-137,0.5238849194235655
78,10,400497,flow,11,405841,flow,1,6.970406959754896e-09,2.790746808724852e-07,0.12949457368447861
78,10,400497,flow,11,405841,flow,4,0.0024675846289187566,0.022527399824448496,-0.06789475120073869
78,10,400497,flow,11,405841,flow,5,0.006563081107256028,0.04809461468151603,0.060977113965993215
78,10,400497,flow,11,405841,flow,6,0.0004981363945582079,0.006158984615029932,0.07805828870663079
78,10,400497,flow,11,405841,flow,7,5.503499460996985e-11,2.9243687172825305e-09,0.14642524710140634
78,10,400497,flow,11,405841,flow,12,1.2139532439057716e-07,3.988044116861546e-06,0.1183919468015778
78,10,400497,flow,12,404520,flow,1,5.482597125918064e-20,5.639242758087152e-18,0.20333877322848576
78,10,400497,flow,12,404520,flow,2,0.0009139559945832082,0.010207574706823834,-0.07434724781210986
78,10,400497,flow,12,404520,flow,3,2.683721451133231e-13,1.764638762388974e-11,-0.16298158916838995
78,10,400497,flow,12,404520,flow,4,9.347311403739317e-09,3.670944114923077e-07,-0.1283976868494952
78,10,400497,flow,12,404520,flow,6,1.9979675643626135e-16,1.69239605451892e-14,0.1830551420338892
78,10,400497,flow,12,404520,flow,7,1.5032886047774401e-06,3.984175934134075e-05,0.10770487008885901
78,10,400497,flow,12,404520,flow,11,3.448747267606402e-08,1.2415490163383048e-06,0.123401739713034
78,10,400497,flow,12,404520,flow,12,8.0074222210618245e-28,1.1051777634181176e-25,0.24183346410744125
78,10,400497,flow,13,400183,flow,1,5.682404670948818e-05,0.0009675990610366139,0.09020503175221081
78,10,400497,flow,13,400183,flow,7,0.003583590865547019,0.03029571925472235,0.06532962416316294
78,10,400497,flow,13,400183,flow,12,0.00014127925576035524,0.0021074806107898294,0.08530036062493772
78,10,400497,flow,14,401469,flow,1,2.594257578810275e-07,8.091835913689812e-06,0.11526699573579133
78,10,400497,flow,14,401469,flow,2,7.972055463525822e-08,2.703240157176731e-06,0.12008856398411598
78,10,400497,flow,14,401469,flow,5,0.00055565202204481,0.006765548859170178,0.07740181122828575
78,10,400497,flow,14,401469,flow,6,5.044330386382285e-10,2.3482227660745118e-08,0.13893195920094556
78,10,400497,flow,14,401469,flow,7,5.2657303951179455e-11,2.8083895440629045e-09,0.14657073303183396
78,10,400497,flow,14,401469,flow,12,2.1791663201734877e-10,1.0565654885689637e-08,0.14181721429683752
78,10,400497,flow,15,401472,flow,1,2.123227833741992e-40,3.8378009379771573e-38,0.2922307072174135
78,10,400497,flow,15,401472,flow,2,2.8286924826661754e-40,5.091646468799115e-38,0.2917801578385159
78,10,400497,flow,15,401472,flow,3,9.20637753562836e-26,1.1766731051453998e-23,0.23239345593608288
78,10,400497,flow,15,401472,flow,4,7.185396639474279e-14,4.966546157204622e-12,0.16687216560897478
78,10,400497,flow,15,401472,flow,5,3.871067458784341e-13,2.5034448236449632e-11,0.16193521871617128
78,10,400497,flow,15,401472,flow,6,9.106542956579088e-17,8.094704850292523e-15,0.18510499696026272
78,10,400497,flow,15,401472,flow,7,1.127641011191582e-24,1.380002597265619e-22,0.22723459620082187
78,10,400497,flow,15,401472,flow,8,3.696142235844585e-16,3.0588763331127603e-14,0.18143342649431235
78,10,400497,flow,15,401472,flow,9,8.239196544103269e-07,2.3339887915099096e-05,0.11034888844805808
78,10,400497,flow,15,401472,flow,10,0.0008578410640350194,0.009702198320443106,0.07474230182915031
78,10,400497,flow,15,401472,flow,11,2.6062521290816193e-05,0.0004923047309852468,0.09421572984706075
78,10,400497,flow,15,401472,flow,12,1.520971494991611e-13,1.0171202567126561e-11,0.1646925012715411
78,10,400497,flow,16,405838,flow,1,2.921822171703903e-09,1.2266542061963907e-07,0.13269263104141626
78,10,400497,flow,16,405838,flow,2,1.0058775143887772e-07,3.3555141792737587e-06,0.11915341537100645
78,10,400497,flow,16,405838,flow,7,1.3235948156260884e-07,4.325211500381772e-06,0.11804016144520436
78,10,400497,flow,16,405838,flow,8,0.002656088834887537,0.023840232218396346,0.06739530069651486
78,10,400497,flow,16,405838,flow,10,0.00023068590799163116,0.0032272121843388815,-0.08255056115958676
78,10,400497,flow,16,405838,flow,11,1.5785028302446872e-06,4.168910328168753e-05,-0.10748748904109641
78,10,400497,flow,17,400260,flow,1,1.930620430645459e-12,1.1615989220596634e-10,0.15707712060728987
78,10,400497,flow,17,400260,flow,2,0.0001228443194525313,0.001873234945410996,0.08606987581992182
78,10,400497,flow,17,400260,flow,6,0.0007401285471374127,0.008595041192563503,0.07565545097166276
78,10,400497,flow,17,400260,flow,7,0.0026908247981535264,0.02407198825434507,0.06730681694471444
78,10,400497,flow,17,400260,flow,9,0.0034043853979216923,0.02907660126338812,-0.06568737169278088
78,10,400497,flow,17,400260,flow,12,0.0002186579346787833,0.0030829056064371535,0.08285488407889935
78,10,400497,flow,18,404528,flow,1,5.463212120094475e-13,3.4605683810569107e-11,0.16090623367886545
78,10,400497,flow,18,404528,flow,2,1.10490345244652e-07,3.654810807480066e-06,0.11877373015964547
78,10,400497,flow,18,404528,flow,7,0.000362544709954759,0.00472171584867217,0.07993980032381195
78,10,400497,flow,18,404528,flow,12,7.006365733518435e-06,0.00015715212860228266,0.10063841714293228
78,10,400497,flow,19,401795,flow,1,6.667526267902861e-07,1.9292507352538753e-05,0.11126523632826253
78,10,400497,flow,19,401795,flow,2,0.0011206898748175546,0.011997714094819149,0.0730631498990078
78,10,400497,flow,19,401795,flow,9,0.0021724637456533567,0.020394543430616155,-0.0687515781650428
78,10,400497,flow,19,401795,flow,10,0.0005153780293638355,0.006341307567222356,-0.07785438635878275
78,10,400497,occupancy,1,400125,flow,1,1.2026692803244575e-09,5.301562541838425e-08,0.13588110898321012
78,10,400497,occupancy,1,400125,flow,2,4.491199067410108e-07,1.3408417395446901e-05,0.1129568898673737
78,10,400497,occupancy,1,400125,flow,9,0.00654988636819315,0.04802112902820575,-0.060992020749925234
78,10,400497,occupancy,1,400125,flow,12,3.19853704232109e-10,1.518426376134847e-08,0.14050534350905602
78,10,400497,occupancy,2,400331,flow,2,0.0006510380043317104,0.007743623840068802,0.07644111118830348
78,10,400497,occupancy,3,400039,flow,1,1.3679341615648081e-10,6.816004126828109e-09,0.14339297106400756
78,10,400497,occupancy,3,400039,flow,2,4.0472165008797744e-07,1.2183954901603222e-05,0.1133985024016885
78,10,400497,occupancy,3,400039,flow,12,0.0011555090476082167,0.012295071639575115,0.0728687669371851
78,10,400497,occupancy,4,400316,flow,1,1.3481022285477297e-18,1.2913085648173377e-16,0.19571379483126447
78,10,400497,occupancy,4,400316,flow,3,1.444492678272773e-06,3.8543597097828165e-05,-0.1078822038409099
78,10,400497,occupancy,4,400316,flow,4,5.503522224068948e-08,1.9345171690787514e-06,-0.12156454948973136
78,10,400497,occupancy,4,400316,flow,6,6.251784851943452e-05,0.0010537538260006131,0.0897023284359699
78,10,400497,occupancy,4,400316,flow,7,1.9837962248058543e-06,5.095124667753443e-05,0.10646431781611826
78,10,400497,occupancy,4,400316,flow,11,5.4212132761666266e-05,0.0009293508473428502,0.0904517988563861
78,10,400497,occupancy,4,400316,flow,12,3.8252233703466165e-21,4.1941535431211627e-19,0.20954358881741073
78,10,400497,occupancy,5,400503,flow,1,2.736713554005093e-13,1.7940216317605467e-11,0.162964288993441
78,10,400497,occupancy,5,400503,flow,2,2.711696034852008e-08,9.944420093854563e-07,0.12433656777082468
78,10,400497,occupancy,5,400503,flow,7,1.1659897671886031e-05,0.000245679120006246,0.09819482793934939
78,10,400497,occupancy,5,400503,flow,8,7.194916807639715e-06,0.0001611303297511849,0.10051239111799153
78,10,400497,occupancy,5,400503,flow,12,0.000584406657194246,0.007057972488339789,0.0770970048974263
78,10,400497,occupancy,6,405843,flow,1,1.3977840238199153e-18,1.3359351732084145e-16,0.19562523360986522
78,10,400497,occupancy,6,405843,flow,3,1.520265120315117e-06,4.0217668828911855e-05,-0.1076549065769213
78,10,400497,occupancy,6,405843,flow,4,1.3490009855190706e-05,0.0002779057824245296,-0.09748482282655194
78,10,400497,occupancy,6,405843,flow,6,7.185158922092108e-09,2.8687510668611746e-07,0.12938156016134653
78,10,400497,occupancy,6,405843,flow,7,4.865373738958938e-08,1.721409873243457e-06,0.12205161600397071
78,10,400497,occupancy,6,405843,flow,9,2.919380102305396e-06,7.206698309691035e-05,-0.10471300620168118
78,10,400497,occupancy,6,405843,flow,10,0.00018852348631439848,0.002705656755552319,-0.08369239089269667
78,10,400497,occupancy,6,405843,flow,12,9.044643894825425e-16,7.195738789253376e-14,0.17904702176586837
78,10,400497,occupancy,7,408093,flow,1,0.0002400727782171764,0.0033401430012824545,0.0823232300642083
78,10,400497,occupancy,7,408093,flow,3,0.001698511141806173,0.01675626429002664,0.07038148454193853
78,10,400497,occupancy,8,401448,flow,1,0.0018982468496518438,0.01833732423246998,0.06964927391096842
78,10,400497,occupancy,9,402391,flow,1,4.554234516547064e-08,1.61795173614172e-06,0.12231201361442205
78,10,400497,occupancy,9,402391,flow,2,6.918028124822909e-10,3.135979170958549e-08,0.13783060011919412
78,10,400497,occupancy,9,402391,flow,3,2.1708424057614428e-05,0.0004209173784959351,0.0951336278371221
78,10,400497,occupancy,9,402391,flow,8,0.0001766026607653037,0.0025635870111092476,0.08405891791647616
78,10,400497,occupancy,10,400497,flow,1,5.371121497332124e-77,1.5892633471558067e-74,0.39952536189353854
78,10,400497,occupancy,10,400497,flow,2,0.0014592405099257827,0.014846192105954111,-0.07137090210762673
78,10,400497,occupancy,10,400497,flow,3,3.180768819090833e-45,6.1618481159069046e-43,-0.3090842783663313
78,10,400497,occupancy,10,400497,flow,4,2.4105095243379766e-13,1.5898322358992456e-11,-0.16333927913222168
78,10,400497,occupancy,10,400497,flow,5,8.834478871324985e-19,8.634603783738447e-17,0.19674487641990437
78,10,400497,occupancy,10,400497,flow,6,1.607917946894253e-92,5.3846554500644745e-90,0.43507893791009816
78,10,400497,occupancy,10,400497,flow,7,1.975772187672213e-27,2.6756538717065705e-25,0.24006804427313033
78,10,400497,occupancy,10,400497,flow,8,3.238659844379786e-20,3.404138814530578e-18,-0.20462145719900224
78,10,400497,occupancy,10,400497,flow,9,1.219064612005178e-50,2.568955670176765e-48,-0.3267777899001005
78,10,400497,occupancy,10,400497,flow,10,1.408078351870067e-23,1.6665475287886819e-21,-0.2219035333928372
78,10,400497,occupancy,10,400497,flow,11,2.5572657261477155e-30,3.8226255837225367e-28,0.2527465539390791
78,10,400497,occupancy,10,400497,flow,12,1.8303039462887485e-166,1.4376205541758897e-163,0.5630063356068132
78,10,400497,occupancy,11,405841,flow,1,2.0650067662124188e-07,6.544995766718744e-06,0.11621440044260817
78,10,400497,occupancy,11,405841,flow,4,5.444946447897791e-07,1.6023275650489412e-05,-0.11213550737322293
78,10,400497,occupancy,11,405841,flow,6,2.1487642645443403e-07,6.785571361718969e-06,0.11604984563745341
78,10,400497,occupancy,11,405841,flow,7,1.516603150578286e-07,4.91762916411918e-06,0.11748431149875864
78,10,400497,occupancy,11,405841,flow,10,4.343294487222896e-06,0.00010275483124207509,-0.1028828940643538
78,10,400497,occupancy,11,405841,flow,12,1.7020487928878186e-06,4.464390276427065e-05,0.10715114054062072
78,10,400497,occupancy,12,404520,flow,1,4.2497189069791145e-23,4.921926455268036e-21,0.2195267943495316
78,10,400497,occupancy,12,404520,flow,3,4.172293905391904e-21,4.563116372479247e-19,-0.20934587806338545
78,10,400497,occupancy,12,404520,flow,4,4.039021018636568e-15,3.024015736656841e-13,-0.17498110235479244
78,10,400497,occupancy,12,404520,flow,6,7.1093864775853755e-12,4.062506558620215e-10,0.15302119521285376
78,10,400497,occupancy,12,404520,flow,7,7.893274428992007e-15,5.769703135912939e-13,0.1731286213007352
78,10,400497,occupancy,12,404520,flow,11,2.665858966079328e-09,1.1224669330860328e-07,0.1330254405594563
78,10,400497,occupancy,12,404520,flow,12,9.352945737105279e-30,1.3837234789142056e-27,0.25033028774917476
78,10,400497,occupancy,13,400183,flow,12,0.0057669184369095045,0.04365356167417042,0.06192892562346135
78,10,400497,occupancy,14,401469,flow,1,1.51862461706659e-05,0.00030685025003403504,0.0969044514796219
78,10,400497,occupancy,14,401469,flow,2,0.006071125844260288,0.04547029065049314,0.06155205061010417
78,10,400497,occupancy,14,401469,flow,6,6.572687454832426e-06,0.00014850423538115105,0.10094104625865634
78,10,400497,occupancy,14,401469,flow,7,6.240448467305996e-07,1.8129614915105517e-05,0.11155035538195927
78,10,400497,occupancy,14,401469,flow,10,0.0003789403335835098,0.0049100847063010275,-0.07968025424524015
78,10,400497,occupancy,14,401469,flow,12,8.844763511626645e-05,0.0014146382217781232,0.08785364514983754
78,10,400497,occupancy,15,401472,flow,1,5.464451712294269e-21,5.961220049775567e-19,0.20873040930970457
78,10,400497,occupancy,15,401472,flow,2,1.3613997378096124e-24,1.6566892584049369e-22,0.22684150910946413
78,10,400497,occupancy,15,401472,flow,3,6.622844200381158e-14,4.592405609253066e-12,0.1671073811579172
78,10,400497,occupancy,15,401472,flow,4,4.271154570925763e-07,1.2813463712777289e-05,0.1131702249652159
78,10,400497,occupancy,15,401472,flow,5,8.76769677026128e-07,2.4723531362616664e-05,0.11007833546921768
78,10,400497,occupancy,15,401472,flow,6,5.559589564761245e-11,2.9469235484378623e-09,0.1463918230614147
78,10,400497,occupancy,15,401472,flow,7,7.151918551932927e-17,6.423344728555144e-15,0.18573059274647014
78,10,400497,occupancy,15,401472,flow,8,2.304608478508144e-14,1.645604731761187e-12,0.170122908636265
78,10,400497,occupancy,15,401472,flow,9,1.0230123698236889e-05,0.00021889120543032867,0.09882784380906437
78,10,400497,occupancy,15,401472,flow,12,6.712405885090404e-10,3.0588178716867667e-08,0.13793618517691497
78,10,400497,occupancy,16,405838,flow,1,1.361159772389645e-20,1.4700525541808165e-18,0.20658296255529576
78,10,400497,occupancy,16,405838,flow,3,7.282362868769574e-08,2.4889088285668165e-06,-0.12045060918288607
78,10,400497,occupancy,16,405838,flow,4,5.642765300108363e-08,1.973825594855719e-06,-0.12146557307353557
78,10,400497,occupancy,16,405838,flow,5,1.8933389526219698e-08,7.106189639727985e-07,-0.12572064833934793
78,10,400497,occupancy,16,405838,flow,7,2.1439214517415373e-05,0.0004162580077089187,0.09519598831338667
78,10,400497,occupancy,16,405838,flow,9,0.0037513363543226165,0.03138220962562685,-0.06500919597537895
78,10,400497,occupancy,16,405838,flow,10,8.972991561803146e-10,4.021091654252032e-08,-0.13691713126305644
78,10,400497,occupancy,16,405838,flow,11,5.290413237210204e-09,2.156092941957366e-07,-0.13051727587372314
78,10,400497,occupancy,17,400260,flow,1,2.758911104318601e-10,1.316960880735509e-08,0.14101223958570752
78,10,400497,occupancy,17,400260,flow,2,2.1730337103337114e-05,0.0004211532359193196,0.09512858425987197
78,10,400497,occupancy,17,400260,flow,7,0.0011027732865797378,0.011847750803343614,0.07316535625896127
78,10,400497,occupancy,17,400260,flow,9,0.0059514213666627975,0.04479118519857715,-0.06169827505494386
78,10,400497,occupancy,18,404528,flow,1,3.0470399978790555e-12,1.795799835039225e-10,0.15566946157906097
78,10,400497,occupancy,18,404528,flow,2,6.580865716640547e-06,0.00014861129062146975,0.10093516483488486
78,10,400497,occupancy,18,404528,flow,4,0.0017077258228289376,0.016827955188460333,-0.07034600476987504
78,10,400497,occupancy,18,404528,flow,8,0.00394418849391481,0.03267285578851769,0.06465650995591937
78,10,400497,occupancy,18,404528,flow,10,0.000699884078839711,0.008218263714562522,-0.07599881912087622
78,10,400497,occupancy,18,404528,flow,12,0.0022058545278239063,0.02063957452934649,0.06864946199081022
78,10,400497,occupancy,19,401795,flow,1,5.020440254172043e-06,0.00011710746165239324,0.10220774611430157
78,10,400497,occupancy,19,401795,flow,2,0.0001120808746408845,0.0017354257055674693,0.08657115664643136
78,10,400497,occupancy,19,401795,flow,4,0.005266361539819941,0.04074992271542566,-0.06258994012071638
78,10,400497,occupancy,19,401795,flow,10,8.13689920086546e-05,0.0013209847631619235,-0.08830134548983136
78,10,400497,speed,1,400125,flow,3,0.003823319468504423,0.03190407592029961,-0.06487566903244658
78,10,400497,speed,1,400125,flow,4,0.005728057169124016,0.04346558390610378,-0.061978353107401164
78,10,400497,speed,1,400125,flow,5,0.0007100540538990763,0.008307227307456356,-0.07591035054578707
78,10,400497,speed,1,400125,flow,6,0.00014782452790232934,0.0021937545879012806,-0.08504976047861906
78,10,400497,speed,1,400125,flow,10,0.004318936412780648,0.03505129683113357,0.0640137581570146
78,10,400497,speed,1,400125,flow,11,1.7557317824626317e-07,5.610030547513734e-06,0.11688359015799082
78,10,400497,speed,1,400125,flow,12,2.7146323957741798e-05,0.0005094357927777782,0.09401000910470067
78,10,400497,speed,2,400331,flow,2,0.0012817411554539406,0.013365005531163463,-0.07220668291783183
78,10,400497,speed,2,400331,flow,12,0.0026895488743410574,0.02406555745060764,-0.06731004863341743
78,10,400497,speed,3,400039,flow,2,0.0011738486156533106,0.012447290180712571,-0.07276854866295672
78,10,400497,speed,3,400039,flow,3,0.006418817925036984,0.047279272695924586,-0.061141579541588977
78,10,400497,speed,3,400039,flow,5,0.0012561059041491713,0.013138928585773415,-0.07233611410533046
78,10,400497,speed,3,400039,flow,6,0.0009155667240088485,0.01022292129159531,-0.07433624319583797
78,10,400497,speed,3,400039,flow,10,0.00047835600419721504,0.005958759913875343,0.07830047628631925
78,10,400497,speed,4,400316,flow,1,0.0020515169604332227,0.01947025744118859,-0.06913390818181303
78,10,400497,speed,4,400316,flow,8,0.0058841617836092935,0.044371422671124844,0.061781601794826044
78,10,400497,speed,4,400316,flow,12,0.006587689667742348,0.04821894165477286,-0.06094938420170738
78,10,400497,speed,5,400503,flow,1,0.00043988591468646887,0.005563708720571178,-0.07879949347216994
78,10,400497,speed,6,405843,flow,1,0.0019103842406969973,0.018417451282773997,-0.06960709555826373
78,10,400497,speed,6,405843,flow,4,0.0010287564110050152,0.011208644881567883,-0.07360454296773106
78,10,400497,speed,6,405843,flow,12,3.7730604398272715e-05,0.000674932550726866,-0.09233210695315157
78,10,400497,speed,7,408093,flow,3,0.0011659131349297193,0.012378335568681217,-0.07281173409690594
78,10,400497,speed,7,408093,flow,4,0.00148882177440075,0.015076676196463292,-0.07124081184034059
78,10,400497,speed,7,408093,flow,5,0.0004945752474371915,0.0061237175950950625,-0.07810122144338531
78,10,400497,speed,7,408093,flow,6,6.891209261579093e-05,0.0011498657400549124,-0.0891870123708171
78,10,400497,speed,9,402391,flow,2,0.006034621485828143,0.045253980473080845,-0.06159636520633374
78,10,400497,speed,9,402391,flow,3,4.553284272504977e-05,0.0007973323087645521,-0.09136140907017569
78,10,400497,speed,10,400497,flow,1,1.873915031677673e-08,7.039402553780477e-07,-0.12576016001181803
78,10,400497,speed,10,400497,flow,2,1.094564556602692e-05,0.00023224552478013895,-0.0985011864583017
78,10,400497,speed,10,400497,flow,3,0.004692483734206927,0.03738065596860395,-0.06342151996941864
78,10,400497,speed,10,400497,flow,5,0.00023267204461353147,0.0032528907208105367,-0.08250174652679308
78,10,400497,speed,10,400497,flow,6,2.3650402318067685e-06,5.960894866630829e-05,-0.10567092962385263
78,10,400497,speed,10,400497,flow,9,0.0002836549828358643,0.0038558512455976516,0.08136623586112891
78,10,400497,speed,10,400497,flow,10,0.006526819394864001,0.04790326161368074,0.06101814566070322
78,10,400497,speed,10,400497,flow,12,4.220415598466326e-05,0.0007456930627965042,-0.09175460014122237
78,10,400497,speed,11,405841,flow,1,0.001929345310627278,0.018571238284112838,-0.0695416940074975
78,10,400497,speed,11,405841,flow,11,0.002412625094708573,0.022105069796693605,-0.06804694097377229
78,10,400497,speed,11,405841,flow,12,0.0022872464966799547,0.021258401173961716,-0.06840635798885576
78,10,400497,speed,12,404520,flow,1,1.4379893603773017e-12,8.761796948984406e-11,-0.15797912338869669
78,10,400497,speed,12,404520,flow,2,8.801699452864696e-06,0.00019271840667194873,-0.09955091361838808
78,10,400497,speed,12,404520,flow,8,3.643612967421744e-05,0.0006558503341359138,0.09251136117189254
78,10,400497,speed,12,404520,flow,12,1.0768952445959821e-05,0.00022939780358257608,-0.09857991490710936
78,10,400497,speed,15,401472,flow,1,1.9451608997661257e-05,0.00038143872387606277,-0.09568089469151755
78,10,400497,speed,15,401472,flow,2,5.045676872375141e-08,1.783741742116253e-06,-0.1219080052672729
78,10,400497,speed,15,401472,flow,3,4.429369446719423e-08,1.5761841853235509e-06,-0.12242139339806861
78,10,400497,speed,15,401472,flow,4,2.5836306075448304e-08,9.52328005511405e-07,-0.12452383947281027
78,10,400497,speed,15,401472,flow,5,1.2537708364613221e-11,7.08447609595092e-10,-0.15122172294711658
78,10,400497,speed,15,401472,flow,6,4.359966376100341e-11,2.3485105666774906e-09,-0.14719090748150482
78,10,400497,speed,15,401472,flow,7,3.9969187855827025e-10,1.8829541061850898e-08,-0.1397379654131529
78,10,400497,speed,15,401472,flow,8,5.585294671627367e-08,1.956891563781851e-06,-0.12150613440062367
78,10,400497,speed,15,401472,flow,9,6.755311050531442e-07,1.9520363704545704e-05,-0.11120881579338
78,10,400497,speed,15,401472,flow,10,2.825325977674346e-05,0.0005277290142301507,-0.09380780083284444
78,10,400497,speed,15,401472,flow,11,7.822417499265749e-07,2.22321339452816e-05,-0.11057429899993781
78,10,400497,speed,15,401472,flow,12,9.511274827797242e-11,4.822618222545081e-09,-0.14461086504744364
78,10,400497,speed,16,405838,flow,3,0.0036093237546360687,0.030471523588094226,0.06527959540223767
78,10,400497,speed,17,400260,flow,7,0.0030660715920530802,0.026801758959266102,-0.06641216637375894
78,10,400497,speed,17,400260,flow,11,6.6527154129595e-06,0.00015007692210958245,0.1008837921714359
78,10,400497,speed,17,400260,flow,12,1.2725907326241513e-05,0.0002645616922491017,0.09776936363271807
78,10,400497,speed,19,401795,flow,7,0.00040493190907847773,0.005184664633132851,-0.07928954715416885
78,10,400497,speed,19,401795,flow,8,0.0014573538096295613,0.014834515687086958,-0.07137928144813774
78,11,405841,flow,0,400593,flow,3,0.005723390990125403,0.043439231364056224,0.06198430830606698
78,11,405841,flow,0,400593,flow,5,0.0060782359258486525,0.0455137248793238,0.061543447218107054
78,11,405841,flow,0,400593,flow,6,1.2589637134949926e-06,3.422733317997715e-05,0.10849111376427362
78,11,405841,flow,0,400593,flow,8,0.0006873127607674253,0.008094850399441869,0.07610984181600645
78,11,405841,flow,1,400125,flow,6,0.0004457023002484771,0.005615147089744594,0.07872149509455577
78,11,405841,flow,2,400331,flow,5,0.0011131323405499524,0.011932336752297256,0.07310607691705326
78,11,405841,flow,2,400331,flow,6,0.002524585313101142,0.022941120220018794,0.06774014883956427
78,11,405841,flow,2,400331,flow,7,0.006278023657373351,0.046527813003693394,0.061305326640727326
78,11,405841,flow,2,400331,flow,12,0.0002912543362852182,0.003935623186587872,0.08121363354331505
78,11,405841,flow,3,400039,flow,2,0.001962763834892732,0.018792626230086748,0.06942784747440084
78,11,405841,flow,3,400039,flow,6,0.001148635491039915,0.012233987478531638,0.07290670693987734
78,11,405841,flow,5,400503,flow,1,0.0006655423149158333,0.007883583220280778,0.07630664547720918
78,11,405841,flow,5,400503,flow,3,0.006390772497916993,0.04712090321044787,0.061173937676062086
78,11,405841,flow,6,405843,flow,1,0.0035507302037606522,0.03007541990166889,0.0653939873258299
78,11,405841,flow,6,405843,flow,5,0.005449237820844429,0.04187992774603795,0.062342118688653476
78,11,405841,flow,6,405843,flow,6,0.0001260349240430129,0.0019106475651188223,0.08592922679544603
78,11,405841,flow,6,405843,flow,12,0.000311815549200384,0.004165266880196348,0.08081869932702776
78,11,405841,flow,7,408093,flow,2,0.006216235013951102,0.04623645878145448,0.06137823336786193
78,11,405841,flow,7,408093,flow,3,0.000769651613876914,0.008864022852434735,0.07541440886309142
78,11,405841,flow,8,401448,flow,9,0.0014011709028046862,0.014360755160418136,0.07163349884984194
78,11,405841,flow,9,402391,flow,4,0.0016780818382826383,0.016577136532075376,-0.07046077975965813
78,11,405841,flow,10,400497,flow,5,4.844530315642742e-06,0.00011318751197175038,0.10237434185865861
78,11,405841,flow,10,400497,flow,6,5.5407458201318796e-06,0.00012800011734208407,0.10174581267450875
78,11,405841,flow,10,400497,flow,7,0.0058376165062480855,0.044096001585927136,0.061839769648910976
78,11,405841,flow,10,400497,flow,11,0.0006342975755356248,0.007575796312728502,0.07659981256679145
78,11,405841,flow,10,400497,flow,12,3.3898898455406284e-05,0.0006163436082801143,0.09288095749226635
78,11,405841,flow,11,405841,flow,1,1.5022717815211367e-45,2.9365674643309096e-43,0.30996048035234997
78,11,405841,flow,11,405841,flow,2,9.562115177054152e-17,8.430272972423253e-15,0.1848867560567609
78,11,405841,flow,11,405841,flow,3,5.700059283890928e-19,5.621976280002012e-17,0.19775908395797323
78,11,405841,flow,11,405841,flow,4,1.4565836739954102e-10,7.241014351737828e-09,0.14318148779855147
78,11,405841,flow,11,405841,flow,5,1.2974004180656353e-07,4.249256865840443e-06,0.11812157246813525
78,11,405841,flow,11,405841,flow,6,1.5578229022571687e-08,5.90851179784984e-07,0.1264659675623038
78,11,405841,flow,11,405841,flow,11,0.00016266931366588723,0.0023853748643470223,0.0845180191255408
78,11,405841,flow,11,405841,flow,12,0.0015532312501260219,0.015561129407570535,0.07096559527855505
78,11,405841,flow,12,404520,flow,1,0.005788376895404401,0.043785305880138355,0.06190176116876797
78,11,405841,flow,12,404520,flow,6,0.0028735239453067047,0.02540651543946984,0.06685791790167597
78,11,405841,flow,12,404520,flow,12,0.002705527795523115,0.02418849353613381,0.06726967748155577
78,11,405841,flow,13,400183,flow,4,2.7442906751609054e-08,1.003096536679466e-06,0.12429027385621265
78,11,405841,flow,13,400183,flow,5,0.0007408444722362868,0.008601043053106045,0.07564950102195775
78,11,405841,flow,13,400183,flow,6,0.0024660109161390477,0.022517791498035695,0.067899065707335
78,11,405841,flow,13,400183,flow,9,5.687590380814544e-07,1.6682065406714262e-05,0.1119487392593019
78,11,405841,flow,13,400183,flow,11,2.1068177460111773e-05,0.00040979075473967965,0.09528316838616559
78,11,405841,flow,13,400183,flow,12,0.005644902918596368,0.04297089093979966,0.062085139974603507
78,11,405841,flow,14,401469,flow,1,6.507042195758796e-05,0.0010920909978895882,0.08949088966492418
78,11,405841,flow,14,401469,flow,9,0.00040597480808979167,0.005194920542769344,0.07927436374482903
78,11,405841,flow,15,401472,flow,1,0.0001947234115980282,0.0027799244484583005,0.08351028600656545
78,11,405841,flow,15,401472,flow,2,0.0007770614970102649,0.008932692035881705,0.07535525840991798
78,11,405841,flow,15,401472,flow,3,0.004584812755444874,0.03668379854253233,0.0635877159391391
78,11,405841,flow,15,401472,flow,5,0.0003894335935653048,0.005014465347845355,0.0795195942682359
78,11,405841,flow,15,401472,flow,6,2.38086035414312e-06,5.997269230261387e-05,0.10564072773709625
78,11,405841,flow,15,401472,flow,7,7.82991957098123e-05,0.0012798052420219038,0.08850704769309048
78,11,405841,flow,15,401472,flow,8,0.0017194830817561955,0.01692103690227416,0.07030098976890634
78,11,405841,flow,15,401472,flow,12,8.08482321123592e-05,0.0013137856536614711,0.08833571883514461
78,11,405841,flow,17,400260,flow,3,0.005738641419003962,0.043484095455694816,0.061964861174274445
78,11,405841,flow,19,401795,flow,3,0.00040609367298453876,0.005194920542769344,0.07927263552065748
78,11,405841,flow,19,401795,flow,12,0.004211018028650869,0.034375274970288285,-0.06419349972577756
78,11,405841,occupancy,0,400593,flow,6,2.711152745481309e-05,0.0005094357927777782,0.09401649173368064
78,11,405841,occupancy,0,400593,flow,7,0.0026550646688780414,0.023840232218396346,0.06739792558405791
78,11,405841,occupancy,0,400593,flow,8,0.0019347404303808895,0.018610729590838218,0.06952319264584327
78,11,405841,occupancy,0,400593,flow,9,0.005400840590827872,0.04163710217332111,0.06240696437206518
78,11,405841,occupancy,0,400593,flow,11,0.002474487705847076,0.022580876403167235,0.06787585532839614
78,11,405841,occupancy,2,400331,flow,2,0.0011953874813703642,0.012621619136476324,0.07265267727124002
78,11,405841,occupancy,2,400331,flow,3,0.0028933861064062167,0.025546942706076766,0.06681069700723201
78,11,405841,occupancy,2,400331,flow,4,0.0037600909447461587,0.03143718382292124,0.06499283275022656
78,11,405841,occupancy,2,400331,flow,5,7.704344405539177e-05,0.0012621451585866229,0.08859339730830804
78,11,405841,occupancy,2,400331,flow,6,0.0009115061146131152,0.010185479604574903,0.07436402004256827
78,11,405841,occupancy,2,400331,flow,12,5.77755080440446e-05,0.0009822518486826946,0.09011780092800903
78,11,405841,occupancy,3,400039,flow,6,0.0031225840112105514,0.02722496837096131,0.06628618220575172
78,11,405841,occupancy,4,400316,flow,6,0.006767785875574611,0.04914905823403353,0.06074923226657941
78,11,405841,occupancy,5,400503,flow,1,0.0020857814608522805,0.019734069012005806,0.06902353958267059
78,11,405841,occupancy,5,400503,flow,5,0.00013990444598844596,0.0020884146740500573,0.08535438429800585
78,11,405841,occupancy,7,408093,flow,2,7.655630584998793e-05,0.0012551674957039121,0.08862725295319053
78,11,405841,occupancy,7,408093,flow,3,0.0014605463245648033,0.014846192105954111,0.07136510847594779
78,11,405841,occupancy,7,408093,flow,7,0.00016965675503120608,0.0024775970657090404,0.08428335286267075
78,11,405841,occupancy,10,400497,flow,4,1.354100452540046e-05,0.0002785378853216822,0.0974663842371954
78,11,405841,occupancy,10,400497,flow,5,5.608804028808362e-05,0.0009569523461473982,0.09027346301596179
78,11,405841,occupancy,10,400497,flow,7,0.0032852749139890398,0.028274645534224777,0.06593475348933153
78,11,405841,occupancy,10,400497,flow,10,0.000806140671589876,0.009203297307791397,0.07512807486822813
78,11,405841,occupancy,10,400497,flow,11,0.00011979150114201998,0.0018357548241700117,0.08620771030663216
78,11,405841,occupancy,11,405841,flow,1,7.357470841578965e-07,2.1049188103060347e-05,-0.11081206874124355
78,11,405841,occupancy,11,405841,flow,2,9.352431273544908e-07,2.6061316029862165e-05,-0.1097692047908711
78,11,405841,occupancy,11,405841,flow,4,6.262515300231571e-08,2.1778041606335984e-06,0.12105193005399313
78,11,405841,occupancy,11,405841,flow,5,1.1947015178706015e-05,0.0002512712053165043,0.09807669581385682
78,11,405841,occupancy,11,405841,flow,6,9.996929536702833e-07,2.7595358209940086e-05,0.10950527760950764
78,11,405841,occupancy,11,405841,flow,10,0.00035016430458473014,0.004585358580800346,0.0801431567872316
78,11,405841,occupancy,11,405841,flow,11,0.0005812384553619257,0.007027568226038396,0.07712989600357363
78,11,405841,occupancy,12,404520,flow,6,0.0014893793914029071,0.0150787883076179,0.07123838252508616
78,11,405841,occupancy,13,400183,flow,4,6.937226422887648e-05,0.0011570972257480556,0.08915169302271914
78,11,405841,occupancy,13,400183,flow,6,0.00012622467870093446,0.0019126292949422548,0.08592096801671736
78,11,405841,occupancy,13,400183,flow,9,2.901058876684215e-05,0.0005399644268537617,0.09367374807042815
78,11,405841,occupancy,13,400183,flow,11,0.0013107073287815486,0.013604650793696034,0.0720632765955031
78,11,405841,occupancy,14,401469,flow,1,0.0012636373701786308,0.01320071445313952,0.07229783716927449
78,11,405841,occupancy,15,401472,flow,1,1.3510675798539639e-06,3.638785501851075e-05,0.10817877646378297
78,11,405841,occupancy,15,401472,flow,2,3.2877678244642976e-06,8.01985149728163e-05,0.10416872866778552
78,11,405841,occupancy,15,401472,flow,3,2.0920081025277663e-06,5.33499114694212e-05,0.10622519099657471
78,11,405841,occupancy,15,401472,flow,4,8.665537854647399e-06,0.00019002600777703942,0.09962559149323762
78,11,405841,occupancy,15,401472,flow,5,3.0706151672431505e-06,7.532684567001935e-05,0.10448201289290682
78,11,405841,occupancy,15,401472,flow,6,5.4525940499030535e-08,1.9181764084349502e-06,0.12160135686116477
78,11,405841,occupancy,15,401472,flow,7,4.223713589616957e-06,0.00010042070834972621,0.10301251176432849
78,11,405841,occupancy,15,401472,flow,8,4.164523837581922e-06,9.910338081629353e-05,0.103077975155947
78,11,405841,occupancy,15,401472,flow,9,6.982291766277685e-05,0.0011632665032903818,0.08911731823652437
78,11,405841,occupancy,15,401472,flow,10,0.00017191093914570925,0.0025032366710496337,0.08420958422417364
78,11,405841,occupancy,15,401472,flow,11,2.2660021862470262e-05,0.00043623571499942754,0.09491894169607015
78,11,405841,occupancy,15,401472,flow,12,5.1676839615181837e-08,1.8209131087894414e-06,0.12181361997960433
78,11,405841,speed,10,400497,flow,2,0.005463452014984876,0.04193315661716841,0.06232317230567071
78,11,405841,speed,11,405841,flow,12,0.004859708048646458,0.03836611617352467,0.06317011634293862
78,11,405841,speed,18,404528,flow,12,0.003394653795130731,0.029004953312825862,0.06570728546676745
78,12,404520,flow,0,400593,flow,12,0.0006050871286363488,0.0072792436527681055,0.07688629613359994
78,12,404520,flow,1,400125,flow,1,0.003255366324738273,0.028115118998139423,0.0659981522496612
78,12,404520,flow,1,400125,flow,2,1.4851424129339942e-09,6.474081961528612e-08,0.13513004916391647
78,12,404520,flow,1,400125,flow,3,7.150599546501971e-05,0.0011862745791431841,0.08899076495372035
78,12,404520,flow,1,400125,flow,4,1.4432992140128858e-07,4.691536948484324e-06,0.11768690643361539
78,12,404520,flow,1,400125,flow,5,1.7910841760811902e-05,0.00035428038647759803,0.09609041037591878
78,12,404520,flow,1,400125,flow,6,1.400615484880674e-06,3.748859290386934e-05,0.1080191199513861
78,12,404520,flow,1,400125,flow,7,0.0005162159639489106,0.006344389656498702,0.07784463952658702
78,12,404520,flow,1,400125,flow,10,3.0478854212178217e-06,7.485426389801585e-05,-0.10451602391384048
78,12,404520,flow,2,400331,flow,1,0.002707923789983248,0.024204905385325125,0.067263642719735
78,12,404520,flow,2,400331,flow,3,6.382427853774279e-05,0.0010724266172036127,0.089593112701207
78,12,404520,flow,2,400331,flow,12,0.0009201685438784287,0.010268995374721809,0.07430490172370452
78,12,404520,flow,3,400039,flow,1,9.369319281457329e-17,8.311182606960096e-15,0.1849853767013148
78,12,404520,flow,3,400039,flow,3,3.956906202196272e-06,9.486034846552663e-05,-0.10331486209166671
78,12,404520,flow,3,400039,flow,4,0.00013794371715579126,0.0020627097892454765,-0.0854323027546738
78,12,404520,flow,3,400039,flow,5,8.543883978727416e-06,0.00018793064556060305,-0.0996932665679741
78,12,404520,flow,3,400039,flow,8,5.816210825990642e-16,4.731832536399167e-14,-0.18022854320862353
78,12,404520,flow,3,400039,flow,9,2.4045468711481065e-08,8.901150371345175e-07,-0.12480140084790033
78,12,404520,flow,3,400039,flow,10,2.7123306580035926e-05,0.0005094357927777782,-0.09401429638428602
78,12,404520,flow,3,400039,flow,12,0.0005173989347863221,0.006357120017852422,0.07783090429889095
78,12,404520,flow,4,400316,flow,1,0.0,0.0,0.7936852385108282
78,12,404520,flow,4,400316,flow,2,0.00064187535471275,0.007653606216834336,-0.07650827074040153
78,12,404520,flow,4,400316,flow,3,1.5105917989001765e-12,9.178279284456769e-11,-0.15782867469453787
78,12,404520,flow,4,400316,flow,4,2.6750903989709383e-06,6.665831456157168e-05,-0.10511154320576191
78,12,404520,flow,4,400316,flow,8,1.9964490872946398e-08,7.480190856125623e-07,-0.1254858958241269
78,12,404520,flow,4,400316,flow,11,0.0006206843282152839,0.0074316970562362155,0.07671248657787076
78,12,404520,flow,4,400316,flow,12,6.941977407349053e-12,3.972098331092438e-10,0.15305818928470752
78,12,404520,flow,5,400503,flow,1,2.222695887934769e-07,7.008792872903797e-06,0.11590966271910455
78,12,404520,flow,5,400503,flow,2,5.900594609731453e-10,2.7117626291531788e-08,0.13838635810557065
78,12,404520,flow,5,400503,flow,3,0.0031990953453263898,0.02772729483831625,0.06611888374490259
78,12,404520,flow,5,400503,flow,5,0.006652885147674532,0.04857134910819579,0.06087636715128827
78,12,404520,flow,5,400503,flow,7,0.0012326387010170572,0.01294360522215286,0.07245675357936378
78,12,404520,flow,5,400503,flow,12,1.0976455415260807e-06,3.0145128667467696e-05,0.10909525843420893
78,12,404520,flow,6,405843,flow,1,0.0026755150441647845,0.023979719897908442,0.06734568651796766
78,12,404520,flow,6,405843,flow,2,0.004773700535548476,0.0378461851964937,0.06329842474101872
78,12,404520,flow,6,405843,flow,9,1.2615238176643366e-05,0.00026314741150699827,-0.09781191946150723
78,12,404520,flow,6,405843,flow,12,3.5922827190899574e-09,1.4864618147958446e-07,0.1319396973570239
78,12,404520,flow,7,408093,flow,1,0.005652053323893993,0.04301016445168584,0.062075901884944024
78,12,404520,flow,7,408093,flow,2,0.00015300304503031623,0.002258193216709826,0.08485878061235788
78,12,404520,flow,7,408093,flow,3,0.002991072565681344,0.026239542948601896,0.06658267150889238
78,12,404520,flow,7,408093,flow,4,7.09133134078484e-05,0.0011787053248245674,0.08903500537075955
78,12,404520,flow,7,408093,flow,7,0.0013942207022334377,0.014296305325536319,0.07166559738076007
78,12,404520,flow,7,408093,flow,12,0.0010577795913367513,0.01147447992016284,0.0734289535698109
78,12,404520,flow,9,402391,flow,1,1.2371642426956794e-09,5.44251479475085e-08,0.13578067417582046
78,12,404520,flow,9,402391,flow,2,8.186900739621741e-18,7.638749718178385e-16,0.19124701361104865
78,12,404520,flow,9,402391,flow,3,5.817861096051634e-07,1.7004844340286238e-05,0.11185161056766375
78,12,404520,flow,9,402391,flow,4,3.223340727936316e-09,1.3381728223640563e-07,0.13233520323980452
78,12,404520,flow,9,402391,flow,5,1.892914896522784e-06,4.8966421275319925e-05,0.10667502756329143
78,12,404520,flow,9,402391,flow,7,0.004046671552854737,0.03331736441458445,0.06447541175550114
78,12,404520,flow,9,402391,flow,12,5.6135678752905636e-09,2.2770528846249047e-07,0.130298067495306
78,12,404520,flow,10,400497,flow,1,1.4430121200397874e-26,1.9005525483450858e-24,0.23607217787041657
78,12,404520,flow,10,400497,flow,2,6.070257822044814e-16,4.910770372890186e-14,-0.18011448992619594
78,12,404520,flow,10,400497,flow,3,9.42066134993574e-08,3.167101714530926e-06,-0.11941774144759632
78,12,404520,flow,10,400497,flow,5,0.004996432429511749,0.03916637288240021,0.06297031192466074
78,12,404520,flow,10,400497,flow,7,4.371675351906989e-05,0.0007692724040830221,-0.09157241493313424
78,12,404520,flow,10,400497,flow,8,3.1811305923817706e-23,3.714184907861959e-21,-0.22015262560854473
78,12,404520,flow,10,400497,flow,9,1.0430999134496926e-23,1.2413751036095516e-21,-0.22254433530090176
78,12,404520,flow,10,400497,flow,11,3.710223268246525e-15,2.7826674511848937e-13,0.17521442456949665
78,12,404520,flow,10,400497,flow,12,9.731147831433399e-40,1.7158595359915215e-37,0.2898303362796063
78,12,404520,flow,11,405841,flow,6,0.003188445769403555,0.027653253812132822,0.06614195019407094
78,12,404520,flow,12,404520,flow,1,0.0,0.0,0.831612218593823
78,12,404520,flow,12,404520,flow,2,3.611984455896563e-06,8.726942309548743e-05,-0.10368409432744398
78,12,404520,flow,12,404520,flow,3,5.643433293068316e-19,5.578863118090418e-17,-0.19778322957331573
78,12,404520,flow,12,404520,flow,4,1.953788616134065e-09,8.373379783431706e-08,-0.13411395397760947
78,12,404520,flow,12,404520,flow,8,0.0011023081398693732,0.011847750803343614,-0.07316803009906132
78,12,404520,flow,12,404520,flow,10,4.233599643906126e-06,0.00010060038757796737,0.10300166355647661
78,12,404520,flow,12,404520,flow,11,1.0697775268959315e-17,9.938578314388008e-16,0.19057523451624167
78,12,404520,flow,12,404520,flow,12,3.199290602634834e-29,4.6535136038324856e-27,0.24801438640362555
78,12,404520,flow,13,400183,flow,3,0.0004955277333309089,0.006131709420206896,0.07808971024905424
78,12,404520,flow,14,401469,flow,6,0.0015236429531731881,0.015338453834915491,0.07109069306413757
78,12,404520,flow,14,401469,flow,11,0.004647838109628745,0.03707285936779205,0.06349000983277292
78,12,404520,flow,15,401472,flow,1,1.9001633367432202e-06,4.9095129274705215e-05,0.10665786931642601
78,12,404520,flow,15,401472,flow,2,7.057660266133022e-09,2.8204525762899773e-07,0.12944825384351555
78,12,404520,flow,15,401472,flow,3,3.91287729249866e-07,1.1804210826532272e-05,0.11354136288352648
78,12,404520,flow,15,401472,flow,4,0.00045315915351722483,0.005699119485282129,0.07862287494961255
78,12,404520,flow,15,401472,flow,5,1.2684705016793039e-05,0.0002640863887833539,0.09778516585890021
78,12,404520,flow,15,401472,flow,6,3.730503026812903e-07,1.1317256373477345e-05,0.11374306680043807
78,12,404520,flow,15,401472,flow,7,6.310371951063579e-08,2.186111213199251e-06,0.12102165829267696
78,12,404520,flow,16,405838,flow,7,0.00010502270710464804,0.0016361272798127641,0.08692513529929588
78,12,404520,flow,17,400260,flow,1,0.001932464456599206,0.018592976508927772,0.06953099181124597
78,12,404520,flow,17,400260,flow,5,0.0013093212900457728,0.013600067258951042,0.0720700717307419
78,12,404520,flow,17,400260,flow,6,2.933159175776762e-06,7.232447282737222e-05,0.10469149095474178
78,12,404520,flow,17,400260,flow,10,2.8998512392919536e-07,8.97375168606106e-06,-0.11480187331501705
78,12,404520,flow,18,404528,flow,1,1.1481119281480397e-11,6.51753420446719e-10,0.15150237496498403
78,12,404520,flow,18,404528,flow,2,2.934581828262754e-07,9.061753751318868e-06,0.11475203924039715
78,12,404520,flow,18,404528,flow,3,2.075039707417134e-08,7.747771422681089e-07,0.1253689931002892
78,12,404520,flow,19,401795,flow,1,0.00492142321707972,0.038719814571541535,0.06307930697685794
78,12,404520,flow,19,401795,flow,8,0.00012055729561765524,0.0018455262830200942,-0.08617282645678251
78,12,404520,flow,19,401795,flow,10,1.6292127285152931e-06,4.295226513247748e-05,-0.10734647577596515
78,12,404520,occupancy,1,400125,flow,1,1.1577140839322557e-15,9.076814596347268e-14,0.17838288455162132
78,12,404520,occupancy,1,400125,flow,2,1.8148892991595592e-08,6.82954858220322e-07,0.1258827144767196
78,12,404520,occupancy,1,400125,flow,3,0.0003476023424548252,0.004558719245309183,0.08018607660405902
78,12,404520,occupancy,1,400125,flow,10,2.371613261087968e-11,1.3018258307369787e-09,0.14917386485857367
78,12,404520,occupancy,1,400125,flow,11,3.2252749603450115e-18,3.0355529038541284e-16,0.19356724437243972
78,12,404520,occupancy,1,400125,flow,12,2.0763168143637625e-19,2.0859741018724313e-17,0.200235254398879
78,12,404520,occupancy,2,400331,flow,1,0.0015956178319675022,0.015919328023324734,0.07079015506415726
78,12,404520,occupancy,2,400331,flow,8,0.0009589087815524186,0.010586470575789543,0.07404666173470831
78,12,404520,occupancy,2,400331,flow,9,5.74459212902805e-06,0.000132073645542316,0.10157607213111643
78,12,404520,occupancy,2,400331,flow,10,6.733004751221637e-08,2.319504029128985e-06,0.12076357744530196
78,12,404520,occupancy,2,400331,flow,11,6.547955205865869e-10,2.98702919634008e-08,0.13802292358566956
78,12,404520,occupancy,2,400331,flow,12,8.5952545223464e-06,0.00018867631878321367,0.0996645780128553
78,12,404520,occupancy,3,400039,flow,1,8.407791793093205e-13,5.233668666594041e-11,0.1596090339371343
78,12,404520,occupancy,3,400039,flow,2,6.235081529340369e-06,0.00014184071725513637,0.10119015352270691
78,12,404520,occupancy,3,400039,flow,10,0.0003454351553369779,0.004539944846534057,0.08022261433940082
78,12,404520,occupancy,3,400039,flow,11,3.292305649228233e-06,8.021861480353055e-05,0.10416239584065484
78,12,404520,occupancy,3,400039,flow,12,0.00019227894207852794,0.0027523029482413542,0.08358142595445665
78,12,404520,occupancy,4,400316,flow,8,2.4931621936130633e-05,0.000473426842919052,0.09443924602639976
78,12,404520,occupancy,4,400316,flow,9,3.7849813351021935e-16,3.1204426274124956e-14,0.18137050956533152
78,12,404520,occupancy,4,400316,flow,10,1.621803666979103e-25,2.042621528090299e-23,0.23123854636918906
78,12,404520,occupancy,4,400316,flow,11,1.190277924897046e-18,1.1503357126521786e-16,0.1960181631500426
78,12,404520,occupancy,4,400316,flow,12,2.7642772103815156e-06,6.859091067689917e-05,0.10496214356668201
78,12,404520,occupancy,5,400503,flow,1,1.2275814497261912e-08,4.739188438621221e-07,0.12737053847681204
78,12,404520,occupancy,5,400503,flow,2,4.663760304977753e-06,0.00010931874399079703,0.10255168407810832
78,12,404520,occupancy,5,400503,flow,3,0.003511734913546722,0.02984594693394027,0.06547107253329168
78,12,404520,occupancy,5,400503,flow,4,0.00029187677076426176,0.00394156814536296,0.0812013001537936
78,12,404520,occupancy,5,400503,flow,5,1.6827795918153135e-05,0.0003351624385078006,0.09639886151437894
78,12,404520,occupancy,5,400503,flow,6,1.3290249818222337e-05,0.00027431380417926657,0.09755769751792757
78,12,404520,occupancy,5,400503,flow,7,6.043894094697294e-07,1.7605949082327924e-05,0.11168794923730677
78,12,404520,occupancy,5,400503,flow,8,1.845393035651693e-05,0.0003635247566810449,0.09594236534416746
78,12,404520,occupancy,5,400503,flow,9,6.689093595020971e-09,2.685584045584628e-07,0.12964784678763197
78,12,404520,occupancy,5,400503,flow,10,1.668008054706824e-12,1.0106304062178793e-10,0.15752544984251288
78,12,404520,occupancy,5,400503,flow,11,2.007915620329467e-14,1.4385067130718569e-12,0.17051255581731972
78,12,404520,occupancy,5,400503,flow,12,5.2553590004997236e-14,3.679603060317472e-12,0.16777281446033815
78,12,404520,occupancy,6,405843,flow,4,0.0005440014623385147,0.006649932986141436,0.07752950779488643
78,12,404520,occupancy,6,405843,flow,5,0.00036105289081174864,0.004705123644967584,0.07996395755428151
78,12,404520,occupancy,6,405843,flow,9,2.819797340923007e-07,8.738539822659533e-06,0.1149189702862393
78,12,404520,occupancy,6,405843,flow,10,6.29371090308945e-15,4.639732269854338e-13,0.17375703162432565
78,12,404520,occupancy,6,405843,flow,11,1.7615223576424957e-11,9.781203836780954e-10,0.15013280879278837
78,12,404520,occupancy,6,405843,flow,12,0.0023533267685421798,0.021718375646447803,0.06821474366514255
78,12,404520,occupancy,7,408093,flow,1,6.051585264543352e-15,4.4765151271964526e-13,0.1738656556578954
78,12,404520,occupancy,7,408093,flow,2,1.0328424718413782e-12,6.374113540506791e-11,0.15898618966873176
78,12,404520,occupancy,7,408093,flow,3,6.032752567595879e-10,2.766612642464352e-08,0.13830910611188194
78,12,404520,occupancy,7,408093,flow,4,1.7376157667552295e-07,5.5603704536167345e-06,0.1169262430261202
78,12,404520,occupancy,7,408093,flow,5,1.0170508179252984e-05,0.00021772346548252177,0.09885603607728387
78,12,404520,occupancy,7,408093,flow,6,0.0002962909827091936,0.00399368812887275,0.08111453342191527
78,12,404520,occupancy,7,408093,flow,7,7.244156310143482e-05,0.001198573544995015,0.0889216305112871
78,12,404520,occupancy,7,408093,flow,8,2.308193149913989e-06,5.831224799782709e-05,0.10578107850483286
78,12,404520,occupancy,7,408093,flow,9,2.3421055196032517e-09,9.958558902250047e-08,0.13349405503942668
78,12,404520,occupancy,7,408093,flow,10,2.052857100149262e-10,9.986872379104519e-09,0.1420202502909382
78,12,404520,occupancy,7,408093,flow,11,5.610912769380676e-09,2.2770528846249047e-07,0.13029981805189314
78,12,404520,occupancy,7,408093,flow,12,2.744583579525761e-08,1.003096536679466e-06,0.12428986026819609
78,12,404520,occupancy,8,401448,flow,1,0.0003319758221330451,0.004385735631849403,0.08045444884993638
78,12,404520,occupancy,8,401448,flow,11,0.005735790402231847,0.043484095455694816,0.06196849320843434
78,12,404520,occupancy,9,402391,flow,1,1.2560637412928242e-27,1.7117335528028395e-25,0.2409552579064422
78,12,404520,occupancy,9,402391,flow,2,1.3676652155351804e-16,1.1816627462223958e-14,0.18404694457646512
78,12,404520,occupancy,9,402391,flow,3,1.3747463315279691e-08,5.264985950532648e-07,0.12694143436679628
78,12,404520,occupancy,9,402391,flow,4,5.875810089151331e-06,0.00013473195108882032,0.10146983025900307
78,12,404520,occupancy,9,402391,flow,5,0.0002258280641929884,0.0031684872923472226,0.08267163702898499
78,12,404520,occupancy,9,402391,flow,6,3.0395939419444367e-06,7.469309345392472e-05,0.10452849118880647
78,12,404520,occupancy,9,402391,flow,7,8.861590978090619e-07,2.4907009125147344e-05,0.11003191632559478
78,12,404520,occupancy,9,402391,flow,8,1.661444758209336e-09,7.191825005475283e-08,0.13472900534043092
78,12,404520,occupancy,9,402391,flow,9,2.1431119020432565e-13,1.4243451410502873e-11,0.1636858906287439
78,12,404520,occupancy,9,402391,flow,10,4.1672579065386665e-20,4.317159270083223e-18,0.2040322059997767
78,12,404520,occupancy,9,402391,flow,11,4.1064957087120365e-25,5.068588989038857e-23,0.22932984074933913
78,12,404520,occupancy,9,402391,flow,12,3.582897245992927e-23,4.160783898572432e-21,0.2198958520453967
78,12,404520,occupancy,10,400497,flow,1,6.572189170147911e-05,0.001100886282087591,0.08943818331482534
78,12,404520,occupancy,10,400497,flow,3,6.91369458557014e-10,3.135979170958549e-08,0.1378327936163434
78,12,404520,occupancy,10,400497,flow,4,1.2306144907769338e-18,1.184021069077139e-16,0.19593674437275874
78,12,404520,occupancy,10,400497,flow,5,3.994677412087478e-12,2.3320278946240415e-10,0.15482801322393844
78,12,404520,occupancy,10,400497,flow,8,2.7784905500215917e-06,6.886448179055236e-05,0.10493876235105545
78,12,404520,occupancy,10,400497,flow,9,2.959679572600215e-41,5.4177185396749695e-39,0.2953035210624185
78,12,404520,occupancy,10,400497,flow,10,3.6283552819649694e-90,1.1610736902287902e-87,0.4299564973036289
78,12,404520,occupancy,10,400497,flow,11,2.7666223637182923e-66,7.156771623510792e-64,0.3721889011890971
78,12,404520,occupancy,10,400497,flow,12,6.177753789029051e-06,0.0001408332262195541,0.10123373032222906
78,12,404520,occupancy,12,404520,flow,2,5.691982502198338e-07,1.6682065406714262e-05,-0.11194542977778124
78,12,404520,occupancy,12,404520,flow,5,9.881617532719922e-06,0.00021227542387543543,0.0989949266218353
78,12,404520,occupancy,12,404520,flow,6,1.5783274629691e-07,5.0921393876224885e-06,0.11732092887775121
78,12,404520,occupancy,12,404520,flow,7,1.0262410817463501e-09,4.551705824583401e-08,0.1364431889235809
78,12,404520,occupancy,12,404520,flow,8,1.6109861170612975e-16,1.3753873568586571e-14,0.18361916418465876
78,12,404520,occupancy,12,404520,flow,9,9.432644036486966e-29,1.3404283630797268e-26,0.24595815824216208
78,12,404520,occupancy,12,404520,flow,10,1.2520626621182393e-33,2.025809251067713e-31,0.26645275168147775
78,12,404520,occupancy,12,404520,flow,11,7.31409590417961e-16,5.851276723343687e-14,0.17961633050091025
78,12,404520,occupancy,14,401469,flow,1,0.0002618198101296786,0.003598815623003294,0.0818270241554668
78,12,404520,occupancy,14,401469,flow,2,0.001525644720830847,0.015345250742699091,0.07108215948422399
78,12,404520,occupancy,14,401469,flow,3,0.0018694800523570418,0.01812422312877563,0.06975023774341821
78,12,404520,occupancy,14,401469,flow,4,0.00032035979750953783,0.004259631656636514,0.08066171042230975
78,12,404520,occupancy,14,401469,flow,5,0.000832849113044016,0.009465688419758351,0.07492601123316335
78,12,404520,occupancy,14,401469,flow,10,0.0021153713498348573,0.01995284766656459,0.06892955741187107
78,12,404520,occupancy,14,401469,flow,11,0.00017112161601124081,0.0024949219749192046,0.08423531100004605
78,12,404520,occupancy,14,401469,flow,12,7.256652315562476e-05,0.001199263121776201,0.088912460458662
78,12,404520,occupancy,15,401472,flow,1,2.3979586579785155e-62,5.62998989264521e-60,0.361441136159779
78,12,404520,occupancy,15,401472,flow,2,5.5346315294984845e-65,1.3820582778863268e-62,0.36868285844502147
78,12,404520,occupancy,15,401472,flow,3,8.933758602873172e-65,2.1681930991242758e-62,0.36811847218088284
78,12,404520,occupancy,15,401472,flow,4,1.4043775901559487e-61,3.1434773002454393e-59,0.35929717119688753
78,12,404520,occupancy,15,401472,flow,5,8.070956502878575e-57,1.7520870398208766e-54,0.34562125073111644
78,12,404520,occupancy,15,401472,flow,6,9.97335604484438e-45,1.9064114209614035e-42,0.3074011519979414
78,12,404520,occupancy,15,401472,flow,7,3.590231626306678e-33,5.681245650419359e-31,0.26460621235978554
78,12,404520,occupancy,15,401472,flow,8,7.493199459323375e-29,1.0718748895455954e-26,0.24639749845780354
78,12,404520,occupancy,15,401472,flow,9,1.1867549323140206e-33,1.9346344556968182e-31,0.2665462646192349
78,12,404520,occupancy,15,401472,flow,10,7.011107816435892e-49,1.4354495624172064e-46,0.3211593020199235
78,12,404520,occupancy,15,401472,flow,11,2.9599848626038884e-66,7.566351838135382e-64,0.3721103200035432
78,12,404520,occupancy,15,401472,flow,12,1.1105815763205501e-72,3.115397668639465e-70,0.3888229600247966
78,12,404520,occupancy,16,405838,flow,1,9.950962438144544e-08,3.3246835060158105e-06,0.11919691493404778
78,12,404520,occupancy,16,405838,flow,2,0.004735735581981341,0.03762417144361647,0.0633557281345606
78,12,404520,occupancy,16,405838,flow,5,0.002752948426274064,0.024511000003099664,0.06715113689235766
78,12,404520,occupancy,16,405838,flow,9,0.0038699852774814613,0.03217539722617381,-0.06479031942462028
78,12,404520,occupancy,17,400260,flow,1,5.712506309529763e-12,3.2860222712607965e-10,0.15370938938814296
78,12,404520,occupancy,17,400260,flow,2,7.280691630162855e-08,2.4889088285668165e-06,0.12045152615864006
78,12,404520,occupancy,17,400260,flow,3,3.853754643846519e-05,0.0006879429777445026,0.09222329366297441
78,12,404520,occupancy,17,400260,flow,4,0.0007769975471956215,0.008932692035881705,0.07535576665617748
78,12,404520,occupancy,17,400260,flow,11,4.129704391035667e-06,9.840222266560442e-05,0.10311690264832324
78,12,404520,occupancy,17,400260,flow,12,9.177273557598984e-06,0.00019932539853608652,0.0993505082858236
78,12,404520,occupancy,18,404528,flow,1,3.842600614744991e-09,1.5824627889130943e-07,0.13169326515892088
78,12,404520,occupancy,18,404528,flow,2,0.0014965999532584675,0.015137700299874924,0.07120700080711388
78,12,404520,occupancy,18,404528,flow,9,0.003759052816129054,0.031434588009441565,0.06499477130947853
78,12,404520,occupancy,18,404528,flow,10,1.3862945542211837e-06,3.71282856431216e-05,0.10806470086681283
78,12,404520,occupancy,18,404528,flow,11,1.1388903015583301e-10,5.707663692264485e-09,0.14400837450302667
78,12,404520,occupancy,18,404528,flow,12,2.819006288947843e-10,1.3426799523985315e-08,0.14093847876822665
78,12,404520,occupancy,19,401795,flow,1,0.002989354564996695,0.026231996182786356,0.06658662273320473
78,12,404520,speed,0,400593,flow,6,0.001112162781637586,0.011924902498571286,-0.07311160351609738
78,12,404520,speed,0,400593,flow,7,0.0054416178678646,0.041858598983573844,-0.06235229383836308
78,12,404520,speed,0,400593,flow,9,3.7590086095810525e-05,0.0006732552733578005,-0.0923512807272995
78,12,404520,speed,2,400331,flow,9,2.38491846835331e-06,6.003990549700641e-05,-0.10563301149907843
78,12,404520,speed,2,400331,flow,10,5.336096597117587e-05,0.0009165780238388857,-0.0905346511674632
78,12,404520,speed,2,400331,flow,11,1.1403196987840873e-07,3.7583965837556587e-06,-0.1186458876826901
78,12,404520,speed,2,400331,flow,12,1.179081183542355e-09,5.2028914329958873e-08,-0.13595141633601834
78,12,404520,speed,4,400316,flow,1,0.0061401152357947785,0.04584392986283001,0.06146895164708958
78,12,404520,speed,4,400316,flow,3,0.006101867920294543,0.04564950426510423,0.06151491680297681
78,12,404520,speed,4,400316,flow,10,0.00043805556277407953,0.005546307242626095,-0.07882423775246873
78,12,404520,speed,4,400316,flow,11,2.2514709780097977e-07,7.078787912845494e-06,-0.11585631575992579
78,12,404520,speed,5,400503,flow,1,0.0011402043333318596,0.012161354709137333,-0.07295353183873338
78,12,404520,speed,6,405843,flow,5,9.785444312594569e-05,0.0015405655769099322,-0.08730838383874459
78,12,404520,speed,6,405843,flow,10,0.0029199666570182904,0.02572365049488943,-0.06674796407954228
78,12,404520,speed,6,405843,flow,11,0.0019358595511536044,0.0186162495822447,-0.06951936079909737
78,12,404520,speed,7,408093,flow,1,0.0014217866130787652,0.014534117767392963,-0.07153914368242914
78,12,404520,speed,7,408093,flow,2,0.0009035450759507788,0.010114834745030745,-0.07441881217862283
78,12,404520,speed,7,408093,flow,5,0.0005155517522113566,0.00634163886546999,-0.07785236440717001
78,12,404520,speed,10,400497,flow,4,0.00013819870935516314,0.0020658076969353105,-0.08542211072927174
78,12,404520,speed,10,400497,flow,5,2.6295771978850366e-07,8.190175555056496e-06,-0.11521061078247771
78,12,404520,speed,10,400497,flow,6,0.00011989477759676274,0.0018366859546738122,-0.08620299357003806
78,12,404520,speed,10,400497,flow,7,0.000883699925243949,0.009949397125498721,-0.07455736839114405
78,12,404520,speed,10,400497,flow,10,2.0174441456334644e-10,9.836747978709443e-09,-0.14207936616684305
78,12,404520,speed,10,400497,flow,11,5.889734878508852e-10,2.7096543850008777e-08,-0.13839278089773763
78,12,404520,speed,10,400497,flow,12,2.407655706684422e-07,7.547948224148551e-06,-0.11557777075490426
78,12,404520,speed,11,405841,flow,11,0.0006647819654669888,0.007876736398292353,-0.07631362653683171
78,12,404520,speed,11,405841,flow,12,0.0037101775882631242,0.031125995579137443,-0.0650865938426788
78,12,404520,speed,12,404520,flow,3,0.0011418498580117035,0.012173720105159326,0.07294436787535312
78,12,404520,speed,12,404520,flow,7,0.004468345486520035,0.03599338523544015,-0.06377151447732936
78,12,404520,speed,12,404520,flow,8,0.004547963054987675,0.03643768619723063,-0.06364540737348647
78,12,404520,speed,12,404520,flow,10,0.003578242007314939,0.03025642096613924,-0.06534006415487859
78,12,404520,speed,12,404520,flow,11,0.00015830290895848997,0.0023276670071500226,-0.08466952038640672
78,12,404520,speed,14,401469,flow,1,1.536906132178604e-05,0.0003099642619519873,-0.09682134606783471
78,12,404520,speed,15,401472,flow,1,2.1087604786439244e-17,1.9465481341328533e-15,-0.18885967849078059
78,12,404520,speed,15,401472,flow,2,1.4640679370647878e-13,9.805850369178113e-12,-0.16480404523392342
78,12,404520,speed,15,401472,flow,3,4.107668027495921e-13,2.6445791175532608e-11,-0.16175849909779116
78,12,404520,speed,15,401472,flow,4,7.452803139001104e-19,7.333965731317715e-17,-0.1971582000931964
78,12,404520,speed,15,401472,flow,5,4.152852584470646e-20,4.317159270083223e-18,-0.20404031210127194
78,12,404520,speed,15,401472,flow,6,2.727486433928112e-15,2.1003104090141611e-13,-0.17605729909406562
78,12,404520,speed,15,401472,flow,7,2.7095443640681415e-17,2.479921960333553e-15,-0.18822183998270614
78,12,404520,speed,15,401472,flow,8,9.406459666310239e-17,8.327029868536932e-15,-0.1850209282445169
78,12,404520,speed,15,401472,flow,9,4.968133566843557e-15,3.706793956608664e-13,-0.17441082757383336
78,12,404520,speed,15,401472,flow,10,1.2623721340348926e-14,9.18088824752649e-13,-0.17181806095202296
78,12,404520,speed,15,401472,flow,11,1.2837037054734807e-22,1.47098143438871e-20,-0.21712002715122702
78,12,404520,speed,15,401472,flow,12,4.513839828128708e-20,4.653887364562296e-18,-0.2038450942857158
78,12,404520,speed,17,400260,flow,1,0.0009813999249320068,0.010790653285075768,-0.07390113402735268
78,12,404520,speed,19,401795,flow,1,2.845982702866164e-08,1.0383990942890057e-06,-0.12414919343235181
78,12,404520,speed,19,401795,flow,2,5.9971718043031e-07,1.7505258239587428e-05,-0.11172128991391864
78,12,404520,speed,19,401795,flow,3,0.00023585342830371878,0.0032920413902166887,-0.08242436379656909
78,12,404520,speed,19,401795,flow,4,0.0002387057991239108,0.003323264750935529,-0.08235581148899593
78,12,404520,speed,19,401795,flow,6,0.004854588750176303,0.038332705905248815,-0.06317769576322728
78,13,400183,flow,0,400593,flow,1,1.0034860365662417e-05,0.00021524626007776387,0.09892077635113573
78,13,400183,flow,0,400593,flow,3,0.004128553527448733,0.03384959430362218,0.06433368340379589
78,13,400183,flow,0,400593,flow,4,0.0005099973974098627,0.006285845240543814,0.07791732769856438
78,13,400183,flow,0,400593,flow,6,2.6906188954349844e-05,0.0005073537157694951,0.09405490827128295
78,13,400183,flow,0,400593,flow,7,0.0025900549284192213,0.023403131752292482,0.06756646491467129
78,13,400183,flow,0,400593,flow,8,3.1690230374575194e-05,0.0005833054760041109,0.09322472990514022
78,13,400183,flow,0,400593,flow,9,2.242828757833191e-06,5.686044738168654e-05,0.1059109946112775
78,13,400183,flow,1,400125,flow,8,0.0009135741168716343,0.010205948241234705,0.07434985946085439
78,13,400183,flow,3,400039,flow,3,0.0015440119058586627,0.015495523725786317,0.0710043372638464
78,13,400183,flow,3,400039,flow,4,0.005187622197479694,0.04030692615146207,0.06269904205529996
78,13,400183,flow,3,400039,flow,9,0.004055492965593908,0.033377271120910046,0.06446001851922224
78,13,400183,flow,3,400039,flow,12,0.0009429773534295353,0.010461382041128897,0.07415166905752785
78,13,400183,flow,6,405843,flow,8,1.8048435978657267e-06,4.694114595291956e-05,0.10688870156707475
78,13,400183,flow,7,408093,flow,1,7.384759720698052e-05,0.0012167109837305716,0.08881930158495206
78,13,400183,flow,7,408093,flow,5,0.0021719718615997997,0.020394543430616155,0.0687530931686948
78,13,400183,flow,7,408093,flow,10,0.0004676601899788654,0.005850831221282069,0.07843535016316633
78,13,400183,flow,7,408093,flow,11,0.0016676056774238023,0.016477713921479474,0.0705017872302323
78,13,400183,flow,7,408093,flow,12,0.004958872607761221,0.038947370327178946,0.06302470344707721
78,13,400183,flow,9,402391,flow,2,0.004558123511481597,0.03649878326153939,0.06362945816638534
78,13,400183,flow,9,402391,flow,11,0.0011031382391127034,0.011848724994945,0.07316325910257562
78,13,400183,flow,10,400497,flow,12,8.471261962710657e-05,0.0013619594967960564,0.08808547248941723
78,13,400183,flow,11,405841,flow,1,0.0004794460120445104,0.005968895596634827,0.07828688955322817
78,13,400183,flow,11,405841,flow,2,0.0004383972501109727,0.005549007091940821,0.07881961121536832
78,13,400183,flow,11,405841,flow,4,0.0011904631575757648,0.012586394617541127,0.07267899739750015
78,13,400183,flow,11,405841,flow,8,0.0015010784106412,0.015168792360163705,0.07118760667857003
78,13,400183,flow,11,405841,flow,9,0.0017094180005047866,0.016840788511244417,0.07033950841792672
78,13,400183,flow,11,405841,flow,10,0.0003461076755834528,0.0045446509537110415,0.08021125309631914
78,13,400183,flow,13,400183,flow,1,9.922302243377766e-10,4.428134885474375e-08,0.13649415436854995
78,13,400183,flow,13,400183,flow,2,4.355235141615183e-36,7.292486748751005e-34,0.27600185477569406
78,13,400183,flow,13,400183,flow,3,7.963097702434236e-35,1.318029964540839e-32,0.27114881535168855
78,13,400183,flow,13,400183,flow,4,5.305053883169413e-10,2.461636173500737e-08,0.1387221979344034
78,13,400183,flow,13,400183,flow,5,9.776110097429532e-05,0.0015396571498685957,0.08731354693697126
78,13,400183,flow,13,400183,flow,7,0.00013330686231642253,0.002002402214176639,0.08562079906751623
78,13,400183,flow,13,400183,flow,8,1.240582105234235e-09,5.451998672036516e-08,0.13577087178070749
78,13,400183,flow,13,400183,flow,9,0.0028125169251225963,0.02495393944655908,0.06700484289785066
78,13,400183,flow,14,401469,flow,8,0.0014981811872355883,0.015150146837213815,0.07120014711939061
78,13,400183,flow,15,401472,flow,1,0.00023837386851493188,0.003319713449337542,0.08236374931997767
78,13,400183,flow,15,401472,flow,2,0.00038364089084248217,0.004953698815004507,0.07960777787923992
78,13,400183,flow,15,401472,flow,3,0.00037795522755936927,0.0049002598531106695,0.07969554964410147
78,13,400183,flow,15,401472,flow,4,0.004488837813374002,0.036104597568005374,0.06373886324524555
78,13,400183,flow,15,401472,flow,10,0.003715361654026077,0.031154953260044655,0.06507680255169843
78,13,400183,flow,15,401472,flow,11,0.001044507881320415,0.0113630673565958,0.07350868698669531
78,13,400183,flow,15,401472,flow,12,1.2224201956205172e-05,0.0002558553897810385,0.09796519080027534
78,13,400183,flow,16,405838,flow,7,0.006716178694515219,0.048877850337442304,0.06080609260811629
78,13,400183,flow,16,405838,flow,12,0.002622387067357162,0.023606401606549154,0.0674821659885381
78,13,400183,flow,17,400260,flow,5,0.003644937218631662,0.030694208156898203,0.06521088936763828
78,13,400183,flow,19,401795,flow,5,0.0003913221775286759,0.005034281735925789,0.07949110857589765
78,13,400183,flow,19,401795,flow,10,7.771392677224806e-06,0.00017269105140756507,0.10014577248213127
78,13,400183,occupancy,0,400593,flow,1,0.0007281702832257739,0.008497286935535774,0.07575563230704421
78,13,400183,occupancy,6,405843,flow,8,0.001221978953403954,0.012853540488690238,0.07251225440984341
78,13,400183,occupancy,10,400497,flow,8,0.003198513636589574,0.02772729483831625,0.06612014189017691
78,13,400183,occupancy,13,400183,flow,1,1.6703835284560537e-09,7.219277417211923e-08,0.13470979286362203
78,13,400183,occupancy,13,400183,flow,2,0.002373790071027059,0.0218419022509838,-0.06815640378156665
78,13,400183,occupancy,13,400183,flow,3,3.457305052959333e-18,3.246860397561808e-16,-0.19339521499699844
78,13,400183,occupancy,13,400183,flow,4,1.165667294865009e-19,1.1765613817329062e-17,-0.2016089357646558
78,13,400183,occupancy,13,400183,flow,8,0.0021306989970144865,0.020069619010836745,0.06888134704428267
78,13,400183,occupancy,14,401469,flow,1,0.0066599236584738005,0.0485949214299781,0.060868522715039654
78,13,400183,speed,13,400183,flow,1,0.00028656443709021195,0.00388928170980118,-0.08130736413538499
78,13,400183,speed,13,400183,flow,4,0.0066480993416625405,0.0485541659441795,0.06088170520232431
78,13,400183,speed,13,400183,flow,5,0.0038498054802315867,0.03207552492690541,0.06482711204706461
78,14,401469,flow,0,400593,flow,2,0.0010877587128185952,0.011723518561186719,0.07325219655449305
78,14,401469,flow,0,400593,flow,7,0.002429854611683433,0.02222522109352621,0.0679988920672111
78,14,401469,flow,0,400593,flow,10,0.000984365122641468,0.010820502111478733,0.07388217863914298
78,14,401469,flow,1,400125,flow,1,3.02211662086417e-06,7.434819932877686e-05,0.1045548776579174
78,14,401469,flow,2,400331,flow,1,0.0029001627408591427,0.025589671242874788,0.06679465366552688
78,14,401469,flow,3,400039,flow,1,0.0018173912126261042,0.017734121797240814,0.06993674071477428
78,14,401469,flow,3,400039,flow,10,0.0044810851413062125,0.036067243431744236,-0.0637511999820795
78,14,401469,flow,4,400316,flow,6,0.001322625106845216,0.013692624426848612,0.07200512089299388
78,14,401469,flow,5,400503,flow,1,0.0014999895607336609,0.015161335756596667,0.07119231707811399
78,14,401469,flow,5,400503,flow,6,0.00025014080915897695,0.003460161048884984,0.08208848411777137
78,14,401469,flow,6,405843,flow,1,0.004628076917031752,0.03695617796964357,0.06352051525922632
78,14,401469,flow,6,405843,flow,12,0.004709253678363044,0.037472786683603515,0.06339594579181165
78,14,401469,flow,7,408093,flow,1,0.004410326631462085,0.03562567510829508,0.06386469908355025
78,14,401469,flow,7,408093,flow,2,1.5680132013420387e-05,0.00031535461032577316,0.09674707015546014
78,14,401469,flow,7,408093,flow,12,0.0007493709343609838,0.008686027465627718,0.0755790461025132
78,14,401469,flow,8,401448,flow,10,0.0033366448750778675,0.028633901192563344,-0.06582707796794257
78,14,401469,flow,9,402391,flow,1,0.002486270817019976,0.022657894377141007,0.06784371234424659
78,14,401469,flow,10,400497,flow,1,0.003277813486435477,0.028225816507039987,0.06595052051689852
78,14,401469,flow,10,400497,flow,2,0.0033191172592328356,0.028517475258325077,-0.0658636466236602
78,14,401469,flow,10,400497,flow,5,2.739357183539438e-06,6.81290905750741e-05,0.1050034171303811
78,14,401469,flow,10,400497,flow,6,0.00010901214783000465,0.001690960425944776,0.08672239890882666
78,14,401469,flow,10,400497,flow,11,0.0003258099540576959,0.004322345671480876,0.0805636045136576
78,14,401469,flow,10,400497,flow,12,2.5050839568671997e-06,6.273601561545682e-05,0.1054100536232341
78,14,401469,flow,11,405841,flow,3,0.004289614704475346,0.03484606153315813,0.06406218813107123
78,14,401469,flow,11,405841,flow,4,0.00034737782749256357,0.00455854257219889,0.08018985191688294
78,14,401469,flow,11,405841,flow,8,0.0005806071305021585,0.0070219003464986685,0.07713647011005809
78,14,401469,flow,12,404520,flow,6,0.0005642367952082379,0.006858477645750106,0.07730930230225509
78,14,401469,flow,13,400183,flow,4,0.0023684695711538024,0.021819135819934915,0.06817152787249543
78,14,401469,flow,13,400183,flow,11,0.0009323337468308345,0.010383299268649665,0.07422274222073767
78,14,401469,flow,14,401469,flow,1,1.3561382450638956e-110,6.232465126251095e-108,0.47153048567341554
78,14,401469,flow,14,401469,flow,2,3.241413871622431e-19,3.233927927346167e-17,0.19911935413358833
78,14,401469,flow,14,401469,flow,3,1.4190511250432204e-06,3.7935030075412824e-05,0.10796109754292157
78,14,401469,flow,14,401469,flow,4,2.7437511641504065e-05,0.0005144533432782012,0.09395606790807984
78,14,401469,flow,14,401469,flow,5,4.679941832272869e-07,1.3901220073070654e-05,0.11278178201921858
78,14,401469,flow,14,401469,flow,6,8.477765808338119e-08,2.8634830564519685e-06,0.11984187443658986
78,14,401469,flow,14,401469,flow,7,0.0003628635636864707,0.004724444228829275,0.0799346491310038
78,14,401469,flow,14,401469,flow,10,0.003367569506490468,0.02884337938712231,0.06576298271000526
78,14,401469,flow,14,401469,flow,11,4.225092255978589e-05,0.0007462141678588514,0.09174887523846059
78,14,401469,flow,15,401472,flow,1,0.0025032449944143186,0.022775944346819413,0.06779765268089884
78,14,401469,flow,15,401472,flow,2,0.00388073170991093,0.03223992497464465,0.0647707971032965
78,14,401469,flow,17,400260,flow,1,0.0010742207773334614,0.011616104525858706,0.07333145137796385
78,14,401469,flow,17,400260,flow,6,0.001056478614139823,0.01146442505170569,0.07343672853199434
78,14,401469,flow,17,400260,flow,12,0.0007920784888119703,0.009078745215356093,0.0752369707578304
78,14,401469,occupancy,6,405843,flow,6,0.0013322151644064412,0.013755185253909718,0.07195867364710311
78,14,401469,occupancy,6,405843,flow,9,0.0019402831824965967,0.018635000774533787,-0.06950423424291845
78,14,401469,occupancy,6,405843,flow,11,0.0006632307944089816,0.007860513118921265,0.07632789146732588
78,14,401469,occupancy,9,402391,flow,1,0.004618688025541438,0.03688802416405808,0.06353505024767743
78,14,401469,occupancy,10,400497,flow,2,0.00018175780857972293,0.0026260659968709134,-0.08389764614836716
78,14,401469,occupancy,10,400497,flow,3,0.0008120491373291318,0.009263407111861235,-0.07508284511352936
78,14,401469,occupancy,10,400497,flow,5,7.2138273126467185e-09,2.877537764601461e-07,0.12936672235564223
78,14,401469,occupancy,10,400497,flow,6,3.571861279646719e-05,0.0006449760283919802,0.09261334053000193
78,14,401469,occupancy,10,400497,flow,8,9.385363201839215e-05,0.0014862451991182334,-0.08753396675945337
78,14,401469,occupancy,10,400497,flow,10,3.995393845996864e-06,9.56768371103462e-05,0.10327006339001815
78,14,401469,occupancy,10,400497,flow,11,3.303354770818539e-06,8.039714146442865e-05,0.1041470109910149
78,14,401469,occupancy,10,400497,flow,12,1.67920057162928e-05,0.0003350645020525861,0.09640937413364742
78,14,401469,occupancy,11,405841,flow,3,0.0012423697790200185,0.013026789915938058,-0.07240647331905378
78,14,401469,occupancy,11,405841,flow,6,8.086472345106138e-05,0.0013137856536614711,0.0883346271034009
78,14,401469,occupancy,15,401472,flow,1,0.001383773605926992,0.014199292108324478,0.07171412430419559
78,14,401469,occupancy,15,401472,flow,6,0.0002644297747107943,0.0036304957004520927,0.08177009069307946
78,14,401469,occupancy,15,401472,flow,7,5.6952605118119894e-06,0.00013128882289769367,0.10161661527806998
78,14,401469,occupancy,15,401472,flow,8,0.001176161139208748,0.012462634587642362,0.07275601447318815
78,14,401469,occupancy,15,401472,flow,11,0.004603134187430022,0.036791007751522095,0.06355918815816759
78,14,401469,occupancy,15,401472,flow,12,8.803730852543144e-05,0.001409118832270707,0.08787865684117833
78,14,401469,occupancy,16,405838,flow,1,0.0013725503569151695,0.014100874059152276,0.07176663409166688
78,14,401469,occupancy,18,404528,flow,3,0.0010373868018486948,0.011296739214974023,-0.07355185576959206
78,14,401469,speed,10,400497,flow,1,0.00402405505445349,0.033175415716105106,-0.0645150167071983
78,14,401469,speed,10,400497,flow,5,1.4285869915124609e-07,4.647210695281499e-06,-0.11772876351863526
78,14,401469,speed,10,400497,flow,6,1.5787817816861294e-06,4.168910328168753e-05,-0.10748670150150288
78,14,401469,speed,10,400497,flow,7,0.002625231076737877,0.0236221584076393,-0.06747479636389418
78,14,401469,speed,10,400497,flow,10,0.00012432817705040737,0.0018898582859175222,-0.08600404125148886
78,14,401469,speed,10,400497,flow,11,0.0006392157647485805,0.007628210231253778,-0.07655278753575485
78,14,401469,speed,10,400497,flow,12,6.358714184161549e-06,0.00014419761299515953,-0.10109746544255349
78,14,401469,speed,11,405841,flow,3,0.0063991966282671685,0.047151637041198874,0.06116420472511603
78,14,401469,speed,15,401472,flow,1,0.0009076433839502522,0.010150192644745249,-0.07439054983990694
78,14,401469,speed,15,401472,flow,6,0.00010773141017182485,0.0016753048666028917,-0.08678671043695689
78,14,401469,speed,15,401472,flow,7,1.0594448180405709e-07,3.517910541072457e-06,-0.118943758967137
78,14,401469,speed,15,401472,flow,8,7.222767986888597e-05,0.0011959508510294649,-0.08893736084155525
78,14,401469,speed,15,401472,flow,9,0.00031254031742818686,0.004173645042626792,-0.08080522748573322
78,14,401469,speed,15,401472,flow,10,0.0004835807714282725,0.006011709158475215,-0.0782356109815846
78,14,401469,speed,15,401472,flow,11,8.13045588537027e-05,0.0013204349407819386,-0.08830558719071258
78,14,401469,speed,15,401472,flow,12,5.728795513501943e-06,0.00013185080776946398,-0.10158901820262797
78,15,401472,flow,0,400593,flow,1,0.0009024841018247796,0.010108196318078942,0.07442614810566142
78,15,401472,flow,0,400593,flow,2,0.0037733704382809734,0.03153600366294023,0.06496807794584719
78,15,401472,flow,0,400593,flow,3,0.0006178705531787386,0.007405546080307837,0.07675937369083631
78,15,401472,flow,0,400593,flow,4,9.363375580177734e-07,2.6063004192247302e-05,0.1097915964280867
78,15,401472,flow,0,400593,flow,5,9.647486436215056e-09,3.7853897733377873e-07,0.12827897418099685
78,15,401472,flow,0,400593,flow,6,4.513238468676353e-08,1.6047070110849254e-06,0.12234760170830562
78,15,401472,flow,0,400593,flow,7,3.227542798969097e-05,0.0005930661374541258,0.09313148279133732
78,15,401472,flow,0,400593,flow,8,5.121985178588346e-07,1.5093435178377665e-05,0.11239694271012297
78,15,401472,flow,0,400593,flow,9,1.866372881570267e-05,0.00036732258990357873,0.0958862827592064
78,15,401472,flow,0,400593,flow,10,0.002209805029801521,0.02066311196697526,0.06863747431565309
78,15,401472,flow,0,400593,flow,11,5.923833930927948e-06,0.00013568909110078865,0.10143151369892213
78,15,401472,flow,0,400593,flow,12,2.5189096327375583e-05,0.0004774765078291466,0.09438752252368188
78,15,401472,flow,1,400125,flow,2,0.005741834794677693,0.043484095455694816,0.061960794924341304
78,15,401472,flow,1,400125,flow,3,0.000738516038128876,0.008582286874584346,0.07566887188846094
78,15,401472,flow,1,400125,flow,4,0.00020664662967826805,0.0029269293121643213,0.0831748807661514
78,15,401472,flow,1,400125,flow,5,2.945642682209241e-05,0.0005473194145008139,0.09359637763836769
78,15,401472,flow,1,400125,flow,6,0.0009446847732756405,0.010472256147166452,0.07414033686420901
78,15,401472,flow,1,400125,flow,7,0.0059535481681702316,0.04479938701706218,0.0616956540545639
78,15,401472,flow,1,400125,flow,9,0.004808582321381616,0.03801463528579556,0.06324613714322189
78,15,401472,flow,1,400125,flow,10,0.0006139261110798123,0.007365067480879725,0.07679827423904137
78,15,401472,flow,1,400125,flow,11,0.0012832246728958893,0.013371402469556069,0.07219926601202281
78,15,401472,flow,1,400125,flow,12,0.00140545938895995,0.01439787659546356,0.07161376618344507
78,15,401472,flow,2,400331,flow,1,2.8956898643232563e-05,0.0005394299359153284,0.09368314149791708
78,15,401472,flow,2,400331,flow,2,1.0994590851221622e-05,0.00023305511519763206,0.09847959254170509
78,15,401472,flow,2,400331,flow,3,7.305840452124081e-05,0.0012050870848864463,0.08887650870648083
78,15,401472,flow,2,400331,flow,4,0.00021834012898573686,0.0030794298309447707,0.08286313607997331
78,15,401472,flow,2,400331,flow,5,4.6282830518300184e-06,0.00010860501240578859,0.10258725963182976
78,15,401472,flow,2,400331,flow,6,1.700953287387205e-06,4.4642273399226764e-05,0.10715401857800953
78,15,401472,flow,2,400331,flow,7,1.7574024220080117e-08,6.630548876047694e-07,0.1260058495059156
78,15,401472,flow,2,400331,flow,8,1.567939304073811e-07,5.066191319071701e-06,0.11734798907906972
78,15,401472,flow,2,400331,flow,9,7.639595516951558e-07,2.1769823636695733e-05,0.11067684699689799
78,15,401472,flow,2,400331,flow,10,6.926261045565417e-06,0.00015567232816104682,0.1006929423108989
78,15,401472,flow,2,400331,flow,11,0.0001074001482926326,0.0016707549176239568,0.08680346188919769
78,15,401472,flow,3,400039,flow,1,9.27220076003353e-13,5.763439896884151e-11,0.15927345204968318
78,15,401472,flow,3,400039,flow,2,3.030826669446431e-08,1.0984204036919952e-06,0.1239048340354653
78,15,401472,flow,3,400039,flow,3,6.522036028979608e-06,0.00014743692122026116,0.10097762899215093
78,15,401472,flow,3,400039,flow,4,0.000730448365685174,0.008510078046817561,0.07573643031885205
78,15,401472,flow,3,400039,flow,5,0.0001802809946329044,0.0026090917816219326,0.08394340246179184
78,15,401472,flow,3,400039,flow,6,0.0014804506012479459,0.014995419923543085,0.0712773827523374
78,15,401472,flow,4,400316,flow,5,0.0032561518955778242,0.028116282608227464,0.06599648026664992
78,15,401472,flow,4,400316,flow,6,0.0023751046270703738,0.021849344099114168,0.06815267179310917
78,15,401472,flow,4,400316,flow,10,0.002985269130332409,0.02620679260929894,0.06659602713247229
78,15,401472,flow,5,400503,flow,1,9.09416372159234e-06,0.00019821789746356667,0.0993941718214052
78,15,401472,flow,5,400503,flow,2,0.0007846810227533982,0.00901069117037395,0.07529497759290746
78,15,401472,flow,5,400503,flow,4,9.420896748121924e-06,0.0002038991680956248,0.09922465728751098
78,15,401472,flow,5,400503,flow,5,0.0001051073540668893,0.0016368556941923642,0.08692075882076558
78,15,401472,flow,5,400503,flow,6,1.3002269679845446e-05,0.00026977170452336795,0.09766461503898217
78,15,401472,flow,5,400503,flow,7,2.9672392857199127e-07,9.14951728359031e-06,0.11470569630325309
78,15,401472,flow,5,400503,flow,8,0.00024374488061768433,0.003385780978354972,0.08223656046295987
78,15,401472,flow,5,400503,flow,9,7.938218407303879e-06,0.0001758620693310398,0.10004452163216435
78,15,401472,flow,5,400503,flow,10,0.000616947264036438,0.0073972028327433026,0.0767684585338777
78,15,401472,flow,5,400503,flow,11,0.0003917196710677585,0.005037636872871152,0.07948512949824367
78,15,401472,flow,5,400503,flow,12,1.7488322103362675e-05,0.00034687581031463154,0.09620857463143619
78,15,401472,flow,6,405843,flow,1,2.299639093610021e-10,1.1124793823510962e-08,0.14159866299439913
78,15,401472,flow,6,405843,flow,4,1.1114871573937751e-05,0.00023537375097750532,0.09842691366800295
78,15,401472,flow,6,405843,flow,5,0.004756508937156668,0.0377172640554945,0.0633243220756481
78,15,401472,flow,6,405843,flow,7,0.002760088576110304,0.024557447465038466,0.0671334498750463
78,15,401472,flow,6,405843,flow,10,1.4090130335893004e-05,0.0002880708142501551,0.09727192075856733
78,15,401472,flow,6,405843,flow,11,0.0002637359077587221,0.0036226999094361827,0.08178517507437562
78,15,401472,flow,6,405843,flow,12,3.617163407425873e-05,0.0006516324403702991,0.09254872988497564
78,15,401472,flow,7,408093,flow,1,5.159214058460804e-14,3.624033289845638e-12,0.16782582307436614
78,15,401472,flow,7,408093,flow,2,2.6212001199362735e-06,6.537866349956525e-05,0.10520414909162311
78,15,401472,flow,7,408093,flow,3,1.6563942266520175e-06,4.360525934879169e-05,0.1072726160567219
78,15,401472,flow,7,408093,flow,4,3.853187418226023e-06,9.257936399742169e-05,0.10343769865773653
78,15,401472,flow,7,408093,flow,5,2.3588934123496165e-09,1.0017380288230395e-07,0.13346824709899552
78,15,401472,flow,7,408093,flow,6,2.593355737954006e-09,1.0940719519493463e-07,0.1331253745291591
78,15,401472,flow,7,408093,flow,7,6.301842526802701e-10,2.8869522498184168e-08,0.1381567850254374
78,15,401472,flow,7,408093,flow,8,1.6483608301736163e-08,6.240945474452254e-07,0.12625054690341778
78,15,401472,flow,7,408093,flow,9,1.1405689632647381e-07,3.7583965837556587e-06,0.11864500158775293
78,15,401472,flow,7,408093,flow,10,0.00011351404986605059,0.0017544926490924454,0.08650185523348995
78,15,401472,flow,7,408093,flow,11,8.442309274506327e-05,0.0013583156821552079,0.0881038439009098
78,15,401472,flow,7,408093,flow,12,1.1460504831542789e-08,4.4683556743921343e-07,0.12763030744440004
78,15,401472,flow,9,402391,flow,1,1.7549431858626564e-06,4.591977324607314e-05,0.10701425473767297
78,15,401472,flow,9,402391,flow,4,0.0009389380884833485,0.010424601753400322,0.07417855357379304
78,15,401472,flow,9,402391,flow,5,0.0008455285708954672,0.009587095607003722,0.07483217880727884
78,15,401472,flow,9,402391,flow,6,5.766921273310259e-07,1.6867583055600318e-05,0.11188933898364091
78,15,401472,flow,9,402391,flow,7,0.00030367857672456544,0.004074862414346172,0.08097199215237472
78,15,401472,flow,9,402391,flow,8,0.0005339301380108222,0.006541628463433784,0.07764196358125962
78,15,401472,flow,10,400497,flow,1,4.970777796978521e-11,2.664238223690721e-09,0.14676040493211126
78,15,401472,flow,10,400497,flow,2,9.754143576416742e-07,2.7028800673585842e-05,0.10961287851376103
78,15,401472,flow,10,400497,flow,3,9.8695928472003e-16,7.780408959836734e-14,0.17881248521226195
78,15,401472,flow,10,400497,flow,4,8.195617788890551e-24,9.780405759118005e-22,0.22305800537811424
78,15,401472,flow,10,400497,flow,5,1.3408338565721687e-24,1.6362718249694263e-22,0.22687329839944004
78,15,401472,flow,10,400497,flow,6,9.461301314982062e-17,8.358450241456545e-15,0.1850058418526319
78,15,401472,flow,10,400497,flow,7,6.165896996015219e-11,3.236534024639823e-09,0.14605019599011856
78,15,401472,flow,10,400497,flow,8,8.890793476005854e-11,4.572408073374439e-09,0.14483582359114838
78,15,401472,flow,10,400497,flow,9,6.299416724715272e-16,5.0866318225738274e-14,0.18001557197158213
78,15,401472,flow,10,400497,flow,10,2.6160085166520206e-20,2.7835361556494403e-18,0.2051191026044399
78,15,401472,flow,10,400497,flow,11,1.305242618144181e-13,8.796642917913981e-12,0.16513949494900856
78,15,401472,flow,10,400497,flow,12,0.004804836351641324,0.03800236733630634,0.06325173586182196
78,15,401472,flow,11,405841,flow,1,4.534623995369774e-07,1.3519375886816717e-05,0.11291598212810751
78,15,401472,flow,11,405841,flow,2,0.005889497757373389,0.0444024961812444,0.06177495990533758
78,15,401472,flow,11,405841,flow,3,0.000704241285855384,0.008253077377065859,0.07596077059683505
78,15,401472,flow,11,405841,flow,4,1.1271373992978802e-05,0.00023822366544669018,0.09835917920234148
78,15,401472,flow,11,405841,flow,5,8.011935056774344e-05,0.0013036368905937914,0.0883841823414644
78,15,401472,flow,11,405841,flow,6,0.0012299040531377726,0.012924314058757425,0.07247094937605289
78,15,401472,flow,11,405841,flow,7,0.0020055352726306443,0.019117194125693696,0.06928470494691157
78,15,401472,flow,11,405841,flow,8,0.0018557273685450763,0.018031359046591835,0.06979901084385567
78,15,401472,flow,11,405841,flow,10,0.00030542927420136145,0.004095141106610432,0.0809386889112498
78,15,401472,flow,11,405841,flow,11,8.449207958945167e-06,0.00018594283434866592,0.09974657388523771
78,15,401472,flow,11,405841,flow,12,1.7906226388756085e-06,4.6627424954446224e-05,0.10692413953731635
78,15,401472,flow,12,404520,flow,4,4.058378459910135e-06,9.697010479431296e-05,0.10319763478802323
78,15,401472,flow,12,404520,flow,5,1.9035595667591228e-10,9.302463041175803e-09,0.14227658894061815
78,15,401472,flow,12,404520,flow,6,6.775373382309342e-09,2.7176985154667003e-07,0.12960018161611464
78,15,401472,flow,12,404520,flow,7,8.262166403125546e-05,0.0013370682470070293,0.08821950502272692
78,15,401472,flow,12,404520,flow,9,0.0019444832493893268,0.018650461006576136,0.06948990141670423
78,15,401472,flow,12,404520,flow,10,0.00013271547023351526,0.0019962772681364413,0.08564528262027207
78,15,401472,flow,13,400183,flow,2,0.0012395143617081757,0.013003161832392713,0.07242118941358977
78,15,401472,flow,13,400183,flow,4,0.0032715629997460884,0.028193002511276884,0.06596375382712322
78,15,401472,flow,13,400183,flow,5,7.334900699696738e-05,0.0012089573072373105,0.08885537583947303
78,15,401472,flow,13,400183,flow,6,0.0011462181427910703,0.012214263386426796,0.07292009984202515
78,15,401472,flow,13,400183,flow,7,0.0012613631117791438,0.01318434222812945,0.07230937333062601
78,15,401472,flow,13,400183,flow,8,0.002330111300315717,0.02156863256345382,0.06828149450673458
78,15,401472,flow,13,400183,flow,9,0.004326860918872521,0.035102420975641854,0.06400072057487692
78,15,401472,flow,13,400183,flow,10,8.19064994428579e-06,0.000180713012049615,0.09989511480625926
78,15,401472,flow,13,400183,flow,11,1.2715484067793353e-05,0.00026454890016899764,0.09777335662652697
78,15,401472,flow,13,400183,flow,12,3.4447281314782996e-05,0.0006252615768061452,0.09279890204795899
78,15,401472,flow,14,401469,flow,10,0.001700394425681932,0.016771013513575222,0.0703742188756048
78,15,401472,flow,14,401469,flow,11,0.00032292705447394156,0.004289805889690737,0.08061530545004611
78,15,401472,flow,14,401469,flow,12,3.0286518605213065e-05,0.0005615354522511607,0.09345524174934354
78,15,401472,flow,15,401472,flow,1,0.0,0.0,0.7635023366736529
78,15,401472,flow,15,401472,flow,2,2.3339908313418412e-276,3.7343853301469456e-273,0.6860406058098006
78,15,401472,flow,15,401472,flow,3,5.149053246254364e-224,5.703566672774065e-221,0.6342823576558322
78,15,401472,flow,15,401472,flow,4,1.9109881646520786e-188,1.5875901675571115e-185,0.5923833463453761
78,15,401472,flow,15,401472,flow,5,2.174279764688479e-164,1.5920150141447847e-161,0.5600735834953259
78,15,401472,flow,15,401472,flow,6,4.8642425945363546e-135,2.7290296114801367e-132,0.5151303124329152
78,15,401472,flow,15,401472,flow,7,5.870899453549744e-126,2.9837983105099876e-123,0.4997314243456332
78,15,401472,flow,15,401472,flow,8,3.4666357649213968e-109,1.5281496433122893e-106,0.46903978220582004
78,15,401472,flow,15,401472,flow,9,6.2473410338931e-96,2.326595971242947e-93,0.44234929547083923
78,15,401472,flow,15,401472,flow,10,3.080418304370947e-94,1.0907710717116797e-91,0.4387626444253519
78,15,401472,flow,15,401472,flow,11,6.369309820625837e-92,2.084501395841183e-89,0.43378605967045253
78,15,401472,flow,15,401472,flow,12,1.087943111413383e-92,3.671808001020168e-90,0.43544482288852787
78,15,401472,flow,18,404528,flow,5,0.005693937792522755,0.043267917790146534,0.06202199915973284
78,15,401472,flow,18,404528,flow,6,0.00047666206866699325,0.0059427998171469295,0.07832164823301084
78,15,401472,flow,18,404528,flow,7,0.006046912166091265,0.04532823279110578,0.061581418010716225
78,15,401472,flow,18,404528,flow,11,0.0013627163289117261,0.014015971719375428,0.0718129704757142
78,15,401472,occupancy,0,400593,flow,1,0.0008444555619919106,0.009577442971396833,0.07484006875857736
78,15,401472,occupancy,0,400593,flow,2,0.003469319289982811,0.0295610637726346,0.06555580774434015
78,15,401472,occupancy,0,400593,flow,3,0.0006870708153627579,0.008094850399441869,0.07611199698126613
78,15,401472,occupancy,0,400593,flow,4,1.0419273719099184e-06,2.8706162287314076e-05,0.10932395113526673
78,15,401472,occupancy,0,400593,flow,5,7.335838679939872e-09,2.923507665806296e-07,0.12930420759505282
78,15,401472,occupancy,0,400593,flow,6,3.87958788309182e-08,1.3908564029009677e-06,0.12294152406664213
78,15,401472,occupancy,0,400593,flow,7,2.2919683733782213e-05,0.0004404494383004411,0.09486184948226692
78,15,401472,occupancy,0,400593,flow,8,4.2356122607727314e-07,1.2724509712474409e-05,0.11320567419690161
78,15,401472,occupancy,0,400593,flow,9,1.51856094241519e-05,0.00030685025003403504,0.09690465751464396
78,15,401472,occupancy,0,400593,flow,10,0.001985870453313451,0.01896741180259586,0.06935016561749456
78,15,401472,occupancy,0,400593,flow,11,5.630118936559967e-06,0.0001299258216129223,0.10167066953611274
78,15,401472,occupancy,0,400593,flow,12,2.763661551633115e-05,0.0005177371163510432,0.09391949702954268
78,15,401472,occupancy,1,400125,flow,1,0.006881552296452748,0.04982119309649048,0.060625248113364075
78,15,401472,occupancy,1,400125,flow,2,0.006126335383911105,0.04575686178854768,0.06148548233423876
78,15,401472,occupancy,1,400125,flow,3,0.0008711611578475564,0.009826151963189146,0.07464640594917456
78,15,401472,occupancy,1,400125,flow,4,0.00025086992833279695,0.00346913601279668,0.08207182973315155
78,15,401472,occupancy,1,400125,flow,5,4.006846833357199e-05,0.000712621585842038,0.09202266553371226
78,15,401472,occupancy,1,400125,flow,6,0.0009433087067423048,0.010461933283081983,0.07414946837178527
78,15,401472,occupancy,1,400125,flow,7,0.005519307642799372,0.04224558649343247,0.06224914927136632
78,15,401472,occupancy,1,400125,flow,9,0.00474737833621057,0.037678990285558815,0.0633381108033767
78,15,401472,occupancy,1,400125,flow,10,0.000531979479487817,0.006525131605302014,0.07766397259044576
78,15,401472,occupancy,1,400125,flow,11,0.001326958847662529,0.013723874124735755,0.07198409308852674
78,15,401472,occupancy,1,400125,flow,12,0.0015237578788009946,0.015338453834915491,0.07109020285450504
78,15,401472,occupancy,2,400331,flow,1,3.0392346779857847e-05,0.0005632558476575971,0.0934375130835581
78,15,401472,occupancy,2,400331,flow,2,1.0068740518259603e-05,0.00021586580168179396,0.09890452856397483
78,15,401472,occupancy,2,400331,flow,3,7.789379976587108e-05,0.0012741431843565432,0.0885347801512859
78,15,401472,occupancy,2,400331,flow,4,0.00025472708666705743,0.003517969994890307,0.081984473037561
78,15,401472,occupancy,2,400331,flow,5,4.049270644103143e-06,9.685963002505859e-05,0.10320804138505488
78,15,401472,occupancy,2,400331,flow,6,1.6774041976429242e-06,4.4131462447122e-05,0.10721631945205053
78,15,401472,occupancy,2,400331,flow,7,2.050135184852322e-08,7.668038093993101e-07,0.1254153833405773
78,15,401472,occupancy,2,400331,flow,8,1.5174073323543672e-07,4.91762916411918e-06,0.11748214183561774
78,15,401472,occupancy,2,400331,flow,9,6.39544967840888e-07,1.854251181927944e-05,0.11144476243364525
78,15,401472,occupancy,2,400331,flow,10,5.4184862281449454e-06,0.00012551131638384002,0.10185050613746556
78,15,401472,occupancy,2,400331,flow,11,0.0001077943248592412,0.0016756800409928824,0.08678353441732882
78,15,401472,occupancy,3,400039,flow,1,1.2658363147952389e-12,7.745627308662085e-11,0.15832852932229524
78,15,401472,occupancy,3,400039,flow,2,2.7190228031282247e-08,9.962831645049983e-07,0.1243261147881601
78,15,401472,occupancy,3,400039,flow,3,7.220759022456787e-06,0.00016162527967364415,0.10049536488288811
78,15,401472,occupancy,3,400039,flow,4,0.000648645493340516,0.007727933070135215,0.07646355857891109
78,15,401472,occupancy,3,400039,flow,5,0.00018131233051028273,0.0026213830917149314,0.08391141155135748
78,15,401472,occupancy,3,400039,flow,6,0.0014600312282761405,0.014846192105954111,0.0713673932825893
78,15,401472,occupancy,4,400316,flow,5,0.003898734444353352,0.0323583723335379,0.06473820243562242
78,15,401472,occupancy,4,400316,flow,6,0.0026028461607756695,0.023495585383865966,0.06753300027879001
78,15,401472,occupancy,4,400316,flow,10,0.0027319592064258985,0.024369324327400126,0.0672033732809631
78,15,401472,occupancy,5,400503,flow,1,1.1541460306586076e-05,0.00024333386297926718,0.09824436822582472
78,15,401472,occupancy,5,400503,flow,2,0.0009410690762623081,0.010445576591606297,0.07416435684522772
78,15,401472,occupancy,5,400503,flow,4,1.0562588302965078e-05,0.00022533521712992164,0.09867343928382659
78,15,401472,occupancy,5,400503,flow,5,0.00011503818284102664,0.0017761434949007688,0.08642905458641123
78,15,401472,occupancy,5,400503,flow,6,1.2947255767077478e-05,0.0002687753239489414,0.09768529643863703
78,15,401472,occupancy,5,400503,flow,7,2.9146103643551146e-07,9.006521297578036e-06,0.11478062581618333
78,15,401472,occupancy,5,400503,flow,8,0.00023538641801762315,0.0032865847635298383,0.08243566165450218
78,15,401472,occupancy,5,400503,flow,9,9.057974860693135e-06,0.0001975287804048175,0.0994133035985315
78,15,401472,occupancy,5,400503,flow,10,0.0007608327921312478,0.008781185311266338,0.07548549882815656
78,15,401472,occupancy,5,400503,flow,11,0.0004427110744278311,0.005588871541578698,0.07876148839677846
78,15,401472,occupancy,5,400503,flow,12,2.1909601564697527e-05,0.00042405680447801667,0.09508750489885445
78,15,401472,occupancy,6,405843,flow,4,1.0033245085387263e-05,0.00021524626007776387,0.09892155229237373
78,15,401472,occupancy,6,405843,flow,5,0.004930562553614337,0.03876256639056221,0.06306594670835249
78,15,401472,occupancy,6,405843,flow,7,0.002189930015988808,0.020535050291017258,0.06869798465888487
78,15,401472,occupancy,6,405843,flow,10,1.7351202486162857e-05,0.00034447240229882144,0.09624750700965899
78,15,401472,occupancy,6,405843,flow,11,0.00017916026778413773,0.0025954807405347917,0.08397836171297939
78,15,401472,occupancy,6,405843,flow,12,3.263462192192763e-05,0.0005985835893384807,0.09307503953791062
78,15,401472,occupancy,7,408093,flow,1,4.1895257802356553e-14,2.9573123154604626e-12,0.16842235283087126
78,15,401472,occupancy,7,408093,flow,2,1.951728655505008e-06,5.024712629190485e-05,0.10653758891638024
78,15,401472,occupancy,7,408093,flow,3,1.4836784802619868e-06,3.944302175219559e-05,0.10776326377971798
78,15,401472,occupancy,7,408093,flow,4,3.148363403462958e-06,7.701545811415615e-05,0.10436747366371522
78,15,401472,occupancy,7,408093,flow,5,2.212255391502934e-09,9.45296072333598e-08,0.1336999787867076
78,15,401472,occupancy,7,408093,flow,6,3.040724270725477e-09,1.2703993084655764e-07,0.13254757646922755
78,15,401472,occupancy,7,408093,flow,7,7.293391145028941e-10,3.295758341686718e-08,0.13764551210782117
78,15,401472,occupancy,7,408093,flow,8,1.0707204930117266e-08,4.1897758422198e-07,0.12788679221041663
78,15,401472,occupancy,7,408093,flow,9,8.600731803540992e-08,2.9019538073120403e-06,0.11978404479939028
78,15,401472,occupancy,7,408093,flow,10,8.626609959693177e-05,0.0013838453407305801,0.08798790039577685
78,15,401472,occupancy,7,408093,flow,11,7.52996471615462e-05,0.001237331592764852,0.08871553842919849
78,15,401472,occupancy,7,408093,flow,12,1.1791776948005345e-08,4.580978094908551e-07,0.12752266034647794
78,15,401472,occupancy,9,402391,flow,1,2.4213441579513476e-06,6.085053381238989e-05,0.10556430898655542
78,15,401472,occupancy,9,402391,flow,4,0.0009914844048623953,0.01088214590702629,0.07383688256645479
78,15,401472,occupancy,9,402391,flow,5,0.0009955219582397769,0.010910982508387854,0.0738113273783213
78,15,401472,occupancy,9,402391,flow,6,9.192585446052338e-07,2.5686914053652068e-05,0.10987197173642253
78,15,401472,occupancy,9,402391,flow,7,0.00027733519223833346,0.0037825372246976454,0.08149608718872169
78,15,401472,occupancy,9,402391,flow,8,0.0006245832338329229,0.0074742370364493825,0.07669370019301246
78,15,401472,occupancy,10,400497,flow,1,5.383073991804632e-11,2.8674327551906307e-09,0.1464981479082522
78,15,401472,occupancy,10,400497,flow,2,1.2161996848216078e-06,3.312725497118124e-05,0.10864367457112852
78,15,401472,occupancy,10,400497,flow,3,1.285470578317086e-15,1.0060204525959803e-13,0.1781004915093904
78,15,401472,occupancy,10,400497,flow,4,2.3418542149783817e-23,2.7491332088876654e-21,0.2208124074476714
78,15,401472,occupancy,10,400497,flow,5,1.97758121716919e-24,2.386354988315894e-22,0.22606024889107482
78,15,401472,occupancy,10,400497,flow,6,9.866931759208738e-17,8.68129230138121e-15,0.18489686151888346
78,15,401472,occupancy,10,400497,flow,7,5.666549871782254e-11,2.988949382918112e-09,0.14632898920286397
78,15,401472,occupancy,10,400497,flow,8,5.578864750613217e-11,2.9535166326775853e-09,0.14638041305042784
78,15,401472,occupancy,10,400497,flow,9,5.842397484907969e-16,4.744202468947825e-14,0.18021656238037612
78,15,401472,occupancy,10,400497,flow,10,1.726457157222698e-20,1.855297243582601e-18,0.2060840555309805
78,15,401472,occupancy,10,400497,flow,11,1.2188539152174203e-13,8.25305472372924e-12,0.16533920678758532
78,15,401472,occupancy,10,400497,flow,12,0.003972303846396485,0.03284906702992499,0.06460640614587396
78,15,401472,occupancy,11,405841,flow,1,5.026655553096151e-07,1.4832754091103397e-05,0.112477152540707
78,15,401472,occupancy,11,405841,flow,2,0.006132483005391754,0.04579486012669383,0.06147810334970734
78,15,401472,occupancy,11,405841,flow,3,0.0006135833484418274,0.007363000181301928,0.07680166557014233
78,15,401472,occupancy,11,405841,flow,4,9.225972322788643e-06,0.0002002511165927544,0.09932509843099313
78,15,401472,occupancy,11,405841,flow,5,7.913142490813609e-05,0.0012914535534686359,0.08845053882201488
78,15,401472,occupancy,11,405841,flow,6,0.0010768136765170507,0.011641228935319468,0.07331620062491372
78,15,401472,occupancy,11,405841,flow,7,0.0018667344832912157,0.01810979781679329,0.06975994837271601
78,15,401472,occupancy,11,405841,flow,8,0.0014339013817018847,0.014623356867214688,0.07148428240692986
78,15,401472,occupancy,11,405841,flow,10,0.0003711513254244088,0.004819277805330465,0.07980221970716195
78,15,401472,occupancy,11,405841,flow,11,6.0831161963469355e-06,0.0001388223030545101,0.10130652082732527
78,15,401472,occupancy,11,405841,flow,12,1.2749588555126038e-06,3.457515540373163e-05,0.10843532810449849
78,15,401472,occupancy,12,404520,flow,4,4.166012489870117e-06,9.910338081629353e-05,0.10307631782604863
78,15,401472,occupancy,12,404520,flow,5,2.389559625938337e-10,1.1533963781065493e-08,0.14150324304983575
78,15,401472,occupancy,12,404520,flow,6,7.04994785462449e-09,2.8199791418497957e-07,0.1294523256187459
78,15,401472,occupancy,12,404520,flow,7,7.521541288799165e-05,0.0012364177461039723,0.08872150591414193
78,15,401472,occupancy,12,404520,flow,9,0.0017754118027592848,0.017383905231006594,0.07009065412180293
78,15,401472,occupancy,12,404520,flow,10,0.00011777402537393944,0.0018074024497883425,0.0863006272369974
78,15,401472,occupancy,13,400183,flow,2,0.00121198557918789,0.012760852308290726,0.07256469302230299
78,15,401472,occupancy,13,400183,flow,4,0.003859039572284123,0.0321338684507853,0.06481025440383842
78,15,401472,occupancy,13,400183,flow,5,7.22000284524803e-05,0.0011959508510294649,0.08893939771521286
78,15,401472,occupancy,13,400183,flow,6,0.001015071906451644,0.011090315214646186,0.07368892860814395
78,15,401472,occupancy,13,400183,flow,7,0.0008093976424963048,0.009235599090290642,0.07510310463779614
78,15,401472,occupancy,13,400183,flow,8,0.0022292635250599634,0.02080943375603188,0.06857871300970449
78,15,401472,occupancy,13,400183,flow,9,0.00424423008923455,0.03457558711510534,0.06413774355860227
78,15,401472,occupancy,13,400183,flow,10,8.100322876366912e-06,0.00017899434693557576,0.09994806495694483
78,15,401472,occupancy,13,400183,flow,11,1.0978221720159508e-05,0.0002328223752139866,0.09848680412889649
78,15,401472,occupancy,13,400183,flow,12,2.834385750961779e-05,0.0005286937152053059,0.09379158583364677
78,15,401472,occupancy,14,401469,flow,10,0.00211816742307659,0.0199748597853981,0.06892073904579342
78,15,401472,occupancy,14,401469,flow,11,0.00032677597199717726,0.0043302828191036985,0.08054637594441935
78,15,401472,occupancy,14,401469,flow,12,3.310857981208946e-05,0.0006036966062039099,0.09300145820064122
78,15,401472,occupancy,15,401472,flow,1,0.0,0.0,0.764279720843742
78,15,401472,occupancy,15,401472,flow,2,8.910108385120724e-278,1.4804487778354433e-274,0.6873066492782387
78,15,401472,occupancy,15,401472,flow,3,1.3792827653126325e-224,1.6104058232839384e-221,0.6349067982111857
78,15,401472,occupancy,15,401472,flow,4,5.444946547673809e-190,4.704433817190171e-187,0.5943398358263231
78,15,401472,occupancy,15,401472,flow,5,4.2395294431899185e-165,3.2131170516807805e-162,0.5610804861967321
78,15,401472,occupancy,15,401472,flow,6,8.57896604191756e-136,4.9414844401445146e-133,0.5163732726580628
78,15,401472,occupancy,15,401472,flow,7,4.2649467208919044e-127,2.2198276908738586e-124,0.5017061955247122
78,15,401472,occupancy,15,401472,flow,8,8.938491176033891e-110,4.0223210292152516e-107,0.47017172170554855
78,15,401472,occupancy,15,401472,flow,9,1.4069096378612941e-96,5.426651460322135e-94,0.44370964261395845
78,15,401472,occupancy,15,401472,flow,10,3.119874897405197e-95,1.1325932400664245e-92,0.4408747793849747
78,15,401472,occupancy,15,401472,flow,11,9.438623788235202e-93,3.210618485446935e-90,0.43557776874655524
78,15,401472,occupancy,15,401472,flow,12,3.540861828156999e-93,1.2335905723901802e-90,0.4364936674476981
78,15,401472,occupancy,18,404528,flow,5,0.006898423234684417,0.04991823848213849,0.06060701886551798
78,15,401472,occupancy,18,404528,flow,6,0.0004922890302970035,0.00610415789576078,0.07812893585939557
78,15,401472,occupancy,18,404528,flow,11,0.0012288939886920735,0.012916841924938584,0.07247620007634602
78,15,401472,speed,0,400593,flow,5,0.006362446252825858,0.047000286956579526,-0.0612067496752281
78,15,401472,speed,3,400039,flow,10,3.783133101228312e-05,0.0006761743896278985,-0.09231840440473334
78,15,401472,speed,3,400039,flow,11,0.0011169969388344421,0.011964856870232557,-0.07308409235865025
78,15,401472,speed,4,400316,flow,1,1.4379629576005572e-05,0.00029274269447853,0.0971722887407031
78,15,401472,speed,4,400316,flow,2,1.2211484192772347e-05,0.0002557975320049446,0.09797025380170714
78,15,401472,speed,4,400316,flow,3,3.627514998304894e-05,0.0006532248767268504,0.09253407407398459
78,15,401472,speed,4,400316,flow,10,0.0034875181457223845,0.029692704748759756,-0.0655193364898129
78,15,401472,speed,6,405843,flow,11,9.879692439241623e-05,0.0015537048175290793,-0.08725651045833994
78,15,401472,speed,7,408093,flow,9,0.002229306931086008,0.02080943375603188,-0.06857858245682588
78,15,401472,speed,7,408093,flow,10,0.0034679374591275436,0.0295610637726346,-0.06555858409196917
78,15,401472,speed,9,402391,flow,11,0.006399306666031227,0.047151637041198874,-0.061164077667502655
78,15,401472,speed,10,400497,flow,10,4.036908357549518e-05,0.0007173773798689394,-0.09198412527290144
78,15,401472,speed,10,400497,flow,11,0.004828074608848348,0.03813031500955186,-0.06321706750702888
78,15,401472,speed,11,405841,flow,4,0.00615248553307619,0.04592041724756244,-0.06145414031255277
78,15,401472,speed,11,405841,flow,11,0.005572756232442648,0.04254162736199371,-0.06217894601575777
78,15,401472,speed,12,404520,flow,1,3.730903605303723e-05,0.0006684986965952751,0.09238983496113616
78,15,401472,speed,12,404520,flow,2,0.0003835799530311581,0.004953698815004507,0.07960871214134035
78,15,401472,speed,12,404520,flow,3,0.005032370113658757,0.03934812468960332,0.0629186142279494
78,15,401472,speed,12,404520,flow,6,0.000991347715338131,0.01088214590702629,-0.07383774940946039
78,15,401472,speed,13,400183,flow,7,1.24162307481018e-05,0.0002596230243552748,-0.09788934767221548
78,15,401472,speed,15,401472,flow,1,1.2899288968232967e-10,6.442188247718662e-09,-0.1435904402262765
78,15,401472,speed,15,401472,flow,2,6.851096299145429e-08,2.3545533820452074e-06,-0.1206942667464467
78,15,401472,speed,15,401472,flow,3,4.734353203649181e-05,0.0008260260839969493,-0.09115882583069661
78,15,401472,speed,15,401472,flow,4,1.4908337279955366e-08,5.674362735630588e-07,-0.12663332815718875
78,15,401472,speed,15,401472,flow,5,1.5212427506415552e-05,0.00030723556254191295,-0.0968959869819342
78,15,401472,speed,15,401472,flow,6,3.833600024849586e-06,9.221131462889873e-05,-0.1034612515088329
78,15,401472,speed,15,401472,flow,7,4.085244061833763e-06,9.750416766365667e-05,-0.10316706790606621
78,15,401472,speed,15,401472,flow,8,0.00044602778522177843,0.005617609423201407,-0.07871715840645216
78,15,401472,speed,15,401472,flow,9,0.0007441580009356125,0.008632552535021069,-0.07562203208065428
78,15,401472,speed,15,401472,flow,10,5.099504250894185e-06,0.00011856759076352464,-0.10213468062215347
78,15,401472,speed,15,401472,flow,11,1.2615888487031438e-06,3.427713098363259e-05,-0.10848191161392
78,15,401472,speed,15,401472,flow,12,1.0612011806480262e-07,3.521036175422022e-06,-0.1189370597058734
78,15,401472,speed,18,404528,flow,9,0.00247114899398181,0.02255517357701546,-0.06788498839669346
78,16,405838,flow,0,400593,flow,5,0.001717389448511004,0.01691114590819887,0.0703089849175391
78,16,405838,flow,1,400125,flow,12,0.0005049875022008597,0.006231208253378217,0.07797649083587424
78,16,405838,flow,2,400331,flow,5,0.0003968284334542073,0.0050975284939701925,0.07940878392403693
78,16,405838,flow,3,400039,flow,5,0.003338791658954711,0.028643318115044766,0.06582261105948188
78,16,405838,flow,3,400039,flow,7,0.003304660074062542,0.02841586687888173,0.06589394180768246
78,16,405838,flow,4,400316,flow,6,0.006393256859426468,0.0471231353569738,0.06117106613132088
78,16,405838,flow,4,400316,flow,10,0.0008706841441033513,0.009825902566683588,0.07464981660583372
78,16,405838,flow,5,400503,flow,9,0.0001900445961127796,0.00272483456756458,0.0836471976844435
78,16,405838,flow,6,405843,flow,11,0.0009683831172877011,0.010669255462083319,0.0739849775356505
78,16,405838,flow,7,408093,flow,7,0.0004154249591882987,0.0052907895745679554,0.07913841623907467
78,16,405838,flow,9,402391,flow,7,0.002486599010232072,0.022657894377141007,0.06784281906566925
78,16,405838,flow,10,400497,flow,2,0.005616719327396516,0.042789767471493816,-0.06212165528260868
78,16,405838,flow,10,400497,flow,4,9.162508507582272e-08,3.08511588096301e-06,0.11952962993207582
78,16,405838,flow,10,400497,flow,5,5.280366389268872e-07,1.5549545195393e-05,0.11226680896581401
78,16,405838,flow,10,400497,flow,10,1.7225682152594808e-07,5.52859932386401e-06,0.11696199930836904
78,16,405838,flow,10,400497,flow,11,3.499791570570255e-07,1.0699999706202054e-05,0.11401231404158288
78,16,405838,flow,11,405841,flow,5,0.00033490162081756334,0.004420333033705694,0.08040331446538099
78,16,405838,flow,12,404520,flow,4,0.0011089953180718995,0.011896845726522488,0.07312968950680662
78,16,405838,flow,12,404520,flow,5,0.0001508898925073655,0.0022323436151774623,0.08493596657050549
78,16,405838,flow,12,404520,flow,6,0.003948832789043923,0.03270505684177483,0.06464821115000902
78,16,405838,flow,12,404520,flow,10,0.0008889164652732367,0.009997706664879934,0.07452067013786141
78,16,405838,flow,12,404520,flow,11,0.001432477891122756,0.014612289231759872,0.07149070644588784
78,16,405838,flow,14,401469,flow,10,0.0020605078608678,0.019535845464524453,0.06910478521878895
78,16,405838,flow,16,405838,flow,1,3.6770258166982115e-38,6.32858626618975e-36,0.28387055919464954
78,16,405838,flow,16,405838,flow,2,1.6397976097036937e-14,1.1826253211886406e-12,0.17104103428866482
78,16,405838,flow,16,405838,flow,3,1.5204650775373834e-11,8.508301988292094e-10,0.15060506424014308
78,16,405838,flow,16,405838,flow,4,3.2246247872244964e-09,1.3381728223640563e-07,0.13233375179384962
78,16,405838,flow,16,405838,flow,5,3.194974907558621e-05,0.0005875815921946889,0.09318317740443825
78,16,405838,flow,16,405838,flow,6,2.2121539570290498e-08,8.2241868281975e-07,0.1251228782503323
78,16,405838,flow,16,405838,flow,7,4.6979739461326764e-07,1.3919922803356078e-05,0.11276541040312475
78,16,405838,flow,16,405838,flow,8,0.00031411646175948744,0.004190806407662093,0.08077603104353069
78,16,405838,flow,16,405838,flow,9,6.976700083613745e-05,0.001162978453931123,0.08912157202411396
78,16,405838,flow,16,405838,flow,10,2.8996612878194035e-05,0.0005399369294560269,0.09367619165000055
78,16,405838,flow,16,405838,flow,11,1.3786202318551395e-12,8.423818106950782e-11,0.1581077917295178
78,16,405838,flow,16,405838,flow,12,2.8362361259962694e-10,1.3493986854960225e-08,0.14091761380186305
78,16,405838,flow,17,400260,flow,6,6.787803158109187e-05,0.001133487036839261,0.08926719975825573
78,16,405838,flow,18,404528,flow,5,0.0033401766767722062,0.028647137668564485,0.06581973057832034
78,16,405838,flow,18,404528,flow,11,0.0019099062180002707,0.018417451282773997,0.06960875206530723
78,16,405838,occupancy,0,400593,flow,5,0.0002633305830795371,0.0036182828209402043,0.08179400387661491
78,16,405838,occupancy,0,400593,flow,6,0.00022057497166952665,0.0031058796532345344,0.08280534451282343
78,16,405838,occupancy,0,400593,flow,8,0.0017041803725037859,0.016796849667388442,0.07035963513042934
78,16,405838,occupancy,2,400331,flow,5,3.940088236670317e-05,0.0007013259654889069,0.09210924316463469
78,16,405838,occupancy,2,400331,flow,12,0.004480505871605824,0.036067243431744236,0.06375212254290498
78,16,405838,occupancy,5,400503,flow,1,0.0042742647712232275,0.034760586994887696,0.06408766099151969
78,16,405838,occupancy,5,400503,flow,5,0.00014467790860176347,0.0021537166270145353,0.08516890366031753
78,16,405838,occupancy,5,400503,flow,6,0.005258569813607604,0.04070421357245091,0.06260067051347273
78,16,405838,occupancy,7,408093,flow,7,0.0035967852606281184,0.03039536839967424,0.06530393155642561
78,16,405838,occupancy,8,401448,flow,10,0.006238533986814251,0.04632500546160348,-0.061351847102694285
78,16,405838,occupancy,10,400497,flow,4,0.0004817294802606304,0.005990473174693382,0.07825851965216823
78,16,405838,occupancy,10,400497,flow,5,0.00032597690272418274,0.004322345671480876,0.0805606236349039
78,16,405838,occupancy,10,400497,flow,6,0.003969009448884099,0.03282810802063815,0.06461226035261003
78,16,405838,occupancy,10,400497,flow,11,0.006533620576204953,0.04792875002412191,0.06101043424699539
78,16,405838,occupancy,10,400497,flow,12,0.006298405845556612,0.046596492866963796,0.06128141847555401
78,16,405838,occupancy,11,405841,flow,2,0.00406274164252366,0.033430559801337544,0.06444739239745163
78,16,405838,occupancy,11,405841,flow,5,6.162802349520424e-05,0.0010413090321431417,0.08977795956091134
78,16,405838,occupancy,11,405841,flow,12,2.7030008062668016e-05,0.0005088001517678685,0.09403170989993544
78,16,405838,occupancy,12,404520,flow,6,0.005577156362329169,0.04256017573796504,0.06217319364839821
78,16,405838,occupancy,13,400183,flow,10,0.000424596957389829,0.005393292725445638,0.07900920249882254
78,16,405838,occupancy,15,401472,flow,1,4.331095681020932e-06,0.0001025785819189168,0.10289595920493998
78,16,405838,occupancy,15,401472,flow,2,3.8991204332631286e-05,0.0006948927504825378,0.09216306477901834
78,16,405838,occupancy,15,401472,flow,3,0.003915845978349233,0.03247543602700842,0.06470734770558563
78,16,405838,occupancy,15,401472,flow,6,0.005772984778476712,0.043691825933811136,0.06192123696602018
78,16,405838,occupancy,15,401472,flow,7,0.006757182982936043,0.0490935595127543,0.06076088258079253
78,16,405838,occupancy,15,401472,flow,11,0.004403103426842591,0.03558729055932646,0.0638763779400204
78,16,405838,occupancy,15,401472,flow,12,0.00622186115137945,0.046260935826614426,0.061371567964997605
78,16,405838,occupancy,16,405838,flow,11,0.0011585282415995351,0.012321127532520905,0.07285216772154447
78,16,405838,occupancy,16,405838,flow,12,0.0005160368690292107,0.006344389656498702,0.07784672151497753
78,16,405838,speed,3,400039,flow,7,0.002583753417989318,0.023356885404819037,-0.06758300658510723
78,16,405838,speed,8,401448,flow,6,0.0004331988886282335,0.005494842257330961,-0.07889036495267886
78,16,405838,speed,10,400497,flow,11,0.0033677316117741883,0.02884337938712231,-0.06576264813945648
78,16,405838,speed,10,400497,flow,12,4.954489744744632e-05,0.000858754581910032,-0.0909221963552799
78,16,405838,speed,19,401795,flow,7,0.0035313564093474633,0.02997143357245784,-0.06543218836872775
78,17,400260,flow,0,400593,flow,6,0.002844545807978217,0.02520188246609085,0.06692734825819832
78,17,400260,flow,4,400316,flow,2,0.003384102689754187,0.028937695209299463,-0.06572893495488509
78,17,400260,flow,4,400316,flow,10,0.000934134593483755,0.010392638279293901,0.07421066436608251
78,17,400260,flow,8,401448,flow,8,6.367023775940726e-06,0.0001443102975449315,0.10109129765028402
78,17,400260,flow,8,401448,flow,11,0.006392962490341721,0.0471231353569738,0.061171406324890515
78,17,400260,flow,9,402391,flow,4,0.0010374326977935057,0.011296739214974023,-0.0735515766670285
78,17,400260,flow,10,400497,flow,6,9.526658683802771e-06,0.00020567299107460254,0.09917098722229073
78,17,400260,flow,10,400497,flow,11,2.682966425337607e-07,8.338428026948534e-06,0.11512675169154914
78,17,400260,flow,10,400497,flow,12,0.0009376348120429869,0.010412817993114488,0.07418725076137535
78,17,400260,flow,12,404520,flow,2,5.75308684112598e-06,0.00013219859124289485,-0.10156912438521204
78,17,400260,flow,14,401469,flow,5,0.005188743969753714,0.04030817110112578,0.06269747725000467
78,17,400260,flow,14,401469,flow,7,4.0225013022864534e-05,0.0007151113426287028,0.09200256169878512
78,17,400260,flow,14,401469,flow,12,0.0014358695125948847,0.014639972372928727,0.07147541014165802
78,17,400260,flow,16,405838,flow,1,0.0007466323018645559,0.00865893031961042,0.07560159421131267
78,17,400260,flow,16,405838,flow,3,0.00012553482031628396,0.0019061877812525368,0.08595104927427247
78,17,400260,flow,16,405838,flow,6,0.0001765551849438702,0.0025635870111092476,0.08406042358702631
78,17,400260,flow,17,400260,flow,1,1.5872787767289298e-85,4.828904447513364e-83,0.4194924783151299
78,17,400260,flow,17,400260,flow,2,3.120167755063853e-07,9.600516169427241e-06,0.11449502850629918
78,17,400260,flow,17,400260,flow,3,8.133076590922978e-28,1.1189455691970466e-25,0.24180314980553386
78,17,400260,flow,17,400260,flow,4,9.990997712043561e-05,0.0015643751401242547,0.08719584680931469
78,17,400260,flow,17,400260,flow,5,0.003531020334946582,0.02997143357245784,0.06543285271637134
78,17,400260,flow,17,400260,flow,6,1.94898261423583e-08,7.308684803384363e-07,0.1256095990177033
78,17,400260,flow,17,400260,flow,7,2.051979757836455e-05,0.0004003862942119912,0.09541472992391467
78,17,400260,flow,17,400260,flow,8,0.0007592751563640456,0.008767892743899164,0.0754981345656772
78,17,400260,flow,17,400260,flow,9,0.0016082252601829707,0.015994832125821572,0.07073879935822451
78,17,400260,flow,17,400260,flow,10,0.00021378600691369503,0.003019142039448063,0.08298264078702394
78,17,400260,flow,17,400260,flow,11,3.630023883373094e-09,1.5006414522652407e-07,0.13190149225609163
78,17,400260,flow,19,401795,flow,1,1.0809977844019642e-130,5.837388035770607e-128,0.507748480237124
78,17,400260,flow,19,401795,flow,3,0.002583855447908106,0.023356885404819037,0.06758273845979693
78,17,400260,occupancy,1,400125,flow,4,0.00621102972792516,0.04622161657990817,-0.061384405014564235
78,17,400260,occupancy,1,400125,flow,10,0.0003037281706989508,0.004074862414346172,0.08097104626432164
78,17,400260,occupancy,2,400331,flow,2,0.002683544183573478,0.024026758286087926,-0.06732527627239476
78,17,400260,occupancy,2,400331,flow,4,0.005598826438185736,0.0426953754862531,-0.06214492353662818
78,17,400260,occupancy,4,400316,flow,1,0.005462530741779765,0.04193315661716841,-0.06232439894082327
78,17,400260,occupancy,4,400316,flow,2,0.0022233126623137536,0.020766942056638735,-0.06859663357062484
78,17,400260,occupancy,4,400316,flow,10,4.590332650546635e-05,0.0008031687748222545,0.09131934498184344
78,17,400260,occupancy,8,401448,flow,8,8.433040928036226e-05,0.0013573299854365312,0.08810973753694953
78,17,400260,occupancy,9,402391,flow,4,0.00047334293656367576,0.0059099464911996505,-0.07836333710026443
78,17,400260,occupancy,10,400497,flow,5,0.0011845315033776765,0.01254209827105775,0.07271083541107204
78,17,400260,occupancy,10,400497,flow,6,9.175280018951183e-06,0.00019932539853608652,0.09935155120734965
78,17,400260,occupancy,10,400497,flow,8,0.0034173584401694487,0.029170101682537083,0.06566090534034606
78,17,400260,occupancy,10,400497,flow,9,1.4341575698974334e-05,0.0002921411154346351,0.09718527540047395
78,17,400260,occupancy,10,400497,flow,10,8.605099136960009e-08,2.9019538073120403e-06,0.11978200562941381
78,17,400260,occupancy,10,400497,flow,11,7.548508374511502e-08,2.569704978557107e-06,0.1203071185848192
78,17,400260,occupancy,12,404520,flow,1,1.6786977412916107e-06,4.413861376980985e-05,-0.10721287554624791
78,17,400260,occupancy,12,404520,flow,2,1.0332544975658048e-05,0.0002208639005187668,-0.09877977268916323
78,17,400260,occupancy,12,404520,flow,5,0.001050038609145581,0.011408870199972108,0.0734753464368542
78,17,400260,occupancy,12,404520,flow,6,0.005248785707886673,0.04064304401876757,0.06261416506043756
78,17,400260,occupancy,12,404520,flow,8,0.0036242317451706117,0.03057945534987704,0.06525076004256813
78,17,400260,occupancy,12,404520,flow,10,0.0007714475609608652,0.008881968913686974,0.07540002411028841
78,17,400260,occupancy,14,401469,flow,7,0.004398833617688994,0.035559433436408036,0.06388328975428804
78,17,400260,occupancy,14,401469,flow,11,0.0030188044084412786,0.02644608131390505,0.06651917570800404
78,17,400260,occupancy,14,401469,flow,12,0.0015071092988007881,0.015222614381153623,0.07116157368318256
78,17,400260,occupancy,15,401472,flow,1,0.0019438716481421957,0.018648735331943785,0.06949198675232521
78,17,400260,occupancy,16,405838,flow,1,0.0015707967714178798,0.01571217040113389,0.0708923626294229
78,17,400260,occupancy,16,405838,flow,3,9.730199679687622e-05,0.0015342502526477769,0.08733900956841373
78,17,400260,occupancy,16,405838,flow,5,0.006293671833403815,0.046596492866963796,0.06128696522788666
78,17,400260,occupancy,16,405838,flow,6,0.0003108405068071198,0.0041573714842314475,0.0808368695019844
78,17,400260,occupancy,16,405838,flow,11,0.0021615731803963935,0.020326504439077974,0.06878519490010228
78,17,400260,occupancy,17,400260,flow,2,9.782018949541238e-12,5.574976498946985e-10,0.15201160282114184
78,17,400260,occupancy,17,400260,flow,3,7.367965740878004e-27,9.823954321170672e-25,0.23746933165793124
78,17,400260,occupancy,17,400260,flow,4,4.1065900020952074e-05,0.0007273664948360515,0.09189582645719267
78,17,400260,occupancy,17,400260,flow,5,9.505291796727134e-06,0.0002053143028093061,0.0991817840822875
78,17,400260,occupancy,17,400260,flow,6,2.043692949513273e-08,7.650566327467365e-07,0.125427472440913
78,17,400260,occupancy,17,400260,flow,7,0.00018478571915126835,0.0026618016229859264,0.08380491408846043
78,17,400260,occupancy,17,400260,flow,8,6.027324043774496e-07,1.7581390863677128e-05,0.11169974500321314
78,17,400260,occupancy,17,400260,flow,9,3.5069230999185416e-05,0.0006352162596078868,0.09270732576102962
78,17,400260,occupancy,17,400260,flow,10,9.488134530245271e-08,3.1873049121819266e-06,0.11938898620316063
78,17,400260,occupancy,17,400260,flow,11,5.607634584746654e-10,2.5936810927307866e-08,0.1385638007996771
78,17,400260,occupancy,17,400260,flow,12,0.00024298817099162342,0.003377441758956928,0.08225431985743648
78,17,400260,occupancy,19,401795,flow,3,0.006682771388716933,0.048692144373852504,0.06084311009310235
78,17,400260,speed,3,400039,flow,12,0.004702421088864162,0.03743910634702023,-0.06340635553560647
78,17,400260,speed,5,400503,flow,8,0.0018490149558597394,0.017983191792957078,-0.06982293664710178
78,17,400260,speed,6,405843,flow,5,0.004479907721669603,0.036067243431744236,-0.06375307528624591
78,17,400260,speed,7,408093,flow,10,0.0007050030882134286,0.008258170664539077,0.07595414075467455
78,17,400260,speed,17,400260,flow,3,0.0020264098200151875,0.01927598746044615,-0.06921585823252395
78,17,400260,speed,17,400260,flow,9,0.002343334785882738,0.021653917165804126,-0.06824339916571223
78,18,404528,flow,1,400125,flow,11,0.00300748784253043,0.02637215344411889,0.06654502203647025
78,18,404528,flow,2,400331,flow,11,0.005428197698277026,0.04177024235225641,0.062370245482683155
78,18,404528,flow,3,400039,flow,1,0.00011292993812633272,0.0017467144028133095,0.08652999992735438
78,18,404528,flow,3,400039,flow,2,8.338164143866636e-06,0.00018359260500256812,0.09980982887513705
78,18,404528,flow,3,400039,flow,9,0.0011057491707357821,0.011866851074378073,0.07314827436629748
78,18,404528,flow,3,400039,flow,12,2.5399288953862233e-07,7.933834293614234e-06,0.11535519027135231
78,18,404528,flow,4,400316,flow,11,0.004950052057650014,0.038887479339967376,0.0630375307198391
78,18,404528,flow,5,400503,flow,1,4.325295966782442e-05,0.0007620423563009848,0.09162763314226197
78,18,404528,flow,5,400503,flow,12,0.001514668552192233,0.015269738573270266,0.07112907842264203
78,18,404528,flow,6,405843,flow,11,6.321873911561843e-05,0.0010634928075524597,0.08964346944179347
78,18,404528,flow,7,408093,flow,1,0.0010168039995735079,0.011100816977906379,0.07367818968209376
78,18,404528,flow,7,408093,flow,7,0.0022623818177975184,0.02104994497713823,0.06847977291607879
78,18,404528,flow,7,408093,flow,9,0.0004952855629556279,0.006130755392459349,0.0780926350245488
78,18,404528,flow,9,402391,flow,1,2.999598242827881e-08,1.0880154835446218e-06,0.1239450850183294
78,18,404528,flow,9,402391,flow,12,2.405986899092294e-05,0.0004603751770864536,0.09461822164340596
78,18,404528,flow,10,400497,flow,10,9.039216748070231e-07,2.5323875714438e-05,0.10994538226681762
78,18,404528,flow,10,400497,flow,11,2.0782710364958295e-08,7.753135472937809e-07,0.12536301365524768
78,18,404528,flow,10,400497,flow,12,0.001887261732148994,0.01825564416230106,0.06968766194518947
78,18,404528,flow,11,405841,flow,7,0.00643236797456378,0.04734678761307809,0.06112599134113946
78,18,404528,flow,12,404520,flow,2,0.0026000388765442107,0.023478611928660097,-0.06754033185329175
78,18,404528,flow,12,404520,flow,7,0.0004131880163364827,0.005267464726729256,0.07917033361008338
78,18,404528,flow,12,404520,flow,10,2.9106642103683584e-05,0.000541285810968201,0.09365698405117895
78,18,404528,flow,12,404520,flow,11,2.9253009179521913e-06,7.217190157369199e-05,0.10470374927821592
78,18,404528,flow,13,400183,flow,1,0.0068756750912904755,0.04979533343566614,0.06063160792643279
78,18,404528,flow,15,401472,flow,1,0.00027152902915202905,0.003713762783080778,0.0816178509156751
78,18,404528,flow,15,401472,flow,4,0.0024550783500154588,0.022435416029369097,0.067929108221383
78,18,404528,flow,15,401472,flow,7,0.0006848271034322086,0.008076585003623099,0.07613201683135559
78,18,404528,flow,15,401472,flow,12,0.00017944504587091324,0.0025987348245469165,0.08396945909407212
78,18,404528,flow,16,405838,flow,1,0.0015147019781196912,0.015269738573270266,0.0711289350650917
78,18,404528,flow,16,405838,flow,6,0.005256594578139449,0.04069621608882154,0.06260339299350914
78,18,404528,flow,16,405838,flow,11,0.004468170742934917,0.03599338523544015,0.0637717934856806
78,18,404528,flow,18,404528,flow,1,3.1973005618945634e-190,2.877570505705107e-187,0.5942730516390871
78,18,404528,flow,18,404528,flow,2,3.304893093708963e-08,1.1937052870848576e-06,0.12350612592038292
78,18,404528,flow,18,404528,flow,12,1.5307362326353084e-07,4.95710684031824e-06,0.11744634170724311
78,18,404528,occupancy,1,400125,flow,11,0.005402312611816128,0.041637806392588184,0.06240498434902205
78,18,404528,occupancy,5,400503,flow,7,0.0007866657381152003,0.009031081553700944,0.07527936493333232
78,18,404528,occupancy,7,408093,flow,5,0.001599284213336649,0.015944859916026594,0.07077518187177487
78,18,404528,occupancy,10,400497,flow,10,0.0063189662162635805,0.046719038258187004,0.06125737170176187
78,18,404528,occupancy,12,404520,flow,7,0.002261711804549997,0.021048244281895705,0.06848176138472904
78,18,404528,occupancy,15,401472,flow,12,0.003115758490773695,0.02718658186253759,0.06630128764403982
78,18,404528,occupancy,16,405838,flow,1,0.0025722404091059205,0.023290879411732503,0.06761332403447001
78,18,404528,speed,9,402391,flow,4,0.006755800256758232,0.04909176973792356,0.06076240311143854
78,18,404528,speed,15,401472,flow,12,0.0023431262450906974,0.021653917165804126,-0.06824399841946521
78,19,401795,flow,0,400593,flow,1,0.0014319558444885504,0.014610413906921442,0.07149306385228342
78,19,401795,flow,0,400593,flow,6,3.746097232281108e-07,1.1356589504178515e-05,0.11372545207181986
78,19,401795,flow,0,400593,flow,7,0.0026760867547862928,0.023979868866784455,0.06734423136892978
78,19,401795,flow,0,400593,flow,9,3.936848874802636e-06,9.448437299526326e-05,0.1033383740226629
78,19,401795,flow,0,400593,flow,10,0.0005327882677020379,0.006529490259497316,0.07765483804127803
78,19,401795,flow,0,400593,flow,12,0.0003847968865394604,0.004963638548374049,0.07959008104473982
78,19,401795,flow,1,400125,flow,1,0.003919660496836403,0.03249459479242614,0.06470048622417776
78,19,401795,flow,1,400125,flow,12,0.0018050092620687972,0.017637729048037103,0.06998179550083516
78,19,401795,flow,3,400039,flow,2,0.006622647523481518,0.04842750211094052,0.06091015209907797
78,19,401795,flow,4,400316,flow,10,0.00032669755092354293,0.0043302828191036985,0.0805477727774376
78,19,401795,flow,5,400503,flow,10,0.0020844653266467957,0.019725936935627946,0.06902774815631792
78,19,401795,flow,6,405843,flow,6,0.006242479842903053,0.046326233744820956,0.06134718682807666
78,19,401795,flow,6,405843,flow,10,0.0014268490155158575,0.014575520801675347,0.07151616660755933
78,19,401795,flow,6,405843,flow,12,8.912322341409031e-05,0.0014243889202695899,0.08781270194159005
78,19,401795,flow,7,408093,flow,6,0.004552827571398741,0.03646408433887257,0.06363776736026805
78,19,401795,flow,10,400497,flow,6,0.0032448009467705777,0.02805752620105864,0.06602067501492649
78,19,401795,flow,10,400497,flow,10,0.00033139503641802935,0.004382083126188817,0.08046464938536997
78,19,401795,flow,10,400497,flow,11,5.839364173827124e-11,3.0726008807470373e-09,0.14622987856788458
78,19,401795,flow,10,400497,flow,12,0.0005596726205272095,0.006810664001908578,0.07735832114851207
78,19,401795,flow,11,405841,flow,7,0.005427905431344283,0.04177024235225641,0.06237063688218259
78,19,401795,flow,12,404520,flow,2,0.001883327076140085,0.018225745898129857,-0.06970146169082472
78,19,401795,flow,12,404520,flow,10,2.9761019043449494e-05,0.0005525036625169824,0.09354415583771845
78,19,401795,flow,13,400183,flow,3,0.0013342988245836028,0.013770116871001348,0.0719486226938175
78,19,401795,flow,13,400183,flow,11,0.0028991511954080426,0.02558597173475535,0.0667970462762061
78,19,401795,flow,14,401469,flow,12,0.0050085808919902875,0.03922601423748739,0.06295279842718457
78,19,401795,flow,15,401472,flow,11,0.005022382002154559,0.03928424814287108,0.06293294894244042
78,19,401795,flow,16,405838,flow,1,0.003272953592993955,0.02819936083313499,0.06596080772272976
78,19,401795,flow,16,405838,flow,6,0.0009936149338749308,0.01089453171743411,0.07382338567772781
78,19,401795,flow,17,400260,flow,3,8.272531295580227e-06,0.00018233334284136008,0.09984759534251984
78,19,401795,flow,17,400260,flow,7,0.0007140316193305973,0.008343566663533081,0.07587606944956816
78,19,401795,flow,18,404528,flow,6,0.0045119787582418285,0.03621655190562003,0.06370215371227095
78,19,401795,flow,18,404528,flow,12,8.99365182619783e-05,0.0014342036134800526,0.0877638000624192
78,19,401795,flow,19,401795,flow,1,1.3743819037270336e-13,9.248177296107143e-12,0.16494779535645163
78,19,401795,flow,19,401795,flow,2,4.355840675610396e-17,3.944912309986773e-15,0.18700766341229566
78,19,401795,flow,19,401795,flow,3,1.6099109062179087e-16,1.3753873568586571e-14,0.1836209105448206
78,19,401795,flow,19,401795,flow,4,1.018583229635972e-10,5.146525791844911e-09,0.14438201914019164
78,19,401795,flow,19,401795,flow,5,2.713796912242557e-13,1.7817025320498248e-11,0.16298916112124665
78,19,401795,flow,19,401795,flow,6,6.152811406392776e-07,1.7899087727688076e-05,0.11161118059259958
78,19,401795,flow,19,401795,flow,7,6.868517382806826e-10,3.123367904602683e-08,0.13785574100627002
78,19,401795,flow,19,401795,flow,8,9.541702401741972e-08,3.202809197787515e-06,0.11936629753673232
78,19,401795,flow,19,401795,flow,9,0.0003479532760666621,0.004560552647475668,0.08018018007192634
78,19,401795,flow,19,401795,flow,10,0.00012389494264705616,0.0018852165397855779,0.08602318580033552
78,19,401795,flow,19,401795,flow,11,0.0004935629325718662,0.006116442537895761,0.07811347836133191
78,19,401795,flow,19,401795,flow,12,4.079228699015364e-13,2.630189250708414e-11,0.1617792048359557
78,19,401795,occupancy,0,400593,flow,1,0.0006540919363248277,0.0077713893424732,0.07641256922577172
78,19,401795,occupancy,0,400593,flow,6,6.8592808876695245e-09,2.7488027304946516e-07,0.12955438945159656
78,19,401795,occupancy,0,400593,flow,7,7.738075649606678e-05,0.0012667103753808582,0.08857007271830213
78,19,401795,occupancy,0,400593,flow,9,2.5856931000725183e-06,6.456759648736e-05,0.10526616812559063
78,19,401795,occupancy,0,400593,flow,10,0.0042653634631367255,0.034714337152883676,0.0641024705049367
78,19,401795,occupancy,0,400593,flow,12,3.872968318123509e-05,0.0006905168441722476,0.09219770339625856
78,19,401795,occupancy,1,400125,flow,1,4.369061869749588e-06,0.00010313850971212142,0.10285541182745438
78,19,401795,occupancy,1,400125,flow,11,0.004353253247120267,0.035276112268583966,0.06395745474388473
78,19,401795,occupancy,1,400125,flow,12,0.000923650540436736,0.010305191980079285,0.0742812833027959
78,19,401795,occupancy,3,400039,flow,11,0.0027891544611225775,0.024782285627415745,0.06706187850529574
78,19,401795,occupancy,4,400316,flow,10,1.4726037189835805e-05,0.0002986689232868107,0.0970555535266377
78,19,401795,occupancy,5,400503,flow,10,8.91230675552182e-05,0.0014243889202695899,0.08781271135339505
78,19,401795,occupancy,5,400503,flow,11,0.00481857741332194,0.0380761924740274,0.06323121777643838
78,19,401795,occupancy,5,400503,flow,12,0.000751038155125887,0.008695432498449436,0.0755653567139844
78,19,401795,occupancy,6,405843,flow,10,2.5142554095014108e-05,0.00047680348415478905,0.09439683497537266
78,19,401795,occupancy,7,408093,flow,6,0.003864917250645589,0.03216421214176256,0.06479954324966737
78,19,401795,occupancy,7,408093,flow,11,0.0011493748723232285,0.012235133715281619,0.07290261572379524
78,19,401795,occupancy,9,402391,flow,8,0.00399490848898859,0.032985482936603035,0.06456635566858625
78,19,401795,occupancy,9,402391,flow,10,0.005463929134213912,0.04193315661716841,0.06232253711552474
78,19,401795,occupancy,10,400497,flow,4,0.0016342341832597063,0.01620356133046117,0.07063401290472926
78,19,401795,occupancy,10,400497,flow,5,0.00013685838479393143,0.0020471891354216887,0.08547588276667792
78,19,401795,occupancy,10,400497,flow,10,1.4638398320588284e-08,5.581454611204005e-07,0.12670283989184278
78,19,401795,occupancy,10,400497,flow,11,1.570411894841429e-10,7.744497015656363e-09,0.14292765456615256
78,19,401795,occupancy,11,405841,flow,7,0.003810763687084284,0.03181774087399325,0.0648987944255688
78,19,401795,occupancy,12,404520,flow,1,0.004756566078109584,0.0377172640554945,-0.06332423585869501
78,19,401795,occupancy,12,404520,flow,2,0.004588160376353055,0.036698486994714306,-0.06358249575988166
78,19,401795,occupancy,12,404520,flow,10,2.6717152297503668e-05,0.000504009161245484,0.09409052200017182
78,19,401795,occupancy,13,400183,flow,3,0.0018737511751998892,0.018157481105570934,0.06973515747094704
78,19,401795,occupancy,13,400183,flow,11,8.217699972649411e-05,0.001331661081765093,0.08824842115554395
78,19,401795,occupancy,14,401469,flow,4,0.0010534711560980423,0.011437535547483143,0.07345473578259079
78,19,401795,occupancy,14,401469,flow,6,0.003380259915736476,0.028914946911209716,0.06573683508300682
78,19,401795,occupancy,14,401469,flow,10,0.006021646434183078,0.045185882570211736,0.061612174459501436
78,19,401795,occupancy,14,401469,flow,11,0.006384023464845491,0.04711134500876754,0.06118174360371454
78,19,401795,occupancy,14,401469,flow,12,3.863627594025096e-05,0.0006893371591022366,0.09221012902311707
78,19,401795,occupancy,15,401472,flow,1,0.0002806236884424377,0.0038194528483658815,0.081428177425044
78,19,401795,occupancy,15,401472,flow,11,3.376816823605192e-05,0.0006144839375726381,0.09290070478121638
78,19,401795,occupancy,16,405838,flow,1,0.0003112943372963901,0.0041621526992275,0.08082840562627595
78,19,401795,occupancy,16,405838,flow,11,0.002611544624149548,0.023562109111654763,0.06751032893389353
78,19,401795,occupancy,17,400260,flow,1,0.0033031526362842707,0.02840855940423661,-0.065897107600449
78,19,401795,occupancy,17,400260,flow,2,4.200353407042021e-09,1.723221910581342e-07,0.13136690342781304
78,19,401795,occupancy,17,400260,flow,3,5.485833690316235e-06,0.00012686724594307351,0.10179255885827083
78,19,401795,occupancy,17,400260,flow,5,1.45130944505021e-05,0.00029494597128994665,0.09712699855896686
78,19,401795,occupancy,17,400260,flow,7,0.001105924593181623,0.011866851074378073,0.0731472687490697
78,19,401795,occupancy,17,400260,flow,8,0.003414739716776429,0.02915350904441536,0.06566624043651134
78,19,401795,occupancy,17,400260,flow,10,1.247115144643631e-05,0.00026051921783658055,0.09786786201309293
78,19,401795,occupancy,17,400260,flow,12,0.0003805056233601323,0.004922983806276644,0.07965602675416332
78,19,401795,occupancy,18,404528,flow,12,2.8163069051636064e-05,0.0005264767265893435,0.09382399212289902
78,19,401795,occupancy,19,401795,flow,2,2.6320416646606747e-14,1.8763069292630554e-12,0.16974642812014235
78,19,401795,occupancy,19,401795,flow,3,3.296198704425055e-11,1.7799473003895295e-09,0.14810508391896118
78,19,401795,occupancy,19,401795,flow,4,2.091414163866236e-05,0.0004075286056789418,0.0953197909152838
78,19,401795,occupancy,19,401795,flow,5,1.4326721123620073e-08,5.477118164074223e-07,0.12678466429263893
78,19,401795,occupancy,19,401795,flow,7,8.453207297843537e-05,0.0013595627522965034,0.08809692178252095
78,19,401795,occupancy,19,401795,flow,8,0.0008898847718600581,0.010005992229139645,0.07451388007974648
78,19,401795,occupancy,19,401795,flow,10,0.003508944868743673,0.029833973298509477,0.06547661763334818
78,19,401795,occupancy,19,401795,flow,12,3.663964034495919e-08,1.316832331865422e-06,0.12316529005194361
78,19,401795,speed,0,400593,flow,6,0.001957942086544639,0.018758726577673187,-0.06944416338169472
78,19,401795,speed,5,400503,flow,11,0.006386153119227391,0.04711901191300141,-0.06117927964576124
78,19,401795,speed,7,408093,flow,6,0.0005524585905349068,0.006739963600990674,-0.07743656320073164
78,19,401795,speed,7,408093,flow,10,0.004141875520439689,0.03392019383563878,0.06431086602887978
78,19,401795,speed,9,402391,flow,1,0.003991164425774777,0.03296717078269032,0.06457297509834418
78,19,401795,speed,9,402391,flow,10,0.002608418586032831,0.023539520141344958,-0.06751846856899796
78,19,401795,speed,17,400260,flow,1,0.00014812362920044715,0.0021974384551714686,0.0850385598426778
78,19,401795,speed,19,401795,flow,2,0.0001157668170419446,0.0017844627807987498,-0.08639457176444833
78,19,401795,speed,19,401795,flow,3,0.0013315176835728246,0.013751270363458289,-0.07196204132385679
78,19,401795,speed,19,401795,flow,11,0.00012272839535999808,0.0018721280648135302,-0.08607505054389192
